case,seed,mc_count,pool,rank,cell
CASE_IARK,,,AES_STAGE,1,u_aes_peripheral/u_aes_round1/IARK_REG_reg[0]
CASE_IARK,,,AES_STAGE,2,u_aes_peripheral/u_aes_round1/IARK_REG_reg[100]
CASE_IARK,,,AES_STAGE,3,u_aes_peripheral/u_aes_round1/IARK_REG_reg[101]
CASE_IARK,,,AES_STAGE,4,u_aes_peripheral/u_aes_round1/IARK_REG_reg[102]
CASE_IARK,,,AES_STAGE,5,u_aes_peripheral/u_aes_round1/IARK_REG_reg[103]
CASE_IARK,,,AES_STAGE,6,u_aes_peripheral/u_aes_round1/IARK_REG_reg[104]
CASE_IARK,,,AES_STAGE,7,u_aes_peripheral/u_aes_round1/IARK_REG_reg[105]
CASE_IARK,,,AES_STAGE,8,u_aes_peripheral/u_aes_round1/IARK_REG_reg[106]
CASE_IARK,,,AES_STAGE,9,u_aes_peripheral/u_aes_round1/IARK_REG_reg[107]
CASE_IARK,,,AES_STAGE,10,u_aes_peripheral/u_aes_round1/IARK_REG_reg[108]
CASE_IARK,,,AES_STAGE,11,u_aes_peripheral/u_aes_round1/IARK_REG_reg[109]
CASE_IARK,,,AES_STAGE,12,u_aes_peripheral/u_aes_round1/IARK_REG_reg[10]
CASE_IARK,,,AES_STAGE,13,u_aes_peripheral/u_aes_round1/IARK_REG_reg[110]
CASE_IARK,,,AES_STAGE,14,u_aes_peripheral/u_aes_round1/IARK_REG_reg[111]
CASE_IARK,,,AES_STAGE,15,u_aes_peripheral/u_aes_round1/IARK_REG_reg[112]
CASE_IARK,,,AES_STAGE,16,u_aes_peripheral/u_aes_round1/IARK_REG_reg[113]
CASE_IARK,,,AES_STAGE,17,u_aes_peripheral/u_aes_round1/IARK_REG_reg[114]
CASE_IARK,,,AES_STAGE,18,u_aes_peripheral/u_aes_round1/IARK_REG_reg[115]
CASE_IARK,,,AES_STAGE,19,u_aes_peripheral/u_aes_round1/IARK_REG_reg[116]
CASE_IARK,,,AES_STAGE,20,u_aes_peripheral/u_aes_round1/IARK_REG_reg[117]
CASE_IARK,,,AES_STAGE,21,u_aes_peripheral/u_aes_round1/IARK_REG_reg[118]
CASE_IARK,,,AES_STAGE,22,u_aes_peripheral/u_aes_round1/IARK_REG_reg[119]
CASE_IARK,,,AES_STAGE,23,u_aes_peripheral/u_aes_round1/IARK_REG_reg[11]
CASE_IARK,,,AES_STAGE,24,u_aes_peripheral/u_aes_round1/IARK_REG_reg[120]
CASE_IARK,,,AES_STAGE,25,u_aes_peripheral/u_aes_round1/IARK_REG_reg[121]
CASE_IARK,,,AES_STAGE,26,u_aes_peripheral/u_aes_round1/IARK_REG_reg[122]
CASE_IARK,,,AES_STAGE,27,u_aes_peripheral/u_aes_round1/IARK_REG_reg[123]
CASE_IARK,,,AES_STAGE,28,u_aes_peripheral/u_aes_round1/IARK_REG_reg[124]
CASE_IARK,,,AES_STAGE,29,u_aes_peripheral/u_aes_round1/IARK_REG_reg[125]
CASE_IARK,,,AES_STAGE,30,u_aes_peripheral/u_aes_round1/IARK_REG_reg[126]
CASE_IARK,,,AES_STAGE,31,u_aes_peripheral/u_aes_round1/IARK_REG_reg[127]
CASE_IARK,,,AES_STAGE,32,u_aes_peripheral/u_aes_round1/IARK_REG_reg[12]
CASE_IARK,,,AES_STAGE,33,u_aes_peripheral/u_aes_round1/IARK_REG_reg[13]
CASE_IARK,,,AES_STAGE,34,u_aes_peripheral/u_aes_round1/IARK_REG_reg[14]
CASE_IARK,,,AES_STAGE,35,u_aes_peripheral/u_aes_round1/IARK_REG_reg[15]
CASE_IARK,,,AES_STAGE,36,u_aes_peripheral/u_aes_round1/IARK_REG_reg[16]
CASE_IARK,,,AES_STAGE,37,u_aes_peripheral/u_aes_round1/IARK_REG_reg[17]
CASE_IARK,,,AES_STAGE,38,u_aes_peripheral/u_aes_round1/IARK_REG_reg[18]
CASE_IARK,,,AES_STAGE,39,u_aes_peripheral/u_aes_round1/IARK_REG_reg[19]
CASE_IARK,,,AES_STAGE,40,u_aes_peripheral/u_aes_round1/IARK_REG_reg[1]
CASE_IARK,,,AES_STAGE,41,u_aes_peripheral/u_aes_round1/IARK_REG_reg[20]
CASE_IARK,,,AES_STAGE,42,u_aes_peripheral/u_aes_round1/IARK_REG_reg[21]
CASE_IARK,,,AES_STAGE,43,u_aes_peripheral/u_aes_round1/IARK_REG_reg[22]
CASE_IARK,,,AES_STAGE,44,u_aes_peripheral/u_aes_round1/IARK_REG_reg[23]
CASE_IARK,,,AES_STAGE,45,u_aes_peripheral/u_aes_round1/IARK_REG_reg[24]
CASE_IARK,,,AES_STAGE,46,u_aes_peripheral/u_aes_round1/IARK_REG_reg[25]
CASE_IARK,,,AES_STAGE,47,u_aes_peripheral/u_aes_round1/IARK_REG_reg[26]
CASE_IARK,,,AES_STAGE,48,u_aes_peripheral/u_aes_round1/IARK_REG_reg[27]
CASE_IARK,,,AES_STAGE,49,u_aes_peripheral/u_aes_round1/IARK_REG_reg[28]
CASE_IARK,,,AES_STAGE,50,u_aes_peripheral/u_aes_round1/IARK_REG_reg[29]
CASE_IARK,,,AES_STAGE,51,u_aes_peripheral/u_aes_round1/IARK_REG_reg[2]
CASE_IARK,,,AES_STAGE,52,u_aes_peripheral/u_aes_round1/IARK_REG_reg[30]
CASE_IARK,,,AES_STAGE,53,u_aes_peripheral/u_aes_round1/IARK_REG_reg[31]
CASE_IARK,,,AES_STAGE,54,u_aes_peripheral/u_aes_round1/IARK_REG_reg[32]
CASE_IARK,,,AES_STAGE,55,u_aes_peripheral/u_aes_round1/IARK_REG_reg[33]
CASE_IARK,,,AES_STAGE,56,u_aes_peripheral/u_aes_round1/IARK_REG_reg[34]
CASE_IARK,,,AES_STAGE,57,u_aes_peripheral/u_aes_round1/IARK_REG_reg[35]
CASE_IARK,,,AES_STAGE,58,u_aes_peripheral/u_aes_round1/IARK_REG_reg[36]
CASE_IARK,,,AES_STAGE,59,u_aes_peripheral/u_aes_round1/IARK_REG_reg[37]
CASE_IARK,,,AES_STAGE,60,u_aes_peripheral/u_aes_round1/IARK_REG_reg[38]
CASE_IARK,,,AES_STAGE,61,u_aes_peripheral/u_aes_round1/IARK_REG_reg[39]
CASE_IARK,,,AES_STAGE,62,u_aes_peripheral/u_aes_round1/IARK_REG_reg[3]
CASE_IARK,,,AES_STAGE,63,u_aes_peripheral/u_aes_round1/IARK_REG_reg[40]
CASE_IARK,,,AES_STAGE,64,u_aes_peripheral/u_aes_round1/IARK_REG_reg[41]
CASE_IARK,,,AES_STAGE,65,u_aes_peripheral/u_aes_round1/IARK_REG_reg[42]
CASE_IARK,,,AES_STAGE,66,u_aes_peripheral/u_aes_round1/IARK_REG_reg[43]
CASE_IARK,,,AES_STAGE,67,u_aes_peripheral/u_aes_round1/IARK_REG_reg[44]
CASE_IARK,,,AES_STAGE,68,u_aes_peripheral/u_aes_round1/IARK_REG_reg[45]
CASE_IARK,,,AES_STAGE,69,u_aes_peripheral/u_aes_round1/IARK_REG_reg[46]
CASE_IARK,,,AES_STAGE,70,u_aes_peripheral/u_aes_round1/IARK_REG_reg[47]
CASE_IARK,,,AES_STAGE,71,u_aes_peripheral/u_aes_round1/IARK_REG_reg[48]
CASE_IARK,,,AES_STAGE,72,u_aes_peripheral/u_aes_round1/IARK_REG_reg[49]
CASE_IARK,,,AES_STAGE,73,u_aes_peripheral/u_aes_round1/IARK_REG_reg[4]
CASE_IARK,,,AES_STAGE,74,u_aes_peripheral/u_aes_round1/IARK_REG_reg[50]
CASE_IARK,,,AES_STAGE,75,u_aes_peripheral/u_aes_round1/IARK_REG_reg[51]
CASE_IARK,,,AES_STAGE,76,u_aes_peripheral/u_aes_round1/IARK_REG_reg[52]
CASE_IARK,,,AES_STAGE,77,u_aes_peripheral/u_aes_round1/IARK_REG_reg[53]
CASE_IARK,,,AES_STAGE,78,u_aes_peripheral/u_aes_round1/IARK_REG_reg[54]
CASE_IARK,,,AES_STAGE,79,u_aes_peripheral/u_aes_round1/IARK_REG_reg[55]
CASE_IARK,,,AES_STAGE,80,u_aes_peripheral/u_aes_round1/IARK_REG_reg[56]
CASE_IARK,,,AES_STAGE,81,u_aes_peripheral/u_aes_round1/IARK_REG_reg[57]
CASE_IARK,,,AES_STAGE,82,u_aes_peripheral/u_aes_round1/IARK_REG_reg[58]
CASE_IARK,,,AES_STAGE,83,u_aes_peripheral/u_aes_round1/IARK_REG_reg[59]
CASE_IARK,,,AES_STAGE,84,u_aes_peripheral/u_aes_round1/IARK_REG_reg[5]
CASE_IARK,,,AES_STAGE,85,u_aes_peripheral/u_aes_round1/IARK_REG_reg[60]
CASE_IARK,,,AES_STAGE,86,u_aes_peripheral/u_aes_round1/IARK_REG_reg[61]
CASE_IARK,,,AES_STAGE,87,u_aes_peripheral/u_aes_round1/IARK_REG_reg[62]
CASE_IARK,,,AES_STAGE,88,u_aes_peripheral/u_aes_round1/IARK_REG_reg[63]
CASE_IARK,,,AES_STAGE,89,u_aes_peripheral/u_aes_round1/IARK_REG_reg[64]
CASE_IARK,,,AES_STAGE,90,u_aes_peripheral/u_aes_round1/IARK_REG_reg[65]
CASE_IARK,,,AES_STAGE,91,u_aes_peripheral/u_aes_round1/IARK_REG_reg[66]
CASE_IARK,,,AES_STAGE,92,u_aes_peripheral/u_aes_round1/IARK_REG_reg[67]
CASE_IARK,,,AES_STAGE,93,u_aes_peripheral/u_aes_round1/IARK_REG_reg[68]
CASE_IARK,,,AES_STAGE,94,u_aes_peripheral/u_aes_round1/IARK_REG_reg[69]
CASE_IARK,,,AES_STAGE,95,u_aes_peripheral/u_aes_round1/IARK_REG_reg[6]
CASE_IARK,,,AES_STAGE,96,u_aes_peripheral/u_aes_round1/IARK_REG_reg[70]
CASE_IARK,,,AES_STAGE,97,u_aes_peripheral/u_aes_round1/IARK_REG_reg[71]
CASE_IARK,,,AES_STAGE,98,u_aes_peripheral/u_aes_round1/IARK_REG_reg[72]
CASE_IARK,,,AES_STAGE,99,u_aes_peripheral/u_aes_round1/IARK_REG_reg[73]
CASE_IARK,,,AES_STAGE,100,u_aes_peripheral/u_aes_round1/IARK_REG_reg[74]
CASE_IARK,,,AES_STAGE,101,u_aes_peripheral/u_aes_round1/IARK_REG_reg[75]
CASE_IARK,,,AES_STAGE,102,u_aes_peripheral/u_aes_round1/IARK_REG_reg[76]
CASE_IARK,,,AES_STAGE,103,u_aes_peripheral/u_aes_round1/IARK_REG_reg[77]
CASE_IARK,,,AES_STAGE,104,u_aes_peripheral/u_aes_round1/IARK_REG_reg[78]
CASE_IARK,,,AES_STAGE,105,u_aes_peripheral/u_aes_round1/IARK_REG_reg[79]
CASE_IARK,,,AES_STAGE,106,u_aes_peripheral/u_aes_round1/IARK_REG_reg[7]
CASE_IARK,,,AES_STAGE,107,u_aes_peripheral/u_aes_round1/IARK_REG_reg[80]
CASE_IARK,,,AES_STAGE,108,u_aes_peripheral/u_aes_round1/IARK_REG_reg[81]
CASE_IARK,,,AES_STAGE,109,u_aes_peripheral/u_aes_round1/IARK_REG_reg[82]
CASE_IARK,,,AES_STAGE,110,u_aes_peripheral/u_aes_round1/IARK_REG_reg[83]
CASE_IARK,,,AES_STAGE,111,u_aes_peripheral/u_aes_round1/IARK_REG_reg[84]
CASE_IARK,,,AES_STAGE,112,u_aes_peripheral/u_aes_round1/IARK_REG_reg[85]
CASE_IARK,,,AES_STAGE,113,u_aes_peripheral/u_aes_round1/IARK_REG_reg[86]
CASE_IARK,,,AES_STAGE,114,u_aes_peripheral/u_aes_round1/IARK_REG_reg[87]
CASE_IARK,,,AES_STAGE,115,u_aes_peripheral/u_aes_round1/IARK_REG_reg[88]
CASE_IARK,,,AES_STAGE,116,u_aes_peripheral/u_aes_round1/IARK_REG_reg[89]
CASE_IARK,,,AES_STAGE,117,u_aes_peripheral/u_aes_round1/IARK_REG_reg[8]
CASE_IARK,,,AES_STAGE,118,u_aes_peripheral/u_aes_round1/IARK_REG_reg[90]
CASE_IARK,,,AES_STAGE,119,u_aes_peripheral/u_aes_round1/IARK_REG_reg[91]
CASE_IARK,,,AES_STAGE,120,u_aes_peripheral/u_aes_round1/IARK_REG_reg[92]
CASE_IARK,,,AES_STAGE,121,u_aes_peripheral/u_aes_round1/IARK_REG_reg[93]
CASE_IARK,,,AES_STAGE,122,u_aes_peripheral/u_aes_round1/IARK_REG_reg[94]
CASE_IARK,,,AES_STAGE,123,u_aes_peripheral/u_aes_round1/IARK_REG_reg[95]
CASE_IARK,,,AES_STAGE,124,u_aes_peripheral/u_aes_round1/IARK_REG_reg[96]
CASE_IARK,,,AES_STAGE,125,u_aes_peripheral/u_aes_round1/IARK_REG_reg[97]
CASE_IARK,,,AES_STAGE,126,u_aes_peripheral/u_aes_round1/IARK_REG_reg[98]
CASE_IARK,,,AES_STAGE,127,u_aes_peripheral/u_aes_round1/IARK_REG_reg[99]
CASE_IARK,,,AES_STAGE,128,u_aes_peripheral/u_aes_round1/IARK_REG_reg[9]
CASE_SB,,,AES_STAGE,1,u_aes_peripheral/u_aes_round1/SB_REG_reg[0]
CASE_SB,,,AES_STAGE,2,u_aes_peripheral/u_aes_round1/SB_REG_reg[100]
CASE_SB,,,AES_STAGE,3,u_aes_peripheral/u_aes_round1/SB_REG_reg[101]
CASE_SB,,,AES_STAGE,4,u_aes_peripheral/u_aes_round1/SB_REG_reg[102]
CASE_SB,,,AES_STAGE,5,u_aes_peripheral/u_aes_round1/SB_REG_reg[103]
CASE_SB,,,AES_STAGE,6,u_aes_peripheral/u_aes_round1/SB_REG_reg[104]
CASE_SB,,,AES_STAGE,7,u_aes_peripheral/u_aes_round1/SB_REG_reg[105]
CASE_SB,,,AES_STAGE,8,u_aes_peripheral/u_aes_round1/SB_REG_reg[106]
CASE_SB,,,AES_STAGE,9,u_aes_peripheral/u_aes_round1/SB_REG_reg[107]
CASE_SB,,,AES_STAGE,10,u_aes_peripheral/u_aes_round1/SB_REG_reg[108]
CASE_SB,,,AES_STAGE,11,u_aes_peripheral/u_aes_round1/SB_REG_reg[109]
CASE_SB,,,AES_STAGE,12,u_aes_peripheral/u_aes_round1/SB_REG_reg[10]
CASE_SB,,,AES_STAGE,13,u_aes_peripheral/u_aes_round1/SB_REG_reg[110]
CASE_SB,,,AES_STAGE,14,u_aes_peripheral/u_aes_round1/SB_REG_reg[111]
CASE_SB,,,AES_STAGE,15,u_aes_peripheral/u_aes_round1/SB_REG_reg[112]
CASE_SB,,,AES_STAGE,16,u_aes_peripheral/u_aes_round1/SB_REG_reg[113]
CASE_SB,,,AES_STAGE,17,u_aes_peripheral/u_aes_round1/SB_REG_reg[114]
CASE_SB,,,AES_STAGE,18,u_aes_peripheral/u_aes_round1/SB_REG_reg[115]
CASE_SB,,,AES_STAGE,19,u_aes_peripheral/u_aes_round1/SB_REG_reg[116]
CASE_SB,,,AES_STAGE,20,u_aes_peripheral/u_aes_round1/SB_REG_reg[117]
CASE_SB,,,AES_STAGE,21,u_aes_peripheral/u_aes_round1/SB_REG_reg[118]
CASE_SB,,,AES_STAGE,22,u_aes_peripheral/u_aes_round1/SB_REG_reg[119]
CASE_SB,,,AES_STAGE,23,u_aes_peripheral/u_aes_round1/SB_REG_reg[11]
CASE_SB,,,AES_STAGE,24,u_aes_peripheral/u_aes_round1/SB_REG_reg[120]
CASE_SB,,,AES_STAGE,25,u_aes_peripheral/u_aes_round1/SB_REG_reg[121]
CASE_SB,,,AES_STAGE,26,u_aes_peripheral/u_aes_round1/SB_REG_reg[122]
CASE_SB,,,AES_STAGE,27,u_aes_peripheral/u_aes_round1/SB_REG_reg[123]
CASE_SB,,,AES_STAGE,28,u_aes_peripheral/u_aes_round1/SB_REG_reg[124]
CASE_SB,,,AES_STAGE,29,u_aes_peripheral/u_aes_round1/SB_REG_reg[125]
CASE_SB,,,AES_STAGE,30,u_aes_peripheral/u_aes_round1/SB_REG_reg[126]
CASE_SB,,,AES_STAGE,31,u_aes_peripheral/u_aes_round1/SB_REG_reg[127]
CASE_SB,,,AES_STAGE,32,u_aes_peripheral/u_aes_round1/SB_REG_reg[12]
CASE_SB,,,AES_STAGE,33,u_aes_peripheral/u_aes_round1/SB_REG_reg[13]
CASE_SB,,,AES_STAGE,34,u_aes_peripheral/u_aes_round1/SB_REG_reg[14]
CASE_SB,,,AES_STAGE,35,u_aes_peripheral/u_aes_round1/SB_REG_reg[15]
CASE_SB,,,AES_STAGE,36,u_aes_peripheral/u_aes_round1/SB_REG_reg[16]
CASE_SB,,,AES_STAGE,37,u_aes_peripheral/u_aes_round1/SB_REG_reg[17]
CASE_SB,,,AES_STAGE,38,u_aes_peripheral/u_aes_round1/SB_REG_reg[18]
CASE_SB,,,AES_STAGE,39,u_aes_peripheral/u_aes_round1/SB_REG_reg[19]
CASE_SB,,,AES_STAGE,40,u_aes_peripheral/u_aes_round1/SB_REG_reg[1]
CASE_SB,,,AES_STAGE,41,u_aes_peripheral/u_aes_round1/SB_REG_reg[20]
CASE_SB,,,AES_STAGE,42,u_aes_peripheral/u_aes_round1/SB_REG_reg[21]
CASE_SB,,,AES_STAGE,43,u_aes_peripheral/u_aes_round1/SB_REG_reg[22]
CASE_SB,,,AES_STAGE,44,u_aes_peripheral/u_aes_round1/SB_REG_reg[23]
CASE_SB,,,AES_STAGE,45,u_aes_peripheral/u_aes_round1/SB_REG_reg[24]
CASE_SB,,,AES_STAGE,46,u_aes_peripheral/u_aes_round1/SB_REG_reg[25]
CASE_SB,,,AES_STAGE,47,u_aes_peripheral/u_aes_round1/SB_REG_reg[26]
CASE_SB,,,AES_STAGE,48,u_aes_peripheral/u_aes_round1/SB_REG_reg[27]
CASE_SB,,,AES_STAGE,49,u_aes_peripheral/u_aes_round1/SB_REG_reg[28]
CASE_SB,,,AES_STAGE,50,u_aes_peripheral/u_aes_round1/SB_REG_reg[29]
CASE_SB,,,AES_STAGE,51,u_aes_peripheral/u_aes_round1/SB_REG_reg[2]
CASE_SB,,,AES_STAGE,52,u_aes_peripheral/u_aes_round1/SB_REG_reg[30]
CASE_SB,,,AES_STAGE,53,u_aes_peripheral/u_aes_round1/SB_REG_reg[31]
CASE_SB,,,AES_STAGE,54,u_aes_peripheral/u_aes_round1/SB_REG_reg[32]
CASE_SB,,,AES_STAGE,55,u_aes_peripheral/u_aes_round1/SB_REG_reg[33]
CASE_SB,,,AES_STAGE,56,u_aes_peripheral/u_aes_round1/SB_REG_reg[34]
CASE_SB,,,AES_STAGE,57,u_aes_peripheral/u_aes_round1/SB_REG_reg[35]
CASE_SB,,,AES_STAGE,58,u_aes_peripheral/u_aes_round1/SB_REG_reg[36]
CASE_SB,,,AES_STAGE,59,u_aes_peripheral/u_aes_round1/SB_REG_reg[37]
CASE_SB,,,AES_STAGE,60,u_aes_peripheral/u_aes_round1/SB_REG_reg[38]
CASE_SB,,,AES_STAGE,61,u_aes_peripheral/u_aes_round1/SB_REG_reg[39]
CASE_SB,,,AES_STAGE,62,u_aes_peripheral/u_aes_round1/SB_REG_reg[3]
CASE_SB,,,AES_STAGE,63,u_aes_peripheral/u_aes_round1/SB_REG_reg[40]
CASE_SB,,,AES_STAGE,64,u_aes_peripheral/u_aes_round1/SB_REG_reg[41]
CASE_SB,,,AES_STAGE,65,u_aes_peripheral/u_aes_round1/SB_REG_reg[42]
CASE_SB,,,AES_STAGE,66,u_aes_peripheral/u_aes_round1/SB_REG_reg[43]
CASE_SB,,,AES_STAGE,67,u_aes_peripheral/u_aes_round1/SB_REG_reg[44]
CASE_SB,,,AES_STAGE,68,u_aes_peripheral/u_aes_round1/SB_REG_reg[45]
CASE_SB,,,AES_STAGE,69,u_aes_peripheral/u_aes_round1/SB_REG_reg[46]
CASE_SB,,,AES_STAGE,70,u_aes_peripheral/u_aes_round1/SB_REG_reg[47]
CASE_SB,,,AES_STAGE,71,u_aes_peripheral/u_aes_round1/SB_REG_reg[48]
CASE_SB,,,AES_STAGE,72,u_aes_peripheral/u_aes_round1/SB_REG_reg[49]
CASE_SB,,,AES_STAGE,73,u_aes_peripheral/u_aes_round1/SB_REG_reg[4]
CASE_SB,,,AES_STAGE,74,u_aes_peripheral/u_aes_round1/SB_REG_reg[50]
CASE_SB,,,AES_STAGE,75,u_aes_peripheral/u_aes_round1/SB_REG_reg[51]
CASE_SB,,,AES_STAGE,76,u_aes_peripheral/u_aes_round1/SB_REG_reg[52]
CASE_SB,,,AES_STAGE,77,u_aes_peripheral/u_aes_round1/SB_REG_reg[53]
CASE_SB,,,AES_STAGE,78,u_aes_peripheral/u_aes_round1/SB_REG_reg[54]
CASE_SB,,,AES_STAGE,79,u_aes_peripheral/u_aes_round1/SB_REG_reg[55]
CASE_SB,,,AES_STAGE,80,u_aes_peripheral/u_aes_round1/SB_REG_reg[56]
CASE_SB,,,AES_STAGE,81,u_aes_peripheral/u_aes_round1/SB_REG_reg[57]
CASE_SB,,,AES_STAGE,82,u_aes_peripheral/u_aes_round1/SB_REG_reg[58]
CASE_SB,,,AES_STAGE,83,u_aes_peripheral/u_aes_round1/SB_REG_reg[59]
CASE_SB,,,AES_STAGE,84,u_aes_peripheral/u_aes_round1/SB_REG_reg[5]
CASE_SB,,,AES_STAGE,85,u_aes_peripheral/u_aes_round1/SB_REG_reg[60]
CASE_SB,,,AES_STAGE,86,u_aes_peripheral/u_aes_round1/SB_REG_reg[61]
CASE_SB,,,AES_STAGE,87,u_aes_peripheral/u_aes_round1/SB_REG_reg[62]
CASE_SB,,,AES_STAGE,88,u_aes_peripheral/u_aes_round1/SB_REG_reg[63]
CASE_SB,,,AES_STAGE,89,u_aes_peripheral/u_aes_round1/SB_REG_reg[64]
CASE_SB,,,AES_STAGE,90,u_aes_peripheral/u_aes_round1/SB_REG_reg[65]
CASE_SB,,,AES_STAGE,91,u_aes_peripheral/u_aes_round1/SB_REG_reg[66]
CASE_SB,,,AES_STAGE,92,u_aes_peripheral/u_aes_round1/SB_REG_reg[67]
CASE_SB,,,AES_STAGE,93,u_aes_peripheral/u_aes_round1/SB_REG_reg[68]
CASE_SB,,,AES_STAGE,94,u_aes_peripheral/u_aes_round1/SB_REG_reg[69]
CASE_SB,,,AES_STAGE,95,u_aes_peripheral/u_aes_round1/SB_REG_reg[6]
CASE_SB,,,AES_STAGE,96,u_aes_peripheral/u_aes_round1/SB_REG_reg[70]
CASE_SB,,,AES_STAGE,97,u_aes_peripheral/u_aes_round1/SB_REG_reg[71]
CASE_SB,,,AES_STAGE,98,u_aes_peripheral/u_aes_round1/SB_REG_reg[72]
CASE_SB,,,AES_STAGE,99,u_aes_peripheral/u_aes_round1/SB_REG_reg[73]
CASE_SB,,,AES_STAGE,100,u_aes_peripheral/u_aes_round1/SB_REG_reg[74]
CASE_SB,,,AES_STAGE,101,u_aes_peripheral/u_aes_round1/SB_REG_reg[75]
CASE_SB,,,AES_STAGE,102,u_aes_peripheral/u_aes_round1/SB_REG_reg[76]
CASE_SB,,,AES_STAGE,103,u_aes_peripheral/u_aes_round1/SB_REG_reg[77]
CASE_SB,,,AES_STAGE,104,u_aes_peripheral/u_aes_round1/SB_REG_reg[78]
CASE_SB,,,AES_STAGE,105,u_aes_peripheral/u_aes_round1/SB_REG_reg[79]
CASE_SB,,,AES_STAGE,106,u_aes_peripheral/u_aes_round1/SB_REG_reg[7]
CASE_SB,,,AES_STAGE,107,u_aes_peripheral/u_aes_round1/SB_REG_reg[80]
CASE_SB,,,AES_STAGE,108,u_aes_peripheral/u_aes_round1/SB_REG_reg[81]
CASE_SB,,,AES_STAGE,109,u_aes_peripheral/u_aes_round1/SB_REG_reg[82]
CASE_SB,,,AES_STAGE,110,u_aes_peripheral/u_aes_round1/SB_REG_reg[83]
CASE_SB,,,AES_STAGE,111,u_aes_peripheral/u_aes_round1/SB_REG_reg[84]
CASE_SB,,,AES_STAGE,112,u_aes_peripheral/u_aes_round1/SB_REG_reg[85]
CASE_SB,,,AES_STAGE,113,u_aes_peripheral/u_aes_round1/SB_REG_reg[86]
CASE_SB,,,AES_STAGE,114,u_aes_peripheral/u_aes_round1/SB_REG_reg[87]
CASE_SB,,,AES_STAGE,115,u_aes_peripheral/u_aes_round1/SB_REG_reg[88]
CASE_SB,,,AES_STAGE,116,u_aes_peripheral/u_aes_round1/SB_REG_reg[89]
CASE_SB,,,AES_STAGE,117,u_aes_peripheral/u_aes_round1/SB_REG_reg[8]
CASE_SB,,,AES_STAGE,118,u_aes_peripheral/u_aes_round1/SB_REG_reg[90]
CASE_SB,,,AES_STAGE,119,u_aes_peripheral/u_aes_round1/SB_REG_reg[91]
CASE_SB,,,AES_STAGE,120,u_aes_peripheral/u_aes_round1/SB_REG_reg[92]
CASE_SB,,,AES_STAGE,121,u_aes_peripheral/u_aes_round1/SB_REG_reg[93]
CASE_SB,,,AES_STAGE,122,u_aes_peripheral/u_aes_round1/SB_REG_reg[94]
CASE_SB,,,AES_STAGE,123,u_aes_peripheral/u_aes_round1/SB_REG_reg[95]
CASE_SB,,,AES_STAGE,124,u_aes_peripheral/u_aes_round1/SB_REG_reg[96]
CASE_SB,,,AES_STAGE,125,u_aes_peripheral/u_aes_round1/SB_REG_reg[97]
CASE_SB,,,AES_STAGE,126,u_aes_peripheral/u_aes_round1/SB_REG_reg[98]
CASE_SB,,,AES_STAGE,127,u_aes_peripheral/u_aes_round1/SB_REG_reg[99]
CASE_SB,,,AES_STAGE,128,u_aes_peripheral/u_aes_round1/SB_REG_reg[9]
CASE_SR,,,AES_STAGE,1,u_aes_peripheral/u_aes_round1/SR_REG_reg[0]
CASE_SR,,,AES_STAGE,2,u_aes_peripheral/u_aes_round1/SR_REG_reg[100]
CASE_SR,,,AES_STAGE,3,u_aes_peripheral/u_aes_round1/SR_REG_reg[101]
CASE_SR,,,AES_STAGE,4,u_aes_peripheral/u_aes_round1/SR_REG_reg[102]
CASE_SR,,,AES_STAGE,5,u_aes_peripheral/u_aes_round1/SR_REG_reg[103]
CASE_SR,,,AES_STAGE,6,u_aes_peripheral/u_aes_round1/SR_REG_reg[104]
CASE_SR,,,AES_STAGE,7,u_aes_peripheral/u_aes_round1/SR_REG_reg[105]
CASE_SR,,,AES_STAGE,8,u_aes_peripheral/u_aes_round1/SR_REG_reg[106]
CASE_SR,,,AES_STAGE,9,u_aes_peripheral/u_aes_round1/SR_REG_reg[107]
CASE_SR,,,AES_STAGE,10,u_aes_peripheral/u_aes_round1/SR_REG_reg[108]
CASE_SR,,,AES_STAGE,11,u_aes_peripheral/u_aes_round1/SR_REG_reg[109]
CASE_SR,,,AES_STAGE,12,u_aes_peripheral/u_aes_round1/SR_REG_reg[10]
CASE_SR,,,AES_STAGE,13,u_aes_peripheral/u_aes_round1/SR_REG_reg[110]
CASE_SR,,,AES_STAGE,14,u_aes_peripheral/u_aes_round1/SR_REG_reg[111]
CASE_SR,,,AES_STAGE,15,u_aes_peripheral/u_aes_round1/SR_REG_reg[112]
CASE_SR,,,AES_STAGE,16,u_aes_peripheral/u_aes_round1/SR_REG_reg[113]
CASE_SR,,,AES_STAGE,17,u_aes_peripheral/u_aes_round1/SR_REG_reg[114]
CASE_SR,,,AES_STAGE,18,u_aes_peripheral/u_aes_round1/SR_REG_reg[115]
CASE_SR,,,AES_STAGE,19,u_aes_peripheral/u_aes_round1/SR_REG_reg[116]
CASE_SR,,,AES_STAGE,20,u_aes_peripheral/u_aes_round1/SR_REG_reg[117]
CASE_SR,,,AES_STAGE,21,u_aes_peripheral/u_aes_round1/SR_REG_reg[118]
CASE_SR,,,AES_STAGE,22,u_aes_peripheral/u_aes_round1/SR_REG_reg[119]
CASE_SR,,,AES_STAGE,23,u_aes_peripheral/u_aes_round1/SR_REG_reg[11]
CASE_SR,,,AES_STAGE,24,u_aes_peripheral/u_aes_round1/SR_REG_reg[120]
CASE_SR,,,AES_STAGE,25,u_aes_peripheral/u_aes_round1/SR_REG_reg[121]
CASE_SR,,,AES_STAGE,26,u_aes_peripheral/u_aes_round1/SR_REG_reg[122]
CASE_SR,,,AES_STAGE,27,u_aes_peripheral/u_aes_round1/SR_REG_reg[123]
CASE_SR,,,AES_STAGE,28,u_aes_peripheral/u_aes_round1/SR_REG_reg[124]
CASE_SR,,,AES_STAGE,29,u_aes_peripheral/u_aes_round1/SR_REG_reg[125]
CASE_SR,,,AES_STAGE,30,u_aes_peripheral/u_aes_round1/SR_REG_reg[126]
CASE_SR,,,AES_STAGE,31,u_aes_peripheral/u_aes_round1/SR_REG_reg[127]
CASE_SR,,,AES_STAGE,32,u_aes_peripheral/u_aes_round1/SR_REG_reg[12]
CASE_SR,,,AES_STAGE,33,u_aes_peripheral/u_aes_round1/SR_REG_reg[13]
CASE_SR,,,AES_STAGE,34,u_aes_peripheral/u_aes_round1/SR_REG_reg[14]
CASE_SR,,,AES_STAGE,35,u_aes_peripheral/u_aes_round1/SR_REG_reg[15]
CASE_SR,,,AES_STAGE,36,u_aes_peripheral/u_aes_round1/SR_REG_reg[16]
CASE_SR,,,AES_STAGE,37,u_aes_peripheral/u_aes_round1/SR_REG_reg[17]
CASE_SR,,,AES_STAGE,38,u_aes_peripheral/u_aes_round1/SR_REG_reg[18]
CASE_SR,,,AES_STAGE,39,u_aes_peripheral/u_aes_round1/SR_REG_reg[19]
CASE_SR,,,AES_STAGE,40,u_aes_peripheral/u_aes_round1/SR_REG_reg[1]
CASE_SR,,,AES_STAGE,41,u_aes_peripheral/u_aes_round1/SR_REG_reg[20]
CASE_SR,,,AES_STAGE,42,u_aes_peripheral/u_aes_round1/SR_REG_reg[21]
CASE_SR,,,AES_STAGE,43,u_aes_peripheral/u_aes_round1/SR_REG_reg[22]
CASE_SR,,,AES_STAGE,44,u_aes_peripheral/u_aes_round1/SR_REG_reg[23]
CASE_SR,,,AES_STAGE,45,u_aes_peripheral/u_aes_round1/SR_REG_reg[24]
CASE_SR,,,AES_STAGE,46,u_aes_peripheral/u_aes_round1/SR_REG_reg[25]
CASE_SR,,,AES_STAGE,47,u_aes_peripheral/u_aes_round1/SR_REG_reg[26]
CASE_SR,,,AES_STAGE,48,u_aes_peripheral/u_aes_round1/SR_REG_reg[27]
CASE_SR,,,AES_STAGE,49,u_aes_peripheral/u_aes_round1/SR_REG_reg[28]
CASE_SR,,,AES_STAGE,50,u_aes_peripheral/u_aes_round1/SR_REG_reg[29]
CASE_SR,,,AES_STAGE,51,u_aes_peripheral/u_aes_round1/SR_REG_reg[2]
CASE_SR,,,AES_STAGE,52,u_aes_peripheral/u_aes_round1/SR_REG_reg[30]
CASE_SR,,,AES_STAGE,53,u_aes_peripheral/u_aes_round1/SR_REG_reg[31]
CASE_SR,,,AES_STAGE,54,u_aes_peripheral/u_aes_round1/SR_REG_reg[32]
CASE_SR,,,AES_STAGE,55,u_aes_peripheral/u_aes_round1/SR_REG_reg[33]
CASE_SR,,,AES_STAGE,56,u_aes_peripheral/u_aes_round1/SR_REG_reg[34]
CASE_SR,,,AES_STAGE,57,u_aes_peripheral/u_aes_round1/SR_REG_reg[35]
CASE_SR,,,AES_STAGE,58,u_aes_peripheral/u_aes_round1/SR_REG_reg[36]
CASE_SR,,,AES_STAGE,59,u_aes_peripheral/u_aes_round1/SR_REG_reg[37]
CASE_SR,,,AES_STAGE,60,u_aes_peripheral/u_aes_round1/SR_REG_reg[38]
CASE_SR,,,AES_STAGE,61,u_aes_peripheral/u_aes_round1/SR_REG_reg[39]
CASE_SR,,,AES_STAGE,62,u_aes_peripheral/u_aes_round1/SR_REG_reg[3]
CASE_SR,,,AES_STAGE,63,u_aes_peripheral/u_aes_round1/SR_REG_reg[40]
CASE_SR,,,AES_STAGE,64,u_aes_peripheral/u_aes_round1/SR_REG_reg[41]
CASE_SR,,,AES_STAGE,65,u_aes_peripheral/u_aes_round1/SR_REG_reg[42]
CASE_SR,,,AES_STAGE,66,u_aes_peripheral/u_aes_round1/SR_REG_reg[43]
CASE_SR,,,AES_STAGE,67,u_aes_peripheral/u_aes_round1/SR_REG_reg[44]
CASE_SR,,,AES_STAGE,68,u_aes_peripheral/u_aes_round1/SR_REG_reg[45]
CASE_SR,,,AES_STAGE,69,u_aes_peripheral/u_aes_round1/SR_REG_reg[46]
CASE_SR,,,AES_STAGE,70,u_aes_peripheral/u_aes_round1/SR_REG_reg[47]
CASE_SR,,,AES_STAGE,71,u_aes_peripheral/u_aes_round1/SR_REG_reg[48]
CASE_SR,,,AES_STAGE,72,u_aes_peripheral/u_aes_round1/SR_REG_reg[49]
CASE_SR,,,AES_STAGE,73,u_aes_peripheral/u_aes_round1/SR_REG_reg[4]
CASE_SR,,,AES_STAGE,74,u_aes_peripheral/u_aes_round1/SR_REG_reg[50]
CASE_SR,,,AES_STAGE,75,u_aes_peripheral/u_aes_round1/SR_REG_reg[51]
CASE_SR,,,AES_STAGE,76,u_aes_peripheral/u_aes_round1/SR_REG_reg[52]
CASE_SR,,,AES_STAGE,77,u_aes_peripheral/u_aes_round1/SR_REG_reg[53]
CASE_SR,,,AES_STAGE,78,u_aes_peripheral/u_aes_round1/SR_REG_reg[54]
CASE_SR,,,AES_STAGE,79,u_aes_peripheral/u_aes_round1/SR_REG_reg[55]
CASE_SR,,,AES_STAGE,80,u_aes_peripheral/u_aes_round1/SR_REG_reg[56]
CASE_SR,,,AES_STAGE,81,u_aes_peripheral/u_aes_round1/SR_REG_reg[57]
CASE_SR,,,AES_STAGE,82,u_aes_peripheral/u_aes_round1/SR_REG_reg[58]
CASE_SR,,,AES_STAGE,83,u_aes_peripheral/u_aes_round1/SR_REG_reg[59]
CASE_SR,,,AES_STAGE,84,u_aes_peripheral/u_aes_round1/SR_REG_reg[5]
CASE_SR,,,AES_STAGE,85,u_aes_peripheral/u_aes_round1/SR_REG_reg[60]
CASE_SR,,,AES_STAGE,86,u_aes_peripheral/u_aes_round1/SR_REG_reg[61]
CASE_SR,,,AES_STAGE,87,u_aes_peripheral/u_aes_round1/SR_REG_reg[62]
CASE_SR,,,AES_STAGE,88,u_aes_peripheral/u_aes_round1/SR_REG_reg[63]
CASE_SR,,,AES_STAGE,89,u_aes_peripheral/u_aes_round1/SR_REG_reg[64]
CASE_SR,,,AES_STAGE,90,u_aes_peripheral/u_aes_round1/SR_REG_reg[65]
CASE_SR,,,AES_STAGE,91,u_aes_peripheral/u_aes_round1/SR_REG_reg[66]
CASE_SR,,,AES_STAGE,92,u_aes_peripheral/u_aes_round1/SR_REG_reg[67]
CASE_SR,,,AES_STAGE,93,u_aes_peripheral/u_aes_round1/SR_REG_reg[68]
CASE_SR,,,AES_STAGE,94,u_aes_peripheral/u_aes_round1/SR_REG_reg[69]
CASE_SR,,,AES_STAGE,95,u_aes_peripheral/u_aes_round1/SR_REG_reg[6]
CASE_SR,,,AES_STAGE,96,u_aes_peripheral/u_aes_round1/SR_REG_reg[70]
CASE_SR,,,AES_STAGE,97,u_aes_peripheral/u_aes_round1/SR_REG_reg[71]
CASE_SR,,,AES_STAGE,98,u_aes_peripheral/u_aes_round1/SR_REG_reg[72]
CASE_SR,,,AES_STAGE,99,u_aes_peripheral/u_aes_round1/SR_REG_reg[73]
CASE_SR,,,AES_STAGE,100,u_aes_peripheral/u_aes_round1/SR_REG_reg[74]
CASE_SR,,,AES_STAGE,101,u_aes_peripheral/u_aes_round1/SR_REG_reg[75]
CASE_SR,,,AES_STAGE,102,u_aes_peripheral/u_aes_round1/SR_REG_reg[76]
CASE_SR,,,AES_STAGE,103,u_aes_peripheral/u_aes_round1/SR_REG_reg[77]
CASE_SR,,,AES_STAGE,104,u_aes_peripheral/u_aes_round1/SR_REG_reg[78]
CASE_SR,,,AES_STAGE,105,u_aes_peripheral/u_aes_round1/SR_REG_reg[79]
CASE_SR,,,AES_STAGE,106,u_aes_peripheral/u_aes_round1/SR_REG_reg[7]
CASE_SR,,,AES_STAGE,107,u_aes_peripheral/u_aes_round1/SR_REG_reg[80]
CASE_SR,,,AES_STAGE,108,u_aes_peripheral/u_aes_round1/SR_REG_reg[81]
CASE_SR,,,AES_STAGE,109,u_aes_peripheral/u_aes_round1/SR_REG_reg[82]
CASE_SR,,,AES_STAGE,110,u_aes_peripheral/u_aes_round1/SR_REG_reg[83]
CASE_SR,,,AES_STAGE,111,u_aes_peripheral/u_aes_round1/SR_REG_reg[84]
CASE_SR,,,AES_STAGE,112,u_aes_peripheral/u_aes_round1/SR_REG_reg[85]
CASE_SR,,,AES_STAGE,113,u_aes_peripheral/u_aes_round1/SR_REG_reg[86]
CASE_SR,,,AES_STAGE,114,u_aes_peripheral/u_aes_round1/SR_REG_reg[87]
CASE_SR,,,AES_STAGE,115,u_aes_peripheral/u_aes_round1/SR_REG_reg[88]
CASE_SR,,,AES_STAGE,116,u_aes_peripheral/u_aes_round1/SR_REG_reg[89]
CASE_SR,,,AES_STAGE,117,u_aes_peripheral/u_aes_round1/SR_REG_reg[8]
CASE_SR,,,AES_STAGE,118,u_aes_peripheral/u_aes_round1/SR_REG_reg[90]
CASE_SR,,,AES_STAGE,119,u_aes_peripheral/u_aes_round1/SR_REG_reg[91]
CASE_SR,,,AES_STAGE,120,u_aes_peripheral/u_aes_round1/SR_REG_reg[92]
CASE_SR,,,AES_STAGE,121,u_aes_peripheral/u_aes_round1/SR_REG_reg[93]
CASE_SR,,,AES_STAGE,122,u_aes_peripheral/u_aes_round1/SR_REG_reg[94]
CASE_SR,,,AES_STAGE,123,u_aes_peripheral/u_aes_round1/SR_REG_reg[95]
CASE_SR,,,AES_STAGE,124,u_aes_peripheral/u_aes_round1/SR_REG_reg[96]
CASE_SR,,,AES_STAGE,125,u_aes_peripheral/u_aes_round1/SR_REG_reg[97]
CASE_SR,,,AES_STAGE,126,u_aes_peripheral/u_aes_round1/SR_REG_reg[98]
CASE_SR,,,AES_STAGE,127,u_aes_peripheral/u_aes_round1/SR_REG_reg[99]
CASE_SR,,,AES_STAGE,128,u_aes_peripheral/u_aes_round1/SR_REG_reg[9]
CASE_MC,,,AES_STAGE,1,u_aes_peripheral/u_aes_round1/MC_REG_reg[0]
CASE_MC,,,AES_STAGE,2,u_aes_peripheral/u_aes_round1/MC_REG_reg[100]
CASE_MC,,,AES_STAGE,3,u_aes_peripheral/u_aes_round1/MC_REG_reg[101]
CASE_MC,,,AES_STAGE,4,u_aes_peripheral/u_aes_round1/MC_REG_reg[102]
CASE_MC,,,AES_STAGE,5,u_aes_peripheral/u_aes_round1/MC_REG_reg[103]
CASE_MC,,,AES_STAGE,6,u_aes_peripheral/u_aes_round1/MC_REG_reg[104]
CASE_MC,,,AES_STAGE,7,u_aes_peripheral/u_aes_round1/MC_REG_reg[105]
CASE_MC,,,AES_STAGE,8,u_aes_peripheral/u_aes_round1/MC_REG_reg[106]
CASE_MC,,,AES_STAGE,9,u_aes_peripheral/u_aes_round1/MC_REG_reg[107]
CASE_MC,,,AES_STAGE,10,u_aes_peripheral/u_aes_round1/MC_REG_reg[108]
CASE_MC,,,AES_STAGE,11,u_aes_peripheral/u_aes_round1/MC_REG_reg[109]
CASE_MC,,,AES_STAGE,12,u_aes_peripheral/u_aes_round1/MC_REG_reg[10]
CASE_MC,,,AES_STAGE,13,u_aes_peripheral/u_aes_round1/MC_REG_reg[110]
CASE_MC,,,AES_STAGE,14,u_aes_peripheral/u_aes_round1/MC_REG_reg[111]
CASE_MC,,,AES_STAGE,15,u_aes_peripheral/u_aes_round1/MC_REG_reg[112]
CASE_MC,,,AES_STAGE,16,u_aes_peripheral/u_aes_round1/MC_REG_reg[113]
CASE_MC,,,AES_STAGE,17,u_aes_peripheral/u_aes_round1/MC_REG_reg[114]
CASE_MC,,,AES_STAGE,18,u_aes_peripheral/u_aes_round1/MC_REG_reg[115]
CASE_MC,,,AES_STAGE,19,u_aes_peripheral/u_aes_round1/MC_REG_reg[116]
CASE_MC,,,AES_STAGE,20,u_aes_peripheral/u_aes_round1/MC_REG_reg[117]
CASE_MC,,,AES_STAGE,21,u_aes_peripheral/u_aes_round1/MC_REG_reg[118]
CASE_MC,,,AES_STAGE,22,u_aes_peripheral/u_aes_round1/MC_REG_reg[119]
CASE_MC,,,AES_STAGE,23,u_aes_peripheral/u_aes_round1/MC_REG_reg[11]
CASE_MC,,,AES_STAGE,24,u_aes_peripheral/u_aes_round1/MC_REG_reg[120]
CASE_MC,,,AES_STAGE,25,u_aes_peripheral/u_aes_round1/MC_REG_reg[121]
CASE_MC,,,AES_STAGE,26,u_aes_peripheral/u_aes_round1/MC_REG_reg[122]
CASE_MC,,,AES_STAGE,27,u_aes_peripheral/u_aes_round1/MC_REG_reg[123]
CASE_MC,,,AES_STAGE,28,u_aes_peripheral/u_aes_round1/MC_REG_reg[124]
CASE_MC,,,AES_STAGE,29,u_aes_peripheral/u_aes_round1/MC_REG_reg[125]
CASE_MC,,,AES_STAGE,30,u_aes_peripheral/u_aes_round1/MC_REG_reg[126]
CASE_MC,,,AES_STAGE,31,u_aes_peripheral/u_aes_round1/MC_REG_reg[127]
CASE_MC,,,AES_STAGE,32,u_aes_peripheral/u_aes_round1/MC_REG_reg[12]
CASE_MC,,,AES_STAGE,33,u_aes_peripheral/u_aes_round1/MC_REG_reg[13]
CASE_MC,,,AES_STAGE,34,u_aes_peripheral/u_aes_round1/MC_REG_reg[14]
CASE_MC,,,AES_STAGE,35,u_aes_peripheral/u_aes_round1/MC_REG_reg[15]
CASE_MC,,,AES_STAGE,36,u_aes_peripheral/u_aes_round1/MC_REG_reg[16]
CASE_MC,,,AES_STAGE,37,u_aes_peripheral/u_aes_round1/MC_REG_reg[17]
CASE_MC,,,AES_STAGE,38,u_aes_peripheral/u_aes_round1/MC_REG_reg[18]
CASE_MC,,,AES_STAGE,39,u_aes_peripheral/u_aes_round1/MC_REG_reg[19]
CASE_MC,,,AES_STAGE,40,u_aes_peripheral/u_aes_round1/MC_REG_reg[1]
CASE_MC,,,AES_STAGE,41,u_aes_peripheral/u_aes_round1/MC_REG_reg[20]
CASE_MC,,,AES_STAGE,42,u_aes_peripheral/u_aes_round1/MC_REG_reg[21]
CASE_MC,,,AES_STAGE,43,u_aes_peripheral/u_aes_round1/MC_REG_reg[22]
CASE_MC,,,AES_STAGE,44,u_aes_peripheral/u_aes_round1/MC_REG_reg[23]
CASE_MC,,,AES_STAGE,45,u_aes_peripheral/u_aes_round1/MC_REG_reg[24]
CASE_MC,,,AES_STAGE,46,u_aes_peripheral/u_aes_round1/MC_REG_reg[25]
CASE_MC,,,AES_STAGE,47,u_aes_peripheral/u_aes_round1/MC_REG_reg[26]
CASE_MC,,,AES_STAGE,48,u_aes_peripheral/u_aes_round1/MC_REG_reg[27]
CASE_MC,,,AES_STAGE,49,u_aes_peripheral/u_aes_round1/MC_REG_reg[28]
CASE_MC,,,AES_STAGE,50,u_aes_peripheral/u_aes_round1/MC_REG_reg[29]
CASE_MC,,,AES_STAGE,51,u_aes_peripheral/u_aes_round1/MC_REG_reg[2]
CASE_MC,,,AES_STAGE,52,u_aes_peripheral/u_aes_round1/MC_REG_reg[30]
CASE_MC,,,AES_STAGE,53,u_aes_peripheral/u_aes_round1/MC_REG_reg[31]
CASE_MC,,,AES_STAGE,54,u_aes_peripheral/u_aes_round1/MC_REG_reg[32]
CASE_MC,,,AES_STAGE,55,u_aes_peripheral/u_aes_round1/MC_REG_reg[33]
CASE_MC,,,AES_STAGE,56,u_aes_peripheral/u_aes_round1/MC_REG_reg[34]
CASE_MC,,,AES_STAGE,57,u_aes_peripheral/u_aes_round1/MC_REG_reg[35]
CASE_MC,,,AES_STAGE,58,u_aes_peripheral/u_aes_round1/MC_REG_reg[36]
CASE_MC,,,AES_STAGE,59,u_aes_peripheral/u_aes_round1/MC_REG_reg[37]
CASE_MC,,,AES_STAGE,60,u_aes_peripheral/u_aes_round1/MC_REG_reg[38]
CASE_MC,,,AES_STAGE,61,u_aes_peripheral/u_aes_round1/MC_REG_reg[39]
CASE_MC,,,AES_STAGE,62,u_aes_peripheral/u_aes_round1/MC_REG_reg[3]
CASE_MC,,,AES_STAGE,63,u_aes_peripheral/u_aes_round1/MC_REG_reg[40]
CASE_MC,,,AES_STAGE,64,u_aes_peripheral/u_aes_round1/MC_REG_reg[41]
CASE_MC,,,AES_STAGE,65,u_aes_peripheral/u_aes_round1/MC_REG_reg[42]
CASE_MC,,,AES_STAGE,66,u_aes_peripheral/u_aes_round1/MC_REG_reg[43]
CASE_MC,,,AES_STAGE,67,u_aes_peripheral/u_aes_round1/MC_REG_reg[44]
CASE_MC,,,AES_STAGE,68,u_aes_peripheral/u_aes_round1/MC_REG_reg[45]
CASE_MC,,,AES_STAGE,69,u_aes_peripheral/u_aes_round1/MC_REG_reg[46]
CASE_MC,,,AES_STAGE,70,u_aes_peripheral/u_aes_round1/MC_REG_reg[47]
CASE_MC,,,AES_STAGE,71,u_aes_peripheral/u_aes_round1/MC_REG_reg[48]
CASE_MC,,,AES_STAGE,72,u_aes_peripheral/u_aes_round1/MC_REG_reg[49]
CASE_MC,,,AES_STAGE,73,u_aes_peripheral/u_aes_round1/MC_REG_reg[4]
CASE_MC,,,AES_STAGE,74,u_aes_peripheral/u_aes_round1/MC_REG_reg[50]
CASE_MC,,,AES_STAGE,75,u_aes_peripheral/u_aes_round1/MC_REG_reg[51]
CASE_MC,,,AES_STAGE,76,u_aes_peripheral/u_aes_round1/MC_REG_reg[52]
CASE_MC,,,AES_STAGE,77,u_aes_peripheral/u_aes_round1/MC_REG_reg[53]
CASE_MC,,,AES_STAGE,78,u_aes_peripheral/u_aes_round1/MC_REG_reg[54]
CASE_MC,,,AES_STAGE,79,u_aes_peripheral/u_aes_round1/MC_REG_reg[55]
CASE_MC,,,AES_STAGE,80,u_aes_peripheral/u_aes_round1/MC_REG_reg[56]
CASE_MC,,,AES_STAGE,81,u_aes_peripheral/u_aes_round1/MC_REG_reg[57]
CASE_MC,,,AES_STAGE,82,u_aes_peripheral/u_aes_round1/MC_REG_reg[58]
CASE_MC,,,AES_STAGE,83,u_aes_peripheral/u_aes_round1/MC_REG_reg[59]
CASE_MC,,,AES_STAGE,84,u_aes_peripheral/u_aes_round1/MC_REG_reg[5]
CASE_MC,,,AES_STAGE,85,u_aes_peripheral/u_aes_round1/MC_REG_reg[60]
CASE_MC,,,AES_STAGE,86,u_aes_peripheral/u_aes_round1/MC_REG_reg[61]
CASE_MC,,,AES_STAGE,87,u_aes_peripheral/u_aes_round1/MC_REG_reg[62]
CASE_MC,,,AES_STAGE,88,u_aes_peripheral/u_aes_round1/MC_REG_reg[63]
CASE_MC,,,AES_STAGE,89,u_aes_peripheral/u_aes_round1/MC_REG_reg[64]
CASE_MC,,,AES_STAGE,90,u_aes_peripheral/u_aes_round1/MC_REG_reg[65]
CASE_MC,,,AES_STAGE,91,u_aes_peripheral/u_aes_round1/MC_REG_reg[66]
CASE_MC,,,AES_STAGE,92,u_aes_peripheral/u_aes_round1/MC_REG_reg[67]
CASE_MC,,,AES_STAGE,93,u_aes_peripheral/u_aes_round1/MC_REG_reg[68]
CASE_MC,,,AES_STAGE,94,u_aes_peripheral/u_aes_round1/MC_REG_reg[69]
CASE_MC,,,AES_STAGE,95,u_aes_peripheral/u_aes_round1/MC_REG_reg[6]
CASE_MC,,,AES_STAGE,96,u_aes_peripheral/u_aes_round1/MC_REG_reg[70]
CASE_MC,,,AES_STAGE,97,u_aes_peripheral/u_aes_round1/MC_REG_reg[71]
CASE_MC,,,AES_STAGE,98,u_aes_peripheral/u_aes_round1/MC_REG_reg[72]
CASE_MC,,,AES_STAGE,99,u_aes_peripheral/u_aes_round1/MC_REG_reg[73]
CASE_MC,,,AES_STAGE,100,u_aes_peripheral/u_aes_round1/MC_REG_reg[74]
CASE_MC,,,AES_STAGE,101,u_aes_peripheral/u_aes_round1/MC_REG_reg[75]
CASE_MC,,,AES_STAGE,102,u_aes_peripheral/u_aes_round1/MC_REG_reg[76]
CASE_MC,,,AES_STAGE,103,u_aes_peripheral/u_aes_round1/MC_REG_reg[77]
CASE_MC,,,AES_STAGE,104,u_aes_peripheral/u_aes_round1/MC_REG_reg[78]
CASE_MC,,,AES_STAGE,105,u_aes_peripheral/u_aes_round1/MC_REG_reg[79]
CASE_MC,,,AES_STAGE,106,u_aes_peripheral/u_aes_round1/MC_REG_reg[7]
CASE_MC,,,AES_STAGE,107,u_aes_peripheral/u_aes_round1/MC_REG_reg[80]
CASE_MC,,,AES_STAGE,108,u_aes_peripheral/u_aes_round1/MC_REG_reg[81]
CASE_MC,,,AES_STAGE,109,u_aes_peripheral/u_aes_round1/MC_REG_reg[82]
CASE_MC,,,AES_STAGE,110,u_aes_peripheral/u_aes_round1/MC_REG_reg[83]
CASE_MC,,,AES_STAGE,111,u_aes_peripheral/u_aes_round1/MC_REG_reg[84]
CASE_MC,,,AES_STAGE,112,u_aes_peripheral/u_aes_round1/MC_REG_reg[85]
CASE_MC,,,AES_STAGE,113,u_aes_peripheral/u_aes_round1/MC_REG_reg[86]
CASE_MC,,,AES_STAGE,114,u_aes_peripheral/u_aes_round1/MC_REG_reg[87]
CASE_MC,,,AES_STAGE,115,u_aes_peripheral/u_aes_round1/MC_REG_reg[88]
CASE_MC,,,AES_STAGE,116,u_aes_peripheral/u_aes_round1/MC_REG_reg[89]
CASE_MC,,,AES_STAGE,117,u_aes_peripheral/u_aes_round1/MC_REG_reg[8]
CASE_MC,,,AES_STAGE,118,u_aes_peripheral/u_aes_round1/MC_REG_reg[90]
CASE_MC,,,AES_STAGE,119,u_aes_peripheral/u_aes_round1/MC_REG_reg[91]
CASE_MC,,,AES_STAGE,120,u_aes_peripheral/u_aes_round1/MC_REG_reg[92]
CASE_MC,,,AES_STAGE,121,u_aes_peripheral/u_aes_round1/MC_REG_reg[93]
CASE_MC,,,AES_STAGE,122,u_aes_peripheral/u_aes_round1/MC_REG_reg[94]
CASE_MC,,,AES_STAGE,123,u_aes_peripheral/u_aes_round1/MC_REG_reg[95]
CASE_MC,,,AES_STAGE,124,u_aes_peripheral/u_aes_round1/MC_REG_reg[96]
CASE_MC,,,AES_STAGE,125,u_aes_peripheral/u_aes_round1/MC_REG_reg[97]
CASE_MC,,,AES_STAGE,126,u_aes_peripheral/u_aes_round1/MC_REG_reg[98]
CASE_MC,,,AES_STAGE,127,u_aes_peripheral/u_aes_round1/MC_REG_reg[99]
CASE_MC,,,AES_STAGE,128,u_aes_peripheral/u_aes_round1/MC_REG_reg[9]
CASE_RANDOM_STAGE_seed01,1,34,AES_STAGE_RANDOM,1,u_aes_peripheral/u_aes_round1/IARK_REG_reg[100]
CASE_RANDOM_STAGE_seed01,1,34,AES_STAGE_RANDOM,2,u_aes_peripheral/u_aes_round1/IARK_REG_reg[103]
CASE_RANDOM_STAGE_seed01,1,34,AES_STAGE_RANDOM,3,u_aes_peripheral/u_aes_round1/IARK_REG_reg[10]
CASE_RANDOM_STAGE_seed01,1,34,AES_STAGE_RANDOM,4,u_aes_peripheral/u_aes_round1/IARK_REG_reg[111]
CASE_RANDOM_STAGE_seed01,1,34,AES_STAGE_RANDOM,5,u_aes_peripheral/u_aes_round1/IARK_REG_reg[112]
CASE_RANDOM_STAGE_seed01,1,34,AES_STAGE_RANDOM,6,u_aes_peripheral/u_aes_round1/IARK_REG_reg[113]
CASE_RANDOM_STAGE_seed01,1,34,AES_STAGE_RANDOM,7,u_aes_peripheral/u_aes_round1/IARK_REG_reg[115]
CASE_RANDOM_STAGE_seed01,1,34,AES_STAGE_RANDOM,8,u_aes_peripheral/u_aes_round1/IARK_REG_reg[11]
CASE_RANDOM_STAGE_seed01,1,34,AES_STAGE_RANDOM,9,u_aes_peripheral/u_aes_round1/IARK_REG_reg[13]
CASE_RANDOM_STAGE_seed01,1,34,AES_STAGE_RANDOM,10,u_aes_peripheral/u_aes_round1/IARK_REG_reg[24]
CASE_RANDOM_STAGE_seed01,1,34,AES_STAGE_RANDOM,11,u_aes_peripheral/u_aes_round1/IARK_REG_reg[28]
CASE_RANDOM_STAGE_seed01,1,34,AES_STAGE_RANDOM,12,u_aes_peripheral/u_aes_round1/IARK_REG_reg[30]
CASE_RANDOM_STAGE_seed01,1,34,AES_STAGE_RANDOM,13,u_aes_peripheral/u_aes_round1/IARK_REG_reg[31]
CASE_RANDOM_STAGE_seed01,1,34,AES_STAGE_RANDOM,14,u_aes_peripheral/u_aes_round1/IARK_REG_reg[34]
CASE_RANDOM_STAGE_seed01,1,34,AES_STAGE_RANDOM,15,u_aes_peripheral/u_aes_round1/IARK_REG_reg[39]
CASE_RANDOM_STAGE_seed01,1,34,AES_STAGE_RANDOM,16,u_aes_peripheral/u_aes_round1/IARK_REG_reg[3]
CASE_RANDOM_STAGE_seed01,1,34,AES_STAGE_RANDOM,17,u_aes_peripheral/u_aes_round1/IARK_REG_reg[5]
CASE_RANDOM_STAGE_seed01,1,34,AES_STAGE_RANDOM,18,u_aes_peripheral/u_aes_round1/IARK_REG_reg[64]
CASE_RANDOM_STAGE_seed01,1,34,AES_STAGE_RANDOM,19,u_aes_peripheral/u_aes_round1/IARK_REG_reg[70]
CASE_RANDOM_STAGE_seed01,1,34,AES_STAGE_RANDOM,20,u_aes_peripheral/u_aes_round1/IARK_REG_reg[72]
CASE_RANDOM_STAGE_seed01,1,34,AES_STAGE_RANDOM,21,u_aes_peripheral/u_aes_round1/IARK_REG_reg[81]
CASE_RANDOM_STAGE_seed01,1,34,AES_STAGE_RANDOM,22,u_aes_peripheral/u_aes_round1/IARK_REG_reg[84]
CASE_RANDOM_STAGE_seed01,1,34,AES_STAGE_RANDOM,23,u_aes_peripheral/u_aes_round1/IARK_REG_reg[86]
CASE_RANDOM_STAGE_seed01,1,34,AES_STAGE_RANDOM,24,u_aes_peripheral/u_aes_round1/IARK_REG_reg[87]
CASE_RANDOM_STAGE_seed01,1,34,AES_STAGE_RANDOM,25,u_aes_peripheral/u_aes_round1/IARK_REG_reg[90]
CASE_RANDOM_STAGE_seed01,1,34,AES_STAGE_RANDOM,26,u_aes_peripheral/u_aes_round1/IARK_REG_reg[91]
CASE_RANDOM_STAGE_seed01,1,34,AES_STAGE_RANDOM,27,u_aes_peripheral/u_aes_round1/IARK_REG_reg[92]
CASE_RANDOM_STAGE_seed01,1,34,AES_STAGE_RANDOM,28,u_aes_peripheral/u_aes_round1/IARK_REG_reg[97]
CASE_RANDOM_STAGE_seed01,1,34,AES_STAGE_RANDOM,29,u_aes_peripheral/u_aes_round1/MC_REG_reg[101]
CASE_RANDOM_STAGE_seed01,1,34,AES_STAGE_RANDOM,30,u_aes_peripheral/u_aes_round1/MC_REG_reg[107]
CASE_RANDOM_STAGE_seed01,1,34,AES_STAGE_RANDOM,31,u_aes_peripheral/u_aes_round1/MC_REG_reg[108]
CASE_RANDOM_STAGE_seed01,1,34,AES_STAGE_RANDOM,32,u_aes_peripheral/u_aes_round1/MC_REG_reg[115]
CASE_RANDOM_STAGE_seed01,1,34,AES_STAGE_RANDOM,33,u_aes_peripheral/u_aes_round1/MC_REG_reg[118]
CASE_RANDOM_STAGE_seed01,1,34,AES_STAGE_RANDOM,34,u_aes_peripheral/u_aes_round1/MC_REG_reg[120]
CASE_RANDOM_STAGE_seed01,1,34,AES_STAGE_RANDOM,35,u_aes_peripheral/u_aes_round1/MC_REG_reg[124]
CASE_RANDOM_STAGE_seed01,1,34,AES_STAGE_RANDOM,36,u_aes_peripheral/u_aes_round1/MC_REG_reg[126]
CASE_RANDOM_STAGE_seed01,1,34,AES_STAGE_RANDOM,37,u_aes_peripheral/u_aes_round1/MC_REG_reg[15]
CASE_RANDOM_STAGE_seed01,1,34,AES_STAGE_RANDOM,38,u_aes_peripheral/u_aes_round1/MC_REG_reg[22]
CASE_RANDOM_STAGE_seed01,1,34,AES_STAGE_RANDOM,39,u_aes_peripheral/u_aes_round1/MC_REG_reg[28]
CASE_RANDOM_STAGE_seed01,1,34,AES_STAGE_RANDOM,40,u_aes_peripheral/u_aes_round1/MC_REG_reg[38]
CASE_RANDOM_STAGE_seed01,1,34,AES_STAGE_RANDOM,41,u_aes_peripheral/u_aes_round1/MC_REG_reg[3]
CASE_RANDOM_STAGE_seed01,1,34,AES_STAGE_RANDOM,42,u_aes_peripheral/u_aes_round1/MC_REG_reg[41]
CASE_RANDOM_STAGE_seed01,1,34,AES_STAGE_RANDOM,43,u_aes_peripheral/u_aes_round1/MC_REG_reg[44]
CASE_RANDOM_STAGE_seed01,1,34,AES_STAGE_RANDOM,44,u_aes_peripheral/u_aes_round1/MC_REG_reg[45]
CASE_RANDOM_STAGE_seed01,1,34,AES_STAGE_RANDOM,45,u_aes_peripheral/u_aes_round1/MC_REG_reg[49]
CASE_RANDOM_STAGE_seed01,1,34,AES_STAGE_RANDOM,46,u_aes_peripheral/u_aes_round1/MC_REG_reg[50]
CASE_RANDOM_STAGE_seed01,1,34,AES_STAGE_RANDOM,47,u_aes_peripheral/u_aes_round1/MC_REG_reg[55]
CASE_RANDOM_STAGE_seed01,1,34,AES_STAGE_RANDOM,48,u_aes_peripheral/u_aes_round1/MC_REG_reg[60]
CASE_RANDOM_STAGE_seed01,1,34,AES_STAGE_RANDOM,49,u_aes_peripheral/u_aes_round1/MC_REG_reg[61]
CASE_RANDOM_STAGE_seed01,1,34,AES_STAGE_RANDOM,50,u_aes_peripheral/u_aes_round1/MC_REG_reg[64]
CASE_RANDOM_STAGE_seed01,1,34,AES_STAGE_RANDOM,51,u_aes_peripheral/u_aes_round1/MC_REG_reg[69]
CASE_RANDOM_STAGE_seed01,1,34,AES_STAGE_RANDOM,52,u_aes_peripheral/u_aes_round1/MC_REG_reg[71]
CASE_RANDOM_STAGE_seed01,1,34,AES_STAGE_RANDOM,53,u_aes_peripheral/u_aes_round1/MC_REG_reg[75]
CASE_RANDOM_STAGE_seed01,1,34,AES_STAGE_RANDOM,54,u_aes_peripheral/u_aes_round1/MC_REG_reg[77]
CASE_RANDOM_STAGE_seed01,1,34,AES_STAGE_RANDOM,55,u_aes_peripheral/u_aes_round1/MC_REG_reg[81]
CASE_RANDOM_STAGE_seed01,1,34,AES_STAGE_RANDOM,56,u_aes_peripheral/u_aes_round1/MC_REG_reg[86]
CASE_RANDOM_STAGE_seed01,1,34,AES_STAGE_RANDOM,57,u_aes_peripheral/u_aes_round1/MC_REG_reg[87]
CASE_RANDOM_STAGE_seed01,1,34,AES_STAGE_RANDOM,58,u_aes_peripheral/u_aes_round1/MC_REG_reg[90]
CASE_RANDOM_STAGE_seed01,1,34,AES_STAGE_RANDOM,59,u_aes_peripheral/u_aes_round1/MC_REG_reg[94]
CASE_RANDOM_STAGE_seed01,1,34,AES_STAGE_RANDOM,60,u_aes_peripheral/u_aes_round1/MC_REG_reg[95]
CASE_RANDOM_STAGE_seed01,1,34,AES_STAGE_RANDOM,61,u_aes_peripheral/u_aes_round1/MC_REG_reg[98]
CASE_RANDOM_STAGE_seed01,1,34,AES_STAGE_RANDOM,62,u_aes_peripheral/u_aes_round1/MC_REG_reg[9]
CASE_RANDOM_STAGE_seed01,1,34,AES_STAGE_RANDOM,63,u_aes_peripheral/u_aes_round1/SB_REG_reg[0]
CASE_RANDOM_STAGE_seed01,1,34,AES_STAGE_RANDOM,64,u_aes_peripheral/u_aes_round1/SB_REG_reg[101]
CASE_RANDOM_STAGE_seed01,1,34,AES_STAGE_RANDOM,65,u_aes_peripheral/u_aes_round1/SB_REG_reg[102]
CASE_RANDOM_STAGE_seed01,1,34,AES_STAGE_RANDOM,66,u_aes_peripheral/u_aes_round1/SB_REG_reg[103]
CASE_RANDOM_STAGE_seed01,1,34,AES_STAGE_RANDOM,67,u_aes_peripheral/u_aes_round1/SB_REG_reg[109]
CASE_RANDOM_STAGE_seed01,1,34,AES_STAGE_RANDOM,68,u_aes_peripheral/u_aes_round1/SB_REG_reg[112]
CASE_RANDOM_STAGE_seed01,1,34,AES_STAGE_RANDOM,69,u_aes_peripheral/u_aes_round1/SB_REG_reg[119]
CASE_RANDOM_STAGE_seed01,1,34,AES_STAGE_RANDOM,70,u_aes_peripheral/u_aes_round1/SB_REG_reg[121]
CASE_RANDOM_STAGE_seed01,1,34,AES_STAGE_RANDOM,71,u_aes_peripheral/u_aes_round1/SB_REG_reg[124]
CASE_RANDOM_STAGE_seed01,1,34,AES_STAGE_RANDOM,72,u_aes_peripheral/u_aes_round1/SB_REG_reg[125]
CASE_RANDOM_STAGE_seed01,1,34,AES_STAGE_RANDOM,73,u_aes_peripheral/u_aes_round1/SB_REG_reg[16]
CASE_RANDOM_STAGE_seed01,1,34,AES_STAGE_RANDOM,74,u_aes_peripheral/u_aes_round1/SB_REG_reg[20]
CASE_RANDOM_STAGE_seed01,1,34,AES_STAGE_RANDOM,75,u_aes_peripheral/u_aes_round1/SB_REG_reg[24]
CASE_RANDOM_STAGE_seed01,1,34,AES_STAGE_RANDOM,76,u_aes_peripheral/u_aes_round1/SB_REG_reg[25]
CASE_RANDOM_STAGE_seed01,1,34,AES_STAGE_RANDOM,77,u_aes_peripheral/u_aes_round1/SB_REG_reg[26]
CASE_RANDOM_STAGE_seed01,1,34,AES_STAGE_RANDOM,78,u_aes_peripheral/u_aes_round1/SB_REG_reg[27]
CASE_RANDOM_STAGE_seed01,1,34,AES_STAGE_RANDOM,79,u_aes_peripheral/u_aes_round1/SB_REG_reg[34]
CASE_RANDOM_STAGE_seed01,1,34,AES_STAGE_RANDOM,80,u_aes_peripheral/u_aes_round1/SB_REG_reg[37]
CASE_RANDOM_STAGE_seed01,1,34,AES_STAGE_RANDOM,81,u_aes_peripheral/u_aes_round1/SB_REG_reg[44]
CASE_RANDOM_STAGE_seed01,1,34,AES_STAGE_RANDOM,82,u_aes_peripheral/u_aes_round1/SB_REG_reg[4]
CASE_RANDOM_STAGE_seed01,1,34,AES_STAGE_RANDOM,83,u_aes_peripheral/u_aes_round1/SB_REG_reg[53]
CASE_RANDOM_STAGE_seed01,1,34,AES_STAGE_RANDOM,84,u_aes_peripheral/u_aes_round1/SB_REG_reg[54]
CASE_RANDOM_STAGE_seed01,1,34,AES_STAGE_RANDOM,85,u_aes_peripheral/u_aes_round1/SB_REG_reg[5]
CASE_RANDOM_STAGE_seed01,1,34,AES_STAGE_RANDOM,86,u_aes_peripheral/u_aes_round1/SB_REG_reg[60]
CASE_RANDOM_STAGE_seed01,1,34,AES_STAGE_RANDOM,87,u_aes_peripheral/u_aes_round1/SB_REG_reg[63]
CASE_RANDOM_STAGE_seed01,1,34,AES_STAGE_RANDOM,88,u_aes_peripheral/u_aes_round1/SB_REG_reg[65]
CASE_RANDOM_STAGE_seed01,1,34,AES_STAGE_RANDOM,89,u_aes_peripheral/u_aes_round1/SB_REG_reg[66]
CASE_RANDOM_STAGE_seed01,1,34,AES_STAGE_RANDOM,90,u_aes_peripheral/u_aes_round1/SB_REG_reg[70]
CASE_RANDOM_STAGE_seed01,1,34,AES_STAGE_RANDOM,91,u_aes_peripheral/u_aes_round1/SB_REG_reg[75]
CASE_RANDOM_STAGE_seed01,1,34,AES_STAGE_RANDOM,92,u_aes_peripheral/u_aes_round1/SB_REG_reg[78]
CASE_RANDOM_STAGE_seed01,1,34,AES_STAGE_RANDOM,93,u_aes_peripheral/u_aes_round1/SB_REG_reg[79]
CASE_RANDOM_STAGE_seed01,1,34,AES_STAGE_RANDOM,94,u_aes_peripheral/u_aes_round1/SB_REG_reg[82]
CASE_RANDOM_STAGE_seed01,1,34,AES_STAGE_RANDOM,95,u_aes_peripheral/u_aes_round1/SB_REG_reg[87]
CASE_RANDOM_STAGE_seed01,1,34,AES_STAGE_RANDOM,96,u_aes_peripheral/u_aes_round1/SB_REG_reg[88]
CASE_RANDOM_STAGE_seed01,1,34,AES_STAGE_RANDOM,97,u_aes_peripheral/u_aes_round1/SB_REG_reg[89]
CASE_RANDOM_STAGE_seed01,1,34,AES_STAGE_RANDOM,98,u_aes_peripheral/u_aes_round1/SB_REG_reg[92]
CASE_RANDOM_STAGE_seed01,1,34,AES_STAGE_RANDOM,99,u_aes_peripheral/u_aes_round1/SB_REG_reg[94]
CASE_RANDOM_STAGE_seed01,1,34,AES_STAGE_RANDOM,100,u_aes_peripheral/u_aes_round1/SB_REG_reg[97]
CASE_RANDOM_STAGE_seed01,1,34,AES_STAGE_RANDOM,101,u_aes_peripheral/u_aes_round1/SR_REG_reg[104]
CASE_RANDOM_STAGE_seed01,1,34,AES_STAGE_RANDOM,102,u_aes_peripheral/u_aes_round1/SR_REG_reg[105]
CASE_RANDOM_STAGE_seed01,1,34,AES_STAGE_RANDOM,103,u_aes_peripheral/u_aes_round1/SR_REG_reg[106]
CASE_RANDOM_STAGE_seed01,1,34,AES_STAGE_RANDOM,104,u_aes_peripheral/u_aes_round1/SR_REG_reg[107]
CASE_RANDOM_STAGE_seed01,1,34,AES_STAGE_RANDOM,105,u_aes_peripheral/u_aes_round1/SR_REG_reg[111]
CASE_RANDOM_STAGE_seed01,1,34,AES_STAGE_RANDOM,106,u_aes_peripheral/u_aes_round1/SR_REG_reg[112]
CASE_RANDOM_STAGE_seed01,1,34,AES_STAGE_RANDOM,107,u_aes_peripheral/u_aes_round1/SR_REG_reg[117]
CASE_RANDOM_STAGE_seed01,1,34,AES_STAGE_RANDOM,108,u_aes_peripheral/u_aes_round1/SR_REG_reg[121]
CASE_RANDOM_STAGE_seed01,1,34,AES_STAGE_RANDOM,109,u_aes_peripheral/u_aes_round1/SR_REG_reg[123]
CASE_RANDOM_STAGE_seed01,1,34,AES_STAGE_RANDOM,110,u_aes_peripheral/u_aes_round1/SR_REG_reg[18]
CASE_RANDOM_STAGE_seed01,1,34,AES_STAGE_RANDOM,111,u_aes_peripheral/u_aes_round1/SR_REG_reg[20]
CASE_RANDOM_STAGE_seed01,1,34,AES_STAGE_RANDOM,112,u_aes_peripheral/u_aes_round1/SR_REG_reg[23]
CASE_RANDOM_STAGE_seed01,1,34,AES_STAGE_RANDOM,113,u_aes_peripheral/u_aes_round1/SR_REG_reg[24]
CASE_RANDOM_STAGE_seed01,1,34,AES_STAGE_RANDOM,114,u_aes_peripheral/u_aes_round1/SR_REG_reg[29]
CASE_RANDOM_STAGE_seed01,1,34,AES_STAGE_RANDOM,115,u_aes_peripheral/u_aes_round1/SR_REG_reg[31]
CASE_RANDOM_STAGE_seed01,1,34,AES_STAGE_RANDOM,116,u_aes_peripheral/u_aes_round1/SR_REG_reg[45]
CASE_RANDOM_STAGE_seed01,1,34,AES_STAGE_RANDOM,117,u_aes_peripheral/u_aes_round1/SR_REG_reg[50]
CASE_RANDOM_STAGE_seed01,1,34,AES_STAGE_RANDOM,118,u_aes_peripheral/u_aes_round1/SR_REG_reg[51]
CASE_RANDOM_STAGE_seed01,1,34,AES_STAGE_RANDOM,119,u_aes_peripheral/u_aes_round1/SR_REG_reg[54]
CASE_RANDOM_STAGE_seed01,1,34,AES_STAGE_RANDOM,120,u_aes_peripheral/u_aes_round1/SR_REG_reg[57]
CASE_RANDOM_STAGE_seed01,1,34,AES_STAGE_RANDOM,121,u_aes_peripheral/u_aes_round1/SR_REG_reg[65]
CASE_RANDOM_STAGE_seed01,1,34,AES_STAGE_RANDOM,122,u_aes_peripheral/u_aes_round1/SR_REG_reg[66]
CASE_RANDOM_STAGE_seed01,1,34,AES_STAGE_RANDOM,123,u_aes_peripheral/u_aes_round1/SR_REG_reg[72]
CASE_RANDOM_STAGE_seed01,1,34,AES_STAGE_RANDOM,124,u_aes_peripheral/u_aes_round1/SR_REG_reg[83]
CASE_RANDOM_STAGE_seed01,1,34,AES_STAGE_RANDOM,125,u_aes_peripheral/u_aes_round1/SR_REG_reg[91]
CASE_RANDOM_STAGE_seed01,1,34,AES_STAGE_RANDOM,126,u_aes_peripheral/u_aes_round1/SR_REG_reg[92]
CASE_RANDOM_STAGE_seed01,1,34,AES_STAGE_RANDOM,127,u_aes_peripheral/u_aes_round1/SR_REG_reg[96]
CASE_RANDOM_STAGE_seed01,1,34,AES_STAGE_RANDOM,128,u_aes_peripheral/u_aes_round1/SR_REG_reg[97]
CASE_RANDOM_STAGE_seed02,2,33,AES_STAGE_RANDOM,1,u_aes_peripheral/u_aes_round1/IARK_REG_reg[110]
CASE_RANDOM_STAGE_seed02,2,33,AES_STAGE_RANDOM,2,u_aes_peripheral/u_aes_round1/IARK_REG_reg[112]
CASE_RANDOM_STAGE_seed02,2,33,AES_STAGE_RANDOM,3,u_aes_peripheral/u_aes_round1/IARK_REG_reg[116]
CASE_RANDOM_STAGE_seed02,2,33,AES_STAGE_RANDOM,4,u_aes_peripheral/u_aes_round1/IARK_REG_reg[23]
CASE_RANDOM_STAGE_seed02,2,33,AES_STAGE_RANDOM,5,u_aes_peripheral/u_aes_round1/IARK_REG_reg[26]
CASE_RANDOM_STAGE_seed02,2,33,AES_STAGE_RANDOM,6,u_aes_peripheral/u_aes_round1/IARK_REG_reg[36]
CASE_RANDOM_STAGE_seed02,2,33,AES_STAGE_RANDOM,7,u_aes_peripheral/u_aes_round1/IARK_REG_reg[47]
CASE_RANDOM_STAGE_seed02,2,33,AES_STAGE_RANDOM,8,u_aes_peripheral/u_aes_round1/IARK_REG_reg[58]
CASE_RANDOM_STAGE_seed02,2,33,AES_STAGE_RANDOM,9,u_aes_peripheral/u_aes_round1/IARK_REG_reg[59]
CASE_RANDOM_STAGE_seed02,2,33,AES_STAGE_RANDOM,10,u_aes_peripheral/u_aes_round1/IARK_REG_reg[60]
CASE_RANDOM_STAGE_seed02,2,33,AES_STAGE_RANDOM,11,u_aes_peripheral/u_aes_round1/IARK_REG_reg[61]
CASE_RANDOM_STAGE_seed02,2,33,AES_STAGE_RANDOM,12,u_aes_peripheral/u_aes_round1/IARK_REG_reg[62]
CASE_RANDOM_STAGE_seed02,2,33,AES_STAGE_RANDOM,13,u_aes_peripheral/u_aes_round1/IARK_REG_reg[64]
CASE_RANDOM_STAGE_seed02,2,33,AES_STAGE_RANDOM,14,u_aes_peripheral/u_aes_round1/IARK_REG_reg[66]
CASE_RANDOM_STAGE_seed02,2,33,AES_STAGE_RANDOM,15,u_aes_peripheral/u_aes_round1/IARK_REG_reg[69]
CASE_RANDOM_STAGE_seed02,2,33,AES_STAGE_RANDOM,16,u_aes_peripheral/u_aes_round1/IARK_REG_reg[80]
CASE_RANDOM_STAGE_seed02,2,33,AES_STAGE_RANDOM,17,u_aes_peripheral/u_aes_round1/IARK_REG_reg[82]
CASE_RANDOM_STAGE_seed02,2,33,AES_STAGE_RANDOM,18,u_aes_peripheral/u_aes_round1/IARK_REG_reg[87]
CASE_RANDOM_STAGE_seed02,2,33,AES_STAGE_RANDOM,19,u_aes_peripheral/u_aes_round1/IARK_REG_reg[91]
CASE_RANDOM_STAGE_seed02,2,33,AES_STAGE_RANDOM,20,u_aes_peripheral/u_aes_round1/IARK_REG_reg[93]
CASE_RANDOM_STAGE_seed02,2,33,AES_STAGE_RANDOM,21,u_aes_peripheral/u_aes_round1/IARK_REG_reg[9]
CASE_RANDOM_STAGE_seed02,2,33,AES_STAGE_RANDOM,22,u_aes_peripheral/u_aes_round1/MC_REG_reg[0]
CASE_RANDOM_STAGE_seed02,2,33,AES_STAGE_RANDOM,23,u_aes_peripheral/u_aes_round1/MC_REG_reg[108]
CASE_RANDOM_STAGE_seed02,2,33,AES_STAGE_RANDOM,24,u_aes_peripheral/u_aes_round1/MC_REG_reg[112]
CASE_RANDOM_STAGE_seed02,2,33,AES_STAGE_RANDOM,25,u_aes_peripheral/u_aes_round1/MC_REG_reg[124]
CASE_RANDOM_STAGE_seed02,2,33,AES_STAGE_RANDOM,26,u_aes_peripheral/u_aes_round1/MC_REG_reg[126]
CASE_RANDOM_STAGE_seed02,2,33,AES_STAGE_RANDOM,27,u_aes_peripheral/u_aes_round1/MC_REG_reg[127]
CASE_RANDOM_STAGE_seed02,2,33,AES_STAGE_RANDOM,28,u_aes_peripheral/u_aes_round1/MC_REG_reg[12]
CASE_RANDOM_STAGE_seed02,2,33,AES_STAGE_RANDOM,29,u_aes_peripheral/u_aes_round1/MC_REG_reg[16]
CASE_RANDOM_STAGE_seed02,2,33,AES_STAGE_RANDOM,30,u_aes_peripheral/u_aes_round1/MC_REG_reg[19]
CASE_RANDOM_STAGE_seed02,2,33,AES_STAGE_RANDOM,31,u_aes_peripheral/u_aes_round1/MC_REG_reg[30]
CASE_RANDOM_STAGE_seed02,2,33,AES_STAGE_RANDOM,32,u_aes_peripheral/u_aes_round1/MC_REG_reg[32]
CASE_RANDOM_STAGE_seed02,2,33,AES_STAGE_RANDOM,33,u_aes_peripheral/u_aes_round1/MC_REG_reg[35]
CASE_RANDOM_STAGE_seed02,2,33,AES_STAGE_RANDOM,34,u_aes_peripheral/u_aes_round1/MC_REG_reg[36]
CASE_RANDOM_STAGE_seed02,2,33,AES_STAGE_RANDOM,35,u_aes_peripheral/u_aes_round1/MC_REG_reg[37]
CASE_RANDOM_STAGE_seed02,2,33,AES_STAGE_RANDOM,36,u_aes_peripheral/u_aes_round1/MC_REG_reg[38]
CASE_RANDOM_STAGE_seed02,2,33,AES_STAGE_RANDOM,37,u_aes_peripheral/u_aes_round1/MC_REG_reg[40]
CASE_RANDOM_STAGE_seed02,2,33,AES_STAGE_RANDOM,38,u_aes_peripheral/u_aes_round1/MC_REG_reg[44]
CASE_RANDOM_STAGE_seed02,2,33,AES_STAGE_RANDOM,39,u_aes_peripheral/u_aes_round1/MC_REG_reg[50]
CASE_RANDOM_STAGE_seed02,2,33,AES_STAGE_RANDOM,40,u_aes_peripheral/u_aes_round1/MC_REG_reg[53]
CASE_RANDOM_STAGE_seed02,2,33,AES_STAGE_RANDOM,41,u_aes_peripheral/u_aes_round1/MC_REG_reg[57]
CASE_RANDOM_STAGE_seed02,2,33,AES_STAGE_RANDOM,42,u_aes_peripheral/u_aes_round1/MC_REG_reg[60]
CASE_RANDOM_STAGE_seed02,2,33,AES_STAGE_RANDOM,43,u_aes_peripheral/u_aes_round1/MC_REG_reg[64]
CASE_RANDOM_STAGE_seed02,2,33,AES_STAGE_RANDOM,44,u_aes_peripheral/u_aes_round1/MC_REG_reg[68]
CASE_RANDOM_STAGE_seed02,2,33,AES_STAGE_RANDOM,45,u_aes_peripheral/u_aes_round1/MC_REG_reg[74]
CASE_RANDOM_STAGE_seed02,2,33,AES_STAGE_RANDOM,46,u_aes_peripheral/u_aes_round1/MC_REG_reg[75]
CASE_RANDOM_STAGE_seed02,2,33,AES_STAGE_RANDOM,47,u_aes_peripheral/u_aes_round1/MC_REG_reg[79]
CASE_RANDOM_STAGE_seed02,2,33,AES_STAGE_RANDOM,48,u_aes_peripheral/u_aes_round1/MC_REG_reg[7]
CASE_RANDOM_STAGE_seed02,2,33,AES_STAGE_RANDOM,49,u_aes_peripheral/u_aes_round1/MC_REG_reg[82]
CASE_RANDOM_STAGE_seed02,2,33,AES_STAGE_RANDOM,50,u_aes_peripheral/u_aes_round1/MC_REG_reg[84]
CASE_RANDOM_STAGE_seed02,2,33,AES_STAGE_RANDOM,51,u_aes_peripheral/u_aes_round1/MC_REG_reg[90]
CASE_RANDOM_STAGE_seed02,2,33,AES_STAGE_RANDOM,52,u_aes_peripheral/u_aes_round1/MC_REG_reg[94]
CASE_RANDOM_STAGE_seed02,2,33,AES_STAGE_RANDOM,53,u_aes_peripheral/u_aes_round1/MC_REG_reg[95]
CASE_RANDOM_STAGE_seed02,2,33,AES_STAGE_RANDOM,54,u_aes_peripheral/u_aes_round1/MC_REG_reg[9]
CASE_RANDOM_STAGE_seed02,2,33,AES_STAGE_RANDOM,55,u_aes_peripheral/u_aes_round1/SB_REG_reg[0]
CASE_RANDOM_STAGE_seed02,2,33,AES_STAGE_RANDOM,56,u_aes_peripheral/u_aes_round1/SB_REG_reg[100]
CASE_RANDOM_STAGE_seed02,2,33,AES_STAGE_RANDOM,57,u_aes_peripheral/u_aes_round1/SB_REG_reg[101]
CASE_RANDOM_STAGE_seed02,2,33,AES_STAGE_RANDOM,58,u_aes_peripheral/u_aes_round1/SB_REG_reg[102]
CASE_RANDOM_STAGE_seed02,2,33,AES_STAGE_RANDOM,59,u_aes_peripheral/u_aes_round1/SB_REG_reg[103]
CASE_RANDOM_STAGE_seed02,2,33,AES_STAGE_RANDOM,60,u_aes_peripheral/u_aes_round1/SB_REG_reg[104]
CASE_RANDOM_STAGE_seed02,2,33,AES_STAGE_RANDOM,61,u_aes_peripheral/u_aes_round1/SB_REG_reg[105]
CASE_RANDOM_STAGE_seed02,2,33,AES_STAGE_RANDOM,62,u_aes_peripheral/u_aes_round1/SB_REG_reg[106]
CASE_RANDOM_STAGE_seed02,2,33,AES_STAGE_RANDOM,63,u_aes_peripheral/u_aes_round1/SB_REG_reg[108]
CASE_RANDOM_STAGE_seed02,2,33,AES_STAGE_RANDOM,64,u_aes_peripheral/u_aes_round1/SB_REG_reg[110]
CASE_RANDOM_STAGE_seed02,2,33,AES_STAGE_RANDOM,65,u_aes_peripheral/u_aes_round1/SB_REG_reg[111]
CASE_RANDOM_STAGE_seed02,2,33,AES_STAGE_RANDOM,66,u_aes_peripheral/u_aes_round1/SB_REG_reg[113]
CASE_RANDOM_STAGE_seed02,2,33,AES_STAGE_RANDOM,67,u_aes_peripheral/u_aes_round1/SB_REG_reg[11]
CASE_RANDOM_STAGE_seed02,2,33,AES_STAGE_RANDOM,68,u_aes_peripheral/u_aes_round1/SB_REG_reg[126]
CASE_RANDOM_STAGE_seed02,2,33,AES_STAGE_RANDOM,69,u_aes_peripheral/u_aes_round1/SB_REG_reg[127]
CASE_RANDOM_STAGE_seed02,2,33,AES_STAGE_RANDOM,70,u_aes_peripheral/u_aes_round1/SB_REG_reg[12]
CASE_RANDOM_STAGE_seed02,2,33,AES_STAGE_RANDOM,71,u_aes_peripheral/u_aes_round1/SB_REG_reg[15]
CASE_RANDOM_STAGE_seed02,2,33,AES_STAGE_RANDOM,72,u_aes_peripheral/u_aes_round1/SB_REG_reg[21]
CASE_RANDOM_STAGE_seed02,2,33,AES_STAGE_RANDOM,73,u_aes_peripheral/u_aes_round1/SB_REG_reg[25]
CASE_RANDOM_STAGE_seed02,2,33,AES_STAGE_RANDOM,74,u_aes_peripheral/u_aes_round1/SB_REG_reg[27]
CASE_RANDOM_STAGE_seed02,2,33,AES_STAGE_RANDOM,75,u_aes_peripheral/u_aes_round1/SB_REG_reg[33]
CASE_RANDOM_STAGE_seed02,2,33,AES_STAGE_RANDOM,76,u_aes_peripheral/u_aes_round1/SB_REG_reg[38]
CASE_RANDOM_STAGE_seed02,2,33,AES_STAGE_RANDOM,77,u_aes_peripheral/u_aes_round1/SB_REG_reg[41]
CASE_RANDOM_STAGE_seed02,2,33,AES_STAGE_RANDOM,78,u_aes_peripheral/u_aes_round1/SB_REG_reg[48]
CASE_RANDOM_STAGE_seed02,2,33,AES_STAGE_RANDOM,79,u_aes_peripheral/u_aes_round1/SB_REG_reg[54]
CASE_RANDOM_STAGE_seed02,2,33,AES_STAGE_RANDOM,80,u_aes_peripheral/u_aes_round1/SB_REG_reg[56]
CASE_RANDOM_STAGE_seed02,2,33,AES_STAGE_RANDOM,81,u_aes_peripheral/u_aes_round1/SB_REG_reg[58]
CASE_RANDOM_STAGE_seed02,2,33,AES_STAGE_RANDOM,82,u_aes_peripheral/u_aes_round1/SB_REG_reg[59]
CASE_RANDOM_STAGE_seed02,2,33,AES_STAGE_RANDOM,83,u_aes_peripheral/u_aes_round1/SB_REG_reg[62]
CASE_RANDOM_STAGE_seed02,2,33,AES_STAGE_RANDOM,84,u_aes_peripheral/u_aes_round1/SB_REG_reg[65]
CASE_RANDOM_STAGE_seed02,2,33,AES_STAGE_RANDOM,85,u_aes_peripheral/u_aes_round1/SB_REG_reg[68]
CASE_RANDOM_STAGE_seed02,2,33,AES_STAGE_RANDOM,86,u_aes_peripheral/u_aes_round1/SB_REG_reg[6]
CASE_RANDOM_STAGE_seed02,2,33,AES_STAGE_RANDOM,87,u_aes_peripheral/u_aes_round1/SB_REG_reg[77]
CASE_RANDOM_STAGE_seed02,2,33,AES_STAGE_RANDOM,88,u_aes_peripheral/u_aes_round1/SB_REG_reg[7]
CASE_RANDOM_STAGE_seed02,2,33,AES_STAGE_RANDOM,89,u_aes_peripheral/u_aes_round1/SB_REG_reg[84]
CASE_RANDOM_STAGE_seed02,2,33,AES_STAGE_RANDOM,90,u_aes_peripheral/u_aes_round1/SB_REG_reg[88]
CASE_RANDOM_STAGE_seed02,2,33,AES_STAGE_RANDOM,91,u_aes_peripheral/u_aes_round1/SB_REG_reg[89]
CASE_RANDOM_STAGE_seed02,2,33,AES_STAGE_RANDOM,92,u_aes_peripheral/u_aes_round1/SB_REG_reg[91]
CASE_RANDOM_STAGE_seed02,2,33,AES_STAGE_RANDOM,93,u_aes_peripheral/u_aes_round1/SB_REG_reg[93]
CASE_RANDOM_STAGE_seed02,2,33,AES_STAGE_RANDOM,94,u_aes_peripheral/u_aes_round1/SB_REG_reg[95]
CASE_RANDOM_STAGE_seed02,2,33,AES_STAGE_RANDOM,95,u_aes_peripheral/u_aes_round1/SR_REG_reg[101]
CASE_RANDOM_STAGE_seed02,2,33,AES_STAGE_RANDOM,96,u_aes_peripheral/u_aes_round1/SR_REG_reg[105]
CASE_RANDOM_STAGE_seed02,2,33,AES_STAGE_RANDOM,97,u_aes_peripheral/u_aes_round1/SR_REG_reg[10]
CASE_RANDOM_STAGE_seed02,2,33,AES_STAGE_RANDOM,98,u_aes_peripheral/u_aes_round1/SR_REG_reg[118]
CASE_RANDOM_STAGE_seed02,2,33,AES_STAGE_RANDOM,99,u_aes_peripheral/u_aes_round1/SR_REG_reg[11]
CASE_RANDOM_STAGE_seed02,2,33,AES_STAGE_RANDOM,100,u_aes_peripheral/u_aes_round1/SR_REG_reg[120]
CASE_RANDOM_STAGE_seed02,2,33,AES_STAGE_RANDOM,101,u_aes_peripheral/u_aes_round1/SR_REG_reg[124]
CASE_RANDOM_STAGE_seed02,2,33,AES_STAGE_RANDOM,102,u_aes_peripheral/u_aes_round1/SR_REG_reg[127]
CASE_RANDOM_STAGE_seed02,2,33,AES_STAGE_RANDOM,103,u_aes_peripheral/u_aes_round1/SR_REG_reg[23]
CASE_RANDOM_STAGE_seed02,2,33,AES_STAGE_RANDOM,104,u_aes_peripheral/u_aes_round1/SR_REG_reg[24]
CASE_RANDOM_STAGE_seed02,2,33,AES_STAGE_RANDOM,105,u_aes_peripheral/u_aes_round1/SR_REG_reg[28]
CASE_RANDOM_STAGE_seed02,2,33,AES_STAGE_RANDOM,106,u_aes_peripheral/u_aes_round1/SR_REG_reg[32]
CASE_RANDOM_STAGE_seed02,2,33,AES_STAGE_RANDOM,107,u_aes_peripheral/u_aes_round1/SR_REG_reg[35]
CASE_RANDOM_STAGE_seed02,2,33,AES_STAGE_RANDOM,108,u_aes_peripheral/u_aes_round1/SR_REG_reg[3]
CASE_RANDOM_STAGE_seed02,2,33,AES_STAGE_RANDOM,109,u_aes_peripheral/u_aes_round1/SR_REG_reg[42]
CASE_RANDOM_STAGE_seed02,2,33,AES_STAGE_RANDOM,110,u_aes_peripheral/u_aes_round1/SR_REG_reg[43]
CASE_RANDOM_STAGE_seed02,2,33,AES_STAGE_RANDOM,111,u_aes_peripheral/u_aes_round1/SR_REG_reg[46]
CASE_RANDOM_STAGE_seed02,2,33,AES_STAGE_RANDOM,112,u_aes_peripheral/u_aes_round1/SR_REG_reg[47]
CASE_RANDOM_STAGE_seed02,2,33,AES_STAGE_RANDOM,113,u_aes_peripheral/u_aes_round1/SR_REG_reg[4]
CASE_RANDOM_STAGE_seed02,2,33,AES_STAGE_RANDOM,114,u_aes_peripheral/u_aes_round1/SR_REG_reg[52]
CASE_RANDOM_STAGE_seed02,2,33,AES_STAGE_RANDOM,115,u_aes_peripheral/u_aes_round1/SR_REG_reg[54]
CASE_RANDOM_STAGE_seed02,2,33,AES_STAGE_RANDOM,116,u_aes_peripheral/u_aes_round1/SR_REG_reg[57]
CASE_RANDOM_STAGE_seed02,2,33,AES_STAGE_RANDOM,117,u_aes_peripheral/u_aes_round1/SR_REG_reg[58]
CASE_RANDOM_STAGE_seed02,2,33,AES_STAGE_RANDOM,118,u_aes_peripheral/u_aes_round1/SR_REG_reg[61]
CASE_RANDOM_STAGE_seed02,2,33,AES_STAGE_RANDOM,119,u_aes_peripheral/u_aes_round1/SR_REG_reg[64]
CASE_RANDOM_STAGE_seed02,2,33,AES_STAGE_RANDOM,120,u_aes_peripheral/u_aes_round1/SR_REG_reg[67]
CASE_RANDOM_STAGE_seed02,2,33,AES_STAGE_RANDOM,121,u_aes_peripheral/u_aes_round1/SR_REG_reg[70]
CASE_RANDOM_STAGE_seed02,2,33,AES_STAGE_RANDOM,122,u_aes_peripheral/u_aes_round1/SR_REG_reg[71]
CASE_RANDOM_STAGE_seed02,2,33,AES_STAGE_RANDOM,123,u_aes_peripheral/u_aes_round1/SR_REG_reg[78]
CASE_RANDOM_STAGE_seed02,2,33,AES_STAGE_RANDOM,124,u_aes_peripheral/u_aes_round1/SR_REG_reg[79]
CASE_RANDOM_STAGE_seed02,2,33,AES_STAGE_RANDOM,125,u_aes_peripheral/u_aes_round1/SR_REG_reg[86]
CASE_RANDOM_STAGE_seed02,2,33,AES_STAGE_RANDOM,126,u_aes_peripheral/u_aes_round1/SR_REG_reg[89]
CASE_RANDOM_STAGE_seed02,2,33,AES_STAGE_RANDOM,127,u_aes_peripheral/u_aes_round1/SR_REG_reg[94]
CASE_RANDOM_STAGE_seed02,2,33,AES_STAGE_RANDOM,128,u_aes_peripheral/u_aes_round1/SR_REG_reg[97]
CASE_RANDOM_STAGE_seed03,3,31,AES_STAGE_RANDOM,1,u_aes_peripheral/u_aes_round1/IARK_REG_reg[105]
CASE_RANDOM_STAGE_seed03,3,31,AES_STAGE_RANDOM,2,u_aes_peripheral/u_aes_round1/IARK_REG_reg[106]
CASE_RANDOM_STAGE_seed03,3,31,AES_STAGE_RANDOM,3,u_aes_peripheral/u_aes_round1/IARK_REG_reg[109]
CASE_RANDOM_STAGE_seed03,3,31,AES_STAGE_RANDOM,4,u_aes_peripheral/u_aes_round1/IARK_REG_reg[112]
CASE_RANDOM_STAGE_seed03,3,31,AES_STAGE_RANDOM,5,u_aes_peripheral/u_aes_round1/IARK_REG_reg[113]
CASE_RANDOM_STAGE_seed03,3,31,AES_STAGE_RANDOM,6,u_aes_peripheral/u_aes_round1/IARK_REG_reg[116]
CASE_RANDOM_STAGE_seed03,3,31,AES_STAGE_RANDOM,7,u_aes_peripheral/u_aes_round1/IARK_REG_reg[119]
CASE_RANDOM_STAGE_seed03,3,31,AES_STAGE_RANDOM,8,u_aes_peripheral/u_aes_round1/IARK_REG_reg[11]
CASE_RANDOM_STAGE_seed03,3,31,AES_STAGE_RANDOM,9,u_aes_peripheral/u_aes_round1/IARK_REG_reg[13]
CASE_RANDOM_STAGE_seed03,3,31,AES_STAGE_RANDOM,10,u_aes_peripheral/u_aes_round1/IARK_REG_reg[14]
CASE_RANDOM_STAGE_seed03,3,31,AES_STAGE_RANDOM,11,u_aes_peripheral/u_aes_round1/IARK_REG_reg[15]
CASE_RANDOM_STAGE_seed03,3,31,AES_STAGE_RANDOM,12,u_aes_peripheral/u_aes_round1/IARK_REG_reg[25]
CASE_RANDOM_STAGE_seed03,3,31,AES_STAGE_RANDOM,13,u_aes_peripheral/u_aes_round1/IARK_REG_reg[29]
CASE_RANDOM_STAGE_seed03,3,31,AES_STAGE_RANDOM,14,u_aes_peripheral/u_aes_round1/IARK_REG_reg[32]
CASE_RANDOM_STAGE_seed03,3,31,AES_STAGE_RANDOM,15,u_aes_peripheral/u_aes_round1/IARK_REG_reg[39]
CASE_RANDOM_STAGE_seed03,3,31,AES_STAGE_RANDOM,16,u_aes_peripheral/u_aes_round1/IARK_REG_reg[41]
CASE_RANDOM_STAGE_seed03,3,31,AES_STAGE_RANDOM,17,u_aes_peripheral/u_aes_round1/IARK_REG_reg[44]
CASE_RANDOM_STAGE_seed03,3,31,AES_STAGE_RANDOM,18,u_aes_peripheral/u_aes_round1/IARK_REG_reg[46]
CASE_RANDOM_STAGE_seed03,3,31,AES_STAGE_RANDOM,19,u_aes_peripheral/u_aes_round1/IARK_REG_reg[47]
CASE_RANDOM_STAGE_seed03,3,31,AES_STAGE_RANDOM,20,u_aes_peripheral/u_aes_round1/IARK_REG_reg[54]
CASE_RANDOM_STAGE_seed03,3,31,AES_STAGE_RANDOM,21,u_aes_peripheral/u_aes_round1/IARK_REG_reg[58]
CASE_RANDOM_STAGE_seed03,3,31,AES_STAGE_RANDOM,22,u_aes_peripheral/u_aes_round1/IARK_REG_reg[5]
CASE_RANDOM_STAGE_seed03,3,31,AES_STAGE_RANDOM,23,u_aes_peripheral/u_aes_round1/IARK_REG_reg[73]
CASE_RANDOM_STAGE_seed03,3,31,AES_STAGE_RANDOM,24,u_aes_peripheral/u_aes_round1/IARK_REG_reg[82]
CASE_RANDOM_STAGE_seed03,3,31,AES_STAGE_RANDOM,25,u_aes_peripheral/u_aes_round1/IARK_REG_reg[85]
CASE_RANDOM_STAGE_seed03,3,31,AES_STAGE_RANDOM,26,u_aes_peripheral/u_aes_round1/IARK_REG_reg[91]
CASE_RANDOM_STAGE_seed03,3,31,AES_STAGE_RANDOM,27,u_aes_peripheral/u_aes_round1/IARK_REG_reg[92]
CASE_RANDOM_STAGE_seed03,3,31,AES_STAGE_RANDOM,28,u_aes_peripheral/u_aes_round1/MC_REG_reg[103]
CASE_RANDOM_STAGE_seed03,3,31,AES_STAGE_RANDOM,29,u_aes_peripheral/u_aes_round1/MC_REG_reg[107]
CASE_RANDOM_STAGE_seed03,3,31,AES_STAGE_RANDOM,30,u_aes_peripheral/u_aes_round1/MC_REG_reg[108]
CASE_RANDOM_STAGE_seed03,3,31,AES_STAGE_RANDOM,31,u_aes_peripheral/u_aes_round1/MC_REG_reg[113]
CASE_RANDOM_STAGE_seed03,3,31,AES_STAGE_RANDOM,32,u_aes_peripheral/u_aes_round1/MC_REG_reg[115]
CASE_RANDOM_STAGE_seed03,3,31,AES_STAGE_RANDOM,33,u_aes_peripheral/u_aes_round1/MC_REG_reg[11]
CASE_RANDOM_STAGE_seed03,3,31,AES_STAGE_RANDOM,34,u_aes_peripheral/u_aes_round1/MC_REG_reg[123]
CASE_RANDOM_STAGE_seed03,3,31,AES_STAGE_RANDOM,35,u_aes_peripheral/u_aes_round1/MC_REG_reg[1]
CASE_RANDOM_STAGE_seed03,3,31,AES_STAGE_RANDOM,36,u_aes_peripheral/u_aes_round1/MC_REG_reg[24]
CASE_RANDOM_STAGE_seed03,3,31,AES_STAGE_RANDOM,37,u_aes_peripheral/u_aes_round1/MC_REG_reg[28]
CASE_RANDOM_STAGE_seed03,3,31,AES_STAGE_RANDOM,38,u_aes_peripheral/u_aes_round1/MC_REG_reg[30]
CASE_RANDOM_STAGE_seed03,3,31,AES_STAGE_RANDOM,39,u_aes_peripheral/u_aes_round1/MC_REG_reg[38]
CASE_RANDOM_STAGE_seed03,3,31,AES_STAGE_RANDOM,40,u_aes_peripheral/u_aes_round1/MC_REG_reg[3]
CASE_RANDOM_STAGE_seed03,3,31,AES_STAGE_RANDOM,41,u_aes_peripheral/u_aes_round1/MC_REG_reg[47]
CASE_RANDOM_STAGE_seed03,3,31,AES_STAGE_RANDOM,42,u_aes_peripheral/u_aes_round1/MC_REG_reg[48]
CASE_RANDOM_STAGE_seed03,3,31,AES_STAGE_RANDOM,43,u_aes_peripheral/u_aes_round1/MC_REG_reg[49]
CASE_RANDOM_STAGE_seed03,3,31,AES_STAGE_RANDOM,44,u_aes_peripheral/u_aes_round1/MC_REG_reg[51]
CASE_RANDOM_STAGE_seed03,3,31,AES_STAGE_RANDOM,45,u_aes_peripheral/u_aes_round1/MC_REG_reg[52]
CASE_RANDOM_STAGE_seed03,3,31,AES_STAGE_RANDOM,46,u_aes_peripheral/u_aes_round1/MC_REG_reg[57]
CASE_RANDOM_STAGE_seed03,3,31,AES_STAGE_RANDOM,47,u_aes_peripheral/u_aes_round1/MC_REG_reg[59]
CASE_RANDOM_STAGE_seed03,3,31,AES_STAGE_RANDOM,48,u_aes_peripheral/u_aes_round1/MC_REG_reg[60]
CASE_RANDOM_STAGE_seed03,3,31,AES_STAGE_RANDOM,49,u_aes_peripheral/u_aes_round1/MC_REG_reg[63]
CASE_RANDOM_STAGE_seed03,3,31,AES_STAGE_RANDOM,50,u_aes_peripheral/u_aes_round1/MC_REG_reg[66]
CASE_RANDOM_STAGE_seed03,3,31,AES_STAGE_RANDOM,51,u_aes_peripheral/u_aes_round1/MC_REG_reg[70]
CASE_RANDOM_STAGE_seed03,3,31,AES_STAGE_RANDOM,52,u_aes_peripheral/u_aes_round1/MC_REG_reg[74]
CASE_RANDOM_STAGE_seed03,3,31,AES_STAGE_RANDOM,53,u_aes_peripheral/u_aes_round1/MC_REG_reg[86]
CASE_RANDOM_STAGE_seed03,3,31,AES_STAGE_RANDOM,54,u_aes_peripheral/u_aes_round1/MC_REG_reg[88]
CASE_RANDOM_STAGE_seed03,3,31,AES_STAGE_RANDOM,55,u_aes_peripheral/u_aes_round1/MC_REG_reg[89]
CASE_RANDOM_STAGE_seed03,3,31,AES_STAGE_RANDOM,56,u_aes_peripheral/u_aes_round1/MC_REG_reg[91]
CASE_RANDOM_STAGE_seed03,3,31,AES_STAGE_RANDOM,57,u_aes_peripheral/u_aes_round1/MC_REG_reg[92]
CASE_RANDOM_STAGE_seed03,3,31,AES_STAGE_RANDOM,58,u_aes_peripheral/u_aes_round1/MC_REG_reg[98]
CASE_RANDOM_STAGE_seed03,3,31,AES_STAGE_RANDOM,59,u_aes_peripheral/u_aes_round1/SB_REG_reg[102]
CASE_RANDOM_STAGE_seed03,3,31,AES_STAGE_RANDOM,60,u_aes_peripheral/u_aes_round1/SB_REG_reg[10]
CASE_RANDOM_STAGE_seed03,3,31,AES_STAGE_RANDOM,61,u_aes_peripheral/u_aes_round1/SB_REG_reg[115]
CASE_RANDOM_STAGE_seed03,3,31,AES_STAGE_RANDOM,62,u_aes_peripheral/u_aes_round1/SB_REG_reg[118]
CASE_RANDOM_STAGE_seed03,3,31,AES_STAGE_RANDOM,63,u_aes_peripheral/u_aes_round1/SB_REG_reg[119]
CASE_RANDOM_STAGE_seed03,3,31,AES_STAGE_RANDOM,64,u_aes_peripheral/u_aes_round1/SB_REG_reg[11]
CASE_RANDOM_STAGE_seed03,3,31,AES_STAGE_RANDOM,65,u_aes_peripheral/u_aes_round1/SB_REG_reg[122]
CASE_RANDOM_STAGE_seed03,3,31,AES_STAGE_RANDOM,66,u_aes_peripheral/u_aes_round1/SB_REG_reg[123]
CASE_RANDOM_STAGE_seed03,3,31,AES_STAGE_RANDOM,67,u_aes_peripheral/u_aes_round1/SB_REG_reg[16]
CASE_RANDOM_STAGE_seed03,3,31,AES_STAGE_RANDOM,68,u_aes_peripheral/u_aes_round1/SB_REG_reg[17]
CASE_RANDOM_STAGE_seed03,3,31,AES_STAGE_RANDOM,69,u_aes_peripheral/u_aes_round1/SB_REG_reg[18]
CASE_RANDOM_STAGE_seed03,3,31,AES_STAGE_RANDOM,70,u_aes_peripheral/u_aes_round1/SB_REG_reg[1]
CASE_RANDOM_STAGE_seed03,3,31,AES_STAGE_RANDOM,71,u_aes_peripheral/u_aes_round1/SB_REG_reg[21]
CASE_RANDOM_STAGE_seed03,3,31,AES_STAGE_RANDOM,72,u_aes_peripheral/u_aes_round1/SB_REG_reg[23]
CASE_RANDOM_STAGE_seed03,3,31,AES_STAGE_RANDOM,73,u_aes_peripheral/u_aes_round1/SB_REG_reg[26]
CASE_RANDOM_STAGE_seed03,3,31,AES_STAGE_RANDOM,74,u_aes_peripheral/u_aes_round1/SB_REG_reg[27]
CASE_RANDOM_STAGE_seed03,3,31,AES_STAGE_RANDOM,75,u_aes_peripheral/u_aes_round1/SB_REG_reg[28]
CASE_RANDOM_STAGE_seed03,3,31,AES_STAGE_RANDOM,76,u_aes_peripheral/u_aes_round1/SB_REG_reg[32]
CASE_RANDOM_STAGE_seed03,3,31,AES_STAGE_RANDOM,77,u_aes_peripheral/u_aes_round1/SB_REG_reg[33]
CASE_RANDOM_STAGE_seed03,3,31,AES_STAGE_RANDOM,78,u_aes_peripheral/u_aes_round1/SB_REG_reg[37]
CASE_RANDOM_STAGE_seed03,3,31,AES_STAGE_RANDOM,79,u_aes_peripheral/u_aes_round1/SB_REG_reg[42]
CASE_RANDOM_STAGE_seed03,3,31,AES_STAGE_RANDOM,80,u_aes_peripheral/u_aes_round1/SB_REG_reg[46]
CASE_RANDOM_STAGE_seed03,3,31,AES_STAGE_RANDOM,81,u_aes_peripheral/u_aes_round1/SB_REG_reg[47]
CASE_RANDOM_STAGE_seed03,3,31,AES_STAGE_RANDOM,82,u_aes_peripheral/u_aes_round1/SB_REG_reg[49]
CASE_RANDOM_STAGE_seed03,3,31,AES_STAGE_RANDOM,83,u_aes_peripheral/u_aes_round1/SB_REG_reg[56]
CASE_RANDOM_STAGE_seed03,3,31,AES_STAGE_RANDOM,84,u_aes_peripheral/u_aes_round1/SB_REG_reg[63]
CASE_RANDOM_STAGE_seed03,3,31,AES_STAGE_RANDOM,85,u_aes_peripheral/u_aes_round1/SB_REG_reg[64]
CASE_RANDOM_STAGE_seed03,3,31,AES_STAGE_RANDOM,86,u_aes_peripheral/u_aes_round1/SB_REG_reg[69]
CASE_RANDOM_STAGE_seed03,3,31,AES_STAGE_RANDOM,87,u_aes_peripheral/u_aes_round1/SB_REG_reg[75]
CASE_RANDOM_STAGE_seed03,3,31,AES_STAGE_RANDOM,88,u_aes_peripheral/u_aes_round1/SB_REG_reg[76]
CASE_RANDOM_STAGE_seed03,3,31,AES_STAGE_RANDOM,89,u_aes_peripheral/u_aes_round1/SB_REG_reg[83]
CASE_RANDOM_STAGE_seed03,3,31,AES_STAGE_RANDOM,90,u_aes_peripheral/u_aes_round1/SB_REG_reg[85]
CASE_RANDOM_STAGE_seed03,3,31,AES_STAGE_RANDOM,91,u_aes_peripheral/u_aes_round1/SB_REG_reg[86]
CASE_RANDOM_STAGE_seed03,3,31,AES_STAGE_RANDOM,92,u_aes_peripheral/u_aes_round1/SB_REG_reg[8]
CASE_RANDOM_STAGE_seed03,3,31,AES_STAGE_RANDOM,93,u_aes_peripheral/u_aes_round1/SB_REG_reg[96]
CASE_RANDOM_STAGE_seed03,3,31,AES_STAGE_RANDOM,94,u_aes_peripheral/u_aes_round1/SR_REG_reg[103]
CASE_RANDOM_STAGE_seed03,3,31,AES_STAGE_RANDOM,95,u_aes_peripheral/u_aes_round1/SR_REG_reg[111]
CASE_RANDOM_STAGE_seed03,3,31,AES_STAGE_RANDOM,96,u_aes_peripheral/u_aes_round1/SR_REG_reg[112]
CASE_RANDOM_STAGE_seed03,3,31,AES_STAGE_RANDOM,97,u_aes_peripheral/u_aes_round1/SR_REG_reg[113]
CASE_RANDOM_STAGE_seed03,3,31,AES_STAGE_RANDOM,98,u_aes_peripheral/u_aes_round1/SR_REG_reg[117]
CASE_RANDOM_STAGE_seed03,3,31,AES_STAGE_RANDOM,99,u_aes_peripheral/u_aes_round1/SR_REG_reg[123]
CASE_RANDOM_STAGE_seed03,3,31,AES_STAGE_RANDOM,100,u_aes_peripheral/u_aes_round1/SR_REG_reg[18]
CASE_RANDOM_STAGE_seed03,3,31,AES_STAGE_RANDOM,101,u_aes_peripheral/u_aes_round1/SR_REG_reg[22]
CASE_RANDOM_STAGE_seed03,3,31,AES_STAGE_RANDOM,102,u_aes_peripheral/u_aes_round1/SR_REG_reg[24]
CASE_RANDOM_STAGE_seed03,3,31,AES_STAGE_RANDOM,103,u_aes_peripheral/u_aes_round1/SR_REG_reg[25]
CASE_RANDOM_STAGE_seed03,3,31,AES_STAGE_RANDOM,104,u_aes_peripheral/u_aes_round1/SR_REG_reg[27]
CASE_RANDOM_STAGE_seed03,3,31,AES_STAGE_RANDOM,105,u_aes_peripheral/u_aes_round1/SR_REG_reg[35]
CASE_RANDOM_STAGE_seed03,3,31,AES_STAGE_RANDOM,106,u_aes_peripheral/u_aes_round1/SR_REG_reg[38]
CASE_RANDOM_STAGE_seed03,3,31,AES_STAGE_RANDOM,107,u_aes_peripheral/u_aes_round1/SR_REG_reg[39]
CASE_RANDOM_STAGE_seed03,3,31,AES_STAGE_RANDOM,108,u_aes_peripheral/u_aes_round1/SR_REG_reg[43]
CASE_RANDOM_STAGE_seed03,3,31,AES_STAGE_RANDOM,109,u_aes_peripheral/u_aes_round1/SR_REG_reg[46]
CASE_RANDOM_STAGE_seed03,3,31,AES_STAGE_RANDOM,110,u_aes_peripheral/u_aes_round1/SR_REG_reg[48]
CASE_RANDOM_STAGE_seed03,3,31,AES_STAGE_RANDOM,111,u_aes_peripheral/u_aes_round1/SR_REG_reg[58]
CASE_RANDOM_STAGE_seed03,3,31,AES_STAGE_RANDOM,112,u_aes_peripheral/u_aes_round1/SR_REG_reg[60]
CASE_RANDOM_STAGE_seed03,3,31,AES_STAGE_RANDOM,113,u_aes_peripheral/u_aes_round1/SR_REG_reg[62]
CASE_RANDOM_STAGE_seed03,3,31,AES_STAGE_RANDOM,114,u_aes_peripheral/u_aes_round1/SR_REG_reg[64]
CASE_RANDOM_STAGE_seed03,3,31,AES_STAGE_RANDOM,115,u_aes_peripheral/u_aes_round1/SR_REG_reg[66]
CASE_RANDOM_STAGE_seed03,3,31,AES_STAGE_RANDOM,116,u_aes_peripheral/u_aes_round1/SR_REG_reg[70]
CASE_RANDOM_STAGE_seed03,3,31,AES_STAGE_RANDOM,117,u_aes_peripheral/u_aes_round1/SR_REG_reg[72]
CASE_RANDOM_STAGE_seed03,3,31,AES_STAGE_RANDOM,118,u_aes_peripheral/u_aes_round1/SR_REG_reg[73]
CASE_RANDOM_STAGE_seed03,3,31,AES_STAGE_RANDOM,119,u_aes_peripheral/u_aes_round1/SR_REG_reg[75]
CASE_RANDOM_STAGE_seed03,3,31,AES_STAGE_RANDOM,120,u_aes_peripheral/u_aes_round1/SR_REG_reg[85]
CASE_RANDOM_STAGE_seed03,3,31,AES_STAGE_RANDOM,121,u_aes_peripheral/u_aes_round1/SR_REG_reg[86]
CASE_RANDOM_STAGE_seed03,3,31,AES_STAGE_RANDOM,122,u_aes_peripheral/u_aes_round1/SR_REG_reg[87]
CASE_RANDOM_STAGE_seed03,3,31,AES_STAGE_RANDOM,123,u_aes_peripheral/u_aes_round1/SR_REG_reg[88]
CASE_RANDOM_STAGE_seed03,3,31,AES_STAGE_RANDOM,124,u_aes_peripheral/u_aes_round1/SR_REG_reg[8]
CASE_RANDOM_STAGE_seed03,3,31,AES_STAGE_RANDOM,125,u_aes_peripheral/u_aes_round1/SR_REG_reg[92]
CASE_RANDOM_STAGE_seed03,3,31,AES_STAGE_RANDOM,126,u_aes_peripheral/u_aes_round1/SR_REG_reg[93]
CASE_RANDOM_STAGE_seed03,3,31,AES_STAGE_RANDOM,127,u_aes_peripheral/u_aes_round1/SR_REG_reg[94]
CASE_RANDOM_STAGE_seed03,3,31,AES_STAGE_RANDOM,128,u_aes_peripheral/u_aes_round1/SR_REG_reg[9]
CASE_RANDOM_STAGE_seed04,4,35,AES_STAGE_RANDOM,1,u_aes_peripheral/u_aes_round1/IARK_REG_reg[102]
CASE_RANDOM_STAGE_seed04,4,35,AES_STAGE_RANDOM,2,u_aes_peripheral/u_aes_round1/IARK_REG_reg[109]
CASE_RANDOM_STAGE_seed04,4,35,AES_STAGE_RANDOM,3,u_aes_peripheral/u_aes_round1/IARK_REG_reg[111]
CASE_RANDOM_STAGE_seed04,4,35,AES_STAGE_RANDOM,4,u_aes_peripheral/u_aes_round1/IARK_REG_reg[11]
CASE_RANDOM_STAGE_seed04,4,35,AES_STAGE_RANDOM,5,u_aes_peripheral/u_aes_round1/IARK_REG_reg[120]
CASE_RANDOM_STAGE_seed04,4,35,AES_STAGE_RANDOM,6,u_aes_peripheral/u_aes_round1/IARK_REG_reg[127]
CASE_RANDOM_STAGE_seed04,4,35,AES_STAGE_RANDOM,7,u_aes_peripheral/u_aes_round1/IARK_REG_reg[12]
CASE_RANDOM_STAGE_seed04,4,35,AES_STAGE_RANDOM,8,u_aes_peripheral/u_aes_round1/IARK_REG_reg[15]
CASE_RANDOM_STAGE_seed04,4,35,AES_STAGE_RANDOM,9,u_aes_peripheral/u_aes_round1/IARK_REG_reg[21]
CASE_RANDOM_STAGE_seed04,4,35,AES_STAGE_RANDOM,10,u_aes_peripheral/u_aes_round1/IARK_REG_reg[24]
CASE_RANDOM_STAGE_seed04,4,35,AES_STAGE_RANDOM,11,u_aes_peripheral/u_aes_round1/IARK_REG_reg[25]
CASE_RANDOM_STAGE_seed04,4,35,AES_STAGE_RANDOM,12,u_aes_peripheral/u_aes_round1/IARK_REG_reg[26]
CASE_RANDOM_STAGE_seed04,4,35,AES_STAGE_RANDOM,13,u_aes_peripheral/u_aes_round1/IARK_REG_reg[30]
CASE_RANDOM_STAGE_seed04,4,35,AES_STAGE_RANDOM,14,u_aes_peripheral/u_aes_round1/IARK_REG_reg[31]
CASE_RANDOM_STAGE_seed04,4,35,AES_STAGE_RANDOM,15,u_aes_peripheral/u_aes_round1/IARK_REG_reg[33]
CASE_RANDOM_STAGE_seed04,4,35,AES_STAGE_RANDOM,16,u_aes_peripheral/u_aes_round1/IARK_REG_reg[40]
CASE_RANDOM_STAGE_seed04,4,35,AES_STAGE_RANDOM,17,u_aes_peripheral/u_aes_round1/IARK_REG_reg[51]
CASE_RANDOM_STAGE_seed04,4,35,AES_STAGE_RANDOM,18,u_aes_peripheral/u_aes_round1/IARK_REG_reg[56]
CASE_RANDOM_STAGE_seed04,4,35,AES_STAGE_RANDOM,19,u_aes_peripheral/u_aes_round1/IARK_REG_reg[59]
CASE_RANDOM_STAGE_seed04,4,35,AES_STAGE_RANDOM,20,u_aes_peripheral/u_aes_round1/IARK_REG_reg[60]
CASE_RANDOM_STAGE_seed04,4,35,AES_STAGE_RANDOM,21,u_aes_peripheral/u_aes_round1/IARK_REG_reg[64]
CASE_RANDOM_STAGE_seed04,4,35,AES_STAGE_RANDOM,22,u_aes_peripheral/u_aes_round1/IARK_REG_reg[67]
CASE_RANDOM_STAGE_seed04,4,35,AES_STAGE_RANDOM,23,u_aes_peripheral/u_aes_round1/IARK_REG_reg[6]
CASE_RANDOM_STAGE_seed04,4,35,AES_STAGE_RANDOM,24,u_aes_peripheral/u_aes_round1/IARK_REG_reg[74]
CASE_RANDOM_STAGE_seed04,4,35,AES_STAGE_RANDOM,25,u_aes_peripheral/u_aes_round1/IARK_REG_reg[75]
CASE_RANDOM_STAGE_seed04,4,35,AES_STAGE_RANDOM,26,u_aes_peripheral/u_aes_round1/IARK_REG_reg[76]
CASE_RANDOM_STAGE_seed04,4,35,AES_STAGE_RANDOM,27,u_aes_peripheral/u_aes_round1/IARK_REG_reg[78]
CASE_RANDOM_STAGE_seed04,4,35,AES_STAGE_RANDOM,28,u_aes_peripheral/u_aes_round1/IARK_REG_reg[83]
CASE_RANDOM_STAGE_seed04,4,35,AES_STAGE_RANDOM,29,u_aes_peripheral/u_aes_round1/IARK_REG_reg[87]
CASE_RANDOM_STAGE_seed04,4,35,AES_STAGE_RANDOM,30,u_aes_peripheral/u_aes_round1/IARK_REG_reg[90]
CASE_RANDOM_STAGE_seed04,4,35,AES_STAGE_RANDOM,31,u_aes_peripheral/u_aes_round1/IARK_REG_reg[92]
CASE_RANDOM_STAGE_seed04,4,35,AES_STAGE_RANDOM,32,u_aes_peripheral/u_aes_round1/IARK_REG_reg[94]
CASE_RANDOM_STAGE_seed04,4,35,AES_STAGE_RANDOM,33,u_aes_peripheral/u_aes_round1/IARK_REG_reg[99]
CASE_RANDOM_STAGE_seed04,4,35,AES_STAGE_RANDOM,34,u_aes_peripheral/u_aes_round1/IARK_REG_reg[9]
CASE_RANDOM_STAGE_seed04,4,35,AES_STAGE_RANDOM,35,u_aes_peripheral/u_aes_round1/MC_REG_reg[103]
CASE_RANDOM_STAGE_seed04,4,35,AES_STAGE_RANDOM,36,u_aes_peripheral/u_aes_round1/MC_REG_reg[104]
CASE_RANDOM_STAGE_seed04,4,35,AES_STAGE_RANDOM,37,u_aes_peripheral/u_aes_round1/MC_REG_reg[105]
CASE_RANDOM_STAGE_seed04,4,35,AES_STAGE_RANDOM,38,u_aes_peripheral/u_aes_round1/MC_REG_reg[10]
CASE_RANDOM_STAGE_seed04,4,35,AES_STAGE_RANDOM,39,u_aes_peripheral/u_aes_round1/MC_REG_reg[111]
CASE_RANDOM_STAGE_seed04,4,35,AES_STAGE_RANDOM,40,u_aes_peripheral/u_aes_round1/MC_REG_reg[112]
CASE_RANDOM_STAGE_seed04,4,35,AES_STAGE_RANDOM,41,u_aes_peripheral/u_aes_round1/MC_REG_reg[113]
CASE_RANDOM_STAGE_seed04,4,35,AES_STAGE_RANDOM,42,u_aes_peripheral/u_aes_round1/MC_REG_reg[117]
CASE_RANDOM_STAGE_seed04,4,35,AES_STAGE_RANDOM,43,u_aes_peripheral/u_aes_round1/MC_REG_reg[118]
CASE_RANDOM_STAGE_seed04,4,35,AES_STAGE_RANDOM,44,u_aes_peripheral/u_aes_round1/MC_REG_reg[119]
CASE_RANDOM_STAGE_seed04,4,35,AES_STAGE_RANDOM,45,u_aes_peripheral/u_aes_round1/MC_REG_reg[122]
CASE_RANDOM_STAGE_seed04,4,35,AES_STAGE_RANDOM,46,u_aes_peripheral/u_aes_round1/MC_REG_reg[124]
CASE_RANDOM_STAGE_seed04,4,35,AES_STAGE_RANDOM,47,u_aes_peripheral/u_aes_round1/MC_REG_reg[125]
CASE_RANDOM_STAGE_seed04,4,35,AES_STAGE_RANDOM,48,u_aes_peripheral/u_aes_round1/MC_REG_reg[127]
CASE_RANDOM_STAGE_seed04,4,35,AES_STAGE_RANDOM,49,u_aes_peripheral/u_aes_round1/MC_REG_reg[12]
CASE_RANDOM_STAGE_seed04,4,35,AES_STAGE_RANDOM,50,u_aes_peripheral/u_aes_round1/MC_REG_reg[17]
CASE_RANDOM_STAGE_seed04,4,35,AES_STAGE_RANDOM,51,u_aes_peripheral/u_aes_round1/MC_REG_reg[18]
CASE_RANDOM_STAGE_seed04,4,35,AES_STAGE_RANDOM,52,u_aes_peripheral/u_aes_round1/MC_REG_reg[24]
CASE_RANDOM_STAGE_seed04,4,35,AES_STAGE_RANDOM,53,u_aes_peripheral/u_aes_round1/MC_REG_reg[27]
CASE_RANDOM_STAGE_seed04,4,35,AES_STAGE_RANDOM,54,u_aes_peripheral/u_aes_round1/MC_REG_reg[33]
CASE_RANDOM_STAGE_seed04,4,35,AES_STAGE_RANDOM,55,u_aes_peripheral/u_aes_round1/MC_REG_reg[35]
CASE_RANDOM_STAGE_seed04,4,35,AES_STAGE_RANDOM,56,u_aes_peripheral/u_aes_round1/MC_REG_reg[40]
CASE_RANDOM_STAGE_seed04,4,35,AES_STAGE_RANDOM,57,u_aes_peripheral/u_aes_round1/MC_REG_reg[48]
CASE_RANDOM_STAGE_seed04,4,35,AES_STAGE_RANDOM,58,u_aes_peripheral/u_aes_round1/MC_REG_reg[51]
CASE_RANDOM_STAGE_seed04,4,35,AES_STAGE_RANDOM,59,u_aes_peripheral/u_aes_round1/MC_REG_reg[54]
CASE_RANDOM_STAGE_seed04,4,35,AES_STAGE_RANDOM,60,u_aes_peripheral/u_aes_round1/MC_REG_reg[5]
CASE_RANDOM_STAGE_seed04,4,35,AES_STAGE_RANDOM,61,u_aes_peripheral/u_aes_round1/MC_REG_reg[64]
CASE_RANDOM_STAGE_seed04,4,35,AES_STAGE_RANDOM,62,u_aes_peripheral/u_aes_round1/MC_REG_reg[68]
CASE_RANDOM_STAGE_seed04,4,35,AES_STAGE_RANDOM,63,u_aes_peripheral/u_aes_round1/MC_REG_reg[70]
CASE_RANDOM_STAGE_seed04,4,35,AES_STAGE_RANDOM,64,u_aes_peripheral/u_aes_round1/MC_REG_reg[72]
CASE_RANDOM_STAGE_seed04,4,35,AES_STAGE_RANDOM,65,u_aes_peripheral/u_aes_round1/MC_REG_reg[78]
CASE_RANDOM_STAGE_seed04,4,35,AES_STAGE_RANDOM,66,u_aes_peripheral/u_aes_round1/MC_REG_reg[82]
CASE_RANDOM_STAGE_seed04,4,35,AES_STAGE_RANDOM,67,u_aes_peripheral/u_aes_round1/MC_REG_reg[87]
CASE_RANDOM_STAGE_seed04,4,35,AES_STAGE_RANDOM,68,u_aes_peripheral/u_aes_round1/MC_REG_reg[88]
CASE_RANDOM_STAGE_seed04,4,35,AES_STAGE_RANDOM,69,u_aes_peripheral/u_aes_round1/MC_REG_reg[90]
CASE_RANDOM_STAGE_seed04,4,35,AES_STAGE_RANDOM,70,u_aes_peripheral/u_aes_round1/SB_REG_reg[102]
CASE_RANDOM_STAGE_seed04,4,35,AES_STAGE_RANDOM,71,u_aes_peripheral/u_aes_round1/SB_REG_reg[103]
CASE_RANDOM_STAGE_seed04,4,35,AES_STAGE_RANDOM,72,u_aes_peripheral/u_aes_round1/SB_REG_reg[108]
CASE_RANDOM_STAGE_seed04,4,35,AES_STAGE_RANDOM,73,u_aes_peripheral/u_aes_round1/SB_REG_reg[109]
CASE_RANDOM_STAGE_seed04,4,35,AES_STAGE_RANDOM,74,u_aes_peripheral/u_aes_round1/SB_REG_reg[115]
CASE_RANDOM_STAGE_seed04,4,35,AES_STAGE_RANDOM,75,u_aes_peripheral/u_aes_round1/SB_REG_reg[116]
CASE_RANDOM_STAGE_seed04,4,35,AES_STAGE_RANDOM,76,u_aes_peripheral/u_aes_round1/SB_REG_reg[121]
CASE_RANDOM_STAGE_seed04,4,35,AES_STAGE_RANDOM,77,u_aes_peripheral/u_aes_round1/SB_REG_reg[122]
CASE_RANDOM_STAGE_seed04,4,35,AES_STAGE_RANDOM,78,u_aes_peripheral/u_aes_round1/SB_REG_reg[126]
CASE_RANDOM_STAGE_seed04,4,35,AES_STAGE_RANDOM,79,u_aes_peripheral/u_aes_round1/SB_REG_reg[18]
CASE_RANDOM_STAGE_seed04,4,35,AES_STAGE_RANDOM,80,u_aes_peripheral/u_aes_round1/SB_REG_reg[22]
CASE_RANDOM_STAGE_seed04,4,35,AES_STAGE_RANDOM,81,u_aes_peripheral/u_aes_round1/SB_REG_reg[25]
CASE_RANDOM_STAGE_seed04,4,35,AES_STAGE_RANDOM,82,u_aes_peripheral/u_aes_round1/SB_REG_reg[2]
CASE_RANDOM_STAGE_seed04,4,35,AES_STAGE_RANDOM,83,u_aes_peripheral/u_aes_round1/SB_REG_reg[33]
CASE_RANDOM_STAGE_seed04,4,35,AES_STAGE_RANDOM,84,u_aes_peripheral/u_aes_round1/SB_REG_reg[38]
CASE_RANDOM_STAGE_seed04,4,35,AES_STAGE_RANDOM,85,u_aes_peripheral/u_aes_round1/SB_REG_reg[42]
CASE_RANDOM_STAGE_seed04,4,35,AES_STAGE_RANDOM,86,u_aes_peripheral/u_aes_round1/SB_REG_reg[43]
CASE_RANDOM_STAGE_seed04,4,35,AES_STAGE_RANDOM,87,u_aes_peripheral/u_aes_round1/SB_REG_reg[45]
CASE_RANDOM_STAGE_seed04,4,35,AES_STAGE_RANDOM,88,u_aes_peripheral/u_aes_round1/SB_REG_reg[46]
CASE_RANDOM_STAGE_seed04,4,35,AES_STAGE_RANDOM,89,u_aes_peripheral/u_aes_round1/SB_REG_reg[47]
CASE_RANDOM_STAGE_seed04,4,35,AES_STAGE_RANDOM,90,u_aes_peripheral/u_aes_round1/SB_REG_reg[4]
CASE_RANDOM_STAGE_seed04,4,35,AES_STAGE_RANDOM,91,u_aes_peripheral/u_aes_round1/SB_REG_reg[52]
CASE_RANDOM_STAGE_seed04,4,35,AES_STAGE_RANDOM,92,u_aes_peripheral/u_aes_round1/SB_REG_reg[63]
CASE_RANDOM_STAGE_seed04,4,35,AES_STAGE_RANDOM,93,u_aes_peripheral/u_aes_round1/SB_REG_reg[64]
CASE_RANDOM_STAGE_seed04,4,35,AES_STAGE_RANDOM,94,u_aes_peripheral/u_aes_round1/SB_REG_reg[77]
CASE_RANDOM_STAGE_seed04,4,35,AES_STAGE_RANDOM,95,u_aes_peripheral/u_aes_round1/SB_REG_reg[79]
CASE_RANDOM_STAGE_seed04,4,35,AES_STAGE_RANDOM,96,u_aes_peripheral/u_aes_round1/SB_REG_reg[80]
CASE_RANDOM_STAGE_seed04,4,35,AES_STAGE_RANDOM,97,u_aes_peripheral/u_aes_round1/SB_REG_reg[87]
CASE_RANDOM_STAGE_seed04,4,35,AES_STAGE_RANDOM,98,u_aes_peripheral/u_aes_round1/SB_REG_reg[91]
CASE_RANDOM_STAGE_seed04,4,35,AES_STAGE_RANDOM,99,u_aes_peripheral/u_aes_round1/SB_REG_reg[99]
CASE_RANDOM_STAGE_seed04,4,35,AES_STAGE_RANDOM,100,u_aes_peripheral/u_aes_round1/SR_REG_reg[106]
CASE_RANDOM_STAGE_seed04,4,35,AES_STAGE_RANDOM,101,u_aes_peripheral/u_aes_round1/SR_REG_reg[113]
CASE_RANDOM_STAGE_seed04,4,35,AES_STAGE_RANDOM,102,u_aes_peripheral/u_aes_round1/SR_REG_reg[121]
CASE_RANDOM_STAGE_seed04,4,35,AES_STAGE_RANDOM,103,u_aes_peripheral/u_aes_round1/SR_REG_reg[122]
CASE_RANDOM_STAGE_seed04,4,35,AES_STAGE_RANDOM,104,u_aes_peripheral/u_aes_round1/SR_REG_reg[126]
CASE_RANDOM_STAGE_seed04,4,35,AES_STAGE_RANDOM,105,u_aes_peripheral/u_aes_round1/SR_REG_reg[13]
CASE_RANDOM_STAGE_seed04,4,35,AES_STAGE_RANDOM,106,u_aes_peripheral/u_aes_round1/SR_REG_reg[15]
CASE_RANDOM_STAGE_seed04,4,35,AES_STAGE_RANDOM,107,u_aes_peripheral/u_aes_round1/SR_REG_reg[1]
CASE_RANDOM_STAGE_seed04,4,35,AES_STAGE_RANDOM,108,u_aes_peripheral/u_aes_round1/SR_REG_reg[20]
CASE_RANDOM_STAGE_seed04,4,35,AES_STAGE_RANDOM,109,u_aes_peripheral/u_aes_round1/SR_REG_reg[26]
CASE_RANDOM_STAGE_seed04,4,35,AES_STAGE_RANDOM,110,u_aes_peripheral/u_aes_round1/SR_REG_reg[28]
CASE_RANDOM_STAGE_seed04,4,35,AES_STAGE_RANDOM,111,u_aes_peripheral/u_aes_round1/SR_REG_reg[2]
CASE_RANDOM_STAGE_seed04,4,35,AES_STAGE_RANDOM,112,u_aes_peripheral/u_aes_round1/SR_REG_reg[31]
CASE_RANDOM_STAGE_seed04,4,35,AES_STAGE_RANDOM,113,u_aes_peripheral/u_aes_round1/SR_REG_reg[32]
CASE_RANDOM_STAGE_seed04,4,35,AES_STAGE_RANDOM,114,u_aes_peripheral/u_aes_round1/SR_REG_reg[38]
CASE_RANDOM_STAGE_seed04,4,35,AES_STAGE_RANDOM,115,u_aes_peripheral/u_aes_round1/SR_REG_reg[39]
CASE_RANDOM_STAGE_seed04,4,35,AES_STAGE_RANDOM,116,u_aes_peripheral/u_aes_round1/SR_REG_reg[44]
CASE_RANDOM_STAGE_seed04,4,35,AES_STAGE_RANDOM,117,u_aes_peripheral/u_aes_round1/SR_REG_reg[46]
CASE_RANDOM_STAGE_seed04,4,35,AES_STAGE_RANDOM,118,u_aes_peripheral/u_aes_round1/SR_REG_reg[59]
CASE_RANDOM_STAGE_seed04,4,35,AES_STAGE_RANDOM,119,u_aes_peripheral/u_aes_round1/SR_REG_reg[61]
CASE_RANDOM_STAGE_seed04,4,35,AES_STAGE_RANDOM,120,u_aes_peripheral/u_aes_round1/SR_REG_reg[66]
CASE_RANDOM_STAGE_seed04,4,35,AES_STAGE_RANDOM,121,u_aes_peripheral/u_aes_round1/SR_REG_reg[73]
CASE_RANDOM_STAGE_seed04,4,35,AES_STAGE_RANDOM,122,u_aes_peripheral/u_aes_round1/SR_REG_reg[74]
CASE_RANDOM_STAGE_seed04,4,35,AES_STAGE_RANDOM,123,u_aes_peripheral/u_aes_round1/SR_REG_reg[80]
CASE_RANDOM_STAGE_seed04,4,35,AES_STAGE_RANDOM,124,u_aes_peripheral/u_aes_round1/SR_REG_reg[86]
CASE_RANDOM_STAGE_seed04,4,35,AES_STAGE_RANDOM,125,u_aes_peripheral/u_aes_round1/SR_REG_reg[87]
CASE_RANDOM_STAGE_seed04,4,35,AES_STAGE_RANDOM,126,u_aes_peripheral/u_aes_round1/SR_REG_reg[88]
CASE_RANDOM_STAGE_seed04,4,35,AES_STAGE_RANDOM,127,u_aes_peripheral/u_aes_round1/SR_REG_reg[92]
CASE_RANDOM_STAGE_seed04,4,35,AES_STAGE_RANDOM,128,u_aes_peripheral/u_aes_round1/SR_REG_reg[9]
CASE_RANDOM_STAGE_seed05,5,33,AES_STAGE_RANDOM,1,u_aes_peripheral/u_aes_round1/IARK_REG_reg[0]
CASE_RANDOM_STAGE_seed05,5,33,AES_STAGE_RANDOM,2,u_aes_peripheral/u_aes_round1/IARK_REG_reg[100]
CASE_RANDOM_STAGE_seed05,5,33,AES_STAGE_RANDOM,3,u_aes_peripheral/u_aes_round1/IARK_REG_reg[101]
CASE_RANDOM_STAGE_seed05,5,33,AES_STAGE_RANDOM,4,u_aes_peripheral/u_aes_round1/IARK_REG_reg[103]
CASE_RANDOM_STAGE_seed05,5,33,AES_STAGE_RANDOM,5,u_aes_peripheral/u_aes_round1/IARK_REG_reg[105]
CASE_RANDOM_STAGE_seed05,5,33,AES_STAGE_RANDOM,6,u_aes_peripheral/u_aes_round1/IARK_REG_reg[108]
CASE_RANDOM_STAGE_seed05,5,33,AES_STAGE_RANDOM,7,u_aes_peripheral/u_aes_round1/IARK_REG_reg[10]
CASE_RANDOM_STAGE_seed05,5,33,AES_STAGE_RANDOM,8,u_aes_peripheral/u_aes_round1/IARK_REG_reg[112]
CASE_RANDOM_STAGE_seed05,5,33,AES_STAGE_RANDOM,9,u_aes_peripheral/u_aes_round1/IARK_REG_reg[120]
CASE_RANDOM_STAGE_seed05,5,33,AES_STAGE_RANDOM,10,u_aes_peripheral/u_aes_round1/IARK_REG_reg[123]
CASE_RANDOM_STAGE_seed05,5,33,AES_STAGE_RANDOM,11,u_aes_peripheral/u_aes_round1/IARK_REG_reg[126]
CASE_RANDOM_STAGE_seed05,5,33,AES_STAGE_RANDOM,12,u_aes_peripheral/u_aes_round1/IARK_REG_reg[14]
CASE_RANDOM_STAGE_seed05,5,33,AES_STAGE_RANDOM,13,u_aes_peripheral/u_aes_round1/IARK_REG_reg[17]
CASE_RANDOM_STAGE_seed05,5,33,AES_STAGE_RANDOM,14,u_aes_peripheral/u_aes_round1/IARK_REG_reg[31]
CASE_RANDOM_STAGE_seed05,5,33,AES_STAGE_RANDOM,15,u_aes_peripheral/u_aes_round1/IARK_REG_reg[36]
CASE_RANDOM_STAGE_seed05,5,33,AES_STAGE_RANDOM,16,u_aes_peripheral/u_aes_round1/IARK_REG_reg[39]
CASE_RANDOM_STAGE_seed05,5,33,AES_STAGE_RANDOM,17,u_aes_peripheral/u_aes_round1/IARK_REG_reg[42]
CASE_RANDOM_STAGE_seed05,5,33,AES_STAGE_RANDOM,18,u_aes_peripheral/u_aes_round1/IARK_REG_reg[45]
CASE_RANDOM_STAGE_seed05,5,33,AES_STAGE_RANDOM,19,u_aes_peripheral/u_aes_round1/IARK_REG_reg[49]
CASE_RANDOM_STAGE_seed05,5,33,AES_STAGE_RANDOM,20,u_aes_peripheral/u_aes_round1/IARK_REG_reg[51]
CASE_RANDOM_STAGE_seed05,5,33,AES_STAGE_RANDOM,21,u_aes_peripheral/u_aes_round1/IARK_REG_reg[57]
CASE_RANDOM_STAGE_seed05,5,33,AES_STAGE_RANDOM,22,u_aes_peripheral/u_aes_round1/IARK_REG_reg[58]
CASE_RANDOM_STAGE_seed05,5,33,AES_STAGE_RANDOM,23,u_aes_peripheral/u_aes_round1/IARK_REG_reg[60]
CASE_RANDOM_STAGE_seed05,5,33,AES_STAGE_RANDOM,24,u_aes_peripheral/u_aes_round1/IARK_REG_reg[61]
CASE_RANDOM_STAGE_seed05,5,33,AES_STAGE_RANDOM,25,u_aes_peripheral/u_aes_round1/IARK_REG_reg[66]
CASE_RANDOM_STAGE_seed05,5,33,AES_STAGE_RANDOM,26,u_aes_peripheral/u_aes_round1/IARK_REG_reg[68]
CASE_RANDOM_STAGE_seed05,5,33,AES_STAGE_RANDOM,27,u_aes_peripheral/u_aes_round1/IARK_REG_reg[69]
CASE_RANDOM_STAGE_seed05,5,33,AES_STAGE_RANDOM,28,u_aes_peripheral/u_aes_round1/IARK_REG_reg[6]
CASE_RANDOM_STAGE_seed05,5,33,AES_STAGE_RANDOM,29,u_aes_peripheral/u_aes_round1/IARK_REG_reg[75]
CASE_RANDOM_STAGE_seed05,5,33,AES_STAGE_RANDOM,30,u_aes_peripheral/u_aes_round1/IARK_REG_reg[76]
CASE_RANDOM_STAGE_seed05,5,33,AES_STAGE_RANDOM,31,u_aes_peripheral/u_aes_round1/IARK_REG_reg[79]
CASE_RANDOM_STAGE_seed05,5,33,AES_STAGE_RANDOM,32,u_aes_peripheral/u_aes_round1/IARK_REG_reg[81]
CASE_RANDOM_STAGE_seed05,5,33,AES_STAGE_RANDOM,33,u_aes_peripheral/u_aes_round1/IARK_REG_reg[84]
CASE_RANDOM_STAGE_seed05,5,33,AES_STAGE_RANDOM,34,u_aes_peripheral/u_aes_round1/IARK_REG_reg[98]
CASE_RANDOM_STAGE_seed05,5,33,AES_STAGE_RANDOM,35,u_aes_peripheral/u_aes_round1/IARK_REG_reg[99]
CASE_RANDOM_STAGE_seed05,5,33,AES_STAGE_RANDOM,36,u_aes_peripheral/u_aes_round1/IARK_REG_reg[9]
CASE_RANDOM_STAGE_seed05,5,33,AES_STAGE_RANDOM,37,u_aes_peripheral/u_aes_round1/MC_REG_reg[102]
CASE_RANDOM_STAGE_seed05,5,33,AES_STAGE_RANDOM,38,u_aes_peripheral/u_aes_round1/MC_REG_reg[106]
CASE_RANDOM_STAGE_seed05,5,33,AES_STAGE_RANDOM,39,u_aes_peripheral/u_aes_round1/MC_REG_reg[113]
CASE_RANDOM_STAGE_seed05,5,33,AES_STAGE_RANDOM,40,u_aes_peripheral/u_aes_round1/MC_REG_reg[118]
CASE_RANDOM_STAGE_seed05,5,33,AES_STAGE_RANDOM,41,u_aes_peripheral/u_aes_round1/MC_REG_reg[121]
CASE_RANDOM_STAGE_seed05,5,33,AES_STAGE_RANDOM,42,u_aes_peripheral/u_aes_round1/MC_REG_reg[123]
CASE_RANDOM_STAGE_seed05,5,33,AES_STAGE_RANDOM,43,u_aes_peripheral/u_aes_round1/MC_REG_reg[125]
CASE_RANDOM_STAGE_seed05,5,33,AES_STAGE_RANDOM,44,u_aes_peripheral/u_aes_round1/MC_REG_reg[127]
CASE_RANDOM_STAGE_seed05,5,33,AES_STAGE_RANDOM,45,u_aes_peripheral/u_aes_round1/MC_REG_reg[13]
CASE_RANDOM_STAGE_seed05,5,33,AES_STAGE_RANDOM,46,u_aes_peripheral/u_aes_round1/MC_REG_reg[14]
CASE_RANDOM_STAGE_seed05,5,33,AES_STAGE_RANDOM,47,u_aes_peripheral/u_aes_round1/MC_REG_reg[21]
CASE_RANDOM_STAGE_seed05,5,33,AES_STAGE_RANDOM,48,u_aes_peripheral/u_aes_round1/MC_REG_reg[25]
CASE_RANDOM_STAGE_seed05,5,33,AES_STAGE_RANDOM,49,u_aes_peripheral/u_aes_round1/MC_REG_reg[28]
CASE_RANDOM_STAGE_seed05,5,33,AES_STAGE_RANDOM,50,u_aes_peripheral/u_aes_round1/MC_REG_reg[32]
CASE_RANDOM_STAGE_seed05,5,33,AES_STAGE_RANDOM,51,u_aes_peripheral/u_aes_round1/MC_REG_reg[34]
CASE_RANDOM_STAGE_seed05,5,33,AES_STAGE_RANDOM,52,u_aes_peripheral/u_aes_round1/MC_REG_reg[35]
CASE_RANDOM_STAGE_seed05,5,33,AES_STAGE_RANDOM,53,u_aes_peripheral/u_aes_round1/MC_REG_reg[38]
CASE_RANDOM_STAGE_seed05,5,33,AES_STAGE_RANDOM,54,u_aes_peripheral/u_aes_round1/MC_REG_reg[40]
CASE_RANDOM_STAGE_seed05,5,33,AES_STAGE_RANDOM,55,u_aes_peripheral/u_aes_round1/MC_REG_reg[42]
CASE_RANDOM_STAGE_seed05,5,33,AES_STAGE_RANDOM,56,u_aes_peripheral/u_aes_round1/MC_REG_reg[44]
CASE_RANDOM_STAGE_seed05,5,33,AES_STAGE_RANDOM,57,u_aes_peripheral/u_aes_round1/MC_REG_reg[46]
CASE_RANDOM_STAGE_seed05,5,33,AES_STAGE_RANDOM,58,u_aes_peripheral/u_aes_round1/MC_REG_reg[49]
CASE_RANDOM_STAGE_seed05,5,33,AES_STAGE_RANDOM,59,u_aes_peripheral/u_aes_round1/MC_REG_reg[55]
CASE_RANDOM_STAGE_seed05,5,33,AES_STAGE_RANDOM,60,u_aes_peripheral/u_aes_round1/MC_REG_reg[57]
CASE_RANDOM_STAGE_seed05,5,33,AES_STAGE_RANDOM,61,u_aes_peripheral/u_aes_round1/MC_REG_reg[60]
CASE_RANDOM_STAGE_seed05,5,33,AES_STAGE_RANDOM,62,u_aes_peripheral/u_aes_round1/MC_REG_reg[62]
CASE_RANDOM_STAGE_seed05,5,33,AES_STAGE_RANDOM,63,u_aes_peripheral/u_aes_round1/MC_REG_reg[74]
CASE_RANDOM_STAGE_seed05,5,33,AES_STAGE_RANDOM,64,u_aes_peripheral/u_aes_round1/MC_REG_reg[78]
CASE_RANDOM_STAGE_seed05,5,33,AES_STAGE_RANDOM,65,u_aes_peripheral/u_aes_round1/MC_REG_reg[82]
CASE_RANDOM_STAGE_seed05,5,33,AES_STAGE_RANDOM,66,u_aes_peripheral/u_aes_round1/MC_REG_reg[84]
CASE_RANDOM_STAGE_seed05,5,33,AES_STAGE_RANDOM,67,u_aes_peripheral/u_aes_round1/MC_REG_reg[86]
CASE_RANDOM_STAGE_seed05,5,33,AES_STAGE_RANDOM,68,u_aes_peripheral/u_aes_round1/MC_REG_reg[87]
CASE_RANDOM_STAGE_seed05,5,33,AES_STAGE_RANDOM,69,u_aes_peripheral/u_aes_round1/MC_REG_reg[91]
CASE_RANDOM_STAGE_seed05,5,33,AES_STAGE_RANDOM,70,u_aes_peripheral/u_aes_round1/SB_REG_reg[104]
CASE_RANDOM_STAGE_seed05,5,33,AES_STAGE_RANDOM,71,u_aes_peripheral/u_aes_round1/SB_REG_reg[105]
CASE_RANDOM_STAGE_seed05,5,33,AES_STAGE_RANDOM,72,u_aes_peripheral/u_aes_round1/SB_REG_reg[113]
CASE_RANDOM_STAGE_seed05,5,33,AES_STAGE_RANDOM,73,u_aes_peripheral/u_aes_round1/SB_REG_reg[118]
CASE_RANDOM_STAGE_seed05,5,33,AES_STAGE_RANDOM,74,u_aes_peripheral/u_aes_round1/SB_REG_reg[11]
CASE_RANDOM_STAGE_seed05,5,33,AES_STAGE_RANDOM,75,u_aes_peripheral/u_aes_round1/SB_REG_reg[122]
CASE_RANDOM_STAGE_seed05,5,33,AES_STAGE_RANDOM,76,u_aes_peripheral/u_aes_round1/SB_REG_reg[18]
CASE_RANDOM_STAGE_seed05,5,33,AES_STAGE_RANDOM,77,u_aes_peripheral/u_aes_round1/SB_REG_reg[20]
CASE_RANDOM_STAGE_seed05,5,33,AES_STAGE_RANDOM,78,u_aes_peripheral/u_aes_round1/SB_REG_reg[24]
CASE_RANDOM_STAGE_seed05,5,33,AES_STAGE_RANDOM,79,u_aes_peripheral/u_aes_round1/SB_REG_reg[29]
CASE_RANDOM_STAGE_seed05,5,33,AES_STAGE_RANDOM,80,u_aes_peripheral/u_aes_round1/SB_REG_reg[31]
CASE_RANDOM_STAGE_seed05,5,33,AES_STAGE_RANDOM,81,u_aes_peripheral/u_aes_round1/SB_REG_reg[39]
CASE_RANDOM_STAGE_seed05,5,33,AES_STAGE_RANDOM,82,u_aes_peripheral/u_aes_round1/SB_REG_reg[41]
CASE_RANDOM_STAGE_seed05,5,33,AES_STAGE_RANDOM,83,u_aes_peripheral/u_aes_round1/SB_REG_reg[42]
CASE_RANDOM_STAGE_seed05,5,33,AES_STAGE_RANDOM,84,u_aes_peripheral/u_aes_round1/SB_REG_reg[53]
CASE_RANDOM_STAGE_seed05,5,33,AES_STAGE_RANDOM,85,u_aes_peripheral/u_aes_round1/SB_REG_reg[54]
CASE_RANDOM_STAGE_seed05,5,33,AES_STAGE_RANDOM,86,u_aes_peripheral/u_aes_round1/SB_REG_reg[67]
CASE_RANDOM_STAGE_seed05,5,33,AES_STAGE_RANDOM,87,u_aes_peripheral/u_aes_round1/SB_REG_reg[72]
CASE_RANDOM_STAGE_seed05,5,33,AES_STAGE_RANDOM,88,u_aes_peripheral/u_aes_round1/SB_REG_reg[75]
CASE_RANDOM_STAGE_seed05,5,33,AES_STAGE_RANDOM,89,u_aes_peripheral/u_aes_round1/SB_REG_reg[79]
CASE_RANDOM_STAGE_seed05,5,33,AES_STAGE_RANDOM,90,u_aes_peripheral/u_aes_round1/SB_REG_reg[80]
CASE_RANDOM_STAGE_seed05,5,33,AES_STAGE_RANDOM,91,u_aes_peripheral/u_aes_round1/SB_REG_reg[91]
CASE_RANDOM_STAGE_seed05,5,33,AES_STAGE_RANDOM,92,u_aes_peripheral/u_aes_round1/SB_REG_reg[95]
CASE_RANDOM_STAGE_seed05,5,33,AES_STAGE_RANDOM,93,u_aes_peripheral/u_aes_round1/SB_REG_reg[96]
CASE_RANDOM_STAGE_seed05,5,33,AES_STAGE_RANDOM,94,u_aes_peripheral/u_aes_round1/SB_REG_reg[9]
CASE_RANDOM_STAGE_seed05,5,33,AES_STAGE_RANDOM,95,u_aes_peripheral/u_aes_round1/SR_REG_reg[101]
CASE_RANDOM_STAGE_seed05,5,33,AES_STAGE_RANDOM,96,u_aes_peripheral/u_aes_round1/SR_REG_reg[105]
CASE_RANDOM_STAGE_seed05,5,33,AES_STAGE_RANDOM,97,u_aes_peripheral/u_aes_round1/SR_REG_reg[107]
CASE_RANDOM_STAGE_seed05,5,33,AES_STAGE_RANDOM,98,u_aes_peripheral/u_aes_round1/SR_REG_reg[110]
CASE_RANDOM_STAGE_seed05,5,33,AES_STAGE_RANDOM,99,u_aes_peripheral/u_aes_round1/SR_REG_reg[111]
CASE_RANDOM_STAGE_seed05,5,33,AES_STAGE_RANDOM,100,u_aes_peripheral/u_aes_round1/SR_REG_reg[120]
CASE_RANDOM_STAGE_seed05,5,33,AES_STAGE_RANDOM,101,u_aes_peripheral/u_aes_round1/SR_REG_reg[121]
CASE_RANDOM_STAGE_seed05,5,33,AES_STAGE_RANDOM,102,u_aes_peripheral/u_aes_round1/SR_REG_reg[14]
CASE_RANDOM_STAGE_seed05,5,33,AES_STAGE_RANDOM,103,u_aes_peripheral/u_aes_round1/SR_REG_reg[15]
CASE_RANDOM_STAGE_seed05,5,33,AES_STAGE_RANDOM,104,u_aes_peripheral/u_aes_round1/SR_REG_reg[16]
CASE_RANDOM_STAGE_seed05,5,33,AES_STAGE_RANDOM,105,u_aes_peripheral/u_aes_round1/SR_REG_reg[17]
CASE_RANDOM_STAGE_seed05,5,33,AES_STAGE_RANDOM,106,u_aes_peripheral/u_aes_round1/SR_REG_reg[20]
CASE_RANDOM_STAGE_seed05,5,33,AES_STAGE_RANDOM,107,u_aes_peripheral/u_aes_round1/SR_REG_reg[26]
CASE_RANDOM_STAGE_seed05,5,33,AES_STAGE_RANDOM,108,u_aes_peripheral/u_aes_round1/SR_REG_reg[29]
CASE_RANDOM_STAGE_seed05,5,33,AES_STAGE_RANDOM,109,u_aes_peripheral/u_aes_round1/SR_REG_reg[34]
CASE_RANDOM_STAGE_seed05,5,33,AES_STAGE_RANDOM,110,u_aes_peripheral/u_aes_round1/SR_REG_reg[37]
CASE_RANDOM_STAGE_seed05,5,33,AES_STAGE_RANDOM,111,u_aes_peripheral/u_aes_round1/SR_REG_reg[39]
CASE_RANDOM_STAGE_seed05,5,33,AES_STAGE_RANDOM,112,u_aes_peripheral/u_aes_round1/SR_REG_reg[40]
CASE_RANDOM_STAGE_seed05,5,33,AES_STAGE_RANDOM,113,u_aes_peripheral/u_aes_round1/SR_REG_reg[41]
CASE_RANDOM_STAGE_seed05,5,33,AES_STAGE_RANDOM,114,u_aes_peripheral/u_aes_round1/SR_REG_reg[48]
CASE_RANDOM_STAGE_seed05,5,33,AES_STAGE_RANDOM,115,u_aes_peripheral/u_aes_round1/SR_REG_reg[52]
CASE_RANDOM_STAGE_seed05,5,33,AES_STAGE_RANDOM,116,u_aes_peripheral/u_aes_round1/SR_REG_reg[54]
CASE_RANDOM_STAGE_seed05,5,33,AES_STAGE_RANDOM,117,u_aes_peripheral/u_aes_round1/SR_REG_reg[58]
CASE_RANDOM_STAGE_seed05,5,33,AES_STAGE_RANDOM,118,u_aes_peripheral/u_aes_round1/SR_REG_reg[61]
CASE_RANDOM_STAGE_seed05,5,33,AES_STAGE_RANDOM,119,u_aes_peripheral/u_aes_round1/SR_REG_reg[64]
CASE_RANDOM_STAGE_seed05,5,33,AES_STAGE_RANDOM,120,u_aes_peripheral/u_aes_round1/SR_REG_reg[67]
CASE_RANDOM_STAGE_seed05,5,33,AES_STAGE_RANDOM,121,u_aes_peripheral/u_aes_round1/SR_REG_reg[6]
CASE_RANDOM_STAGE_seed05,5,33,AES_STAGE_RANDOM,122,u_aes_peripheral/u_aes_round1/SR_REG_reg[73]
CASE_RANDOM_STAGE_seed05,5,33,AES_STAGE_RANDOM,123,u_aes_peripheral/u_aes_round1/SR_REG_reg[78]
CASE_RANDOM_STAGE_seed05,5,33,AES_STAGE_RANDOM,124,u_aes_peripheral/u_aes_round1/SR_REG_reg[85]
CASE_RANDOM_STAGE_seed05,5,33,AES_STAGE_RANDOM,125,u_aes_peripheral/u_aes_round1/SR_REG_reg[94]
CASE_RANDOM_STAGE_seed05,5,33,AES_STAGE_RANDOM,126,u_aes_peripheral/u_aes_round1/SR_REG_reg[95]
CASE_RANDOM_STAGE_seed05,5,33,AES_STAGE_RANDOM,127,u_aes_peripheral/u_aes_round1/SR_REG_reg[96]
CASE_RANDOM_STAGE_seed05,5,33,AES_STAGE_RANDOM,128,u_aes_peripheral/u_aes_round1/SR_REG_reg[98]
CASE_RANDOM_STAGE_seed06,6,31,AES_STAGE_RANDOM,1,u_aes_peripheral/u_aes_round1/IARK_REG_reg[0]
CASE_RANDOM_STAGE_seed06,6,31,AES_STAGE_RANDOM,2,u_aes_peripheral/u_aes_round1/IARK_REG_reg[105]
CASE_RANDOM_STAGE_seed06,6,31,AES_STAGE_RANDOM,3,u_aes_peripheral/u_aes_round1/IARK_REG_reg[107]
CASE_RANDOM_STAGE_seed06,6,31,AES_STAGE_RANDOM,4,u_aes_peripheral/u_aes_round1/IARK_REG_reg[10]
CASE_RANDOM_STAGE_seed06,6,31,AES_STAGE_RANDOM,5,u_aes_peripheral/u_aes_round1/IARK_REG_reg[112]
CASE_RANDOM_STAGE_seed06,6,31,AES_STAGE_RANDOM,6,u_aes_peripheral/u_aes_round1/IARK_REG_reg[116]
CASE_RANDOM_STAGE_seed06,6,31,AES_STAGE_RANDOM,7,u_aes_peripheral/u_aes_round1/IARK_REG_reg[120]
CASE_RANDOM_STAGE_seed06,6,31,AES_STAGE_RANDOM,8,u_aes_peripheral/u_aes_round1/IARK_REG_reg[124]
CASE_RANDOM_STAGE_seed06,6,31,AES_STAGE_RANDOM,9,u_aes_peripheral/u_aes_round1/IARK_REG_reg[25]
CASE_RANDOM_STAGE_seed06,6,31,AES_STAGE_RANDOM,10,u_aes_peripheral/u_aes_round1/IARK_REG_reg[27]
CASE_RANDOM_STAGE_seed06,6,31,AES_STAGE_RANDOM,11,u_aes_peripheral/u_aes_round1/IARK_REG_reg[28]
CASE_RANDOM_STAGE_seed06,6,31,AES_STAGE_RANDOM,12,u_aes_peripheral/u_aes_round1/IARK_REG_reg[29]
CASE_RANDOM_STAGE_seed06,6,31,AES_STAGE_RANDOM,13,u_aes_peripheral/u_aes_round1/IARK_REG_reg[38]
CASE_RANDOM_STAGE_seed06,6,31,AES_STAGE_RANDOM,14,u_aes_peripheral/u_aes_round1/IARK_REG_reg[3]
CASE_RANDOM_STAGE_seed06,6,31,AES_STAGE_RANDOM,15,u_aes_peripheral/u_aes_round1/IARK_REG_reg[42]
CASE_RANDOM_STAGE_seed06,6,31,AES_STAGE_RANDOM,16,u_aes_peripheral/u_aes_round1/IARK_REG_reg[48]
CASE_RANDOM_STAGE_seed06,6,31,AES_STAGE_RANDOM,17,u_aes_peripheral/u_aes_round1/IARK_REG_reg[51]
CASE_RANDOM_STAGE_seed06,6,31,AES_STAGE_RANDOM,18,u_aes_peripheral/u_aes_round1/IARK_REG_reg[59]
CASE_RANDOM_STAGE_seed06,6,31,AES_STAGE_RANDOM,19,u_aes_peripheral/u_aes_round1/IARK_REG_reg[62]
CASE_RANDOM_STAGE_seed06,6,31,AES_STAGE_RANDOM,20,u_aes_peripheral/u_aes_round1/IARK_REG_reg[6]
CASE_RANDOM_STAGE_seed06,6,31,AES_STAGE_RANDOM,21,u_aes_peripheral/u_aes_round1/IARK_REG_reg[71]
CASE_RANDOM_STAGE_seed06,6,31,AES_STAGE_RANDOM,22,u_aes_peripheral/u_aes_round1/IARK_REG_reg[73]
CASE_RANDOM_STAGE_seed06,6,31,AES_STAGE_RANDOM,23,u_aes_peripheral/u_aes_round1/IARK_REG_reg[74]
CASE_RANDOM_STAGE_seed06,6,31,AES_STAGE_RANDOM,24,u_aes_peripheral/u_aes_round1/IARK_REG_reg[75]
CASE_RANDOM_STAGE_seed06,6,31,AES_STAGE_RANDOM,25,u_aes_peripheral/u_aes_round1/IARK_REG_reg[76]
CASE_RANDOM_STAGE_seed06,6,31,AES_STAGE_RANDOM,26,u_aes_peripheral/u_aes_round1/IARK_REG_reg[77]
CASE_RANDOM_STAGE_seed06,6,31,AES_STAGE_RANDOM,27,u_aes_peripheral/u_aes_round1/IARK_REG_reg[81]
CASE_RANDOM_STAGE_seed06,6,31,AES_STAGE_RANDOM,28,u_aes_peripheral/u_aes_round1/IARK_REG_reg[88]
CASE_RANDOM_STAGE_seed06,6,31,AES_STAGE_RANDOM,29,u_aes_peripheral/u_aes_round1/IARK_REG_reg[98]
CASE_RANDOM_STAGE_seed06,6,31,AES_STAGE_RANDOM,30,u_aes_peripheral/u_aes_round1/MC_REG_reg[0]
CASE_RANDOM_STAGE_seed06,6,31,AES_STAGE_RANDOM,31,u_aes_peripheral/u_aes_round1/MC_REG_reg[104]
CASE_RANDOM_STAGE_seed06,6,31,AES_STAGE_RANDOM,32,u_aes_peripheral/u_aes_round1/MC_REG_reg[106]
CASE_RANDOM_STAGE_seed06,6,31,AES_STAGE_RANDOM,33,u_aes_peripheral/u_aes_round1/MC_REG_reg[108]
CASE_RANDOM_STAGE_seed06,6,31,AES_STAGE_RANDOM,34,u_aes_peripheral/u_aes_round1/MC_REG_reg[10]
CASE_RANDOM_STAGE_seed06,6,31,AES_STAGE_RANDOM,35,u_aes_peripheral/u_aes_round1/MC_REG_reg[118]
CASE_RANDOM_STAGE_seed06,6,31,AES_STAGE_RANDOM,36,u_aes_peripheral/u_aes_round1/MC_REG_reg[119]
CASE_RANDOM_STAGE_seed06,6,31,AES_STAGE_RANDOM,37,u_aes_peripheral/u_aes_round1/MC_REG_reg[124]
CASE_RANDOM_STAGE_seed06,6,31,AES_STAGE_RANDOM,38,u_aes_peripheral/u_aes_round1/MC_REG_reg[125]
CASE_RANDOM_STAGE_seed06,6,31,AES_STAGE_RANDOM,39,u_aes_peripheral/u_aes_round1/MC_REG_reg[12]
CASE_RANDOM_STAGE_seed06,6,31,AES_STAGE_RANDOM,40,u_aes_peripheral/u_aes_round1/MC_REG_reg[16]
CASE_RANDOM_STAGE_seed06,6,31,AES_STAGE_RANDOM,41,u_aes_peripheral/u_aes_round1/MC_REG_reg[22]
CASE_RANDOM_STAGE_seed06,6,31,AES_STAGE_RANDOM,42,u_aes_peripheral/u_aes_round1/MC_REG_reg[23]
CASE_RANDOM_STAGE_seed06,6,31,AES_STAGE_RANDOM,43,u_aes_peripheral/u_aes_round1/MC_REG_reg[33]
CASE_RANDOM_STAGE_seed06,6,31,AES_STAGE_RANDOM,44,u_aes_peripheral/u_aes_round1/MC_REG_reg[35]
CASE_RANDOM_STAGE_seed06,6,31,AES_STAGE_RANDOM,45,u_aes_peripheral/u_aes_round1/MC_REG_reg[36]
CASE_RANDOM_STAGE_seed06,6,31,AES_STAGE_RANDOM,46,u_aes_peripheral/u_aes_round1/MC_REG_reg[41]
CASE_RANDOM_STAGE_seed06,6,31,AES_STAGE_RANDOM,47,u_aes_peripheral/u_aes_round1/MC_REG_reg[43]
CASE_RANDOM_STAGE_seed06,6,31,AES_STAGE_RANDOM,48,u_aes_peripheral/u_aes_round1/MC_REG_reg[44]
CASE_RANDOM_STAGE_seed06,6,31,AES_STAGE_RANDOM,49,u_aes_peripheral/u_aes_round1/MC_REG_reg[49]
CASE_RANDOM_STAGE_seed06,6,31,AES_STAGE_RANDOM,50,u_aes_peripheral/u_aes_round1/MC_REG_reg[58]
CASE_RANDOM_STAGE_seed06,6,31,AES_STAGE_RANDOM,51,u_aes_peripheral/u_aes_round1/MC_REG_reg[5]
CASE_RANDOM_STAGE_seed06,6,31,AES_STAGE_RANDOM,52,u_aes_peripheral/u_aes_round1/MC_REG_reg[64]
CASE_RANDOM_STAGE_seed06,6,31,AES_STAGE_RANDOM,53,u_aes_peripheral/u_aes_round1/MC_REG_reg[65]
CASE_RANDOM_STAGE_seed06,6,31,AES_STAGE_RANDOM,54,u_aes_peripheral/u_aes_round1/MC_REG_reg[68]
CASE_RANDOM_STAGE_seed06,6,31,AES_STAGE_RANDOM,55,u_aes_peripheral/u_aes_round1/MC_REG_reg[74]
CASE_RANDOM_STAGE_seed06,6,31,AES_STAGE_RANDOM,56,u_aes_peripheral/u_aes_round1/MC_REG_reg[86]
CASE_RANDOM_STAGE_seed06,6,31,AES_STAGE_RANDOM,57,u_aes_peripheral/u_aes_round1/MC_REG_reg[92]
CASE_RANDOM_STAGE_seed06,6,31,AES_STAGE_RANDOM,58,u_aes_peripheral/u_aes_round1/MC_REG_reg[93]
CASE_RANDOM_STAGE_seed06,6,31,AES_STAGE_RANDOM,59,u_aes_peripheral/u_aes_round1/MC_REG_reg[94]
CASE_RANDOM_STAGE_seed06,6,31,AES_STAGE_RANDOM,60,u_aes_peripheral/u_aes_round1/MC_REG_reg[95]
CASE_RANDOM_STAGE_seed06,6,31,AES_STAGE_RANDOM,61,u_aes_peripheral/u_aes_round1/SB_REG_reg[0]
CASE_RANDOM_STAGE_seed06,6,31,AES_STAGE_RANDOM,62,u_aes_peripheral/u_aes_round1/SB_REG_reg[100]
CASE_RANDOM_STAGE_seed06,6,31,AES_STAGE_RANDOM,63,u_aes_peripheral/u_aes_round1/SB_REG_reg[106]
CASE_RANDOM_STAGE_seed06,6,31,AES_STAGE_RANDOM,64,u_aes_peripheral/u_aes_round1/SB_REG_reg[10]
CASE_RANDOM_STAGE_seed06,6,31,AES_STAGE_RANDOM,65,u_aes_peripheral/u_aes_round1/SB_REG_reg[110]
CASE_RANDOM_STAGE_seed06,6,31,AES_STAGE_RANDOM,66,u_aes_peripheral/u_aes_round1/SB_REG_reg[112]
CASE_RANDOM_STAGE_seed06,6,31,AES_STAGE_RANDOM,67,u_aes_peripheral/u_aes_round1/SB_REG_reg[117]
CASE_RANDOM_STAGE_seed06,6,31,AES_STAGE_RANDOM,68,u_aes_peripheral/u_aes_round1/SB_REG_reg[118]
CASE_RANDOM_STAGE_seed06,6,31,AES_STAGE_RANDOM,69,u_aes_peripheral/u_aes_round1/SB_REG_reg[124]
CASE_RANDOM_STAGE_seed06,6,31,AES_STAGE_RANDOM,70,u_aes_peripheral/u_aes_round1/SB_REG_reg[126]
CASE_RANDOM_STAGE_seed06,6,31,AES_STAGE_RANDOM,71,u_aes_peripheral/u_aes_round1/SB_REG_reg[13]
CASE_RANDOM_STAGE_seed06,6,31,AES_STAGE_RANDOM,72,u_aes_peripheral/u_aes_round1/SB_REG_reg[19]
CASE_RANDOM_STAGE_seed06,6,31,AES_STAGE_RANDOM,73,u_aes_peripheral/u_aes_round1/SB_REG_reg[24]
CASE_RANDOM_STAGE_seed06,6,31,AES_STAGE_RANDOM,74,u_aes_peripheral/u_aes_round1/SB_REG_reg[25]
CASE_RANDOM_STAGE_seed06,6,31,AES_STAGE_RANDOM,75,u_aes_peripheral/u_aes_round1/SB_REG_reg[29]
CASE_RANDOM_STAGE_seed06,6,31,AES_STAGE_RANDOM,76,u_aes_peripheral/u_aes_round1/SB_REG_reg[31]
CASE_RANDOM_STAGE_seed06,6,31,AES_STAGE_RANDOM,77,u_aes_peripheral/u_aes_round1/SB_REG_reg[34]
CASE_RANDOM_STAGE_seed06,6,31,AES_STAGE_RANDOM,78,u_aes_peripheral/u_aes_round1/SB_REG_reg[35]
CASE_RANDOM_STAGE_seed06,6,31,AES_STAGE_RANDOM,79,u_aes_peripheral/u_aes_round1/SB_REG_reg[39]
CASE_RANDOM_STAGE_seed06,6,31,AES_STAGE_RANDOM,80,u_aes_peripheral/u_aes_round1/SB_REG_reg[3]
CASE_RANDOM_STAGE_seed06,6,31,AES_STAGE_RANDOM,81,u_aes_peripheral/u_aes_round1/SB_REG_reg[46]
CASE_RANDOM_STAGE_seed06,6,31,AES_STAGE_RANDOM,82,u_aes_peripheral/u_aes_round1/SB_REG_reg[47]
CASE_RANDOM_STAGE_seed06,6,31,AES_STAGE_RANDOM,83,u_aes_peripheral/u_aes_round1/SB_REG_reg[51]
CASE_RANDOM_STAGE_seed06,6,31,AES_STAGE_RANDOM,84,u_aes_peripheral/u_aes_round1/SB_REG_reg[52]
CASE_RANDOM_STAGE_seed06,6,31,AES_STAGE_RANDOM,85,u_aes_peripheral/u_aes_round1/SB_REG_reg[56]
CASE_RANDOM_STAGE_seed06,6,31,AES_STAGE_RANDOM,86,u_aes_peripheral/u_aes_round1/SB_REG_reg[5]
CASE_RANDOM_STAGE_seed06,6,31,AES_STAGE_RANDOM,87,u_aes_peripheral/u_aes_round1/SB_REG_reg[63]
CASE_RANDOM_STAGE_seed06,6,31,AES_STAGE_RANDOM,88,u_aes_peripheral/u_aes_round1/SB_REG_reg[67]
CASE_RANDOM_STAGE_seed06,6,31,AES_STAGE_RANDOM,89,u_aes_peripheral/u_aes_round1/SB_REG_reg[69]
CASE_RANDOM_STAGE_seed06,6,31,AES_STAGE_RANDOM,90,u_aes_peripheral/u_aes_round1/SB_REG_reg[70]
CASE_RANDOM_STAGE_seed06,6,31,AES_STAGE_RANDOM,91,u_aes_peripheral/u_aes_round1/SB_REG_reg[76]
CASE_RANDOM_STAGE_seed06,6,31,AES_STAGE_RANDOM,92,u_aes_peripheral/u_aes_round1/SB_REG_reg[77]
CASE_RANDOM_STAGE_seed06,6,31,AES_STAGE_RANDOM,93,u_aes_peripheral/u_aes_round1/SB_REG_reg[86]
CASE_RANDOM_STAGE_seed06,6,31,AES_STAGE_RANDOM,94,u_aes_peripheral/u_aes_round1/SB_REG_reg[90]
CASE_RANDOM_STAGE_seed06,6,31,AES_STAGE_RANDOM,95,u_aes_peripheral/u_aes_round1/SB_REG_reg[93]
CASE_RANDOM_STAGE_seed06,6,31,AES_STAGE_RANDOM,96,u_aes_peripheral/u_aes_round1/SR_REG_reg[101]
CASE_RANDOM_STAGE_seed06,6,31,AES_STAGE_RANDOM,97,u_aes_peripheral/u_aes_round1/SR_REG_reg[103]
CASE_RANDOM_STAGE_seed06,6,31,AES_STAGE_RANDOM,98,u_aes_peripheral/u_aes_round1/SR_REG_reg[105]
CASE_RANDOM_STAGE_seed06,6,31,AES_STAGE_RANDOM,99,u_aes_peripheral/u_aes_round1/SR_REG_reg[109]
CASE_RANDOM_STAGE_seed06,6,31,AES_STAGE_RANDOM,100,u_aes_peripheral/u_aes_round1/SR_REG_reg[112]
CASE_RANDOM_STAGE_seed06,6,31,AES_STAGE_RANDOM,101,u_aes_peripheral/u_aes_round1/SR_REG_reg[120]
CASE_RANDOM_STAGE_seed06,6,31,AES_STAGE_RANDOM,102,u_aes_peripheral/u_aes_round1/SR_REG_reg[122]
CASE_RANDOM_STAGE_seed06,6,31,AES_STAGE_RANDOM,103,u_aes_peripheral/u_aes_round1/SR_REG_reg[123]
CASE_RANDOM_STAGE_seed06,6,31,AES_STAGE_RANDOM,104,u_aes_peripheral/u_aes_round1/SR_REG_reg[124]
CASE_RANDOM_STAGE_seed06,6,31,AES_STAGE_RANDOM,105,u_aes_peripheral/u_aes_round1/SR_REG_reg[125]
CASE_RANDOM_STAGE_seed06,6,31,AES_STAGE_RANDOM,106,u_aes_peripheral/u_aes_round1/SR_REG_reg[1]
CASE_RANDOM_STAGE_seed06,6,31,AES_STAGE_RANDOM,107,u_aes_peripheral/u_aes_round1/SR_REG_reg[20]
CASE_RANDOM_STAGE_seed06,6,31,AES_STAGE_RANDOM,108,u_aes_peripheral/u_aes_round1/SR_REG_reg[22]
CASE_RANDOM_STAGE_seed06,6,31,AES_STAGE_RANDOM,109,u_aes_peripheral/u_aes_round1/SR_REG_reg[28]
CASE_RANDOM_STAGE_seed06,6,31,AES_STAGE_RANDOM,110,u_aes_peripheral/u_aes_round1/SR_REG_reg[34]
CASE_RANDOM_STAGE_seed06,6,31,AES_STAGE_RANDOM,111,u_aes_peripheral/u_aes_round1/SR_REG_reg[40]
CASE_RANDOM_STAGE_seed06,6,31,AES_STAGE_RANDOM,112,u_aes_peripheral/u_aes_round1/SR_REG_reg[44]
CASE_RANDOM_STAGE_seed06,6,31,AES_STAGE_RANDOM,113,u_aes_peripheral/u_aes_round1/SR_REG_reg[50]
CASE_RANDOM_STAGE_seed06,6,31,AES_STAGE_RANDOM,114,u_aes_peripheral/u_aes_round1/SR_REG_reg[53]
CASE_RANDOM_STAGE_seed06,6,31,AES_STAGE_RANDOM,115,u_aes_peripheral/u_aes_round1/SR_REG_reg[56]
CASE_RANDOM_STAGE_seed06,6,31,AES_STAGE_RANDOM,116,u_aes_peripheral/u_aes_round1/SR_REG_reg[59]
CASE_RANDOM_STAGE_seed06,6,31,AES_STAGE_RANDOM,117,u_aes_peripheral/u_aes_round1/SR_REG_reg[63]
CASE_RANDOM_STAGE_seed06,6,31,AES_STAGE_RANDOM,118,u_aes_peripheral/u_aes_round1/SR_REG_reg[67]
CASE_RANDOM_STAGE_seed06,6,31,AES_STAGE_RANDOM,119,u_aes_peripheral/u_aes_round1/SR_REG_reg[6]
CASE_RANDOM_STAGE_seed06,6,31,AES_STAGE_RANDOM,120,u_aes_peripheral/u_aes_round1/SR_REG_reg[70]
CASE_RANDOM_STAGE_seed06,6,31,AES_STAGE_RANDOM,121,u_aes_peripheral/u_aes_round1/SR_REG_reg[74]
CASE_RANDOM_STAGE_seed06,6,31,AES_STAGE_RANDOM,122,u_aes_peripheral/u_aes_round1/SR_REG_reg[78]
CASE_RANDOM_STAGE_seed06,6,31,AES_STAGE_RANDOM,123,u_aes_peripheral/u_aes_round1/SR_REG_reg[80]
CASE_RANDOM_STAGE_seed06,6,31,AES_STAGE_RANDOM,124,u_aes_peripheral/u_aes_round1/SR_REG_reg[81]
CASE_RANDOM_STAGE_seed06,6,31,AES_STAGE_RANDOM,125,u_aes_peripheral/u_aes_round1/SR_REG_reg[83]
CASE_RANDOM_STAGE_seed06,6,31,AES_STAGE_RANDOM,126,u_aes_peripheral/u_aes_round1/SR_REG_reg[84]
CASE_RANDOM_STAGE_seed06,6,31,AES_STAGE_RANDOM,127,u_aes_peripheral/u_aes_round1/SR_REG_reg[88]
CASE_RANDOM_STAGE_seed06,6,31,AES_STAGE_RANDOM,128,u_aes_peripheral/u_aes_round1/SR_REG_reg[93]
CASE_RANDOM_STAGE_seed07,7,27,AES_STAGE_RANDOM,1,u_aes_peripheral/u_aes_round1/IARK_REG_reg[117]
CASE_RANDOM_STAGE_seed07,7,27,AES_STAGE_RANDOM,2,u_aes_peripheral/u_aes_round1/IARK_REG_reg[118]
CASE_RANDOM_STAGE_seed07,7,27,AES_STAGE_RANDOM,3,u_aes_peripheral/u_aes_round1/IARK_REG_reg[120]
CASE_RANDOM_STAGE_seed07,7,27,AES_STAGE_RANDOM,4,u_aes_peripheral/u_aes_round1/IARK_REG_reg[121]
CASE_RANDOM_STAGE_seed07,7,27,AES_STAGE_RANDOM,5,u_aes_peripheral/u_aes_round1/IARK_REG_reg[122]
CASE_RANDOM_STAGE_seed07,7,27,AES_STAGE_RANDOM,6,u_aes_peripheral/u_aes_round1/IARK_REG_reg[126]
CASE_RANDOM_STAGE_seed07,7,27,AES_STAGE_RANDOM,7,u_aes_peripheral/u_aes_round1/IARK_REG_reg[127]
CASE_RANDOM_STAGE_seed07,7,27,AES_STAGE_RANDOM,8,u_aes_peripheral/u_aes_round1/IARK_REG_reg[12]
CASE_RANDOM_STAGE_seed07,7,27,AES_STAGE_RANDOM,9,u_aes_peripheral/u_aes_round1/IARK_REG_reg[13]
CASE_RANDOM_STAGE_seed07,7,27,AES_STAGE_RANDOM,10,u_aes_peripheral/u_aes_round1/IARK_REG_reg[14]
CASE_RANDOM_STAGE_seed07,7,27,AES_STAGE_RANDOM,11,u_aes_peripheral/u_aes_round1/IARK_REG_reg[16]
CASE_RANDOM_STAGE_seed07,7,27,AES_STAGE_RANDOM,12,u_aes_peripheral/u_aes_round1/IARK_REG_reg[18]
CASE_RANDOM_STAGE_seed07,7,27,AES_STAGE_RANDOM,13,u_aes_peripheral/u_aes_round1/IARK_REG_reg[1]
CASE_RANDOM_STAGE_seed07,7,27,AES_STAGE_RANDOM,14,u_aes_peripheral/u_aes_round1/IARK_REG_reg[21]
CASE_RANDOM_STAGE_seed07,7,27,AES_STAGE_RANDOM,15,u_aes_peripheral/u_aes_round1/IARK_REG_reg[24]
CASE_RANDOM_STAGE_seed07,7,27,AES_STAGE_RANDOM,16,u_aes_peripheral/u_aes_round1/IARK_REG_reg[26]
CASE_RANDOM_STAGE_seed07,7,27,AES_STAGE_RANDOM,17,u_aes_peripheral/u_aes_round1/IARK_REG_reg[27]
CASE_RANDOM_STAGE_seed07,7,27,AES_STAGE_RANDOM,18,u_aes_peripheral/u_aes_round1/IARK_REG_reg[28]
CASE_RANDOM_STAGE_seed07,7,27,AES_STAGE_RANDOM,19,u_aes_peripheral/u_aes_round1/IARK_REG_reg[29]
CASE_RANDOM_STAGE_seed07,7,27,AES_STAGE_RANDOM,20,u_aes_peripheral/u_aes_round1/IARK_REG_reg[31]
CASE_RANDOM_STAGE_seed07,7,27,AES_STAGE_RANDOM,21,u_aes_peripheral/u_aes_round1/IARK_REG_reg[39]
CASE_RANDOM_STAGE_seed07,7,27,AES_STAGE_RANDOM,22,u_aes_peripheral/u_aes_round1/IARK_REG_reg[41]
CASE_RANDOM_STAGE_seed07,7,27,AES_STAGE_RANDOM,23,u_aes_peripheral/u_aes_round1/IARK_REG_reg[46]
CASE_RANDOM_STAGE_seed07,7,27,AES_STAGE_RANDOM,24,u_aes_peripheral/u_aes_round1/IARK_REG_reg[50]
CASE_RANDOM_STAGE_seed07,7,27,AES_STAGE_RANDOM,25,u_aes_peripheral/u_aes_round1/IARK_REG_reg[54]
CASE_RANDOM_STAGE_seed07,7,27,AES_STAGE_RANDOM,26,u_aes_peripheral/u_aes_round1/IARK_REG_reg[60]
CASE_RANDOM_STAGE_seed07,7,27,AES_STAGE_RANDOM,27,u_aes_peripheral/u_aes_round1/IARK_REG_reg[68]
CASE_RANDOM_STAGE_seed07,7,27,AES_STAGE_RANDOM,28,u_aes_peripheral/u_aes_round1/IARK_REG_reg[71]
CASE_RANDOM_STAGE_seed07,7,27,AES_STAGE_RANDOM,29,u_aes_peripheral/u_aes_round1/IARK_REG_reg[7]
CASE_RANDOM_STAGE_seed07,7,27,AES_STAGE_RANDOM,30,u_aes_peripheral/u_aes_round1/IARK_REG_reg[83]
CASE_RANDOM_STAGE_seed07,7,27,AES_STAGE_RANDOM,31,u_aes_peripheral/u_aes_round1/IARK_REG_reg[87]
CASE_RANDOM_STAGE_seed07,7,27,AES_STAGE_RANDOM,32,u_aes_peripheral/u_aes_round1/IARK_REG_reg[88]
CASE_RANDOM_STAGE_seed07,7,27,AES_STAGE_RANDOM,33,u_aes_peripheral/u_aes_round1/IARK_REG_reg[96]
CASE_RANDOM_STAGE_seed07,7,27,AES_STAGE_RANDOM,34,u_aes_peripheral/u_aes_round1/IARK_REG_reg[97]
CASE_RANDOM_STAGE_seed07,7,27,AES_STAGE_RANDOM,35,u_aes_peripheral/u_aes_round1/IARK_REG_reg[9]
CASE_RANDOM_STAGE_seed07,7,27,AES_STAGE_RANDOM,36,u_aes_peripheral/u_aes_round1/MC_REG_reg[109]
CASE_RANDOM_STAGE_seed07,7,27,AES_STAGE_RANDOM,37,u_aes_peripheral/u_aes_round1/MC_REG_reg[117]
CASE_RANDOM_STAGE_seed07,7,27,AES_STAGE_RANDOM,38,u_aes_peripheral/u_aes_round1/MC_REG_reg[118]
CASE_RANDOM_STAGE_seed07,7,27,AES_STAGE_RANDOM,39,u_aes_peripheral/u_aes_round1/MC_REG_reg[122]
CASE_RANDOM_STAGE_seed07,7,27,AES_STAGE_RANDOM,40,u_aes_peripheral/u_aes_round1/MC_REG_reg[126]
CASE_RANDOM_STAGE_seed07,7,27,AES_STAGE_RANDOM,41,u_aes_peripheral/u_aes_round1/MC_REG_reg[13]
CASE_RANDOM_STAGE_seed07,7,27,AES_STAGE_RANDOM,42,u_aes_peripheral/u_aes_round1/MC_REG_reg[26]
CASE_RANDOM_STAGE_seed07,7,27,AES_STAGE_RANDOM,43,u_aes_peripheral/u_aes_round1/MC_REG_reg[27]
CASE_RANDOM_STAGE_seed07,7,27,AES_STAGE_RANDOM,44,u_aes_peripheral/u_aes_round1/MC_REG_reg[30]
CASE_RANDOM_STAGE_seed07,7,27,AES_STAGE_RANDOM,45,u_aes_peripheral/u_aes_round1/MC_REG_reg[36]
CASE_RANDOM_STAGE_seed07,7,27,AES_STAGE_RANDOM,46,u_aes_peripheral/u_aes_round1/MC_REG_reg[38]
CASE_RANDOM_STAGE_seed07,7,27,AES_STAGE_RANDOM,47,u_aes_peripheral/u_aes_round1/MC_REG_reg[40]
CASE_RANDOM_STAGE_seed07,7,27,AES_STAGE_RANDOM,48,u_aes_peripheral/u_aes_round1/MC_REG_reg[51]
CASE_RANDOM_STAGE_seed07,7,27,AES_STAGE_RANDOM,49,u_aes_peripheral/u_aes_round1/MC_REG_reg[52]
CASE_RANDOM_STAGE_seed07,7,27,AES_STAGE_RANDOM,50,u_aes_peripheral/u_aes_round1/MC_REG_reg[62]
CASE_RANDOM_STAGE_seed07,7,27,AES_STAGE_RANDOM,51,u_aes_peripheral/u_aes_round1/MC_REG_reg[63]
CASE_RANDOM_STAGE_seed07,7,27,AES_STAGE_RANDOM,52,u_aes_peripheral/u_aes_round1/MC_REG_reg[65]
CASE_RANDOM_STAGE_seed07,7,27,AES_STAGE_RANDOM,53,u_aes_peripheral/u_aes_round1/MC_REG_reg[66]
CASE_RANDOM_STAGE_seed07,7,27,AES_STAGE_RANDOM,54,u_aes_peripheral/u_aes_round1/MC_REG_reg[6]
CASE_RANDOM_STAGE_seed07,7,27,AES_STAGE_RANDOM,55,u_aes_peripheral/u_aes_round1/MC_REG_reg[76]
CASE_RANDOM_STAGE_seed07,7,27,AES_STAGE_RANDOM,56,u_aes_peripheral/u_aes_round1/MC_REG_reg[79]
CASE_RANDOM_STAGE_seed07,7,27,AES_STAGE_RANDOM,57,u_aes_peripheral/u_aes_round1/MC_REG_reg[7]
CASE_RANDOM_STAGE_seed07,7,27,AES_STAGE_RANDOM,58,u_aes_peripheral/u_aes_round1/MC_REG_reg[84]
CASE_RANDOM_STAGE_seed07,7,27,AES_STAGE_RANDOM,59,u_aes_peripheral/u_aes_round1/MC_REG_reg[88]
CASE_RANDOM_STAGE_seed07,7,27,AES_STAGE_RANDOM,60,u_aes_peripheral/u_aes_round1/MC_REG_reg[95]
CASE_RANDOM_STAGE_seed07,7,27,AES_STAGE_RANDOM,61,u_aes_peripheral/u_aes_round1/MC_REG_reg[98]
CASE_RANDOM_STAGE_seed07,7,27,AES_STAGE_RANDOM,62,u_aes_peripheral/u_aes_round1/MC_REG_reg[99]
CASE_RANDOM_STAGE_seed07,7,27,AES_STAGE_RANDOM,63,u_aes_peripheral/u_aes_round1/SB_REG_reg[102]
CASE_RANDOM_STAGE_seed07,7,27,AES_STAGE_RANDOM,64,u_aes_peripheral/u_aes_round1/SB_REG_reg[105]
CASE_RANDOM_STAGE_seed07,7,27,AES_STAGE_RANDOM,65,u_aes_peripheral/u_aes_round1/SB_REG_reg[110]
CASE_RANDOM_STAGE_seed07,7,27,AES_STAGE_RANDOM,66,u_aes_peripheral/u_aes_round1/SB_REG_reg[114]
CASE_RANDOM_STAGE_seed07,7,27,AES_STAGE_RANDOM,67,u_aes_peripheral/u_aes_round1/SB_REG_reg[116]
CASE_RANDOM_STAGE_seed07,7,27,AES_STAGE_RANDOM,68,u_aes_peripheral/u_aes_round1/SB_REG_reg[118]
CASE_RANDOM_STAGE_seed07,7,27,AES_STAGE_RANDOM,69,u_aes_peripheral/u_aes_round1/SB_REG_reg[121]
CASE_RANDOM_STAGE_seed07,7,27,AES_STAGE_RANDOM,70,u_aes_peripheral/u_aes_round1/SB_REG_reg[123]
CASE_RANDOM_STAGE_seed07,7,27,AES_STAGE_RANDOM,71,u_aes_peripheral/u_aes_round1/SB_REG_reg[126]
CASE_RANDOM_STAGE_seed07,7,27,AES_STAGE_RANDOM,72,u_aes_peripheral/u_aes_round1/SB_REG_reg[127]
CASE_RANDOM_STAGE_seed07,7,27,AES_STAGE_RANDOM,73,u_aes_peripheral/u_aes_round1/SB_REG_reg[13]
CASE_RANDOM_STAGE_seed07,7,27,AES_STAGE_RANDOM,74,u_aes_peripheral/u_aes_round1/SB_REG_reg[14]
CASE_RANDOM_STAGE_seed07,7,27,AES_STAGE_RANDOM,75,u_aes_peripheral/u_aes_round1/SB_REG_reg[17]
CASE_RANDOM_STAGE_seed07,7,27,AES_STAGE_RANDOM,76,u_aes_peripheral/u_aes_round1/SB_REG_reg[18]
CASE_RANDOM_STAGE_seed07,7,27,AES_STAGE_RANDOM,77,u_aes_peripheral/u_aes_round1/SB_REG_reg[19]
CASE_RANDOM_STAGE_seed07,7,27,AES_STAGE_RANDOM,78,u_aes_peripheral/u_aes_round1/SB_REG_reg[1]
CASE_RANDOM_STAGE_seed07,7,27,AES_STAGE_RANDOM,79,u_aes_peripheral/u_aes_round1/SB_REG_reg[20]
CASE_RANDOM_STAGE_seed07,7,27,AES_STAGE_RANDOM,80,u_aes_peripheral/u_aes_round1/SB_REG_reg[21]
CASE_RANDOM_STAGE_seed07,7,27,AES_STAGE_RANDOM,81,u_aes_peripheral/u_aes_round1/SB_REG_reg[22]
CASE_RANDOM_STAGE_seed07,7,27,AES_STAGE_RANDOM,82,u_aes_peripheral/u_aes_round1/SB_REG_reg[23]
CASE_RANDOM_STAGE_seed07,7,27,AES_STAGE_RANDOM,83,u_aes_peripheral/u_aes_round1/SB_REG_reg[28]
CASE_RANDOM_STAGE_seed07,7,27,AES_STAGE_RANDOM,84,u_aes_peripheral/u_aes_round1/SB_REG_reg[34]
CASE_RANDOM_STAGE_seed07,7,27,AES_STAGE_RANDOM,85,u_aes_peripheral/u_aes_round1/SB_REG_reg[39]
CASE_RANDOM_STAGE_seed07,7,27,AES_STAGE_RANDOM,86,u_aes_peripheral/u_aes_round1/SB_REG_reg[43]
CASE_RANDOM_STAGE_seed07,7,27,AES_STAGE_RANDOM,87,u_aes_peripheral/u_aes_round1/SB_REG_reg[44]
CASE_RANDOM_STAGE_seed07,7,27,AES_STAGE_RANDOM,88,u_aes_peripheral/u_aes_round1/SB_REG_reg[49]
CASE_RANDOM_STAGE_seed07,7,27,AES_STAGE_RANDOM,89,u_aes_peripheral/u_aes_round1/SB_REG_reg[52]
CASE_RANDOM_STAGE_seed07,7,27,AES_STAGE_RANDOM,90,u_aes_peripheral/u_aes_round1/SB_REG_reg[54]
CASE_RANDOM_STAGE_seed07,7,27,AES_STAGE_RANDOM,91,u_aes_peripheral/u_aes_round1/SB_REG_reg[60]
CASE_RANDOM_STAGE_seed07,7,27,AES_STAGE_RANDOM,92,u_aes_peripheral/u_aes_round1/SB_REG_reg[62]
CASE_RANDOM_STAGE_seed07,7,27,AES_STAGE_RANDOM,93,u_aes_peripheral/u_aes_round1/SB_REG_reg[68]
CASE_RANDOM_STAGE_seed07,7,27,AES_STAGE_RANDOM,94,u_aes_peripheral/u_aes_round1/SB_REG_reg[69]
CASE_RANDOM_STAGE_seed07,7,27,AES_STAGE_RANDOM,95,u_aes_peripheral/u_aes_round1/SB_REG_reg[74]
CASE_RANDOM_STAGE_seed07,7,27,AES_STAGE_RANDOM,96,u_aes_peripheral/u_aes_round1/SB_REG_reg[75]
CASE_RANDOM_STAGE_seed07,7,27,AES_STAGE_RANDOM,97,u_aes_peripheral/u_aes_round1/SB_REG_reg[76]
CASE_RANDOM_STAGE_seed07,7,27,AES_STAGE_RANDOM,98,u_aes_peripheral/u_aes_round1/SB_REG_reg[82]
CASE_RANDOM_STAGE_seed07,7,27,AES_STAGE_RANDOM,99,u_aes_peripheral/u_aes_round1/SB_REG_reg[90]
CASE_RANDOM_STAGE_seed07,7,27,AES_STAGE_RANDOM,100,u_aes_peripheral/u_aes_round1/SB_REG_reg[91]
CASE_RANDOM_STAGE_seed07,7,27,AES_STAGE_RANDOM,101,u_aes_peripheral/u_aes_round1/SR_REG_reg[102]
CASE_RANDOM_STAGE_seed07,7,27,AES_STAGE_RANDOM,102,u_aes_peripheral/u_aes_round1/SR_REG_reg[106]
CASE_RANDOM_STAGE_seed07,7,27,AES_STAGE_RANDOM,103,u_aes_peripheral/u_aes_round1/SR_REG_reg[111]
CASE_RANDOM_STAGE_seed07,7,27,AES_STAGE_RANDOM,104,u_aes_peripheral/u_aes_round1/SR_REG_reg[113]
CASE_RANDOM_STAGE_seed07,7,27,AES_STAGE_RANDOM,105,u_aes_peripheral/u_aes_round1/SR_REG_reg[11]
CASE_RANDOM_STAGE_seed07,7,27,AES_STAGE_RANDOM,106,u_aes_peripheral/u_aes_round1/SR_REG_reg[14]
CASE_RANDOM_STAGE_seed07,7,27,AES_STAGE_RANDOM,107,u_aes_peripheral/u_aes_round1/SR_REG_reg[17]
CASE_RANDOM_STAGE_seed07,7,27,AES_STAGE_RANDOM,108,u_aes_peripheral/u_aes_round1/SR_REG_reg[18]
CASE_RANDOM_STAGE_seed07,7,27,AES_STAGE_RANDOM,109,u_aes_peripheral/u_aes_round1/SR_REG_reg[1]
CASE_RANDOM_STAGE_seed07,7,27,AES_STAGE_RANDOM,110,u_aes_peripheral/u_aes_round1/SR_REG_reg[29]
CASE_RANDOM_STAGE_seed07,7,27,AES_STAGE_RANDOM,111,u_aes_peripheral/u_aes_round1/SR_REG_reg[33]
CASE_RANDOM_STAGE_seed07,7,27,AES_STAGE_RANDOM,112,u_aes_peripheral/u_aes_round1/SR_REG_reg[34]
CASE_RANDOM_STAGE_seed07,7,27,AES_STAGE_RANDOM,113,u_aes_peripheral/u_aes_round1/SR_REG_reg[38]
CASE_RANDOM_STAGE_seed07,7,27,AES_STAGE_RANDOM,114,u_aes_peripheral/u_aes_round1/SR_REG_reg[51]
CASE_RANDOM_STAGE_seed07,7,27,AES_STAGE_RANDOM,115,u_aes_peripheral/u_aes_round1/SR_REG_reg[56]
CASE_RANDOM_STAGE_seed07,7,27,AES_STAGE_RANDOM,116,u_aes_peripheral/u_aes_round1/SR_REG_reg[57]
CASE_RANDOM_STAGE_seed07,7,27,AES_STAGE_RANDOM,117,u_aes_peripheral/u_aes_round1/SR_REG_reg[58]
CASE_RANDOM_STAGE_seed07,7,27,AES_STAGE_RANDOM,118,u_aes_peripheral/u_aes_round1/SR_REG_reg[5]
CASE_RANDOM_STAGE_seed07,7,27,AES_STAGE_RANDOM,119,u_aes_peripheral/u_aes_round1/SR_REG_reg[63]
CASE_RANDOM_STAGE_seed07,7,27,AES_STAGE_RANDOM,120,u_aes_peripheral/u_aes_round1/SR_REG_reg[68]
CASE_RANDOM_STAGE_seed07,7,27,AES_STAGE_RANDOM,121,u_aes_peripheral/u_aes_round1/SR_REG_reg[6]
CASE_RANDOM_STAGE_seed07,7,27,AES_STAGE_RANDOM,122,u_aes_peripheral/u_aes_round1/SR_REG_reg[76]
CASE_RANDOM_STAGE_seed07,7,27,AES_STAGE_RANDOM,123,u_aes_peripheral/u_aes_round1/SR_REG_reg[77]
CASE_RANDOM_STAGE_seed07,7,27,AES_STAGE_RANDOM,124,u_aes_peripheral/u_aes_round1/SR_REG_reg[81]
CASE_RANDOM_STAGE_seed07,7,27,AES_STAGE_RANDOM,125,u_aes_peripheral/u_aes_round1/SR_REG_reg[82]
CASE_RANDOM_STAGE_seed07,7,27,AES_STAGE_RANDOM,126,u_aes_peripheral/u_aes_round1/SR_REG_reg[8]
CASE_RANDOM_STAGE_seed07,7,27,AES_STAGE_RANDOM,127,u_aes_peripheral/u_aes_round1/SR_REG_reg[94]
CASE_RANDOM_STAGE_seed07,7,27,AES_STAGE_RANDOM,128,u_aes_peripheral/u_aes_round1/SR_REG_reg[98]
CASE_RANDOM_STAGE_seed08,8,36,AES_STAGE_RANDOM,1,u_aes_peripheral/u_aes_round1/IARK_REG_reg[105]
CASE_RANDOM_STAGE_seed08,8,36,AES_STAGE_RANDOM,2,u_aes_peripheral/u_aes_round1/IARK_REG_reg[109]
CASE_RANDOM_STAGE_seed08,8,36,AES_STAGE_RANDOM,3,u_aes_peripheral/u_aes_round1/IARK_REG_reg[113]
CASE_RANDOM_STAGE_seed08,8,36,AES_STAGE_RANDOM,4,u_aes_peripheral/u_aes_round1/IARK_REG_reg[115]
CASE_RANDOM_STAGE_seed08,8,36,AES_STAGE_RANDOM,5,u_aes_peripheral/u_aes_round1/IARK_REG_reg[117]
CASE_RANDOM_STAGE_seed08,8,36,AES_STAGE_RANDOM,6,u_aes_peripheral/u_aes_round1/IARK_REG_reg[11]
CASE_RANDOM_STAGE_seed08,8,36,AES_STAGE_RANDOM,7,u_aes_peripheral/u_aes_round1/IARK_REG_reg[126]
CASE_RANDOM_STAGE_seed08,8,36,AES_STAGE_RANDOM,8,u_aes_peripheral/u_aes_round1/IARK_REG_reg[13]
CASE_RANDOM_STAGE_seed08,8,36,AES_STAGE_RANDOM,9,u_aes_peripheral/u_aes_round1/IARK_REG_reg[17]
CASE_RANDOM_STAGE_seed08,8,36,AES_STAGE_RANDOM,10,u_aes_peripheral/u_aes_round1/IARK_REG_reg[23]
CASE_RANDOM_STAGE_seed08,8,36,AES_STAGE_RANDOM,11,u_aes_peripheral/u_aes_round1/IARK_REG_reg[24]
CASE_RANDOM_STAGE_seed08,8,36,AES_STAGE_RANDOM,12,u_aes_peripheral/u_aes_round1/IARK_REG_reg[25]
CASE_RANDOM_STAGE_seed08,8,36,AES_STAGE_RANDOM,13,u_aes_peripheral/u_aes_round1/IARK_REG_reg[29]
CASE_RANDOM_STAGE_seed08,8,36,AES_STAGE_RANDOM,14,u_aes_peripheral/u_aes_round1/IARK_REG_reg[34]
CASE_RANDOM_STAGE_seed08,8,36,AES_STAGE_RANDOM,15,u_aes_peripheral/u_aes_round1/IARK_REG_reg[37]
CASE_RANDOM_STAGE_seed08,8,36,AES_STAGE_RANDOM,16,u_aes_peripheral/u_aes_round1/IARK_REG_reg[38]
CASE_RANDOM_STAGE_seed08,8,36,AES_STAGE_RANDOM,17,u_aes_peripheral/u_aes_round1/IARK_REG_reg[42]
CASE_RANDOM_STAGE_seed08,8,36,AES_STAGE_RANDOM,18,u_aes_peripheral/u_aes_round1/IARK_REG_reg[47]
CASE_RANDOM_STAGE_seed08,8,36,AES_STAGE_RANDOM,19,u_aes_peripheral/u_aes_round1/IARK_REG_reg[48]
CASE_RANDOM_STAGE_seed08,8,36,AES_STAGE_RANDOM,20,u_aes_peripheral/u_aes_round1/IARK_REG_reg[4]
CASE_RANDOM_STAGE_seed08,8,36,AES_STAGE_RANDOM,21,u_aes_peripheral/u_aes_round1/IARK_REG_reg[52]
CASE_RANDOM_STAGE_seed08,8,36,AES_STAGE_RANDOM,22,u_aes_peripheral/u_aes_round1/IARK_REG_reg[53]
CASE_RANDOM_STAGE_seed08,8,36,AES_STAGE_RANDOM,23,u_aes_peripheral/u_aes_round1/IARK_REG_reg[58]
CASE_RANDOM_STAGE_seed08,8,36,AES_STAGE_RANDOM,24,u_aes_peripheral/u_aes_round1/IARK_REG_reg[61]
CASE_RANDOM_STAGE_seed08,8,36,AES_STAGE_RANDOM,25,u_aes_peripheral/u_aes_round1/IARK_REG_reg[65]
CASE_RANDOM_STAGE_seed08,8,36,AES_STAGE_RANDOM,26,u_aes_peripheral/u_aes_round1/IARK_REG_reg[73]
CASE_RANDOM_STAGE_seed08,8,36,AES_STAGE_RANDOM,27,u_aes_peripheral/u_aes_round1/IARK_REG_reg[74]
CASE_RANDOM_STAGE_seed08,8,36,AES_STAGE_RANDOM,28,u_aes_peripheral/u_aes_round1/IARK_REG_reg[76]
CASE_RANDOM_STAGE_seed08,8,36,AES_STAGE_RANDOM,29,u_aes_peripheral/u_aes_round1/IARK_REG_reg[80]
CASE_RANDOM_STAGE_seed08,8,36,AES_STAGE_RANDOM,30,u_aes_peripheral/u_aes_round1/IARK_REG_reg[81]
CASE_RANDOM_STAGE_seed08,8,36,AES_STAGE_RANDOM,31,u_aes_peripheral/u_aes_round1/IARK_REG_reg[86]
CASE_RANDOM_STAGE_seed08,8,36,AES_STAGE_RANDOM,32,u_aes_peripheral/u_aes_round1/IARK_REG_reg[92]
CASE_RANDOM_STAGE_seed08,8,36,AES_STAGE_RANDOM,33,u_aes_peripheral/u_aes_round1/IARK_REG_reg[93]
CASE_RANDOM_STAGE_seed08,8,36,AES_STAGE_RANDOM,34,u_aes_peripheral/u_aes_round1/IARK_REG_reg[97]
CASE_RANDOM_STAGE_seed08,8,36,AES_STAGE_RANDOM,35,u_aes_peripheral/u_aes_round1/IARK_REG_reg[99]
CASE_RANDOM_STAGE_seed08,8,36,AES_STAGE_RANDOM,36,u_aes_peripheral/u_aes_round1/MC_REG_reg[101]
CASE_RANDOM_STAGE_seed08,8,36,AES_STAGE_RANDOM,37,u_aes_peripheral/u_aes_round1/MC_REG_reg[103]
CASE_RANDOM_STAGE_seed08,8,36,AES_STAGE_RANDOM,38,u_aes_peripheral/u_aes_round1/MC_REG_reg[107]
CASE_RANDOM_STAGE_seed08,8,36,AES_STAGE_RANDOM,39,u_aes_peripheral/u_aes_round1/MC_REG_reg[115]
CASE_RANDOM_STAGE_seed08,8,36,AES_STAGE_RANDOM,40,u_aes_peripheral/u_aes_round1/MC_REG_reg[116]
CASE_RANDOM_STAGE_seed08,8,36,AES_STAGE_RANDOM,41,u_aes_peripheral/u_aes_round1/MC_REG_reg[120]
CASE_RANDOM_STAGE_seed08,8,36,AES_STAGE_RANDOM,42,u_aes_peripheral/u_aes_round1/MC_REG_reg[121]
CASE_RANDOM_STAGE_seed08,8,36,AES_STAGE_RANDOM,43,u_aes_peripheral/u_aes_round1/MC_REG_reg[127]
CASE_RANDOM_STAGE_seed08,8,36,AES_STAGE_RANDOM,44,u_aes_peripheral/u_aes_round1/MC_REG_reg[13]
CASE_RANDOM_STAGE_seed08,8,36,AES_STAGE_RANDOM,45,u_aes_peripheral/u_aes_round1/MC_REG_reg[25]
CASE_RANDOM_STAGE_seed08,8,36,AES_STAGE_RANDOM,46,u_aes_peripheral/u_aes_round1/MC_REG_reg[27]
CASE_RANDOM_STAGE_seed08,8,36,AES_STAGE_RANDOM,47,u_aes_peripheral/u_aes_round1/MC_REG_reg[28]
CASE_RANDOM_STAGE_seed08,8,36,AES_STAGE_RANDOM,48,u_aes_peripheral/u_aes_round1/MC_REG_reg[33]
CASE_RANDOM_STAGE_seed08,8,36,AES_STAGE_RANDOM,49,u_aes_peripheral/u_aes_round1/MC_REG_reg[3]
CASE_RANDOM_STAGE_seed08,8,36,AES_STAGE_RANDOM,50,u_aes_peripheral/u_aes_round1/MC_REG_reg[42]
CASE_RANDOM_STAGE_seed08,8,36,AES_STAGE_RANDOM,51,u_aes_peripheral/u_aes_round1/MC_REG_reg[43]
CASE_RANDOM_STAGE_seed08,8,36,AES_STAGE_RANDOM,52,u_aes_peripheral/u_aes_round1/MC_REG_reg[44]
CASE_RANDOM_STAGE_seed08,8,36,AES_STAGE_RANDOM,53,u_aes_peripheral/u_aes_round1/MC_REG_reg[47]
CASE_RANDOM_STAGE_seed08,8,36,AES_STAGE_RANDOM,54,u_aes_peripheral/u_aes_round1/MC_REG_reg[49]
CASE_RANDOM_STAGE_seed08,8,36,AES_STAGE_RANDOM,55,u_aes_peripheral/u_aes_round1/MC_REG_reg[51]
CASE_RANDOM_STAGE_seed08,8,36,AES_STAGE_RANDOM,56,u_aes_peripheral/u_aes_round1/MC_REG_reg[54]
CASE_RANDOM_STAGE_seed08,8,36,AES_STAGE_RANDOM,57,u_aes_peripheral/u_aes_round1/MC_REG_reg[55]
CASE_RANDOM_STAGE_seed08,8,36,AES_STAGE_RANDOM,58,u_aes_peripheral/u_aes_round1/MC_REG_reg[57]
CASE_RANDOM_STAGE_seed08,8,36,AES_STAGE_RANDOM,59,u_aes_peripheral/u_aes_round1/MC_REG_reg[61]
CASE_RANDOM_STAGE_seed08,8,36,AES_STAGE_RANDOM,60,u_aes_peripheral/u_aes_round1/MC_REG_reg[64]
CASE_RANDOM_STAGE_seed08,8,36,AES_STAGE_RANDOM,61,u_aes_peripheral/u_aes_round1/MC_REG_reg[66]
CASE_RANDOM_STAGE_seed08,8,36,AES_STAGE_RANDOM,62,u_aes_peripheral/u_aes_round1/MC_REG_reg[74]
CASE_RANDOM_STAGE_seed08,8,36,AES_STAGE_RANDOM,63,u_aes_peripheral/u_aes_round1/MC_REG_reg[79]
CASE_RANDOM_STAGE_seed08,8,36,AES_STAGE_RANDOM,64,u_aes_peripheral/u_aes_round1/MC_REG_reg[7]
CASE_RANDOM_STAGE_seed08,8,36,AES_STAGE_RANDOM,65,u_aes_peripheral/u_aes_round1/MC_REG_reg[81]
CASE_RANDOM_STAGE_seed08,8,36,AES_STAGE_RANDOM,66,u_aes_peripheral/u_aes_round1/MC_REG_reg[88]
CASE_RANDOM_STAGE_seed08,8,36,AES_STAGE_RANDOM,67,u_aes_peripheral/u_aes_round1/MC_REG_reg[93]
CASE_RANDOM_STAGE_seed08,8,36,AES_STAGE_RANDOM,68,u_aes_peripheral/u_aes_round1/MC_REG_reg[94]
CASE_RANDOM_STAGE_seed08,8,36,AES_STAGE_RANDOM,69,u_aes_peripheral/u_aes_round1/MC_REG_reg[95]
CASE_RANDOM_STAGE_seed08,8,36,AES_STAGE_RANDOM,70,u_aes_peripheral/u_aes_round1/MC_REG_reg[98]
CASE_RANDOM_STAGE_seed08,8,36,AES_STAGE_RANDOM,71,u_aes_peripheral/u_aes_round1/MC_REG_reg[99]
CASE_RANDOM_STAGE_seed08,8,36,AES_STAGE_RANDOM,72,u_aes_peripheral/u_aes_round1/SB_REG_reg[100]
CASE_RANDOM_STAGE_seed08,8,36,AES_STAGE_RANDOM,73,u_aes_peripheral/u_aes_round1/SB_REG_reg[102]
CASE_RANDOM_STAGE_seed08,8,36,AES_STAGE_RANDOM,74,u_aes_peripheral/u_aes_round1/SB_REG_reg[104]
CASE_RANDOM_STAGE_seed08,8,36,AES_STAGE_RANDOM,75,u_aes_peripheral/u_aes_round1/SB_REG_reg[107]
CASE_RANDOM_STAGE_seed08,8,36,AES_STAGE_RANDOM,76,u_aes_peripheral/u_aes_round1/SB_REG_reg[109]
CASE_RANDOM_STAGE_seed08,8,36,AES_STAGE_RANDOM,77,u_aes_peripheral/u_aes_round1/SB_REG_reg[112]
CASE_RANDOM_STAGE_seed08,8,36,AES_STAGE_RANDOM,78,u_aes_peripheral/u_aes_round1/SB_REG_reg[114]
CASE_RANDOM_STAGE_seed08,8,36,AES_STAGE_RANDOM,79,u_aes_peripheral/u_aes_round1/SB_REG_reg[118]
CASE_RANDOM_STAGE_seed08,8,36,AES_STAGE_RANDOM,80,u_aes_peripheral/u_aes_round1/SB_REG_reg[120]
CASE_RANDOM_STAGE_seed08,8,36,AES_STAGE_RANDOM,81,u_aes_peripheral/u_aes_round1/SB_REG_reg[126]
CASE_RANDOM_STAGE_seed08,8,36,AES_STAGE_RANDOM,82,u_aes_peripheral/u_aes_round1/SB_REG_reg[18]
CASE_RANDOM_STAGE_seed08,8,36,AES_STAGE_RANDOM,83,u_aes_peripheral/u_aes_round1/SB_REG_reg[20]
CASE_RANDOM_STAGE_seed08,8,36,AES_STAGE_RANDOM,84,u_aes_peripheral/u_aes_round1/SB_REG_reg[21]
CASE_RANDOM_STAGE_seed08,8,36,AES_STAGE_RANDOM,85,u_aes_peripheral/u_aes_round1/SB_REG_reg[23]
CASE_RANDOM_STAGE_seed08,8,36,AES_STAGE_RANDOM,86,u_aes_peripheral/u_aes_round1/SB_REG_reg[30]
CASE_RANDOM_STAGE_seed08,8,36,AES_STAGE_RANDOM,87,u_aes_peripheral/u_aes_round1/SB_REG_reg[33]
CASE_RANDOM_STAGE_seed08,8,36,AES_STAGE_RANDOM,88,u_aes_peripheral/u_aes_round1/SB_REG_reg[3]
CASE_RANDOM_STAGE_seed08,8,36,AES_STAGE_RANDOM,89,u_aes_peripheral/u_aes_round1/SB_REG_reg[41]
CASE_RANDOM_STAGE_seed08,8,36,AES_STAGE_RANDOM,90,u_aes_peripheral/u_aes_round1/SB_REG_reg[4]
CASE_RANDOM_STAGE_seed08,8,36,AES_STAGE_RANDOM,91,u_aes_peripheral/u_aes_round1/SB_REG_reg[50]
CASE_RANDOM_STAGE_seed08,8,36,AES_STAGE_RANDOM,92,u_aes_peripheral/u_aes_round1/SB_REG_reg[53]
CASE_RANDOM_STAGE_seed08,8,36,AES_STAGE_RANDOM,93,u_aes_peripheral/u_aes_round1/SB_REG_reg[57]
CASE_RANDOM_STAGE_seed08,8,36,AES_STAGE_RANDOM,94,u_aes_peripheral/u_aes_round1/SB_REG_reg[59]
CASE_RANDOM_STAGE_seed08,8,36,AES_STAGE_RANDOM,95,u_aes_peripheral/u_aes_round1/SB_REG_reg[5]
CASE_RANDOM_STAGE_seed08,8,36,AES_STAGE_RANDOM,96,u_aes_peripheral/u_aes_round1/SB_REG_reg[72]
CASE_RANDOM_STAGE_seed08,8,36,AES_STAGE_RANDOM,97,u_aes_peripheral/u_aes_round1/SB_REG_reg[77]
CASE_RANDOM_STAGE_seed08,8,36,AES_STAGE_RANDOM,98,u_aes_peripheral/u_aes_round1/SB_REG_reg[78]
CASE_RANDOM_STAGE_seed08,8,36,AES_STAGE_RANDOM,99,u_aes_peripheral/u_aes_round1/SB_REG_reg[79]
CASE_RANDOM_STAGE_seed08,8,36,AES_STAGE_RANDOM,100,u_aes_peripheral/u_aes_round1/SB_REG_reg[7]
CASE_RANDOM_STAGE_seed08,8,36,AES_STAGE_RANDOM,101,u_aes_peripheral/u_aes_round1/SB_REG_reg[89]
CASE_RANDOM_STAGE_seed08,8,36,AES_STAGE_RANDOM,102,u_aes_peripheral/u_aes_round1/SB_REG_reg[90]
CASE_RANDOM_STAGE_seed08,8,36,AES_STAGE_RANDOM,103,u_aes_peripheral/u_aes_round1/SR_REG_reg[103]
CASE_RANDOM_STAGE_seed08,8,36,AES_STAGE_RANDOM,104,u_aes_peripheral/u_aes_round1/SR_REG_reg[106]
CASE_RANDOM_STAGE_seed08,8,36,AES_STAGE_RANDOM,105,u_aes_peripheral/u_aes_round1/SR_REG_reg[117]
CASE_RANDOM_STAGE_seed08,8,36,AES_STAGE_RANDOM,106,u_aes_peripheral/u_aes_round1/SR_REG_reg[121]
CASE_RANDOM_STAGE_seed08,8,36,AES_STAGE_RANDOM,107,u_aes_peripheral/u_aes_round1/SR_REG_reg[126]
CASE_RANDOM_STAGE_seed08,8,36,AES_STAGE_RANDOM,108,u_aes_peripheral/u_aes_round1/SR_REG_reg[12]
CASE_RANDOM_STAGE_seed08,8,36,AES_STAGE_RANDOM,109,u_aes_peripheral/u_aes_round1/SR_REG_reg[13]
CASE_RANDOM_STAGE_seed08,8,36,AES_STAGE_RANDOM,110,u_aes_peripheral/u_aes_round1/SR_REG_reg[17]
CASE_RANDOM_STAGE_seed08,8,36,AES_STAGE_RANDOM,111,u_aes_peripheral/u_aes_round1/SR_REG_reg[18]
CASE_RANDOM_STAGE_seed08,8,36,AES_STAGE_RANDOM,112,u_aes_peripheral/u_aes_round1/SR_REG_reg[20]
CASE_RANDOM_STAGE_seed08,8,36,AES_STAGE_RANDOM,113,u_aes_peripheral/u_aes_round1/SR_REG_reg[21]
CASE_RANDOM_STAGE_seed08,8,36,AES_STAGE_RANDOM,114,u_aes_peripheral/u_aes_round1/SR_REG_reg[27]
CASE_RANDOM_STAGE_seed08,8,36,AES_STAGE_RANDOM,115,u_aes_peripheral/u_aes_round1/SR_REG_reg[36]
CASE_RANDOM_STAGE_seed08,8,36,AES_STAGE_RANDOM,116,u_aes_peripheral/u_aes_round1/SR_REG_reg[49]
CASE_RANDOM_STAGE_seed08,8,36,AES_STAGE_RANDOM,117,u_aes_peripheral/u_aes_round1/SR_REG_reg[52]
CASE_RANDOM_STAGE_seed08,8,36,AES_STAGE_RANDOM,118,u_aes_peripheral/u_aes_round1/SR_REG_reg[54]
CASE_RANDOM_STAGE_seed08,8,36,AES_STAGE_RANDOM,119,u_aes_peripheral/u_aes_round1/SR_REG_reg[58]
CASE_RANDOM_STAGE_seed08,8,36,AES_STAGE_RANDOM,120,u_aes_peripheral/u_aes_round1/SR_REG_reg[59]
CASE_RANDOM_STAGE_seed08,8,36,AES_STAGE_RANDOM,121,u_aes_peripheral/u_aes_round1/SR_REG_reg[5]
CASE_RANDOM_STAGE_seed08,8,36,AES_STAGE_RANDOM,122,u_aes_peripheral/u_aes_round1/SR_REG_reg[6]
CASE_RANDOM_STAGE_seed08,8,36,AES_STAGE_RANDOM,123,u_aes_peripheral/u_aes_round1/SR_REG_reg[80]
CASE_RANDOM_STAGE_seed08,8,36,AES_STAGE_RANDOM,124,u_aes_peripheral/u_aes_round1/SR_REG_reg[82]
CASE_RANDOM_STAGE_seed08,8,36,AES_STAGE_RANDOM,125,u_aes_peripheral/u_aes_round1/SR_REG_reg[89]
CASE_RANDOM_STAGE_seed08,8,36,AES_STAGE_RANDOM,126,u_aes_peripheral/u_aes_round1/SR_REG_reg[95]
CASE_RANDOM_STAGE_seed08,8,36,AES_STAGE_RANDOM,127,u_aes_peripheral/u_aes_round1/SR_REG_reg[97]
CASE_RANDOM_STAGE_seed08,8,36,AES_STAGE_RANDOM,128,u_aes_peripheral/u_aes_round1/SR_REG_reg[9]
CASE_RANDOM_STAGE_seed09,9,23,AES_STAGE_RANDOM,1,u_aes_peripheral/u_aes_round1/IARK_REG_reg[100]
CASE_RANDOM_STAGE_seed09,9,23,AES_STAGE_RANDOM,2,u_aes_peripheral/u_aes_round1/IARK_REG_reg[101]
CASE_RANDOM_STAGE_seed09,9,23,AES_STAGE_RANDOM,3,u_aes_peripheral/u_aes_round1/IARK_REG_reg[102]
CASE_RANDOM_STAGE_seed09,9,23,AES_STAGE_RANDOM,4,u_aes_peripheral/u_aes_round1/IARK_REG_reg[103]
CASE_RANDOM_STAGE_seed09,9,23,AES_STAGE_RANDOM,5,u_aes_peripheral/u_aes_round1/IARK_REG_reg[107]
CASE_RANDOM_STAGE_seed09,9,23,AES_STAGE_RANDOM,6,u_aes_peripheral/u_aes_round1/IARK_REG_reg[110]
CASE_RANDOM_STAGE_seed09,9,23,AES_STAGE_RANDOM,7,u_aes_peripheral/u_aes_round1/IARK_REG_reg[115]
CASE_RANDOM_STAGE_seed09,9,23,AES_STAGE_RANDOM,8,u_aes_peripheral/u_aes_round1/IARK_REG_reg[118]
CASE_RANDOM_STAGE_seed09,9,23,AES_STAGE_RANDOM,9,u_aes_peripheral/u_aes_round1/IARK_REG_reg[119]
CASE_RANDOM_STAGE_seed09,9,23,AES_STAGE_RANDOM,10,u_aes_peripheral/u_aes_round1/IARK_REG_reg[11]
CASE_RANDOM_STAGE_seed09,9,23,AES_STAGE_RANDOM,11,u_aes_peripheral/u_aes_round1/IARK_REG_reg[123]
CASE_RANDOM_STAGE_seed09,9,23,AES_STAGE_RANDOM,12,u_aes_peripheral/u_aes_round1/IARK_REG_reg[124]
CASE_RANDOM_STAGE_seed09,9,23,AES_STAGE_RANDOM,13,u_aes_peripheral/u_aes_round1/IARK_REG_reg[125]
CASE_RANDOM_STAGE_seed09,9,23,AES_STAGE_RANDOM,14,u_aes_peripheral/u_aes_round1/IARK_REG_reg[13]
CASE_RANDOM_STAGE_seed09,9,23,AES_STAGE_RANDOM,15,u_aes_peripheral/u_aes_round1/IARK_REG_reg[16]
CASE_RANDOM_STAGE_seed09,9,23,AES_STAGE_RANDOM,16,u_aes_peripheral/u_aes_round1/IARK_REG_reg[21]
CASE_RANDOM_STAGE_seed09,9,23,AES_STAGE_RANDOM,17,u_aes_peripheral/u_aes_round1/IARK_REG_reg[22]
CASE_RANDOM_STAGE_seed09,9,23,AES_STAGE_RANDOM,18,u_aes_peripheral/u_aes_round1/IARK_REG_reg[23]
CASE_RANDOM_STAGE_seed09,9,23,AES_STAGE_RANDOM,19,u_aes_peripheral/u_aes_round1/IARK_REG_reg[24]
CASE_RANDOM_STAGE_seed09,9,23,AES_STAGE_RANDOM,20,u_aes_peripheral/u_aes_round1/IARK_REG_reg[27]
CASE_RANDOM_STAGE_seed09,9,23,AES_STAGE_RANDOM,21,u_aes_peripheral/u_aes_round1/IARK_REG_reg[31]
CASE_RANDOM_STAGE_seed09,9,23,AES_STAGE_RANDOM,22,u_aes_peripheral/u_aes_round1/IARK_REG_reg[35]
CASE_RANDOM_STAGE_seed09,9,23,AES_STAGE_RANDOM,23,u_aes_peripheral/u_aes_round1/IARK_REG_reg[36]
CASE_RANDOM_STAGE_seed09,9,23,AES_STAGE_RANDOM,24,u_aes_peripheral/u_aes_round1/IARK_REG_reg[40]
CASE_RANDOM_STAGE_seed09,9,23,AES_STAGE_RANDOM,25,u_aes_peripheral/u_aes_round1/IARK_REG_reg[45]
CASE_RANDOM_STAGE_seed09,9,23,AES_STAGE_RANDOM,26,u_aes_peripheral/u_aes_round1/IARK_REG_reg[46]
CASE_RANDOM_STAGE_seed09,9,23,AES_STAGE_RANDOM,27,u_aes_peripheral/u_aes_round1/IARK_REG_reg[48]
CASE_RANDOM_STAGE_seed09,9,23,AES_STAGE_RANDOM,28,u_aes_peripheral/u_aes_round1/IARK_REG_reg[49]
CASE_RANDOM_STAGE_seed09,9,23,AES_STAGE_RANDOM,29,u_aes_peripheral/u_aes_round1/IARK_REG_reg[51]
CASE_RANDOM_STAGE_seed09,9,23,AES_STAGE_RANDOM,30,u_aes_peripheral/u_aes_round1/IARK_REG_reg[53]
CASE_RANDOM_STAGE_seed09,9,23,AES_STAGE_RANDOM,31,u_aes_peripheral/u_aes_round1/IARK_REG_reg[57]
CASE_RANDOM_STAGE_seed09,9,23,AES_STAGE_RANDOM,32,u_aes_peripheral/u_aes_round1/IARK_REG_reg[59]
CASE_RANDOM_STAGE_seed09,9,23,AES_STAGE_RANDOM,33,u_aes_peripheral/u_aes_round1/IARK_REG_reg[62]
CASE_RANDOM_STAGE_seed09,9,23,AES_STAGE_RANDOM,34,u_aes_peripheral/u_aes_round1/IARK_REG_reg[64]
CASE_RANDOM_STAGE_seed09,9,23,AES_STAGE_RANDOM,35,u_aes_peripheral/u_aes_round1/IARK_REG_reg[70]
CASE_RANDOM_STAGE_seed09,9,23,AES_STAGE_RANDOM,36,u_aes_peripheral/u_aes_round1/IARK_REG_reg[73]
CASE_RANDOM_STAGE_seed09,9,23,AES_STAGE_RANDOM,37,u_aes_peripheral/u_aes_round1/IARK_REG_reg[76]
CASE_RANDOM_STAGE_seed09,9,23,AES_STAGE_RANDOM,38,u_aes_peripheral/u_aes_round1/IARK_REG_reg[77]
CASE_RANDOM_STAGE_seed09,9,23,AES_STAGE_RANDOM,39,u_aes_peripheral/u_aes_round1/IARK_REG_reg[78]
CASE_RANDOM_STAGE_seed09,9,23,AES_STAGE_RANDOM,40,u_aes_peripheral/u_aes_round1/IARK_REG_reg[79]
CASE_RANDOM_STAGE_seed09,9,23,AES_STAGE_RANDOM,41,u_aes_peripheral/u_aes_round1/IARK_REG_reg[81]
CASE_RANDOM_STAGE_seed09,9,23,AES_STAGE_RANDOM,42,u_aes_peripheral/u_aes_round1/IARK_REG_reg[88]
CASE_RANDOM_STAGE_seed09,9,23,AES_STAGE_RANDOM,43,u_aes_peripheral/u_aes_round1/IARK_REG_reg[94]
CASE_RANDOM_STAGE_seed09,9,23,AES_STAGE_RANDOM,44,u_aes_peripheral/u_aes_round1/MC_REG_reg[107]
CASE_RANDOM_STAGE_seed09,9,23,AES_STAGE_RANDOM,45,u_aes_peripheral/u_aes_round1/MC_REG_reg[108]
CASE_RANDOM_STAGE_seed09,9,23,AES_STAGE_RANDOM,46,u_aes_peripheral/u_aes_round1/MC_REG_reg[109]
CASE_RANDOM_STAGE_seed09,9,23,AES_STAGE_RANDOM,47,u_aes_peripheral/u_aes_round1/MC_REG_reg[113]
CASE_RANDOM_STAGE_seed09,9,23,AES_STAGE_RANDOM,48,u_aes_peripheral/u_aes_round1/MC_REG_reg[119]
CASE_RANDOM_STAGE_seed09,9,23,AES_STAGE_RANDOM,49,u_aes_peripheral/u_aes_round1/MC_REG_reg[21]
CASE_RANDOM_STAGE_seed09,9,23,AES_STAGE_RANDOM,50,u_aes_peripheral/u_aes_round1/MC_REG_reg[23]
CASE_RANDOM_STAGE_seed09,9,23,AES_STAGE_RANDOM,51,u_aes_peripheral/u_aes_round1/MC_REG_reg[25]
CASE_RANDOM_STAGE_seed09,9,23,AES_STAGE_RANDOM,52,u_aes_peripheral/u_aes_round1/MC_REG_reg[26]
CASE_RANDOM_STAGE_seed09,9,23,AES_STAGE_RANDOM,53,u_aes_peripheral/u_aes_round1/MC_REG_reg[41]
CASE_RANDOM_STAGE_seed09,9,23,AES_STAGE_RANDOM,54,u_aes_peripheral/u_aes_round1/MC_REG_reg[43]
CASE_RANDOM_STAGE_seed09,9,23,AES_STAGE_RANDOM,55,u_aes_peripheral/u_aes_round1/MC_REG_reg[44]
CASE_RANDOM_STAGE_seed09,9,23,AES_STAGE_RANDOM,56,u_aes_peripheral/u_aes_round1/MC_REG_reg[46]
CASE_RANDOM_STAGE_seed09,9,23,AES_STAGE_RANDOM,57,u_aes_peripheral/u_aes_round1/MC_REG_reg[52]
CASE_RANDOM_STAGE_seed09,9,23,AES_STAGE_RANDOM,58,u_aes_peripheral/u_aes_round1/MC_REG_reg[55]
CASE_RANDOM_STAGE_seed09,9,23,AES_STAGE_RANDOM,59,u_aes_peripheral/u_aes_round1/MC_REG_reg[59]
CASE_RANDOM_STAGE_seed09,9,23,AES_STAGE_RANDOM,60,u_aes_peripheral/u_aes_round1/MC_REG_reg[63]
CASE_RANDOM_STAGE_seed09,9,23,AES_STAGE_RANDOM,61,u_aes_peripheral/u_aes_round1/MC_REG_reg[64]
CASE_RANDOM_STAGE_seed09,9,23,AES_STAGE_RANDOM,62,u_aes_peripheral/u_aes_round1/MC_REG_reg[65]
CASE_RANDOM_STAGE_seed09,9,23,AES_STAGE_RANDOM,63,u_aes_peripheral/u_aes_round1/MC_REG_reg[78]
CASE_RANDOM_STAGE_seed09,9,23,AES_STAGE_RANDOM,64,u_aes_peripheral/u_aes_round1/MC_REG_reg[83]
CASE_RANDOM_STAGE_seed09,9,23,AES_STAGE_RANDOM,65,u_aes_peripheral/u_aes_round1/MC_REG_reg[96]
CASE_RANDOM_STAGE_seed09,9,23,AES_STAGE_RANDOM,66,u_aes_peripheral/u_aes_round1/MC_REG_reg[99]
CASE_RANDOM_STAGE_seed09,9,23,AES_STAGE_RANDOM,67,u_aes_peripheral/u_aes_round1/SB_REG_reg[0]
CASE_RANDOM_STAGE_seed09,9,23,AES_STAGE_RANDOM,68,u_aes_peripheral/u_aes_round1/SB_REG_reg[100]
CASE_RANDOM_STAGE_seed09,9,23,AES_STAGE_RANDOM,69,u_aes_peripheral/u_aes_round1/SB_REG_reg[102]
CASE_RANDOM_STAGE_seed09,9,23,AES_STAGE_RANDOM,70,u_aes_peripheral/u_aes_round1/SB_REG_reg[117]
CASE_RANDOM_STAGE_seed09,9,23,AES_STAGE_RANDOM,71,u_aes_peripheral/u_aes_round1/SB_REG_reg[118]
CASE_RANDOM_STAGE_seed09,9,23,AES_STAGE_RANDOM,72,u_aes_peripheral/u_aes_round1/SB_REG_reg[124]
CASE_RANDOM_STAGE_seed09,9,23,AES_STAGE_RANDOM,73,u_aes_peripheral/u_aes_round1/SB_REG_reg[125]
CASE_RANDOM_STAGE_seed09,9,23,AES_STAGE_RANDOM,74,u_aes_peripheral/u_aes_round1/SB_REG_reg[18]
CASE_RANDOM_STAGE_seed09,9,23,AES_STAGE_RANDOM,75,u_aes_peripheral/u_aes_round1/SB_REG_reg[19]
CASE_RANDOM_STAGE_seed09,9,23,AES_STAGE_RANDOM,76,u_aes_peripheral/u_aes_round1/SB_REG_reg[20]
CASE_RANDOM_STAGE_seed09,9,23,AES_STAGE_RANDOM,77,u_aes_peripheral/u_aes_round1/SB_REG_reg[26]
CASE_RANDOM_STAGE_seed09,9,23,AES_STAGE_RANDOM,78,u_aes_peripheral/u_aes_round1/SB_REG_reg[29]
CASE_RANDOM_STAGE_seed09,9,23,AES_STAGE_RANDOM,79,u_aes_peripheral/u_aes_round1/SB_REG_reg[32]
CASE_RANDOM_STAGE_seed09,9,23,AES_STAGE_RANDOM,80,u_aes_peripheral/u_aes_round1/SB_REG_reg[33]
CASE_RANDOM_STAGE_seed09,9,23,AES_STAGE_RANDOM,81,u_aes_peripheral/u_aes_round1/SB_REG_reg[34]
CASE_RANDOM_STAGE_seed09,9,23,AES_STAGE_RANDOM,82,u_aes_peripheral/u_aes_round1/SB_REG_reg[35]
CASE_RANDOM_STAGE_seed09,9,23,AES_STAGE_RANDOM,83,u_aes_peripheral/u_aes_round1/SB_REG_reg[36]
CASE_RANDOM_STAGE_seed09,9,23,AES_STAGE_RANDOM,84,u_aes_peripheral/u_aes_round1/SB_REG_reg[38]
CASE_RANDOM_STAGE_seed09,9,23,AES_STAGE_RANDOM,85,u_aes_peripheral/u_aes_round1/SB_REG_reg[49]
CASE_RANDOM_STAGE_seed09,9,23,AES_STAGE_RANDOM,86,u_aes_peripheral/u_aes_round1/SB_REG_reg[65]
CASE_RANDOM_STAGE_seed09,9,23,AES_STAGE_RANDOM,87,u_aes_peripheral/u_aes_round1/SB_REG_reg[66]
CASE_RANDOM_STAGE_seed09,9,23,AES_STAGE_RANDOM,88,u_aes_peripheral/u_aes_round1/SB_REG_reg[69]
CASE_RANDOM_STAGE_seed09,9,23,AES_STAGE_RANDOM,89,u_aes_peripheral/u_aes_round1/SB_REG_reg[71]
CASE_RANDOM_STAGE_seed09,9,23,AES_STAGE_RANDOM,90,u_aes_peripheral/u_aes_round1/SB_REG_reg[77]
CASE_RANDOM_STAGE_seed09,9,23,AES_STAGE_RANDOM,91,u_aes_peripheral/u_aes_round1/SB_REG_reg[79]
CASE_RANDOM_STAGE_seed09,9,23,AES_STAGE_RANDOM,92,u_aes_peripheral/u_aes_round1/SB_REG_reg[7]
CASE_RANDOM_STAGE_seed09,9,23,AES_STAGE_RANDOM,93,u_aes_peripheral/u_aes_round1/SB_REG_reg[80]
CASE_RANDOM_STAGE_seed09,9,23,AES_STAGE_RANDOM,94,u_aes_peripheral/u_aes_round1/SB_REG_reg[86]
CASE_RANDOM_STAGE_seed09,9,23,AES_STAGE_RANDOM,95,u_aes_peripheral/u_aes_round1/SB_REG_reg[89]
CASE_RANDOM_STAGE_seed09,9,23,AES_STAGE_RANDOM,96,u_aes_peripheral/u_aes_round1/SB_REG_reg[8]
CASE_RANDOM_STAGE_seed09,9,23,AES_STAGE_RANDOM,97,u_aes_peripheral/u_aes_round1/SB_REG_reg[93]
CASE_RANDOM_STAGE_seed09,9,23,AES_STAGE_RANDOM,98,u_aes_peripheral/u_aes_round1/SB_REG_reg[94]
CASE_RANDOM_STAGE_seed09,9,23,AES_STAGE_RANDOM,99,u_aes_peripheral/u_aes_round1/SB_REG_reg[98]
CASE_RANDOM_STAGE_seed09,9,23,AES_STAGE_RANDOM,100,u_aes_peripheral/u_aes_round1/SB_REG_reg[99]
CASE_RANDOM_STAGE_seed09,9,23,AES_STAGE_RANDOM,101,u_aes_peripheral/u_aes_round1/SR_REG_reg[106]
CASE_RANDOM_STAGE_seed09,9,23,AES_STAGE_RANDOM,102,u_aes_peripheral/u_aes_round1/SR_REG_reg[10]
CASE_RANDOM_STAGE_seed09,9,23,AES_STAGE_RANDOM,103,u_aes_peripheral/u_aes_round1/SR_REG_reg[110]
CASE_RANDOM_STAGE_seed09,9,23,AES_STAGE_RANDOM,104,u_aes_peripheral/u_aes_round1/SR_REG_reg[118]
CASE_RANDOM_STAGE_seed09,9,23,AES_STAGE_RANDOM,105,u_aes_peripheral/u_aes_round1/SR_REG_reg[11]
CASE_RANDOM_STAGE_seed09,9,23,AES_STAGE_RANDOM,106,u_aes_peripheral/u_aes_round1/SR_REG_reg[127]
CASE_RANDOM_STAGE_seed09,9,23,AES_STAGE_RANDOM,107,u_aes_peripheral/u_aes_round1/SR_REG_reg[24]
CASE_RANDOM_STAGE_seed09,9,23,AES_STAGE_RANDOM,108,u_aes_peripheral/u_aes_round1/SR_REG_reg[25]
CASE_RANDOM_STAGE_seed09,9,23,AES_STAGE_RANDOM,109,u_aes_peripheral/u_aes_round1/SR_REG_reg[26]
CASE_RANDOM_STAGE_seed09,9,23,AES_STAGE_RANDOM,110,u_aes_peripheral/u_aes_round1/SR_REG_reg[27]
CASE_RANDOM_STAGE_seed09,9,23,AES_STAGE_RANDOM,111,u_aes_peripheral/u_aes_round1/SR_REG_reg[29]
CASE_RANDOM_STAGE_seed09,9,23,AES_STAGE_RANDOM,112,u_aes_peripheral/u_aes_round1/SR_REG_reg[32]
CASE_RANDOM_STAGE_seed09,9,23,AES_STAGE_RANDOM,113,u_aes_peripheral/u_aes_round1/SR_REG_reg[38]
CASE_RANDOM_STAGE_seed09,9,23,AES_STAGE_RANDOM,114,u_aes_peripheral/u_aes_round1/SR_REG_reg[40]
CASE_RANDOM_STAGE_seed09,9,23,AES_STAGE_RANDOM,115,u_aes_peripheral/u_aes_round1/SR_REG_reg[46]
CASE_RANDOM_STAGE_seed09,9,23,AES_STAGE_RANDOM,116,u_aes_peripheral/u_aes_round1/SR_REG_reg[48]
CASE_RANDOM_STAGE_seed09,9,23,AES_STAGE_RANDOM,117,u_aes_peripheral/u_aes_round1/SR_REG_reg[49]
CASE_RANDOM_STAGE_seed09,9,23,AES_STAGE_RANDOM,118,u_aes_peripheral/u_aes_round1/SR_REG_reg[51]
CASE_RANDOM_STAGE_seed09,9,23,AES_STAGE_RANDOM,119,u_aes_peripheral/u_aes_round1/SR_REG_reg[52]
CASE_RANDOM_STAGE_seed09,9,23,AES_STAGE_RANDOM,120,u_aes_peripheral/u_aes_round1/SR_REG_reg[65]
CASE_RANDOM_STAGE_seed09,9,23,AES_STAGE_RANDOM,121,u_aes_peripheral/u_aes_round1/SR_REG_reg[66]
CASE_RANDOM_STAGE_seed09,9,23,AES_STAGE_RANDOM,122,u_aes_peripheral/u_aes_round1/SR_REG_reg[70]
CASE_RANDOM_STAGE_seed09,9,23,AES_STAGE_RANDOM,123,u_aes_peripheral/u_aes_round1/SR_REG_reg[71]
CASE_RANDOM_STAGE_seed09,9,23,AES_STAGE_RANDOM,124,u_aes_peripheral/u_aes_round1/SR_REG_reg[75]
CASE_RANDOM_STAGE_seed09,9,23,AES_STAGE_RANDOM,125,u_aes_peripheral/u_aes_round1/SR_REG_reg[77]
CASE_RANDOM_STAGE_seed09,9,23,AES_STAGE_RANDOM,126,u_aes_peripheral/u_aes_round1/SR_REG_reg[79]
CASE_RANDOM_STAGE_seed09,9,23,AES_STAGE_RANDOM,127,u_aes_peripheral/u_aes_round1/SR_REG_reg[82]
CASE_RANDOM_STAGE_seed09,9,23,AES_STAGE_RANDOM,128,u_aes_peripheral/u_aes_round1/SR_REG_reg[97]
CASE_RANDOM_STAGE_seed10,10,39,AES_STAGE_RANDOM,1,u_aes_peripheral/u_aes_round1/IARK_REG_reg[101]
CASE_RANDOM_STAGE_seed10,10,39,AES_STAGE_RANDOM,2,u_aes_peripheral/u_aes_round1/IARK_REG_reg[106]
CASE_RANDOM_STAGE_seed10,10,39,AES_STAGE_RANDOM,3,u_aes_peripheral/u_aes_round1/IARK_REG_reg[114]
CASE_RANDOM_STAGE_seed10,10,39,AES_STAGE_RANDOM,4,u_aes_peripheral/u_aes_round1/IARK_REG_reg[115]
CASE_RANDOM_STAGE_seed10,10,39,AES_STAGE_RANDOM,5,u_aes_peripheral/u_aes_round1/IARK_REG_reg[116]
CASE_RANDOM_STAGE_seed10,10,39,AES_STAGE_RANDOM,6,u_aes_peripheral/u_aes_round1/IARK_REG_reg[11]
CASE_RANDOM_STAGE_seed10,10,39,AES_STAGE_RANDOM,7,u_aes_peripheral/u_aes_round1/IARK_REG_reg[14]
CASE_RANDOM_STAGE_seed10,10,39,AES_STAGE_RANDOM,8,u_aes_peripheral/u_aes_round1/IARK_REG_reg[17]
CASE_RANDOM_STAGE_seed10,10,39,AES_STAGE_RANDOM,9,u_aes_peripheral/u_aes_round1/IARK_REG_reg[19]
CASE_RANDOM_STAGE_seed10,10,39,AES_STAGE_RANDOM,10,u_aes_peripheral/u_aes_round1/IARK_REG_reg[21]
CASE_RANDOM_STAGE_seed10,10,39,AES_STAGE_RANDOM,11,u_aes_peripheral/u_aes_round1/IARK_REG_reg[29]
CASE_RANDOM_STAGE_seed10,10,39,AES_STAGE_RANDOM,12,u_aes_peripheral/u_aes_round1/IARK_REG_reg[36]
CASE_RANDOM_STAGE_seed10,10,39,AES_STAGE_RANDOM,13,u_aes_peripheral/u_aes_round1/IARK_REG_reg[3]
CASE_RANDOM_STAGE_seed10,10,39,AES_STAGE_RANDOM,14,u_aes_peripheral/u_aes_round1/IARK_REG_reg[46]
CASE_RANDOM_STAGE_seed10,10,39,AES_STAGE_RANDOM,15,u_aes_peripheral/u_aes_round1/IARK_REG_reg[49]
CASE_RANDOM_STAGE_seed10,10,39,AES_STAGE_RANDOM,16,u_aes_peripheral/u_aes_round1/IARK_REG_reg[50]
CASE_RANDOM_STAGE_seed10,10,39,AES_STAGE_RANDOM,17,u_aes_peripheral/u_aes_round1/IARK_REG_reg[53]
CASE_RANDOM_STAGE_seed10,10,39,AES_STAGE_RANDOM,18,u_aes_peripheral/u_aes_round1/IARK_REG_reg[57]
CASE_RANDOM_STAGE_seed10,10,39,AES_STAGE_RANDOM,19,u_aes_peripheral/u_aes_round1/IARK_REG_reg[59]
CASE_RANDOM_STAGE_seed10,10,39,AES_STAGE_RANDOM,20,u_aes_peripheral/u_aes_round1/IARK_REG_reg[60]
CASE_RANDOM_STAGE_seed10,10,39,AES_STAGE_RANDOM,21,u_aes_peripheral/u_aes_round1/IARK_REG_reg[61]
CASE_RANDOM_STAGE_seed10,10,39,AES_STAGE_RANDOM,22,u_aes_peripheral/u_aes_round1/IARK_REG_reg[65]
CASE_RANDOM_STAGE_seed10,10,39,AES_STAGE_RANDOM,23,u_aes_peripheral/u_aes_round1/IARK_REG_reg[66]
CASE_RANDOM_STAGE_seed10,10,39,AES_STAGE_RANDOM,24,u_aes_peripheral/u_aes_round1/IARK_REG_reg[67]
CASE_RANDOM_STAGE_seed10,10,39,AES_STAGE_RANDOM,25,u_aes_peripheral/u_aes_round1/IARK_REG_reg[72]
CASE_RANDOM_STAGE_seed10,10,39,AES_STAGE_RANDOM,26,u_aes_peripheral/u_aes_round1/IARK_REG_reg[74]
CASE_RANDOM_STAGE_seed10,10,39,AES_STAGE_RANDOM,27,u_aes_peripheral/u_aes_round1/IARK_REG_reg[7]
CASE_RANDOM_STAGE_seed10,10,39,AES_STAGE_RANDOM,28,u_aes_peripheral/u_aes_round1/IARK_REG_reg[88]
CASE_RANDOM_STAGE_seed10,10,39,AES_STAGE_RANDOM,29,u_aes_peripheral/u_aes_round1/IARK_REG_reg[93]
CASE_RANDOM_STAGE_seed10,10,39,AES_STAGE_RANDOM,30,u_aes_peripheral/u_aes_round1/IARK_REG_reg[95]
CASE_RANDOM_STAGE_seed10,10,39,AES_STAGE_RANDOM,31,u_aes_peripheral/u_aes_round1/IARK_REG_reg[98]
CASE_RANDOM_STAGE_seed10,10,39,AES_STAGE_RANDOM,32,u_aes_peripheral/u_aes_round1/IARK_REG_reg[9]
CASE_RANDOM_STAGE_seed10,10,39,AES_STAGE_RANDOM,33,u_aes_peripheral/u_aes_round1/MC_REG_reg[105]
CASE_RANDOM_STAGE_seed10,10,39,AES_STAGE_RANDOM,34,u_aes_peripheral/u_aes_round1/MC_REG_reg[107]
CASE_RANDOM_STAGE_seed10,10,39,AES_STAGE_RANDOM,35,u_aes_peripheral/u_aes_round1/MC_REG_reg[110]
CASE_RANDOM_STAGE_seed10,10,39,AES_STAGE_RANDOM,36,u_aes_peripheral/u_aes_round1/MC_REG_reg[112]
CASE_RANDOM_STAGE_seed10,10,39,AES_STAGE_RANDOM,37,u_aes_peripheral/u_aes_round1/MC_REG_reg[115]
CASE_RANDOM_STAGE_seed10,10,39,AES_STAGE_RANDOM,38,u_aes_peripheral/u_aes_round1/MC_REG_reg[123]
CASE_RANDOM_STAGE_seed10,10,39,AES_STAGE_RANDOM,39,u_aes_peripheral/u_aes_round1/MC_REG_reg[124]
CASE_RANDOM_STAGE_seed10,10,39,AES_STAGE_RANDOM,40,u_aes_peripheral/u_aes_round1/MC_REG_reg[13]
CASE_RANDOM_STAGE_seed10,10,39,AES_STAGE_RANDOM,41,u_aes_peripheral/u_aes_round1/MC_REG_reg[19]
CASE_RANDOM_STAGE_seed10,10,39,AES_STAGE_RANDOM,42,u_aes_peripheral/u_aes_round1/MC_REG_reg[1]
CASE_RANDOM_STAGE_seed10,10,39,AES_STAGE_RANDOM,43,u_aes_peripheral/u_aes_round1/MC_REG_reg[29]
CASE_RANDOM_STAGE_seed10,10,39,AES_STAGE_RANDOM,44,u_aes_peripheral/u_aes_round1/MC_REG_reg[2]
CASE_RANDOM_STAGE_seed10,10,39,AES_STAGE_RANDOM,45,u_aes_peripheral/u_aes_round1/MC_REG_reg[32]
CASE_RANDOM_STAGE_seed10,10,39,AES_STAGE_RANDOM,46,u_aes_peripheral/u_aes_round1/MC_REG_reg[35]
CASE_RANDOM_STAGE_seed10,10,39,AES_STAGE_RANDOM,47,u_aes_peripheral/u_aes_round1/MC_REG_reg[36]
CASE_RANDOM_STAGE_seed10,10,39,AES_STAGE_RANDOM,48,u_aes_peripheral/u_aes_round1/MC_REG_reg[38]
CASE_RANDOM_STAGE_seed10,10,39,AES_STAGE_RANDOM,49,u_aes_peripheral/u_aes_round1/MC_REG_reg[41]
CASE_RANDOM_STAGE_seed10,10,39,AES_STAGE_RANDOM,50,u_aes_peripheral/u_aes_round1/MC_REG_reg[42]
CASE_RANDOM_STAGE_seed10,10,39,AES_STAGE_RANDOM,51,u_aes_peripheral/u_aes_round1/MC_REG_reg[45]
CASE_RANDOM_STAGE_seed10,10,39,AES_STAGE_RANDOM,52,u_aes_peripheral/u_aes_round1/MC_REG_reg[46]
CASE_RANDOM_STAGE_seed10,10,39,AES_STAGE_RANDOM,53,u_aes_peripheral/u_aes_round1/MC_REG_reg[5]
CASE_RANDOM_STAGE_seed10,10,39,AES_STAGE_RANDOM,54,u_aes_peripheral/u_aes_round1/MC_REG_reg[60]
CASE_RANDOM_STAGE_seed10,10,39,AES_STAGE_RANDOM,55,u_aes_peripheral/u_aes_round1/MC_REG_reg[63]
CASE_RANDOM_STAGE_seed10,10,39,AES_STAGE_RANDOM,56,u_aes_peripheral/u_aes_round1/MC_REG_reg[67]
CASE_RANDOM_STAGE_seed10,10,39,AES_STAGE_RANDOM,57,u_aes_peripheral/u_aes_round1/MC_REG_reg[69]
CASE_RANDOM_STAGE_seed10,10,39,AES_STAGE_RANDOM,58,u_aes_peripheral/u_aes_round1/MC_REG_reg[6]
CASE_RANDOM_STAGE_seed10,10,39,AES_STAGE_RANDOM,59,u_aes_peripheral/u_aes_round1/MC_REG_reg[70]
CASE_RANDOM_STAGE_seed10,10,39,AES_STAGE_RANDOM,60,u_aes_peripheral/u_aes_round1/MC_REG_reg[72]
CASE_RANDOM_STAGE_seed10,10,39,AES_STAGE_RANDOM,61,u_aes_peripheral/u_aes_round1/MC_REG_reg[73]
CASE_RANDOM_STAGE_seed10,10,39,AES_STAGE_RANDOM,62,u_aes_peripheral/u_aes_round1/MC_REG_reg[75]
CASE_RANDOM_STAGE_seed10,10,39,AES_STAGE_RANDOM,63,u_aes_peripheral/u_aes_round1/MC_REG_reg[77]
CASE_RANDOM_STAGE_seed10,10,39,AES_STAGE_RANDOM,64,u_aes_peripheral/u_aes_round1/MC_REG_reg[7]
CASE_RANDOM_STAGE_seed10,10,39,AES_STAGE_RANDOM,65,u_aes_peripheral/u_aes_round1/MC_REG_reg[82]
CASE_RANDOM_STAGE_seed10,10,39,AES_STAGE_RANDOM,66,u_aes_peripheral/u_aes_round1/MC_REG_reg[86]
CASE_RANDOM_STAGE_seed10,10,39,AES_STAGE_RANDOM,67,u_aes_peripheral/u_aes_round1/MC_REG_reg[90]
CASE_RANDOM_STAGE_seed10,10,39,AES_STAGE_RANDOM,68,u_aes_peripheral/u_aes_round1/MC_REG_reg[92]
CASE_RANDOM_STAGE_seed10,10,39,AES_STAGE_RANDOM,69,u_aes_peripheral/u_aes_round1/MC_REG_reg[95]
CASE_RANDOM_STAGE_seed10,10,39,AES_STAGE_RANDOM,70,u_aes_peripheral/u_aes_round1/MC_REG_reg[96]
CASE_RANDOM_STAGE_seed10,10,39,AES_STAGE_RANDOM,71,u_aes_peripheral/u_aes_round1/MC_REG_reg[99]
CASE_RANDOM_STAGE_seed10,10,39,AES_STAGE_RANDOM,72,u_aes_peripheral/u_aes_round1/SB_REG_reg[0]
CASE_RANDOM_STAGE_seed10,10,39,AES_STAGE_RANDOM,73,u_aes_peripheral/u_aes_round1/SB_REG_reg[109]
CASE_RANDOM_STAGE_seed10,10,39,AES_STAGE_RANDOM,74,u_aes_peripheral/u_aes_round1/SB_REG_reg[10]
CASE_RANDOM_STAGE_seed10,10,39,AES_STAGE_RANDOM,75,u_aes_peripheral/u_aes_round1/SB_REG_reg[115]
CASE_RANDOM_STAGE_seed10,10,39,AES_STAGE_RANDOM,76,u_aes_peripheral/u_aes_round1/SB_REG_reg[116]
CASE_RANDOM_STAGE_seed10,10,39,AES_STAGE_RANDOM,77,u_aes_peripheral/u_aes_round1/SB_REG_reg[11]
CASE_RANDOM_STAGE_seed10,10,39,AES_STAGE_RANDOM,78,u_aes_peripheral/u_aes_round1/SB_REG_reg[122]
CASE_RANDOM_STAGE_seed10,10,39,AES_STAGE_RANDOM,79,u_aes_peripheral/u_aes_round1/SB_REG_reg[15]
CASE_RANDOM_STAGE_seed10,10,39,AES_STAGE_RANDOM,80,u_aes_peripheral/u_aes_round1/SB_REG_reg[1]
CASE_RANDOM_STAGE_seed10,10,39,AES_STAGE_RANDOM,81,u_aes_peripheral/u_aes_round1/SB_REG_reg[22]
CASE_RANDOM_STAGE_seed10,10,39,AES_STAGE_RANDOM,82,u_aes_peripheral/u_aes_round1/SB_REG_reg[23]
CASE_RANDOM_STAGE_seed10,10,39,AES_STAGE_RANDOM,83,u_aes_peripheral/u_aes_round1/SB_REG_reg[30]
CASE_RANDOM_STAGE_seed10,10,39,AES_STAGE_RANDOM,84,u_aes_peripheral/u_aes_round1/SB_REG_reg[31]
CASE_RANDOM_STAGE_seed10,10,39,AES_STAGE_RANDOM,85,u_aes_peripheral/u_aes_round1/SB_REG_reg[33]
CASE_RANDOM_STAGE_seed10,10,39,AES_STAGE_RANDOM,86,u_aes_peripheral/u_aes_round1/SB_REG_reg[37]
CASE_RANDOM_STAGE_seed10,10,39,AES_STAGE_RANDOM,87,u_aes_peripheral/u_aes_round1/SB_REG_reg[39]
CASE_RANDOM_STAGE_seed10,10,39,AES_STAGE_RANDOM,88,u_aes_peripheral/u_aes_round1/SB_REG_reg[53]
CASE_RANDOM_STAGE_seed10,10,39,AES_STAGE_RANDOM,89,u_aes_peripheral/u_aes_round1/SB_REG_reg[55]
CASE_RANDOM_STAGE_seed10,10,39,AES_STAGE_RANDOM,90,u_aes_peripheral/u_aes_round1/SB_REG_reg[57]
CASE_RANDOM_STAGE_seed10,10,39,AES_STAGE_RANDOM,91,u_aes_peripheral/u_aes_round1/SB_REG_reg[59]
CASE_RANDOM_STAGE_seed10,10,39,AES_STAGE_RANDOM,92,u_aes_peripheral/u_aes_round1/SB_REG_reg[61]
CASE_RANDOM_STAGE_seed10,10,39,AES_STAGE_RANDOM,93,u_aes_peripheral/u_aes_round1/SB_REG_reg[65]
CASE_RANDOM_STAGE_seed10,10,39,AES_STAGE_RANDOM,94,u_aes_peripheral/u_aes_round1/SB_REG_reg[68]
CASE_RANDOM_STAGE_seed10,10,39,AES_STAGE_RANDOM,95,u_aes_peripheral/u_aes_round1/SB_REG_reg[70]
CASE_RANDOM_STAGE_seed10,10,39,AES_STAGE_RANDOM,96,u_aes_peripheral/u_aes_round1/SB_REG_reg[98]
CASE_RANDOM_STAGE_seed10,10,39,AES_STAGE_RANDOM,97,u_aes_peripheral/u_aes_round1/SR_REG_reg[108]
CASE_RANDOM_STAGE_seed10,10,39,AES_STAGE_RANDOM,98,u_aes_peripheral/u_aes_round1/SR_REG_reg[10]
CASE_RANDOM_STAGE_seed10,10,39,AES_STAGE_RANDOM,99,u_aes_peripheral/u_aes_round1/SR_REG_reg[111]
CASE_RANDOM_STAGE_seed10,10,39,AES_STAGE_RANDOM,100,u_aes_peripheral/u_aes_round1/SR_REG_reg[12]
CASE_RANDOM_STAGE_seed10,10,39,AES_STAGE_RANDOM,101,u_aes_peripheral/u_aes_round1/SR_REG_reg[13]
CASE_RANDOM_STAGE_seed10,10,39,AES_STAGE_RANDOM,102,u_aes_peripheral/u_aes_round1/SR_REG_reg[15]
CASE_RANDOM_STAGE_seed10,10,39,AES_STAGE_RANDOM,103,u_aes_peripheral/u_aes_round1/SR_REG_reg[18]
CASE_RANDOM_STAGE_seed10,10,39,AES_STAGE_RANDOM,104,u_aes_peripheral/u_aes_round1/SR_REG_reg[1]
CASE_RANDOM_STAGE_seed10,10,39,AES_STAGE_RANDOM,105,u_aes_peripheral/u_aes_round1/SR_REG_reg[26]
CASE_RANDOM_STAGE_seed10,10,39,AES_STAGE_RANDOM,106,u_aes_peripheral/u_aes_round1/SR_REG_reg[27]
CASE_RANDOM_STAGE_seed10,10,39,AES_STAGE_RANDOM,107,u_aes_peripheral/u_aes_round1/SR_REG_reg[28]
CASE_RANDOM_STAGE_seed10,10,39,AES_STAGE_RANDOM,108,u_aes_peripheral/u_aes_round1/SR_REG_reg[31]
CASE_RANDOM_STAGE_seed10,10,39,AES_STAGE_RANDOM,109,u_aes_peripheral/u_aes_round1/SR_REG_reg[35]
CASE_RANDOM_STAGE_seed10,10,39,AES_STAGE_RANDOM,110,u_aes_peripheral/u_aes_round1/SR_REG_reg[45]
CASE_RANDOM_STAGE_seed10,10,39,AES_STAGE_RANDOM,111,u_aes_peripheral/u_aes_round1/SR_REG_reg[46]
CASE_RANDOM_STAGE_seed10,10,39,AES_STAGE_RANDOM,112,u_aes_peripheral/u_aes_round1/SR_REG_reg[52]
CASE_RANDOM_STAGE_seed10,10,39,AES_STAGE_RANDOM,113,u_aes_peripheral/u_aes_round1/SR_REG_reg[58]
CASE_RANDOM_STAGE_seed10,10,39,AES_STAGE_RANDOM,114,u_aes_peripheral/u_aes_round1/SR_REG_reg[60]
CASE_RANDOM_STAGE_seed10,10,39,AES_STAGE_RANDOM,115,u_aes_peripheral/u_aes_round1/SR_REG_reg[61]
CASE_RANDOM_STAGE_seed10,10,39,AES_STAGE_RANDOM,116,u_aes_peripheral/u_aes_round1/SR_REG_reg[63]
CASE_RANDOM_STAGE_seed10,10,39,AES_STAGE_RANDOM,117,u_aes_peripheral/u_aes_round1/SR_REG_reg[64]
CASE_RANDOM_STAGE_seed10,10,39,AES_STAGE_RANDOM,118,u_aes_peripheral/u_aes_round1/SR_REG_reg[66]
CASE_RANDOM_STAGE_seed10,10,39,AES_STAGE_RANDOM,119,u_aes_peripheral/u_aes_round1/SR_REG_reg[67]
CASE_RANDOM_STAGE_seed10,10,39,AES_STAGE_RANDOM,120,u_aes_peripheral/u_aes_round1/SR_REG_reg[6]
CASE_RANDOM_STAGE_seed10,10,39,AES_STAGE_RANDOM,121,u_aes_peripheral/u_aes_round1/SR_REG_reg[76]
CASE_RANDOM_STAGE_seed10,10,39,AES_STAGE_RANDOM,122,u_aes_peripheral/u_aes_round1/SR_REG_reg[77]
CASE_RANDOM_STAGE_seed10,10,39,AES_STAGE_RANDOM,123,u_aes_peripheral/u_aes_round1/SR_REG_reg[78]
CASE_RANDOM_STAGE_seed10,10,39,AES_STAGE_RANDOM,124,u_aes_peripheral/u_aes_round1/SR_REG_reg[80]
CASE_RANDOM_STAGE_seed10,10,39,AES_STAGE_RANDOM,125,u_aes_peripheral/u_aes_round1/SR_REG_reg[81]
CASE_RANDOM_STAGE_seed10,10,39,AES_STAGE_RANDOM,126,u_aes_peripheral/u_aes_round1/SR_REG_reg[84]
CASE_RANDOM_STAGE_seed10,10,39,AES_STAGE_RANDOM,127,u_aes_peripheral/u_aes_round1/SR_REG_reg[8]
CASE_RANDOM_STAGE_seed10,10,39,AES_STAGE_RANDOM,128,u_aes_peripheral/u_aes_round1/SR_REG_reg[9]
CASE_MIX_MC_000,,0,MC_MIX_NESTED,1,u_aes_peripheral/u_aes_round1/IARK_REG_reg[0]
CASE_MIX_MC_000,,0,MC_MIX_NESTED,2,u_aes_peripheral/u_aes_round1/IARK_REG_reg[100]
CASE_MIX_MC_000,,0,MC_MIX_NESTED,3,u_aes_peripheral/u_aes_round1/IARK_REG_reg[101]
CASE_MIX_MC_000,,0,MC_MIX_NESTED,4,u_aes_peripheral/u_aes_round1/IARK_REG_reg[102]
CASE_MIX_MC_000,,0,MC_MIX_NESTED,5,u_aes_peripheral/u_aes_round1/IARK_REG_reg[103]
CASE_MIX_MC_000,,0,MC_MIX_NESTED,6,u_aes_peripheral/u_aes_round1/IARK_REG_reg[104]
CASE_MIX_MC_000,,0,MC_MIX_NESTED,7,u_aes_peripheral/u_aes_round1/IARK_REG_reg[105]
CASE_MIX_MC_000,,0,MC_MIX_NESTED,8,u_aes_peripheral/u_aes_round1/IARK_REG_reg[106]
CASE_MIX_MC_000,,0,MC_MIX_NESTED,9,u_aes_peripheral/u_aes_round1/IARK_REG_reg[107]
CASE_MIX_MC_000,,0,MC_MIX_NESTED,10,u_aes_peripheral/u_aes_round1/IARK_REG_reg[108]
CASE_MIX_MC_000,,0,MC_MIX_NESTED,11,u_aes_peripheral/u_aes_round1/IARK_REG_reg[109]
CASE_MIX_MC_000,,0,MC_MIX_NESTED,12,u_aes_peripheral/u_aes_round1/IARK_REG_reg[10]
CASE_MIX_MC_000,,0,MC_MIX_NESTED,13,u_aes_peripheral/u_aes_round1/IARK_REG_reg[110]
CASE_MIX_MC_000,,0,MC_MIX_NESTED,14,u_aes_peripheral/u_aes_round1/IARK_REG_reg[111]
CASE_MIX_MC_000,,0,MC_MIX_NESTED,15,u_aes_peripheral/u_aes_round1/IARK_REG_reg[112]
CASE_MIX_MC_000,,0,MC_MIX_NESTED,16,u_aes_peripheral/u_aes_round1/IARK_REG_reg[113]
CASE_MIX_MC_000,,0,MC_MIX_NESTED,17,u_aes_peripheral/u_aes_round1/IARK_REG_reg[114]
CASE_MIX_MC_000,,0,MC_MIX_NESTED,18,u_aes_peripheral/u_aes_round1/IARK_REG_reg[115]
CASE_MIX_MC_000,,0,MC_MIX_NESTED,19,u_aes_peripheral/u_aes_round1/IARK_REG_reg[116]
CASE_MIX_MC_000,,0,MC_MIX_NESTED,20,u_aes_peripheral/u_aes_round1/IARK_REG_reg[117]
CASE_MIX_MC_000,,0,MC_MIX_NESTED,21,u_aes_peripheral/u_aes_round1/IARK_REG_reg[118]
CASE_MIX_MC_000,,0,MC_MIX_NESTED,22,u_aes_peripheral/u_aes_round1/IARK_REG_reg[119]
CASE_MIX_MC_000,,0,MC_MIX_NESTED,23,u_aes_peripheral/u_aes_round1/IARK_REG_reg[11]
CASE_MIX_MC_000,,0,MC_MIX_NESTED,24,u_aes_peripheral/u_aes_round1/IARK_REG_reg[120]
CASE_MIX_MC_000,,0,MC_MIX_NESTED,25,u_aes_peripheral/u_aes_round1/IARK_REG_reg[121]
CASE_MIX_MC_000,,0,MC_MIX_NESTED,26,u_aes_peripheral/u_aes_round1/IARK_REG_reg[122]
CASE_MIX_MC_000,,0,MC_MIX_NESTED,27,u_aes_peripheral/u_aes_round1/IARK_REG_reg[123]
CASE_MIX_MC_000,,0,MC_MIX_NESTED,28,u_aes_peripheral/u_aes_round1/IARK_REG_reg[124]
CASE_MIX_MC_000,,0,MC_MIX_NESTED,29,u_aes_peripheral/u_aes_round1/IARK_REG_reg[125]
CASE_MIX_MC_000,,0,MC_MIX_NESTED,30,u_aes_peripheral/u_aes_round1/IARK_REG_reg[126]
CASE_MIX_MC_000,,0,MC_MIX_NESTED,31,u_aes_peripheral/u_aes_round1/IARK_REG_reg[127]
CASE_MIX_MC_000,,0,MC_MIX_NESTED,32,u_aes_peripheral/u_aes_round1/IARK_REG_reg[12]
CASE_MIX_MC_000,,0,MC_MIX_NESTED,33,u_aes_peripheral/u_aes_round1/IARK_REG_reg[13]
CASE_MIX_MC_000,,0,MC_MIX_NESTED,34,u_aes_peripheral/u_aes_round1/IARK_REG_reg[14]
CASE_MIX_MC_000,,0,MC_MIX_NESTED,35,u_aes_peripheral/u_aes_round1/IARK_REG_reg[15]
CASE_MIX_MC_000,,0,MC_MIX_NESTED,36,u_aes_peripheral/u_aes_round1/IARK_REG_reg[16]
CASE_MIX_MC_000,,0,MC_MIX_NESTED,37,u_aes_peripheral/u_aes_round1/IARK_REG_reg[17]
CASE_MIX_MC_000,,0,MC_MIX_NESTED,38,u_aes_peripheral/u_aes_round1/IARK_REG_reg[18]
CASE_MIX_MC_000,,0,MC_MIX_NESTED,39,u_aes_peripheral/u_aes_round1/IARK_REG_reg[19]
CASE_MIX_MC_000,,0,MC_MIX_NESTED,40,u_aes_peripheral/u_aes_round1/IARK_REG_reg[1]
CASE_MIX_MC_000,,0,MC_MIX_NESTED,41,u_aes_peripheral/u_aes_round1/IARK_REG_reg[20]
CASE_MIX_MC_000,,0,MC_MIX_NESTED,42,u_aes_peripheral/u_aes_round1/IARK_REG_reg[21]
CASE_MIX_MC_000,,0,MC_MIX_NESTED,43,u_aes_peripheral/u_aes_round1/IARK_REG_reg[22]
CASE_MIX_MC_000,,0,MC_MIX_NESTED,44,u_aes_peripheral/u_aes_round1/IARK_REG_reg[23]
CASE_MIX_MC_000,,0,MC_MIX_NESTED,45,u_aes_peripheral/u_aes_round1/IARK_REG_reg[24]
CASE_MIX_MC_000,,0,MC_MIX_NESTED,46,u_aes_peripheral/u_aes_round1/IARK_REG_reg[25]
CASE_MIX_MC_000,,0,MC_MIX_NESTED,47,u_aes_peripheral/u_aes_round1/IARK_REG_reg[26]
CASE_MIX_MC_000,,0,MC_MIX_NESTED,48,u_aes_peripheral/u_aes_round1/IARK_REG_reg[27]
CASE_MIX_MC_000,,0,MC_MIX_NESTED,49,u_aes_peripheral/u_aes_round1/IARK_REG_reg[28]
CASE_MIX_MC_000,,0,MC_MIX_NESTED,50,u_aes_peripheral/u_aes_round1/IARK_REG_reg[29]
CASE_MIX_MC_000,,0,MC_MIX_NESTED,51,u_aes_peripheral/u_aes_round1/IARK_REG_reg[2]
CASE_MIX_MC_000,,0,MC_MIX_NESTED,52,u_aes_peripheral/u_aes_round1/IARK_REG_reg[30]
CASE_MIX_MC_000,,0,MC_MIX_NESTED,53,u_aes_peripheral/u_aes_round1/IARK_REG_reg[31]
CASE_MIX_MC_000,,0,MC_MIX_NESTED,54,u_aes_peripheral/u_aes_round1/IARK_REG_reg[32]
CASE_MIX_MC_000,,0,MC_MIX_NESTED,55,u_aes_peripheral/u_aes_round1/IARK_REG_reg[33]
CASE_MIX_MC_000,,0,MC_MIX_NESTED,56,u_aes_peripheral/u_aes_round1/IARK_REG_reg[34]
CASE_MIX_MC_000,,0,MC_MIX_NESTED,57,u_aes_peripheral/u_aes_round1/IARK_REG_reg[35]
CASE_MIX_MC_000,,0,MC_MIX_NESTED,58,u_aes_peripheral/u_aes_round1/IARK_REG_reg[36]
CASE_MIX_MC_000,,0,MC_MIX_NESTED,59,u_aes_peripheral/u_aes_round1/IARK_REG_reg[37]
CASE_MIX_MC_000,,0,MC_MIX_NESTED,60,u_aes_peripheral/u_aes_round1/IARK_REG_reg[38]
CASE_MIX_MC_000,,0,MC_MIX_NESTED,61,u_aes_peripheral/u_aes_round1/IARK_REG_reg[39]
CASE_MIX_MC_000,,0,MC_MIX_NESTED,62,u_aes_peripheral/u_aes_round1/IARK_REG_reg[3]
CASE_MIX_MC_000,,0,MC_MIX_NESTED,63,u_aes_peripheral/u_aes_round1/IARK_REG_reg[40]
CASE_MIX_MC_000,,0,MC_MIX_NESTED,64,u_aes_peripheral/u_aes_round1/IARK_REG_reg[41]
CASE_MIX_MC_000,,0,MC_MIX_NESTED,65,u_aes_peripheral/u_aes_round1/IARK_REG_reg[42]
CASE_MIX_MC_000,,0,MC_MIX_NESTED,66,u_aes_peripheral/u_aes_round1/IARK_REG_reg[43]
CASE_MIX_MC_000,,0,MC_MIX_NESTED,67,u_aes_peripheral/u_aes_round1/IARK_REG_reg[44]
CASE_MIX_MC_000,,0,MC_MIX_NESTED,68,u_aes_peripheral/u_aes_round1/IARK_REG_reg[45]
CASE_MIX_MC_000,,0,MC_MIX_NESTED,69,u_aes_peripheral/u_aes_round1/IARK_REG_reg[46]
CASE_MIX_MC_000,,0,MC_MIX_NESTED,70,u_aes_peripheral/u_aes_round1/IARK_REG_reg[47]
CASE_MIX_MC_000,,0,MC_MIX_NESTED,71,u_aes_peripheral/u_aes_round1/IARK_REG_reg[48]
CASE_MIX_MC_000,,0,MC_MIX_NESTED,72,u_aes_peripheral/u_aes_round1/IARK_REG_reg[49]
CASE_MIX_MC_000,,0,MC_MIX_NESTED,73,u_aes_peripheral/u_aes_round1/IARK_REG_reg[4]
CASE_MIX_MC_000,,0,MC_MIX_NESTED,74,u_aes_peripheral/u_aes_round1/IARK_REG_reg[50]
CASE_MIX_MC_000,,0,MC_MIX_NESTED,75,u_aes_peripheral/u_aes_round1/IARK_REG_reg[51]
CASE_MIX_MC_000,,0,MC_MIX_NESTED,76,u_aes_peripheral/u_aes_round1/IARK_REG_reg[52]
CASE_MIX_MC_000,,0,MC_MIX_NESTED,77,u_aes_peripheral/u_aes_round1/IARK_REG_reg[53]
CASE_MIX_MC_000,,0,MC_MIX_NESTED,78,u_aes_peripheral/u_aes_round1/IARK_REG_reg[54]
CASE_MIX_MC_000,,0,MC_MIX_NESTED,79,u_aes_peripheral/u_aes_round1/IARK_REG_reg[55]
CASE_MIX_MC_000,,0,MC_MIX_NESTED,80,u_aes_peripheral/u_aes_round1/IARK_REG_reg[56]
CASE_MIX_MC_000,,0,MC_MIX_NESTED,81,u_aes_peripheral/u_aes_round1/IARK_REG_reg[57]
CASE_MIX_MC_000,,0,MC_MIX_NESTED,82,u_aes_peripheral/u_aes_round1/IARK_REG_reg[58]
CASE_MIX_MC_000,,0,MC_MIX_NESTED,83,u_aes_peripheral/u_aes_round1/IARK_REG_reg[59]
CASE_MIX_MC_000,,0,MC_MIX_NESTED,84,u_aes_peripheral/u_aes_round1/IARK_REG_reg[5]
CASE_MIX_MC_000,,0,MC_MIX_NESTED,85,u_aes_peripheral/u_aes_round1/IARK_REG_reg[60]
CASE_MIX_MC_000,,0,MC_MIX_NESTED,86,u_aes_peripheral/u_aes_round1/IARK_REG_reg[61]
CASE_MIX_MC_000,,0,MC_MIX_NESTED,87,u_aes_peripheral/u_aes_round1/IARK_REG_reg[62]
CASE_MIX_MC_000,,0,MC_MIX_NESTED,88,u_aes_peripheral/u_aes_round1/IARK_REG_reg[63]
CASE_MIX_MC_000,,0,MC_MIX_NESTED,89,u_aes_peripheral/u_aes_round1/IARK_REG_reg[64]
CASE_MIX_MC_000,,0,MC_MIX_NESTED,90,u_aes_peripheral/u_aes_round1/IARK_REG_reg[65]
CASE_MIX_MC_000,,0,MC_MIX_NESTED,91,u_aes_peripheral/u_aes_round1/IARK_REG_reg[66]
CASE_MIX_MC_000,,0,MC_MIX_NESTED,92,u_aes_peripheral/u_aes_round1/IARK_REG_reg[67]
CASE_MIX_MC_000,,0,MC_MIX_NESTED,93,u_aes_peripheral/u_aes_round1/IARK_REG_reg[68]
CASE_MIX_MC_000,,0,MC_MIX_NESTED,94,u_aes_peripheral/u_aes_round1/IARK_REG_reg[69]
CASE_MIX_MC_000,,0,MC_MIX_NESTED,95,u_aes_peripheral/u_aes_round1/IARK_REG_reg[6]
CASE_MIX_MC_000,,0,MC_MIX_NESTED,96,u_aes_peripheral/u_aes_round1/IARK_REG_reg[70]
CASE_MIX_MC_000,,0,MC_MIX_NESTED,97,u_aes_peripheral/u_aes_round1/IARK_REG_reg[71]
CASE_MIX_MC_000,,0,MC_MIX_NESTED,98,u_aes_peripheral/u_aes_round1/IARK_REG_reg[72]
CASE_MIX_MC_000,,0,MC_MIX_NESTED,99,u_aes_peripheral/u_aes_round1/IARK_REG_reg[73]
CASE_MIX_MC_000,,0,MC_MIX_NESTED,100,u_aes_peripheral/u_aes_round1/IARK_REG_reg[74]
CASE_MIX_MC_000,,0,MC_MIX_NESTED,101,u_aes_peripheral/u_aes_round1/IARK_REG_reg[75]
CASE_MIX_MC_000,,0,MC_MIX_NESTED,102,u_aes_peripheral/u_aes_round1/IARK_REG_reg[76]
CASE_MIX_MC_000,,0,MC_MIX_NESTED,103,u_aes_peripheral/u_aes_round1/IARK_REG_reg[77]
CASE_MIX_MC_000,,0,MC_MIX_NESTED,104,u_aes_peripheral/u_aes_round1/IARK_REG_reg[78]
CASE_MIX_MC_000,,0,MC_MIX_NESTED,105,u_aes_peripheral/u_aes_round1/IARK_REG_reg[79]
CASE_MIX_MC_000,,0,MC_MIX_NESTED,106,u_aes_peripheral/u_aes_round1/IARK_REG_reg[7]
CASE_MIX_MC_000,,0,MC_MIX_NESTED,107,u_aes_peripheral/u_aes_round1/IARK_REG_reg[80]
CASE_MIX_MC_000,,0,MC_MIX_NESTED,108,u_aes_peripheral/u_aes_round1/IARK_REG_reg[81]
CASE_MIX_MC_000,,0,MC_MIX_NESTED,109,u_aes_peripheral/u_aes_round1/IARK_REG_reg[82]
CASE_MIX_MC_000,,0,MC_MIX_NESTED,110,u_aes_peripheral/u_aes_round1/IARK_REG_reg[83]
CASE_MIX_MC_000,,0,MC_MIX_NESTED,111,u_aes_peripheral/u_aes_round1/IARK_REG_reg[84]
CASE_MIX_MC_000,,0,MC_MIX_NESTED,112,u_aes_peripheral/u_aes_round1/IARK_REG_reg[85]
CASE_MIX_MC_000,,0,MC_MIX_NESTED,113,u_aes_peripheral/u_aes_round1/IARK_REG_reg[86]
CASE_MIX_MC_000,,0,MC_MIX_NESTED,114,u_aes_peripheral/u_aes_round1/IARK_REG_reg[87]
CASE_MIX_MC_000,,0,MC_MIX_NESTED,115,u_aes_peripheral/u_aes_round1/IARK_REG_reg[88]
CASE_MIX_MC_000,,0,MC_MIX_NESTED,116,u_aes_peripheral/u_aes_round1/IARK_REG_reg[89]
CASE_MIX_MC_000,,0,MC_MIX_NESTED,117,u_aes_peripheral/u_aes_round1/IARK_REG_reg[8]
CASE_MIX_MC_000,,0,MC_MIX_NESTED,118,u_aes_peripheral/u_aes_round1/IARK_REG_reg[90]
CASE_MIX_MC_000,,0,MC_MIX_NESTED,119,u_aes_peripheral/u_aes_round1/IARK_REG_reg[91]
CASE_MIX_MC_000,,0,MC_MIX_NESTED,120,u_aes_peripheral/u_aes_round1/IARK_REG_reg[92]
CASE_MIX_MC_000,,0,MC_MIX_NESTED,121,u_aes_peripheral/u_aes_round1/IARK_REG_reg[93]
CASE_MIX_MC_000,,0,MC_MIX_NESTED,122,u_aes_peripheral/u_aes_round1/IARK_REG_reg[94]
CASE_MIX_MC_000,,0,MC_MIX_NESTED,123,u_aes_peripheral/u_aes_round1/IARK_REG_reg[95]
CASE_MIX_MC_000,,0,MC_MIX_NESTED,124,u_aes_peripheral/u_aes_round1/IARK_REG_reg[96]
CASE_MIX_MC_000,,0,MC_MIX_NESTED,125,u_aes_peripheral/u_aes_round1/IARK_REG_reg[97]
CASE_MIX_MC_000,,0,MC_MIX_NESTED,126,u_aes_peripheral/u_aes_round1/IARK_REG_reg[98]
CASE_MIX_MC_000,,0,MC_MIX_NESTED,127,u_aes_peripheral/u_aes_round1/IARK_REG_reg[99]
CASE_MIX_MC_000,,0,MC_MIX_NESTED,128,u_aes_peripheral/u_aes_round1/IARK_REG_reg[9]
CASE_MIX_MC_032,,32,MC_MIX_NESTED,1,u_aes_peripheral/u_aes_round1/IARK_REG_reg[0]
CASE_MIX_MC_032,,32,MC_MIX_NESTED,2,u_aes_peripheral/u_aes_round1/IARK_REG_reg[100]
CASE_MIX_MC_032,,32,MC_MIX_NESTED,3,u_aes_peripheral/u_aes_round1/IARK_REG_reg[101]
CASE_MIX_MC_032,,32,MC_MIX_NESTED,4,u_aes_peripheral/u_aes_round1/IARK_REG_reg[102]
CASE_MIX_MC_032,,32,MC_MIX_NESTED,5,u_aes_peripheral/u_aes_round1/IARK_REG_reg[103]
CASE_MIX_MC_032,,32,MC_MIX_NESTED,6,u_aes_peripheral/u_aes_round1/IARK_REG_reg[104]
CASE_MIX_MC_032,,32,MC_MIX_NESTED,7,u_aes_peripheral/u_aes_round1/IARK_REG_reg[105]
CASE_MIX_MC_032,,32,MC_MIX_NESTED,8,u_aes_peripheral/u_aes_round1/IARK_REG_reg[106]
CASE_MIX_MC_032,,32,MC_MIX_NESTED,9,u_aes_peripheral/u_aes_round1/IARK_REG_reg[107]
CASE_MIX_MC_032,,32,MC_MIX_NESTED,10,u_aes_peripheral/u_aes_round1/IARK_REG_reg[108]
CASE_MIX_MC_032,,32,MC_MIX_NESTED,11,u_aes_peripheral/u_aes_round1/IARK_REG_reg[109]
CASE_MIX_MC_032,,32,MC_MIX_NESTED,12,u_aes_peripheral/u_aes_round1/IARK_REG_reg[10]
CASE_MIX_MC_032,,32,MC_MIX_NESTED,13,u_aes_peripheral/u_aes_round1/IARK_REG_reg[110]
CASE_MIX_MC_032,,32,MC_MIX_NESTED,14,u_aes_peripheral/u_aes_round1/IARK_REG_reg[111]
CASE_MIX_MC_032,,32,MC_MIX_NESTED,15,u_aes_peripheral/u_aes_round1/IARK_REG_reg[112]
CASE_MIX_MC_032,,32,MC_MIX_NESTED,16,u_aes_peripheral/u_aes_round1/IARK_REG_reg[113]
CASE_MIX_MC_032,,32,MC_MIX_NESTED,17,u_aes_peripheral/u_aes_round1/IARK_REG_reg[114]
CASE_MIX_MC_032,,32,MC_MIX_NESTED,18,u_aes_peripheral/u_aes_round1/IARK_REG_reg[115]
CASE_MIX_MC_032,,32,MC_MIX_NESTED,19,u_aes_peripheral/u_aes_round1/IARK_REG_reg[116]
CASE_MIX_MC_032,,32,MC_MIX_NESTED,20,u_aes_peripheral/u_aes_round1/IARK_REG_reg[117]
CASE_MIX_MC_032,,32,MC_MIX_NESTED,21,u_aes_peripheral/u_aes_round1/IARK_REG_reg[118]
CASE_MIX_MC_032,,32,MC_MIX_NESTED,22,u_aes_peripheral/u_aes_round1/IARK_REG_reg[119]
CASE_MIX_MC_032,,32,MC_MIX_NESTED,23,u_aes_peripheral/u_aes_round1/IARK_REG_reg[11]
CASE_MIX_MC_032,,32,MC_MIX_NESTED,24,u_aes_peripheral/u_aes_round1/IARK_REG_reg[120]
CASE_MIX_MC_032,,32,MC_MIX_NESTED,25,u_aes_peripheral/u_aes_round1/IARK_REG_reg[121]
CASE_MIX_MC_032,,32,MC_MIX_NESTED,26,u_aes_peripheral/u_aes_round1/IARK_REG_reg[122]
CASE_MIX_MC_032,,32,MC_MIX_NESTED,27,u_aes_peripheral/u_aes_round1/IARK_REG_reg[123]
CASE_MIX_MC_032,,32,MC_MIX_NESTED,28,u_aes_peripheral/u_aes_round1/IARK_REG_reg[124]
CASE_MIX_MC_032,,32,MC_MIX_NESTED,29,u_aes_peripheral/u_aes_round1/IARK_REG_reg[125]
CASE_MIX_MC_032,,32,MC_MIX_NESTED,30,u_aes_peripheral/u_aes_round1/IARK_REG_reg[126]
CASE_MIX_MC_032,,32,MC_MIX_NESTED,31,u_aes_peripheral/u_aes_round1/IARK_REG_reg[127]
CASE_MIX_MC_032,,32,MC_MIX_NESTED,32,u_aes_peripheral/u_aes_round1/IARK_REG_reg[12]
CASE_MIX_MC_032,,32,MC_MIX_NESTED,33,u_aes_peripheral/u_aes_round1/IARK_REG_reg[13]
CASE_MIX_MC_032,,32,MC_MIX_NESTED,34,u_aes_peripheral/u_aes_round1/IARK_REG_reg[14]
CASE_MIX_MC_032,,32,MC_MIX_NESTED,35,u_aes_peripheral/u_aes_round1/IARK_REG_reg[15]
CASE_MIX_MC_032,,32,MC_MIX_NESTED,36,u_aes_peripheral/u_aes_round1/IARK_REG_reg[16]
CASE_MIX_MC_032,,32,MC_MIX_NESTED,37,u_aes_peripheral/u_aes_round1/IARK_REG_reg[17]
CASE_MIX_MC_032,,32,MC_MIX_NESTED,38,u_aes_peripheral/u_aes_round1/IARK_REG_reg[18]
CASE_MIX_MC_032,,32,MC_MIX_NESTED,39,u_aes_peripheral/u_aes_round1/IARK_REG_reg[19]
CASE_MIX_MC_032,,32,MC_MIX_NESTED,40,u_aes_peripheral/u_aes_round1/IARK_REG_reg[1]
CASE_MIX_MC_032,,32,MC_MIX_NESTED,41,u_aes_peripheral/u_aes_round1/IARK_REG_reg[20]
CASE_MIX_MC_032,,32,MC_MIX_NESTED,42,u_aes_peripheral/u_aes_round1/IARK_REG_reg[21]
CASE_MIX_MC_032,,32,MC_MIX_NESTED,43,u_aes_peripheral/u_aes_round1/IARK_REG_reg[22]
CASE_MIX_MC_032,,32,MC_MIX_NESTED,44,u_aes_peripheral/u_aes_round1/IARK_REG_reg[23]
CASE_MIX_MC_032,,32,MC_MIX_NESTED,45,u_aes_peripheral/u_aes_round1/IARK_REG_reg[24]
CASE_MIX_MC_032,,32,MC_MIX_NESTED,46,u_aes_peripheral/u_aes_round1/IARK_REG_reg[25]
CASE_MIX_MC_032,,32,MC_MIX_NESTED,47,u_aes_peripheral/u_aes_round1/IARK_REG_reg[26]
CASE_MIX_MC_032,,32,MC_MIX_NESTED,48,u_aes_peripheral/u_aes_round1/IARK_REG_reg[27]
CASE_MIX_MC_032,,32,MC_MIX_NESTED,49,u_aes_peripheral/u_aes_round1/IARK_REG_reg[28]
CASE_MIX_MC_032,,32,MC_MIX_NESTED,50,u_aes_peripheral/u_aes_round1/IARK_REG_reg[29]
CASE_MIX_MC_032,,32,MC_MIX_NESTED,51,u_aes_peripheral/u_aes_round1/IARK_REG_reg[2]
CASE_MIX_MC_032,,32,MC_MIX_NESTED,52,u_aes_peripheral/u_aes_round1/IARK_REG_reg[30]
CASE_MIX_MC_032,,32,MC_MIX_NESTED,53,u_aes_peripheral/u_aes_round1/IARK_REG_reg[31]
CASE_MIX_MC_032,,32,MC_MIX_NESTED,54,u_aes_peripheral/u_aes_round1/IARK_REG_reg[32]
CASE_MIX_MC_032,,32,MC_MIX_NESTED,55,u_aes_peripheral/u_aes_round1/IARK_REG_reg[33]
CASE_MIX_MC_032,,32,MC_MIX_NESTED,56,u_aes_peripheral/u_aes_round1/IARK_REG_reg[34]
CASE_MIX_MC_032,,32,MC_MIX_NESTED,57,u_aes_peripheral/u_aes_round1/IARK_REG_reg[35]
CASE_MIX_MC_032,,32,MC_MIX_NESTED,58,u_aes_peripheral/u_aes_round1/IARK_REG_reg[36]
CASE_MIX_MC_032,,32,MC_MIX_NESTED,59,u_aes_peripheral/u_aes_round1/IARK_REG_reg[37]
CASE_MIX_MC_032,,32,MC_MIX_NESTED,60,u_aes_peripheral/u_aes_round1/IARK_REG_reg[38]
CASE_MIX_MC_032,,32,MC_MIX_NESTED,61,u_aes_peripheral/u_aes_round1/IARK_REG_reg[39]
CASE_MIX_MC_032,,32,MC_MIX_NESTED,62,u_aes_peripheral/u_aes_round1/IARK_REG_reg[3]
CASE_MIX_MC_032,,32,MC_MIX_NESTED,63,u_aes_peripheral/u_aes_round1/IARK_REG_reg[40]
CASE_MIX_MC_032,,32,MC_MIX_NESTED,64,u_aes_peripheral/u_aes_round1/IARK_REG_reg[41]
CASE_MIX_MC_032,,32,MC_MIX_NESTED,65,u_aes_peripheral/u_aes_round1/IARK_REG_reg[42]
CASE_MIX_MC_032,,32,MC_MIX_NESTED,66,u_aes_peripheral/u_aes_round1/IARK_REG_reg[43]
CASE_MIX_MC_032,,32,MC_MIX_NESTED,67,u_aes_peripheral/u_aes_round1/IARK_REG_reg[44]
CASE_MIX_MC_032,,32,MC_MIX_NESTED,68,u_aes_peripheral/u_aes_round1/IARK_REG_reg[45]
CASE_MIX_MC_032,,32,MC_MIX_NESTED,69,u_aes_peripheral/u_aes_round1/IARK_REG_reg[46]
CASE_MIX_MC_032,,32,MC_MIX_NESTED,70,u_aes_peripheral/u_aes_round1/IARK_REG_reg[47]
CASE_MIX_MC_032,,32,MC_MIX_NESTED,71,u_aes_peripheral/u_aes_round1/IARK_REG_reg[48]
CASE_MIX_MC_032,,32,MC_MIX_NESTED,72,u_aes_peripheral/u_aes_round1/IARK_REG_reg[49]
CASE_MIX_MC_032,,32,MC_MIX_NESTED,73,u_aes_peripheral/u_aes_round1/IARK_REG_reg[4]
CASE_MIX_MC_032,,32,MC_MIX_NESTED,74,u_aes_peripheral/u_aes_round1/IARK_REG_reg[50]
CASE_MIX_MC_032,,32,MC_MIX_NESTED,75,u_aes_peripheral/u_aes_round1/IARK_REG_reg[51]
CASE_MIX_MC_032,,32,MC_MIX_NESTED,76,u_aes_peripheral/u_aes_round1/IARK_REG_reg[52]
CASE_MIX_MC_032,,32,MC_MIX_NESTED,77,u_aes_peripheral/u_aes_round1/IARK_REG_reg[53]
CASE_MIX_MC_032,,32,MC_MIX_NESTED,78,u_aes_peripheral/u_aes_round1/IARK_REG_reg[54]
CASE_MIX_MC_032,,32,MC_MIX_NESTED,79,u_aes_peripheral/u_aes_round1/IARK_REG_reg[55]
CASE_MIX_MC_032,,32,MC_MIX_NESTED,80,u_aes_peripheral/u_aes_round1/IARK_REG_reg[56]
CASE_MIX_MC_032,,32,MC_MIX_NESTED,81,u_aes_peripheral/u_aes_round1/IARK_REG_reg[57]
CASE_MIX_MC_032,,32,MC_MIX_NESTED,82,u_aes_peripheral/u_aes_round1/IARK_REG_reg[58]
CASE_MIX_MC_032,,32,MC_MIX_NESTED,83,u_aes_peripheral/u_aes_round1/IARK_REG_reg[59]
CASE_MIX_MC_032,,32,MC_MIX_NESTED,84,u_aes_peripheral/u_aes_round1/IARK_REG_reg[5]
CASE_MIX_MC_032,,32,MC_MIX_NESTED,85,u_aes_peripheral/u_aes_round1/IARK_REG_reg[60]
CASE_MIX_MC_032,,32,MC_MIX_NESTED,86,u_aes_peripheral/u_aes_round1/IARK_REG_reg[61]
CASE_MIX_MC_032,,32,MC_MIX_NESTED,87,u_aes_peripheral/u_aes_round1/IARK_REG_reg[62]
CASE_MIX_MC_032,,32,MC_MIX_NESTED,88,u_aes_peripheral/u_aes_round1/IARK_REG_reg[63]
CASE_MIX_MC_032,,32,MC_MIX_NESTED,89,u_aes_peripheral/u_aes_round1/IARK_REG_reg[64]
CASE_MIX_MC_032,,32,MC_MIX_NESTED,90,u_aes_peripheral/u_aes_round1/IARK_REG_reg[65]
CASE_MIX_MC_032,,32,MC_MIX_NESTED,91,u_aes_peripheral/u_aes_round1/IARK_REG_reg[66]
CASE_MIX_MC_032,,32,MC_MIX_NESTED,92,u_aes_peripheral/u_aes_round1/IARK_REG_reg[67]
CASE_MIX_MC_032,,32,MC_MIX_NESTED,93,u_aes_peripheral/u_aes_round1/IARK_REG_reg[68]
CASE_MIX_MC_032,,32,MC_MIX_NESTED,94,u_aes_peripheral/u_aes_round1/IARK_REG_reg[69]
CASE_MIX_MC_032,,32,MC_MIX_NESTED,95,u_aes_peripheral/u_aes_round1/IARK_REG_reg[6]
CASE_MIX_MC_032,,32,MC_MIX_NESTED,96,u_aes_peripheral/u_aes_round1/IARK_REG_reg[70]
CASE_MIX_MC_032,,32,MC_MIX_NESTED,97,u_aes_peripheral/u_aes_round1/MC_REG_reg[0]
CASE_MIX_MC_032,,32,MC_MIX_NESTED,98,u_aes_peripheral/u_aes_round1/MC_REG_reg[100]
CASE_MIX_MC_032,,32,MC_MIX_NESTED,99,u_aes_peripheral/u_aes_round1/MC_REG_reg[101]
CASE_MIX_MC_032,,32,MC_MIX_NESTED,100,u_aes_peripheral/u_aes_round1/MC_REG_reg[102]
CASE_MIX_MC_032,,32,MC_MIX_NESTED,101,u_aes_peripheral/u_aes_round1/MC_REG_reg[103]
CASE_MIX_MC_032,,32,MC_MIX_NESTED,102,u_aes_peripheral/u_aes_round1/MC_REG_reg[104]
CASE_MIX_MC_032,,32,MC_MIX_NESTED,103,u_aes_peripheral/u_aes_round1/MC_REG_reg[105]
CASE_MIX_MC_032,,32,MC_MIX_NESTED,104,u_aes_peripheral/u_aes_round1/MC_REG_reg[106]
CASE_MIX_MC_032,,32,MC_MIX_NESTED,105,u_aes_peripheral/u_aes_round1/MC_REG_reg[107]
CASE_MIX_MC_032,,32,MC_MIX_NESTED,106,u_aes_peripheral/u_aes_round1/MC_REG_reg[108]
CASE_MIX_MC_032,,32,MC_MIX_NESTED,107,u_aes_peripheral/u_aes_round1/MC_REG_reg[109]
CASE_MIX_MC_032,,32,MC_MIX_NESTED,108,u_aes_peripheral/u_aes_round1/MC_REG_reg[10]
CASE_MIX_MC_032,,32,MC_MIX_NESTED,109,u_aes_peripheral/u_aes_round1/MC_REG_reg[110]
CASE_MIX_MC_032,,32,MC_MIX_NESTED,110,u_aes_peripheral/u_aes_round1/MC_REG_reg[111]
CASE_MIX_MC_032,,32,MC_MIX_NESTED,111,u_aes_peripheral/u_aes_round1/MC_REG_reg[112]
CASE_MIX_MC_032,,32,MC_MIX_NESTED,112,u_aes_peripheral/u_aes_round1/MC_REG_reg[113]
CASE_MIX_MC_032,,32,MC_MIX_NESTED,113,u_aes_peripheral/u_aes_round1/MC_REG_reg[114]
CASE_MIX_MC_032,,32,MC_MIX_NESTED,114,u_aes_peripheral/u_aes_round1/MC_REG_reg[115]
CASE_MIX_MC_032,,32,MC_MIX_NESTED,115,u_aes_peripheral/u_aes_round1/MC_REG_reg[116]
CASE_MIX_MC_032,,32,MC_MIX_NESTED,116,u_aes_peripheral/u_aes_round1/MC_REG_reg[117]
CASE_MIX_MC_032,,32,MC_MIX_NESTED,117,u_aes_peripheral/u_aes_round1/MC_REG_reg[118]
CASE_MIX_MC_032,,32,MC_MIX_NESTED,118,u_aes_peripheral/u_aes_round1/MC_REG_reg[119]
CASE_MIX_MC_032,,32,MC_MIX_NESTED,119,u_aes_peripheral/u_aes_round1/MC_REG_reg[11]
CASE_MIX_MC_032,,32,MC_MIX_NESTED,120,u_aes_peripheral/u_aes_round1/MC_REG_reg[120]
CASE_MIX_MC_032,,32,MC_MIX_NESTED,121,u_aes_peripheral/u_aes_round1/MC_REG_reg[121]
CASE_MIX_MC_032,,32,MC_MIX_NESTED,122,u_aes_peripheral/u_aes_round1/MC_REG_reg[122]
CASE_MIX_MC_032,,32,MC_MIX_NESTED,123,u_aes_peripheral/u_aes_round1/MC_REG_reg[123]
CASE_MIX_MC_032,,32,MC_MIX_NESTED,124,u_aes_peripheral/u_aes_round1/MC_REG_reg[124]
CASE_MIX_MC_032,,32,MC_MIX_NESTED,125,u_aes_peripheral/u_aes_round1/MC_REG_reg[125]
CASE_MIX_MC_032,,32,MC_MIX_NESTED,126,u_aes_peripheral/u_aes_round1/MC_REG_reg[126]
CASE_MIX_MC_032,,32,MC_MIX_NESTED,127,u_aes_peripheral/u_aes_round1/MC_REG_reg[127]
CASE_MIX_MC_032,,32,MC_MIX_NESTED,128,u_aes_peripheral/u_aes_round1/MC_REG_reg[12]
CASE_MIX_MC_064,,64,MC_MIX_NESTED,1,u_aes_peripheral/u_aes_round1/IARK_REG_reg[0]
CASE_MIX_MC_064,,64,MC_MIX_NESTED,2,u_aes_peripheral/u_aes_round1/IARK_REG_reg[100]
CASE_MIX_MC_064,,64,MC_MIX_NESTED,3,u_aes_peripheral/u_aes_round1/IARK_REG_reg[101]
CASE_MIX_MC_064,,64,MC_MIX_NESTED,4,u_aes_peripheral/u_aes_round1/IARK_REG_reg[102]
CASE_MIX_MC_064,,64,MC_MIX_NESTED,5,u_aes_peripheral/u_aes_round1/IARK_REG_reg[103]
CASE_MIX_MC_064,,64,MC_MIX_NESTED,6,u_aes_peripheral/u_aes_round1/IARK_REG_reg[104]
CASE_MIX_MC_064,,64,MC_MIX_NESTED,7,u_aes_peripheral/u_aes_round1/IARK_REG_reg[105]
CASE_MIX_MC_064,,64,MC_MIX_NESTED,8,u_aes_peripheral/u_aes_round1/IARK_REG_reg[106]
CASE_MIX_MC_064,,64,MC_MIX_NESTED,9,u_aes_peripheral/u_aes_round1/IARK_REG_reg[107]
CASE_MIX_MC_064,,64,MC_MIX_NESTED,10,u_aes_peripheral/u_aes_round1/IARK_REG_reg[108]
CASE_MIX_MC_064,,64,MC_MIX_NESTED,11,u_aes_peripheral/u_aes_round1/IARK_REG_reg[109]
CASE_MIX_MC_064,,64,MC_MIX_NESTED,12,u_aes_peripheral/u_aes_round1/IARK_REG_reg[10]
CASE_MIX_MC_064,,64,MC_MIX_NESTED,13,u_aes_peripheral/u_aes_round1/IARK_REG_reg[110]
CASE_MIX_MC_064,,64,MC_MIX_NESTED,14,u_aes_peripheral/u_aes_round1/IARK_REG_reg[111]
CASE_MIX_MC_064,,64,MC_MIX_NESTED,15,u_aes_peripheral/u_aes_round1/IARK_REG_reg[112]
CASE_MIX_MC_064,,64,MC_MIX_NESTED,16,u_aes_peripheral/u_aes_round1/IARK_REG_reg[113]
CASE_MIX_MC_064,,64,MC_MIX_NESTED,17,u_aes_peripheral/u_aes_round1/IARK_REG_reg[114]
CASE_MIX_MC_064,,64,MC_MIX_NESTED,18,u_aes_peripheral/u_aes_round1/IARK_REG_reg[115]
CASE_MIX_MC_064,,64,MC_MIX_NESTED,19,u_aes_peripheral/u_aes_round1/IARK_REG_reg[116]
CASE_MIX_MC_064,,64,MC_MIX_NESTED,20,u_aes_peripheral/u_aes_round1/IARK_REG_reg[117]
CASE_MIX_MC_064,,64,MC_MIX_NESTED,21,u_aes_peripheral/u_aes_round1/IARK_REG_reg[118]
CASE_MIX_MC_064,,64,MC_MIX_NESTED,22,u_aes_peripheral/u_aes_round1/IARK_REG_reg[119]
CASE_MIX_MC_064,,64,MC_MIX_NESTED,23,u_aes_peripheral/u_aes_round1/IARK_REG_reg[11]
CASE_MIX_MC_064,,64,MC_MIX_NESTED,24,u_aes_peripheral/u_aes_round1/IARK_REG_reg[120]
CASE_MIX_MC_064,,64,MC_MIX_NESTED,25,u_aes_peripheral/u_aes_round1/IARK_REG_reg[121]
CASE_MIX_MC_064,,64,MC_MIX_NESTED,26,u_aes_peripheral/u_aes_round1/IARK_REG_reg[122]
CASE_MIX_MC_064,,64,MC_MIX_NESTED,27,u_aes_peripheral/u_aes_round1/IARK_REG_reg[123]
CASE_MIX_MC_064,,64,MC_MIX_NESTED,28,u_aes_peripheral/u_aes_round1/IARK_REG_reg[124]
CASE_MIX_MC_064,,64,MC_MIX_NESTED,29,u_aes_peripheral/u_aes_round1/IARK_REG_reg[125]
CASE_MIX_MC_064,,64,MC_MIX_NESTED,30,u_aes_peripheral/u_aes_round1/IARK_REG_reg[126]
CASE_MIX_MC_064,,64,MC_MIX_NESTED,31,u_aes_peripheral/u_aes_round1/IARK_REG_reg[127]
CASE_MIX_MC_064,,64,MC_MIX_NESTED,32,u_aes_peripheral/u_aes_round1/IARK_REG_reg[12]
CASE_MIX_MC_064,,64,MC_MIX_NESTED,33,u_aes_peripheral/u_aes_round1/IARK_REG_reg[13]
CASE_MIX_MC_064,,64,MC_MIX_NESTED,34,u_aes_peripheral/u_aes_round1/IARK_REG_reg[14]
CASE_MIX_MC_064,,64,MC_MIX_NESTED,35,u_aes_peripheral/u_aes_round1/IARK_REG_reg[15]
CASE_MIX_MC_064,,64,MC_MIX_NESTED,36,u_aes_peripheral/u_aes_round1/IARK_REG_reg[16]
CASE_MIX_MC_064,,64,MC_MIX_NESTED,37,u_aes_peripheral/u_aes_round1/IARK_REG_reg[17]
CASE_MIX_MC_064,,64,MC_MIX_NESTED,38,u_aes_peripheral/u_aes_round1/IARK_REG_reg[18]
CASE_MIX_MC_064,,64,MC_MIX_NESTED,39,u_aes_peripheral/u_aes_round1/IARK_REG_reg[19]
CASE_MIX_MC_064,,64,MC_MIX_NESTED,40,u_aes_peripheral/u_aes_round1/IARK_REG_reg[1]
CASE_MIX_MC_064,,64,MC_MIX_NESTED,41,u_aes_peripheral/u_aes_round1/IARK_REG_reg[20]
CASE_MIX_MC_064,,64,MC_MIX_NESTED,42,u_aes_peripheral/u_aes_round1/IARK_REG_reg[21]
CASE_MIX_MC_064,,64,MC_MIX_NESTED,43,u_aes_peripheral/u_aes_round1/IARK_REG_reg[22]
CASE_MIX_MC_064,,64,MC_MIX_NESTED,44,u_aes_peripheral/u_aes_round1/IARK_REG_reg[23]
CASE_MIX_MC_064,,64,MC_MIX_NESTED,45,u_aes_peripheral/u_aes_round1/IARK_REG_reg[24]
CASE_MIX_MC_064,,64,MC_MIX_NESTED,46,u_aes_peripheral/u_aes_round1/IARK_REG_reg[25]
CASE_MIX_MC_064,,64,MC_MIX_NESTED,47,u_aes_peripheral/u_aes_round1/IARK_REG_reg[26]
CASE_MIX_MC_064,,64,MC_MIX_NESTED,48,u_aes_peripheral/u_aes_round1/IARK_REG_reg[27]
CASE_MIX_MC_064,,64,MC_MIX_NESTED,49,u_aes_peripheral/u_aes_round1/IARK_REG_reg[28]
CASE_MIX_MC_064,,64,MC_MIX_NESTED,50,u_aes_peripheral/u_aes_round1/IARK_REG_reg[29]
CASE_MIX_MC_064,,64,MC_MIX_NESTED,51,u_aes_peripheral/u_aes_round1/IARK_REG_reg[2]
CASE_MIX_MC_064,,64,MC_MIX_NESTED,52,u_aes_peripheral/u_aes_round1/IARK_REG_reg[30]
CASE_MIX_MC_064,,64,MC_MIX_NESTED,53,u_aes_peripheral/u_aes_round1/IARK_REG_reg[31]
CASE_MIX_MC_064,,64,MC_MIX_NESTED,54,u_aes_peripheral/u_aes_round1/IARK_REG_reg[32]
CASE_MIX_MC_064,,64,MC_MIX_NESTED,55,u_aes_peripheral/u_aes_round1/IARK_REG_reg[33]
CASE_MIX_MC_064,,64,MC_MIX_NESTED,56,u_aes_peripheral/u_aes_round1/IARK_REG_reg[34]
CASE_MIX_MC_064,,64,MC_MIX_NESTED,57,u_aes_peripheral/u_aes_round1/IARK_REG_reg[35]
CASE_MIX_MC_064,,64,MC_MIX_NESTED,58,u_aes_peripheral/u_aes_round1/IARK_REG_reg[36]
CASE_MIX_MC_064,,64,MC_MIX_NESTED,59,u_aes_peripheral/u_aes_round1/IARK_REG_reg[37]
CASE_MIX_MC_064,,64,MC_MIX_NESTED,60,u_aes_peripheral/u_aes_round1/IARK_REG_reg[38]
CASE_MIX_MC_064,,64,MC_MIX_NESTED,61,u_aes_peripheral/u_aes_round1/IARK_REG_reg[39]
CASE_MIX_MC_064,,64,MC_MIX_NESTED,62,u_aes_peripheral/u_aes_round1/IARK_REG_reg[3]
CASE_MIX_MC_064,,64,MC_MIX_NESTED,63,u_aes_peripheral/u_aes_round1/IARK_REG_reg[40]
CASE_MIX_MC_064,,64,MC_MIX_NESTED,64,u_aes_peripheral/u_aes_round1/IARK_REG_reg[41]
CASE_MIX_MC_064,,64,MC_MIX_NESTED,65,u_aes_peripheral/u_aes_round1/MC_REG_reg[0]
CASE_MIX_MC_064,,64,MC_MIX_NESTED,66,u_aes_peripheral/u_aes_round1/MC_REG_reg[100]
CASE_MIX_MC_064,,64,MC_MIX_NESTED,67,u_aes_peripheral/u_aes_round1/MC_REG_reg[101]
CASE_MIX_MC_064,,64,MC_MIX_NESTED,68,u_aes_peripheral/u_aes_round1/MC_REG_reg[102]
CASE_MIX_MC_064,,64,MC_MIX_NESTED,69,u_aes_peripheral/u_aes_round1/MC_REG_reg[103]
CASE_MIX_MC_064,,64,MC_MIX_NESTED,70,u_aes_peripheral/u_aes_round1/MC_REG_reg[104]
CASE_MIX_MC_064,,64,MC_MIX_NESTED,71,u_aes_peripheral/u_aes_round1/MC_REG_reg[105]
CASE_MIX_MC_064,,64,MC_MIX_NESTED,72,u_aes_peripheral/u_aes_round1/MC_REG_reg[106]
CASE_MIX_MC_064,,64,MC_MIX_NESTED,73,u_aes_peripheral/u_aes_round1/MC_REG_reg[107]
CASE_MIX_MC_064,,64,MC_MIX_NESTED,74,u_aes_peripheral/u_aes_round1/MC_REG_reg[108]
CASE_MIX_MC_064,,64,MC_MIX_NESTED,75,u_aes_peripheral/u_aes_round1/MC_REG_reg[109]
CASE_MIX_MC_064,,64,MC_MIX_NESTED,76,u_aes_peripheral/u_aes_round1/MC_REG_reg[10]
CASE_MIX_MC_064,,64,MC_MIX_NESTED,77,u_aes_peripheral/u_aes_round1/MC_REG_reg[110]
CASE_MIX_MC_064,,64,MC_MIX_NESTED,78,u_aes_peripheral/u_aes_round1/MC_REG_reg[111]
CASE_MIX_MC_064,,64,MC_MIX_NESTED,79,u_aes_peripheral/u_aes_round1/MC_REG_reg[112]
CASE_MIX_MC_064,,64,MC_MIX_NESTED,80,u_aes_peripheral/u_aes_round1/MC_REG_reg[113]
CASE_MIX_MC_064,,64,MC_MIX_NESTED,81,u_aes_peripheral/u_aes_round1/MC_REG_reg[114]
CASE_MIX_MC_064,,64,MC_MIX_NESTED,82,u_aes_peripheral/u_aes_round1/MC_REG_reg[115]
CASE_MIX_MC_064,,64,MC_MIX_NESTED,83,u_aes_peripheral/u_aes_round1/MC_REG_reg[116]
CASE_MIX_MC_064,,64,MC_MIX_NESTED,84,u_aes_peripheral/u_aes_round1/MC_REG_reg[117]
CASE_MIX_MC_064,,64,MC_MIX_NESTED,85,u_aes_peripheral/u_aes_round1/MC_REG_reg[118]
CASE_MIX_MC_064,,64,MC_MIX_NESTED,86,u_aes_peripheral/u_aes_round1/MC_REG_reg[119]
CASE_MIX_MC_064,,64,MC_MIX_NESTED,87,u_aes_peripheral/u_aes_round1/MC_REG_reg[11]
CASE_MIX_MC_064,,64,MC_MIX_NESTED,88,u_aes_peripheral/u_aes_round1/MC_REG_reg[120]
CASE_MIX_MC_064,,64,MC_MIX_NESTED,89,u_aes_peripheral/u_aes_round1/MC_REG_reg[121]
CASE_MIX_MC_064,,64,MC_MIX_NESTED,90,u_aes_peripheral/u_aes_round1/MC_REG_reg[122]
CASE_MIX_MC_064,,64,MC_MIX_NESTED,91,u_aes_peripheral/u_aes_round1/MC_REG_reg[123]
CASE_MIX_MC_064,,64,MC_MIX_NESTED,92,u_aes_peripheral/u_aes_round1/MC_REG_reg[124]
CASE_MIX_MC_064,,64,MC_MIX_NESTED,93,u_aes_peripheral/u_aes_round1/MC_REG_reg[125]
CASE_MIX_MC_064,,64,MC_MIX_NESTED,94,u_aes_peripheral/u_aes_round1/MC_REG_reg[126]
CASE_MIX_MC_064,,64,MC_MIX_NESTED,95,u_aes_peripheral/u_aes_round1/MC_REG_reg[127]
CASE_MIX_MC_064,,64,MC_MIX_NESTED,96,u_aes_peripheral/u_aes_round1/MC_REG_reg[12]
CASE_MIX_MC_064,,64,MC_MIX_NESTED,97,u_aes_peripheral/u_aes_round1/MC_REG_reg[13]
CASE_MIX_MC_064,,64,MC_MIX_NESTED,98,u_aes_peripheral/u_aes_round1/MC_REG_reg[14]
CASE_MIX_MC_064,,64,MC_MIX_NESTED,99,u_aes_peripheral/u_aes_round1/MC_REG_reg[15]
CASE_MIX_MC_064,,64,MC_MIX_NESTED,100,u_aes_peripheral/u_aes_round1/MC_REG_reg[16]
CASE_MIX_MC_064,,64,MC_MIX_NESTED,101,u_aes_peripheral/u_aes_round1/MC_REG_reg[17]
CASE_MIX_MC_064,,64,MC_MIX_NESTED,102,u_aes_peripheral/u_aes_round1/MC_REG_reg[18]
CASE_MIX_MC_064,,64,MC_MIX_NESTED,103,u_aes_peripheral/u_aes_round1/MC_REG_reg[19]
CASE_MIX_MC_064,,64,MC_MIX_NESTED,104,u_aes_peripheral/u_aes_round1/MC_REG_reg[1]
CASE_MIX_MC_064,,64,MC_MIX_NESTED,105,u_aes_peripheral/u_aes_round1/MC_REG_reg[20]
CASE_MIX_MC_064,,64,MC_MIX_NESTED,106,u_aes_peripheral/u_aes_round1/MC_REG_reg[21]
CASE_MIX_MC_064,,64,MC_MIX_NESTED,107,u_aes_peripheral/u_aes_round1/MC_REG_reg[22]
CASE_MIX_MC_064,,64,MC_MIX_NESTED,108,u_aes_peripheral/u_aes_round1/MC_REG_reg[23]
CASE_MIX_MC_064,,64,MC_MIX_NESTED,109,u_aes_peripheral/u_aes_round1/MC_REG_reg[24]
CASE_MIX_MC_064,,64,MC_MIX_NESTED,110,u_aes_peripheral/u_aes_round1/MC_REG_reg[25]
CASE_MIX_MC_064,,64,MC_MIX_NESTED,111,u_aes_peripheral/u_aes_round1/MC_REG_reg[26]
CASE_MIX_MC_064,,64,MC_MIX_NESTED,112,u_aes_peripheral/u_aes_round1/MC_REG_reg[27]
CASE_MIX_MC_064,,64,MC_MIX_NESTED,113,u_aes_peripheral/u_aes_round1/MC_REG_reg[28]
CASE_MIX_MC_064,,64,MC_MIX_NESTED,114,u_aes_peripheral/u_aes_round1/MC_REG_reg[29]
CASE_MIX_MC_064,,64,MC_MIX_NESTED,115,u_aes_peripheral/u_aes_round1/MC_REG_reg[2]
CASE_MIX_MC_064,,64,MC_MIX_NESTED,116,u_aes_peripheral/u_aes_round1/MC_REG_reg[30]
CASE_MIX_MC_064,,64,MC_MIX_NESTED,117,u_aes_peripheral/u_aes_round1/MC_REG_reg[31]
CASE_MIX_MC_064,,64,MC_MIX_NESTED,118,u_aes_peripheral/u_aes_round1/MC_REG_reg[32]
CASE_MIX_MC_064,,64,MC_MIX_NESTED,119,u_aes_peripheral/u_aes_round1/MC_REG_reg[33]
CASE_MIX_MC_064,,64,MC_MIX_NESTED,120,u_aes_peripheral/u_aes_round1/MC_REG_reg[34]
CASE_MIX_MC_064,,64,MC_MIX_NESTED,121,u_aes_peripheral/u_aes_round1/MC_REG_reg[35]
CASE_MIX_MC_064,,64,MC_MIX_NESTED,122,u_aes_peripheral/u_aes_round1/MC_REG_reg[36]
CASE_MIX_MC_064,,64,MC_MIX_NESTED,123,u_aes_peripheral/u_aes_round1/MC_REG_reg[37]
CASE_MIX_MC_064,,64,MC_MIX_NESTED,124,u_aes_peripheral/u_aes_round1/MC_REG_reg[38]
CASE_MIX_MC_064,,64,MC_MIX_NESTED,125,u_aes_peripheral/u_aes_round1/MC_REG_reg[39]
CASE_MIX_MC_064,,64,MC_MIX_NESTED,126,u_aes_peripheral/u_aes_round1/MC_REG_reg[3]
CASE_MIX_MC_064,,64,MC_MIX_NESTED,127,u_aes_peripheral/u_aes_round1/MC_REG_reg[40]
CASE_MIX_MC_064,,64,MC_MIX_NESTED,128,u_aes_peripheral/u_aes_round1/MC_REG_reg[41]
CASE_MIX_MC_096,,96,MC_MIX_NESTED,1,u_aes_peripheral/u_aes_round1/IARK_REG_reg[0]
CASE_MIX_MC_096,,96,MC_MIX_NESTED,2,u_aes_peripheral/u_aes_round1/IARK_REG_reg[100]
CASE_MIX_MC_096,,96,MC_MIX_NESTED,3,u_aes_peripheral/u_aes_round1/IARK_REG_reg[101]
CASE_MIX_MC_096,,96,MC_MIX_NESTED,4,u_aes_peripheral/u_aes_round1/IARK_REG_reg[102]
CASE_MIX_MC_096,,96,MC_MIX_NESTED,5,u_aes_peripheral/u_aes_round1/IARK_REG_reg[103]
CASE_MIX_MC_096,,96,MC_MIX_NESTED,6,u_aes_peripheral/u_aes_round1/IARK_REG_reg[104]
CASE_MIX_MC_096,,96,MC_MIX_NESTED,7,u_aes_peripheral/u_aes_round1/IARK_REG_reg[105]
CASE_MIX_MC_096,,96,MC_MIX_NESTED,8,u_aes_peripheral/u_aes_round1/IARK_REG_reg[106]
CASE_MIX_MC_096,,96,MC_MIX_NESTED,9,u_aes_peripheral/u_aes_round1/IARK_REG_reg[107]
CASE_MIX_MC_096,,96,MC_MIX_NESTED,10,u_aes_peripheral/u_aes_round1/IARK_REG_reg[108]
CASE_MIX_MC_096,,96,MC_MIX_NESTED,11,u_aes_peripheral/u_aes_round1/IARK_REG_reg[109]
CASE_MIX_MC_096,,96,MC_MIX_NESTED,12,u_aes_peripheral/u_aes_round1/IARK_REG_reg[10]
CASE_MIX_MC_096,,96,MC_MIX_NESTED,13,u_aes_peripheral/u_aes_round1/IARK_REG_reg[110]
CASE_MIX_MC_096,,96,MC_MIX_NESTED,14,u_aes_peripheral/u_aes_round1/IARK_REG_reg[111]
CASE_MIX_MC_096,,96,MC_MIX_NESTED,15,u_aes_peripheral/u_aes_round1/IARK_REG_reg[112]
CASE_MIX_MC_096,,96,MC_MIX_NESTED,16,u_aes_peripheral/u_aes_round1/IARK_REG_reg[113]
CASE_MIX_MC_096,,96,MC_MIX_NESTED,17,u_aes_peripheral/u_aes_round1/IARK_REG_reg[114]
CASE_MIX_MC_096,,96,MC_MIX_NESTED,18,u_aes_peripheral/u_aes_round1/IARK_REG_reg[115]
CASE_MIX_MC_096,,96,MC_MIX_NESTED,19,u_aes_peripheral/u_aes_round1/IARK_REG_reg[116]
CASE_MIX_MC_096,,96,MC_MIX_NESTED,20,u_aes_peripheral/u_aes_round1/IARK_REG_reg[117]
CASE_MIX_MC_096,,96,MC_MIX_NESTED,21,u_aes_peripheral/u_aes_round1/IARK_REG_reg[118]
CASE_MIX_MC_096,,96,MC_MIX_NESTED,22,u_aes_peripheral/u_aes_round1/IARK_REG_reg[119]
CASE_MIX_MC_096,,96,MC_MIX_NESTED,23,u_aes_peripheral/u_aes_round1/IARK_REG_reg[11]
CASE_MIX_MC_096,,96,MC_MIX_NESTED,24,u_aes_peripheral/u_aes_round1/IARK_REG_reg[120]
CASE_MIX_MC_096,,96,MC_MIX_NESTED,25,u_aes_peripheral/u_aes_round1/IARK_REG_reg[121]
CASE_MIX_MC_096,,96,MC_MIX_NESTED,26,u_aes_peripheral/u_aes_round1/IARK_REG_reg[122]
CASE_MIX_MC_096,,96,MC_MIX_NESTED,27,u_aes_peripheral/u_aes_round1/IARK_REG_reg[123]
CASE_MIX_MC_096,,96,MC_MIX_NESTED,28,u_aes_peripheral/u_aes_round1/IARK_REG_reg[124]
CASE_MIX_MC_096,,96,MC_MIX_NESTED,29,u_aes_peripheral/u_aes_round1/IARK_REG_reg[125]
CASE_MIX_MC_096,,96,MC_MIX_NESTED,30,u_aes_peripheral/u_aes_round1/IARK_REG_reg[126]
CASE_MIX_MC_096,,96,MC_MIX_NESTED,31,u_aes_peripheral/u_aes_round1/IARK_REG_reg[127]
CASE_MIX_MC_096,,96,MC_MIX_NESTED,32,u_aes_peripheral/u_aes_round1/IARK_REG_reg[12]
CASE_MIX_MC_096,,96,MC_MIX_NESTED,33,u_aes_peripheral/u_aes_round1/MC_REG_reg[0]
CASE_MIX_MC_096,,96,MC_MIX_NESTED,34,u_aes_peripheral/u_aes_round1/MC_REG_reg[100]
CASE_MIX_MC_096,,96,MC_MIX_NESTED,35,u_aes_peripheral/u_aes_round1/MC_REG_reg[101]
CASE_MIX_MC_096,,96,MC_MIX_NESTED,36,u_aes_peripheral/u_aes_round1/MC_REG_reg[102]
CASE_MIX_MC_096,,96,MC_MIX_NESTED,37,u_aes_peripheral/u_aes_round1/MC_REG_reg[103]
CASE_MIX_MC_096,,96,MC_MIX_NESTED,38,u_aes_peripheral/u_aes_round1/MC_REG_reg[104]
CASE_MIX_MC_096,,96,MC_MIX_NESTED,39,u_aes_peripheral/u_aes_round1/MC_REG_reg[105]
CASE_MIX_MC_096,,96,MC_MIX_NESTED,40,u_aes_peripheral/u_aes_round1/MC_REG_reg[106]
CASE_MIX_MC_096,,96,MC_MIX_NESTED,41,u_aes_peripheral/u_aes_round1/MC_REG_reg[107]
CASE_MIX_MC_096,,96,MC_MIX_NESTED,42,u_aes_peripheral/u_aes_round1/MC_REG_reg[108]
CASE_MIX_MC_096,,96,MC_MIX_NESTED,43,u_aes_peripheral/u_aes_round1/MC_REG_reg[109]
CASE_MIX_MC_096,,96,MC_MIX_NESTED,44,u_aes_peripheral/u_aes_round1/MC_REG_reg[10]
CASE_MIX_MC_096,,96,MC_MIX_NESTED,45,u_aes_peripheral/u_aes_round1/MC_REG_reg[110]
CASE_MIX_MC_096,,96,MC_MIX_NESTED,46,u_aes_peripheral/u_aes_round1/MC_REG_reg[111]
CASE_MIX_MC_096,,96,MC_MIX_NESTED,47,u_aes_peripheral/u_aes_round1/MC_REG_reg[112]
CASE_MIX_MC_096,,96,MC_MIX_NESTED,48,u_aes_peripheral/u_aes_round1/MC_REG_reg[113]
CASE_MIX_MC_096,,96,MC_MIX_NESTED,49,u_aes_peripheral/u_aes_round1/MC_REG_reg[114]
CASE_MIX_MC_096,,96,MC_MIX_NESTED,50,u_aes_peripheral/u_aes_round1/MC_REG_reg[115]
CASE_MIX_MC_096,,96,MC_MIX_NESTED,51,u_aes_peripheral/u_aes_round1/MC_REG_reg[116]
CASE_MIX_MC_096,,96,MC_MIX_NESTED,52,u_aes_peripheral/u_aes_round1/MC_REG_reg[117]
CASE_MIX_MC_096,,96,MC_MIX_NESTED,53,u_aes_peripheral/u_aes_round1/MC_REG_reg[118]
CASE_MIX_MC_096,,96,MC_MIX_NESTED,54,u_aes_peripheral/u_aes_round1/MC_REG_reg[119]
CASE_MIX_MC_096,,96,MC_MIX_NESTED,55,u_aes_peripheral/u_aes_round1/MC_REG_reg[11]
CASE_MIX_MC_096,,96,MC_MIX_NESTED,56,u_aes_peripheral/u_aes_round1/MC_REG_reg[120]
CASE_MIX_MC_096,,96,MC_MIX_NESTED,57,u_aes_peripheral/u_aes_round1/MC_REG_reg[121]
CASE_MIX_MC_096,,96,MC_MIX_NESTED,58,u_aes_peripheral/u_aes_round1/MC_REG_reg[122]
CASE_MIX_MC_096,,96,MC_MIX_NESTED,59,u_aes_peripheral/u_aes_round1/MC_REG_reg[123]
CASE_MIX_MC_096,,96,MC_MIX_NESTED,60,u_aes_peripheral/u_aes_round1/MC_REG_reg[124]
CASE_MIX_MC_096,,96,MC_MIX_NESTED,61,u_aes_peripheral/u_aes_round1/MC_REG_reg[125]
CASE_MIX_MC_096,,96,MC_MIX_NESTED,62,u_aes_peripheral/u_aes_round1/MC_REG_reg[126]
CASE_MIX_MC_096,,96,MC_MIX_NESTED,63,u_aes_peripheral/u_aes_round1/MC_REG_reg[127]
CASE_MIX_MC_096,,96,MC_MIX_NESTED,64,u_aes_peripheral/u_aes_round1/MC_REG_reg[12]
CASE_MIX_MC_096,,96,MC_MIX_NESTED,65,u_aes_peripheral/u_aes_round1/MC_REG_reg[13]
CASE_MIX_MC_096,,96,MC_MIX_NESTED,66,u_aes_peripheral/u_aes_round1/MC_REG_reg[14]
CASE_MIX_MC_096,,96,MC_MIX_NESTED,67,u_aes_peripheral/u_aes_round1/MC_REG_reg[15]
CASE_MIX_MC_096,,96,MC_MIX_NESTED,68,u_aes_peripheral/u_aes_round1/MC_REG_reg[16]
CASE_MIX_MC_096,,96,MC_MIX_NESTED,69,u_aes_peripheral/u_aes_round1/MC_REG_reg[17]
CASE_MIX_MC_096,,96,MC_MIX_NESTED,70,u_aes_peripheral/u_aes_round1/MC_REG_reg[18]
CASE_MIX_MC_096,,96,MC_MIX_NESTED,71,u_aes_peripheral/u_aes_round1/MC_REG_reg[19]
CASE_MIX_MC_096,,96,MC_MIX_NESTED,72,u_aes_peripheral/u_aes_round1/MC_REG_reg[1]
CASE_MIX_MC_096,,96,MC_MIX_NESTED,73,u_aes_peripheral/u_aes_round1/MC_REG_reg[20]
CASE_MIX_MC_096,,96,MC_MIX_NESTED,74,u_aes_peripheral/u_aes_round1/MC_REG_reg[21]
CASE_MIX_MC_096,,96,MC_MIX_NESTED,75,u_aes_peripheral/u_aes_round1/MC_REG_reg[22]
CASE_MIX_MC_096,,96,MC_MIX_NESTED,76,u_aes_peripheral/u_aes_round1/MC_REG_reg[23]
CASE_MIX_MC_096,,96,MC_MIX_NESTED,77,u_aes_peripheral/u_aes_round1/MC_REG_reg[24]
CASE_MIX_MC_096,,96,MC_MIX_NESTED,78,u_aes_peripheral/u_aes_round1/MC_REG_reg[25]
CASE_MIX_MC_096,,96,MC_MIX_NESTED,79,u_aes_peripheral/u_aes_round1/MC_REG_reg[26]
CASE_MIX_MC_096,,96,MC_MIX_NESTED,80,u_aes_peripheral/u_aes_round1/MC_REG_reg[27]
CASE_MIX_MC_096,,96,MC_MIX_NESTED,81,u_aes_peripheral/u_aes_round1/MC_REG_reg[28]
CASE_MIX_MC_096,,96,MC_MIX_NESTED,82,u_aes_peripheral/u_aes_round1/MC_REG_reg[29]
CASE_MIX_MC_096,,96,MC_MIX_NESTED,83,u_aes_peripheral/u_aes_round1/MC_REG_reg[2]
CASE_MIX_MC_096,,96,MC_MIX_NESTED,84,u_aes_peripheral/u_aes_round1/MC_REG_reg[30]
CASE_MIX_MC_096,,96,MC_MIX_NESTED,85,u_aes_peripheral/u_aes_round1/MC_REG_reg[31]
CASE_MIX_MC_096,,96,MC_MIX_NESTED,86,u_aes_peripheral/u_aes_round1/MC_REG_reg[32]
CASE_MIX_MC_096,,96,MC_MIX_NESTED,87,u_aes_peripheral/u_aes_round1/MC_REG_reg[33]
CASE_MIX_MC_096,,96,MC_MIX_NESTED,88,u_aes_peripheral/u_aes_round1/MC_REG_reg[34]
CASE_MIX_MC_096,,96,MC_MIX_NESTED,89,u_aes_peripheral/u_aes_round1/MC_REG_reg[35]
CASE_MIX_MC_096,,96,MC_MIX_NESTED,90,u_aes_peripheral/u_aes_round1/MC_REG_reg[36]
CASE_MIX_MC_096,,96,MC_MIX_NESTED,91,u_aes_peripheral/u_aes_round1/MC_REG_reg[37]
CASE_MIX_MC_096,,96,MC_MIX_NESTED,92,u_aes_peripheral/u_aes_round1/MC_REG_reg[38]
CASE_MIX_MC_096,,96,MC_MIX_NESTED,93,u_aes_peripheral/u_aes_round1/MC_REG_reg[39]
CASE_MIX_MC_096,,96,MC_MIX_NESTED,94,u_aes_peripheral/u_aes_round1/MC_REG_reg[3]
CASE_MIX_MC_096,,96,MC_MIX_NESTED,95,u_aes_peripheral/u_aes_round1/MC_REG_reg[40]
CASE_MIX_MC_096,,96,MC_MIX_NESTED,96,u_aes_peripheral/u_aes_round1/MC_REG_reg[41]
CASE_MIX_MC_096,,96,MC_MIX_NESTED,97,u_aes_peripheral/u_aes_round1/MC_REG_reg[42]
CASE_MIX_MC_096,,96,MC_MIX_NESTED,98,u_aes_peripheral/u_aes_round1/MC_REG_reg[43]
CASE_MIX_MC_096,,96,MC_MIX_NESTED,99,u_aes_peripheral/u_aes_round1/MC_REG_reg[44]
CASE_MIX_MC_096,,96,MC_MIX_NESTED,100,u_aes_peripheral/u_aes_round1/MC_REG_reg[45]
CASE_MIX_MC_096,,96,MC_MIX_NESTED,101,u_aes_peripheral/u_aes_round1/MC_REG_reg[46]
CASE_MIX_MC_096,,96,MC_MIX_NESTED,102,u_aes_peripheral/u_aes_round1/MC_REG_reg[47]
CASE_MIX_MC_096,,96,MC_MIX_NESTED,103,u_aes_peripheral/u_aes_round1/MC_REG_reg[48]
CASE_MIX_MC_096,,96,MC_MIX_NESTED,104,u_aes_peripheral/u_aes_round1/MC_REG_reg[49]
CASE_MIX_MC_096,,96,MC_MIX_NESTED,105,u_aes_peripheral/u_aes_round1/MC_REG_reg[4]
CASE_MIX_MC_096,,96,MC_MIX_NESTED,106,u_aes_peripheral/u_aes_round1/MC_REG_reg[50]
CASE_MIX_MC_096,,96,MC_MIX_NESTED,107,u_aes_peripheral/u_aes_round1/MC_REG_reg[51]
CASE_MIX_MC_096,,96,MC_MIX_NESTED,108,u_aes_peripheral/u_aes_round1/MC_REG_reg[52]
CASE_MIX_MC_096,,96,MC_MIX_NESTED,109,u_aes_peripheral/u_aes_round1/MC_REG_reg[53]
CASE_MIX_MC_096,,96,MC_MIX_NESTED,110,u_aes_peripheral/u_aes_round1/MC_REG_reg[54]
CASE_MIX_MC_096,,96,MC_MIX_NESTED,111,u_aes_peripheral/u_aes_round1/MC_REG_reg[55]
CASE_MIX_MC_096,,96,MC_MIX_NESTED,112,u_aes_peripheral/u_aes_round1/MC_REG_reg[56]
CASE_MIX_MC_096,,96,MC_MIX_NESTED,113,u_aes_peripheral/u_aes_round1/MC_REG_reg[57]
CASE_MIX_MC_096,,96,MC_MIX_NESTED,114,u_aes_peripheral/u_aes_round1/MC_REG_reg[58]
CASE_MIX_MC_096,,96,MC_MIX_NESTED,115,u_aes_peripheral/u_aes_round1/MC_REG_reg[59]
CASE_MIX_MC_096,,96,MC_MIX_NESTED,116,u_aes_peripheral/u_aes_round1/MC_REG_reg[5]
CASE_MIX_MC_096,,96,MC_MIX_NESTED,117,u_aes_peripheral/u_aes_round1/MC_REG_reg[60]
CASE_MIX_MC_096,,96,MC_MIX_NESTED,118,u_aes_peripheral/u_aes_round1/MC_REG_reg[61]
CASE_MIX_MC_096,,96,MC_MIX_NESTED,119,u_aes_peripheral/u_aes_round1/MC_REG_reg[62]
CASE_MIX_MC_096,,96,MC_MIX_NESTED,120,u_aes_peripheral/u_aes_round1/MC_REG_reg[63]
CASE_MIX_MC_096,,96,MC_MIX_NESTED,121,u_aes_peripheral/u_aes_round1/MC_REG_reg[64]
CASE_MIX_MC_096,,96,MC_MIX_NESTED,122,u_aes_peripheral/u_aes_round1/MC_REG_reg[65]
CASE_MIX_MC_096,,96,MC_MIX_NESTED,123,u_aes_peripheral/u_aes_round1/MC_REG_reg[66]
CASE_MIX_MC_096,,96,MC_MIX_NESTED,124,u_aes_peripheral/u_aes_round1/MC_REG_reg[67]
CASE_MIX_MC_096,,96,MC_MIX_NESTED,125,u_aes_peripheral/u_aes_round1/MC_REG_reg[68]
CASE_MIX_MC_096,,96,MC_MIX_NESTED,126,u_aes_peripheral/u_aes_round1/MC_REG_reg[69]
CASE_MIX_MC_096,,96,MC_MIX_NESTED,127,u_aes_peripheral/u_aes_round1/MC_REG_reg[6]
CASE_MIX_MC_096,,96,MC_MIX_NESTED,128,u_aes_peripheral/u_aes_round1/MC_REG_reg[70]
CASE_MIX_MC_128,,128,MC_MIX_NESTED,1,u_aes_peripheral/u_aes_round1/MC_REG_reg[0]
CASE_MIX_MC_128,,128,MC_MIX_NESTED,2,u_aes_peripheral/u_aes_round1/MC_REG_reg[100]
CASE_MIX_MC_128,,128,MC_MIX_NESTED,3,u_aes_peripheral/u_aes_round1/MC_REG_reg[101]
CASE_MIX_MC_128,,128,MC_MIX_NESTED,4,u_aes_peripheral/u_aes_round1/MC_REG_reg[102]
CASE_MIX_MC_128,,128,MC_MIX_NESTED,5,u_aes_peripheral/u_aes_round1/MC_REG_reg[103]
CASE_MIX_MC_128,,128,MC_MIX_NESTED,6,u_aes_peripheral/u_aes_round1/MC_REG_reg[104]
CASE_MIX_MC_128,,128,MC_MIX_NESTED,7,u_aes_peripheral/u_aes_round1/MC_REG_reg[105]
CASE_MIX_MC_128,,128,MC_MIX_NESTED,8,u_aes_peripheral/u_aes_round1/MC_REG_reg[106]
CASE_MIX_MC_128,,128,MC_MIX_NESTED,9,u_aes_peripheral/u_aes_round1/MC_REG_reg[107]
CASE_MIX_MC_128,,128,MC_MIX_NESTED,10,u_aes_peripheral/u_aes_round1/MC_REG_reg[108]
CASE_MIX_MC_128,,128,MC_MIX_NESTED,11,u_aes_peripheral/u_aes_round1/MC_REG_reg[109]
CASE_MIX_MC_128,,128,MC_MIX_NESTED,12,u_aes_peripheral/u_aes_round1/MC_REG_reg[10]
CASE_MIX_MC_128,,128,MC_MIX_NESTED,13,u_aes_peripheral/u_aes_round1/MC_REG_reg[110]
CASE_MIX_MC_128,,128,MC_MIX_NESTED,14,u_aes_peripheral/u_aes_round1/MC_REG_reg[111]
CASE_MIX_MC_128,,128,MC_MIX_NESTED,15,u_aes_peripheral/u_aes_round1/MC_REG_reg[112]
CASE_MIX_MC_128,,128,MC_MIX_NESTED,16,u_aes_peripheral/u_aes_round1/MC_REG_reg[113]
CASE_MIX_MC_128,,128,MC_MIX_NESTED,17,u_aes_peripheral/u_aes_round1/MC_REG_reg[114]
CASE_MIX_MC_128,,128,MC_MIX_NESTED,18,u_aes_peripheral/u_aes_round1/MC_REG_reg[115]
CASE_MIX_MC_128,,128,MC_MIX_NESTED,19,u_aes_peripheral/u_aes_round1/MC_REG_reg[116]
CASE_MIX_MC_128,,128,MC_MIX_NESTED,20,u_aes_peripheral/u_aes_round1/MC_REG_reg[117]
CASE_MIX_MC_128,,128,MC_MIX_NESTED,21,u_aes_peripheral/u_aes_round1/MC_REG_reg[118]
CASE_MIX_MC_128,,128,MC_MIX_NESTED,22,u_aes_peripheral/u_aes_round1/MC_REG_reg[119]
CASE_MIX_MC_128,,128,MC_MIX_NESTED,23,u_aes_peripheral/u_aes_round1/MC_REG_reg[11]
CASE_MIX_MC_128,,128,MC_MIX_NESTED,24,u_aes_peripheral/u_aes_round1/MC_REG_reg[120]
CASE_MIX_MC_128,,128,MC_MIX_NESTED,25,u_aes_peripheral/u_aes_round1/MC_REG_reg[121]
CASE_MIX_MC_128,,128,MC_MIX_NESTED,26,u_aes_peripheral/u_aes_round1/MC_REG_reg[122]
CASE_MIX_MC_128,,128,MC_MIX_NESTED,27,u_aes_peripheral/u_aes_round1/MC_REG_reg[123]
CASE_MIX_MC_128,,128,MC_MIX_NESTED,28,u_aes_peripheral/u_aes_round1/MC_REG_reg[124]
CASE_MIX_MC_128,,128,MC_MIX_NESTED,29,u_aes_peripheral/u_aes_round1/MC_REG_reg[125]
CASE_MIX_MC_128,,128,MC_MIX_NESTED,30,u_aes_peripheral/u_aes_round1/MC_REG_reg[126]
CASE_MIX_MC_128,,128,MC_MIX_NESTED,31,u_aes_peripheral/u_aes_round1/MC_REG_reg[127]
CASE_MIX_MC_128,,128,MC_MIX_NESTED,32,u_aes_peripheral/u_aes_round1/MC_REG_reg[12]
CASE_MIX_MC_128,,128,MC_MIX_NESTED,33,u_aes_peripheral/u_aes_round1/MC_REG_reg[13]
CASE_MIX_MC_128,,128,MC_MIX_NESTED,34,u_aes_peripheral/u_aes_round1/MC_REG_reg[14]
CASE_MIX_MC_128,,128,MC_MIX_NESTED,35,u_aes_peripheral/u_aes_round1/MC_REG_reg[15]
CASE_MIX_MC_128,,128,MC_MIX_NESTED,36,u_aes_peripheral/u_aes_round1/MC_REG_reg[16]
CASE_MIX_MC_128,,128,MC_MIX_NESTED,37,u_aes_peripheral/u_aes_round1/MC_REG_reg[17]
CASE_MIX_MC_128,,128,MC_MIX_NESTED,38,u_aes_peripheral/u_aes_round1/MC_REG_reg[18]
CASE_MIX_MC_128,,128,MC_MIX_NESTED,39,u_aes_peripheral/u_aes_round1/MC_REG_reg[19]
CASE_MIX_MC_128,,128,MC_MIX_NESTED,40,u_aes_peripheral/u_aes_round1/MC_REG_reg[1]
CASE_MIX_MC_128,,128,MC_MIX_NESTED,41,u_aes_peripheral/u_aes_round1/MC_REG_reg[20]
CASE_MIX_MC_128,,128,MC_MIX_NESTED,42,u_aes_peripheral/u_aes_round1/MC_REG_reg[21]
CASE_MIX_MC_128,,128,MC_MIX_NESTED,43,u_aes_peripheral/u_aes_round1/MC_REG_reg[22]
CASE_MIX_MC_128,,128,MC_MIX_NESTED,44,u_aes_peripheral/u_aes_round1/MC_REG_reg[23]
CASE_MIX_MC_128,,128,MC_MIX_NESTED,45,u_aes_peripheral/u_aes_round1/MC_REG_reg[24]
CASE_MIX_MC_128,,128,MC_MIX_NESTED,46,u_aes_peripheral/u_aes_round1/MC_REG_reg[25]
CASE_MIX_MC_128,,128,MC_MIX_NESTED,47,u_aes_peripheral/u_aes_round1/MC_REG_reg[26]
CASE_MIX_MC_128,,128,MC_MIX_NESTED,48,u_aes_peripheral/u_aes_round1/MC_REG_reg[27]
CASE_MIX_MC_128,,128,MC_MIX_NESTED,49,u_aes_peripheral/u_aes_round1/MC_REG_reg[28]
CASE_MIX_MC_128,,128,MC_MIX_NESTED,50,u_aes_peripheral/u_aes_round1/MC_REG_reg[29]
CASE_MIX_MC_128,,128,MC_MIX_NESTED,51,u_aes_peripheral/u_aes_round1/MC_REG_reg[2]
CASE_MIX_MC_128,,128,MC_MIX_NESTED,52,u_aes_peripheral/u_aes_round1/MC_REG_reg[30]
CASE_MIX_MC_128,,128,MC_MIX_NESTED,53,u_aes_peripheral/u_aes_round1/MC_REG_reg[31]
CASE_MIX_MC_128,,128,MC_MIX_NESTED,54,u_aes_peripheral/u_aes_round1/MC_REG_reg[32]
CASE_MIX_MC_128,,128,MC_MIX_NESTED,55,u_aes_peripheral/u_aes_round1/MC_REG_reg[33]
CASE_MIX_MC_128,,128,MC_MIX_NESTED,56,u_aes_peripheral/u_aes_round1/MC_REG_reg[34]
CASE_MIX_MC_128,,128,MC_MIX_NESTED,57,u_aes_peripheral/u_aes_round1/MC_REG_reg[35]
CASE_MIX_MC_128,,128,MC_MIX_NESTED,58,u_aes_peripheral/u_aes_round1/MC_REG_reg[36]
CASE_MIX_MC_128,,128,MC_MIX_NESTED,59,u_aes_peripheral/u_aes_round1/MC_REG_reg[37]
CASE_MIX_MC_128,,128,MC_MIX_NESTED,60,u_aes_peripheral/u_aes_round1/MC_REG_reg[38]
CASE_MIX_MC_128,,128,MC_MIX_NESTED,61,u_aes_peripheral/u_aes_round1/MC_REG_reg[39]
CASE_MIX_MC_128,,128,MC_MIX_NESTED,62,u_aes_peripheral/u_aes_round1/MC_REG_reg[3]
CASE_MIX_MC_128,,128,MC_MIX_NESTED,63,u_aes_peripheral/u_aes_round1/MC_REG_reg[40]
CASE_MIX_MC_128,,128,MC_MIX_NESTED,64,u_aes_peripheral/u_aes_round1/MC_REG_reg[41]
CASE_MIX_MC_128,,128,MC_MIX_NESTED,65,u_aes_peripheral/u_aes_round1/MC_REG_reg[42]
CASE_MIX_MC_128,,128,MC_MIX_NESTED,66,u_aes_peripheral/u_aes_round1/MC_REG_reg[43]
CASE_MIX_MC_128,,128,MC_MIX_NESTED,67,u_aes_peripheral/u_aes_round1/MC_REG_reg[44]
CASE_MIX_MC_128,,128,MC_MIX_NESTED,68,u_aes_peripheral/u_aes_round1/MC_REG_reg[45]
CASE_MIX_MC_128,,128,MC_MIX_NESTED,69,u_aes_peripheral/u_aes_round1/MC_REG_reg[46]
CASE_MIX_MC_128,,128,MC_MIX_NESTED,70,u_aes_peripheral/u_aes_round1/MC_REG_reg[47]
CASE_MIX_MC_128,,128,MC_MIX_NESTED,71,u_aes_peripheral/u_aes_round1/MC_REG_reg[48]
CASE_MIX_MC_128,,128,MC_MIX_NESTED,72,u_aes_peripheral/u_aes_round1/MC_REG_reg[49]
CASE_MIX_MC_128,,128,MC_MIX_NESTED,73,u_aes_peripheral/u_aes_round1/MC_REG_reg[4]
CASE_MIX_MC_128,,128,MC_MIX_NESTED,74,u_aes_peripheral/u_aes_round1/MC_REG_reg[50]
CASE_MIX_MC_128,,128,MC_MIX_NESTED,75,u_aes_peripheral/u_aes_round1/MC_REG_reg[51]
CASE_MIX_MC_128,,128,MC_MIX_NESTED,76,u_aes_peripheral/u_aes_round1/MC_REG_reg[52]
CASE_MIX_MC_128,,128,MC_MIX_NESTED,77,u_aes_peripheral/u_aes_round1/MC_REG_reg[53]
CASE_MIX_MC_128,,128,MC_MIX_NESTED,78,u_aes_peripheral/u_aes_round1/MC_REG_reg[54]
CASE_MIX_MC_128,,128,MC_MIX_NESTED,79,u_aes_peripheral/u_aes_round1/MC_REG_reg[55]
CASE_MIX_MC_128,,128,MC_MIX_NESTED,80,u_aes_peripheral/u_aes_round1/MC_REG_reg[56]
CASE_MIX_MC_128,,128,MC_MIX_NESTED,81,u_aes_peripheral/u_aes_round1/MC_REG_reg[57]
CASE_MIX_MC_128,,128,MC_MIX_NESTED,82,u_aes_peripheral/u_aes_round1/MC_REG_reg[58]
CASE_MIX_MC_128,,128,MC_MIX_NESTED,83,u_aes_peripheral/u_aes_round1/MC_REG_reg[59]
CASE_MIX_MC_128,,128,MC_MIX_NESTED,84,u_aes_peripheral/u_aes_round1/MC_REG_reg[5]
CASE_MIX_MC_128,,128,MC_MIX_NESTED,85,u_aes_peripheral/u_aes_round1/MC_REG_reg[60]
CASE_MIX_MC_128,,128,MC_MIX_NESTED,86,u_aes_peripheral/u_aes_round1/MC_REG_reg[61]
CASE_MIX_MC_128,,128,MC_MIX_NESTED,87,u_aes_peripheral/u_aes_round1/MC_REG_reg[62]
CASE_MIX_MC_128,,128,MC_MIX_NESTED,88,u_aes_peripheral/u_aes_round1/MC_REG_reg[63]
CASE_MIX_MC_128,,128,MC_MIX_NESTED,89,u_aes_peripheral/u_aes_round1/MC_REG_reg[64]
CASE_MIX_MC_128,,128,MC_MIX_NESTED,90,u_aes_peripheral/u_aes_round1/MC_REG_reg[65]
CASE_MIX_MC_128,,128,MC_MIX_NESTED,91,u_aes_peripheral/u_aes_round1/MC_REG_reg[66]
CASE_MIX_MC_128,,128,MC_MIX_NESTED,92,u_aes_peripheral/u_aes_round1/MC_REG_reg[67]
CASE_MIX_MC_128,,128,MC_MIX_NESTED,93,u_aes_peripheral/u_aes_round1/MC_REG_reg[68]
CASE_MIX_MC_128,,128,MC_MIX_NESTED,94,u_aes_peripheral/u_aes_round1/MC_REG_reg[69]
CASE_MIX_MC_128,,128,MC_MIX_NESTED,95,u_aes_peripheral/u_aes_round1/MC_REG_reg[6]
CASE_MIX_MC_128,,128,MC_MIX_NESTED,96,u_aes_peripheral/u_aes_round1/MC_REG_reg[70]
CASE_MIX_MC_128,,128,MC_MIX_NESTED,97,u_aes_peripheral/u_aes_round1/MC_REG_reg[71]
CASE_MIX_MC_128,,128,MC_MIX_NESTED,98,u_aes_peripheral/u_aes_round1/MC_REG_reg[72]
CASE_MIX_MC_128,,128,MC_MIX_NESTED,99,u_aes_peripheral/u_aes_round1/MC_REG_reg[73]
CASE_MIX_MC_128,,128,MC_MIX_NESTED,100,u_aes_peripheral/u_aes_round1/MC_REG_reg[74]
CASE_MIX_MC_128,,128,MC_MIX_NESTED,101,u_aes_peripheral/u_aes_round1/MC_REG_reg[75]
CASE_MIX_MC_128,,128,MC_MIX_NESTED,102,u_aes_peripheral/u_aes_round1/MC_REG_reg[76]
CASE_MIX_MC_128,,128,MC_MIX_NESTED,103,u_aes_peripheral/u_aes_round1/MC_REG_reg[77]
CASE_MIX_MC_128,,128,MC_MIX_NESTED,104,u_aes_peripheral/u_aes_round1/MC_REG_reg[78]
CASE_MIX_MC_128,,128,MC_MIX_NESTED,105,u_aes_peripheral/u_aes_round1/MC_REG_reg[79]
CASE_MIX_MC_128,,128,MC_MIX_NESTED,106,u_aes_peripheral/u_aes_round1/MC_REG_reg[7]
CASE_MIX_MC_128,,128,MC_MIX_NESTED,107,u_aes_peripheral/u_aes_round1/MC_REG_reg[80]
CASE_MIX_MC_128,,128,MC_MIX_NESTED,108,u_aes_peripheral/u_aes_round1/MC_REG_reg[81]
CASE_MIX_MC_128,,128,MC_MIX_NESTED,109,u_aes_peripheral/u_aes_round1/MC_REG_reg[82]
CASE_MIX_MC_128,,128,MC_MIX_NESTED,110,u_aes_peripheral/u_aes_round1/MC_REG_reg[83]
CASE_MIX_MC_128,,128,MC_MIX_NESTED,111,u_aes_peripheral/u_aes_round1/MC_REG_reg[84]
CASE_MIX_MC_128,,128,MC_MIX_NESTED,112,u_aes_peripheral/u_aes_round1/MC_REG_reg[85]
CASE_MIX_MC_128,,128,MC_MIX_NESTED,113,u_aes_peripheral/u_aes_round1/MC_REG_reg[86]
CASE_MIX_MC_128,,128,MC_MIX_NESTED,114,u_aes_peripheral/u_aes_round1/MC_REG_reg[87]
CASE_MIX_MC_128,,128,MC_MIX_NESTED,115,u_aes_peripheral/u_aes_round1/MC_REG_reg[88]
CASE_MIX_MC_128,,128,MC_MIX_NESTED,116,u_aes_peripheral/u_aes_round1/MC_REG_reg[89]
CASE_MIX_MC_128,,128,MC_MIX_NESTED,117,u_aes_peripheral/u_aes_round1/MC_REG_reg[8]
CASE_MIX_MC_128,,128,MC_MIX_NESTED,118,u_aes_peripheral/u_aes_round1/MC_REG_reg[90]
CASE_MIX_MC_128,,128,MC_MIX_NESTED,119,u_aes_peripheral/u_aes_round1/MC_REG_reg[91]
CASE_MIX_MC_128,,128,MC_MIX_NESTED,120,u_aes_peripheral/u_aes_round1/MC_REG_reg[92]
CASE_MIX_MC_128,,128,MC_MIX_NESTED,121,u_aes_peripheral/u_aes_round1/MC_REG_reg[93]
CASE_MIX_MC_128,,128,MC_MIX_NESTED,122,u_aes_peripheral/u_aes_round1/MC_REG_reg[94]
CASE_MIX_MC_128,,128,MC_MIX_NESTED,123,u_aes_peripheral/u_aes_round1/MC_REG_reg[95]
CASE_MIX_MC_128,,128,MC_MIX_NESTED,124,u_aes_peripheral/u_aes_round1/MC_REG_reg[96]
CASE_MIX_MC_128,,128,MC_MIX_NESTED,125,u_aes_peripheral/u_aes_round1/MC_REG_reg[97]
CASE_MIX_MC_128,,128,MC_MIX_NESTED,126,u_aes_peripheral/u_aes_round1/MC_REG_reg[98]
CASE_MIX_MC_128,,128,MC_MIX_NESTED,127,u_aes_peripheral/u_aes_round1/MC_REG_reg[99]
CASE_MIX_MC_128,,128,MC_MIX_NESTED,128,u_aes_peripheral/u_aes_round1/MC_REG_reg[9]
CASE_AUTO_STAGE,,0,AES_STAGE_TOPOLOGY,1,u_aes_peripheral/u_aes_round1/IARK_REG_reg[108]
CASE_AUTO_STAGE,,0,AES_STAGE_TOPOLOGY,2,u_aes_peripheral/u_aes_round1/IARK_REG_reg[12]
CASE_AUTO_STAGE,,0,AES_STAGE_TOPOLOGY,3,u_aes_peripheral/u_aes_round1/IARK_REG_reg[44]
CASE_AUTO_STAGE,,0,AES_STAGE_TOPOLOGY,4,u_aes_peripheral/u_aes_round1/IARK_REG_reg[76]
CASE_AUTO_STAGE,,0,AES_STAGE_TOPOLOGY,5,u_aes_peripheral/u_aes_round1/IARK_REG_reg[73]
CASE_AUTO_STAGE,,0,AES_STAGE_TOPOLOGY,6,u_aes_peripheral/u_aes_round1/IARK_REG_reg[9]
CASE_AUTO_STAGE,,0,AES_STAGE_TOPOLOGY,7,u_aes_peripheral/u_aes_round1/IARK_REG_reg[0]
CASE_AUTO_STAGE,,0,AES_STAGE_TOPOLOGY,8,u_aes_peripheral/u_aes_round1/IARK_REG_reg[112]
CASE_AUTO_STAGE,,0,AES_STAGE_TOPOLOGY,9,u_aes_peripheral/u_aes_round1/IARK_REG_reg[120]
CASE_AUTO_STAGE,,0,AES_STAGE_TOPOLOGY,10,u_aes_peripheral/u_aes_round1/IARK_REG_reg[16]
CASE_AUTO_STAGE,,0,AES_STAGE_TOPOLOGY,11,u_aes_peripheral/u_aes_round1/IARK_REG_reg[24]
CASE_AUTO_STAGE,,0,AES_STAGE_TOPOLOGY,12,u_aes_peripheral/u_aes_round1/IARK_REG_reg[32]
CASE_AUTO_STAGE,,0,AES_STAGE_TOPOLOGY,13,u_aes_peripheral/u_aes_round1/IARK_REG_reg[48]
CASE_AUTO_STAGE,,0,AES_STAGE_TOPOLOGY,14,u_aes_peripheral/u_aes_round1/IARK_REG_reg[56]
CASE_AUTO_STAGE,,0,AES_STAGE_TOPOLOGY,15,u_aes_peripheral/u_aes_round1/IARK_REG_reg[64]
CASE_AUTO_STAGE,,0,AES_STAGE_TOPOLOGY,16,u_aes_peripheral/u_aes_round1/IARK_REG_reg[80]
CASE_AUTO_STAGE,,0,AES_STAGE_TOPOLOGY,17,u_aes_peripheral/u_aes_round1/IARK_REG_reg[88]
CASE_AUTO_STAGE,,0,AES_STAGE_TOPOLOGY,18,u_aes_peripheral/u_aes_round1/IARK_REG_reg[96]
CASE_AUTO_STAGE,,0,AES_STAGE_TOPOLOGY,19,u_aes_peripheral/u_aes_round1/IARK_REG_reg[105]
CASE_AUTO_STAGE,,0,AES_STAGE_TOPOLOGY,20,u_aes_peripheral/u_aes_round1/IARK_REG_reg[41]
CASE_AUTO_STAGE,,0,AES_STAGE_TOPOLOGY,21,u_aes_peripheral/u_aes_round1/IARK_REG_reg[21]
CASE_AUTO_STAGE,,0,AES_STAGE_TOPOLOGY,22,u_aes_peripheral/u_aes_round1/IARK_REG_reg[29]
CASE_AUTO_STAGE,,0,AES_STAGE_TOPOLOGY,23,u_aes_peripheral/u_aes_round1/IARK_REG_reg[37]
CASE_AUTO_STAGE,,0,AES_STAGE_TOPOLOGY,24,u_aes_peripheral/u_aes_round1/IARK_REG_reg[53]
CASE_AUTO_STAGE,,0,AES_STAGE_TOPOLOGY,25,u_aes_peripheral/u_aes_round1/IARK_REG_reg[61]
CASE_AUTO_STAGE,,0,AES_STAGE_TOPOLOGY,26,u_aes_peripheral/u_aes_round1/IARK_REG_reg[69]
CASE_AUTO_STAGE,,0,AES_STAGE_TOPOLOGY,27,u_aes_peripheral/u_aes_round1/IARK_REG_reg[85]
CASE_AUTO_STAGE,,0,AES_STAGE_TOPOLOGY,28,u_aes_peripheral/u_aes_round1/IARK_REG_reg[93]
CASE_AUTO_STAGE,,0,AES_STAGE_TOPOLOGY,29,u_aes_peripheral/u_aes_round1/IARK_REG_reg[101]
CASE_AUTO_STAGE,,0,AES_STAGE_TOPOLOGY,30,u_aes_peripheral/u_aes_round1/IARK_REG_reg[117]
CASE_AUTO_STAGE,,0,AES_STAGE_TOPOLOGY,31,u_aes_peripheral/u_aes_round1/IARK_REG_reg[125]
CASE_AUTO_STAGE,,0,AES_STAGE_TOPOLOGY,32,u_aes_peripheral/u_aes_round1/IARK_REG_reg[5]
CASE_AUTO_STAGE,,0,AES_STAGE_TOPOLOGY,33,u_aes_peripheral/u_aes_round1/IARK_REG_reg[109]
CASE_AUTO_STAGE,,0,AES_STAGE_TOPOLOGY,34,u_aes_peripheral/u_aes_round1/IARK_REG_reg[13]
CASE_AUTO_STAGE,,0,AES_STAGE_TOPOLOGY,35,u_aes_peripheral/u_aes_round1/IARK_REG_reg[45]
CASE_AUTO_STAGE,,0,AES_STAGE_TOPOLOGY,36,u_aes_peripheral/u_aes_round1/IARK_REG_reg[77]
CASE_AUTO_STAGE,,0,AES_STAGE_TOPOLOGY,37,u_aes_peripheral/u_aes_round1/SR_REG_reg[23]
CASE_AUTO_STAGE,,0,AES_STAGE_TOPOLOGY,38,u_aes_peripheral/u_aes_round1/IARK_REG_reg[118]
CASE_AUTO_STAGE,,0,AES_STAGE_TOPOLOGY,39,u_aes_peripheral/u_aes_round1/IARK_REG_reg[14]
CASE_AUTO_STAGE,,0,AES_STAGE_TOPOLOGY,40,u_aes_peripheral/u_aes_round1/IARK_REG_reg[22]
CASE_AUTO_STAGE,,0,AES_STAGE_TOPOLOGY,41,u_aes_peripheral/u_aes_round1/IARK_REG_reg[30]
CASE_AUTO_STAGE,,0,AES_STAGE_TOPOLOGY,42,u_aes_peripheral/u_aes_round1/IARK_REG_reg[38]
CASE_AUTO_STAGE,,0,AES_STAGE_TOPOLOGY,43,u_aes_peripheral/u_aes_round1/IARK_REG_reg[46]
CASE_AUTO_STAGE,,0,AES_STAGE_TOPOLOGY,44,u_aes_peripheral/u_aes_round1/IARK_REG_reg[54]
CASE_AUTO_STAGE,,0,AES_STAGE_TOPOLOGY,45,u_aes_peripheral/u_aes_round1/IARK_REG_reg[62]
CASE_AUTO_STAGE,,0,AES_STAGE_TOPOLOGY,46,u_aes_peripheral/u_aes_round1/IARK_REG_reg[70]
CASE_AUTO_STAGE,,0,AES_STAGE_TOPOLOGY,47,u_aes_peripheral/u_aes_round1/IARK_REG_reg[78]
CASE_AUTO_STAGE,,0,AES_STAGE_TOPOLOGY,48,u_aes_peripheral/u_aes_round1/IARK_REG_reg[86]
CASE_AUTO_STAGE,,0,AES_STAGE_TOPOLOGY,49,u_aes_peripheral/u_aes_round1/IARK_REG_reg[94]
CASE_AUTO_STAGE,,0,AES_STAGE_TOPOLOGY,50,u_aes_peripheral/u_aes_round1/IARK_REG_reg[113]
CASE_AUTO_STAGE,,0,AES_STAGE_TOPOLOGY,51,u_aes_peripheral/u_aes_round1/IARK_REG_reg[121]
CASE_AUTO_STAGE,,0,AES_STAGE_TOPOLOGY,52,u_aes_peripheral/u_aes_round1/IARK_REG_reg[17]
CASE_AUTO_STAGE,,0,AES_STAGE_TOPOLOGY,53,u_aes_peripheral/u_aes_round1/IARK_REG_reg[1]
CASE_AUTO_STAGE,,0,AES_STAGE_TOPOLOGY,54,u_aes_peripheral/u_aes_round1/IARK_REG_reg[25]
CASE_AUTO_STAGE,,0,AES_STAGE_TOPOLOGY,55,u_aes_peripheral/u_aes_round1/IARK_REG_reg[33]
CASE_AUTO_STAGE,,0,AES_STAGE_TOPOLOGY,56,u_aes_peripheral/u_aes_round1/IARK_REG_reg[49]
CASE_AUTO_STAGE,,0,AES_STAGE_TOPOLOGY,57,u_aes_peripheral/u_aes_round1/IARK_REG_reg[57]
CASE_AUTO_STAGE,,0,AES_STAGE_TOPOLOGY,58,u_aes_peripheral/u_aes_round1/IARK_REG_reg[65]
CASE_AUTO_STAGE,,0,AES_STAGE_TOPOLOGY,59,u_aes_peripheral/u_aes_round1/IARK_REG_reg[81]
CASE_AUTO_STAGE,,0,AES_STAGE_TOPOLOGY,60,u_aes_peripheral/u_aes_round1/IARK_REG_reg[89]
CASE_AUTO_STAGE,,0,AES_STAGE_TOPOLOGY,61,u_aes_peripheral/u_aes_round1/IARK_REG_reg[97]
CASE_AUTO_STAGE,,0,AES_STAGE_TOPOLOGY,62,u_aes_peripheral/u_aes_round1/SR_REG_reg[7]
CASE_AUTO_STAGE,,0,AES_STAGE_TOPOLOGY,63,u_aes_peripheral/u_aes_round1/SR_REG_reg[63]
CASE_AUTO_STAGE,,0,AES_STAGE_TOPOLOGY,64,u_aes_peripheral/u_aes_round1/SR_REG_reg[79]
CASE_AUTO_STAGE,,0,AES_STAGE_TOPOLOGY,65,u_aes_peripheral/u_aes_round1/IARK_REG_reg[102]
CASE_AUTO_STAGE,,0,AES_STAGE_TOPOLOGY,66,u_aes_peripheral/u_aes_round1/IARK_REG_reg[126]
CASE_AUTO_STAGE,,0,AES_STAGE_TOPOLOGY,67,u_aes_peripheral/u_aes_round1/IARK_REG_reg[6]
CASE_AUTO_STAGE,,0,AES_STAGE_TOPOLOGY,68,u_aes_peripheral/u_aes_round1/SR_REG_reg[119]
CASE_AUTO_STAGE,,0,AES_STAGE_TOPOLOGY,69,u_aes_peripheral/u_aes_round1/IARK_REG_reg[110]
CASE_AUTO_STAGE,,0,AES_STAGE_TOPOLOGY,70,u_aes_peripheral/u_aes_round1/SR_REG_reg[111]
CASE_AUTO_STAGE,,0,AES_STAGE_TOPOLOGY,71,u_aes_peripheral/u_aes_round1/IARK_REG_reg[119]
CASE_AUTO_STAGE,,0,AES_STAGE_TOPOLOGY,72,u_aes_peripheral/u_aes_round1/IARK_REG_reg[23]
CASE_AUTO_STAGE,,0,AES_STAGE_TOPOLOGY,73,u_aes_peripheral/u_aes_round1/IARK_REG_reg[31]
CASE_AUTO_STAGE,,0,AES_STAGE_TOPOLOGY,74,u_aes_peripheral/u_aes_round1/IARK_REG_reg[39]
CASE_AUTO_STAGE,,0,AES_STAGE_TOPOLOGY,75,u_aes_peripheral/u_aes_round1/IARK_REG_reg[55]
CASE_AUTO_STAGE,,0,AES_STAGE_TOPOLOGY,76,u_aes_peripheral/u_aes_round1/IARK_REG_reg[63]
CASE_AUTO_STAGE,,0,AES_STAGE_TOPOLOGY,77,u_aes_peripheral/u_aes_round1/IARK_REG_reg[71]
CASE_AUTO_STAGE,,0,AES_STAGE_TOPOLOGY,78,u_aes_peripheral/u_aes_round1/IARK_REG_reg[87]
CASE_AUTO_STAGE,,0,AES_STAGE_TOPOLOGY,79,u_aes_peripheral/u_aes_round1/IARK_REG_reg[95]
CASE_AUTO_STAGE,,0,AES_STAGE_TOPOLOGY,80,u_aes_peripheral/u_aes_round1/IARK_REG_reg[111]
CASE_AUTO_STAGE,,0,AES_STAGE_TOPOLOGY,81,u_aes_peripheral/u_aes_round1/IARK_REG_reg[15]
CASE_AUTO_STAGE,,0,AES_STAGE_TOPOLOGY,82,u_aes_peripheral/u_aes_round1/IARK_REG_reg[47]
CASE_AUTO_STAGE,,0,AES_STAGE_TOPOLOGY,83,u_aes_peripheral/u_aes_round1/IARK_REG_reg[79]
CASE_AUTO_STAGE,,0,AES_STAGE_TOPOLOGY,84,u_aes_peripheral/u_aes_round1/IARK_REG_reg[103]
CASE_AUTO_STAGE,,0,AES_STAGE_TOPOLOGY,85,u_aes_peripheral/u_aes_round1/IARK_REG_reg[127]
CASE_AUTO_STAGE,,0,AES_STAGE_TOPOLOGY,86,u_aes_peripheral/u_aes_round1/IARK_REG_reg[7]
CASE_AUTO_STAGE,,0,AES_STAGE_TOPOLOGY,87,u_aes_peripheral/u_aes_round1/SR_REG_reg[6]
CASE_AUTO_STAGE,,0,AES_STAGE_TOPOLOGY,88,u_aes_peripheral/u_aes_round1/SR_REG_reg[39]
CASE_AUTO_STAGE,,0,AES_STAGE_TOPOLOGY,89,u_aes_peripheral/u_aes_round1/SR_REG_reg[71]
CASE_AUTO_STAGE,,0,AES_STAGE_TOPOLOGY,90,u_aes_peripheral/u_aes_round1/SR_REG_reg[127]
CASE_AUTO_STAGE,,0,AES_STAGE_TOPOLOGY,91,u_aes_peripheral/u_aes_round1/SR_REG_reg[62]
CASE_AUTO_STAGE,,0,AES_STAGE_TOPOLOGY,92,u_aes_peripheral/u_aes_round1/SR_REG_reg[16]
CASE_AUTO_STAGE,,0,AES_STAGE_TOPOLOGY,93,u_aes_peripheral/u_aes_round1/SR_REG_reg[35]
CASE_AUTO_STAGE,,0,AES_STAGE_TOPOLOGY,94,u_aes_peripheral/u_aes_round1/SR_REG_reg[0]
CASE_AUTO_STAGE,,0,AES_STAGE_TOPOLOGY,95,u_aes_peripheral/u_aes_round1/SR_REG_reg[11]
CASE_AUTO_STAGE,,0,AES_STAGE_TOPOLOGY,96,u_aes_peripheral/u_aes_round1/SR_REG_reg[83]
CASE_AUTO_STAGE,,0,AES_STAGE_TOPOLOGY,97,u_aes_peripheral/u_aes_round1/SR_REG_reg[47]
CASE_AUTO_STAGE,,0,AES_STAGE_TOPOLOGY,98,u_aes_peripheral/u_aes_round1/SR_REG_reg[95]
CASE_AUTO_STAGE,,0,AES_STAGE_TOPOLOGY,99,u_aes_peripheral/u_aes_round1/SR_REG_reg[20]
CASE_AUTO_STAGE,,0,AES_STAGE_TOPOLOGY,100,u_aes_peripheral/u_aes_round1/SR_REG_reg[44]
CASE_AUTO_STAGE,,0,AES_STAGE_TOPOLOGY,101,u_aes_peripheral/u_aes_round1/SR_REG_reg[12]
CASE_AUTO_STAGE,,0,AES_STAGE_TOPOLOGY,102,u_aes_peripheral/u_aes_round1/SR_REG_reg[14]
CASE_AUTO_STAGE,,0,AES_STAGE_TOPOLOGY,103,u_aes_peripheral/u_aes_round1/SR_REG_reg[36]
CASE_AUTO_STAGE,,0,AES_STAGE_TOPOLOGY,104,u_aes_peripheral/u_aes_round1/SR_REG_reg[22]
CASE_AUTO_STAGE,,0,AES_STAGE_TOPOLOGY,105,u_aes_peripheral/u_aes_round1/SR_REG_reg[46]
CASE_AUTO_STAGE,,0,AES_STAGE_TOPOLOGY,106,u_aes_peripheral/u_aes_round1/SR_REG_reg[4]
CASE_AUTO_STAGE,,0,AES_STAGE_TOPOLOGY,107,u_aes_peripheral/u_aes_round1/SR_REG_reg[60]
CASE_AUTO_STAGE,,0,AES_STAGE_TOPOLOGY,108,u_aes_peripheral/u_aes_round1/SR_REG_reg[67]
CASE_AUTO_STAGE,,0,AES_STAGE_TOPOLOGY,109,u_aes_peripheral/u_aes_round1/SR_REG_reg[76]
CASE_AUTO_STAGE,,0,AES_STAGE_TOPOLOGY,110,u_aes_peripheral/u_aes_round1/SR_REG_reg[115]
CASE_AUTO_STAGE,,0,AES_STAGE_TOPOLOGY,111,u_aes_peripheral/u_aes_round1/SR_REG_reg[26]
CASE_AUTO_STAGE,,0,AES_STAGE_TOPOLOGY,112,u_aes_peripheral/u_aes_round1/SR_REG_reg[38]
CASE_AUTO_STAGE,,0,AES_STAGE_TOPOLOGY,113,u_aes_peripheral/u_aes_round1/SR_REG_reg[24]
CASE_AUTO_STAGE,,0,AES_STAGE_TOPOLOGY,114,u_aes_peripheral/u_aes_round1/SR_REG_reg[92]
CASE_AUTO_STAGE,,0,AES_STAGE_TOPOLOGY,115,u_aes_peripheral/u_aes_round1/SR_REG_reg[108]
CASE_AUTO_STAGE,,0,AES_STAGE_TOPOLOGY,116,u_aes_peripheral/u_aes_round1/SR_REG_reg[112]
CASE_AUTO_STAGE,,0,AES_STAGE_TOPOLOGY,117,u_aes_peripheral/u_aes_round1/SR_REG_reg[28]
CASE_AUTO_STAGE,,0,AES_STAGE_TOPOLOGY,118,u_aes_peripheral/u_aes_round1/SR_REG_reg[50]
CASE_AUTO_STAGE,,0,AES_STAGE_TOPOLOGY,119,u_aes_peripheral/u_aes_round1/SR_REG_reg[52]
CASE_AUTO_STAGE,,0,AES_STAGE_TOPOLOGY,120,u_aes_peripheral/u_aes_round1/SR_REG_reg[84]
CASE_AUTO_STAGE,,0,AES_STAGE_TOPOLOGY,121,u_aes_peripheral/u_aes_round1/SR_REG_reg[15]
CASE_AUTO_STAGE,,0,AES_STAGE_TOPOLOGY,122,u_aes_peripheral/u_aes_round1/SR_REG_reg[100]
CASE_AUTO_STAGE,,0,AES_STAGE_TOPOLOGY,123,u_aes_peripheral/u_aes_round1/SR_REG_reg[107]
CASE_AUTO_STAGE,,0,AES_STAGE_TOPOLOGY,124,u_aes_peripheral/u_aes_round1/SR_REG_reg[116]
CASE_AUTO_STAGE,,0,AES_STAGE_TOPOLOGY,125,u_aes_peripheral/u_aes_round1/SR_REG_reg[70]
CASE_AUTO_STAGE,,0,AES_STAGE_TOPOLOGY,126,u_aes_peripheral/u_aes_round1/SR_REG_reg[94]
CASE_AUTO_STAGE,,0,AES_STAGE_TOPOLOGY,127,u_aes_peripheral/u_aes_round1/SR_REG_reg[103]
CASE_AUTO_STAGE,,0,AES_STAGE_TOPOLOGY,128,u_aes_peripheral/u_aes_round1/SR_REG_reg[98]
