cell,q_sites,q_net
u_aes_peripheral/key_reg_reg[0],\u_aes_peripheral/key_reg_reg[0]/Q;\u_aes_peripheral/key_reg_reg[0]/QN,\u_aes_peripheral/key_reg [0]
u_aes_peripheral/key_reg_reg[100],\u_aes_peripheral/key_reg_reg[100]/Q;\u_aes_peripheral/key_reg_reg[100]/QN,\u_aes_peripheral/key_reg [100]
u_aes_peripheral/key_reg_reg[101],\u_aes_peripheral/key_reg_reg[101]/Q;\u_aes_peripheral/key_reg_reg[101]/QN,\u_aes_peripheral/key_reg [101]
u_aes_peripheral/key_reg_reg[102],\u_aes_peripheral/key_reg_reg[102]/Q;\u_aes_peripheral/key_reg_reg[102]/QN,\u_aes_peripheral/key_reg [102]
u_aes_peripheral/key_reg_reg[103],\u_aes_peripheral/key_reg_reg[103]/Q;\u_aes_peripheral/key_reg_reg[103]/QN,\u_aes_peripheral/key_reg [103]
u_aes_peripheral/key_reg_reg[104],\u_aes_peripheral/key_reg_reg[104]/Q;\u_aes_peripheral/key_reg_reg[104]/QN,\u_aes_peripheral/key_reg [104]
u_aes_peripheral/key_reg_reg[105],\u_aes_peripheral/key_reg_reg[105]/Q;\u_aes_peripheral/key_reg_reg[105]/QN,\u_aes_peripheral/key_reg [105]
u_aes_peripheral/key_reg_reg[106],\u_aes_peripheral/key_reg_reg[106]/Q;\u_aes_peripheral/key_reg_reg[106]/QN,\u_aes_peripheral/key_reg [106]
u_aes_peripheral/key_reg_reg[107],\u_aes_peripheral/key_reg_reg[107]/Q;\u_aes_peripheral/key_reg_reg[107]/QN,\u_aes_peripheral/key_reg [107]
u_aes_peripheral/key_reg_reg[108],\u_aes_peripheral/key_reg_reg[108]/Q;\u_aes_peripheral/key_reg_reg[108]/QN,\u_aes_peripheral/key_reg [108]
u_aes_peripheral/key_reg_reg[109],\u_aes_peripheral/key_reg_reg[109]/Q;\u_aes_peripheral/key_reg_reg[109]/QN,\u_aes_peripheral/key_reg [109]
u_aes_peripheral/key_reg_reg[10],\u_aes_peripheral/key_reg_reg[10]/Q;\u_aes_peripheral/key_reg_reg[10]/QN,\u_aes_peripheral/key_reg [10]
u_aes_peripheral/key_reg_reg[110],\u_aes_peripheral/key_reg_reg[110]/Q;\u_aes_peripheral/key_reg_reg[110]/QN,\u_aes_peripheral/key_reg [110]
u_aes_peripheral/key_reg_reg[111],\u_aes_peripheral/key_reg_reg[111]/Q;\u_aes_peripheral/key_reg_reg[111]/QN,\u_aes_peripheral/key_reg [111]
u_aes_peripheral/key_reg_reg[112],\u_aes_peripheral/key_reg_reg[112]/Q;\u_aes_peripheral/key_reg_reg[112]/QN,\u_aes_peripheral/key_reg [112]
u_aes_peripheral/key_reg_reg[113],\u_aes_peripheral/key_reg_reg[113]/Q;\u_aes_peripheral/key_reg_reg[113]/QN,\u_aes_peripheral/key_reg [113]
u_aes_peripheral/key_reg_reg[114],\u_aes_peripheral/key_reg_reg[114]/Q;\u_aes_peripheral/key_reg_reg[114]/QN,\u_aes_peripheral/key_reg [114]
u_aes_peripheral/key_reg_reg[115],\u_aes_peripheral/key_reg_reg[115]/Q;\u_aes_peripheral/key_reg_reg[115]/QN,\u_aes_peripheral/key_reg [115]
u_aes_peripheral/key_reg_reg[116],\u_aes_peripheral/key_reg_reg[116]/Q;\u_aes_peripheral/key_reg_reg[116]/QN,\u_aes_peripheral/key_reg [116]
u_aes_peripheral/key_reg_reg[117],\u_aes_peripheral/key_reg_reg[117]/Q;\u_aes_peripheral/key_reg_reg[117]/QN,\u_aes_peripheral/key_reg [117]
u_aes_peripheral/key_reg_reg[118],\u_aes_peripheral/key_reg_reg[118]/Q;\u_aes_peripheral/key_reg_reg[118]/QN,\u_aes_peripheral/key_reg [118]
u_aes_peripheral/key_reg_reg[119],\u_aes_peripheral/key_reg_reg[119]/Q;\u_aes_peripheral/key_reg_reg[119]/QN,\u_aes_peripheral/key_reg [119]
u_aes_peripheral/key_reg_reg[11],\u_aes_peripheral/key_reg_reg[11]/Q;\u_aes_peripheral/key_reg_reg[11]/QN,\u_aes_peripheral/key_reg [11]
u_aes_peripheral/key_reg_reg[120],\u_aes_peripheral/key_reg_reg[120]/Q;\u_aes_peripheral/key_reg_reg[120]/QN,\u_aes_peripheral/key_reg [120]
u_aes_peripheral/key_reg_reg[121],\u_aes_peripheral/key_reg_reg[121]/Q;\u_aes_peripheral/key_reg_reg[121]/QN,\u_aes_peripheral/key_reg [121]
u_aes_peripheral/key_reg_reg[122],\u_aes_peripheral/key_reg_reg[122]/Q;\u_aes_peripheral/key_reg_reg[122]/QN,\u_aes_peripheral/key_reg [122]
u_aes_peripheral/key_reg_reg[123],\u_aes_peripheral/key_reg_reg[123]/Q;\u_aes_peripheral/key_reg_reg[123]/QN,\u_aes_peripheral/key_reg [123]
u_aes_peripheral/key_reg_reg[124],\u_aes_peripheral/key_reg_reg[124]/Q;\u_aes_peripheral/key_reg_reg[124]/QN,\u_aes_peripheral/key_reg [124]
u_aes_peripheral/key_reg_reg[125],\u_aes_peripheral/key_reg_reg[125]/Q;\u_aes_peripheral/key_reg_reg[125]/QN,\u_aes_peripheral/key_reg [125]
u_aes_peripheral/key_reg_reg[126],\u_aes_peripheral/key_reg_reg[126]/Q;\u_aes_peripheral/key_reg_reg[126]/QN,\u_aes_peripheral/key_reg [126]
u_aes_peripheral/key_reg_reg[127],\u_aes_peripheral/key_reg_reg[127]/Q;\u_aes_peripheral/key_reg_reg[127]/QN,\u_aes_peripheral/key_reg [127]
u_aes_peripheral/key_reg_reg[12],\u_aes_peripheral/key_reg_reg[12]/Q;\u_aes_peripheral/key_reg_reg[12]/QN,\u_aes_peripheral/key_reg [12]
u_aes_peripheral/key_reg_reg[13],\u_aes_peripheral/key_reg_reg[13]/Q;\u_aes_peripheral/key_reg_reg[13]/QN,\u_aes_peripheral/key_reg [13]
u_aes_peripheral/key_reg_reg[14],\u_aes_peripheral/key_reg_reg[14]/Q;\u_aes_peripheral/key_reg_reg[14]/QN,\u_aes_peripheral/key_reg [14]
u_aes_peripheral/key_reg_reg[15],\u_aes_peripheral/key_reg_reg[15]/Q;\u_aes_peripheral/key_reg_reg[15]/QN,\u_aes_peripheral/key_reg [15]
u_aes_peripheral/key_reg_reg[16],\u_aes_peripheral/key_reg_reg[16]/Q;\u_aes_peripheral/key_reg_reg[16]/QN,\u_aes_peripheral/key_reg [16]
u_aes_peripheral/key_reg_reg[17],\u_aes_peripheral/key_reg_reg[17]/Q;\u_aes_peripheral/key_reg_reg[17]/QN,\u_aes_peripheral/key_reg [17]
u_aes_peripheral/key_reg_reg[18],\u_aes_peripheral/key_reg_reg[18]/Q;\u_aes_peripheral/key_reg_reg[18]/QN,\u_aes_peripheral/key_reg [18]
u_aes_peripheral/key_reg_reg[19],\u_aes_peripheral/key_reg_reg[19]/Q;\u_aes_peripheral/key_reg_reg[19]/QN,\u_aes_peripheral/key_reg [19]
u_aes_peripheral/key_reg_reg[1],\u_aes_peripheral/key_reg_reg[1]/Q;\u_aes_peripheral/key_reg_reg[1]/QN,\u_aes_peripheral/key_reg [1]
u_aes_peripheral/key_reg_reg[20],\u_aes_peripheral/key_reg_reg[20]/Q;\u_aes_peripheral/key_reg_reg[20]/QN,\u_aes_peripheral/key_reg [20]
u_aes_peripheral/key_reg_reg[21],\u_aes_peripheral/key_reg_reg[21]/Q;\u_aes_peripheral/key_reg_reg[21]/QN,\u_aes_peripheral/key_reg [21]
u_aes_peripheral/key_reg_reg[22],\u_aes_peripheral/key_reg_reg[22]/Q;\u_aes_peripheral/key_reg_reg[22]/QN,\u_aes_peripheral/key_reg [22]
u_aes_peripheral/key_reg_reg[23],\u_aes_peripheral/key_reg_reg[23]/Q;\u_aes_peripheral/key_reg_reg[23]/QN,\u_aes_peripheral/key_reg [23]
u_aes_peripheral/key_reg_reg[24],\u_aes_peripheral/key_reg_reg[24]/Q;\u_aes_peripheral/key_reg_reg[24]/QN,\u_aes_peripheral/key_reg [24]
u_aes_peripheral/key_reg_reg[25],\u_aes_peripheral/key_reg_reg[25]/Q;\u_aes_peripheral/key_reg_reg[25]/QN,\u_aes_peripheral/key_reg [25]
u_aes_peripheral/key_reg_reg[26],\u_aes_peripheral/key_reg_reg[26]/Q;\u_aes_peripheral/key_reg_reg[26]/QN,\u_aes_peripheral/key_reg [26]
u_aes_peripheral/key_reg_reg[27],\u_aes_peripheral/key_reg_reg[27]/Q;\u_aes_peripheral/key_reg_reg[27]/QN,\u_aes_peripheral/key_reg [27]
u_aes_peripheral/key_reg_reg[28],\u_aes_peripheral/key_reg_reg[28]/Q;\u_aes_peripheral/key_reg_reg[28]/QN,\u_aes_peripheral/key_reg [28]
u_aes_peripheral/key_reg_reg[29],\u_aes_peripheral/key_reg_reg[29]/Q;\u_aes_peripheral/key_reg_reg[29]/QN,\u_aes_peripheral/key_reg [29]
u_aes_peripheral/key_reg_reg[2],\u_aes_peripheral/key_reg_reg[2]/Q;\u_aes_peripheral/key_reg_reg[2]/QN,\u_aes_peripheral/key_reg [2]
u_aes_peripheral/key_reg_reg[30],\u_aes_peripheral/key_reg_reg[30]/Q;\u_aes_peripheral/key_reg_reg[30]/QN,\u_aes_peripheral/key_reg [30]
u_aes_peripheral/key_reg_reg[31],\u_aes_peripheral/key_reg_reg[31]/Q;\u_aes_peripheral/key_reg_reg[31]/QN,\u_aes_peripheral/key_reg [31]
u_aes_peripheral/key_reg_reg[32],\u_aes_peripheral/key_reg_reg[32]/Q;\u_aes_peripheral/key_reg_reg[32]/QN,\u_aes_peripheral/key_reg [32]
u_aes_peripheral/key_reg_reg[33],\u_aes_peripheral/key_reg_reg[33]/Q;\u_aes_peripheral/key_reg_reg[33]/QN,\u_aes_peripheral/key_reg [33]
u_aes_peripheral/key_reg_reg[34],\u_aes_peripheral/key_reg_reg[34]/Q;\u_aes_peripheral/key_reg_reg[34]/QN,\u_aes_peripheral/key_reg [34]
u_aes_peripheral/key_reg_reg[35],\u_aes_peripheral/key_reg_reg[35]/Q;\u_aes_peripheral/key_reg_reg[35]/QN,\u_aes_peripheral/key_reg [35]
u_aes_peripheral/key_reg_reg[36],\u_aes_peripheral/key_reg_reg[36]/Q;\u_aes_peripheral/key_reg_reg[36]/QN,\u_aes_peripheral/key_reg [36]
u_aes_peripheral/key_reg_reg[37],\u_aes_peripheral/key_reg_reg[37]/Q;\u_aes_peripheral/key_reg_reg[37]/QN,\u_aes_peripheral/key_reg [37]
u_aes_peripheral/key_reg_reg[38],\u_aes_peripheral/key_reg_reg[38]/Q;\u_aes_peripheral/key_reg_reg[38]/QN,\u_aes_peripheral/key_reg [38]
u_aes_peripheral/key_reg_reg[39],\u_aes_peripheral/key_reg_reg[39]/Q;\u_aes_peripheral/key_reg_reg[39]/QN,\u_aes_peripheral/key_reg [39]
u_aes_peripheral/key_reg_reg[3],\u_aes_peripheral/key_reg_reg[3]/Q;\u_aes_peripheral/key_reg_reg[3]/QN,\u_aes_peripheral/key_reg [3]
u_aes_peripheral/key_reg_reg[40],\u_aes_peripheral/key_reg_reg[40]/Q;\u_aes_peripheral/key_reg_reg[40]/QN,\u_aes_peripheral/key_reg [40]
u_aes_peripheral/key_reg_reg[41],\u_aes_peripheral/key_reg_reg[41]/Q;\u_aes_peripheral/key_reg_reg[41]/QN,\u_aes_peripheral/key_reg [41]
u_aes_peripheral/key_reg_reg[42],\u_aes_peripheral/key_reg_reg[42]/Q;\u_aes_peripheral/key_reg_reg[42]/QN,\u_aes_peripheral/key_reg [42]
u_aes_peripheral/key_reg_reg[43],\u_aes_peripheral/key_reg_reg[43]/Q;\u_aes_peripheral/key_reg_reg[43]/QN,\u_aes_peripheral/key_reg [43]
u_aes_peripheral/key_reg_reg[44],\u_aes_peripheral/key_reg_reg[44]/Q;\u_aes_peripheral/key_reg_reg[44]/QN,\u_aes_peripheral/key_reg [44]
u_aes_peripheral/key_reg_reg[45],\u_aes_peripheral/key_reg_reg[45]/Q;\u_aes_peripheral/key_reg_reg[45]/QN,\u_aes_peripheral/key_reg [45]
u_aes_peripheral/key_reg_reg[46],\u_aes_peripheral/key_reg_reg[46]/Q;\u_aes_peripheral/key_reg_reg[46]/QN,\u_aes_peripheral/key_reg [46]
u_aes_peripheral/key_reg_reg[47],\u_aes_peripheral/key_reg_reg[47]/Q;\u_aes_peripheral/key_reg_reg[47]/QN,\u_aes_peripheral/key_reg [47]
u_aes_peripheral/key_reg_reg[48],\u_aes_peripheral/key_reg_reg[48]/Q;\u_aes_peripheral/key_reg_reg[48]/QN,\u_aes_peripheral/key_reg [48]
u_aes_peripheral/key_reg_reg[49],\u_aes_peripheral/key_reg_reg[49]/Q;\u_aes_peripheral/key_reg_reg[49]/QN,\u_aes_peripheral/key_reg [49]
u_aes_peripheral/key_reg_reg[4],\u_aes_peripheral/key_reg_reg[4]/Q;\u_aes_peripheral/key_reg_reg[4]/QN,\u_aes_peripheral/key_reg [4]
u_aes_peripheral/key_reg_reg[50],\u_aes_peripheral/key_reg_reg[50]/Q;\u_aes_peripheral/key_reg_reg[50]/QN,\u_aes_peripheral/key_reg [50]
u_aes_peripheral/key_reg_reg[51],\u_aes_peripheral/key_reg_reg[51]/Q;\u_aes_peripheral/key_reg_reg[51]/QN,\u_aes_peripheral/key_reg [51]
u_aes_peripheral/key_reg_reg[52],\u_aes_peripheral/key_reg_reg[52]/Q;\u_aes_peripheral/key_reg_reg[52]/QN,\u_aes_peripheral/key_reg [52]
u_aes_peripheral/key_reg_reg[53],\u_aes_peripheral/key_reg_reg[53]/Q;\u_aes_peripheral/key_reg_reg[53]/QN,\u_aes_peripheral/key_reg [53]
u_aes_peripheral/key_reg_reg[54],\u_aes_peripheral/key_reg_reg[54]/Q;\u_aes_peripheral/key_reg_reg[54]/QN,\u_aes_peripheral/key_reg [54]
u_aes_peripheral/key_reg_reg[55],\u_aes_peripheral/key_reg_reg[55]/Q;\u_aes_peripheral/key_reg_reg[55]/QN,\u_aes_peripheral/key_reg [55]
u_aes_peripheral/key_reg_reg[56],\u_aes_peripheral/key_reg_reg[56]/Q;\u_aes_peripheral/key_reg_reg[56]/QN,\u_aes_peripheral/key_reg [56]
u_aes_peripheral/key_reg_reg[57],\u_aes_peripheral/key_reg_reg[57]/Q;\u_aes_peripheral/key_reg_reg[57]/QN,\u_aes_peripheral/key_reg [57]
u_aes_peripheral/key_reg_reg[58],\u_aes_peripheral/key_reg_reg[58]/Q;\u_aes_peripheral/key_reg_reg[58]/QN,\u_aes_peripheral/key_reg [58]
u_aes_peripheral/key_reg_reg[59],\u_aes_peripheral/key_reg_reg[59]/Q;\u_aes_peripheral/key_reg_reg[59]/QN,\u_aes_peripheral/key_reg [59]
u_aes_peripheral/key_reg_reg[5],\u_aes_peripheral/key_reg_reg[5]/Q;\u_aes_peripheral/key_reg_reg[5]/QN,\u_aes_peripheral/key_reg [5]
u_aes_peripheral/key_reg_reg[60],\u_aes_peripheral/key_reg_reg[60]/Q;\u_aes_peripheral/key_reg_reg[60]/QN,\u_aes_peripheral/key_reg [60]
u_aes_peripheral/key_reg_reg[61],\u_aes_peripheral/key_reg_reg[61]/Q;\u_aes_peripheral/key_reg_reg[61]/QN,\u_aes_peripheral/key_reg [61]
u_aes_peripheral/key_reg_reg[62],\u_aes_peripheral/key_reg_reg[62]/Q;\u_aes_peripheral/key_reg_reg[62]/QN,\u_aes_peripheral/key_reg [62]
u_aes_peripheral/key_reg_reg[63],\u_aes_peripheral/key_reg_reg[63]/Q;\u_aes_peripheral/key_reg_reg[63]/QN,\u_aes_peripheral/key_reg [63]
u_aes_peripheral/key_reg_reg[64],\u_aes_peripheral/key_reg_reg[64]/Q;\u_aes_peripheral/key_reg_reg[64]/QN,\u_aes_peripheral/key_reg [64]
u_aes_peripheral/key_reg_reg[65],\u_aes_peripheral/key_reg_reg[65]/Q;\u_aes_peripheral/key_reg_reg[65]/QN,\u_aes_peripheral/key_reg [65]
u_aes_peripheral/key_reg_reg[66],\u_aes_peripheral/key_reg_reg[66]/Q;\u_aes_peripheral/key_reg_reg[66]/QN,\u_aes_peripheral/key_reg [66]
u_aes_peripheral/key_reg_reg[67],\u_aes_peripheral/key_reg_reg[67]/Q;\u_aes_peripheral/key_reg_reg[67]/QN,\u_aes_peripheral/key_reg [67]
u_aes_peripheral/key_reg_reg[68],\u_aes_peripheral/key_reg_reg[68]/Q;\u_aes_peripheral/key_reg_reg[68]/QN,\u_aes_peripheral/key_reg [68]
u_aes_peripheral/key_reg_reg[69],\u_aes_peripheral/key_reg_reg[69]/Q;\u_aes_peripheral/key_reg_reg[69]/QN,\u_aes_peripheral/key_reg [69]
u_aes_peripheral/key_reg_reg[6],\u_aes_peripheral/key_reg_reg[6]/Q;\u_aes_peripheral/key_reg_reg[6]/QN,\u_aes_peripheral/key_reg [6]
u_aes_peripheral/key_reg_reg[70],\u_aes_peripheral/key_reg_reg[70]/Q;\u_aes_peripheral/key_reg_reg[70]/QN,\u_aes_peripheral/key_reg [70]
u_aes_peripheral/key_reg_reg[71],\u_aes_peripheral/key_reg_reg[71]/Q;\u_aes_peripheral/key_reg_reg[71]/QN,\u_aes_peripheral/key_reg [71]
u_aes_peripheral/key_reg_reg[72],\u_aes_peripheral/key_reg_reg[72]/Q;\u_aes_peripheral/key_reg_reg[72]/QN,\u_aes_peripheral/key_reg [72]
u_aes_peripheral/key_reg_reg[73],\u_aes_peripheral/key_reg_reg[73]/Q;\u_aes_peripheral/key_reg_reg[73]/QN,\u_aes_peripheral/key_reg [73]
u_aes_peripheral/key_reg_reg[74],\u_aes_peripheral/key_reg_reg[74]/Q;\u_aes_peripheral/key_reg_reg[74]/QN,\u_aes_peripheral/key_reg [74]
u_aes_peripheral/key_reg_reg[75],\u_aes_peripheral/key_reg_reg[75]/Q;\u_aes_peripheral/key_reg_reg[75]/QN,\u_aes_peripheral/key_reg [75]
u_aes_peripheral/key_reg_reg[76],\u_aes_peripheral/key_reg_reg[76]/Q;\u_aes_peripheral/key_reg_reg[76]/QN,\u_aes_peripheral/key_reg [76]
u_aes_peripheral/key_reg_reg[77],\u_aes_peripheral/key_reg_reg[77]/Q;\u_aes_peripheral/key_reg_reg[77]/QN,\u_aes_peripheral/key_reg [77]
u_aes_peripheral/key_reg_reg[78],\u_aes_peripheral/key_reg_reg[78]/Q;\u_aes_peripheral/key_reg_reg[78]/QN,\u_aes_peripheral/key_reg [78]
u_aes_peripheral/key_reg_reg[79],\u_aes_peripheral/key_reg_reg[79]/Q;\u_aes_peripheral/key_reg_reg[79]/QN,\u_aes_peripheral/key_reg [79]
u_aes_peripheral/key_reg_reg[7],\u_aes_peripheral/key_reg_reg[7]/Q;\u_aes_peripheral/key_reg_reg[7]/QN,\u_aes_peripheral/key_reg [7]
u_aes_peripheral/key_reg_reg[80],\u_aes_peripheral/key_reg_reg[80]/Q;\u_aes_peripheral/key_reg_reg[80]/QN,\u_aes_peripheral/key_reg [80]
u_aes_peripheral/key_reg_reg[81],\u_aes_peripheral/key_reg_reg[81]/Q;\u_aes_peripheral/key_reg_reg[81]/QN,\u_aes_peripheral/key_reg [81]
u_aes_peripheral/key_reg_reg[82],\u_aes_peripheral/key_reg_reg[82]/Q;\u_aes_peripheral/key_reg_reg[82]/QN,\u_aes_peripheral/key_reg [82]
u_aes_peripheral/key_reg_reg[83],\u_aes_peripheral/key_reg_reg[83]/Q;\u_aes_peripheral/key_reg_reg[83]/QN,\u_aes_peripheral/key_reg [83]
u_aes_peripheral/key_reg_reg[84],\u_aes_peripheral/key_reg_reg[84]/Q;\u_aes_peripheral/key_reg_reg[84]/QN,\u_aes_peripheral/key_reg [84]
u_aes_peripheral/key_reg_reg[85],\u_aes_peripheral/key_reg_reg[85]/Q;\u_aes_peripheral/key_reg_reg[85]/QN,\u_aes_peripheral/key_reg [85]
u_aes_peripheral/key_reg_reg[86],\u_aes_peripheral/key_reg_reg[86]/Q;\u_aes_peripheral/key_reg_reg[86]/QN,\u_aes_peripheral/key_reg [86]
u_aes_peripheral/key_reg_reg[87],\u_aes_peripheral/key_reg_reg[87]/Q;\u_aes_peripheral/key_reg_reg[87]/QN,\u_aes_peripheral/key_reg [87]
u_aes_peripheral/key_reg_reg[88],\u_aes_peripheral/key_reg_reg[88]/Q;\u_aes_peripheral/key_reg_reg[88]/QN,\u_aes_peripheral/key_reg [88]
u_aes_peripheral/key_reg_reg[89],\u_aes_peripheral/key_reg_reg[89]/Q;\u_aes_peripheral/key_reg_reg[89]/QN,\u_aes_peripheral/key_reg [89]
u_aes_peripheral/key_reg_reg[8],\u_aes_peripheral/key_reg_reg[8]/Q;\u_aes_peripheral/key_reg_reg[8]/QN,\u_aes_peripheral/key_reg [8]
u_aes_peripheral/key_reg_reg[90],\u_aes_peripheral/key_reg_reg[90]/Q;\u_aes_peripheral/key_reg_reg[90]/QN,\u_aes_peripheral/key_reg [90]
u_aes_peripheral/key_reg_reg[91],\u_aes_peripheral/key_reg_reg[91]/Q;\u_aes_peripheral/key_reg_reg[91]/QN,\u_aes_peripheral/key_reg [91]
u_aes_peripheral/key_reg_reg[92],\u_aes_peripheral/key_reg_reg[92]/Q;\u_aes_peripheral/key_reg_reg[92]/QN,\u_aes_peripheral/key_reg [92]
u_aes_peripheral/key_reg_reg[93],\u_aes_peripheral/key_reg_reg[93]/Q;\u_aes_peripheral/key_reg_reg[93]/QN,\u_aes_peripheral/key_reg [93]
u_aes_peripheral/key_reg_reg[94],\u_aes_peripheral/key_reg_reg[94]/Q;\u_aes_peripheral/key_reg_reg[94]/QN,\u_aes_peripheral/key_reg [94]
u_aes_peripheral/key_reg_reg[95],\u_aes_peripheral/key_reg_reg[95]/Q;\u_aes_peripheral/key_reg_reg[95]/QN,\u_aes_peripheral/key_reg [95]
u_aes_peripheral/key_reg_reg[96],\u_aes_peripheral/key_reg_reg[96]/Q;\u_aes_peripheral/key_reg_reg[96]/QN,\u_aes_peripheral/key_reg [96]
u_aes_peripheral/key_reg_reg[97],\u_aes_peripheral/key_reg_reg[97]/Q;\u_aes_peripheral/key_reg_reg[97]/QN,\u_aes_peripheral/key_reg [97]
u_aes_peripheral/key_reg_reg[98],\u_aes_peripheral/key_reg_reg[98]/Q;\u_aes_peripheral/key_reg_reg[98]/QN,\u_aes_peripheral/key_reg [98]
u_aes_peripheral/key_reg_reg[99],\u_aes_peripheral/key_reg_reg[99]/Q;\u_aes_peripheral/key_reg_reg[99]/QN,\u_aes_peripheral/key_reg [99]
u_aes_peripheral/key_reg_reg[9],\u_aes_peripheral/key_reg_reg[9]/Q;\u_aes_peripheral/key_reg_reg[9]/QN,\u_aes_peripheral/key_reg [9]
u_aes_peripheral/plaintext_reg_reg[0],\u_aes_peripheral/plaintext_reg_reg[0]/Q;\u_aes_peripheral/plaintext_reg_reg[0]/QN,\u_aes_peripheral/plaintext_reg [0]
u_aes_peripheral/plaintext_reg_reg[100],\u_aes_peripheral/plaintext_reg_reg[100]/Q;\u_aes_peripheral/plaintext_reg_reg[100]/QN,\u_aes_peripheral/plaintext_reg [100]
u_aes_peripheral/plaintext_reg_reg[101],\u_aes_peripheral/plaintext_reg_reg[101]/Q;\u_aes_peripheral/plaintext_reg_reg[101]/QN,\u_aes_peripheral/plaintext_reg [101]
u_aes_peripheral/plaintext_reg_reg[102],\u_aes_peripheral/plaintext_reg_reg[102]/Q;\u_aes_peripheral/plaintext_reg_reg[102]/QN,\u_aes_peripheral/plaintext_reg [102]
u_aes_peripheral/plaintext_reg_reg[103],\u_aes_peripheral/plaintext_reg_reg[103]/Q;\u_aes_peripheral/plaintext_reg_reg[103]/QN,\u_aes_peripheral/plaintext_reg [103]
u_aes_peripheral/plaintext_reg_reg[104],\u_aes_peripheral/plaintext_reg_reg[104]/Q;\u_aes_peripheral/plaintext_reg_reg[104]/QN,\u_aes_peripheral/plaintext_reg [104]
u_aes_peripheral/plaintext_reg_reg[105],\u_aes_peripheral/plaintext_reg_reg[105]/Q;\u_aes_peripheral/plaintext_reg_reg[105]/QN,\u_aes_peripheral/plaintext_reg [105]
u_aes_peripheral/plaintext_reg_reg[106],\u_aes_peripheral/plaintext_reg_reg[106]/Q;\u_aes_peripheral/plaintext_reg_reg[106]/QN,\u_aes_peripheral/plaintext_reg [106]
u_aes_peripheral/plaintext_reg_reg[107],\u_aes_peripheral/plaintext_reg_reg[107]/Q;\u_aes_peripheral/plaintext_reg_reg[107]/QN,\u_aes_peripheral/plaintext_reg [107]
u_aes_peripheral/plaintext_reg_reg[108],\u_aes_peripheral/plaintext_reg_reg[108]/Q;\u_aes_peripheral/plaintext_reg_reg[108]/QN,\u_aes_peripheral/plaintext_reg [108]
u_aes_peripheral/plaintext_reg_reg[109],\u_aes_peripheral/plaintext_reg_reg[109]/Q;\u_aes_peripheral/plaintext_reg_reg[109]/QN,\u_aes_peripheral/plaintext_reg [109]
u_aes_peripheral/plaintext_reg_reg[10],\u_aes_peripheral/plaintext_reg_reg[10]/Q;\u_aes_peripheral/plaintext_reg_reg[10]/QN,\u_aes_peripheral/plaintext_reg [10]
u_aes_peripheral/plaintext_reg_reg[110],\u_aes_peripheral/plaintext_reg_reg[110]/Q;\u_aes_peripheral/plaintext_reg_reg[110]/QN,\u_aes_peripheral/plaintext_reg [110]
u_aes_peripheral/plaintext_reg_reg[111],\u_aes_peripheral/plaintext_reg_reg[111]/Q;\u_aes_peripheral/plaintext_reg_reg[111]/QN,\u_aes_peripheral/plaintext_reg [111]
u_aes_peripheral/plaintext_reg_reg[112],\u_aes_peripheral/plaintext_reg_reg[112]/Q;\u_aes_peripheral/plaintext_reg_reg[112]/QN,\u_aes_peripheral/plaintext_reg [112]
u_aes_peripheral/plaintext_reg_reg[113],\u_aes_peripheral/plaintext_reg_reg[113]/Q;\u_aes_peripheral/plaintext_reg_reg[113]/QN,\u_aes_peripheral/plaintext_reg [113]
u_aes_peripheral/plaintext_reg_reg[114],\u_aes_peripheral/plaintext_reg_reg[114]/Q;\u_aes_peripheral/plaintext_reg_reg[114]/QN,\u_aes_peripheral/plaintext_reg [114]
u_aes_peripheral/plaintext_reg_reg[115],\u_aes_peripheral/plaintext_reg_reg[115]/Q;\u_aes_peripheral/plaintext_reg_reg[115]/QN,\u_aes_peripheral/plaintext_reg [115]
u_aes_peripheral/plaintext_reg_reg[116],\u_aes_peripheral/plaintext_reg_reg[116]/Q;\u_aes_peripheral/plaintext_reg_reg[116]/QN,\u_aes_peripheral/plaintext_reg [116]
u_aes_peripheral/plaintext_reg_reg[117],\u_aes_peripheral/plaintext_reg_reg[117]/Q;\u_aes_peripheral/plaintext_reg_reg[117]/QN,\u_aes_peripheral/plaintext_reg [117]
u_aes_peripheral/plaintext_reg_reg[118],\u_aes_peripheral/plaintext_reg_reg[118]/Q;\u_aes_peripheral/plaintext_reg_reg[118]/QN,\u_aes_peripheral/plaintext_reg [118]
u_aes_peripheral/plaintext_reg_reg[119],\u_aes_peripheral/plaintext_reg_reg[119]/Q;\u_aes_peripheral/plaintext_reg_reg[119]/QN,\u_aes_peripheral/plaintext_reg [119]
u_aes_peripheral/plaintext_reg_reg[11],\u_aes_peripheral/plaintext_reg_reg[11]/Q;\u_aes_peripheral/plaintext_reg_reg[11]/QN,\u_aes_peripheral/plaintext_reg [11]
u_aes_peripheral/plaintext_reg_reg[120],\u_aes_peripheral/plaintext_reg_reg[120]/Q;\u_aes_peripheral/plaintext_reg_reg[120]/QN,\u_aes_peripheral/plaintext_reg [120]
u_aes_peripheral/plaintext_reg_reg[121],\u_aes_peripheral/plaintext_reg_reg[121]/Q;\u_aes_peripheral/plaintext_reg_reg[121]/QN,\u_aes_peripheral/plaintext_reg [121]
u_aes_peripheral/plaintext_reg_reg[122],\u_aes_peripheral/plaintext_reg_reg[122]/Q;\u_aes_peripheral/plaintext_reg_reg[122]/QN,\u_aes_peripheral/plaintext_reg [122]
u_aes_peripheral/plaintext_reg_reg[123],\u_aes_peripheral/plaintext_reg_reg[123]/Q;\u_aes_peripheral/plaintext_reg_reg[123]/QN,\u_aes_peripheral/plaintext_reg [123]
u_aes_peripheral/plaintext_reg_reg[124],\u_aes_peripheral/plaintext_reg_reg[124]/Q;\u_aes_peripheral/plaintext_reg_reg[124]/QN,\u_aes_peripheral/plaintext_reg [124]
u_aes_peripheral/plaintext_reg_reg[125],\u_aes_peripheral/plaintext_reg_reg[125]/Q;\u_aes_peripheral/plaintext_reg_reg[125]/QN,\u_aes_peripheral/plaintext_reg [125]
u_aes_peripheral/plaintext_reg_reg[126],\u_aes_peripheral/plaintext_reg_reg[126]/Q;\u_aes_peripheral/plaintext_reg_reg[126]/QN,\u_aes_peripheral/plaintext_reg [126]
u_aes_peripheral/plaintext_reg_reg[127],\u_aes_peripheral/plaintext_reg_reg[127]/Q;\u_aes_peripheral/plaintext_reg_reg[127]/QN,\u_aes_peripheral/plaintext_reg [127]
u_aes_peripheral/plaintext_reg_reg[12],\u_aes_peripheral/plaintext_reg_reg[12]/Q;\u_aes_peripheral/plaintext_reg_reg[12]/QN,\u_aes_peripheral/plaintext_reg [12]
u_aes_peripheral/plaintext_reg_reg[13],\u_aes_peripheral/plaintext_reg_reg[13]/Q;\u_aes_peripheral/plaintext_reg_reg[13]/QN,\u_aes_peripheral/plaintext_reg [13]
u_aes_peripheral/plaintext_reg_reg[14],\u_aes_peripheral/plaintext_reg_reg[14]/Q;\u_aes_peripheral/plaintext_reg_reg[14]/QN,\u_aes_peripheral/plaintext_reg [14]
u_aes_peripheral/plaintext_reg_reg[15],\u_aes_peripheral/plaintext_reg_reg[15]/Q;\u_aes_peripheral/plaintext_reg_reg[15]/QN,\u_aes_peripheral/plaintext_reg [15]
u_aes_peripheral/plaintext_reg_reg[16],\u_aes_peripheral/plaintext_reg_reg[16]/Q;\u_aes_peripheral/plaintext_reg_reg[16]/QN,\u_aes_peripheral/plaintext_reg [16]
u_aes_peripheral/plaintext_reg_reg[17],\u_aes_peripheral/plaintext_reg_reg[17]/Q;\u_aes_peripheral/plaintext_reg_reg[17]/QN,\u_aes_peripheral/plaintext_reg [17]
u_aes_peripheral/plaintext_reg_reg[18],\u_aes_peripheral/plaintext_reg_reg[18]/Q;\u_aes_peripheral/plaintext_reg_reg[18]/QN,\u_aes_peripheral/plaintext_reg [18]
u_aes_peripheral/plaintext_reg_reg[19],\u_aes_peripheral/plaintext_reg_reg[19]/Q;\u_aes_peripheral/plaintext_reg_reg[19]/QN,\u_aes_peripheral/plaintext_reg [19]
u_aes_peripheral/plaintext_reg_reg[1],\u_aes_peripheral/plaintext_reg_reg[1]/Q;\u_aes_peripheral/plaintext_reg_reg[1]/QN,\u_aes_peripheral/plaintext_reg [1]
u_aes_peripheral/plaintext_reg_reg[20],\u_aes_peripheral/plaintext_reg_reg[20]/Q;\u_aes_peripheral/plaintext_reg_reg[20]/QN,\u_aes_peripheral/plaintext_reg [20]
u_aes_peripheral/plaintext_reg_reg[21],\u_aes_peripheral/plaintext_reg_reg[21]/Q;\u_aes_peripheral/plaintext_reg_reg[21]/QN,\u_aes_peripheral/plaintext_reg [21]
u_aes_peripheral/plaintext_reg_reg[22],\u_aes_peripheral/plaintext_reg_reg[22]/Q;\u_aes_peripheral/plaintext_reg_reg[22]/QN,\u_aes_peripheral/plaintext_reg [22]
u_aes_peripheral/plaintext_reg_reg[23],\u_aes_peripheral/plaintext_reg_reg[23]/Q;\u_aes_peripheral/plaintext_reg_reg[23]/QN,\u_aes_peripheral/plaintext_reg [23]
u_aes_peripheral/plaintext_reg_reg[24],\u_aes_peripheral/plaintext_reg_reg[24]/Q;\u_aes_peripheral/plaintext_reg_reg[24]/QN,\u_aes_peripheral/plaintext_reg [24]
u_aes_peripheral/plaintext_reg_reg[25],\u_aes_peripheral/plaintext_reg_reg[25]/Q;\u_aes_peripheral/plaintext_reg_reg[25]/QN,\u_aes_peripheral/plaintext_reg [25]
u_aes_peripheral/plaintext_reg_reg[26],\u_aes_peripheral/plaintext_reg_reg[26]/Q;\u_aes_peripheral/plaintext_reg_reg[26]/QN,\u_aes_peripheral/plaintext_reg [26]
u_aes_peripheral/plaintext_reg_reg[27],\u_aes_peripheral/plaintext_reg_reg[27]/Q;\u_aes_peripheral/plaintext_reg_reg[27]/QN,\u_aes_peripheral/plaintext_reg [27]
u_aes_peripheral/plaintext_reg_reg[28],\u_aes_peripheral/plaintext_reg_reg[28]/Q;\u_aes_peripheral/plaintext_reg_reg[28]/QN,\u_aes_peripheral/plaintext_reg [28]
u_aes_peripheral/plaintext_reg_reg[29],\u_aes_peripheral/plaintext_reg_reg[29]/Q;\u_aes_peripheral/plaintext_reg_reg[29]/QN,\u_aes_peripheral/plaintext_reg [29]
u_aes_peripheral/plaintext_reg_reg[2],\u_aes_peripheral/plaintext_reg_reg[2]/Q;\u_aes_peripheral/plaintext_reg_reg[2]/QN,\u_aes_peripheral/plaintext_reg [2]
u_aes_peripheral/plaintext_reg_reg[30],\u_aes_peripheral/plaintext_reg_reg[30]/Q;\u_aes_peripheral/plaintext_reg_reg[30]/QN,\u_aes_peripheral/plaintext_reg [30]
u_aes_peripheral/plaintext_reg_reg[31],\u_aes_peripheral/plaintext_reg_reg[31]/Q;\u_aes_peripheral/plaintext_reg_reg[31]/QN,\u_aes_peripheral/plaintext_reg [31]
u_aes_peripheral/plaintext_reg_reg[32],\u_aes_peripheral/plaintext_reg_reg[32]/Q;\u_aes_peripheral/plaintext_reg_reg[32]/QN,\u_aes_peripheral/plaintext_reg [32]
u_aes_peripheral/plaintext_reg_reg[33],\u_aes_peripheral/plaintext_reg_reg[33]/Q;\u_aes_peripheral/plaintext_reg_reg[33]/QN,\u_aes_peripheral/plaintext_reg [33]
u_aes_peripheral/plaintext_reg_reg[34],\u_aes_peripheral/plaintext_reg_reg[34]/Q;\u_aes_peripheral/plaintext_reg_reg[34]/QN,\u_aes_peripheral/plaintext_reg [34]
u_aes_peripheral/plaintext_reg_reg[35],\u_aes_peripheral/plaintext_reg_reg[35]/Q;\u_aes_peripheral/plaintext_reg_reg[35]/QN,\u_aes_peripheral/plaintext_reg [35]
u_aes_peripheral/plaintext_reg_reg[36],\u_aes_peripheral/plaintext_reg_reg[36]/Q;\u_aes_peripheral/plaintext_reg_reg[36]/QN,\u_aes_peripheral/plaintext_reg [36]
u_aes_peripheral/plaintext_reg_reg[37],\u_aes_peripheral/plaintext_reg_reg[37]/Q;\u_aes_peripheral/plaintext_reg_reg[37]/QN,\u_aes_peripheral/plaintext_reg [37]
u_aes_peripheral/plaintext_reg_reg[38],\u_aes_peripheral/plaintext_reg_reg[38]/Q;\u_aes_peripheral/plaintext_reg_reg[38]/QN,\u_aes_peripheral/plaintext_reg [38]
u_aes_peripheral/plaintext_reg_reg[39],\u_aes_peripheral/plaintext_reg_reg[39]/Q;\u_aes_peripheral/plaintext_reg_reg[39]/QN,\u_aes_peripheral/plaintext_reg [39]
u_aes_peripheral/plaintext_reg_reg[3],\u_aes_peripheral/plaintext_reg_reg[3]/Q;\u_aes_peripheral/plaintext_reg_reg[3]/QN,\u_aes_peripheral/plaintext_reg [3]
u_aes_peripheral/plaintext_reg_reg[40],\u_aes_peripheral/plaintext_reg_reg[40]/Q;\u_aes_peripheral/plaintext_reg_reg[40]/QN,\u_aes_peripheral/plaintext_reg [40]
u_aes_peripheral/plaintext_reg_reg[41],\u_aes_peripheral/plaintext_reg_reg[41]/Q;\u_aes_peripheral/plaintext_reg_reg[41]/QN,\u_aes_peripheral/plaintext_reg [41]
u_aes_peripheral/plaintext_reg_reg[42],\u_aes_peripheral/plaintext_reg_reg[42]/Q;\u_aes_peripheral/plaintext_reg_reg[42]/QN,\u_aes_peripheral/plaintext_reg [42]
u_aes_peripheral/plaintext_reg_reg[43],\u_aes_peripheral/plaintext_reg_reg[43]/Q;\u_aes_peripheral/plaintext_reg_reg[43]/QN,\u_aes_peripheral/plaintext_reg [43]
u_aes_peripheral/plaintext_reg_reg[44],\u_aes_peripheral/plaintext_reg_reg[44]/Q;\u_aes_peripheral/plaintext_reg_reg[44]/QN,\u_aes_peripheral/plaintext_reg [44]
u_aes_peripheral/plaintext_reg_reg[45],\u_aes_peripheral/plaintext_reg_reg[45]/Q;\u_aes_peripheral/plaintext_reg_reg[45]/QN,\u_aes_peripheral/plaintext_reg [45]
u_aes_peripheral/plaintext_reg_reg[46],\u_aes_peripheral/plaintext_reg_reg[46]/Q;\u_aes_peripheral/plaintext_reg_reg[46]/QN,\u_aes_peripheral/plaintext_reg [46]
u_aes_peripheral/plaintext_reg_reg[47],\u_aes_peripheral/plaintext_reg_reg[47]/Q;\u_aes_peripheral/plaintext_reg_reg[47]/QN,\u_aes_peripheral/plaintext_reg [47]
u_aes_peripheral/plaintext_reg_reg[48],\u_aes_peripheral/plaintext_reg_reg[48]/Q;\u_aes_peripheral/plaintext_reg_reg[48]/QN,\u_aes_peripheral/plaintext_reg [48]
u_aes_peripheral/plaintext_reg_reg[49],\u_aes_peripheral/plaintext_reg_reg[49]/Q;\u_aes_peripheral/plaintext_reg_reg[49]/QN,\u_aes_peripheral/plaintext_reg [49]
u_aes_peripheral/plaintext_reg_reg[4],\u_aes_peripheral/plaintext_reg_reg[4]/Q;\u_aes_peripheral/plaintext_reg_reg[4]/QN,\u_aes_peripheral/plaintext_reg [4]
u_aes_peripheral/plaintext_reg_reg[50],\u_aes_peripheral/plaintext_reg_reg[50]/Q;\u_aes_peripheral/plaintext_reg_reg[50]/QN,\u_aes_peripheral/plaintext_reg [50]
u_aes_peripheral/plaintext_reg_reg[51],\u_aes_peripheral/plaintext_reg_reg[51]/Q;\u_aes_peripheral/plaintext_reg_reg[51]/QN,\u_aes_peripheral/plaintext_reg [51]
u_aes_peripheral/plaintext_reg_reg[52],\u_aes_peripheral/plaintext_reg_reg[52]/Q;\u_aes_peripheral/plaintext_reg_reg[52]/QN,\u_aes_peripheral/plaintext_reg [52]
u_aes_peripheral/plaintext_reg_reg[53],\u_aes_peripheral/plaintext_reg_reg[53]/Q;\u_aes_peripheral/plaintext_reg_reg[53]/QN,\u_aes_peripheral/plaintext_reg [53]
u_aes_peripheral/plaintext_reg_reg[54],\u_aes_peripheral/plaintext_reg_reg[54]/Q;\u_aes_peripheral/plaintext_reg_reg[54]/QN,\u_aes_peripheral/plaintext_reg [54]
u_aes_peripheral/plaintext_reg_reg[55],\u_aes_peripheral/plaintext_reg_reg[55]/Q;\u_aes_peripheral/plaintext_reg_reg[55]/QN,\u_aes_peripheral/plaintext_reg [55]
u_aes_peripheral/plaintext_reg_reg[56],\u_aes_peripheral/plaintext_reg_reg[56]/Q;\u_aes_peripheral/plaintext_reg_reg[56]/QN,\u_aes_peripheral/plaintext_reg [56]
u_aes_peripheral/plaintext_reg_reg[57],\u_aes_peripheral/plaintext_reg_reg[57]/Q;\u_aes_peripheral/plaintext_reg_reg[57]/QN,\u_aes_peripheral/plaintext_reg [57]
u_aes_peripheral/plaintext_reg_reg[58],\u_aes_peripheral/plaintext_reg_reg[58]/Q;\u_aes_peripheral/plaintext_reg_reg[58]/QN,\u_aes_peripheral/plaintext_reg [58]
u_aes_peripheral/plaintext_reg_reg[59],\u_aes_peripheral/plaintext_reg_reg[59]/Q;\u_aes_peripheral/plaintext_reg_reg[59]/QN,\u_aes_peripheral/plaintext_reg [59]
u_aes_peripheral/plaintext_reg_reg[5],\u_aes_peripheral/plaintext_reg_reg[5]/Q;\u_aes_peripheral/plaintext_reg_reg[5]/QN,\u_aes_peripheral/plaintext_reg [5]
u_aes_peripheral/plaintext_reg_reg[60],\u_aes_peripheral/plaintext_reg_reg[60]/Q;\u_aes_peripheral/plaintext_reg_reg[60]/QN,\u_aes_peripheral/plaintext_reg [60]
u_aes_peripheral/plaintext_reg_reg[61],\u_aes_peripheral/plaintext_reg_reg[61]/Q;\u_aes_peripheral/plaintext_reg_reg[61]/QN,\u_aes_peripheral/plaintext_reg [61]
u_aes_peripheral/plaintext_reg_reg[62],\u_aes_peripheral/plaintext_reg_reg[62]/Q;\u_aes_peripheral/plaintext_reg_reg[62]/QN,\u_aes_peripheral/plaintext_reg [62]
u_aes_peripheral/plaintext_reg_reg[63],\u_aes_peripheral/plaintext_reg_reg[63]/Q;\u_aes_peripheral/plaintext_reg_reg[63]/QN,\u_aes_peripheral/plaintext_reg [63]
u_aes_peripheral/plaintext_reg_reg[64],\u_aes_peripheral/plaintext_reg_reg[64]/Q;\u_aes_peripheral/plaintext_reg_reg[64]/QN,\u_aes_peripheral/plaintext_reg [64]
u_aes_peripheral/plaintext_reg_reg[65],\u_aes_peripheral/plaintext_reg_reg[65]/Q;\u_aes_peripheral/plaintext_reg_reg[65]/QN,\u_aes_peripheral/plaintext_reg [65]
u_aes_peripheral/plaintext_reg_reg[66],\u_aes_peripheral/plaintext_reg_reg[66]/Q;\u_aes_peripheral/plaintext_reg_reg[66]/QN,\u_aes_peripheral/plaintext_reg [66]
u_aes_peripheral/plaintext_reg_reg[67],\u_aes_peripheral/plaintext_reg_reg[67]/Q;\u_aes_peripheral/plaintext_reg_reg[67]/QN,\u_aes_peripheral/plaintext_reg [67]
u_aes_peripheral/plaintext_reg_reg[68],\u_aes_peripheral/plaintext_reg_reg[68]/Q;\u_aes_peripheral/plaintext_reg_reg[68]/QN,\u_aes_peripheral/plaintext_reg [68]
u_aes_peripheral/plaintext_reg_reg[69],\u_aes_peripheral/plaintext_reg_reg[69]/Q;\u_aes_peripheral/plaintext_reg_reg[69]/QN,\u_aes_peripheral/plaintext_reg [69]
u_aes_peripheral/plaintext_reg_reg[6],\u_aes_peripheral/plaintext_reg_reg[6]/Q;\u_aes_peripheral/plaintext_reg_reg[6]/QN,\u_aes_peripheral/plaintext_reg [6]
u_aes_peripheral/plaintext_reg_reg[70],\u_aes_peripheral/plaintext_reg_reg[70]/Q;\u_aes_peripheral/plaintext_reg_reg[70]/QN,\u_aes_peripheral/plaintext_reg [70]
u_aes_peripheral/plaintext_reg_reg[71],\u_aes_peripheral/plaintext_reg_reg[71]/Q;\u_aes_peripheral/plaintext_reg_reg[71]/QN,\u_aes_peripheral/plaintext_reg [71]
u_aes_peripheral/plaintext_reg_reg[72],\u_aes_peripheral/plaintext_reg_reg[72]/Q;\u_aes_peripheral/plaintext_reg_reg[72]/QN,\u_aes_peripheral/plaintext_reg [72]
u_aes_peripheral/plaintext_reg_reg[73],\u_aes_peripheral/plaintext_reg_reg[73]/Q;\u_aes_peripheral/plaintext_reg_reg[73]/QN,\u_aes_peripheral/plaintext_reg [73]
u_aes_peripheral/plaintext_reg_reg[74],\u_aes_peripheral/plaintext_reg_reg[74]/Q;\u_aes_peripheral/plaintext_reg_reg[74]/QN,\u_aes_peripheral/plaintext_reg [74]
u_aes_peripheral/plaintext_reg_reg[75],\u_aes_peripheral/plaintext_reg_reg[75]/Q;\u_aes_peripheral/plaintext_reg_reg[75]/QN,\u_aes_peripheral/plaintext_reg [75]
u_aes_peripheral/plaintext_reg_reg[76],\u_aes_peripheral/plaintext_reg_reg[76]/Q;\u_aes_peripheral/plaintext_reg_reg[76]/QN,\u_aes_peripheral/plaintext_reg [76]
u_aes_peripheral/plaintext_reg_reg[77],\u_aes_peripheral/plaintext_reg_reg[77]/Q;\u_aes_peripheral/plaintext_reg_reg[77]/QN,\u_aes_peripheral/plaintext_reg [77]
u_aes_peripheral/plaintext_reg_reg[78],\u_aes_peripheral/plaintext_reg_reg[78]/Q;\u_aes_peripheral/plaintext_reg_reg[78]/QN,\u_aes_peripheral/plaintext_reg [78]
u_aes_peripheral/plaintext_reg_reg[79],\u_aes_peripheral/plaintext_reg_reg[79]/Q;\u_aes_peripheral/plaintext_reg_reg[79]/QN,\u_aes_peripheral/plaintext_reg [79]
u_aes_peripheral/plaintext_reg_reg[7],\u_aes_peripheral/plaintext_reg_reg[7]/Q;\u_aes_peripheral/plaintext_reg_reg[7]/QN,\u_aes_peripheral/plaintext_reg [7]
u_aes_peripheral/plaintext_reg_reg[80],\u_aes_peripheral/plaintext_reg_reg[80]/Q;\u_aes_peripheral/plaintext_reg_reg[80]/QN,\u_aes_peripheral/plaintext_reg [80]
u_aes_peripheral/plaintext_reg_reg[81],\u_aes_peripheral/plaintext_reg_reg[81]/Q;\u_aes_peripheral/plaintext_reg_reg[81]/QN,\u_aes_peripheral/plaintext_reg [81]
u_aes_peripheral/plaintext_reg_reg[82],\u_aes_peripheral/plaintext_reg_reg[82]/Q;\u_aes_peripheral/plaintext_reg_reg[82]/QN,\u_aes_peripheral/plaintext_reg [82]
u_aes_peripheral/plaintext_reg_reg[83],\u_aes_peripheral/plaintext_reg_reg[83]/Q;\u_aes_peripheral/plaintext_reg_reg[83]/QN,\u_aes_peripheral/plaintext_reg [83]
u_aes_peripheral/plaintext_reg_reg[84],\u_aes_peripheral/plaintext_reg_reg[84]/Q;\u_aes_peripheral/plaintext_reg_reg[84]/QN,\u_aes_peripheral/plaintext_reg [84]
u_aes_peripheral/plaintext_reg_reg[85],\u_aes_peripheral/plaintext_reg_reg[85]/Q;\u_aes_peripheral/plaintext_reg_reg[85]/QN,\u_aes_peripheral/plaintext_reg [85]
u_aes_peripheral/plaintext_reg_reg[86],\u_aes_peripheral/plaintext_reg_reg[86]/Q;\u_aes_peripheral/plaintext_reg_reg[86]/QN,\u_aes_peripheral/plaintext_reg [86]
u_aes_peripheral/plaintext_reg_reg[87],\u_aes_peripheral/plaintext_reg_reg[87]/Q;\u_aes_peripheral/plaintext_reg_reg[87]/QN,\u_aes_peripheral/plaintext_reg [87]
u_aes_peripheral/plaintext_reg_reg[88],\u_aes_peripheral/plaintext_reg_reg[88]/Q;\u_aes_peripheral/plaintext_reg_reg[88]/QN,\u_aes_peripheral/plaintext_reg [88]
u_aes_peripheral/plaintext_reg_reg[89],\u_aes_peripheral/plaintext_reg_reg[89]/Q;\u_aes_peripheral/plaintext_reg_reg[89]/QN,\u_aes_peripheral/plaintext_reg [89]
u_aes_peripheral/plaintext_reg_reg[8],\u_aes_peripheral/plaintext_reg_reg[8]/Q;\u_aes_peripheral/plaintext_reg_reg[8]/QN,\u_aes_peripheral/plaintext_reg [8]
u_aes_peripheral/plaintext_reg_reg[90],\u_aes_peripheral/plaintext_reg_reg[90]/Q;\u_aes_peripheral/plaintext_reg_reg[90]/QN,\u_aes_peripheral/plaintext_reg [90]
u_aes_peripheral/plaintext_reg_reg[91],\u_aes_peripheral/plaintext_reg_reg[91]/Q;\u_aes_peripheral/plaintext_reg_reg[91]/QN,\u_aes_peripheral/plaintext_reg [91]
u_aes_peripheral/plaintext_reg_reg[92],\u_aes_peripheral/plaintext_reg_reg[92]/Q;\u_aes_peripheral/plaintext_reg_reg[92]/QN,\u_aes_peripheral/plaintext_reg [92]
u_aes_peripheral/plaintext_reg_reg[93],\u_aes_peripheral/plaintext_reg_reg[93]/Q;\u_aes_peripheral/plaintext_reg_reg[93]/QN,\u_aes_peripheral/plaintext_reg [93]
u_aes_peripheral/plaintext_reg_reg[94],\u_aes_peripheral/plaintext_reg_reg[94]/Q;\u_aes_peripheral/plaintext_reg_reg[94]/QN,\u_aes_peripheral/plaintext_reg [94]
u_aes_peripheral/plaintext_reg_reg[95],\u_aes_peripheral/plaintext_reg_reg[95]/Q;\u_aes_peripheral/plaintext_reg_reg[95]/QN,\u_aes_peripheral/plaintext_reg [95]
u_aes_peripheral/plaintext_reg_reg[96],\u_aes_peripheral/plaintext_reg_reg[96]/Q;\u_aes_peripheral/plaintext_reg_reg[96]/QN,\u_aes_peripheral/plaintext_reg [96]
u_aes_peripheral/plaintext_reg_reg[97],\u_aes_peripheral/plaintext_reg_reg[97]/Q;\u_aes_peripheral/plaintext_reg_reg[97]/QN,\u_aes_peripheral/plaintext_reg [97]
u_aes_peripheral/plaintext_reg_reg[98],\u_aes_peripheral/plaintext_reg_reg[98]/Q;\u_aes_peripheral/plaintext_reg_reg[98]/QN,\u_aes_peripheral/plaintext_reg [98]
u_aes_peripheral/plaintext_reg_reg[99],\u_aes_peripheral/plaintext_reg_reg[99]/Q;\u_aes_peripheral/plaintext_reg_reg[99]/QN,\u_aes_peripheral/plaintext_reg [99]
u_aes_peripheral/plaintext_reg_reg[9],\u_aes_peripheral/plaintext_reg_reg[9]/Q;\u_aes_peripheral/plaintext_reg_reg[9]/QN,\u_aes_peripheral/plaintext_reg [9]
u_aes_peripheral/u_aes_round1/IARK_REG_reg[0],\u_aes_peripheral/u_aes_round1/IARK_REG_reg[0]/Q;\u_aes_peripheral/u_aes_round1/IARK_REG_reg[0]/QN,\u_aes_peripheral/u_aes_round1/IARK_REG [0]
u_aes_peripheral/u_aes_round1/IARK_REG_reg[100],\u_aes_peripheral/u_aes_round1/IARK_REG_reg[100]/Q;\u_aes_peripheral/u_aes_round1/IARK_REG_reg[100]/QN,\u_aes_peripheral/u_aes_round1/IARK_REG [100]
u_aes_peripheral/u_aes_round1/IARK_REG_reg[101],\u_aes_peripheral/u_aes_round1/IARK_REG_reg[101]/Q;\u_aes_peripheral/u_aes_round1/IARK_REG_reg[101]/QN,\u_aes_peripheral/u_aes_round1/IARK_REG [101]
u_aes_peripheral/u_aes_round1/IARK_REG_reg[102],\u_aes_peripheral/u_aes_round1/IARK_REG_reg[102]/Q;\u_aes_peripheral/u_aes_round1/IARK_REG_reg[102]/QN,\u_aes_peripheral/u_aes_round1/IARK_REG [102]
u_aes_peripheral/u_aes_round1/IARK_REG_reg[103],\u_aes_peripheral/u_aes_round1/IARK_REG_reg[103]/Q;\u_aes_peripheral/u_aes_round1/IARK_REG_reg[103]/QN,\u_aes_peripheral/u_aes_round1/IARK_REG [103]
u_aes_peripheral/u_aes_round1/IARK_REG_reg[104],\u_aes_peripheral/u_aes_round1/IARK_REG_reg[104]/Q;\u_aes_peripheral/u_aes_round1/IARK_REG_reg[104]/QN,\u_aes_peripheral/u_aes_round1/IARK_REG [104]
u_aes_peripheral/u_aes_round1/IARK_REG_reg[105],\u_aes_peripheral/u_aes_round1/IARK_REG_reg[105]/Q;\u_aes_peripheral/u_aes_round1/IARK_REG_reg[105]/QN,\u_aes_peripheral/u_aes_round1/IARK_REG [105]
u_aes_peripheral/u_aes_round1/IARK_REG_reg[106],\u_aes_peripheral/u_aes_round1/IARK_REG_reg[106]/Q;\u_aes_peripheral/u_aes_round1/IARK_REG_reg[106]/QN,\u_aes_peripheral/u_aes_round1/IARK_REG [106]
u_aes_peripheral/u_aes_round1/IARK_REG_reg[107],\u_aes_peripheral/u_aes_round1/IARK_REG_reg[107]/Q;\u_aes_peripheral/u_aes_round1/IARK_REG_reg[107]/QN,\u_aes_peripheral/u_aes_round1/IARK_REG [107]
u_aes_peripheral/u_aes_round1/IARK_REG_reg[108],\u_aes_peripheral/u_aes_round1/IARK_REG_reg[108]/Q;\u_aes_peripheral/u_aes_round1/IARK_REG_reg[108]/QN,\u_aes_peripheral/u_aes_round1/IARK_REG [108]
u_aes_peripheral/u_aes_round1/IARK_REG_reg[109],\u_aes_peripheral/u_aes_round1/IARK_REG_reg[109]/Q;\u_aes_peripheral/u_aes_round1/IARK_REG_reg[109]/QN,\u_aes_peripheral/u_aes_round1/IARK_REG [109]
u_aes_peripheral/u_aes_round1/IARK_REG_reg[10],\u_aes_peripheral/u_aes_round1/IARK_REG_reg[10]/Q;\u_aes_peripheral/u_aes_round1/IARK_REG_reg[10]/QN,\u_aes_peripheral/u_aes_round1/IARK_REG [10]
u_aes_peripheral/u_aes_round1/IARK_REG_reg[110],\u_aes_peripheral/u_aes_round1/IARK_REG_reg[110]/Q;\u_aes_peripheral/u_aes_round1/IARK_REG_reg[110]/QN,\u_aes_peripheral/u_aes_round1/IARK_REG [110]
u_aes_peripheral/u_aes_round1/IARK_REG_reg[111],\u_aes_peripheral/u_aes_round1/IARK_REG_reg[111]/Q;\u_aes_peripheral/u_aes_round1/IARK_REG_reg[111]/QN,\u_aes_peripheral/u_aes_round1/IARK_REG [111]
u_aes_peripheral/u_aes_round1/IARK_REG_reg[112],\u_aes_peripheral/u_aes_round1/IARK_REG_reg[112]/Q;\u_aes_peripheral/u_aes_round1/IARK_REG_reg[112]/QN,\u_aes_peripheral/u_aes_round1/IARK_REG [112]
u_aes_peripheral/u_aes_round1/IARK_REG_reg[113],\u_aes_peripheral/u_aes_round1/IARK_REG_reg[113]/Q;\u_aes_peripheral/u_aes_round1/IARK_REG_reg[113]/QN,\u_aes_peripheral/u_aes_round1/IARK_REG [113]
u_aes_peripheral/u_aes_round1/IARK_REG_reg[114],\u_aes_peripheral/u_aes_round1/IARK_REG_reg[114]/Q;\u_aes_peripheral/u_aes_round1/IARK_REG_reg[114]/QN,\u_aes_peripheral/u_aes_round1/IARK_REG [114]
u_aes_peripheral/u_aes_round1/IARK_REG_reg[115],\u_aes_peripheral/u_aes_round1/IARK_REG_reg[115]/Q;\u_aes_peripheral/u_aes_round1/IARK_REG_reg[115]/QN,\u_aes_peripheral/u_aes_round1/IARK_REG [115]
u_aes_peripheral/u_aes_round1/IARK_REG_reg[116],\u_aes_peripheral/u_aes_round1/IARK_REG_reg[116]/Q;\u_aes_peripheral/u_aes_round1/IARK_REG_reg[116]/QN,\u_aes_peripheral/u_aes_round1/IARK_REG [116]
u_aes_peripheral/u_aes_round1/IARK_REG_reg[117],\u_aes_peripheral/u_aes_round1/IARK_REG_reg[117]/Q;\u_aes_peripheral/u_aes_round1/IARK_REG_reg[117]/QN,\u_aes_peripheral/u_aes_round1/IARK_REG [117]
u_aes_peripheral/u_aes_round1/IARK_REG_reg[118],\u_aes_peripheral/u_aes_round1/IARK_REG_reg[118]/Q;\u_aes_peripheral/u_aes_round1/IARK_REG_reg[118]/QN,\u_aes_peripheral/u_aes_round1/IARK_REG [118]
u_aes_peripheral/u_aes_round1/IARK_REG_reg[119],\u_aes_peripheral/u_aes_round1/IARK_REG_reg[119]/Q;\u_aes_peripheral/u_aes_round1/IARK_REG_reg[119]/QN,\u_aes_peripheral/u_aes_round1/IARK_REG [119]
u_aes_peripheral/u_aes_round1/IARK_REG_reg[11],\u_aes_peripheral/u_aes_round1/IARK_REG_reg[11]/Q;\u_aes_peripheral/u_aes_round1/IARK_REG_reg[11]/QN,\u_aes_peripheral/u_aes_round1/IARK_REG [11]
u_aes_peripheral/u_aes_round1/IARK_REG_reg[120],\u_aes_peripheral/u_aes_round1/IARK_REG_reg[120]/Q;\u_aes_peripheral/u_aes_round1/IARK_REG_reg[120]/QN,\u_aes_peripheral/u_aes_round1/IARK_REG [120]
u_aes_peripheral/u_aes_round1/IARK_REG_reg[121],\u_aes_peripheral/u_aes_round1/IARK_REG_reg[121]/Q;\u_aes_peripheral/u_aes_round1/IARK_REG_reg[121]/QN,\u_aes_peripheral/u_aes_round1/IARK_REG [121]
u_aes_peripheral/u_aes_round1/IARK_REG_reg[122],\u_aes_peripheral/u_aes_round1/IARK_REG_reg[122]/Q;\u_aes_peripheral/u_aes_round1/IARK_REG_reg[122]/QN,\u_aes_peripheral/u_aes_round1/IARK_REG [122]
u_aes_peripheral/u_aes_round1/IARK_REG_reg[123],\u_aes_peripheral/u_aes_round1/IARK_REG_reg[123]/Q;\u_aes_peripheral/u_aes_round1/IARK_REG_reg[123]/QN,\u_aes_peripheral/u_aes_round1/IARK_REG [123]
u_aes_peripheral/u_aes_round1/IARK_REG_reg[124],\u_aes_peripheral/u_aes_round1/IARK_REG_reg[124]/Q;\u_aes_peripheral/u_aes_round1/IARK_REG_reg[124]/QN,\u_aes_peripheral/u_aes_round1/IARK_REG [124]
u_aes_peripheral/u_aes_round1/IARK_REG_reg[125],\u_aes_peripheral/u_aes_round1/IARK_REG_reg[125]/Q;\u_aes_peripheral/u_aes_round1/IARK_REG_reg[125]/QN,\u_aes_peripheral/u_aes_round1/IARK_REG [125]
u_aes_peripheral/u_aes_round1/IARK_REG_reg[126],\u_aes_peripheral/u_aes_round1/IARK_REG_reg[126]/Q;\u_aes_peripheral/u_aes_round1/IARK_REG_reg[126]/QN,\u_aes_peripheral/u_aes_round1/IARK_REG [126]
u_aes_peripheral/u_aes_round1/IARK_REG_reg[127],\u_aes_peripheral/u_aes_round1/IARK_REG_reg[127]/Q;\u_aes_peripheral/u_aes_round1/IARK_REG_reg[127]/QN,\u_aes_peripheral/u_aes_round1/IARK_REG [127]
u_aes_peripheral/u_aes_round1/IARK_REG_reg[12],\u_aes_peripheral/u_aes_round1/IARK_REG_reg[12]/Q;\u_aes_peripheral/u_aes_round1/IARK_REG_reg[12]/QN,\u_aes_peripheral/u_aes_round1/IARK_REG [12]
u_aes_peripheral/u_aes_round1/IARK_REG_reg[13],\u_aes_peripheral/u_aes_round1/IARK_REG_reg[13]/Q;\u_aes_peripheral/u_aes_round1/IARK_REG_reg[13]/QN,\u_aes_peripheral/u_aes_round1/IARK_REG [13]
u_aes_peripheral/u_aes_round1/IARK_REG_reg[14],\u_aes_peripheral/u_aes_round1/IARK_REG_reg[14]/Q;\u_aes_peripheral/u_aes_round1/IARK_REG_reg[14]/QN,\u_aes_peripheral/u_aes_round1/IARK_REG [14]
u_aes_peripheral/u_aes_round1/IARK_REG_reg[15],\u_aes_peripheral/u_aes_round1/IARK_REG_reg[15]/Q;\u_aes_peripheral/u_aes_round1/IARK_REG_reg[15]/QN,\u_aes_peripheral/u_aes_round1/IARK_REG [15]
u_aes_peripheral/u_aes_round1/IARK_REG_reg[16],\u_aes_peripheral/u_aes_round1/IARK_REG_reg[16]/Q;\u_aes_peripheral/u_aes_round1/IARK_REG_reg[16]/QN,\u_aes_peripheral/u_aes_round1/IARK_REG [16]
u_aes_peripheral/u_aes_round1/IARK_REG_reg[17],\u_aes_peripheral/u_aes_round1/IARK_REG_reg[17]/Q;\u_aes_peripheral/u_aes_round1/IARK_REG_reg[17]/QN,\u_aes_peripheral/u_aes_round1/IARK_REG [17]
u_aes_peripheral/u_aes_round1/IARK_REG_reg[18],\u_aes_peripheral/u_aes_round1/IARK_REG_reg[18]/Q;\u_aes_peripheral/u_aes_round1/IARK_REG_reg[18]/QN,\u_aes_peripheral/u_aes_round1/IARK_REG [18]
u_aes_peripheral/u_aes_round1/IARK_REG_reg[19],\u_aes_peripheral/u_aes_round1/IARK_REG_reg[19]/Q;\u_aes_peripheral/u_aes_round1/IARK_REG_reg[19]/QN,\u_aes_peripheral/u_aes_round1/IARK_REG [19]
u_aes_peripheral/u_aes_round1/IARK_REG_reg[1],\u_aes_peripheral/u_aes_round1/IARK_REG_reg[1]/Q;\u_aes_peripheral/u_aes_round1/IARK_REG_reg[1]/QN,\u_aes_peripheral/u_aes_round1/IARK_REG [1]
u_aes_peripheral/u_aes_round1/IARK_REG_reg[20],\u_aes_peripheral/u_aes_round1/IARK_REG_reg[20]/Q;\u_aes_peripheral/u_aes_round1/IARK_REG_reg[20]/QN,\u_aes_peripheral/u_aes_round1/IARK_REG [20]
u_aes_peripheral/u_aes_round1/IARK_REG_reg[21],\u_aes_peripheral/u_aes_round1/IARK_REG_reg[21]/Q;\u_aes_peripheral/u_aes_round1/IARK_REG_reg[21]/QN,\u_aes_peripheral/u_aes_round1/IARK_REG [21]
u_aes_peripheral/u_aes_round1/IARK_REG_reg[22],\u_aes_peripheral/u_aes_round1/IARK_REG_reg[22]/Q;\u_aes_peripheral/u_aes_round1/IARK_REG_reg[22]/QN,\u_aes_peripheral/u_aes_round1/IARK_REG [22]
u_aes_peripheral/u_aes_round1/IARK_REG_reg[23],\u_aes_peripheral/u_aes_round1/IARK_REG_reg[23]/Q;\u_aes_peripheral/u_aes_round1/IARK_REG_reg[23]/QN,\u_aes_peripheral/u_aes_round1/IARK_REG [23]
u_aes_peripheral/u_aes_round1/IARK_REG_reg[24],\u_aes_peripheral/u_aes_round1/IARK_REG_reg[24]/Q;\u_aes_peripheral/u_aes_round1/IARK_REG_reg[24]/QN,\u_aes_peripheral/u_aes_round1/IARK_REG [24]
u_aes_peripheral/u_aes_round1/IARK_REG_reg[25],\u_aes_peripheral/u_aes_round1/IARK_REG_reg[25]/Q;\u_aes_peripheral/u_aes_round1/IARK_REG_reg[25]/QN,\u_aes_peripheral/u_aes_round1/IARK_REG [25]
u_aes_peripheral/u_aes_round1/IARK_REG_reg[26],\u_aes_peripheral/u_aes_round1/IARK_REG_reg[26]/Q;\u_aes_peripheral/u_aes_round1/IARK_REG_reg[26]/QN,\u_aes_peripheral/u_aes_round1/IARK_REG [26]
u_aes_peripheral/u_aes_round1/IARK_REG_reg[27],\u_aes_peripheral/u_aes_round1/IARK_REG_reg[27]/Q;\u_aes_peripheral/u_aes_round1/IARK_REG_reg[27]/QN,\u_aes_peripheral/u_aes_round1/IARK_REG [27]
u_aes_peripheral/u_aes_round1/IARK_REG_reg[28],\u_aes_peripheral/u_aes_round1/IARK_REG_reg[28]/Q;\u_aes_peripheral/u_aes_round1/IARK_REG_reg[28]/QN,\u_aes_peripheral/u_aes_round1/IARK_REG [28]
u_aes_peripheral/u_aes_round1/IARK_REG_reg[29],\u_aes_peripheral/u_aes_round1/IARK_REG_reg[29]/Q;\u_aes_peripheral/u_aes_round1/IARK_REG_reg[29]/QN,\u_aes_peripheral/u_aes_round1/IARK_REG [29]
u_aes_peripheral/u_aes_round1/IARK_REG_reg[2],\u_aes_peripheral/u_aes_round1/IARK_REG_reg[2]/Q;\u_aes_peripheral/u_aes_round1/IARK_REG_reg[2]/QN,\u_aes_peripheral/u_aes_round1/IARK_REG [2]
u_aes_peripheral/u_aes_round1/IARK_REG_reg[30],\u_aes_peripheral/u_aes_round1/IARK_REG_reg[30]/Q;\u_aes_peripheral/u_aes_round1/IARK_REG_reg[30]/QN,\u_aes_peripheral/u_aes_round1/IARK_REG [30]
u_aes_peripheral/u_aes_round1/IARK_REG_reg[31],\u_aes_peripheral/u_aes_round1/IARK_REG_reg[31]/Q;\u_aes_peripheral/u_aes_round1/IARK_REG_reg[31]/QN,\u_aes_peripheral/u_aes_round1/IARK_REG [31]
u_aes_peripheral/u_aes_round1/IARK_REG_reg[32],\u_aes_peripheral/u_aes_round1/IARK_REG_reg[32]/Q;\u_aes_peripheral/u_aes_round1/IARK_REG_reg[32]/QN,\u_aes_peripheral/u_aes_round1/IARK_REG [32]
u_aes_peripheral/u_aes_round1/IARK_REG_reg[33],\u_aes_peripheral/u_aes_round1/IARK_REG_reg[33]/Q;\u_aes_peripheral/u_aes_round1/IARK_REG_reg[33]/QN,\u_aes_peripheral/u_aes_round1/IARK_REG [33]
u_aes_peripheral/u_aes_round1/IARK_REG_reg[34],\u_aes_peripheral/u_aes_round1/IARK_REG_reg[34]/Q;\u_aes_peripheral/u_aes_round1/IARK_REG_reg[34]/QN,\u_aes_peripheral/u_aes_round1/IARK_REG [34]
u_aes_peripheral/u_aes_round1/IARK_REG_reg[35],\u_aes_peripheral/u_aes_round1/IARK_REG_reg[35]/Q;\u_aes_peripheral/u_aes_round1/IARK_REG_reg[35]/QN,\u_aes_peripheral/u_aes_round1/IARK_REG [35]
u_aes_peripheral/u_aes_round1/IARK_REG_reg[36],\u_aes_peripheral/u_aes_round1/IARK_REG_reg[36]/Q;\u_aes_peripheral/u_aes_round1/IARK_REG_reg[36]/QN,\u_aes_peripheral/u_aes_round1/IARK_REG [36]
u_aes_peripheral/u_aes_round1/IARK_REG_reg[37],\u_aes_peripheral/u_aes_round1/IARK_REG_reg[37]/Q;\u_aes_peripheral/u_aes_round1/IARK_REG_reg[37]/QN,\u_aes_peripheral/u_aes_round1/IARK_REG [37]
u_aes_peripheral/u_aes_round1/IARK_REG_reg[38],\u_aes_peripheral/u_aes_round1/IARK_REG_reg[38]/Q;\u_aes_peripheral/u_aes_round1/IARK_REG_reg[38]/QN,\u_aes_peripheral/u_aes_round1/IARK_REG [38]
u_aes_peripheral/u_aes_round1/IARK_REG_reg[39],\u_aes_peripheral/u_aes_round1/IARK_REG_reg[39]/Q;\u_aes_peripheral/u_aes_round1/IARK_REG_reg[39]/QN,\u_aes_peripheral/u_aes_round1/IARK_REG [39]
u_aes_peripheral/u_aes_round1/IARK_REG_reg[3],\u_aes_peripheral/u_aes_round1/IARK_REG_reg[3]/Q;\u_aes_peripheral/u_aes_round1/IARK_REG_reg[3]/QN,\u_aes_peripheral/u_aes_round1/IARK_REG [3]
u_aes_peripheral/u_aes_round1/IARK_REG_reg[40],\u_aes_peripheral/u_aes_round1/IARK_REG_reg[40]/Q;\u_aes_peripheral/u_aes_round1/IARK_REG_reg[40]/QN,\u_aes_peripheral/u_aes_round1/IARK_REG [40]
u_aes_peripheral/u_aes_round1/IARK_REG_reg[41],\u_aes_peripheral/u_aes_round1/IARK_REG_reg[41]/Q;\u_aes_peripheral/u_aes_round1/IARK_REG_reg[41]/QN,\u_aes_peripheral/u_aes_round1/IARK_REG [41]
u_aes_peripheral/u_aes_round1/IARK_REG_reg[42],\u_aes_peripheral/u_aes_round1/IARK_REG_reg[42]/Q;\u_aes_peripheral/u_aes_round1/IARK_REG_reg[42]/QN,\u_aes_peripheral/u_aes_round1/IARK_REG [42]
u_aes_peripheral/u_aes_round1/IARK_REG_reg[43],\u_aes_peripheral/u_aes_round1/IARK_REG_reg[43]/Q;\u_aes_peripheral/u_aes_round1/IARK_REG_reg[43]/QN,\u_aes_peripheral/u_aes_round1/IARK_REG [43]
u_aes_peripheral/u_aes_round1/IARK_REG_reg[44],\u_aes_peripheral/u_aes_round1/IARK_REG_reg[44]/Q;\u_aes_peripheral/u_aes_round1/IARK_REG_reg[44]/QN,\u_aes_peripheral/u_aes_round1/IARK_REG [44]
u_aes_peripheral/u_aes_round1/IARK_REG_reg[45],\u_aes_peripheral/u_aes_round1/IARK_REG_reg[45]/Q;\u_aes_peripheral/u_aes_round1/IARK_REG_reg[45]/QN,\u_aes_peripheral/u_aes_round1/IARK_REG [45]
u_aes_peripheral/u_aes_round1/IARK_REG_reg[46],\u_aes_peripheral/u_aes_round1/IARK_REG_reg[46]/Q;\u_aes_peripheral/u_aes_round1/IARK_REG_reg[46]/QN,\u_aes_peripheral/u_aes_round1/IARK_REG [46]
u_aes_peripheral/u_aes_round1/IARK_REG_reg[47],\u_aes_peripheral/u_aes_round1/IARK_REG_reg[47]/Q;\u_aes_peripheral/u_aes_round1/IARK_REG_reg[47]/QN,\u_aes_peripheral/u_aes_round1/IARK_REG [47]
u_aes_peripheral/u_aes_round1/IARK_REG_reg[48],\u_aes_peripheral/u_aes_round1/IARK_REG_reg[48]/Q;\u_aes_peripheral/u_aes_round1/IARK_REG_reg[48]/QN,\u_aes_peripheral/u_aes_round1/IARK_REG [48]
u_aes_peripheral/u_aes_round1/IARK_REG_reg[49],\u_aes_peripheral/u_aes_round1/IARK_REG_reg[49]/Q;\u_aes_peripheral/u_aes_round1/IARK_REG_reg[49]/QN,\u_aes_peripheral/u_aes_round1/IARK_REG [49]
u_aes_peripheral/u_aes_round1/IARK_REG_reg[4],\u_aes_peripheral/u_aes_round1/IARK_REG_reg[4]/Q;\u_aes_peripheral/u_aes_round1/IARK_REG_reg[4]/QN,\u_aes_peripheral/u_aes_round1/IARK_REG [4]
u_aes_peripheral/u_aes_round1/IARK_REG_reg[50],\u_aes_peripheral/u_aes_round1/IARK_REG_reg[50]/Q;\u_aes_peripheral/u_aes_round1/IARK_REG_reg[50]/QN,\u_aes_peripheral/u_aes_round1/IARK_REG [50]
u_aes_peripheral/u_aes_round1/IARK_REG_reg[51],\u_aes_peripheral/u_aes_round1/IARK_REG_reg[51]/Q;\u_aes_peripheral/u_aes_round1/IARK_REG_reg[51]/QN,\u_aes_peripheral/u_aes_round1/IARK_REG [51]
u_aes_peripheral/u_aes_round1/IARK_REG_reg[52],\u_aes_peripheral/u_aes_round1/IARK_REG_reg[52]/Q;\u_aes_peripheral/u_aes_round1/IARK_REG_reg[52]/QN,\u_aes_peripheral/u_aes_round1/IARK_REG [52]
u_aes_peripheral/u_aes_round1/IARK_REG_reg[53],\u_aes_peripheral/u_aes_round1/IARK_REG_reg[53]/Q;\u_aes_peripheral/u_aes_round1/IARK_REG_reg[53]/QN,\u_aes_peripheral/u_aes_round1/IARK_REG [53]
u_aes_peripheral/u_aes_round1/IARK_REG_reg[54],\u_aes_peripheral/u_aes_round1/IARK_REG_reg[54]/Q;\u_aes_peripheral/u_aes_round1/IARK_REG_reg[54]/QN,\u_aes_peripheral/u_aes_round1/IARK_REG [54]
u_aes_peripheral/u_aes_round1/IARK_REG_reg[55],\u_aes_peripheral/u_aes_round1/IARK_REG_reg[55]/Q;\u_aes_peripheral/u_aes_round1/IARK_REG_reg[55]/QN,\u_aes_peripheral/u_aes_round1/IARK_REG [55]
u_aes_peripheral/u_aes_round1/IARK_REG_reg[56],\u_aes_peripheral/u_aes_round1/IARK_REG_reg[56]/Q;\u_aes_peripheral/u_aes_round1/IARK_REG_reg[56]/QN,\u_aes_peripheral/u_aes_round1/IARK_REG [56]
u_aes_peripheral/u_aes_round1/IARK_REG_reg[57],\u_aes_peripheral/u_aes_round1/IARK_REG_reg[57]/Q;\u_aes_peripheral/u_aes_round1/IARK_REG_reg[57]/QN,\u_aes_peripheral/u_aes_round1/IARK_REG [57]
u_aes_peripheral/u_aes_round1/IARK_REG_reg[58],\u_aes_peripheral/u_aes_round1/IARK_REG_reg[58]/Q;\u_aes_peripheral/u_aes_round1/IARK_REG_reg[58]/QN,\u_aes_peripheral/u_aes_round1/IARK_REG [58]
u_aes_peripheral/u_aes_round1/IARK_REG_reg[59],\u_aes_peripheral/u_aes_round1/IARK_REG_reg[59]/Q;\u_aes_peripheral/u_aes_round1/IARK_REG_reg[59]/QN,\u_aes_peripheral/u_aes_round1/IARK_REG [59]
u_aes_peripheral/u_aes_round1/IARK_REG_reg[5],\u_aes_peripheral/u_aes_round1/IARK_REG_reg[5]/Q;\u_aes_peripheral/u_aes_round1/IARK_REG_reg[5]/QN,\u_aes_peripheral/u_aes_round1/IARK_REG [5]
u_aes_peripheral/u_aes_round1/IARK_REG_reg[60],\u_aes_peripheral/u_aes_round1/IARK_REG_reg[60]/Q;\u_aes_peripheral/u_aes_round1/IARK_REG_reg[60]/QN,\u_aes_peripheral/u_aes_round1/IARK_REG [60]
u_aes_peripheral/u_aes_round1/IARK_REG_reg[61],\u_aes_peripheral/u_aes_round1/IARK_REG_reg[61]/Q;\u_aes_peripheral/u_aes_round1/IARK_REG_reg[61]/QN,\u_aes_peripheral/u_aes_round1/IARK_REG [61]
u_aes_peripheral/u_aes_round1/IARK_REG_reg[62],\u_aes_peripheral/u_aes_round1/IARK_REG_reg[62]/Q;\u_aes_peripheral/u_aes_round1/IARK_REG_reg[62]/QN,\u_aes_peripheral/u_aes_round1/IARK_REG [62]
u_aes_peripheral/u_aes_round1/IARK_REG_reg[63],\u_aes_peripheral/u_aes_round1/IARK_REG_reg[63]/Q;\u_aes_peripheral/u_aes_round1/IARK_REG_reg[63]/QN,\u_aes_peripheral/u_aes_round1/IARK_REG [63]
u_aes_peripheral/u_aes_round1/IARK_REG_reg[64],\u_aes_peripheral/u_aes_round1/IARK_REG_reg[64]/Q;\u_aes_peripheral/u_aes_round1/IARK_REG_reg[64]/QN,\u_aes_peripheral/u_aes_round1/IARK_REG [64]
u_aes_peripheral/u_aes_round1/IARK_REG_reg[65],\u_aes_peripheral/u_aes_round1/IARK_REG_reg[65]/Q;\u_aes_peripheral/u_aes_round1/IARK_REG_reg[65]/QN,\u_aes_peripheral/u_aes_round1/IARK_REG [65]
u_aes_peripheral/u_aes_round1/IARK_REG_reg[66],\u_aes_peripheral/u_aes_round1/IARK_REG_reg[66]/Q;\u_aes_peripheral/u_aes_round1/IARK_REG_reg[66]/QN,\u_aes_peripheral/u_aes_round1/IARK_REG [66]
u_aes_peripheral/u_aes_round1/IARK_REG_reg[67],\u_aes_peripheral/u_aes_round1/IARK_REG_reg[67]/Q;\u_aes_peripheral/u_aes_round1/IARK_REG_reg[67]/QN,\u_aes_peripheral/u_aes_round1/IARK_REG [67]
u_aes_peripheral/u_aes_round1/IARK_REG_reg[68],\u_aes_peripheral/u_aes_round1/IARK_REG_reg[68]/Q;\u_aes_peripheral/u_aes_round1/IARK_REG_reg[68]/QN,\u_aes_peripheral/u_aes_round1/IARK_REG [68]
u_aes_peripheral/u_aes_round1/IARK_REG_reg[69],\u_aes_peripheral/u_aes_round1/IARK_REG_reg[69]/Q;\u_aes_peripheral/u_aes_round1/IARK_REG_reg[69]/QN,\u_aes_peripheral/u_aes_round1/IARK_REG [69]
u_aes_peripheral/u_aes_round1/IARK_REG_reg[6],\u_aes_peripheral/u_aes_round1/IARK_REG_reg[6]/Q;\u_aes_peripheral/u_aes_round1/IARK_REG_reg[6]/QN,\u_aes_peripheral/u_aes_round1/IARK_REG [6]
u_aes_peripheral/u_aes_round1/IARK_REG_reg[70],\u_aes_peripheral/u_aes_round1/IARK_REG_reg[70]/Q;\u_aes_peripheral/u_aes_round1/IARK_REG_reg[70]/QN,\u_aes_peripheral/u_aes_round1/IARK_REG [70]
u_aes_peripheral/u_aes_round1/IARK_REG_reg[71],\u_aes_peripheral/u_aes_round1/IARK_REG_reg[71]/Q;\u_aes_peripheral/u_aes_round1/IARK_REG_reg[71]/QN,\u_aes_peripheral/u_aes_round1/IARK_REG [71]
u_aes_peripheral/u_aes_round1/IARK_REG_reg[72],\u_aes_peripheral/u_aes_round1/IARK_REG_reg[72]/Q;\u_aes_peripheral/u_aes_round1/IARK_REG_reg[72]/QN,\u_aes_peripheral/u_aes_round1/IARK_REG [72]
u_aes_peripheral/u_aes_round1/IARK_REG_reg[73],\u_aes_peripheral/u_aes_round1/IARK_REG_reg[73]/Q;\u_aes_peripheral/u_aes_round1/IARK_REG_reg[73]/QN,\u_aes_peripheral/u_aes_round1/IARK_REG [73]
u_aes_peripheral/u_aes_round1/IARK_REG_reg[74],\u_aes_peripheral/u_aes_round1/IARK_REG_reg[74]/Q;\u_aes_peripheral/u_aes_round1/IARK_REG_reg[74]/QN,\u_aes_peripheral/u_aes_round1/IARK_REG [74]
u_aes_peripheral/u_aes_round1/IARK_REG_reg[75],\u_aes_peripheral/u_aes_round1/IARK_REG_reg[75]/Q;\u_aes_peripheral/u_aes_round1/IARK_REG_reg[75]/QN,\u_aes_peripheral/u_aes_round1/IARK_REG [75]
u_aes_peripheral/u_aes_round1/IARK_REG_reg[76],\u_aes_peripheral/u_aes_round1/IARK_REG_reg[76]/Q;\u_aes_peripheral/u_aes_round1/IARK_REG_reg[76]/QN,\u_aes_peripheral/u_aes_round1/IARK_REG [76]
u_aes_peripheral/u_aes_round1/IARK_REG_reg[77],\u_aes_peripheral/u_aes_round1/IARK_REG_reg[77]/Q;\u_aes_peripheral/u_aes_round1/IARK_REG_reg[77]/QN,\u_aes_peripheral/u_aes_round1/IARK_REG [77]
u_aes_peripheral/u_aes_round1/IARK_REG_reg[78],\u_aes_peripheral/u_aes_round1/IARK_REG_reg[78]/Q;\u_aes_peripheral/u_aes_round1/IARK_REG_reg[78]/QN,\u_aes_peripheral/u_aes_round1/IARK_REG [78]
u_aes_peripheral/u_aes_round1/IARK_REG_reg[79],\u_aes_peripheral/u_aes_round1/IARK_REG_reg[79]/Q;\u_aes_peripheral/u_aes_round1/IARK_REG_reg[79]/QN,\u_aes_peripheral/u_aes_round1/IARK_REG [79]
u_aes_peripheral/u_aes_round1/IARK_REG_reg[7],\u_aes_peripheral/u_aes_round1/IARK_REG_reg[7]/Q;\u_aes_peripheral/u_aes_round1/IARK_REG_reg[7]/QN,\u_aes_peripheral/u_aes_round1/IARK_REG [7]
u_aes_peripheral/u_aes_round1/IARK_REG_reg[80],\u_aes_peripheral/u_aes_round1/IARK_REG_reg[80]/Q;\u_aes_peripheral/u_aes_round1/IARK_REG_reg[80]/QN,\u_aes_peripheral/u_aes_round1/IARK_REG [80]
u_aes_peripheral/u_aes_round1/IARK_REG_reg[81],\u_aes_peripheral/u_aes_round1/IARK_REG_reg[81]/Q;\u_aes_peripheral/u_aes_round1/IARK_REG_reg[81]/QN,\u_aes_peripheral/u_aes_round1/IARK_REG [81]
u_aes_peripheral/u_aes_round1/IARK_REG_reg[82],\u_aes_peripheral/u_aes_round1/IARK_REG_reg[82]/Q;\u_aes_peripheral/u_aes_round1/IARK_REG_reg[82]/QN,\u_aes_peripheral/u_aes_round1/IARK_REG [82]
u_aes_peripheral/u_aes_round1/IARK_REG_reg[83],\u_aes_peripheral/u_aes_round1/IARK_REG_reg[83]/Q;\u_aes_peripheral/u_aes_round1/IARK_REG_reg[83]/QN,\u_aes_peripheral/u_aes_round1/IARK_REG [83]
u_aes_peripheral/u_aes_round1/IARK_REG_reg[84],\u_aes_peripheral/u_aes_round1/IARK_REG_reg[84]/Q;\u_aes_peripheral/u_aes_round1/IARK_REG_reg[84]/QN,\u_aes_peripheral/u_aes_round1/IARK_REG [84]
u_aes_peripheral/u_aes_round1/IARK_REG_reg[85],\u_aes_peripheral/u_aes_round1/IARK_REG_reg[85]/Q;\u_aes_peripheral/u_aes_round1/IARK_REG_reg[85]/QN,\u_aes_peripheral/u_aes_round1/IARK_REG [85]
u_aes_peripheral/u_aes_round1/IARK_REG_reg[86],\u_aes_peripheral/u_aes_round1/IARK_REG_reg[86]/Q;\u_aes_peripheral/u_aes_round1/IARK_REG_reg[86]/QN,\u_aes_peripheral/u_aes_round1/IARK_REG [86]
u_aes_peripheral/u_aes_round1/IARK_REG_reg[87],\u_aes_peripheral/u_aes_round1/IARK_REG_reg[87]/Q;\u_aes_peripheral/u_aes_round1/IARK_REG_reg[87]/QN,\u_aes_peripheral/u_aes_round1/IARK_REG [87]
u_aes_peripheral/u_aes_round1/IARK_REG_reg[88],\u_aes_peripheral/u_aes_round1/IARK_REG_reg[88]/Q;\u_aes_peripheral/u_aes_round1/IARK_REG_reg[88]/QN,\u_aes_peripheral/u_aes_round1/IARK_REG [88]
u_aes_peripheral/u_aes_round1/IARK_REG_reg[89],\u_aes_peripheral/u_aes_round1/IARK_REG_reg[89]/Q;\u_aes_peripheral/u_aes_round1/IARK_REG_reg[89]/QN,\u_aes_peripheral/u_aes_round1/IARK_REG [89]
u_aes_peripheral/u_aes_round1/IARK_REG_reg[8],\u_aes_peripheral/u_aes_round1/IARK_REG_reg[8]/Q;\u_aes_peripheral/u_aes_round1/IARK_REG_reg[8]/QN,\u_aes_peripheral/u_aes_round1/IARK_REG [8]
u_aes_peripheral/u_aes_round1/IARK_REG_reg[90],\u_aes_peripheral/u_aes_round1/IARK_REG_reg[90]/Q;\u_aes_peripheral/u_aes_round1/IARK_REG_reg[90]/QN,\u_aes_peripheral/u_aes_round1/IARK_REG [90]
u_aes_peripheral/u_aes_round1/IARK_REG_reg[91],\u_aes_peripheral/u_aes_round1/IARK_REG_reg[91]/Q;\u_aes_peripheral/u_aes_round1/IARK_REG_reg[91]/QN,\u_aes_peripheral/u_aes_round1/IARK_REG [91]
u_aes_peripheral/u_aes_round1/IARK_REG_reg[92],\u_aes_peripheral/u_aes_round1/IARK_REG_reg[92]/Q;\u_aes_peripheral/u_aes_round1/IARK_REG_reg[92]/QN,\u_aes_peripheral/u_aes_round1/IARK_REG [92]
u_aes_peripheral/u_aes_round1/IARK_REG_reg[93],\u_aes_peripheral/u_aes_round1/IARK_REG_reg[93]/Q;\u_aes_peripheral/u_aes_round1/IARK_REG_reg[93]/QN,\u_aes_peripheral/u_aes_round1/IARK_REG [93]
u_aes_peripheral/u_aes_round1/IARK_REG_reg[94],\u_aes_peripheral/u_aes_round1/IARK_REG_reg[94]/Q;\u_aes_peripheral/u_aes_round1/IARK_REG_reg[94]/QN,\u_aes_peripheral/u_aes_round1/IARK_REG [94]
u_aes_peripheral/u_aes_round1/IARK_REG_reg[95],\u_aes_peripheral/u_aes_round1/IARK_REG_reg[95]/Q;\u_aes_peripheral/u_aes_round1/IARK_REG_reg[95]/QN,\u_aes_peripheral/u_aes_round1/IARK_REG [95]
u_aes_peripheral/u_aes_round1/IARK_REG_reg[96],\u_aes_peripheral/u_aes_round1/IARK_REG_reg[96]/Q;\u_aes_peripheral/u_aes_round1/IARK_REG_reg[96]/QN,\u_aes_peripheral/u_aes_round1/IARK_REG [96]
u_aes_peripheral/u_aes_round1/IARK_REG_reg[97],\u_aes_peripheral/u_aes_round1/IARK_REG_reg[97]/Q;\u_aes_peripheral/u_aes_round1/IARK_REG_reg[97]/QN,\u_aes_peripheral/u_aes_round1/IARK_REG [97]
u_aes_peripheral/u_aes_round1/IARK_REG_reg[98],\u_aes_peripheral/u_aes_round1/IARK_REG_reg[98]/Q;\u_aes_peripheral/u_aes_round1/IARK_REG_reg[98]/QN,\u_aes_peripheral/u_aes_round1/IARK_REG [98]
u_aes_peripheral/u_aes_round1/IARK_REG_reg[99],\u_aes_peripheral/u_aes_round1/IARK_REG_reg[99]/Q;\u_aes_peripheral/u_aes_round1/IARK_REG_reg[99]/QN,\u_aes_peripheral/u_aes_round1/IARK_REG [99]
u_aes_peripheral/u_aes_round1/IARK_REG_reg[9],\u_aes_peripheral/u_aes_round1/IARK_REG_reg[9]/Q;\u_aes_peripheral/u_aes_round1/IARK_REG_reg[9]/QN,\u_aes_peripheral/u_aes_round1/IARK_REG [9]
u_aes_peripheral/u_aes_round1/MC_REG_reg[0],\u_aes_peripheral/u_aes_round1/MC_REG_reg[0]/Q;\u_aes_peripheral/u_aes_round1/MC_REG_reg[0]/QN;aes_result_o[0],aes_result_o[0]
u_aes_peripheral/u_aes_round1/MC_REG_reg[100],\u_aes_peripheral/u_aes_round1/MC_REG_reg[100]/Q;\u_aes_peripheral/u_aes_round1/MC_REG_reg[100]/QN;aes_result_o[100],aes_result_o[100]
u_aes_peripheral/u_aes_round1/MC_REG_reg[101],\u_aes_peripheral/u_aes_round1/MC_REG_reg[101]/Q;\u_aes_peripheral/u_aes_round1/MC_REG_reg[101]/QN;aes_result_o[101],aes_result_o[101]
u_aes_peripheral/u_aes_round1/MC_REG_reg[102],\u_aes_peripheral/u_aes_round1/MC_REG_reg[102]/Q;\u_aes_peripheral/u_aes_round1/MC_REG_reg[102]/QN;aes_result_o[102],aes_result_o[102]
u_aes_peripheral/u_aes_round1/MC_REG_reg[103],\u_aes_peripheral/u_aes_round1/MC_REG_reg[103]/Q;\u_aes_peripheral/u_aes_round1/MC_REG_reg[103]/QN;aes_result_o[103],aes_result_o[103]
u_aes_peripheral/u_aes_round1/MC_REG_reg[104],\u_aes_peripheral/u_aes_round1/MC_REG_reg[104]/Q;\u_aes_peripheral/u_aes_round1/MC_REG_reg[104]/QN;aes_result_o[104],aes_result_o[104]
u_aes_peripheral/u_aes_round1/MC_REG_reg[105],\u_aes_peripheral/u_aes_round1/MC_REG_reg[105]/Q;\u_aes_peripheral/u_aes_round1/MC_REG_reg[105]/QN;aes_result_o[105],aes_result_o[105]
u_aes_peripheral/u_aes_round1/MC_REG_reg[106],\u_aes_peripheral/u_aes_round1/MC_REG_reg[106]/Q;\u_aes_peripheral/u_aes_round1/MC_REG_reg[106]/QN;aes_result_o[106],aes_result_o[106]
u_aes_peripheral/u_aes_round1/MC_REG_reg[107],\u_aes_peripheral/u_aes_round1/MC_REG_reg[107]/Q;\u_aes_peripheral/u_aes_round1/MC_REG_reg[107]/QN;aes_result_o[107],aes_result_o[107]
u_aes_peripheral/u_aes_round1/MC_REG_reg[108],\u_aes_peripheral/u_aes_round1/MC_REG_reg[108]/Q;\u_aes_peripheral/u_aes_round1/MC_REG_reg[108]/QN;aes_result_o[108],aes_result_o[108]
u_aes_peripheral/u_aes_round1/MC_REG_reg[109],\u_aes_peripheral/u_aes_round1/MC_REG_reg[109]/Q;\u_aes_peripheral/u_aes_round1/MC_REG_reg[109]/QN;aes_result_o[109],aes_result_o[109]
u_aes_peripheral/u_aes_round1/MC_REG_reg[10],\u_aes_peripheral/u_aes_round1/MC_REG_reg[10]/Q;\u_aes_peripheral/u_aes_round1/MC_REG_reg[10]/QN;aes_result_o[10],aes_result_o[10]
u_aes_peripheral/u_aes_round1/MC_REG_reg[110],\u_aes_peripheral/u_aes_round1/MC_REG_reg[110]/Q;\u_aes_peripheral/u_aes_round1/MC_REG_reg[110]/QN;aes_result_o[110],aes_result_o[110]
u_aes_peripheral/u_aes_round1/MC_REG_reg[111],\u_aes_peripheral/u_aes_round1/MC_REG_reg[111]/Q;\u_aes_peripheral/u_aes_round1/MC_REG_reg[111]/QN;aes_result_o[111],aes_result_o[111]
u_aes_peripheral/u_aes_round1/MC_REG_reg[112],\u_aes_peripheral/u_aes_round1/MC_REG_reg[112]/Q;\u_aes_peripheral/u_aes_round1/MC_REG_reg[112]/QN;aes_result_o[112],aes_result_o[112]
u_aes_peripheral/u_aes_round1/MC_REG_reg[113],\u_aes_peripheral/u_aes_round1/MC_REG_reg[113]/Q;\u_aes_peripheral/u_aes_round1/MC_REG_reg[113]/QN;aes_result_o[113],aes_result_o[113]
u_aes_peripheral/u_aes_round1/MC_REG_reg[114],\u_aes_peripheral/u_aes_round1/MC_REG_reg[114]/Q;\u_aes_peripheral/u_aes_round1/MC_REG_reg[114]/QN;aes_result_o[114],aes_result_o[114]
u_aes_peripheral/u_aes_round1/MC_REG_reg[115],\u_aes_peripheral/u_aes_round1/MC_REG_reg[115]/Q;\u_aes_peripheral/u_aes_round1/MC_REG_reg[115]/QN;aes_result_o[115],aes_result_o[115]
u_aes_peripheral/u_aes_round1/MC_REG_reg[116],\u_aes_peripheral/u_aes_round1/MC_REG_reg[116]/Q;\u_aes_peripheral/u_aes_round1/MC_REG_reg[116]/QN;aes_result_o[116],aes_result_o[116]
u_aes_peripheral/u_aes_round1/MC_REG_reg[117],\u_aes_peripheral/u_aes_round1/MC_REG_reg[117]/Q;\u_aes_peripheral/u_aes_round1/MC_REG_reg[117]/QN;aes_result_o[117],aes_result_o[117]
u_aes_peripheral/u_aes_round1/MC_REG_reg[118],\u_aes_peripheral/u_aes_round1/MC_REG_reg[118]/Q;\u_aes_peripheral/u_aes_round1/MC_REG_reg[118]/QN;aes_result_o[118],aes_result_o[118]
u_aes_peripheral/u_aes_round1/MC_REG_reg[119],\u_aes_peripheral/u_aes_round1/MC_REG_reg[119]/Q;\u_aes_peripheral/u_aes_round1/MC_REG_reg[119]/QN;aes_result_o[119],aes_result_o[119]
u_aes_peripheral/u_aes_round1/MC_REG_reg[11],\u_aes_peripheral/u_aes_round1/MC_REG_reg[11]/Q;\u_aes_peripheral/u_aes_round1/MC_REG_reg[11]/QN;aes_result_o[11],aes_result_o[11]
u_aes_peripheral/u_aes_round1/MC_REG_reg[120],\u_aes_peripheral/u_aes_round1/MC_REG_reg[120]/Q;\u_aes_peripheral/u_aes_round1/MC_REG_reg[120]/QN;aes_result_o[120],aes_result_o[120]
u_aes_peripheral/u_aes_round1/MC_REG_reg[121],\u_aes_peripheral/u_aes_round1/MC_REG_reg[121]/Q;\u_aes_peripheral/u_aes_round1/MC_REG_reg[121]/QN;aes_result_o[121],aes_result_o[121]
u_aes_peripheral/u_aes_round1/MC_REG_reg[122],\u_aes_peripheral/u_aes_round1/MC_REG_reg[122]/Q;\u_aes_peripheral/u_aes_round1/MC_REG_reg[122]/QN;aes_result_o[122],aes_result_o[122]
u_aes_peripheral/u_aes_round1/MC_REG_reg[123],\u_aes_peripheral/u_aes_round1/MC_REG_reg[123]/Q;\u_aes_peripheral/u_aes_round1/MC_REG_reg[123]/QN;aes_result_o[123],aes_result_o[123]
u_aes_peripheral/u_aes_round1/MC_REG_reg[124],\u_aes_peripheral/u_aes_round1/MC_REG_reg[124]/Q;\u_aes_peripheral/u_aes_round1/MC_REG_reg[124]/QN;aes_result_o[124],aes_result_o[124]
u_aes_peripheral/u_aes_round1/MC_REG_reg[125],\u_aes_peripheral/u_aes_round1/MC_REG_reg[125]/Q;\u_aes_peripheral/u_aes_round1/MC_REG_reg[125]/QN;aes_result_o[125],aes_result_o[125]
u_aes_peripheral/u_aes_round1/MC_REG_reg[126],\u_aes_peripheral/u_aes_round1/MC_REG_reg[126]/Q;\u_aes_peripheral/u_aes_round1/MC_REG_reg[126]/QN;aes_result_o[126],aes_result_o[126]
u_aes_peripheral/u_aes_round1/MC_REG_reg[127],\u_aes_peripheral/u_aes_round1/MC_REG_reg[127]/Q;\u_aes_peripheral/u_aes_round1/MC_REG_reg[127]/QN;aes_result_o[127],aes_result_o[127]
u_aes_peripheral/u_aes_round1/MC_REG_reg[12],\u_aes_peripheral/u_aes_round1/MC_REG_reg[12]/Q;\u_aes_peripheral/u_aes_round1/MC_REG_reg[12]/QN;aes_result_o[12],aes_result_o[12]
u_aes_peripheral/u_aes_round1/MC_REG_reg[13],\u_aes_peripheral/u_aes_round1/MC_REG_reg[13]/Q;\u_aes_peripheral/u_aes_round1/MC_REG_reg[13]/QN;aes_result_o[13],aes_result_o[13]
u_aes_peripheral/u_aes_round1/MC_REG_reg[14],\u_aes_peripheral/u_aes_round1/MC_REG_reg[14]/Q;\u_aes_peripheral/u_aes_round1/MC_REG_reg[14]/QN;aes_result_o[14],aes_result_o[14]
u_aes_peripheral/u_aes_round1/MC_REG_reg[15],\u_aes_peripheral/u_aes_round1/MC_REG_reg[15]/Q;\u_aes_peripheral/u_aes_round1/MC_REG_reg[15]/QN;aes_result_o[15],aes_result_o[15]
u_aes_peripheral/u_aes_round1/MC_REG_reg[16],\u_aes_peripheral/u_aes_round1/MC_REG_reg[16]/Q;\u_aes_peripheral/u_aes_round1/MC_REG_reg[16]/QN;aes_result_o[16],aes_result_o[16]
u_aes_peripheral/u_aes_round1/MC_REG_reg[17],\u_aes_peripheral/u_aes_round1/MC_REG_reg[17]/Q;\u_aes_peripheral/u_aes_round1/MC_REG_reg[17]/QN;aes_result_o[17],aes_result_o[17]
u_aes_peripheral/u_aes_round1/MC_REG_reg[18],\u_aes_peripheral/u_aes_round1/MC_REG_reg[18]/Q;\u_aes_peripheral/u_aes_round1/MC_REG_reg[18]/QN;aes_result_o[18],aes_result_o[18]
u_aes_peripheral/u_aes_round1/MC_REG_reg[19],\u_aes_peripheral/u_aes_round1/MC_REG_reg[19]/Q;\u_aes_peripheral/u_aes_round1/MC_REG_reg[19]/QN;aes_result_o[19],aes_result_o[19]
u_aes_peripheral/u_aes_round1/MC_REG_reg[1],\u_aes_peripheral/u_aes_round1/MC_REG_reg[1]/Q;\u_aes_peripheral/u_aes_round1/MC_REG_reg[1]/QN;aes_result_o[1],aes_result_o[1]
u_aes_peripheral/u_aes_round1/MC_REG_reg[20],\u_aes_peripheral/u_aes_round1/MC_REG_reg[20]/Q;\u_aes_peripheral/u_aes_round1/MC_REG_reg[20]/QN;aes_result_o[20],aes_result_o[20]
u_aes_peripheral/u_aes_round1/MC_REG_reg[21],\u_aes_peripheral/u_aes_round1/MC_REG_reg[21]/Q;\u_aes_peripheral/u_aes_round1/MC_REG_reg[21]/QN;aes_result_o[21],aes_result_o[21]
u_aes_peripheral/u_aes_round1/MC_REG_reg[22],\u_aes_peripheral/u_aes_round1/MC_REG_reg[22]/Q;\u_aes_peripheral/u_aes_round1/MC_REG_reg[22]/QN;aes_result_o[22],aes_result_o[22]
u_aes_peripheral/u_aes_round1/MC_REG_reg[23],\u_aes_peripheral/u_aes_round1/MC_REG_reg[23]/Q;\u_aes_peripheral/u_aes_round1/MC_REG_reg[23]/QN;aes_result_o[23],aes_result_o[23]
u_aes_peripheral/u_aes_round1/MC_REG_reg[24],\u_aes_peripheral/u_aes_round1/MC_REG_reg[24]/Q;\u_aes_peripheral/u_aes_round1/MC_REG_reg[24]/QN;aes_result_o[24],aes_result_o[24]
u_aes_peripheral/u_aes_round1/MC_REG_reg[25],\u_aes_peripheral/u_aes_round1/MC_REG_reg[25]/Q;\u_aes_peripheral/u_aes_round1/MC_REG_reg[25]/QN;aes_result_o[25],aes_result_o[25]
u_aes_peripheral/u_aes_round1/MC_REG_reg[26],\u_aes_peripheral/u_aes_round1/MC_REG_reg[26]/Q;\u_aes_peripheral/u_aes_round1/MC_REG_reg[26]/QN;aes_result_o[26],aes_result_o[26]
u_aes_peripheral/u_aes_round1/MC_REG_reg[27],\u_aes_peripheral/u_aes_round1/MC_REG_reg[27]/Q;\u_aes_peripheral/u_aes_round1/MC_REG_reg[27]/QN;aes_result_o[27],aes_result_o[27]
u_aes_peripheral/u_aes_round1/MC_REG_reg[28],\u_aes_peripheral/u_aes_round1/MC_REG_reg[28]/Q;\u_aes_peripheral/u_aes_round1/MC_REG_reg[28]/QN;aes_result_o[28],aes_result_o[28]
u_aes_peripheral/u_aes_round1/MC_REG_reg[29],\u_aes_peripheral/u_aes_round1/MC_REG_reg[29]/Q;\u_aes_peripheral/u_aes_round1/MC_REG_reg[29]/QN;aes_result_o[29],aes_result_o[29]
u_aes_peripheral/u_aes_round1/MC_REG_reg[2],\u_aes_peripheral/u_aes_round1/MC_REG_reg[2]/Q;\u_aes_peripheral/u_aes_round1/MC_REG_reg[2]/QN;aes_result_o[2],aes_result_o[2]
u_aes_peripheral/u_aes_round1/MC_REG_reg[30],\u_aes_peripheral/u_aes_round1/MC_REG_reg[30]/Q;\u_aes_peripheral/u_aes_round1/MC_REG_reg[30]/QN;aes_result_o[30],aes_result_o[30]
u_aes_peripheral/u_aes_round1/MC_REG_reg[31],\u_aes_peripheral/u_aes_round1/MC_REG_reg[31]/Q;\u_aes_peripheral/u_aes_round1/MC_REG_reg[31]/QN;aes_result_o[31],aes_result_o[31]
u_aes_peripheral/u_aes_round1/MC_REG_reg[32],\u_aes_peripheral/u_aes_round1/MC_REG_reg[32]/Q;\u_aes_peripheral/u_aes_round1/MC_REG_reg[32]/QN;aes_result_o[32],aes_result_o[32]
u_aes_peripheral/u_aes_round1/MC_REG_reg[33],\u_aes_peripheral/u_aes_round1/MC_REG_reg[33]/Q;\u_aes_peripheral/u_aes_round1/MC_REG_reg[33]/QN;aes_result_o[33],aes_result_o[33]
u_aes_peripheral/u_aes_round1/MC_REG_reg[34],\u_aes_peripheral/u_aes_round1/MC_REG_reg[34]/Q;\u_aes_peripheral/u_aes_round1/MC_REG_reg[34]/QN;aes_result_o[34],aes_result_o[34]
u_aes_peripheral/u_aes_round1/MC_REG_reg[35],\u_aes_peripheral/u_aes_round1/MC_REG_reg[35]/Q;\u_aes_peripheral/u_aes_round1/MC_REG_reg[35]/QN;aes_result_o[35],aes_result_o[35]
u_aes_peripheral/u_aes_round1/MC_REG_reg[36],\u_aes_peripheral/u_aes_round1/MC_REG_reg[36]/Q;\u_aes_peripheral/u_aes_round1/MC_REG_reg[36]/QN;aes_result_o[36],aes_result_o[36]
u_aes_peripheral/u_aes_round1/MC_REG_reg[37],\u_aes_peripheral/u_aes_round1/MC_REG_reg[37]/Q;\u_aes_peripheral/u_aes_round1/MC_REG_reg[37]/QN;aes_result_o[37],aes_result_o[37]
u_aes_peripheral/u_aes_round1/MC_REG_reg[38],\u_aes_peripheral/u_aes_round1/MC_REG_reg[38]/Q;\u_aes_peripheral/u_aes_round1/MC_REG_reg[38]/QN;aes_result_o[38],aes_result_o[38]
u_aes_peripheral/u_aes_round1/MC_REG_reg[39],\u_aes_peripheral/u_aes_round1/MC_REG_reg[39]/Q;\u_aes_peripheral/u_aes_round1/MC_REG_reg[39]/QN;aes_result_o[39],aes_result_o[39]
u_aes_peripheral/u_aes_round1/MC_REG_reg[3],\u_aes_peripheral/u_aes_round1/MC_REG_reg[3]/Q;\u_aes_peripheral/u_aes_round1/MC_REG_reg[3]/QN;aes_result_o[3],aes_result_o[3]
u_aes_peripheral/u_aes_round1/MC_REG_reg[40],\u_aes_peripheral/u_aes_round1/MC_REG_reg[40]/Q;\u_aes_peripheral/u_aes_round1/MC_REG_reg[40]/QN;aes_result_o[40],aes_result_o[40]
u_aes_peripheral/u_aes_round1/MC_REG_reg[41],\u_aes_peripheral/u_aes_round1/MC_REG_reg[41]/Q;\u_aes_peripheral/u_aes_round1/MC_REG_reg[41]/QN;aes_result_o[41],aes_result_o[41]
u_aes_peripheral/u_aes_round1/MC_REG_reg[42],\u_aes_peripheral/u_aes_round1/MC_REG_reg[42]/Q;\u_aes_peripheral/u_aes_round1/MC_REG_reg[42]/QN;aes_result_o[42],aes_result_o[42]
u_aes_peripheral/u_aes_round1/MC_REG_reg[43],\u_aes_peripheral/u_aes_round1/MC_REG_reg[43]/Q;\u_aes_peripheral/u_aes_round1/MC_REG_reg[43]/QN;aes_result_o[43],aes_result_o[43]
u_aes_peripheral/u_aes_round1/MC_REG_reg[44],\u_aes_peripheral/u_aes_round1/MC_REG_reg[44]/Q;\u_aes_peripheral/u_aes_round1/MC_REG_reg[44]/QN;aes_result_o[44],aes_result_o[44]
u_aes_peripheral/u_aes_round1/MC_REG_reg[45],\u_aes_peripheral/u_aes_round1/MC_REG_reg[45]/Q;\u_aes_peripheral/u_aes_round1/MC_REG_reg[45]/QN;aes_result_o[45],aes_result_o[45]
u_aes_peripheral/u_aes_round1/MC_REG_reg[46],\u_aes_peripheral/u_aes_round1/MC_REG_reg[46]/Q;\u_aes_peripheral/u_aes_round1/MC_REG_reg[46]/QN;aes_result_o[46],aes_result_o[46]
u_aes_peripheral/u_aes_round1/MC_REG_reg[47],\u_aes_peripheral/u_aes_round1/MC_REG_reg[47]/Q;\u_aes_peripheral/u_aes_round1/MC_REG_reg[47]/QN;aes_result_o[47],aes_result_o[47]
u_aes_peripheral/u_aes_round1/MC_REG_reg[48],\u_aes_peripheral/u_aes_round1/MC_REG_reg[48]/Q;\u_aes_peripheral/u_aes_round1/MC_REG_reg[48]/QN;aes_result_o[48],aes_result_o[48]
u_aes_peripheral/u_aes_round1/MC_REG_reg[49],\u_aes_peripheral/u_aes_round1/MC_REG_reg[49]/Q;\u_aes_peripheral/u_aes_round1/MC_REG_reg[49]/QN;aes_result_o[49],aes_result_o[49]
u_aes_peripheral/u_aes_round1/MC_REG_reg[4],\u_aes_peripheral/u_aes_round1/MC_REG_reg[4]/Q;\u_aes_peripheral/u_aes_round1/MC_REG_reg[4]/QN;aes_result_o[4],aes_result_o[4]
u_aes_peripheral/u_aes_round1/MC_REG_reg[50],\u_aes_peripheral/u_aes_round1/MC_REG_reg[50]/Q;\u_aes_peripheral/u_aes_round1/MC_REG_reg[50]/QN;aes_result_o[50],aes_result_o[50]
u_aes_peripheral/u_aes_round1/MC_REG_reg[51],\u_aes_peripheral/u_aes_round1/MC_REG_reg[51]/Q;\u_aes_peripheral/u_aes_round1/MC_REG_reg[51]/QN;aes_result_o[51],aes_result_o[51]
u_aes_peripheral/u_aes_round1/MC_REG_reg[52],\u_aes_peripheral/u_aes_round1/MC_REG_reg[52]/Q;\u_aes_peripheral/u_aes_round1/MC_REG_reg[52]/QN;aes_result_o[52],aes_result_o[52]
u_aes_peripheral/u_aes_round1/MC_REG_reg[53],\u_aes_peripheral/u_aes_round1/MC_REG_reg[53]/Q;\u_aes_peripheral/u_aes_round1/MC_REG_reg[53]/QN;aes_result_o[53],aes_result_o[53]
u_aes_peripheral/u_aes_round1/MC_REG_reg[54],\u_aes_peripheral/u_aes_round1/MC_REG_reg[54]/Q;\u_aes_peripheral/u_aes_round1/MC_REG_reg[54]/QN;aes_result_o[54],aes_result_o[54]
u_aes_peripheral/u_aes_round1/MC_REG_reg[55],\u_aes_peripheral/u_aes_round1/MC_REG_reg[55]/Q;\u_aes_peripheral/u_aes_round1/MC_REG_reg[55]/QN;aes_result_o[55],aes_result_o[55]
u_aes_peripheral/u_aes_round1/MC_REG_reg[56],\u_aes_peripheral/u_aes_round1/MC_REG_reg[56]/Q;\u_aes_peripheral/u_aes_round1/MC_REG_reg[56]/QN;aes_result_o[56],aes_result_o[56]
u_aes_peripheral/u_aes_round1/MC_REG_reg[57],\u_aes_peripheral/u_aes_round1/MC_REG_reg[57]/Q;\u_aes_peripheral/u_aes_round1/MC_REG_reg[57]/QN;aes_result_o[57],aes_result_o[57]
u_aes_peripheral/u_aes_round1/MC_REG_reg[58],\u_aes_peripheral/u_aes_round1/MC_REG_reg[58]/Q;\u_aes_peripheral/u_aes_round1/MC_REG_reg[58]/QN;aes_result_o[58],aes_result_o[58]
u_aes_peripheral/u_aes_round1/MC_REG_reg[59],\u_aes_peripheral/u_aes_round1/MC_REG_reg[59]/Q;\u_aes_peripheral/u_aes_round1/MC_REG_reg[59]/QN;aes_result_o[59],aes_result_o[59]
u_aes_peripheral/u_aes_round1/MC_REG_reg[5],\u_aes_peripheral/u_aes_round1/MC_REG_reg[5]/Q;\u_aes_peripheral/u_aes_round1/MC_REG_reg[5]/QN;aes_result_o[5],aes_result_o[5]
u_aes_peripheral/u_aes_round1/MC_REG_reg[60],\u_aes_peripheral/u_aes_round1/MC_REG_reg[60]/Q;\u_aes_peripheral/u_aes_round1/MC_REG_reg[60]/QN;aes_result_o[60],aes_result_o[60]
u_aes_peripheral/u_aes_round1/MC_REG_reg[61],\u_aes_peripheral/u_aes_round1/MC_REG_reg[61]/Q;\u_aes_peripheral/u_aes_round1/MC_REG_reg[61]/QN;aes_result_o[61],aes_result_o[61]
u_aes_peripheral/u_aes_round1/MC_REG_reg[62],\u_aes_peripheral/u_aes_round1/MC_REG_reg[62]/Q;\u_aes_peripheral/u_aes_round1/MC_REG_reg[62]/QN;aes_result_o[62],aes_result_o[62]
u_aes_peripheral/u_aes_round1/MC_REG_reg[63],\u_aes_peripheral/u_aes_round1/MC_REG_reg[63]/Q;\u_aes_peripheral/u_aes_round1/MC_REG_reg[63]/QN;aes_result_o[63],aes_result_o[63]
u_aes_peripheral/u_aes_round1/MC_REG_reg[64],\u_aes_peripheral/u_aes_round1/MC_REG_reg[64]/Q;\u_aes_peripheral/u_aes_round1/MC_REG_reg[64]/QN;aes_result_o[64],aes_result_o[64]
u_aes_peripheral/u_aes_round1/MC_REG_reg[65],\u_aes_peripheral/u_aes_round1/MC_REG_reg[65]/Q;\u_aes_peripheral/u_aes_round1/MC_REG_reg[65]/QN;aes_result_o[65],aes_result_o[65]
u_aes_peripheral/u_aes_round1/MC_REG_reg[66],\u_aes_peripheral/u_aes_round1/MC_REG_reg[66]/Q;\u_aes_peripheral/u_aes_round1/MC_REG_reg[66]/QN;aes_result_o[66],aes_result_o[66]
u_aes_peripheral/u_aes_round1/MC_REG_reg[67],\u_aes_peripheral/u_aes_round1/MC_REG_reg[67]/Q;\u_aes_peripheral/u_aes_round1/MC_REG_reg[67]/QN;aes_result_o[67],aes_result_o[67]
u_aes_peripheral/u_aes_round1/MC_REG_reg[68],\u_aes_peripheral/u_aes_round1/MC_REG_reg[68]/Q;\u_aes_peripheral/u_aes_round1/MC_REG_reg[68]/QN;aes_result_o[68],aes_result_o[68]
u_aes_peripheral/u_aes_round1/MC_REG_reg[69],\u_aes_peripheral/u_aes_round1/MC_REG_reg[69]/Q;\u_aes_peripheral/u_aes_round1/MC_REG_reg[69]/QN;aes_result_o[69],aes_result_o[69]
u_aes_peripheral/u_aes_round1/MC_REG_reg[6],\u_aes_peripheral/u_aes_round1/MC_REG_reg[6]/Q;\u_aes_peripheral/u_aes_round1/MC_REG_reg[6]/QN;aes_result_o[6],aes_result_o[6]
u_aes_peripheral/u_aes_round1/MC_REG_reg[70],\u_aes_peripheral/u_aes_round1/MC_REG_reg[70]/Q;\u_aes_peripheral/u_aes_round1/MC_REG_reg[70]/QN;aes_result_o[70],aes_result_o[70]
u_aes_peripheral/u_aes_round1/MC_REG_reg[71],\u_aes_peripheral/u_aes_round1/MC_REG_reg[71]/Q;\u_aes_peripheral/u_aes_round1/MC_REG_reg[71]/QN;aes_result_o[71],aes_result_o[71]
u_aes_peripheral/u_aes_round1/MC_REG_reg[72],\u_aes_peripheral/u_aes_round1/MC_REG_reg[72]/Q;\u_aes_peripheral/u_aes_round1/MC_REG_reg[72]/QN;aes_result_o[72],aes_result_o[72]
u_aes_peripheral/u_aes_round1/MC_REG_reg[73],\u_aes_peripheral/u_aes_round1/MC_REG_reg[73]/Q;\u_aes_peripheral/u_aes_round1/MC_REG_reg[73]/QN;aes_result_o[73],aes_result_o[73]
u_aes_peripheral/u_aes_round1/MC_REG_reg[74],\u_aes_peripheral/u_aes_round1/MC_REG_reg[74]/Q;\u_aes_peripheral/u_aes_round1/MC_REG_reg[74]/QN;aes_result_o[74],aes_result_o[74]
u_aes_peripheral/u_aes_round1/MC_REG_reg[75],\u_aes_peripheral/u_aes_round1/MC_REG_reg[75]/Q;\u_aes_peripheral/u_aes_round1/MC_REG_reg[75]/QN;aes_result_o[75],aes_result_o[75]
u_aes_peripheral/u_aes_round1/MC_REG_reg[76],\u_aes_peripheral/u_aes_round1/MC_REG_reg[76]/Q;\u_aes_peripheral/u_aes_round1/MC_REG_reg[76]/QN;aes_result_o[76],aes_result_o[76]
u_aes_peripheral/u_aes_round1/MC_REG_reg[77],\u_aes_peripheral/u_aes_round1/MC_REG_reg[77]/Q;\u_aes_peripheral/u_aes_round1/MC_REG_reg[77]/QN;aes_result_o[77],aes_result_o[77]
u_aes_peripheral/u_aes_round1/MC_REG_reg[78],\u_aes_peripheral/u_aes_round1/MC_REG_reg[78]/Q;\u_aes_peripheral/u_aes_round1/MC_REG_reg[78]/QN;aes_result_o[78],aes_result_o[78]
u_aes_peripheral/u_aes_round1/MC_REG_reg[79],\u_aes_peripheral/u_aes_round1/MC_REG_reg[79]/Q;\u_aes_peripheral/u_aes_round1/MC_REG_reg[79]/QN;aes_result_o[79],aes_result_o[79]
u_aes_peripheral/u_aes_round1/MC_REG_reg[7],\u_aes_peripheral/u_aes_round1/MC_REG_reg[7]/Q;\u_aes_peripheral/u_aes_round1/MC_REG_reg[7]/QN;aes_result_o[7],aes_result_o[7]
u_aes_peripheral/u_aes_round1/MC_REG_reg[80],\u_aes_peripheral/u_aes_round1/MC_REG_reg[80]/Q;\u_aes_peripheral/u_aes_round1/MC_REG_reg[80]/QN;aes_result_o[80],aes_result_o[80]
u_aes_peripheral/u_aes_round1/MC_REG_reg[81],\u_aes_peripheral/u_aes_round1/MC_REG_reg[81]/Q;\u_aes_peripheral/u_aes_round1/MC_REG_reg[81]/QN;aes_result_o[81],aes_result_o[81]
u_aes_peripheral/u_aes_round1/MC_REG_reg[82],\u_aes_peripheral/u_aes_round1/MC_REG_reg[82]/Q;\u_aes_peripheral/u_aes_round1/MC_REG_reg[82]/QN;aes_result_o[82],aes_result_o[82]
u_aes_peripheral/u_aes_round1/MC_REG_reg[83],\u_aes_peripheral/u_aes_round1/MC_REG_reg[83]/Q;\u_aes_peripheral/u_aes_round1/MC_REG_reg[83]/QN;aes_result_o[83],aes_result_o[83]
u_aes_peripheral/u_aes_round1/MC_REG_reg[84],\u_aes_peripheral/u_aes_round1/MC_REG_reg[84]/Q;\u_aes_peripheral/u_aes_round1/MC_REG_reg[84]/QN;aes_result_o[84],aes_result_o[84]
u_aes_peripheral/u_aes_round1/MC_REG_reg[85],\u_aes_peripheral/u_aes_round1/MC_REG_reg[85]/Q;\u_aes_peripheral/u_aes_round1/MC_REG_reg[85]/QN;aes_result_o[85],aes_result_o[85]
u_aes_peripheral/u_aes_round1/MC_REG_reg[86],\u_aes_peripheral/u_aes_round1/MC_REG_reg[86]/Q;\u_aes_peripheral/u_aes_round1/MC_REG_reg[86]/QN;aes_result_o[86],aes_result_o[86]
u_aes_peripheral/u_aes_round1/MC_REG_reg[87],\u_aes_peripheral/u_aes_round1/MC_REG_reg[87]/Q;\u_aes_peripheral/u_aes_round1/MC_REG_reg[87]/QN;aes_result_o[87],aes_result_o[87]
u_aes_peripheral/u_aes_round1/MC_REG_reg[88],\u_aes_peripheral/u_aes_round1/MC_REG_reg[88]/Q;\u_aes_peripheral/u_aes_round1/MC_REG_reg[88]/QN;aes_result_o[88],aes_result_o[88]
u_aes_peripheral/u_aes_round1/MC_REG_reg[89],\u_aes_peripheral/u_aes_round1/MC_REG_reg[89]/Q;\u_aes_peripheral/u_aes_round1/MC_REG_reg[89]/QN;aes_result_o[89],aes_result_o[89]
u_aes_peripheral/u_aes_round1/MC_REG_reg[8],\u_aes_peripheral/u_aes_round1/MC_REG_reg[8]/Q;\u_aes_peripheral/u_aes_round1/MC_REG_reg[8]/QN;aes_result_o[8],aes_result_o[8]
u_aes_peripheral/u_aes_round1/MC_REG_reg[90],\u_aes_peripheral/u_aes_round1/MC_REG_reg[90]/Q;\u_aes_peripheral/u_aes_round1/MC_REG_reg[90]/QN;aes_result_o[90],aes_result_o[90]
u_aes_peripheral/u_aes_round1/MC_REG_reg[91],\u_aes_peripheral/u_aes_round1/MC_REG_reg[91]/Q;\u_aes_peripheral/u_aes_round1/MC_REG_reg[91]/QN;aes_result_o[91],aes_result_o[91]
u_aes_peripheral/u_aes_round1/MC_REG_reg[92],\u_aes_peripheral/u_aes_round1/MC_REG_reg[92]/Q;\u_aes_peripheral/u_aes_round1/MC_REG_reg[92]/QN;aes_result_o[92],aes_result_o[92]
u_aes_peripheral/u_aes_round1/MC_REG_reg[93],\u_aes_peripheral/u_aes_round1/MC_REG_reg[93]/Q;\u_aes_peripheral/u_aes_round1/MC_REG_reg[93]/QN;aes_result_o[93],aes_result_o[93]
u_aes_peripheral/u_aes_round1/MC_REG_reg[94],\u_aes_peripheral/u_aes_round1/MC_REG_reg[94]/Q;\u_aes_peripheral/u_aes_round1/MC_REG_reg[94]/QN;aes_result_o[94],aes_result_o[94]
u_aes_peripheral/u_aes_round1/MC_REG_reg[95],\u_aes_peripheral/u_aes_round1/MC_REG_reg[95]/Q;\u_aes_peripheral/u_aes_round1/MC_REG_reg[95]/QN;aes_result_o[95],aes_result_o[95]
u_aes_peripheral/u_aes_round1/MC_REG_reg[96],\u_aes_peripheral/u_aes_round1/MC_REG_reg[96]/Q;\u_aes_peripheral/u_aes_round1/MC_REG_reg[96]/QN;aes_result_o[96],aes_result_o[96]
u_aes_peripheral/u_aes_round1/MC_REG_reg[97],\u_aes_peripheral/u_aes_round1/MC_REG_reg[97]/Q;\u_aes_peripheral/u_aes_round1/MC_REG_reg[97]/QN;aes_result_o[97],aes_result_o[97]
u_aes_peripheral/u_aes_round1/MC_REG_reg[98],\u_aes_peripheral/u_aes_round1/MC_REG_reg[98]/Q;\u_aes_peripheral/u_aes_round1/MC_REG_reg[98]/QN;aes_result_o[98],aes_result_o[98]
u_aes_peripheral/u_aes_round1/MC_REG_reg[99],\u_aes_peripheral/u_aes_round1/MC_REG_reg[99]/Q;\u_aes_peripheral/u_aes_round1/MC_REG_reg[99]/QN;aes_result_o[99],aes_result_o[99]
u_aes_peripheral/u_aes_round1/MC_REG_reg[9],\u_aes_peripheral/u_aes_round1/MC_REG_reg[9]/Q;\u_aes_peripheral/u_aes_round1/MC_REG_reg[9]/QN;aes_result_o[9],aes_result_o[9]
u_aes_peripheral/u_aes_round1/SB_REG_reg[0],\u_aes_peripheral/u_aes_round1/SB_REG_reg[0]/Q;\u_aes_peripheral/u_aes_round1/SB_REG_reg[0]/QN,\u_aes_peripheral/u_aes_round1/n959
u_aes_peripheral/u_aes_round1/SB_REG_reg[100],\u_aes_peripheral/u_aes_round1/SB_REG_reg[100]/Q,\u_aes_peripheral/u_aes_round1/n1282
u_aes_peripheral/u_aes_round1/SB_REG_reg[101],\u_aes_peripheral/u_aes_round1/SB_REG_reg[101]/Q;\u_aes_peripheral/u_aes_round1/SB_REG_reg[101]/QN,\u_aes_peripheral/u_aes_round1/n1284
u_aes_peripheral/u_aes_round1/SB_REG_reg[102],\u_aes_peripheral/u_aes_round1/SB_REG_reg[102]/Q;\u_aes_peripheral/u_aes_round1/SB_REG_reg[102]/QN,\u_aes_peripheral/u_aes_round1/n1286
u_aes_peripheral/u_aes_round1/SB_REG_reg[103],\u_aes_peripheral/u_aes_round1/SB_REG_reg[103]/Q;\u_aes_peripheral/u_aes_round1/SB_REG_reg[103]/QN,\u_aes_peripheral/u_aes_round1/n1288
u_aes_peripheral/u_aes_round1/SB_REG_reg[104],\u_aes_peripheral/u_aes_round1/SB_REG_reg[104]/Q;\u_aes_peripheral/u_aes_round1/SB_REG_reg[104]/QN,\u_aes_peripheral/u_aes_round1/n1290
u_aes_peripheral/u_aes_round1/SB_REG_reg[105],\u_aes_peripheral/u_aes_round1/SB_REG_reg[105]/Q;\u_aes_peripheral/u_aes_round1/SB_REG_reg[105]/QN,\u_aes_peripheral/u_aes_round1/n1292
u_aes_peripheral/u_aes_round1/SB_REG_reg[106],\u_aes_peripheral/u_aes_round1/SB_REG_reg[106]/Q;\u_aes_peripheral/u_aes_round1/SB_REG_reg[106]/QN,\u_aes_peripheral/u_aes_round1/n1294
u_aes_peripheral/u_aes_round1/SB_REG_reg[107],\u_aes_peripheral/u_aes_round1/SB_REG_reg[107]/Q;\u_aes_peripheral/u_aes_round1/SB_REG_reg[107]/QN,\u_aes_peripheral/u_aes_round1/n1296
u_aes_peripheral/u_aes_round1/SB_REG_reg[108],\u_aes_peripheral/u_aes_round1/SB_REG_reg[108]/Q;\u_aes_peripheral/u_aes_round1/SB_REG_reg[108]/QN,\u_aes_peripheral/u_aes_round1/n1298
u_aes_peripheral/u_aes_round1/SB_REG_reg[109],\u_aes_peripheral/u_aes_round1/SB_REG_reg[109]/Q;\u_aes_peripheral/u_aes_round1/SB_REG_reg[109]/QN,\u_aes_peripheral/u_aes_round1/n1300
u_aes_peripheral/u_aes_round1/SB_REG_reg[10],\u_aes_peripheral/u_aes_round1/SB_REG_reg[10]/Q;\u_aes_peripheral/u_aes_round1/SB_REG_reg[10]/QN,\u_aes_peripheral/u_aes_round1/n1019
u_aes_peripheral/u_aes_round1/SB_REG_reg[110],\u_aes_peripheral/u_aes_round1/SB_REG_reg[110]/Q;\u_aes_peripheral/u_aes_round1/SB_REG_reg[110]/QN,\u_aes_peripheral/u_aes_round1/n1302
u_aes_peripheral/u_aes_round1/SB_REG_reg[111],\u_aes_peripheral/u_aes_round1/SB_REG_reg[111]/Q;\u_aes_peripheral/u_aes_round1/SB_REG_reg[111]/QN,\u_aes_peripheral/u_aes_round1/n1304
u_aes_peripheral/u_aes_round1/SB_REG_reg[112],\u_aes_peripheral/u_aes_round1/SB_REG_reg[112]/Q;\u_aes_peripheral/u_aes_round1/SB_REG_reg[112]/QN,\u_aes_peripheral/u_aes_round1/n1306
u_aes_peripheral/u_aes_round1/SB_REG_reg[113],\u_aes_peripheral/u_aes_round1/SB_REG_reg[113]/Q;\u_aes_peripheral/u_aes_round1/SB_REG_reg[113]/QN,\u_aes_peripheral/u_aes_round1/n1308
u_aes_peripheral/u_aes_round1/SB_REG_reg[114],\u_aes_peripheral/u_aes_round1/SB_REG_reg[114]/Q;\u_aes_peripheral/u_aes_round1/SB_REG_reg[114]/QN,\u_aes_peripheral/u_aes_round1/n1310
u_aes_peripheral/u_aes_round1/SB_REG_reg[115],\u_aes_peripheral/u_aes_round1/SB_REG_reg[115]/Q;\u_aes_peripheral/u_aes_round1/SB_REG_reg[115]/QN,\u_aes_peripheral/u_aes_round1/n1312
u_aes_peripheral/u_aes_round1/SB_REG_reg[116],\u_aes_peripheral/u_aes_round1/SB_REG_reg[116]/Q;\u_aes_peripheral/u_aes_round1/SB_REG_reg[116]/QN,\u_aes_peripheral/u_aes_round1/n1314
u_aes_peripheral/u_aes_round1/SB_REG_reg[117],\u_aes_peripheral/u_aes_round1/SB_REG_reg[117]/Q;\u_aes_peripheral/u_aes_round1/SB_REG_reg[117]/QN,\u_aes_peripheral/u_aes_round1/n1316
u_aes_peripheral/u_aes_round1/SB_REG_reg[118],\u_aes_peripheral/u_aes_round1/SB_REG_reg[118]/Q;\u_aes_peripheral/u_aes_round1/SB_REG_reg[118]/QN,\u_aes_peripheral/u_aes_round1/n1318
u_aes_peripheral/u_aes_round1/SB_REG_reg[119],\u_aes_peripheral/u_aes_round1/SB_REG_reg[119]/Q;\u_aes_peripheral/u_aes_round1/SB_REG_reg[119]/QN,\u_aes_peripheral/u_aes_round1/n1320
u_aes_peripheral/u_aes_round1/SB_REG_reg[11],\u_aes_peripheral/u_aes_round1/SB_REG_reg[11]/Q;\u_aes_peripheral/u_aes_round1/SB_REG_reg[11]/QN,\u_aes_peripheral/u_aes_round1/n1025
u_aes_peripheral/u_aes_round1/SB_REG_reg[120],\u_aes_peripheral/u_aes_round1/SB_REG_reg[120]/Q;\u_aes_peripheral/u_aes_round1/SB_REG_reg[120]/QN,\u_aes_peripheral/u_aes_round1/n1322
u_aes_peripheral/u_aes_round1/SB_REG_reg[121],\u_aes_peripheral/u_aes_round1/SB_REG_reg[121]/Q;\u_aes_peripheral/u_aes_round1/SB_REG_reg[121]/QN,\u_aes_peripheral/u_aes_round1/n1324
u_aes_peripheral/u_aes_round1/SB_REG_reg[122],\u_aes_peripheral/u_aes_round1/SB_REG_reg[122]/Q;\u_aes_peripheral/u_aes_round1/SB_REG_reg[122]/QN,\u_aes_peripheral/u_aes_round1/n1326
u_aes_peripheral/u_aes_round1/SB_REG_reg[123],\u_aes_peripheral/u_aes_round1/SB_REG_reg[123]/Q;\u_aes_peripheral/u_aes_round1/SB_REG_reg[123]/QN,\u_aes_peripheral/u_aes_round1/n1328
u_aes_peripheral/u_aes_round1/SB_REG_reg[124],\u_aes_peripheral/u_aes_round1/SB_REG_reg[124]/Q;\u_aes_peripheral/u_aes_round1/SB_REG_reg[124]/QN,\u_aes_peripheral/u_aes_round1/n1330
u_aes_peripheral/u_aes_round1/SB_REG_reg[125],\u_aes_peripheral/u_aes_round1/SB_REG_reg[125]/Q;\u_aes_peripheral/u_aes_round1/SB_REG_reg[125]/QN,\u_aes_peripheral/u_aes_round1/n1332
u_aes_peripheral/u_aes_round1/SB_REG_reg[126],\u_aes_peripheral/u_aes_round1/SB_REG_reg[126]/Q;\u_aes_peripheral/u_aes_round1/SB_REG_reg[126]/QN,\u_aes_peripheral/u_aes_round1/n1334
u_aes_peripheral/u_aes_round1/SB_REG_reg[127],\u_aes_peripheral/u_aes_round1/SB_REG_reg[127]/Q,\u_aes_peripheral/u_aes_round1/n1336
u_aes_peripheral/u_aes_round1/SB_REG_reg[12],\u_aes_peripheral/u_aes_round1/SB_REG_reg[12]/Q;\u_aes_peripheral/u_aes_round1/SB_REG_reg[12]/QN,\u_aes_peripheral/u_aes_round1/n1031
u_aes_peripheral/u_aes_round1/SB_REG_reg[13],\u_aes_peripheral/u_aes_round1/SB_REG_reg[13]/Q;\u_aes_peripheral/u_aes_round1/SB_REG_reg[13]/QN,\u_aes_peripheral/u_aes_round1/n1037
u_aes_peripheral/u_aes_round1/SB_REG_reg[14],\u_aes_peripheral/u_aes_round1/SB_REG_reg[14]/Q;\u_aes_peripheral/u_aes_round1/SB_REG_reg[14]/QN,\u_aes_peripheral/u_aes_round1/n1043
u_aes_peripheral/u_aes_round1/SB_REG_reg[15],\u_aes_peripheral/u_aes_round1/SB_REG_reg[15]/Q;\u_aes_peripheral/u_aes_round1/SB_REG_reg[15]/QN,\u_aes_peripheral/u_aes_round1/n1048
u_aes_peripheral/u_aes_round1/SB_REG_reg[16],\u_aes_peripheral/u_aes_round1/SB_REG_reg[16]/Q;\u_aes_peripheral/u_aes_round1/SB_REG_reg[16]/QN,\u_aes_peripheral/u_aes_round1/n1055
u_aes_peripheral/u_aes_round1/SB_REG_reg[17],\u_aes_peripheral/u_aes_round1/SB_REG_reg[17]/Q;\u_aes_peripheral/u_aes_round1/SB_REG_reg[17]/QN,\u_aes_peripheral/u_aes_round1/n1061
u_aes_peripheral/u_aes_round1/SB_REG_reg[18],\u_aes_peripheral/u_aes_round1/SB_REG_reg[18]/Q;\u_aes_peripheral/u_aes_round1/SB_REG_reg[18]/QN,\u_aes_peripheral/u_aes_round1/n1067
u_aes_peripheral/u_aes_round1/SB_REG_reg[19],\u_aes_peripheral/u_aes_round1/SB_REG_reg[19]/Q;\u_aes_peripheral/u_aes_round1/SB_REG_reg[19]/QN,\u_aes_peripheral/u_aes_round1/n1073
u_aes_peripheral/u_aes_round1/SB_REG_reg[1],\u_aes_peripheral/u_aes_round1/SB_REG_reg[1]/Q;\u_aes_peripheral/u_aes_round1/SB_REG_reg[1]/QN,\u_aes_peripheral/u_aes_round1/n965
u_aes_peripheral/u_aes_round1/SB_REG_reg[20],\u_aes_peripheral/u_aes_round1/SB_REG_reg[20]/Q;\u_aes_peripheral/u_aes_round1/SB_REG_reg[20]/QN,\u_aes_peripheral/u_aes_round1/n1079
u_aes_peripheral/u_aes_round1/SB_REG_reg[21],\u_aes_peripheral/u_aes_round1/SB_REG_reg[21]/Q;\u_aes_peripheral/u_aes_round1/SB_REG_reg[21]/QN,\u_aes_peripheral/u_aes_round1/n1085
u_aes_peripheral/u_aes_round1/SB_REG_reg[22],\u_aes_peripheral/u_aes_round1/SB_REG_reg[22]/Q;\u_aes_peripheral/u_aes_round1/SB_REG_reg[22]/QN,\u_aes_peripheral/u_aes_round1/n1091
u_aes_peripheral/u_aes_round1/SB_REG_reg[23],\u_aes_peripheral/u_aes_round1/SB_REG_reg[23]/Q,\u_aes_peripheral/u_aes_round1/n1096
u_aes_peripheral/u_aes_round1/SB_REG_reg[24],\u_aes_peripheral/u_aes_round1/SB_REG_reg[24]/Q;\u_aes_peripheral/u_aes_round1/SB_REG_reg[24]/QN,\u_aes_peripheral/u_aes_round1/n1103
u_aes_peripheral/u_aes_round1/SB_REG_reg[25],\u_aes_peripheral/u_aes_round1/SB_REG_reg[25]/Q;\u_aes_peripheral/u_aes_round1/SB_REG_reg[25]/QN,\u_aes_peripheral/u_aes_round1/n1109
u_aes_peripheral/u_aes_round1/SB_REG_reg[26],\u_aes_peripheral/u_aes_round1/SB_REG_reg[26]/Q;\u_aes_peripheral/u_aes_round1/SB_REG_reg[26]/QN,\u_aes_peripheral/u_aes_round1/n1115
u_aes_peripheral/u_aes_round1/SB_REG_reg[27],\u_aes_peripheral/u_aes_round1/SB_REG_reg[27]/Q;\u_aes_peripheral/u_aes_round1/SB_REG_reg[27]/QN,\u_aes_peripheral/u_aes_round1/n1121
u_aes_peripheral/u_aes_round1/SB_REG_reg[28],\u_aes_peripheral/u_aes_round1/SB_REG_reg[28]/Q;\u_aes_peripheral/u_aes_round1/SB_REG_reg[28]/QN,\u_aes_peripheral/u_aes_round1/n1127
u_aes_peripheral/u_aes_round1/SB_REG_reg[29],\u_aes_peripheral/u_aes_round1/SB_REG_reg[29]/Q;\u_aes_peripheral/u_aes_round1/SB_REG_reg[29]/QN,\u_aes_peripheral/u_aes_round1/n1133
u_aes_peripheral/u_aes_round1/SB_REG_reg[2],\u_aes_peripheral/u_aes_round1/SB_REG_reg[2]/Q;\u_aes_peripheral/u_aes_round1/SB_REG_reg[2]/QN,\u_aes_peripheral/u_aes_round1/n971
u_aes_peripheral/u_aes_round1/SB_REG_reg[30],\u_aes_peripheral/u_aes_round1/SB_REG_reg[30]/Q;\u_aes_peripheral/u_aes_round1/SB_REG_reg[30]/QN,\u_aes_peripheral/u_aes_round1/n1139
u_aes_peripheral/u_aes_round1/SB_REG_reg[31],\u_aes_peripheral/u_aes_round1/SB_REG_reg[31]/Q;\u_aes_peripheral/u_aes_round1/SB_REG_reg[31]/QN,\u_aes_peripheral/u_aes_round1/n1144
u_aes_peripheral/u_aes_round1/SB_REG_reg[32],\u_aes_peripheral/u_aes_round1/SB_REG_reg[32]/Q;\u_aes_peripheral/u_aes_round1/SB_REG_reg[32]/QN,\u_aes_peripheral/u_aes_round1/n1146
u_aes_peripheral/u_aes_round1/SB_REG_reg[33],\u_aes_peripheral/u_aes_round1/SB_REG_reg[33]/Q;\u_aes_peripheral/u_aes_round1/SB_REG_reg[33]/QN,\u_aes_peripheral/u_aes_round1/n1148
u_aes_peripheral/u_aes_round1/SB_REG_reg[34],\u_aes_peripheral/u_aes_round1/SB_REG_reg[34]/Q;\u_aes_peripheral/u_aes_round1/SB_REG_reg[34]/QN,\u_aes_peripheral/u_aes_round1/n1150
u_aes_peripheral/u_aes_round1/SB_REG_reg[35],\u_aes_peripheral/u_aes_round1/SB_REG_reg[35]/Q,\u_aes_peripheral/u_aes_round1/n1152
u_aes_peripheral/u_aes_round1/SB_REG_reg[36],\u_aes_peripheral/u_aes_round1/SB_REG_reg[36]/Q;\u_aes_peripheral/u_aes_round1/SB_REG_reg[36]/QN,\u_aes_peripheral/u_aes_round1/n1154
u_aes_peripheral/u_aes_round1/SB_REG_reg[37],\u_aes_peripheral/u_aes_round1/SB_REG_reg[37]/Q;\u_aes_peripheral/u_aes_round1/SB_REG_reg[37]/QN,\u_aes_peripheral/u_aes_round1/n1156
u_aes_peripheral/u_aes_round1/SB_REG_reg[38],\u_aes_peripheral/u_aes_round1/SB_REG_reg[38]/Q;\u_aes_peripheral/u_aes_round1/SB_REG_reg[38]/QN,\u_aes_peripheral/u_aes_round1/n1158
u_aes_peripheral/u_aes_round1/SB_REG_reg[39],\u_aes_peripheral/u_aes_round1/SB_REG_reg[39]/Q;\u_aes_peripheral/u_aes_round1/SB_REG_reg[39]/QN,\u_aes_peripheral/u_aes_round1/n1160
u_aes_peripheral/u_aes_round1/SB_REG_reg[3],\u_aes_peripheral/u_aes_round1/SB_REG_reg[3]/Q;\u_aes_peripheral/u_aes_round1/SB_REG_reg[3]/QN,\u_aes_peripheral/u_aes_round1/n977
u_aes_peripheral/u_aes_round1/SB_REG_reg[40],\u_aes_peripheral/u_aes_round1/SB_REG_reg[40]/Q;\u_aes_peripheral/u_aes_round1/SB_REG_reg[40]/QN,\u_aes_peripheral/u_aes_round1/n1162
u_aes_peripheral/u_aes_round1/SB_REG_reg[41],\u_aes_peripheral/u_aes_round1/SB_REG_reg[41]/Q;\u_aes_peripheral/u_aes_round1/SB_REG_reg[41]/QN,\u_aes_peripheral/u_aes_round1/n1164
u_aes_peripheral/u_aes_round1/SB_REG_reg[42],\u_aes_peripheral/u_aes_round1/SB_REG_reg[42]/Q;\u_aes_peripheral/u_aes_round1/SB_REG_reg[42]/QN,\u_aes_peripheral/u_aes_round1/n1166
u_aes_peripheral/u_aes_round1/SB_REG_reg[43],\u_aes_peripheral/u_aes_round1/SB_REG_reg[43]/Q;\u_aes_peripheral/u_aes_round1/SB_REG_reg[43]/QN,\u_aes_peripheral/u_aes_round1/n1168
u_aes_peripheral/u_aes_round1/SB_REG_reg[44],\u_aes_peripheral/u_aes_round1/SB_REG_reg[44]/Q;\u_aes_peripheral/u_aes_round1/SB_REG_reg[44]/QN,\u_aes_peripheral/u_aes_round1/n1170
u_aes_peripheral/u_aes_round1/SB_REG_reg[45],\u_aes_peripheral/u_aes_round1/SB_REG_reg[45]/Q;\u_aes_peripheral/u_aes_round1/SB_REG_reg[45]/QN,\u_aes_peripheral/u_aes_round1/n1172
u_aes_peripheral/u_aes_round1/SB_REG_reg[46],\u_aes_peripheral/u_aes_round1/SB_REG_reg[46]/Q;\u_aes_peripheral/u_aes_round1/SB_REG_reg[46]/QN,\u_aes_peripheral/u_aes_round1/n1174
u_aes_peripheral/u_aes_round1/SB_REG_reg[47],\u_aes_peripheral/u_aes_round1/SB_REG_reg[47]/Q;\u_aes_peripheral/u_aes_round1/SB_REG_reg[47]/QN,\u_aes_peripheral/u_aes_round1/n1176
u_aes_peripheral/u_aes_round1/SB_REG_reg[48],\u_aes_peripheral/u_aes_round1/SB_REG_reg[48]/Q;\u_aes_peripheral/u_aes_round1/SB_REG_reg[48]/QN,\u_aes_peripheral/u_aes_round1/n1178
u_aes_peripheral/u_aes_round1/SB_REG_reg[49],\u_aes_peripheral/u_aes_round1/SB_REG_reg[49]/Q;\u_aes_peripheral/u_aes_round1/SB_REG_reg[49]/QN,\u_aes_peripheral/u_aes_round1/n1180
u_aes_peripheral/u_aes_round1/SB_REG_reg[4],\u_aes_peripheral/u_aes_round1/SB_REG_reg[4]/Q;\u_aes_peripheral/u_aes_round1/SB_REG_reg[4]/QN,\u_aes_peripheral/u_aes_round1/n983
u_aes_peripheral/u_aes_round1/SB_REG_reg[50],\u_aes_peripheral/u_aes_round1/SB_REG_reg[50]/Q;\u_aes_peripheral/u_aes_round1/SB_REG_reg[50]/QN,\u_aes_peripheral/u_aes_round1/n1182
u_aes_peripheral/u_aes_round1/SB_REG_reg[51],\u_aes_peripheral/u_aes_round1/SB_REG_reg[51]/Q;\u_aes_peripheral/u_aes_round1/SB_REG_reg[51]/QN,\u_aes_peripheral/u_aes_round1/n1184
u_aes_peripheral/u_aes_round1/SB_REG_reg[52],\u_aes_peripheral/u_aes_round1/SB_REG_reg[52]/Q;\u_aes_peripheral/u_aes_round1/SB_REG_reg[52]/QN,\u_aes_peripheral/u_aes_round1/n1186
u_aes_peripheral/u_aes_round1/SB_REG_reg[53],\u_aes_peripheral/u_aes_round1/SB_REG_reg[53]/Q;\u_aes_peripheral/u_aes_round1/SB_REG_reg[53]/QN,\u_aes_peripheral/u_aes_round1/n1188
u_aes_peripheral/u_aes_round1/SB_REG_reg[54],\u_aes_peripheral/u_aes_round1/SB_REG_reg[54]/Q;\u_aes_peripheral/u_aes_round1/SB_REG_reg[54]/QN,\u_aes_peripheral/u_aes_round1/n1190
u_aes_peripheral/u_aes_round1/SB_REG_reg[55],\u_aes_peripheral/u_aes_round1/SB_REG_reg[55]/Q,\u_aes_peripheral/u_aes_round1/n1192
u_aes_peripheral/u_aes_round1/SB_REG_reg[56],\u_aes_peripheral/u_aes_round1/SB_REG_reg[56]/Q;\u_aes_peripheral/u_aes_round1/SB_REG_reg[56]/QN,\u_aes_peripheral/u_aes_round1/n1194
u_aes_peripheral/u_aes_round1/SB_REG_reg[57],\u_aes_peripheral/u_aes_round1/SB_REG_reg[57]/Q;\u_aes_peripheral/u_aes_round1/SB_REG_reg[57]/QN,\u_aes_peripheral/u_aes_round1/n1196
u_aes_peripheral/u_aes_round1/SB_REG_reg[58],\u_aes_peripheral/u_aes_round1/SB_REG_reg[58]/Q;\u_aes_peripheral/u_aes_round1/SB_REG_reg[58]/QN,\u_aes_peripheral/u_aes_round1/n1198
u_aes_peripheral/u_aes_round1/SB_REG_reg[59],\u_aes_peripheral/u_aes_round1/SB_REG_reg[59]/Q,\u_aes_peripheral/u_aes_round1/n1200
u_aes_peripheral/u_aes_round1/SB_REG_reg[5],\u_aes_peripheral/u_aes_round1/SB_REG_reg[5]/Q;\u_aes_peripheral/u_aes_round1/SB_REG_reg[5]/QN,\u_aes_peripheral/u_aes_round1/n989
u_aes_peripheral/u_aes_round1/SB_REG_reg[60],\u_aes_peripheral/u_aes_round1/SB_REG_reg[60]/Q;\u_aes_peripheral/u_aes_round1/SB_REG_reg[60]/QN,\u_aes_peripheral/u_aes_round1/n1202
u_aes_peripheral/u_aes_round1/SB_REG_reg[61],\u_aes_peripheral/u_aes_round1/SB_REG_reg[61]/Q;\u_aes_peripheral/u_aes_round1/SB_REG_reg[61]/QN,\u_aes_peripheral/u_aes_round1/n1204
u_aes_peripheral/u_aes_round1/SB_REG_reg[62],\u_aes_peripheral/u_aes_round1/SB_REG_reg[62]/Q;\u_aes_peripheral/u_aes_round1/SB_REG_reg[62]/QN,\u_aes_peripheral/u_aes_round1/n1206
u_aes_peripheral/u_aes_round1/SB_REG_reg[63],\u_aes_peripheral/u_aes_round1/SB_REG_reg[63]/Q;\u_aes_peripheral/u_aes_round1/SB_REG_reg[63]/QN,\u_aes_peripheral/u_aes_round1/n1208
u_aes_peripheral/u_aes_round1/SB_REG_reg[64],\u_aes_peripheral/u_aes_round1/SB_REG_reg[64]/Q;\u_aes_peripheral/u_aes_round1/SB_REG_reg[64]/QN,\u_aes_peripheral/u_aes_round1/n1210
u_aes_peripheral/u_aes_round1/SB_REG_reg[65],\u_aes_peripheral/u_aes_round1/SB_REG_reg[65]/Q;\u_aes_peripheral/u_aes_round1/SB_REG_reg[65]/QN,\u_aes_peripheral/u_aes_round1/n1212
u_aes_peripheral/u_aes_round1/SB_REG_reg[66],\u_aes_peripheral/u_aes_round1/SB_REG_reg[66]/Q;\u_aes_peripheral/u_aes_round1/SB_REG_reg[66]/QN,\u_aes_peripheral/u_aes_round1/n1214
u_aes_peripheral/u_aes_round1/SB_REG_reg[67],\u_aes_peripheral/u_aes_round1/SB_REG_reg[67]/Q;\u_aes_peripheral/u_aes_round1/SB_REG_reg[67]/QN,\u_aes_peripheral/u_aes_round1/n1216
u_aes_peripheral/u_aes_round1/SB_REG_reg[68],\u_aes_peripheral/u_aes_round1/SB_REG_reg[68]/Q;\u_aes_peripheral/u_aes_round1/SB_REG_reg[68]/QN,\u_aes_peripheral/u_aes_round1/n1218
u_aes_peripheral/u_aes_round1/SB_REG_reg[69],\u_aes_peripheral/u_aes_round1/SB_REG_reg[69]/Q;\u_aes_peripheral/u_aes_round1/SB_REG_reg[69]/QN,\u_aes_peripheral/u_aes_round1/n1220
u_aes_peripheral/u_aes_round1/SB_REG_reg[6],\u_aes_peripheral/u_aes_round1/SB_REG_reg[6]/Q;\u_aes_peripheral/u_aes_round1/SB_REG_reg[6]/QN,\u_aes_peripheral/u_aes_round1/n995
u_aes_peripheral/u_aes_round1/SB_REG_reg[70],\u_aes_peripheral/u_aes_round1/SB_REG_reg[70]/Q;\u_aes_peripheral/u_aes_round1/SB_REG_reg[70]/QN,\u_aes_peripheral/u_aes_round1/n1222
u_aes_peripheral/u_aes_round1/SB_REG_reg[71],\u_aes_peripheral/u_aes_round1/SB_REG_reg[71]/Q;\u_aes_peripheral/u_aes_round1/SB_REG_reg[71]/QN,\u_aes_peripheral/u_aes_round1/n1224
u_aes_peripheral/u_aes_round1/SB_REG_reg[72],\u_aes_peripheral/u_aes_round1/SB_REG_reg[72]/Q;\u_aes_peripheral/u_aes_round1/SB_REG_reg[72]/QN,\u_aes_peripheral/u_aes_round1/n1226
u_aes_peripheral/u_aes_round1/SB_REG_reg[73],\u_aes_peripheral/u_aes_round1/SB_REG_reg[73]/Q;\u_aes_peripheral/u_aes_round1/SB_REG_reg[73]/QN,\u_aes_peripheral/u_aes_round1/n1228
u_aes_peripheral/u_aes_round1/SB_REG_reg[74],\u_aes_peripheral/u_aes_round1/SB_REG_reg[74]/Q;\u_aes_peripheral/u_aes_round1/SB_REG_reg[74]/QN,\u_aes_peripheral/u_aes_round1/n1230
u_aes_peripheral/u_aes_round1/SB_REG_reg[75],\u_aes_peripheral/u_aes_round1/SB_REG_reg[75]/Q;\u_aes_peripheral/u_aes_round1/SB_REG_reg[75]/QN,\u_aes_peripheral/u_aes_round1/n1232
u_aes_peripheral/u_aes_round1/SB_REG_reg[76],\u_aes_peripheral/u_aes_round1/SB_REG_reg[76]/Q;\u_aes_peripheral/u_aes_round1/SB_REG_reg[76]/QN,\u_aes_peripheral/u_aes_round1/n1234
u_aes_peripheral/u_aes_round1/SB_REG_reg[77],\u_aes_peripheral/u_aes_round1/SB_REG_reg[77]/Q;\u_aes_peripheral/u_aes_round1/SB_REG_reg[77]/QN,\u_aes_peripheral/u_aes_round1/n1236
u_aes_peripheral/u_aes_round1/SB_REG_reg[78],\u_aes_peripheral/u_aes_round1/SB_REG_reg[78]/Q;\u_aes_peripheral/u_aes_round1/SB_REG_reg[78]/QN,\u_aes_peripheral/u_aes_round1/n1238
u_aes_peripheral/u_aes_round1/SB_REG_reg[79],\u_aes_peripheral/u_aes_round1/SB_REG_reg[79]/Q;\u_aes_peripheral/u_aes_round1/SB_REG_reg[79]/QN,\u_aes_peripheral/u_aes_round1/n1240
u_aes_peripheral/u_aes_round1/SB_REG_reg[7],\u_aes_peripheral/u_aes_round1/SB_REG_reg[7]/Q,\u_aes_peripheral/u_aes_round1/n1000
u_aes_peripheral/u_aes_round1/SB_REG_reg[80],\u_aes_peripheral/u_aes_round1/SB_REG_reg[80]/Q;\u_aes_peripheral/u_aes_round1/SB_REG_reg[80]/QN,\u_aes_peripheral/u_aes_round1/n1242
u_aes_peripheral/u_aes_round1/SB_REG_reg[81],\u_aes_peripheral/u_aes_round1/SB_REG_reg[81]/Q;\u_aes_peripheral/u_aes_round1/SB_REG_reg[81]/QN,\u_aes_peripheral/u_aes_round1/n1244
u_aes_peripheral/u_aes_round1/SB_REG_reg[82],\u_aes_peripheral/u_aes_round1/SB_REG_reg[82]/Q;\u_aes_peripheral/u_aes_round1/SB_REG_reg[82]/QN,\u_aes_peripheral/u_aes_round1/n1246
u_aes_peripheral/u_aes_round1/SB_REG_reg[83],\u_aes_peripheral/u_aes_round1/SB_REG_reg[83]/Q;\u_aes_peripheral/u_aes_round1/SB_REG_reg[83]/QN,\u_aes_peripheral/u_aes_round1/n1248
u_aes_peripheral/u_aes_round1/SB_REG_reg[84],\u_aes_peripheral/u_aes_round1/SB_REG_reg[84]/Q;\u_aes_peripheral/u_aes_round1/SB_REG_reg[84]/QN,\u_aes_peripheral/u_aes_round1/n1250
u_aes_peripheral/u_aes_round1/SB_REG_reg[85],\u_aes_peripheral/u_aes_round1/SB_REG_reg[85]/Q;\u_aes_peripheral/u_aes_round1/SB_REG_reg[85]/QN,\u_aes_peripheral/u_aes_round1/n1252
u_aes_peripheral/u_aes_round1/SB_REG_reg[86],\u_aes_peripheral/u_aes_round1/SB_REG_reg[86]/Q;\u_aes_peripheral/u_aes_round1/SB_REG_reg[86]/QN,\u_aes_peripheral/u_aes_round1/n1254
u_aes_peripheral/u_aes_round1/SB_REG_reg[87],\u_aes_peripheral/u_aes_round1/SB_REG_reg[87]/Q;\u_aes_peripheral/u_aes_round1/SB_REG_reg[87]/QN,\u_aes_peripheral/u_aes_round1/n1256
u_aes_peripheral/u_aes_round1/SB_REG_reg[88],\u_aes_peripheral/u_aes_round1/SB_REG_reg[88]/Q;\u_aes_peripheral/u_aes_round1/SB_REG_reg[88]/QN,\u_aes_peripheral/u_aes_round1/n1258
u_aes_peripheral/u_aes_round1/SB_REG_reg[89],\u_aes_peripheral/u_aes_round1/SB_REG_reg[89]/Q;\u_aes_peripheral/u_aes_round1/SB_REG_reg[89]/QN,\u_aes_peripheral/u_aes_round1/n1260
u_aes_peripheral/u_aes_round1/SB_REG_reg[8],\u_aes_peripheral/u_aes_round1/SB_REG_reg[8]/Q;\u_aes_peripheral/u_aes_round1/SB_REG_reg[8]/QN,\u_aes_peripheral/u_aes_round1/n1007
u_aes_peripheral/u_aes_round1/SB_REG_reg[90],\u_aes_peripheral/u_aes_round1/SB_REG_reg[90]/Q;\u_aes_peripheral/u_aes_round1/SB_REG_reg[90]/QN,\u_aes_peripheral/u_aes_round1/n1262
u_aes_peripheral/u_aes_round1/SB_REG_reg[91],\u_aes_peripheral/u_aes_round1/SB_REG_reg[91]/Q;\u_aes_peripheral/u_aes_round1/SB_REG_reg[91]/QN,\u_aes_peripheral/u_aes_round1/n1264
u_aes_peripheral/u_aes_round1/SB_REG_reg[92],\u_aes_peripheral/u_aes_round1/SB_REG_reg[92]/Q;\u_aes_peripheral/u_aes_round1/SB_REG_reg[92]/QN,\u_aes_peripheral/u_aes_round1/n1266
u_aes_peripheral/u_aes_round1/SB_REG_reg[93],\u_aes_peripheral/u_aes_round1/SB_REG_reg[93]/Q;\u_aes_peripheral/u_aes_round1/SB_REG_reg[93]/QN,\u_aes_peripheral/u_aes_round1/n1268
u_aes_peripheral/u_aes_round1/SB_REG_reg[94],\u_aes_peripheral/u_aes_round1/SB_REG_reg[94]/Q;\u_aes_peripheral/u_aes_round1/SB_REG_reg[94]/QN,\u_aes_peripheral/u_aes_round1/n1270
u_aes_peripheral/u_aes_round1/SB_REG_reg[95],\u_aes_peripheral/u_aes_round1/SB_REG_reg[95]/Q;\u_aes_peripheral/u_aes_round1/SB_REG_reg[95]/QN,\u_aes_peripheral/u_aes_round1/n1272
u_aes_peripheral/u_aes_round1/SB_REG_reg[96],\u_aes_peripheral/u_aes_round1/SB_REG_reg[96]/Q;\u_aes_peripheral/u_aes_round1/SB_REG_reg[96]/QN,\u_aes_peripheral/u_aes_round1/n1274
u_aes_peripheral/u_aes_round1/SB_REG_reg[97],\u_aes_peripheral/u_aes_round1/SB_REG_reg[97]/Q;\u_aes_peripheral/u_aes_round1/SB_REG_reg[97]/QN,\u_aes_peripheral/u_aes_round1/n1276
u_aes_peripheral/u_aes_round1/SB_REG_reg[98],\u_aes_peripheral/u_aes_round1/SB_REG_reg[98]/Q;\u_aes_peripheral/u_aes_round1/SB_REG_reg[98]/QN,\u_aes_peripheral/u_aes_round1/n1278
u_aes_peripheral/u_aes_round1/SB_REG_reg[99],\u_aes_peripheral/u_aes_round1/SB_REG_reg[99]/Q;\u_aes_peripheral/u_aes_round1/SB_REG_reg[99]/QN,\u_aes_peripheral/u_aes_round1/n1280
u_aes_peripheral/u_aes_round1/SB_REG_reg[9],\u_aes_peripheral/u_aes_round1/SB_REG_reg[9]/Q;\u_aes_peripheral/u_aes_round1/SB_REG_reg[9]/QN,\u_aes_peripheral/u_aes_round1/n1013
u_aes_peripheral/u_aes_round1/SR_REG_reg[0],\u_aes_peripheral/u_aes_round1/SR_REG_reg[0]/Q;\u_aes_peripheral/u_aes_round1/SR_REG_reg[0]/QN,\u_aes_peripheral/u_aes_round1/n2116
u_aes_peripheral/u_aes_round1/SR_REG_reg[100],\u_aes_peripheral/u_aes_round1/SR_REG_reg[100]/QN,\u_aes_peripheral/u_aes_round1/n982
u_aes_peripheral/u_aes_round1/SR_REG_reg[101],\u_aes_peripheral/u_aes_round1/SR_REG_reg[101]/QN,\u_aes_peripheral/u_aes_round1/n988
u_aes_peripheral/u_aes_round1/SR_REG_reg[102],\u_aes_peripheral/u_aes_round1/SR_REG_reg[102]/QN,\u_aes_peripheral/u_aes_round1/n994
u_aes_peripheral/u_aes_round1/SR_REG_reg[103],\u_aes_peripheral/u_aes_round1/SR_REG_reg[103]/Q;\u_aes_peripheral/u_aes_round1/SR_REG_reg[103]/QN,\u_aes_peripheral/u_aes_round1/n419
u_aes_peripheral/u_aes_round1/SR_REG_reg[104],\u_aes_peripheral/u_aes_round1/SR_REG_reg[104]/Q;\u_aes_peripheral/u_aes_round1/SR_REG_reg[104]/QN,\u_aes_peripheral/u_aes_round1/n143
u_aes_peripheral/u_aes_round1/SR_REG_reg[105],\u_aes_peripheral/u_aes_round1/SR_REG_reg[105]/QN,\u_aes_peripheral/u_aes_round1/n1163
u_aes_peripheral/u_aes_round1/SR_REG_reg[106],\u_aes_peripheral/u_aes_round1/SR_REG_reg[106]/QN,\u_aes_peripheral/u_aes_round1/n1165
u_aes_peripheral/u_aes_round1/SR_REG_reg[107],\u_aes_peripheral/u_aes_round1/SR_REG_reg[107]/QN,\u_aes_peripheral/u_aes_round1/n1167
u_aes_peripheral/u_aes_round1/SR_REG_reg[108],\u_aes_peripheral/u_aes_round1/SR_REG_reg[108]/QN,\u_aes_peripheral/u_aes_round1/n1169
u_aes_peripheral/u_aes_round1/SR_REG_reg[109],\u_aes_peripheral/u_aes_round1/SR_REG_reg[109]/QN,\u_aes_peripheral/u_aes_round1/n1171
u_aes_peripheral/u_aes_round1/SR_REG_reg[10],\u_aes_peripheral/u_aes_round1/SR_REG_reg[10]/QN,\u_aes_peripheral/u_aes_round1/n1229
u_aes_peripheral/u_aes_round1/SR_REG_reg[110],\u_aes_peripheral/u_aes_round1/SR_REG_reg[110]/Q;\u_aes_peripheral/u_aes_round1/SR_REG_reg[110]/QN,\u_aes_peripheral/u_aes_round1/n195
u_aes_peripheral/u_aes_round1/SR_REG_reg[111],\u_aes_peripheral/u_aes_round1/SR_REG_reg[111]/QN,\u_aes_peripheral/u_aes_round1/n1175
u_aes_peripheral/u_aes_round1/SR_REG_reg[112],\u_aes_peripheral/u_aes_round1/SR_REG_reg[112]/QN,\u_aes_peripheral/u_aes_round1/n1241
u_aes_peripheral/u_aes_round1/SR_REG_reg[113],\u_aes_peripheral/u_aes_round1/SR_REG_reg[113]/Q;\u_aes_peripheral/u_aes_round1/SR_REG_reg[113]/QN,\u_aes_peripheral/u_aes_round1/n64
u_aes_peripheral/u_aes_round1/SR_REG_reg[114],\u_aes_peripheral/u_aes_round1/SR_REG_reg[114]/QN,\u_aes_peripheral/u_aes_round1/n1245
u_aes_peripheral/u_aes_round1/SR_REG_reg[115],\u_aes_peripheral/u_aes_round1/SR_REG_reg[115]/QN,\u_aes_peripheral/u_aes_round1/n1247
u_aes_peripheral/u_aes_round1/SR_REG_reg[116],\u_aes_peripheral/u_aes_round1/SR_REG_reg[116]/QN,\u_aes_peripheral/u_aes_round1/n1249
u_aes_peripheral/u_aes_round1/SR_REG_reg[117],\u_aes_peripheral/u_aes_round1/SR_REG_reg[117]/QN,\u_aes_peripheral/u_aes_round1/n1251
u_aes_peripheral/u_aes_round1/SR_REG_reg[118],\u_aes_peripheral/u_aes_round1/SR_REG_reg[118]/Q;\u_aes_peripheral/u_aes_round1/SR_REG_reg[118]/QN,\u_aes_peripheral/u_aes_round1/n125
u_aes_peripheral/u_aes_round1/SR_REG_reg[119],\u_aes_peripheral/u_aes_round1/SR_REG_reg[119]/QN,\u_aes_peripheral/u_aes_round1/n1255
u_aes_peripheral/u_aes_round1/SR_REG_reg[11],\u_aes_peripheral/u_aes_round1/SR_REG_reg[11]/QN,\u_aes_peripheral/u_aes_round1/n1231
u_aes_peripheral/u_aes_round1/SR_REG_reg[120],\u_aes_peripheral/u_aes_round1/SR_REG_reg[120]/QN,\u_aes_peripheral/u_aes_round1/n1321
u_aes_peripheral/u_aes_round1/SR_REG_reg[121],\u_aes_peripheral/u_aes_round1/SR_REG_reg[121]/QN,\u_aes_peripheral/u_aes_round1/n1323
u_aes_peripheral/u_aes_round1/SR_REG_reg[122],\u_aes_peripheral/u_aes_round1/SR_REG_reg[122]/QN,\u_aes_peripheral/u_aes_round1/n1325
u_aes_peripheral/u_aes_round1/SR_REG_reg[123],\u_aes_peripheral/u_aes_round1/SR_REG_reg[123]/Q;\u_aes_peripheral/u_aes_round1/SR_REG_reg[123]/QN,\u_aes_peripheral/u_aes_round1/n269
u_aes_peripheral/u_aes_round1/SR_REG_reg[124],\u_aes_peripheral/u_aes_round1/SR_REG_reg[124]/QN,\u_aes_peripheral/u_aes_round1/n1329
u_aes_peripheral/u_aes_round1/SR_REG_reg[125],\u_aes_peripheral/u_aes_round1/SR_REG_reg[125]/QN,\u_aes_peripheral/u_aes_round1/n1331
u_aes_peripheral/u_aes_round1/SR_REG_reg[126],\u_aes_peripheral/u_aes_round1/SR_REG_reg[126]/QN,\u_aes_peripheral/u_aes_round1/n1333
u_aes_peripheral/u_aes_round1/SR_REG_reg[127],\u_aes_peripheral/u_aes_round1/SR_REG_reg[127]/Q;\u_aes_peripheral/u_aes_round1/SR_REG_reg[127]/QN,\u_aes_peripheral/u_aes_round1/n421
u_aes_peripheral/u_aes_round1/SR_REG_reg[12],\u_aes_peripheral/u_aes_round1/SR_REG_reg[12]/QN,\u_aes_peripheral/u_aes_round1/n1233
u_aes_peripheral/u_aes_round1/SR_REG_reg[13],\u_aes_peripheral/u_aes_round1/SR_REG_reg[13]/Q;\u_aes_peripheral/u_aes_round1/SR_REG_reg[13]/QN,\u_aes_peripheral/u_aes_round1/n170
u_aes_peripheral/u_aes_round1/SR_REG_reg[14],\u_aes_peripheral/u_aes_round1/SR_REG_reg[14]/QN,\u_aes_peripheral/u_aes_round1/n1237
u_aes_peripheral/u_aes_round1/SR_REG_reg[15],\u_aes_peripheral/u_aes_round1/SR_REG_reg[15]/Q;\u_aes_peripheral/u_aes_round1/SR_REG_reg[15]/QN,\u_aes_peripheral/u_aes_round1/n20
u_aes_peripheral/u_aes_round1/SR_REG_reg[16],\u_aes_peripheral/u_aes_round1/SR_REG_reg[16]/Q;\u_aes_peripheral/u_aes_round1/SR_REG_reg[16]/QN,\u_aes_peripheral/u_aes_round1/n2085
u_aes_peripheral/u_aes_round1/SR_REG_reg[17],\u_aes_peripheral/u_aes_round1/SR_REG_reg[17]/Q;\u_aes_peripheral/u_aes_round1/SR_REG_reg[17]/QN,\u_aes_peripheral/u_aes_round1/n49
u_aes_peripheral/u_aes_round1/SR_REG_reg[18],\u_aes_peripheral/u_aes_round1/SR_REG_reg[18]/Q;\u_aes_peripheral/u_aes_round1/SR_REG_reg[18]/QN,\u_aes_peripheral/u_aes_round1/n247
u_aes_peripheral/u_aes_round1/SR_REG_reg[19],\u_aes_peripheral/u_aes_round1/SR_REG_reg[19]/Q;\u_aes_peripheral/u_aes_round1/SR_REG_reg[19]/QN,\u_aes_peripheral/u_aes_round1/n2081
u_aes_peripheral/u_aes_round1/SR_REG_reg[1],\u_aes_peripheral/u_aes_round1/SR_REG_reg[1]/Q;\u_aes_peripheral/u_aes_round1/SR_REG_reg[1]/QN,\u_aes_peripheral/u_aes_round1/n2115
u_aes_peripheral/u_aes_round1/SR_REG_reg[20],\u_aes_peripheral/u_aes_round1/SR_REG_reg[20]/QN,\u_aes_peripheral/u_aes_round1/n1313
u_aes_peripheral/u_aes_round1/SR_REG_reg[21],\u_aes_peripheral/u_aes_round1/SR_REG_reg[21]/Q;\u_aes_peripheral/u_aes_round1/SR_REG_reg[21]/QN,\u_aes_peripheral/u_aes_round1/n169
u_aes_peripheral/u_aes_round1/SR_REG_reg[22],\u_aes_peripheral/u_aes_round1/SR_REG_reg[22]/QN,\u_aes_peripheral/u_aes_round1/n1317
u_aes_peripheral/u_aes_round1/SR_REG_reg[23],\u_aes_peripheral/u_aes_round1/SR_REG_reg[23]/QN,\u_aes_peripheral/u_aes_round1/n1319
u_aes_peripheral/u_aes_round1/SR_REG_reg[24],\u_aes_peripheral/u_aes_round1/SR_REG_reg[24]/Q;\u_aes_peripheral/u_aes_round1/SR_REG_reg[24]/QN,\u_aes_peripheral/u_aes_round1/n21
u_aes_peripheral/u_aes_round1/SR_REG_reg[25],\u_aes_peripheral/u_aes_round1/SR_REG_reg[25]/Q;\u_aes_peripheral/u_aes_round1/SR_REG_reg[25]/QN,\u_aes_peripheral/u_aes_round1/n221
u_aes_peripheral/u_aes_round1/SR_REG_reg[26],\u_aes_peripheral/u_aes_round1/SR_REG_reg[26]/QN,\u_aes_peripheral/u_aes_round1/n1114
u_aes_peripheral/u_aes_round1/SR_REG_reg[27],\u_aes_peripheral/u_aes_round1/SR_REG_reg[27]/Q;\u_aes_peripheral/u_aes_round1/SR_REG_reg[27]/QN,\u_aes_peripheral/u_aes_round1/n83
u_aes_peripheral/u_aes_round1/SR_REG_reg[28],\u_aes_peripheral/u_aes_round1/SR_REG_reg[28]/QN,\u_aes_peripheral/u_aes_round1/n1126
u_aes_peripheral/u_aes_round1/SR_REG_reg[29],\u_aes_peripheral/u_aes_round1/SR_REG_reg[29]/Q;\u_aes_peripheral/u_aes_round1/SR_REG_reg[29]/QN,\u_aes_peripheral/u_aes_round1/n237
u_aes_peripheral/u_aes_round1/SR_REG_reg[2],\u_aes_peripheral/u_aes_round1/SR_REG_reg[2]/Q;\u_aes_peripheral/u_aes_round1/SR_REG_reg[2]/QN,\u_aes_peripheral/u_aes_round1/n2114
u_aes_peripheral/u_aes_round1/SR_REG_reg[30],\u_aes_peripheral/u_aes_round1/SR_REG_reg[30]/Q;\u_aes_peripheral/u_aes_round1/SR_REG_reg[30]/QN,\u_aes_peripheral/u_aes_round1/n241
u_aes_peripheral/u_aes_round1/SR_REG_reg[31],\u_aes_peripheral/u_aes_round1/SR_REG_reg[31]/Q;\u_aes_peripheral/u_aes_round1/SR_REG_reg[31]/QN,\u_aes_peripheral/u_aes_round1/n138
u_aes_peripheral/u_aes_round1/SR_REG_reg[32],\u_aes_peripheral/u_aes_round1/SR_REG_reg[32]/Q;\u_aes_peripheral/u_aes_round1/SR_REG_reg[32]/QN,\u_aes_peripheral/u_aes_round1/n248
u_aes_peripheral/u_aes_round1/SR_REG_reg[33],\u_aes_peripheral/u_aes_round1/SR_REG_reg[33]/QN,\u_aes_peripheral/u_aes_round1/n1211
u_aes_peripheral/u_aes_round1/SR_REG_reg[34],\u_aes_peripheral/u_aes_round1/SR_REG_reg[34]/QN,\u_aes_peripheral/u_aes_round1/n1213
u_aes_peripheral/u_aes_round1/SR_REG_reg[35],\u_aes_peripheral/u_aes_round1/SR_REG_reg[35]/QN,\u_aes_peripheral/u_aes_round1/n1215
u_aes_peripheral/u_aes_round1/SR_REG_reg[36],\u_aes_peripheral/u_aes_round1/SR_REG_reg[36]/QN,\u_aes_peripheral/u_aes_round1/n1217
u_aes_peripheral/u_aes_round1/SR_REG_reg[37],\u_aes_peripheral/u_aes_round1/SR_REG_reg[37]/Q;\u_aes_peripheral/u_aes_round1/SR_REG_reg[37]/QN,\u_aes_peripheral/u_aes_round1/n167
u_aes_peripheral/u_aes_round1/SR_REG_reg[38],\u_aes_peripheral/u_aes_round1/SR_REG_reg[38]/QN,\u_aes_peripheral/u_aes_round1/n1221
u_aes_peripheral/u_aes_round1/SR_REG_reg[39],\u_aes_peripheral/u_aes_round1/SR_REG_reg[39]/Q;\u_aes_peripheral/u_aes_round1/SR_REG_reg[39]/QN,\u_aes_peripheral/u_aes_round1/n30
u_aes_peripheral/u_aes_round1/SR_REG_reg[3],\u_aes_peripheral/u_aes_round1/SR_REG_reg[3]/Q;\u_aes_peripheral/u_aes_round1/SR_REG_reg[3]/QN,\u_aes_peripheral/u_aes_round1/n374
u_aes_peripheral/u_aes_round1/SR_REG_reg[40],\u_aes_peripheral/u_aes_round1/SR_REG_reg[40]/Q;\u_aes_peripheral/u_aes_round1/SR_REG_reg[40]/QN,\u_aes_peripheral/u_aes_round1/n182
u_aes_peripheral/u_aes_round1/SR_REG_reg[41],\u_aes_peripheral/u_aes_round1/SR_REG_reg[41]/QN,\u_aes_peripheral/u_aes_round1/n1291
u_aes_peripheral/u_aes_round1/SR_REG_reg[42],\u_aes_peripheral/u_aes_round1/SR_REG_reg[42]/Q;\u_aes_peripheral/u_aes_round1/SR_REG_reg[42]/QN,\u_aes_peripheral/u_aes_round1/n217
u_aes_peripheral/u_aes_round1/SR_REG_reg[43],\u_aes_peripheral/u_aes_round1/SR_REG_reg[43]/Q;\u_aes_peripheral/u_aes_round1/SR_REG_reg[43]/QN,\u_aes_peripheral/u_aes_round1/n2091
u_aes_peripheral/u_aes_round1/SR_REG_reg[44],\u_aes_peripheral/u_aes_round1/SR_REG_reg[44]/QN,\u_aes_peripheral/u_aes_round1/n1297
u_aes_peripheral/u_aes_round1/SR_REG_reg[45],\u_aes_peripheral/u_aes_round1/SR_REG_reg[45]/Q;\u_aes_peripheral/u_aes_round1/SR_REG_reg[45]/QN,\u_aes_peripheral/u_aes_round1/n150
u_aes_peripheral/u_aes_round1/SR_REG_reg[46],\u_aes_peripheral/u_aes_round1/SR_REG_reg[46]/QN,\u_aes_peripheral/u_aes_round1/n1301
u_aes_peripheral/u_aes_round1/SR_REG_reg[47],\u_aes_peripheral/u_aes_round1/SR_REG_reg[47]/Q;\u_aes_peripheral/u_aes_round1/SR_REG_reg[47]/QN,\u_aes_peripheral/u_aes_round1/n93
u_aes_peripheral/u_aes_round1/SR_REG_reg[48],\u_aes_peripheral/u_aes_round1/SR_REG_reg[48]/Q;\u_aes_peripheral/u_aes_round1/SR_REG_reg[48]/QN,\u_aes_peripheral/u_aes_round1/n99
u_aes_peripheral/u_aes_round1/SR_REG_reg[49],\u_aes_peripheral/u_aes_round1/SR_REG_reg[49]/QN,\u_aes_peripheral/u_aes_round1/n1060
u_aes_peripheral/u_aes_round1/SR_REG_reg[4],\u_aes_peripheral/u_aes_round1/SR_REG_reg[4]/QN,\u_aes_peripheral/u_aes_round1/n1153
u_aes_peripheral/u_aes_round1/SR_REG_reg[50],\u_aes_peripheral/u_aes_round1/SR_REG_reg[50]/QN,\u_aes_peripheral/u_aes_round1/n1066
u_aes_peripheral/u_aes_round1/SR_REG_reg[51],\u_aes_peripheral/u_aes_round1/SR_REG_reg[51]/Q;\u_aes_peripheral/u_aes_round1/SR_REG_reg[51]/QN,\u_aes_peripheral/u_aes_round1/n106
u_aes_peripheral/u_aes_round1/SR_REG_reg[52],\u_aes_peripheral/u_aes_round1/SR_REG_reg[52]/QN,\u_aes_peripheral/u_aes_round1/n1078
u_aes_peripheral/u_aes_round1/SR_REG_reg[53],\u_aes_peripheral/u_aes_round1/SR_REG_reg[53]/Q;\u_aes_peripheral/u_aes_round1/SR_REG_reg[53]/QN,\u_aes_peripheral/u_aes_round1/n222
u_aes_peripheral/u_aes_round1/SR_REG_reg[54],\u_aes_peripheral/u_aes_round1/SR_REG_reg[54]/Q;\u_aes_peripheral/u_aes_round1/SR_REG_reg[54]/QN,\u_aes_peripheral/u_aes_round1/n234
u_aes_peripheral/u_aes_round1/SR_REG_reg[55],\u_aes_peripheral/u_aes_round1/SR_REG_reg[55]/Q;\u_aes_peripheral/u_aes_round1/SR_REG_reg[55]/QN,\u_aes_peripheral/u_aes_round1/n420
u_aes_peripheral/u_aes_round1/SR_REG_reg[56],\u_aes_peripheral/u_aes_round1/SR_REG_reg[56]/Q;\u_aes_peripheral/u_aes_round1/SR_REG_reg[56]/QN,\u_aes_peripheral/u_aes_round1/n146
u_aes_peripheral/u_aes_round1/SR_REG_reg[57],\u_aes_peripheral/u_aes_round1/SR_REG_reg[57]/QN,\u_aes_peripheral/u_aes_round1/n1195
u_aes_peripheral/u_aes_round1/SR_REG_reg[58],\u_aes_peripheral/u_aes_round1/SR_REG_reg[58]/Q;\u_aes_peripheral/u_aes_round1/SR_REG_reg[58]/QN,\u_aes_peripheral/u_aes_round1/n210
u_aes_peripheral/u_aes_round1/SR_REG_reg[59],\u_aes_peripheral/u_aes_round1/SR_REG_reg[59]/Q;\u_aes_peripheral/u_aes_round1/SR_REG_reg[59]/QN,\u_aes_peripheral/u_aes_round1/n382
u_aes_peripheral/u_aes_round1/SR_REG_reg[5],\u_aes_peripheral/u_aes_round1/SR_REG_reg[5]/Q;\u_aes_peripheral/u_aes_round1/SR_REG_reg[5]/QN,\u_aes_peripheral/u_aes_round1/n267
u_aes_peripheral/u_aes_round1/SR_REG_reg[60],\u_aes_peripheral/u_aes_round1/SR_REG_reg[60]/QN,\u_aes_peripheral/u_aes_round1/n1201
u_aes_peripheral/u_aes_round1/SR_REG_reg[61],\u_aes_peripheral/u_aes_round1/SR_REG_reg[61]/Q;\u_aes_peripheral/u_aes_round1/SR_REG_reg[61]/QN,\u_aes_peripheral/u_aes_round1/n253
u_aes_peripheral/u_aes_round1/SR_REG_reg[62],\u_aes_peripheral/u_aes_round1/SR_REG_reg[62]/QN,\u_aes_peripheral/u_aes_round1/n1205
u_aes_peripheral/u_aes_round1/SR_REG_reg[63],\u_aes_peripheral/u_aes_round1/SR_REG_reg[63]/QN,\u_aes_peripheral/u_aes_round1/n1207
u_aes_peripheral/u_aes_round1/SR_REG_reg[64],\u_aes_peripheral/u_aes_round1/SR_REG_reg[64]/Q;\u_aes_peripheral/u_aes_round1/SR_REG_reg[64]/QN,\u_aes_peripheral/u_aes_round1/n171
u_aes_peripheral/u_aes_round1/SR_REG_reg[65],\u_aes_peripheral/u_aes_round1/SR_REG_reg[65]/Q;\u_aes_peripheral/u_aes_round1/SR_REG_reg[65]/QN,\u_aes_peripheral/u_aes_round1/n137
u_aes_peripheral/u_aes_round1/SR_REG_reg[66],\u_aes_peripheral/u_aes_round1/SR_REG_reg[66]/QN,\u_aes_peripheral/u_aes_round1/n1277
u_aes_peripheral/u_aes_round1/SR_REG_reg[67],\u_aes_peripheral/u_aes_round1/SR_REG_reg[67]/QN,\u_aes_peripheral/u_aes_round1/n1279
u_aes_peripheral/u_aes_round1/SR_REG_reg[68],\u_aes_peripheral/u_aes_round1/SR_REG_reg[68]/Q;\u_aes_peripheral/u_aes_round1/SR_REG_reg[68]/QN,\u_aes_peripheral/u_aes_round1/n384
u_aes_peripheral/u_aes_round1/SR_REG_reg[69],\u_aes_peripheral/u_aes_round1/SR_REG_reg[69]/QN,\u_aes_peripheral/u_aes_round1/n1283
u_aes_peripheral/u_aes_round1/SR_REG_reg[6],\u_aes_peripheral/u_aes_round1/SR_REG_reg[6]/QN,\u_aes_peripheral/u_aes_round1/n1157
u_aes_peripheral/u_aes_round1/SR_REG_reg[70],\u_aes_peripheral/u_aes_round1/SR_REG_reg[70]/QN,\u_aes_peripheral/u_aes_round1/n1285
u_aes_peripheral/u_aes_round1/SR_REG_reg[71],\u_aes_peripheral/u_aes_round1/SR_REG_reg[71]/Q;\u_aes_peripheral/u_aes_round1/SR_REG_reg[71]/QN,\u_aes_peripheral/u_aes_round1/n100
u_aes_peripheral/u_aes_round1/SR_REG_reg[72],\u_aes_peripheral/u_aes_round1/SR_REG_reg[72]/Q;\u_aes_peripheral/u_aes_round1/SR_REG_reg[72]/QN,\u_aes_peripheral/u_aes_round1/n245
u_aes_peripheral/u_aes_round1/SR_REG_reg[73],\u_aes_peripheral/u_aes_round1/SR_REG_reg[73]/QN,\u_aes_peripheral/u_aes_round1/n1012
u_aes_peripheral/u_aes_round1/SR_REG_reg[74],\u_aes_peripheral/u_aes_round1/SR_REG_reg[74]/Q;\u_aes_peripheral/u_aes_round1/SR_REG_reg[74]/QN,\u_aes_peripheral/u_aes_round1/n215
u_aes_peripheral/u_aes_round1/SR_REG_reg[75],\u_aes_peripheral/u_aes_round1/SR_REG_reg[75]/Q;\u_aes_peripheral/u_aes_round1/SR_REG_reg[75]/QN,\u_aes_peripheral/u_aes_round1/n2123
u_aes_peripheral/u_aes_round1/SR_REG_reg[76],\u_aes_peripheral/u_aes_round1/SR_REG_reg[76]/QN,\u_aes_peripheral/u_aes_round1/n1030
u_aes_peripheral/u_aes_round1/SR_REG_reg[77],\u_aes_peripheral/u_aes_round1/SR_REG_reg[77]/QN,\u_aes_peripheral/u_aes_round1/n1036
u_aes_peripheral/u_aes_round1/SR_REG_reg[78],\u_aes_peripheral/u_aes_round1/SR_REG_reg[78]/Q;\u_aes_peripheral/u_aes_round1/SR_REG_reg[78]/QN,\u_aes_peripheral/u_aes_round1/n132
u_aes_peripheral/u_aes_round1/SR_REG_reg[79],\u_aes_peripheral/u_aes_round1/SR_REG_reg[79]/QN,\u_aes_peripheral/u_aes_round1/n1047
u_aes_peripheral/u_aes_round1/SR_REG_reg[7],\u_aes_peripheral/u_aes_round1/SR_REG_reg[7]/Q;\u_aes_peripheral/u_aes_round1/SR_REG_reg[7]/QN,\u_aes_peripheral/u_aes_round1/n2113
u_aes_peripheral/u_aes_round1/SR_REG_reg[80],\u_aes_peripheral/u_aes_round1/SR_REG_reg[80]/Q;\u_aes_peripheral/u_aes_round1/SR_REG_reg[80]/QN,\u_aes_peripheral/u_aes_round1/n45
u_aes_peripheral/u_aes_round1/SR_REG_reg[81],\u_aes_peripheral/u_aes_round1/SR_REG_reg[81]/QN,\u_aes_peripheral/u_aes_round1/n1179
u_aes_peripheral/u_aes_round1/SR_REG_reg[82],\u_aes_peripheral/u_aes_round1/SR_REG_reg[82]/Q;\u_aes_peripheral/u_aes_round1/SR_REG_reg[82]/QN,\u_aes_peripheral/u_aes_round1/n60
u_aes_peripheral/u_aes_round1/SR_REG_reg[83],\u_aes_peripheral/u_aes_round1/SR_REG_reg[83]/QN,\u_aes_peripheral/u_aes_round1/n1183
u_aes_peripheral/u_aes_round1/SR_REG_reg[84],\u_aes_peripheral/u_aes_round1/SR_REG_reg[84]/QN,\u_aes_peripheral/u_aes_round1/n1185
u_aes_peripheral/u_aes_round1/SR_REG_reg[85],\u_aes_peripheral/u_aes_round1/SR_REG_reg[85]/QN,\u_aes_peripheral/u_aes_round1/n1187
u_aes_peripheral/u_aes_round1/SR_REG_reg[86],\u_aes_peripheral/u_aes_round1/SR_REG_reg[86]/Q;\u_aes_peripheral/u_aes_round1/SR_REG_reg[86]/QN,\u_aes_peripheral/u_aes_round1/n135
u_aes_peripheral/u_aes_round1/SR_REG_reg[87],\u_aes_peripheral/u_aes_round1/SR_REG_reg[87]/Q;\u_aes_peripheral/u_aes_round1/SR_REG_reg[87]/QN,\u_aes_peripheral/u_aes_round1/n249
u_aes_peripheral/u_aes_round1/SR_REG_reg[88],\u_aes_peripheral/u_aes_round1/SR_REG_reg[88]/Q;\u_aes_peripheral/u_aes_round1/SR_REG_reg[88]/QN,\u_aes_peripheral/u_aes_round1/n175
u_aes_peripheral/u_aes_round1/SR_REG_reg[89],\u_aes_peripheral/u_aes_round1/SR_REG_reg[89]/QN,\u_aes_peripheral/u_aes_round1/n1259
u_aes_peripheral/u_aes_round1/SR_REG_reg[8],\u_aes_peripheral/u_aes_round1/SR_REG_reg[8]/Q;\u_aes_peripheral/u_aes_round1/SR_REG_reg[8]/QN,\u_aes_peripheral/u_aes_round1/n119
u_aes_peripheral/u_aes_round1/SR_REG_reg[90],\u_aes_peripheral/u_aes_round1/SR_REG_reg[90]/Q;\u_aes_peripheral/u_aes_round1/SR_REG_reg[90]/QN,\u_aes_peripheral/u_aes_round1/n207
u_aes_peripheral/u_aes_round1/SR_REG_reg[91],\u_aes_peripheral/u_aes_round1/SR_REG_reg[91]/Q;\u_aes_peripheral/u_aes_round1/SR_REG_reg[91]/QN,\u_aes_peripheral/u_aes_round1/n29
u_aes_peripheral/u_aes_round1/SR_REG_reg[92],\u_aes_peripheral/u_aes_round1/SR_REG_reg[92]/QN,\u_aes_peripheral/u_aes_round1/n1265
u_aes_peripheral/u_aes_round1/SR_REG_reg[93],\u_aes_peripheral/u_aes_round1/SR_REG_reg[93]/QN,\u_aes_peripheral/u_aes_round1/n1267
u_aes_peripheral/u_aes_round1/SR_REG_reg[94],\u_aes_peripheral/u_aes_round1/SR_REG_reg[94]/QN,\u_aes_peripheral/u_aes_round1/n1269
u_aes_peripheral/u_aes_round1/SR_REG_reg[95],\u_aes_peripheral/u_aes_round1/SR_REG_reg[95]/Q;\u_aes_peripheral/u_aes_round1/SR_REG_reg[95]/QN,\u_aes_peripheral/u_aes_round1/n97
u_aes_peripheral/u_aes_round1/SR_REG_reg[96],\u_aes_peripheral/u_aes_round1/SR_REG_reg[96]/Q;\u_aes_peripheral/u_aes_round1/SR_REG_reg[96]/QN,\u_aes_peripheral/u_aes_round1/n268
u_aes_peripheral/u_aes_round1/SR_REG_reg[97],\u_aes_peripheral/u_aes_round1/SR_REG_reg[97]/QN,\u_aes_peripheral/u_aes_round1/n964
u_aes_peripheral/u_aes_round1/SR_REG_reg[98],\u_aes_peripheral/u_aes_round1/SR_REG_reg[98]/QN,\u_aes_peripheral/u_aes_round1/n970
u_aes_peripheral/u_aes_round1/SR_REG_reg[99],\u_aes_peripheral/u_aes_round1/SR_REG_reg[99]/QN,\u_aes_peripheral/u_aes_round1/n976
u_aes_peripheral/u_aes_round1/SR_REG_reg[9],\u_aes_peripheral/u_aes_round1/SR_REG_reg[9]/Q;\u_aes_peripheral/u_aes_round1/SR_REG_reg[9]/QN,\u_aes_peripheral/u_aes_round1/n101
u_aes_peripheral/u_aes_round1/done_reg_reg,\u_aes_peripheral/u_aes_round1/done_reg_reg/Q;\u_aes_peripheral/u_aes_round1/done_reg_reg/QN;aes_done_o,aes_done_o
u_aes_peripheral/u_aes_round1/valid_iark_reg,\u_aes_peripheral/u_aes_round1/valid_iark_reg/Q;\u_aes_peripheral/u_aes_round1/valid_iark_reg/QN,\u_aes_peripheral/u_aes_round1/n193
u_aes_peripheral/u_aes_round1/valid_sb_reg,\u_aes_peripheral/u_aes_round1/valid_sb_reg/Q;\u_aes_peripheral/u_aes_round1/valid_sb_reg/QN,\u_aes_peripheral/u_aes_round1/n1
u_aes_peripheral/u_aes_round1/valid_sr_reg,\u_aes_peripheral/u_aes_round1/valid_sr_reg/Q;\u_aes_peripheral/u_aes_round1/valid_sr_reg/QN,\u_aes_peripheral/u_aes_round1/valid_sr
