pair_id,cand_a,cand_b,stage_pair,same_stage,same_byte,same_row,same_column,same_bit_in_byte,same_byte_farbit,same_col_samebit,same_col_diagbit,distinct_row,distinct_diag,scatter,potentially_redundant,expected_risk_class,selection_reason,case_id,seed,query_count,depth,mode,first_result,second_result,first_time,second_time,first_model,first_model_hex,alternative_model,first_model_correct,true_key_satisfiable,true_key_timeout,second_timeout,timeout,z3_reason_unknown,byte_diagnostic_summary,column_diagnostic_summary,fixed_bytes,free_bytes,unknown_bytes,first_timeout,classification,confirmed_unique_candidate,sbox_encoding,domain_true_key_retained
SB_0__SR_0,SB_0,SR_0,SB-SR,0,1,1,1,1,0,0,0,0,0,0,1,early_only,prior_weak_reproduction,SB_0__SR_0,1,128,2,differential,sat,sat,0.0012715812772512436,4.073016857728362,99000000003c000000008a0000570006,99000000003c000000008a0000570006,99000000003c000000005e0080130006,False,sat,False,False,False,,"{""0"": ""fixed"", ""1"": ""free"", ""10"": ""free"", ""11"": ""free"", ""12"": ""free"", ""13"": ""free"", ""14"": ""free"", ""15"": ""fixed"", ""2"": ""free"", ""3"": ""free"", ""4"": ""free"", ""5"": ""free"", ""6"": ""free"", ""7"": ""free"", ""8"": ""free"", ""9"": ""free""}","{""0"": ""free"", ""1"": ""free"", ""2"": ""free"", ""3"": ""free""}","[0, 15]","[1, 2, 3, 4, 5, 6, 7, 8, 9, 10, 11, 12, 13, 14]",[],False,ambiguity,False,uf_axiom,
SB_0__SR_0,SB_0,SR_0,SB-SR,0,1,1,1,1,0,0,0,0,0,0,1,early_only,prior_weak_reproduction,SB_0__SR_0,0,128,2,differential,sat,sat,0.001152941957116127,2.8914793115109205,ed00000000e400000000ec0000d000f6,ed00000000e400000000ec0000d000f6,ed00000000e700000000ec0000b800f6,False,sat,False,False,False,,"{""0"": ""fixed"", ""1"": ""free"", ""10"": ""fixed"", ""11"": ""free"", ""12"": ""free"", ""13"": ""free"", ""14"": ""free"", ""15"": ""free"", ""2"": ""free"", ""3"": ""free"", ""4"": ""free"", ""5"": ""free"", ""6"": ""free"", ""7"": ""free"", ""8"": ""free"", ""9"": ""free""}","{""0"": ""free"", ""1"": ""free"", ""2"": ""free"", ""3"": ""free""}","[0, 10]","[1, 2, 3, 4, 5, 6, 7, 8, 9, 11, 12, 13, 14, 15]",[],False,ambiguity,False,uf_axiom,
SB_0__SB_1,SB_0,SB_1,SB-SB,1,1,1,1,0,0,0,0,0,0,0,0,early_only,prior_weak_reproduction,SB_0__SB_1,12,128,2,differential,sat,sat,0.0015913806855678558,1.918726397678256,ac000000001100000000f300009100ea,ac000000001100000000f300009100ea,ac000000008600000000f300006000ea,False,sat,False,False,False,,"{""0"": ""fixed"", ""1"": ""free"", ""10"": ""fixed"", ""11"": ""free"", ""12"": ""free"", ""13"": ""free"", ""14"": ""free"", ""15"": ""fixed"", ""2"": ""free"", ""3"": ""free"", ""4"": ""free"", ""5"": ""free"", ""6"": ""free"", ""7"": ""free"", ""8"": ""free"", ""9"": ""free""}","{""0"": ""free"", ""1"": ""free"", ""2"": ""free"", ""3"": ""free""}","[0, 10, 15]","[1, 2, 3, 4, 5, 6, 7, 8, 9, 11, 12, 13, 14]",[],False,ambiguity,False,uf_axiom,
SB_0__SR_0,SB_0,SR_0,SB-SR,0,1,1,1,1,0,0,0,0,0,0,1,early_only,prior_weak_reproduction,SB_0__SR_0,2,128,2,differential,sat,sat,0.001251986250281334,4.110158966854215,a60000000059000000008f0000c20061,a60000000059000000008f0000c20061,c400000000c7000040000500002f00da,False,sat,False,False,False,,"{""0"": ""free"", ""1"": ""free"", ""10"": ""free"", ""11"": ""free"", ""12"": ""free"", ""13"": ""free"", ""14"": ""free"", ""15"": ""free"", ""2"": ""free"", ""3"": ""free"", ""4"": ""free"", ""5"": ""free"", ""6"": ""free"", ""7"": ""free"", ""8"": ""free"", ""9"": ""free""}","{""0"": ""free"", ""1"": ""free"", ""2"": ""free"", ""3"": ""free""}",[],"[0, 1, 2, 3, 4, 5, 6, 7, 8, 9, 10, 11, 12, 13, 14, 15]",[],False,ambiguity,False,uf_axiom,
SB_0__SB_1,SB_0,SB_1,SB-SB,1,1,1,1,0,0,0,0,0,0,0,0,early_only,prior_weak_reproduction,SB_0__SB_1,13,128,2,differential,sat,sat,0.002473996952176094,1.7349751014262438,9300000000e2000000002d00007c0028,9300000000e2000000002d00007c0028,9300000000e2000000042d00007c0028,False,sat,False,False,False,,"{""0"": ""fixed"", ""1"": ""free"", ""10"": ""fixed"", ""11"": ""free"", ""12"": ""free"", ""13"": ""fixed"", ""14"": ""free"", ""15"": ""fixed"", ""2"": ""free"", ""3"": ""free"", ""4"": ""free"", ""5"": ""fixed"", ""6"": ""free"", ""7"": ""free"", ""8"": ""free"", ""9"": ""free""}","{""0"": ""free"", ""1"": ""free"", ""2"": ""free"", ""3"": ""free""}","[0, 5, 10, 13, 15]","[1, 2, 3, 4, 6, 7, 8, 9, 11, 12, 14]",[],False,ambiguity,False,uf_axiom,
SB_0__SB_1,SB_0,SB_1,SB-SB,1,1,1,1,0,0,0,0,0,0,0,0,early_only,prior_weak_reproduction,SB_0__SB_1,1,128,2,differential,sat,sat,0.0013060513883829117,2.7533674109727144,99000000003c000000008a0000570006,99000000003c000000008a0000570006,99000000003c00000000b80000a48006,False,sat,False,False,False,,"{""0"": ""fixed"", ""1"": ""free"", ""10"": ""free"", ""11"": ""free"", ""12"": ""free"", ""13"": ""free"", ""14"": ""free"", ""15"": ""fixed"", ""2"": ""free"", ""3"": ""free"", ""4"": ""free"", ""5"": ""fixed"", ""6"": ""free"", ""7"": ""free"", ""8"": ""free"", ""9"": ""free""}","{""0"": ""free"", ""1"": ""free"", ""2"": ""free"", ""3"": ""free""}","[0, 5, 15]","[1, 2, 3, 4, 6, 7, 8, 9, 10, 11, 12, 13, 14]",[],False,ambiguity,False,uf_axiom,
SB_0__SR_0,SB_0,SR_0,SB-SR,0,1,1,1,1,0,0,0,0,0,0,1,early_only,prior_weak_reproduction,SB_0__SR_0,6,128,2,differential,sat,sat,0.0011097602546215057,11.236831050366163,be00000000f800000000fa0000520090,be00000000f800000000fa0000520090,1f00000000a000000000d90000d8004a,False,sat,False,False,False,,"{""0"": ""free"", ""1"": ""free"", ""10"": ""free"", ""11"": ""free"", ""12"": ""free"", ""13"": ""free"", ""14"": ""free"", ""15"": ""free"", ""2"": ""free"", ""3"": ""free"", ""4"": ""free"", ""5"": ""free"", ""6"": ""free"", ""7"": ""free"", ""8"": ""free"", ""9"": ""free""}","{""0"": ""free"", ""1"": ""free"", ""2"": ""free"", ""3"": ""free""}",[],"[0, 1, 2, 3, 4, 5, 6, 7, 8, 9, 10, 11, 12, 13, 14, 15]",[],False,ambiguity,False,uf_axiom,
SB_0__SB_1,SB_0,SB_1,SB-SB,1,1,1,1,0,0,0,0,0,0,0,0,early_only,prior_weak_reproduction,SB_0__SB_1,17,128,2,differential,sat,sat,0.002088131383061409,1.489966383203864,860000000064000000008e00004000a0,860000000064000000008e00004000a0,860002000064000000008e00004000a0,False,sat,False,False,False,,"{""0"": ""fixed"", ""1"": ""free"", ""10"": ""unknown"", ""11"": ""unknown"", ""12"": ""unknown"", ""13"": ""unknown"", ""14"": ""unknown"", ""15"": ""unknown"", ""2"": ""free"", ""3"": ""free"", ""4"": ""free"", ""5"": ""fixed"", ""6"": ""free"", ""7"": ""free"", ""8"": ""free"", ""9"": ""free""}","{""0"": ""free"", ""1"": ""free"", ""2"": ""free"", ""3"": ""free""}","[0, 5]","[1, 2, 3, 4, 6, 7, 8, 9]","[10, 11, 12, 13, 14, 15]",False,ambiguity,False,uf_axiom,
SB_0__SR_0,SB_0,SR_0,SB-SR,0,1,1,1,1,0,0,0,0,0,0,1,early_only,prior_weak_reproduction,SB_0__SR_0,4,128,2,differential,sat,sat,0.0017966311424970627,1.24513553455472,8b00000000a800000000e7000057005d,8b00000000a800000000e7000057005d,8b00000000a800000000270000d5005d,False,sat,False,False,False,,"{""0"": ""fixed"", ""1"": ""free"", ""10"": ""free"", ""11"": ""free"", ""12"": ""free"", ""13"": ""free"", ""14"": ""free"", ""15"": ""fixed"", ""2"": ""free"", ""3"": ""free"", ""4"": ""free"", ""5"": ""fixed"", ""6"": ""free"", ""7"": ""free"", ""8"": ""free"", ""9"": ""free""}","{""0"": ""free"", ""1"": ""free"", ""2"": ""free"", ""3"": ""free""}","[0, 5, 15]","[1, 2, 3, 4, 6, 7, 8, 9, 10, 11, 12, 13, 14]",[],False,ambiguity,False,uf_axiom,
SB_0__SB_1,SB_0,SB_1,SB-SB,1,1,1,1,0,0,0,0,0,0,0,0,early_only,prior_weak_reproduction,SB_0__SB_1,2,128,2,differential,sat,sat,0.001177201047539711,1.6096590496599674,a60000000059000000008f0000c20061,a60000000059000000008f0000c20061,a60004000059000000008f0000c20061,False,sat,False,False,False,,"{""0"": ""fixed"", ""1"": ""free"", ""10"": ""fixed"", ""11"": ""free"", ""12"": ""free"", ""13"": ""fixed"", ""14"": ""free"", ""15"": ""fixed"", ""2"": ""free"", ""3"": ""free"", ""4"": ""free"", ""5"": ""fixed"", ""6"": ""free"", ""7"": ""free"", ""8"": ""free"", ""9"": ""free""}","{""0"": ""free"", ""1"": ""free"", ""2"": ""free"", ""3"": ""free""}","[0, 5, 10, 13, 15]","[1, 2, 3, 4, 6, 7, 8, 9, 11, 12, 14]",[],False,ambiguity,False,uf_axiom,
SB_0__SR_0,SB_0,SR_0,SB-SR,0,1,1,1,1,0,0,0,0,0,0,1,early_only,prior_weak_reproduction,SB_0__SR_0,5,128,2,differential,sat,sat,0.0011582747101783752,12.59563086554408,13000000002c00000000430000bc00f3,13000000002c00000000430000bc00f3,e40000000209000000007400003400a0,False,sat,False,False,False,,"{""0"": ""free"", ""1"": ""free"", ""10"": ""free"", ""11"": ""free"", ""12"": ""free"", ""13"": ""free"", ""14"": ""free"", ""15"": ""free"", ""2"": ""free"", ""3"": ""free"", ""4"": ""free"", ""5"": ""free"", ""6"": ""free"", ""7"": ""free"", ""8"": ""free"", ""9"": ""free""}","{""0"": ""free"", ""1"": ""free"", ""2"": ""free"", ""3"": ""free""}",[],"[0, 1, 2, 3, 4, 5, 6, 7, 8, 9, 10, 11, 12, 13, 14, 15]",[],False,ambiguity,False,uf_axiom,
SB_0__SB_1,SB_0,SB_1,SB-SB,1,1,1,1,0,0,0,0,0,0,0,0,early_only,prior_weak_reproduction,SB_0__SB_1,18,128,2,differential,sat,sat,0.0018562693148851395,10.931854516267776,1900000000e000000000290000da003c,1900000000e000000000290000da003c,1900000020e000000000290000da003c,False,sat,False,False,False,,"{""0"": ""fixed"", ""1"": ""free"", ""10"": ""fixed"", ""11"": ""free"", ""12"": ""free"", ""13"": ""fixed"", ""14"": ""free"", ""15"": ""fixed"", ""2"": ""free"", ""3"": ""free"", ""4"": ""free"", ""5"": ""fixed"", ""6"": ""free"", ""7"": ""free"", ""8"": ""free"", ""9"": ""free""}","{""0"": ""free"", ""1"": ""free"", ""2"": ""free"", ""3"": ""free""}","[0, 5, 10, 13, 15]","[1, 2, 3, 4, 6, 7, 8, 9, 11, 12, 14]",[],False,ambiguity,False,uf_axiom,
SB_0__SB_1,SB_0,SB_1,SB-SB,1,1,1,1,0,0,0,0,0,0,0,0,early_only,prior_weak_reproduction,SB_0__SB_1,0,128,2,differential,sat,sat,0.0014634933322668076,5.7064940594136715,ed00000000e400000000ec0000d000f6,ed00000000e400000000ec0000d000f6,ed00020000e400000000ec0000d000f6,False,sat,False,False,False,,"{""0"": ""fixed"", ""1"": ""free"", ""10"": ""fixed"", ""11"": ""free"", ""12"": ""free"", ""13"": ""fixed"", ""14"": ""free"", ""15"": ""fixed"", ""2"": ""free"", ""3"": ""free"", ""4"": ""free"", ""5"": ""fixed"", ""6"": ""free"", ""7"": ""free"", ""8"": ""free"", ""9"": ""free""}","{""0"": ""free"", ""1"": ""free"", ""2"": ""free"", ""3"": ""free""}","[0, 5, 10, 13, 15]","[1, 2, 3, 4, 6, 7, 8, 9, 11, 12, 14]",[],False,ambiguity,False,uf_axiom,
SB_0__SB_41,SB_0,SB_41,SB-SB,1,0,0,0,0,0,0,0,0,1,0,0,early_only,prior_weak_reproduction,SB_0__SB_41,18,128,2,differential,sat,sat,0.0026713963598012924,10.380183346569538,1919002404e000000060290000da983c,1919002404e000000060290000da983c,19cb008600e0000000d029000063fd16,False,sat,False,False,False,,"{""0"": ""fixed"", ""1"": ""free"", ""10"": ""unknown"", ""11"": ""unknown"", ""12"": ""unknown"", ""13"": ""free"", ""14"": ""free"", ""15"": ""free"", ""2"": ""unknown"", ""3"": ""free"", ""4"": ""free"", ""5"": ""unknown"", ""6"": ""unknown"", ""7"": ""unknown"", ""8"": ""unknown"", ""9"": ""free""}","{""0"": ""free"", ""1"": ""free"", ""2"": ""free"", ""3"": ""free""}",[0],"[1, 3, 4, 9, 13, 14, 15]","[2, 5, 6, 7, 8, 10, 11, 12]",False,ambiguity,False,uf_axiom,
SB_0__SB_1,SB_0,SB_1,SB-SB,1,1,1,1,0,0,0,0,0,0,0,0,early_only,prior_weak_reproduction,SB_0__SB_1,6,128,2,differential,sat,sat,0.0011402182281017303,1.8577122315764427,be00000000f800000000fa0000520090,be00000000f800000000fa0000520090,be00000000f800000010fa0000520090,False,sat,False,False,False,,"{""0"": ""fixed"", ""1"": ""free"", ""10"": ""fixed"", ""11"": ""free"", ""12"": ""free"", ""13"": ""free"", ""14"": ""free"", ""15"": ""fixed"", ""2"": ""free"", ""3"": ""free"", ""4"": ""free"", ""5"": ""free"", ""6"": ""free"", ""7"": ""free"", ""8"": ""free"", ""9"": ""free""}","{""0"": ""free"", ""1"": ""free"", ""2"": ""free"", ""3"": ""free""}","[0, 10, 15]","[1, 2, 3, 4, 5, 6, 7, 8, 9, 11, 12, 13, 14]",[],False,ambiguity,False,uf_axiom,
SB_0__SR_0,SB_0,SR_0,SB-SR,0,1,1,1,1,0,0,0,0,0,0,1,early_only,prior_weak_reproduction,SB_0__SR_0,8,128,2,differential,sat,sat,0.0012570880353450775,20.40465102531016,e300000000db000000006200008800a9,e300000000db000000006200008800a9,d200000000e600000000d90000980030,False,sat,False,False,False,,"{""0"": ""free"", ""1"": ""free"", ""10"": ""free"", ""11"": ""free"", ""12"": ""free"", ""13"": ""free"", ""14"": ""free"", ""15"": ""free"", ""2"": ""free"", ""3"": ""free"", ""4"": ""free"", ""5"": ""free"", ""6"": ""free"", ""7"": ""free"", ""8"": ""free"", ""9"": ""free""}","{""0"": ""free"", ""1"": ""free"", ""2"": ""free"", ""3"": ""free""}",[],"[0, 1, 2, 3, 4, 5, 6, 7, 8, 9, 10, 11, 12, 13, 14, 15]",[],False,ambiguity,False,uf_axiom,
SB_0__SR_0,SB_0,SR_0,SB-SR,0,1,1,1,1,0,0,0,0,0,0,1,early_only,prior_weak_reproduction,SB_0__SR_0,12,128,2,differential,sat,sat,0.0013377536088228226,5.608219685032964,ac000000001100000000f300009100ea,ac000000001100000000f300009100ea,e2000000009300000000cd0000c300e4,False,sat,False,False,False,,"{""0"": ""free"", ""1"": ""free"", ""10"": ""free"", ""11"": ""free"", ""12"": ""free"", ""13"": ""free"", ""14"": ""free"", ""15"": ""free"", ""2"": ""free"", ""3"": ""free"", ""4"": ""free"", ""5"": ""free"", ""6"": ""free"", ""7"": ""free"", ""8"": ""free"", ""9"": ""free""}","{""0"": ""free"", ""1"": ""free"", ""2"": ""free"", ""3"": ""free""}",[],"[0, 1, 2, 3, 4, 5, 6, 7, 8, 9, 10, 11, 12, 13, 14, 15]",[],False,ambiguity,False,uf_axiom,
SB_0__SB_1,SB_0,SB_1,SB-SB,1,1,1,1,0,0,0,0,0,0,0,0,early_only,prior_weak_reproduction,SB_0__SB_1,7,128,2,differential,sat,sat,0.0014338474720716476,2.9801146425306797,f100000000db00000000a30000e80074,f100000000db00000000a30000e80074,f100000000db00000000a30000e82074,False,sat,False,False,False,,"{""0"": ""fixed"", ""1"": ""free"", ""10"": ""fixed"", ""11"": ""free"", ""12"": ""free"", ""13"": ""fixed"", ""14"": ""free"", ""15"": ""fixed"", ""2"": ""free"", ""3"": ""free"", ""4"": ""free"", ""5"": ""fixed"", ""6"": ""free"", ""7"": ""free"", ""8"": ""free"", ""9"": ""free""}","{""0"": ""free"", ""1"": ""free"", ""2"": ""free"", ""3"": ""free""}","[0, 5, 10, 13, 15]","[1, 2, 3, 4, 6, 7, 8, 9, 11, 12, 14]",[],False,ambiguity,False,uf_axiom,
SB_0__SR_0,SB_0,SR_0,SB-SR,0,1,1,1,1,0,0,0,0,0,0,1,early_only,prior_weak_reproduction,SB_0__SR_0,15,128,2,differential,sat,sat,0.0013710316270589828,8.618956489488482,6c00000000df00000000bb0000d60094,6c00000000df00000000bb0000d60094,6c00000000dc00000000bb00009c0094,False,sat,False,False,False,,"{""0"": ""fixed"", ""1"": ""free"", ""10"": ""free"", ""11"": ""free"", ""12"": ""free"", ""13"": ""free"", ""14"": ""free"", ""15"": ""free"", ""2"": ""free"", ""3"": ""free"", ""4"": ""free"", ""5"": ""free"", ""6"": ""free"", ""7"": ""free"", ""8"": ""free"", ""9"": ""free""}","{""0"": ""free"", ""1"": ""free"", ""2"": ""free"", ""3"": ""free""}",[0],"[1, 2, 3, 4, 5, 6, 7, 8, 9, 10, 11, 12, 13, 14, 15]",[],False,ambiguity,False,uf_axiom,
SB_0__SB_41,SB_0,SB_41,SB-SB,1,0,0,0,0,0,0,0,0,1,0,0,early_only,prior_weak_reproduction,SB_0__SB_41,16,128,2,differential,sat,sat,0.004348039627075195,14.367767471820116,2f4e0073eae5000000d51a0000dd99ba,2f4e0073eae5000000d51a0000dd99ba,2fee00f034e5000080421a000016901e,False,sat,False,False,False,,"{""0"": ""fixed"", ""1"": ""free"", ""10"": ""fixed"", ""11"": ""free"", ""12"": ""free"", ""13"": ""free"", ""14"": ""free"", ""15"": ""free"", ""2"": ""free"", ""3"": ""free"", ""4"": ""free"", ""5"": ""fixed"", ""6"": ""free"", ""7"": ""free"", ""8"": ""free"", ""9"": ""free""}","{""0"": ""free"", ""1"": ""free"", ""2"": ""free"", ""3"": ""free""}","[0, 5, 10]","[1, 2, 3, 4, 6, 7, 8, 9, 11, 12, 13, 14, 15]",[],False,ambiguity,False,uf_axiom,
SB_0__SR_0,SB_0,SR_0,SB-SR,0,1,1,1,1,0,0,0,0,0,0,1,early_only,prior_weak_reproduction,SB_0__SR_0,13,128,2,differential,sat,sat,0.0013980437070131302,2.7505092453211546,9300000000e2000000002d00007c0028,9300000000e2000000002d00007c0028,9300000000e2000000002d00007c0128,False,sat,False,False,False,,"{""0"": ""fixed"", ""1"": ""free"", ""10"": ""fixed"", ""11"": ""free"", ""12"": ""free"", ""13"": ""free"", ""14"": ""free"", ""15"": ""free"", ""2"": ""free"", ""3"": ""free"", ""4"": ""free"", ""5"": ""free"", ""6"": ""free"", ""7"": ""free"", ""8"": ""free"", ""9"": ""free""}","{""0"": ""free"", ""1"": ""free"", ""2"": ""free"", ""3"": ""free""}","[0, 10]","[1, 2, 3, 4, 5, 6, 7, 8, 9, 11, 12, 13, 14, 15]",[],False,ambiguity,False,uf_axiom,
SB_0__SB_1,SB_0,SB_1,SB-SB,1,1,1,1,0,0,0,0,0,0,0,0,early_only,prior_weak_reproduction,SB_0__SB_1,4,128,2,differential,sat,sat,0.0018865615129470825,11.604899248108268,8b00000000a800000000e7000057005d,8b00000000a800000000e7000057005d,8b00000000a800000008e7000057005d,False,sat,False,False,False,,"{""0"": ""fixed"", ""1"": ""free"", ""10"": ""fixed"", ""11"": ""free"", ""12"": ""free"", ""13"": ""fixed"", ""14"": ""free"", ""15"": ""unknown"", ""2"": ""free"", ""3"": ""free"", ""4"": ""free"", ""5"": ""fixed"", ""6"": ""free"", ""7"": ""free"", ""8"": ""free"", ""9"": ""free""}","{""0"": ""free"", ""1"": ""free"", ""2"": ""free"", ""3"": ""free""}","[0, 5, 10, 13]","[1, 2, 3, 4, 6, 7, 8, 9, 11, 12, 14]",[15],False,ambiguity,False,uf_axiom,
SB_0__SR_0,SB_0,SR_0,SB-SR,0,1,1,1,1,0,0,0,0,0,0,1,early_only,prior_weak_reproduction,SB_0__SR_0,11,128,2,differential,sat,sat,0.004890520125627518,2.5543666668236256,da000000000e000000002c00007e0047,da000000000e000000002c00007e0047,da000000000e00000000020000ed0052,False,sat,False,False,False,,"{""0"": ""fixed"", ""1"": ""free"", ""10"": ""free"", ""11"": ""free"", ""12"": ""free"", ""13"": ""free"", ""14"": ""free"", ""15"": ""free"", ""2"": ""free"", ""3"": ""free"", ""4"": ""free"", ""5"": ""fixed"", ""6"": ""free"", ""7"": ""free"", ""8"": ""free"", ""9"": ""free""}","{""0"": ""free"", ""1"": ""free"", ""2"": ""free"", ""3"": ""free""}","[0, 5]","[1, 2, 3, 4, 6, 7, 8, 9, 10, 11, 12, 13, 14, 15]",[],False,ambiguity,False,uf_axiom,
SB_0__SB_41,SB_0,SB_41,SB-SB,1,0,0,0,0,0,0,0,0,1,0,0,early_only,prior_weak_reproduction,SB_0__SB_41,0,128,2,differential,sat,sat,0.0028140805661678314,33.486222703009844,edf4009a19e40000001eec0000d00cf6,edf4009a19e40000001eec0000d00cf6,ed2c00088fe40000000dec00007bbf82,False,sat,False,False,False,,"{""0"": ""fixed"", ""1"": ""free"", ""10"": ""unknown"", ""11"": ""unknown"", ""12"": ""unknown"", ""13"": ""free"", ""14"": ""free"", ""15"": ""free"", ""2"": ""free"", ""3"": ""free"", ""4"": ""free"", ""5"": ""fixed"", ""6"": ""unknown"", ""7"": ""unknown"", ""8"": ""unknown"", ""9"": ""free""}","{""0"": ""free"", ""1"": ""free"", ""2"": ""free"", ""3"": ""free""}","[0, 5]","[1, 2, 3, 4, 9, 13, 14, 15]","[6, 7, 8, 10, 11, 12]",False,ambiguity,False,uf_axiom,
SB_0__SB_1,SB_0,SB_1,SB-SB,1,1,1,1,0,0,0,0,0,0,0,0,early_only,prior_weak_reproduction,SB_0__SB_1,15,128,2,differential,sat,sat,0.0016867369413375854,2.128657590597868,6c00000000df00000000bb0000d60094,6c00000000df00000000bb0000d60094,6c00000000df00000000bb0000d61094,False,sat,False,False,False,,"{""0"": ""fixed"", ""1"": ""free"", ""10"": ""fixed"", ""11"": ""free"", ""12"": ""free"", ""13"": ""fixed"", ""14"": ""free"", ""15"": ""unknown"", ""2"": ""free"", ""3"": ""free"", ""4"": ""free"", ""5"": ""fixed"", ""6"": ""free"", ""7"": ""free"", ""8"": ""free"", ""9"": ""free""}","{""0"": ""free"", ""1"": ""free"", ""2"": ""free"", ""3"": ""free""}","[0, 5, 10, 13]","[1, 2, 3, 4, 6, 7, 8, 9, 11, 12, 14]",[15],False,ambiguity,False,uf_axiom,
SB_0__SB_1,SB_0,SB_1,SB-SB,1,1,1,1,0,0,0,0,0,0,0,0,early_only,prior_weak_reproduction,SB_0__SB_1,5,128,2,differential,sat,sat,0.001005474478006363,3.330922031775117,13000000002c00000000430000bc00f3,13000000002c00000000430000bc00f3,13000000002c00000000430000bc40f3,False,sat,False,False,False,,"{""0"": ""fixed"", ""1"": ""free"", ""10"": ""fixed"", ""11"": ""unknown"", ""12"": ""unknown"", ""13"": ""unknown"", ""14"": ""free"", ""15"": ""unknown"", ""2"": ""free"", ""3"": ""free"", ""4"": ""free"", ""5"": ""fixed"", ""6"": ""free"", ""7"": ""free"", ""8"": ""free"", ""9"": ""free""}","{""0"": ""free"", ""1"": ""free"", ""2"": ""free"", ""3"": ""free""}","[0, 5, 10]","[1, 2, 3, 4, 6, 7, 8, 9, 14]","[11, 12, 13, 15]",False,ambiguity,False,uf_axiom,
SB_0__SB_1,SB_0,SB_1,SB-SB,1,1,1,1,0,0,0,0,0,0,0,0,early_only,prior_weak_reproduction,SB_0__SB_1,11,128,2,differential,sat,sat,0.0019415486603975296,3.835122086107731,da000000000e000000002c00007e0047,da000000000e000000002c00007e0047,da000000000e000040002c00007e0047,False,sat,False,False,False,,"{""0"": ""fixed"", ""1"": ""free"", ""10"": ""fixed"", ""11"": ""free"", ""12"": ""free"", ""13"": ""fixed"", ""14"": ""free"", ""15"": ""unknown"", ""2"": ""free"", ""3"": ""free"", ""4"": ""free"", ""5"": ""fixed"", ""6"": ""free"", ""7"": ""free"", ""8"": ""free"", ""9"": ""free""}","{""0"": ""free"", ""1"": ""free"", ""2"": ""free"", ""3"": ""free""}","[0, 5, 10, 13]","[1, 2, 3, 4, 6, 7, 8, 9, 11, 12, 14]",[15],False,ambiguity,False,uf_axiom,
SB_0__SR_0,SB_0,SR_0,SB-SR,0,1,1,1,1,0,0,0,0,0,0,1,early_only,prior_weak_reproduction,SB_0__SR_0,19,128,2,differential,sat,sat,0.0011255685240030289,15.81874829530716,87000000006900000000670000ff00ed,87000000006900000000670000ff00ed,a800000000e5000000000800002000b5,False,sat,False,False,False,,"{""0"": ""free"", ""1"": ""free"", ""10"": ""free"", ""11"": ""free"", ""12"": ""free"", ""13"": ""free"", ""14"": ""free"", ""15"": ""free"", ""2"": ""free"", ""3"": ""free"", ""4"": ""free"", ""5"": ""free"", ""6"": ""free"", ""7"": ""free"", ""8"": ""free"", ""9"": ""free""}","{""0"": ""free"", ""1"": ""free"", ""2"": ""free"", ""3"": ""free""}",[],"[0, 1, 2, 3, 4, 5, 6, 7, 8, 9, 10, 11, 12, 13, 14, 15]",[],False,ambiguity,False,uf_axiom,
SB_0__SR_0,SB_0,SR_0,SB-SR,0,1,1,1,1,0,0,0,0,0,0,1,early_only,prior_weak_reproduction,SB_0__SR_0,3,128,2,differential,sat,sat,0.0013998765498399734,3.2362882625311613,0800000000b700000000e100001b00a9,0800000000b700000000e100001b00a9,08000000009b00000000e100000a0031,False,sat,False,False,False,,"{""0"": ""fixed"", ""1"": ""free"", ""10"": ""unknown"", ""11"": ""unknown"", ""12"": ""unknown"", ""13"": ""free"", ""14"": ""unknown"", ""15"": ""free"", ""2"": ""free"", ""3"": ""free"", ""4"": ""free"", ""5"": ""free"", ""6"": ""free"", ""7"": ""free"", ""8"": ""free"", ""9"": ""free""}","{""0"": ""free"", ""1"": ""free"", ""2"": ""free"", ""3"": ""free""}",[0],"[1, 2, 3, 4, 5, 6, 7, 8, 9, 13, 15]","[10, 11, 12, 14]",False,ambiguity,False,uf_axiom,
SB_0__SB_32,SB_0,SB_32,SB-SB,1,0,1,0,1,0,0,0,1,0,0,0,early_only,prior_weak_reproduction,SB_0__SB_32,11,128,2,differential,sat,sat,0.003274468705058098,9.249420024454594,da00009ac30e000000072c00007e5847,da00009ac30e000000072c00007e5847,da00009ac30e000000ca8600008cd96a,False,sat,False,False,False,,"{""0"": ""fixed"", ""1"": ""free"", ""10"": ""free"", ""11"": ""free"", ""12"": ""free"", ""13"": ""free"", ""14"": ""free"", ""15"": ""free"", ""2"": ""free"", ""3"": ""fixed"", ""4"": ""fixed"", ""5"": ""fixed"", ""6"": ""free"", ""7"": ""free"", ""8"": ""free"", ""9"": ""free""}","{""0"": ""free"", ""1"": ""free"", ""2"": ""free"", ""3"": ""free""}","[0, 3, 4, 5]","[1, 2, 6, 7, 8, 9, 10, 11, 12, 13, 14, 15]",[],False,ambiguity,False,uf_axiom,
SB_0__SB_1,SB_0,SB_1,SB-SB,1,1,1,1,0,0,0,0,0,0,0,0,early_only,prior_weak_reproduction,SB_0__SB_1,19,128,2,differential,sat,sat,0.0016013607382774353,9.29217087291181,87000000006900000000670000ff00ed,87000000006900000000670000ff00ed,87000000006900000000670001ff00ed,False,sat,False,False,False,,"{""0"": ""fixed"", ""1"": ""free"", ""10"": ""fixed"", ""11"": ""free"", ""12"": ""free"", ""13"": ""free"", ""14"": ""free"", ""15"": ""free"", ""2"": ""free"", ""3"": ""free"", ""4"": ""free"", ""5"": ""fixed"", ""6"": ""free"", ""7"": ""free"", ""8"": ""free"", ""9"": ""free""}","{""0"": ""free"", ""1"": ""free"", ""2"": ""free"", ""3"": ""free""}","[0, 5, 10]","[1, 2, 3, 4, 6, 7, 8, 9, 11, 12, 13, 14, 15]",[],False,ambiguity,False,uf_axiom,
SB_0__SB_41,SB_0,SB_41,SB-SB,1,0,0,0,0,0,0,0,0,1,0,0,early_only,prior_weak_reproduction,SB_0__SB_41,2,128,2,differential,sat,sat,0.0026325415819883347,29.829045778140426,a66f001322590000009f8f0000c2db61,a66f001322590000009f8f0000c2db61,a67d0047fd59000000a52a0000edc340,False,sat,False,False,False,,"{""0"": ""fixed"", ""1"": ""free"", ""10"": ""free"", ""11"": ""unknown"", ""12"": ""unknown"", ""13"": ""free"", ""14"": ""free"", ""15"": ""free"", ""2"": ""unknown"", ""3"": ""free"", ""4"": ""free"", ""5"": ""unknown"", ""6"": ""unknown"", ""7"": ""unknown"", ""8"": ""unknown"", ""9"": ""free""}","{""0"": ""free"", ""1"": ""free"", ""2"": ""free"", ""3"": ""free""}",[0],"[1, 3, 4, 9, 10, 13, 14, 15]","[2, 5, 6, 7, 8, 11, 12]",False,ambiguity,False,uf_axiom,
SB_0__SR_0,SB_0,SR_0,SB-SR,0,1,1,1,1,0,0,0,0,0,0,1,early_only,prior_weak_reproduction,SB_0__SR_0,18,128,2,differential,sat,sat,0.0015840772539377213,3.8353230003267527,1900000000e000000000290000da003c,1900000000e000000000290000da003c,1900000000e000000000290000630016,False,sat,False,False,False,,"{""0"": ""fixed"", ""1"": ""free"", ""10"": ""fixed"", ""11"": ""free"", ""12"": ""free"", ""13"": ""free"", ""14"": ""free"", ""15"": ""free"", ""2"": ""free"", ""3"": ""free"", ""4"": ""free"", ""5"": ""fixed"", ""6"": ""free"", ""7"": ""free"", ""8"": ""free"", ""9"": ""free""}","{""0"": ""free"", ""1"": ""free"", ""2"": ""free"", ""3"": ""free""}","[0, 5, 10]","[1, 2, 3, 4, 6, 7, 8, 9, 11, 12, 13, 14, 15]",[],False,ambiguity,False,uf_axiom,
SB_0__SB_1,SB_0,SB_1,SB-SB,1,1,1,1,0,0,0,0,0,0,0,0,early_only,prior_weak_reproduction,SB_0__SB_1,16,128,2,differential,sat,sat,0.0018673315644264221,1.5269401501864195,2f00000000e5000000001a0000dd00ba,2f00000000e5000000001a0000dd00ba,2f20000000e5000000001a0000dd00ba,False,sat,False,False,False,,"{""0"": ""fixed"", ""1"": ""free"", ""10"": ""fixed"", ""11"": ""free"", ""12"": ""free"", ""13"": ""fixed"", ""14"": ""free"", ""15"": ""fixed"", ""2"": ""free"", ""3"": ""free"", ""4"": ""free"", ""5"": ""fixed"", ""6"": ""free"", ""7"": ""free"", ""8"": ""free"", ""9"": ""free""}","{""0"": ""free"", ""1"": ""free"", ""2"": ""free"", ""3"": ""free""}","[0, 5, 10, 13, 15]","[1, 2, 3, 4, 6, 7, 8, 9, 11, 12, 14]",[],False,ambiguity,False,uf_axiom,
SB_0__SB_1,SB_0,SB_1,SB-SB,1,1,1,1,0,0,0,0,0,0,0,0,early_only,prior_weak_reproduction,SB_0__SB_1,14,128,2,differential,sat,sat,0.0015855561941862106,2.6525760516524315,a9000000009d00000000a0000048006f,a9000000009d00000000a0000048006f,a9000000009d00000000a0000048206f,False,sat,False,False,False,,"{""0"": ""unknown"", ""1"": ""unknown"", ""10"": ""unknown"", ""11"": ""unknown"", ""12"": ""unknown"", ""13"": ""unknown"", ""14"": ""free"", ""15"": ""unknown"", ""2"": ""unknown"", ""3"": ""unknown"", ""4"": ""unknown"", ""5"": ""unknown"", ""6"": ""unknown"", ""7"": ""unknown"", ""8"": ""unknown"", ""9"": ""unknown""}","{""0"": ""free"", ""1"": ""free"", ""2"": ""free"", ""3"": ""free""}",[],[14],"[0, 1, 2, 3, 4, 5, 6, 7, 8, 9, 10, 11, 12, 13, 15]",False,ambiguity,False,uf_axiom,
SB_0__SR_0,SB_0,SR_0,SB-SR,0,1,1,1,1,0,0,0,0,0,0,1,early_only,prior_weak_reproduction,SB_0__SR_0,17,128,2,differential,sat,sat,0.0014213528484106064,4.354419771581888,860000000064000000008e00004000a0,860000000064000000008e00004000a0,86000000006400000000c000006200a0,False,sat,False,False,False,,"{""0"": ""fixed"", ""1"": ""free"", ""10"": ""free"", ""11"": ""unknown"", ""12"": ""unknown"", ""13"": ""free"", ""14"": ""unknown"", ""15"": ""unknown"", ""2"": ""free"", ""3"": ""free"", ""4"": ""free"", ""5"": ""fixed"", ""6"": ""free"", ""7"": ""unknown"", ""8"": ""unknown"", ""9"": ""unknown""}","{""0"": ""free"", ""1"": ""free"", ""2"": ""free"", ""3"": ""free""}","[0, 5]","[1, 2, 3, 4, 6, 10, 13]","[7, 8, 9, 11, 12, 14, 15]",False,ambiguity,False,uf_axiom,
SB_0__SB_41,SB_0,SB_41,SB-SB,1,0,0,0,0,0,0,0,0,1,0,0,early_only,prior_weak_reproduction,SB_0__SB_41,4,128,2,differential,sat,sat,0.0030182506889104843,16.831555023789406,8beb00d113a8000000e8e70000574a5d,8beb00d113a8000000e8e70000574a5d,8b0900100fa800000051270000d5435d,False,sat,False,False,False,,"{""0"": ""fixed"", ""1"": ""free"", ""10"": ""free"", ""11"": ""unknown"", ""12"": ""unknown"", ""13"": ""free"", ""14"": ""free"", ""15"": ""unknown"", ""2"": ""free"", ""3"": ""free"", ""4"": ""free"", ""5"": ""fixed"", ""6"": ""unknown"", ""7"": ""unknown"", ""8"": ""unknown"", ""9"": ""free""}","{""0"": ""free"", ""1"": ""free"", ""2"": ""free"", ""3"": ""free""}","[0, 5]","[1, 2, 3, 4, 9, 10, 13, 14]","[6, 7, 8, 11, 12, 15]",False,ambiguity,False,uf_axiom,
SB_0__SB_1,SB_0,SB_1,SB-SB,1,1,1,1,0,0,0,0,0,0,0,0,early_only,prior_weak_reproduction,SB_0__SB_1,8,128,2,differential,sat,sat,0.0009785890579223633,14.139997661113739,e300000000db000000006200008800a9,e300000000db000000006200008800a9,e300020000db000000006200008800a9,False,sat,False,False,False,,"{""0"": ""fixed"", ""1"": ""free"", ""10"": ""fixed"", ""11"": ""free"", ""12"": ""free"", ""13"": ""fixed"", ""14"": ""free"", ""15"": ""fixed"", ""2"": ""free"", ""3"": ""free"", ""4"": ""free"", ""5"": ""fixed"", ""6"": ""free"", ""7"": ""free"", ""8"": ""free"", ""9"": ""free""}","{""0"": ""free"", ""1"": ""free"", ""2"": ""free"", ""3"": ""free""}","[0, 5, 10, 13, 15]","[1, 2, 3, 4, 6, 7, 8, 9, 11, 12, 14]",[],False,ambiguity,False,uf_axiom,
SB_0__SR_0,SB_0,SR_0,SB-SR,0,1,1,1,1,0,0,0,0,0,0,1,early_only,prior_weak_reproduction,SB_0__SR_0,7,128,2,differential,sat,sat,0.001737082377076149,3.089465966448188,f100000000db00000000a30000e80074,f100000000db00000000a30000e80074,f100000400db00000000a30000e80074,False,sat,False,False,False,,"{""0"": ""fixed"", ""1"": ""free"", ""10"": ""fixed"", ""11"": ""free"", ""12"": ""free"", ""13"": ""fixed"", ""14"": ""free"", ""15"": ""fixed"", ""2"": ""free"", ""3"": ""free"", ""4"": ""free"", ""5"": ""fixed"", ""6"": ""free"", ""7"": ""free"", ""8"": ""free"", ""9"": ""free""}","{""0"": ""free"", ""1"": ""free"", ""2"": ""free"", ""3"": ""free""}","[0, 5, 10, 13, 15]","[1, 2, 3, 4, 6, 7, 8, 9, 11, 12, 14]",[],False,ambiguity,False,uf_axiom,
SB_0__SR_1,SB_0,SR_1,SB-SR,0,1,1,1,0,0,0,0,0,0,0,0,early_only,prior_weak_reproduction,SB_0__SR_1,12,128,2,differential,sat,sat,0.0008976608514785767,1.2939705178141594,ac000000001100000000f300009100ea,ac000000001100000000f300009100ea,ac000000008600000000f300006000ea,False,sat,False,False,False,,"{""0"": ""fixed"", ""1"": ""free"", ""10"": ""fixed"", ""11"": ""free"", ""12"": ""free"", ""13"": ""free"", ""14"": ""free"", ""15"": ""fixed"", ""2"": ""free"", ""3"": ""free"", ""4"": ""free"", ""5"": ""free"", ""6"": ""free"", ""7"": ""free"", ""8"": ""free"", ""9"": ""free""}","{""0"": ""free"", ""1"": ""free"", ""2"": ""free"", ""3"": ""free""}","[0, 10, 15]","[1, 2, 3, 4, 5, 6, 7, 8, 9, 11, 12, 13, 14]",[],False,ambiguity,False,uf_axiom,
SB_0__SB_41,SB_0,SB_41,SB-SB,1,0,0,0,0,0,0,0,0,1,0,0,early_only,prior_weak_reproduction,SB_0__SB_41,3,128,2,differential,sat,sat,0.003753814846277237,29.470093615353107,083f007b4db70000004ee100001b49a9,083f007b4db70000004ee100001b49a9,087c000472b7000000fce100001be8a9,False,sat,False,False,False,,"{""0"": ""fixed"", ""1"": ""free"", ""10"": ""unknown"", ""11"": ""unknown"", ""12"": ""unknown"", ""13"": ""unknown"", ""14"": ""free"", ""15"": ""unknown"", ""2"": ""unknown"", ""3"": ""free"", ""4"": ""free"", ""5"": ""unknown"", ""6"": ""unknown"", ""7"": ""unknown"", ""8"": ""unknown"", ""9"": ""free""}","{""0"": ""free"", ""1"": ""free"", ""2"": ""free"", ""3"": ""free""}",[0],"[1, 3, 4, 9, 14]","[2, 5, 6, 7, 8, 10, 11, 12, 13, 15]",False,ambiguity,False,uf_axiom,
SB_0__SB_41,SB_0,SB_41,SB-SB,1,0,0,0,0,0,0,0,0,1,0,0,early_only,prior_weak_reproduction,SB_0__SB_41,10,128,2,differential,sat,sat,0.003307979553937912,11.685770343989134,77a400baab2a00000001320000060903,77a400baab2a00000001320000060903,f040000cca2a000000b1a500009007a6,False,sat,False,False,False,,"{""0"": ""free"", ""1"": ""free"", ""10"": ""free"", ""11"": ""unknown"", ""12"": ""unknown"", ""13"": ""free"", ""14"": ""free"", ""15"": ""free"", ""2"": ""free"", ""3"": ""free"", ""4"": ""free"", ""5"": ""fixed"", ""6"": ""unknown"", ""7"": ""unknown"", ""8"": ""unknown"", ""9"": ""free""}","{""0"": ""free"", ""1"": ""free"", ""2"": ""free"", ""3"": ""free""}",[5],"[0, 1, 2, 3, 4, 9, 10, 13, 14, 15]","[6, 7, 8, 11, 12]",False,ambiguity,False,uf_axiom,
SB_0__SB_41,SB_0,SB_41,SB-SB,1,0,0,0,0,0,0,0,0,1,0,0,early_only,prior_weak_reproduction,SB_0__SB_41,15,128,2,differential,sat,sat,0.002236984670162201,17.760716719552875,6cd500d050df0000001ebb0000d61394,6cd500d050df0000001ebb0000d61394,6c5700e4addf0000002004000099bf94,False,sat,False,False,False,,"{""0"": ""fixed"", ""1"": ""free"", ""10"": ""free"", ""11"": ""unknown"", ""12"": ""unknown"", ""13"": ""free"", ""14"": ""free"", ""15"": ""unknown"", ""2"": ""unknown"", ""3"": ""free"", ""4"": ""free"", ""5"": ""unknown"", ""6"": ""unknown"", ""7"": ""unknown"", ""8"": ""unknown"", ""9"": ""free""}","{""0"": ""free"", ""1"": ""free"", ""2"": ""free"", ""3"": ""free""}",[0],"[1, 3, 4, 9, 10, 13, 14]","[2, 5, 6, 7, 8, 11, 12, 15]",False,ambiguity,False,uf_axiom,
SB_0__SB_1,SB_0,SB_1,SB-SB,1,1,1,1,0,0,0,0,0,0,0,0,early_only,prior_weak_reproduction,SB_0__SB_1,10,128,2,differential,sat,sat,0.0012861844152212143,1.3036599569022655,77000000002a00000000320000060003,77000000002a00000000320000060003,77000000002a00400000cc0000380003,False,sat,False,False,False,,"{""0"": ""fixed"", ""1"": ""free"", ""10"": ""free"", ""11"": ""free"", ""12"": ""free"", ""13"": ""free"", ""14"": ""free"", ""15"": ""fixed"", ""2"": ""free"", ""3"": ""free"", ""4"": ""free"", ""5"": ""fixed"", ""6"": ""free"", ""7"": ""free"", ""8"": ""free"", ""9"": ""free""}","{""0"": ""free"", ""1"": ""free"", ""2"": ""free"", ""3"": ""free""}","[0, 5, 15]","[1, 2, 3, 4, 6, 7, 8, 9, 10, 11, 12, 13, 14]",[],False,ambiguity,False,uf_axiom,
SB_0__SB_32,SB_0,SB_32,SB-SB,1,0,1,0,1,0,0,0,1,0,0,0,early_only,prior_weak_reproduction,SB_0__SB_32,13,128,2,differential,sat,sat,0.0029069185256958008,14.708843881264329,9300002b7be2000000ab2d00007c1328,9300002b7be2000000ab2d00007c1328,9300002b7be2000000ab2d00017c1328,False,sat,False,False,False,,"{""0"": ""fixed"", ""1"": ""free"", ""10"": ""unknown"", ""11"": ""unknown"", ""12"": ""free"", ""13"": ""unknown"", ""14"": ""unknown"", ""15"": ""unknown"", ""2"": ""free"", ""3"": ""unknown"", ""4"": ""unknown"", ""5"": ""unknown"", ""6"": ""unknown"", ""7"": ""unknown"", ""8"": ""unknown"", ""9"": ""unknown""}","{""0"": ""free"", ""1"": ""free"", ""2"": ""free"", ""3"": ""free""}",[0],"[1, 2, 12]","[3, 4, 5, 6, 7, 8, 9, 10, 11, 13, 14, 15]",False,ambiguity,False,uf_axiom,
SB_0__SR_1,SB_0,SR_1,SB-SR,0,1,1,1,0,0,0,0,0,0,0,0,early_only,prior_weak_reproduction,SB_0__SR_1,1,128,2,differential,sat,sat,0.0010609347373247147,0.9250601194798946,99000000003c000000008a0000570006,99000000003c000000008a0000570006,99000000003c00000000b80000a40006,False,sat,False,False,False,,"{""0"": ""fixed"", ""1"": ""free"", ""10"": ""free"", ""11"": ""free"", ""12"": ""free"", ""13"": ""free"", ""14"": ""free"", ""15"": ""fixed"", ""2"": ""free"", ""3"": ""free"", ""4"": ""free"", ""5"": ""fixed"", ""6"": ""free"", ""7"": ""free"", ""8"": ""free"", ""9"": ""free""}","{""0"": ""free"", ""1"": ""free"", ""2"": ""free"", ""3"": ""free""}","[0, 5, 15]","[1, 2, 3, 4, 6, 7, 8, 9, 10, 11, 12, 13, 14]",[],False,ambiguity,False,uf_axiom,
SB_0__SB_41,SB_0,SB_41,SB-SB,1,0,0,0,0,0,0,0,0,1,0,0,early_only,prior_weak_reproduction,SB_0__SB_41,1,128,2,differential,sat,sat,0.002515222877264023,45.86790376715362,99100079bc3c0000007a8a0000573606,99100079bc3c0000007a8a0000573606,99d40038633c00000088280000e36a06,False,sat,False,False,False,,"{""0"": ""fixed"", ""1"": ""free"", ""10"": ""free"", ""11"": ""unknown"", ""12"": ""unknown"", ""13"": ""free"", ""14"": ""free"", ""15"": ""unknown"", ""2"": ""free"", ""3"": ""free"", ""4"": ""free"", ""5"": ""fixed"", ""6"": ""unknown"", ""7"": ""unknown"", ""8"": ""unknown"", ""9"": ""free""}","{""0"": ""free"", ""1"": ""free"", ""2"": ""free"", ""3"": ""free""}","[0, 5]","[1, 2, 3, 4, 9, 10, 13, 14]","[6, 7, 8, 11, 12, 15]",False,ambiguity,False,uf_axiom,
SB_0__SR_1,SB_0,SR_1,SB-SR,0,1,1,1,0,0,0,0,0,0,0,0,early_only,prior_weak_reproduction,SB_0__SR_1,0,128,2,differential,sat,sat,0.0016108006238937378,1.6187711227685213,ed00000000e400000000ec0000d000f6,ed00000000e400000000ec0000d000f6,ed00000000e400000000ec0800d000f6,False,sat,False,False,False,,"{""0"": ""fixed"", ""1"": ""free"", ""10"": ""fixed"", ""11"": ""free"", ""12"": ""free"", ""13"": ""fixed"", ""14"": ""unknown"", ""15"": ""unknown"", ""2"": ""free"", ""3"": ""free"", ""4"": ""free"", ""5"": ""fixed"", ""6"": ""free"", ""7"": ""free"", ""8"": ""free"", ""9"": ""free""}","{""0"": ""free"", ""1"": ""free"", ""2"": ""free"", ""3"": ""free""}","[0, 5, 10, 13]","[1, 2, 3, 4, 6, 7, 8, 9, 11, 12]","[14, 15]",False,ambiguity,False,uf_axiom,
SB_0__SB_1,SB_0,SB_1,SB-SB,1,1,1,1,0,0,0,0,0,0,0,0,early_only,prior_weak_reproduction,SB_0__SB_1,3,128,2,differential,sat,sat,0.0022237002849578857,1.1881552003324032,0800000000b700000000e100001b00a9,0800000000b700000000e100001b00a9,0800000000b700100000e100001b00a9,False,sat,False,False,False,,"{""0"": ""fixed"", ""1"": ""free"", ""10"": ""fixed"", ""11"": ""free"", ""12"": ""free"", ""13"": ""unknown"", ""14"": ""unknown"", ""15"": ""unknown"", ""2"": ""free"", ""3"": ""free"", ""4"": ""free"", ""5"": ""fixed"", ""6"": ""free"", ""7"": ""free"", ""8"": ""free"", ""9"": ""free""}","{""0"": ""free"", ""1"": ""free"", ""2"": ""free"", ""3"": ""free""}","[0, 5, 10]","[1, 2, 3, 4, 6, 7, 8, 9, 11, 12]","[13, 14, 15]",False,ambiguity,False,uf_axiom,
SB_0__SB_32,SB_0,SB_32,SB-SB,1,0,1,0,1,0,0,0,1,0,0,0,early_only,prior_weak_reproduction,SB_0__SB_32,6,128,2,differential,sat,sat,0.003317764028906822,38.006043607369065,be0000fe7ef8000000abfa0000527590,be0000fe7ef8000000abfa0000527590,be0000fe7ef8000000abfa0010527590,False,sat,False,False,False,,"{""0"": ""unknown"", ""1"": ""unknown"", ""10"": ""unknown"", ""11"": ""unknown"", ""12"": ""free"", ""13"": ""unknown"", ""14"": ""unknown"", ""15"": ""unknown"", ""2"": ""unknown"", ""3"": ""unknown"", ""4"": ""unknown"", ""5"": ""unknown"", ""6"": ""unknown"", ""7"": ""unknown"", ""8"": ""unknown"", ""9"": ""unknown""}","{""0"": ""unknown"", ""1"": ""unknown"", ""2"": ""unknown"", ""3"": ""free""}",[],[12],"[0, 1, 2, 3, 4, 5, 6, 7, 8, 9, 10, 11, 13, 14, 15]",False,ambiguity,False,uf_axiom,
SB_0__SR_1,SB_0,SR_1,SB-SR,0,1,1,1,0,0,0,0,0,0,0,0,early_only,prior_weak_reproduction,SB_0__SR_1,2,128,2,differential,sat,sat,0.0021059513092041016,2.1904590763151646,a60000000059000000008f0000c20061,a60000000059000000008f0000c20061,a60000000059000040008f0000c20061,False,sat,False,False,False,,"{""0"": ""fixed"", ""1"": ""free"", ""10"": ""fixed"", ""11"": ""free"", ""12"": ""free"", ""13"": ""fixed"", ""14"": ""free"", ""15"": ""fixed"", ""2"": ""free"", ""3"": ""free"", ""4"": ""free"", ""5"": ""fixed"", ""6"": ""free"", ""7"": ""free"", ""8"": ""free"", ""9"": ""free""}","{""0"": ""free"", ""1"": ""free"", ""2"": ""free"", ""3"": ""free""}","[0, 5, 10, 13, 15]","[1, 2, 3, 4, 6, 7, 8, 9, 11, 12, 14]",[],False,ambiguity,False,uf_axiom,
SB_0__SB_32,SB_0,SB_32,SB-SB,1,0,1,0,1,0,0,0,1,0,0,0,early_only,prior_weak_reproduction,SB_0__SB_32,18,128,2,differential,sat,sat,0.003437943756580353,30.55654390156269,1900002404e000000060290000da983c,1900002404e000000060290000da983c,1900002765e000000001290000636216,False,sat,False,False,False,,"{""0"": ""fixed"", ""1"": ""free"", ""10"": ""unknown"", ""11"": ""unknown"", ""12"": ""unknown"", ""13"": ""free"", ""14"": ""free"", ""15"": ""free"", ""2"": ""free"", ""3"": ""free"", ""4"": ""free"", ""5"": ""fixed"", ""6"": ""unknown"", ""7"": ""unknown"", ""8"": ""unknown"", ""9"": ""free""}","{""0"": ""free"", ""1"": ""free"", ""2"": ""free"", ""3"": ""free""}","[0, 5]","[1, 2, 3, 4, 9, 13, 14, 15]","[6, 7, 8, 10, 11, 12]",False,ambiguity,False,uf_axiom,
SB_0__SR_1,SB_0,SR_1,SB-SR,0,1,1,1,0,0,0,0,0,0,0,0,early_only,prior_weak_reproduction,SB_0__SR_1,13,128,2,differential,sat,sat,0.0015818383544683456,3.6691688876599073,9300000000e2000000002d00007c0028,9300000000e2000000002d00007c0028,9300000000e2000000002d00007c8028,False,sat,False,False,False,,"{""0"": ""fixed"", ""1"": ""free"", ""10"": ""fixed"", ""11"": ""free"", ""12"": ""free"", ""13"": ""fixed"", ""14"": ""free"", ""15"": ""fixed"", ""2"": ""free"", ""3"": ""free"", ""4"": ""free"", ""5"": ""fixed"", ""6"": ""free"", ""7"": ""free"", ""8"": ""free"", ""9"": ""free""}","{""0"": ""free"", ""1"": ""free"", ""2"": ""free"", ""3"": ""free""}","[0, 5, 10, 13, 15]","[1, 2, 3, 4, 6, 7, 8, 9, 11, 12, 14]",[],False,ambiguity,False,uf_axiom,
SB_0__SB_32,SB_0,SB_32,SB-SB,1,0,1,0,1,0,0,0,1,0,0,0,early_only,prior_weak_reproduction,SB_0__SB_32,4,128,2,differential,sat,sat,0.003156716004014015,9.826059199869633,8b0000d113a8000000e8e70000574a5d,8b0000d113a8000000e8e70000574a5d,8b0000d113a8000000e8e71000574a5d,False,sat,False,False,False,,"{""0"": ""fixed"", ""1"": ""free"", ""10"": ""unknown"", ""11"": ""free"", ""12"": ""unknown"", ""13"": ""unknown"", ""14"": ""unknown"", ""15"": ""unknown"", ""2"": ""free"", ""3"": ""unknown"", ""4"": ""unknown"", ""5"": ""unknown"", ""6"": ""unknown"", ""7"": ""unknown"", ""8"": ""unknown"", ""9"": ""unknown""}","{""0"": ""free"", ""1"": ""free"", ""2"": ""free"", ""3"": ""free""}",[0],"[1, 2, 11]","[3, 4, 5, 6, 7, 8, 9, 10, 12, 13, 14, 15]",False,ambiguity,False,uf_axiom,
SB_0__SB_32,SB_0,SB_32,SB-SB,1,0,1,0,1,0,0,0,1,0,0,0,early_only,prior_weak_reproduction,SB_0__SB_32,12,128,2,differential,sat,sat,0.0024594273418188095,42.72012749873102,ac0000e3181100000061f3000091faea,ac0000e3181100000061f3000091faea,ac00000e18cf0040003b15000042fad3,False,sat,False,False,False,,"{""0"": ""free"", ""1"": ""free"", ""10"": ""free"", ""11"": ""unknown"", ""12"": ""unknown"", ""13"": ""free"", ""14"": ""unknown"", ""15"": ""free"", ""2"": ""free"", ""3"": ""free"", ""4"": ""fixed"", ""5"": ""free"", ""6"": ""unknown"", ""7"": ""free"", ""8"": ""unknown"", ""9"": ""free""}","{""0"": ""free"", ""1"": ""free"", ""2"": ""free"", ""3"": ""free""}",[4],"[0, 1, 2, 3, 5, 7, 9, 10, 13, 15]","[6, 8, 11, 12, 14]",False,ambiguity,False,uf_axiom,
SB_0__SB_41,SB_0,SB_41,SB-SB,1,0,0,0,0,0,0,0,0,1,0,0,early_only,prior_weak_reproduction,SB_0__SB_41,13,128,2,differential,sat,sat,0.002938702702522278,42.77129674516618,931e002b7be2000000ab2d00007c1328,931e002b7be2000000ab2d00007c1328,9357008c3be2010000c42d00007c7428,False,sat,False,False,False,,"{""0"": ""fixed"", ""1"": ""free"", ""10"": ""fixed"", ""11"": ""unknown"", ""12"": ""unknown"", ""13"": ""unknown"", ""14"": ""free"", ""15"": ""unknown"", ""2"": ""free"", ""3"": ""free"", ""4"": ""free"", ""5"": ""fixed"", ""6"": ""free"", ""7"": ""free"", ""8"": ""free"", ""9"": ""free""}","{""0"": ""free"", ""1"": ""free"", ""2"": ""free"", ""3"": ""free""}","[0, 5, 10]","[1, 2, 3, 4, 6, 7, 8, 9, 14]","[11, 12, 13, 15]",False,ambiguity,False,uf_axiom,
SB_0__SR_1,SB_0,SR_1,SB-SR,0,1,1,1,0,0,0,0,0,0,0,0,early_only,prior_weak_reproduction,SB_0__SR_1,11,128,2,differential,sat,sat,0.0018231570720672607,1.4988348111510277,da000000000e000000002c00007e0047,da000000000e000000002c00007e0047,da000000000e000100002c00007e0047,False,sat,False,False,False,,"{""0"": ""fixed"", ""1"": ""free"", ""10"": ""fixed"", ""11"": ""free"", ""12"": ""free"", ""13"": ""fixed"", ""14"": ""free"", ""15"": ""fixed"", ""2"": ""free"", ""3"": ""free"", ""4"": ""free"", ""5"": ""fixed"", ""6"": ""free"", ""7"": ""free"", ""8"": ""free"", ""9"": ""free""}","{""0"": ""free"", ""1"": ""free"", ""2"": ""free"", ""3"": ""free""}","[0, 5, 10, 13, 15]","[1, 2, 3, 4, 6, 7, 8, 9, 11, 12, 14]",[],False,ambiguity,False,uf_axiom,
SB_0__SR_0,SB_0,SR_0,SB-SR,0,1,1,1,1,0,0,0,0,0,0,1,early_only,prior_weak_reproduction,SB_0__SR_0,14,128,2,differential,sat,sat,0.0012622065842151642,86.76745001785457,a9000000009d00000000a0000048006f,a9000000009d00000000a0000048006f,c0000000005b00000000f200008e0036,False,sat,False,False,False,,"{""0"": ""free"", ""1"": ""free"", ""10"": ""free"", ""11"": ""free"", ""12"": ""free"", ""13"": ""free"", ""14"": ""free"", ""15"": ""free"", ""2"": ""free"", ""3"": ""free"", ""4"": ""free"", ""5"": ""free"", ""6"": ""free"", ""7"": ""free"", ""8"": ""free"", ""9"": ""free""}","{""0"": ""free"", ""1"": ""free"", ""2"": ""free"", ""3"": ""free""}",[],"[0, 1, 2, 3, 4, 5, 6, 7, 8, 9, 10, 11, 12, 13, 14, 15]",[],False,ambiguity,False,uf_axiom,
SB_0__SR_0,SB_0,SR_0,SB-SR,0,1,1,1,1,0,0,0,0,0,0,1,early_only,prior_weak_reproduction,SB_0__SR_0,10,128,2,differential,sat,sat,0.0012625306844711304,49.85807127133012,77000000002a00000000320000060003,77000000002a00000000320000060003,77000000002a000000009100007400a6,False,sat,False,False,False,,"{""0"": ""unknown"", ""1"": ""unknown"", ""10"": ""free"", ""11"": ""unknown"", ""12"": ""unknown"", ""13"": ""free"", ""14"": ""unknown"", ""15"": ""free"", ""2"": ""unknown"", ""3"": ""unknown"", ""4"": ""unknown"", ""5"": ""unknown"", ""6"": ""unknown"", ""7"": ""unknown"", ""8"": ""unknown"", ""9"": ""unknown""}","{""0"": ""unknown"", ""1"": ""unknown"", ""2"": ""free"", ""3"": ""free""}",[],"[10, 13, 15]","[0, 1, 2, 3, 4, 5, 6, 7, 8, 9, 11, 12, 14]",False,ambiguity,False,uf_axiom,
SB_0__SR_1,SB_0,SR_1,SB-SR,0,1,1,1,0,0,0,0,0,0,0,0,early_only,prior_weak_reproduction,SB_0__SR_1,7,128,2,differential,sat,sat,0.0017895065248012543,2.2493261974304914,f100000000db00000000a30000e80074,f100000000db00000000a30000e80074,f100004000db00000000a30000e80074,False,sat,False,False,False,,"{""0"": ""fixed"", ""1"": ""free"", ""10"": ""fixed"", ""11"": ""free"", ""12"": ""free"", ""13"": ""fixed"", ""14"": ""free"", ""15"": ""fixed"", ""2"": ""free"", ""3"": ""free"", ""4"": ""free"", ""5"": ""fixed"", ""6"": ""free"", ""7"": ""free"", ""8"": ""free"", ""9"": ""free""}","{""0"": ""free"", ""1"": ""free"", ""2"": ""free"", ""3"": ""free""}","[0, 5, 10, 13, 15]","[1, 2, 3, 4, 6, 7, 8, 9, 11, 12, 14]",[],False,ambiguity,False,uf_axiom,
SB_0__SR_0,SB_0,SR_0,SB-SR,0,1,1,1,1,0,0,0,0,0,0,1,early_only,prior_weak_reproduction,SB_0__SR_0,9,128,2,differential,sat,sat,0.0015463680028915405,35.65431153960526,44000000007300000000ec0000d60034,44000000007300000000ec0000d60034,44000000007300000000ec0000d61034,False,sat,False,False,False,,"{""0"": ""fixed"", ""1"": ""unknown"", ""10"": ""unknown"", ""11"": ""unknown"", ""12"": ""unknown"", ""13"": ""unknown"", ""14"": ""free"", ""15"": ""unknown"", ""2"": ""unknown"", ""3"": ""unknown"", ""4"": ""unknown"", ""5"": ""unknown"", ""6"": ""unknown"", ""7"": ""unknown"", ""8"": ""unknown"", ""9"": ""unknown""}","{""0"": ""free"", ""1"": ""free"", ""2"": ""free"", ""3"": ""free""}",[0],[14],"[1, 2, 3, 4, 5, 6, 7, 8, 9, 10, 11, 12, 13, 15]",False,ambiguity,False,uf_axiom,
SB_0__SR_1,SB_0,SR_1,SB-SR,0,1,1,1,0,0,0,0,0,0,0,0,early_only,prior_weak_reproduction,SB_0__SR_1,17,128,2,differential,sat,sat,0.0014701969921588898,8.161576034501195,860000000064000000008e00004000a0,860000000064000000008e00004000a0,860200000064000000008e00004000a0,False,sat,False,False,False,,"{""0"": ""fixed"", ""1"": ""free"", ""10"": ""unknown"", ""11"": ""unknown"", ""12"": ""unknown"", ""13"": ""unknown"", ""14"": ""unknown"", ""15"": ""unknown"", ""2"": ""free"", ""3"": ""free"", ""4"": ""free"", ""5"": ""fixed"", ""6"": ""free"", ""7"": ""free"", ""8"": ""free"", ""9"": ""free""}","{""0"": ""free"", ""1"": ""free"", ""2"": ""free"", ""3"": ""free""}","[0, 5]","[1, 2, 3, 4, 6, 7, 8, 9]","[10, 11, 12, 13, 14, 15]",False,ambiguity,False,uf_axiom,
SB_0__SB_41,SB_0,SB_41,SB-SB,1,0,0,0,0,0,0,0,0,1,0,0,early_only,prior_weak_reproduction,SB_0__SB_41,9,128,2,differential,sat,sat,0.002621311694383621,25.508064648136497,4470007e6c73000000c3ec0000d67c34,4470007e6c73000000c3ec0000d67c34,44e20000ba730000002cec0000d6e334,False,sat,False,False,False,,"{""0"": ""fixed"", ""1"": ""free"", ""10"": ""unknown"", ""11"": ""unknown"", ""12"": ""unknown"", ""13"": ""unknown"", ""14"": ""free"", ""15"": ""unknown"", ""2"": ""free"", ""3"": ""free"", ""4"": ""free"", ""5"": ""unknown"", ""6"": ""unknown"", ""7"": ""unknown"", ""8"": ""unknown"", ""9"": ""free""}","{""0"": ""free"", ""1"": ""free"", ""2"": ""free"", ""3"": ""free""}",[0],"[1, 2, 3, 4, 9, 14]","[5, 6, 7, 8, 10, 11, 12, 13, 15]",False,ambiguity,False,uf_axiom,
SB_0__SB_32,SB_0,SB_32,SB-SB,1,0,1,0,1,0,0,0,1,0,0,0,early_only,prior_weak_reproduction,SB_0__SB_32,1,128,2,differential,sat,sat,0.002617616206407547,54.61642010882497,99000079bc3c0000007a8a0000573606,99000079bc3c0000007a8a0000573606,990000f02d450000008194000022fb06,False,sat,False,False,False,,"{""0"": ""fixed"", ""1"": ""unknown"", ""10"": ""free"", ""11"": ""unknown"", ""12"": ""unknown"", ""13"": ""free"", ""14"": ""free"", ""15"": ""unknown"", ""2"": ""unknown"", ""3"": ""free"", ""4"": ""free"", ""5"": ""free"", ""6"": ""unknown"", ""7"": ""unknown"", ""8"": ""unknown"", ""9"": ""free""}","{""0"": ""free"", ""1"": ""free"", ""2"": ""free"", ""3"": ""free""}",[0],"[3, 4, 5, 9, 10, 13, 14]","[1, 2, 6, 7, 8, 11, 12, 15]",False,ambiguity,False,uf_axiom,
SB_0__SR_1,SB_0,SR_1,SB-SR,0,1,1,1,0,0,0,0,0,0,0,0,early_only,prior_weak_reproduction,SB_0__SR_1,4,128,2,differential,sat,sat,0.0015025641769170761,3.375152623280883,8b00000000a800000000e7000057005d,8b00000000a800000000e7000057005d,8b00000000a800000000e7100057005d,False,sat,False,False,False,,"{""0"": ""fixed"", ""1"": ""free"", ""10"": ""fixed"", ""11"": ""free"", ""12"": ""unknown"", ""13"": ""unknown"", ""14"": ""unknown"", ""15"": ""unknown"", ""2"": ""free"", ""3"": ""free"", ""4"": ""free"", ""5"": ""fixed"", ""6"": ""free"", ""7"": ""free"", ""8"": ""free"", ""9"": ""free""}","{""0"": ""free"", ""1"": ""free"", ""2"": ""free"", ""3"": ""free""}","[0, 5, 10]","[1, 2, 3, 4, 6, 7, 8, 9, 11]","[12, 13, 14, 15]",False,ambiguity,False,uf_axiom,
SB_0__SR_1,SB_0,SR_1,SB-SR,0,1,1,1,0,0,0,0,0,0,0,0,early_only,prior_weak_reproduction,SB_0__SR_1,15,128,2,differential,sat,sat,0.0014068018645048141,2.0128144156187773,6c00000000df00000000bb0000d60094,6c00000000df00000000bb0000d60094,6c00000080df00000000bb0000d60094,False,sat,False,False,False,,"{""0"": ""fixed"", ""1"": ""free"", ""10"": ""fixed"", ""11"": ""free"", ""12"": ""free"", ""13"": ""fixed"", ""14"": ""free"", ""15"": ""fixed"", ""2"": ""free"", ""3"": ""free"", ""4"": ""free"", ""5"": ""fixed"", ""6"": ""free"", ""7"": ""free"", ""8"": ""free"", ""9"": ""free""}","{""0"": ""free"", ""1"": ""free"", ""2"": ""free"", ""3"": ""free""}","[0, 5, 10, 13, 15]","[1, 2, 3, 4, 6, 7, 8, 9, 11, 12, 14]",[],False,ambiguity,False,uf_axiom,
SB_0__SR_1,SB_0,SR_1,SB-SR,0,1,1,1,0,0,0,0,0,0,0,0,early_only,prior_weak_reproduction,SB_0__SR_1,16,128,2,differential,sat,sat,0.0014720112085342407,1.9596020374447107,2f00000000e5000000001a0000dd00ba,2f00000000e5000000001a0000dd00ba,2f00000100e5000000001a0000dd00ba,False,sat,False,False,False,,"{""0"": ""fixed"", ""1"": ""free"", ""10"": ""fixed"", ""11"": ""free"", ""12"": ""free"", ""13"": ""fixed"", ""14"": ""free"", ""15"": ""fixed"", ""2"": ""free"", ""3"": ""free"", ""4"": ""free"", ""5"": ""fixed"", ""6"": ""free"", ""7"": ""free"", ""8"": ""free"", ""9"": ""free""}","{""0"": ""free"", ""1"": ""free"", ""2"": ""free"", ""3"": ""free""}","[0, 5, 10, 13, 15]","[1, 2, 3, 4, 6, 7, 8, 9, 11, 12, 14]",[],False,ambiguity,False,uf_axiom,
SB_0__SR_0,SB_0,SR_0,SB-SR,0,1,1,1,1,0,0,0,0,0,0,1,early_only,prior_weak_reproduction,SB_0__SR_0,16,128,2,differential,sat,sat,0.0018408726900815964,3.6600162014365196,2f00000000e5000000001a0000dd00ba,2f00000000e5000000001a0000dd00ba,2f00000000e5000000001a0000d90052,False,sat,False,False,False,,"{""0"": ""fixed"", ""1"": ""free"", ""10"": ""fixed"", ""11"": ""free"", ""12"": ""free"", ""13"": ""free"", ""14"": ""free"", ""15"": ""free"", ""2"": ""free"", ""3"": ""free"", ""4"": ""free"", ""5"": ""fixed"", ""6"": ""free"", ""7"": ""free"", ""8"": ""free"", ""9"": ""free""}","{""0"": ""free"", ""1"": ""free"", ""2"": ""free"", ""3"": ""free""}","[0, 5, 10]","[1, 2, 3, 4, 6, 7, 8, 9, 11, 12, 13, 14, 15]",[],False,ambiguity,False,uf_axiom,
SB_0__SB_1,SB_0,SB_1,SB-SB,1,1,1,1,0,0,0,0,0,0,0,0,early_only,prior_weak_reproduction,SB_0__SB_1,9,128,2,differential,sat,sat,0.0015955064445734024,5.420369004830718,44000000007300000000ec0000d60034,44000000007300000000ec0000d60034,44000000007300000004ec0000d60034,False,sat,False,False,False,,"{""0"": ""fixed"", ""1"": ""free"", ""10"": ""fixed"", ""11"": ""free"", ""12"": ""free"", ""13"": ""fixed"", ""14"": ""free"", ""15"": ""fixed"", ""2"": ""free"", ""3"": ""free"", ""4"": ""free"", ""5"": ""fixed"", ""6"": ""free"", ""7"": ""free"", ""8"": ""free"", ""9"": ""free""}","{""0"": ""free"", ""1"": ""free"", ""2"": ""free"", ""3"": ""free""}","[0, 5, 10, 13, 15]","[1, 2, 3, 4, 6, 7, 8, 9, 11, 12, 14]",[],False,ambiguity,False,uf_axiom,
SB_0__SR_8,SB_0,SR_8,SB-SR,0,0,0,1,1,0,1,0,0,0,0,0,early_only,prior_weak_reproduction,SB_0__SR_8,0,128,2,differential,sat,sat,0.0022511519491672516,17.871749630197883,edf4009a19e40000001eec0000d00cf6,edf4009a19e40000001eec0000d00cf6,ed0400d712e4200000e4ec0000243030,False,sat,False,False,False,,"{""0"": ""fixed"", ""1"": ""free"", ""10"": ""unknown"", ""11"": ""unknown"", ""12"": ""unknown"", ""13"": ""free"", ""14"": ""free"", ""15"": ""free"", ""2"": ""unknown"", ""3"": ""free"", ""4"": ""free"", ""5"": ""unknown"", ""6"": ""free"", ""7"": ""unknown"", ""8"": ""unknown"", ""9"": ""free""}","{""0"": ""free"", ""1"": ""free"", ""2"": ""free"", ""3"": ""free""}",[0],"[1, 3, 4, 6, 9, 13, 14, 15]","[2, 5, 7, 8, 10, 11, 12]",False,ambiguity,False,uf_axiom,
SB_0__SB_32,SB_0,SB_32,SB-SB,1,0,1,0,1,0,0,0,1,0,0,0,early_only,prior_weak_reproduction,SB_0__SB_32,5,128,2,differential,sat,sat,0.0027542244642972946,58.22682337835431,130000fcba2c00000097430000bc11f3,130000fcba2c00000097430000bc11f3,13000018ba0100000097a200006ae1f1,False,sat,False,False,False,,"{""0"": ""unknown"", ""1"": ""unknown"", ""10"": ""free"", ""11"": ""unknown"", ""12"": ""unknown"", ""13"": ""free"", ""14"": ""free"", ""15"": ""free"", ""2"": ""unknown"", ""3"": ""free"", ""4"": ""unknown"", ""5"": ""free"", ""6"": ""unknown"", ""7"": ""unknown"", ""8"": ""unknown"", ""9"": ""unknown""}","{""0"": ""free"", ""1"": ""free"", ""2"": ""free"", ""3"": ""free""}",[],"[3, 5, 10, 13, 14, 15]","[0, 1, 2, 4, 6, 7, 8, 9, 11, 12]",False,ambiguity,False,uf_axiom,
SB_0__SR_1,SB_0,SR_1,SB-SR,0,1,1,1,0,0,0,0,0,0,0,0,early_only,prior_weak_reproduction,SB_0__SR_1,5,128,2,differential,sat,sat,0.0012015290558338165,2.5753954108804464,13000000002c00000000430000bc00f3,13000000002c00000000430000bc00f3,13000000002c00010000430000bc00f3,False,sat,False,False,False,,"{""0"": ""fixed"", ""1"": ""free"", ""10"": ""fixed"", ""11"": ""free"", ""12"": ""free"", ""13"": ""fixed"", ""14"": ""free"", ""15"": ""fixed"", ""2"": ""free"", ""3"": ""free"", ""4"": ""free"", ""5"": ""fixed"", ""6"": ""free"", ""7"": ""free"", ""8"": ""free"", ""9"": ""free""}","{""0"": ""free"", ""1"": ""free"", ""2"": ""free"", ""3"": ""free""}","[0, 5, 10, 13, 15]","[1, 2, 3, 4, 6, 7, 8, 9, 11, 12, 14]",[],False,ambiguity,False,uf_axiom,
SB_0__SB_32,SB_0,SB_32,SB-SB,1,0,1,0,1,0,0,0,1,0,0,0,early_only,prior_weak_reproduction,SB_0__SB_32,0,128,2,differential,sat,sat,0.0028130318969488144,60.866545394062996,ed00009a19e40000001eec0000d00cf6,ed00009a19e40000001eec0000d00cf6,ed40003d1cfb000000adec00007a5ef6,False,sat,False,False,False,,"{""0"": ""fixed"", ""1"": ""free"", ""10"": ""unknown"", ""11"": ""unknown"", ""12"": ""unknown"", ""13"": ""free"", ""14"": ""free"", ""15"": ""unknown"", ""2"": ""unknown"", ""3"": ""free"", ""4"": ""free"", ""5"": ""free"", ""6"": ""unknown"", ""7"": ""unknown"", ""8"": ""unknown"", ""9"": ""free""}","{""0"": ""free"", ""1"": ""free"", ""2"": ""free"", ""3"": ""free""}",[0],"[1, 3, 4, 5, 9, 13, 14]","[2, 6, 7, 8, 10, 11, 12, 15]",False,ambiguity,False,uf_axiom,
SB_0__SB_41,SB_0,SB_41,SB-SB,1,0,0,0,0,0,0,0,0,1,0,0,early_only,prior_weak_reproduction,SB_0__SB_41,14,128,2,differential,sat,sat,0.00409308448433876,118.47615617513657,a9d60007139d00000034a0000048596f,a9d60007139d00000034a0000048596f,a9bc00060e9d000100daa0000060fc95,False,sat,False,False,False,,"{""0"": ""unknown"", ""1"": ""free"", ""10"": ""unknown"", ""11"": ""unknown"", ""12"": ""unknown"", ""13"": ""free"", ""14"": ""free"", ""15"": ""free"", ""2"": ""unknown"", ""3"": ""free"", ""4"": ""free"", ""5"": ""unknown"", ""6"": ""unknown"", ""7"": ""free"", ""8"": ""unknown"", ""9"": ""free""}","{""0"": ""free"", ""1"": ""free"", ""2"": ""free"", ""3"": ""free""}",[],"[1, 3, 4, 7, 9, 13, 14, 15]","[0, 2, 5, 6, 8, 10, 11, 12]",False,ambiguity,False,uf_axiom,
SB_0__SR_8,SB_0,SR_8,SB-SR,0,0,0,1,1,0,1,0,0,0,0,0,early_only,prior_weak_reproduction,SB_0__SR_8,1,128,2,differential,sat,sat,0.002527548000216484,15.814722331240773,99100079bc3c0000007a8a0000573606,99100079bc3c0000007a8a0000573606,99f40024783c000000528a0000570706,False,sat,False,False,False,,"{""0"": ""fixed"", ""1"": ""free"", ""10"": ""free"", ""11"": ""free"", ""12"": ""free"", ""13"": ""free"", ""14"": ""free"", ""15"": ""fixed"", ""2"": ""free"", ""3"": ""free"", ""4"": ""free"", ""5"": ""fixed"", ""6"": ""free"", ""7"": ""free"", ""8"": ""free"", ""9"": ""free""}","{""0"": ""free"", ""1"": ""free"", ""2"": ""free"", ""3"": ""free""}","[0, 5, 15]","[1, 2, 3, 4, 6, 7, 8, 9, 10, 11, 12, 13, 14]",[],False,ambiguity,False,uf_axiom,
SB_0__SR_1,SB_0,SR_1,SB-SR,0,1,1,1,0,0,0,0,0,0,0,0,early_only,prior_weak_reproduction,SB_0__SR_1,18,128,2,differential,sat,sat,0.002313302829861641,1.4512346610426903,1900000000e000000000290000da003c,1900000000e000000000290000da003c,1900000200e000000000290000da003c,False,sat,False,False,False,,"{""0"": ""fixed"", ""1"": ""free"", ""10"": ""fixed"", ""11"": ""free"", ""12"": ""unknown"", ""13"": ""unknown"", ""14"": ""unknown"", ""15"": ""unknown"", ""2"": ""free"", ""3"": ""free"", ""4"": ""free"", ""5"": ""fixed"", ""6"": ""free"", ""7"": ""free"", ""8"": ""free"", ""9"": ""free""}","{""0"": ""free"", ""1"": ""free"", ""2"": ""free"", ""3"": ""free""}","[0, 5, 10]","[1, 2, 3, 4, 6, 7, 8, 9, 11]","[12, 13, 14, 15]",False,ambiguity,False,uf_axiom,
SB_0__SR_1,SB_0,SR_1,SB-SR,0,1,1,1,0,0,0,0,0,0,0,0,early_only,prior_weak_reproduction,SB_0__SR_1,10,128,2,differential,sat,sat,0.0010523144155740738,4.026667091995478,77000000002a00000000320000060003,77000000002a00000000320000060003,77000000002a00000000cc0000388003,False,sat,False,False,False,,"{""0"": ""fixed"", ""1"": ""free"", ""10"": ""free"", ""11"": ""free"", ""12"": ""free"", ""13"": ""free"", ""14"": ""free"", ""15"": ""fixed"", ""2"": ""free"", ""3"": ""free"", ""4"": ""free"", ""5"": ""fixed"", ""6"": ""free"", ""7"": ""free"", ""8"": ""free"", ""9"": ""free""}","{""0"": ""free"", ""1"": ""free"", ""2"": ""free"", ""3"": ""free""}","[0, 5, 15]","[1, 2, 3, 4, 6, 7, 8, 9, 10, 11, 12, 13, 14]",[],False,ambiguity,False,uf_axiom,
SB_0__SB_41,SB_0,SB_41,SB-SB,1,0,0,0,0,0,0,0,0,1,0,0,early_only,prior_weak_reproduction,SB_0__SB_41,7,128,2,differential,sat,sat,0.0029354076832532883,87.8900472112,f1c800a269db000000eca30000e89a74,f1c800a269db000000eca30000e89a74,f102002279db00000051a30000e82774,False,sat,False,False,False,,"{""0"": ""fixed"", ""1"": ""free"", ""10"": ""unknown"", ""11"": ""unknown"", ""12"": ""unknown"", ""13"": ""unknown"", ""14"": ""free"", ""15"": ""unknown"", ""2"": ""unknown"", ""3"": ""free"", ""4"": ""free"", ""5"": ""unknown"", ""6"": ""unknown"", ""7"": ""unknown"", ""8"": ""unknown"", ""9"": ""free""}","{""0"": ""free"", ""1"": ""free"", ""2"": ""free"", ""3"": ""free""}",[0],"[1, 3, 4, 9, 14]","[2, 5, 6, 7, 8, 10, 11, 12, 13, 15]",False,ambiguity,False,uf_axiom,
SB_0__SR_1,SB_0,SR_1,SB-SR,0,1,1,1,0,0,0,0,0,0,0,0,early_only,prior_weak_reproduction,SB_0__SR_1,6,128,2,differential,sat,sat,0.0009822063148021698,2.284520799294114,be00000000f800000000fa0000520090,be00000000f800000000fa0000520090,be000000007900000000fa00006a8090,False,sat,False,False,False,,"{""0"": ""fixed"", ""1"": ""free"", ""10"": ""fixed"", ""11"": ""free"", ""12"": ""unknown"", ""13"": ""free"", ""14"": ""free"", ""15"": ""unknown"", ""2"": ""free"", ""3"": ""free"", ""4"": ""free"", ""5"": ""free"", ""6"": ""free"", ""7"": ""free"", ""8"": ""free"", ""9"": ""free""}","{""0"": ""free"", ""1"": ""free"", ""2"": ""free"", ""3"": ""free""}","[0, 10]","[1, 2, 3, 4, 5, 6, 7, 8, 9, 11, 13, 14]","[12, 15]",False,ambiguity,False,uf_axiom,
SB_0__SR_1,SB_0,SR_1,SB-SR,0,1,1,1,0,0,0,0,0,0,0,0,early_only,prior_weak_reproduction,SB_0__SR_1,3,128,2,differential,sat,sat,0.001185806468129158,3.9797517489641905,0800000000b700000000e100001b00a9,0800000000b700000000e100001b00a9,0800000000b700000000e120001b00a9,False,sat,False,False,False,,"{""0"": ""fixed"", ""1"": ""free"", ""10"": ""fixed"", ""11"": ""free"", ""12"": ""unknown"", ""13"": ""unknown"", ""14"": ""unknown"", ""15"": ""unknown"", ""2"": ""free"", ""3"": ""free"", ""4"": ""free"", ""5"": ""fixed"", ""6"": ""free"", ""7"": ""free"", ""8"": ""free"", ""9"": ""free""}","{""0"": ""free"", ""1"": ""free"", ""2"": ""free"", ""3"": ""free""}","[0, 5, 10]","[1, 2, 3, 4, 6, 7, 8, 9, 11]","[12, 13, 14, 15]",False,ambiguity,False,uf_axiom,
SB_0__SB_41,SB_0,SB_41,SB-SB,1,0,0,0,0,0,0,0,0,1,0,0,early_only,prior_weak_reproduction,SB_0__SB_41,5,128,2,differential,sat,sat,0.0021090414375066757,117.37180328555405,131700fcba2c00000097430000bc11f3,131700fcba2c00000097430000bc11f3,13d7003e292c00000061430000dc6999,False,sat,False,False,False,,"{""0"": ""unknown"", ""1"": ""free"", ""10"": ""unknown"", ""11"": ""unknown"", ""12"": ""unknown"", ""13"": ""free"", ""14"": ""free"", ""15"": ""free"", ""2"": ""unknown"", ""3"": ""free"", ""4"": ""free"", ""5"": ""unknown"", ""6"": ""unknown"", ""7"": ""unknown"", ""8"": ""unknown"", ""9"": ""free""}","{""0"": ""free"", ""1"": ""free"", ""2"": ""free"", ""3"": ""free""}",[],"[1, 3, 4, 9, 13, 14, 15]","[0, 2, 5, 6, 7, 8, 10, 11, 12]",False,ambiguity,False,uf_axiom,
SB_0__SR_1,SB_0,SR_1,SB-SR,0,1,1,1,0,0,0,0,0,0,0,0,early_only,prior_weak_reproduction,SB_0__SR_1,14,128,2,differential,sat,sat,0.0013303644955158234,6.952777743339539,a9000000009d00000000a0000048006f,a9000000009d00000000a0000048006f,a9000008009d00000000a0000048006f,False,sat,False,False,False,,"{""0"": ""fixed"", ""1"": ""free"", ""10"": ""unknown"", ""11"": ""unknown"", ""12"": ""unknown"", ""13"": ""unknown"", ""14"": ""unknown"", ""15"": ""unknown"", ""2"": ""free"", ""3"": ""free"", ""4"": ""free"", ""5"": ""unknown"", ""6"": ""unknown"", ""7"": ""unknown"", ""8"": ""unknown"", ""9"": ""unknown""}","{""0"": ""free"", ""1"": ""free"", ""2"": ""free"", ""3"": ""free""}",[0],"[1, 2, 3, 4]","[5, 6, 7, 8, 9, 10, 11, 12, 13, 14, 15]",False,ambiguity,False,uf_axiom,
SB_0__SB_41,SB_0,SB_41,SB-SB,1,0,0,0,0,0,0,0,0,1,0,0,early_only,prior_weak_reproduction,SB_0__SB_41,8,128,2,differential,sat,sat,0.002567566931247711,40.705352207645774,e39b000258db0000003e62000088fda9,e39b000258db0000003e62000088fda9,e35c00172fdb00000054620000e75441,False,sat,False,False,False,,"{""0"": ""fixed"", ""1"": ""free"", ""10"": ""unknown"", ""11"": ""unknown"", ""12"": ""unknown"", ""13"": ""free"", ""14"": ""free"", ""15"": ""free"", ""2"": ""unknown"", ""3"": ""free"", ""4"": ""free"", ""5"": ""unknown"", ""6"": ""unknown"", ""7"": ""unknown"", ""8"": ""unknown"", ""9"": ""free""}","{""0"": ""free"", ""1"": ""free"", ""2"": ""free"", ""3"": ""free""}",[0],"[1, 3, 4, 9, 13, 14, 15]","[2, 5, 6, 7, 8, 10, 11, 12]",False,ambiguity,False,uf_axiom,
SB_0__SB_32,SB_0,SB_32,SB-SB,1,0,1,0,1,0,0,0,1,0,0,0,early_only,prior_weak_reproduction,SB_0__SB_32,15,128,2,differential,sat,sat,0.002769729122519493,45.15978427045047,6c0000d050df0000001ebb0000d61394,6c0000d050df0000001ebb0000d61394,6c0000d050df0000001ebb0004d61394,False,sat,False,False,False,,"{""0"": ""fixed"", ""1"": ""unknown"", ""10"": ""unknown"", ""11"": ""unknown"", ""12"": ""free"", ""13"": ""unknown"", ""14"": ""unknown"", ""15"": ""unknown"", ""2"": ""unknown"", ""3"": ""unknown"", ""4"": ""unknown"", ""5"": ""unknown"", ""6"": ""unknown"", ""7"": ""unknown"", ""8"": ""unknown"", ""9"": ""unknown""}","{""0"": ""free"", ""1"": ""free"", ""2"": ""free"", ""3"": ""free""}",[0],[12],"[1, 2, 3, 4, 5, 6, 7, 8, 9, 10, 11, 13, 14, 15]",False,ambiguity,False,uf_axiom,
SB_0__SR_1,SB_0,SR_1,SB-SR,0,1,1,1,0,0,0,0,0,0,0,0,early_only,prior_weak_reproduction,SB_0__SR_1,19,128,2,differential,sat,sat,0.0011995770037174225,2.0413003023713827,87000000006900000000670000ff00ed,87000000006900000000670000ff00ed,870000000069000000006700006200eb,False,sat,False,False,False,,"{""0"": ""fixed"", ""1"": ""free"", ""10"": ""unknown"", ""11"": ""unknown"", ""12"": ""unknown"", ""13"": ""free"", ""14"": ""unknown"", ""15"": ""free"", ""2"": ""free"", ""3"": ""free"", ""4"": ""free"", ""5"": ""unknown"", ""6"": ""unknown"", ""7"": ""unknown"", ""8"": ""unknown"", ""9"": ""unknown""}","{""0"": ""free"", ""1"": ""free"", ""2"": ""free"", ""3"": ""free""}",[0],"[1, 2, 3, 4, 13, 15]","[5, 6, 7, 8, 9, 10, 11, 12, 14]",False,ambiguity,False,uf_axiom,
SB_0__SB_32,SB_0,SB_32,SB-SB,1,0,1,0,1,0,0,0,1,0,0,0,early_only,prior_weak_reproduction,SB_0__SB_32,2,128,2,differential,sat,sat,0.002848433330655098,64.91066500358284,a600001322590000009f8f0000c2db61,a600001322590000009f8f0000c2db61,a600001322590000009fad0000c2db40,False,sat,False,False,False,,"{""0"": ""unknown"", ""1"": ""unknown"", ""10"": ""free"", ""11"": ""unknown"", ""12"": ""unknown"", ""13"": ""unknown"", ""14"": ""unknown"", ""15"": ""free"", ""2"": ""unknown"", ""3"": ""unknown"", ""4"": ""unknown"", ""5"": ""unknown"", ""6"": ""unknown"", ""7"": ""unknown"", ""8"": ""unknown"", ""9"": ""unknown""}","{""0"": ""unknown"", ""1"": ""unknown"", ""2"": ""free"", ""3"": ""free""}",[],"[10, 15]","[0, 1, 2, 3, 4, 5, 6, 7, 8, 9, 11, 12, 13, 14]",False,ambiguity,False,uf_axiom,
SB_0__SR_8,SB_0,SR_8,SB-SR,0,0,0,1,1,0,1,0,0,0,0,0,early_only,prior_weak_reproduction,SB_0__SR_8,18,128,2,differential,sat,sat,0.002720596268773079,13.760098045691848,1919002404e000000060290000da983c,1919002404e000000060290000da983c,19f0008736e0000000f0290000634f16,False,sat,False,False,False,,"{""0"": ""fixed"", ""1"": ""free"", ""10"": ""fixed"", ""11"": ""unknown"", ""12"": ""unknown"", ""13"": ""free"", ""14"": ""free"", ""15"": ""free"", ""2"": ""free"", ""3"": ""free"", ""4"": ""free"", ""5"": ""fixed"", ""6"": ""free"", ""7"": ""free"", ""8"": ""free"", ""9"": ""free""}","{""0"": ""free"", ""1"": ""free"", ""2"": ""free"", ""3"": ""free""}","[0, 5, 10]","[1, 2, 3, 4, 6, 7, 8, 9, 13, 14, 15]","[11, 12]",False,ambiguity,False,uf_axiom,
SB_0__SR_8,SB_0,SR_8,SB-SR,0,0,0,1,1,0,1,0,0,0,0,0,early_only,prior_weak_reproduction,SB_0__SR_8,9,128,2,differential,sat,sat,0.002672933042049408,11.212796228006482,4470007e6c73000000c3ec0000d67c34,4470007e6c73000000c3ec0000d67c34,44e400abbc7300040023270000bacf34,False,sat,False,False,False,,"{""0"": ""fixed"", ""1"": ""free"", ""10"": ""free"", ""11"": ""unknown"", ""12"": ""unknown"", ""13"": ""free"", ""14"": ""free"", ""15"": ""unknown"", ""2"": ""unknown"", ""3"": ""free"", ""4"": ""free"", ""5"": ""unknown"", ""6"": ""unknown"", ""7"": ""free"", ""8"": ""unknown"", ""9"": ""free""}","{""0"": ""free"", ""1"": ""free"", ""2"": ""free"", ""3"": ""free""}",[0],"[1, 3, 4, 7, 9, 10, 13, 14]","[2, 5, 6, 8, 11, 12, 15]",False,ambiguity,False,uf_axiom,
SB_0__SR_8,SB_0,SR_8,SB-SR,0,0,0,1,1,0,1,0,0,0,0,0,early_only,prior_weak_reproduction,SB_0__SR_8,14,128,2,differential,sat,sat,0.003338456153869629,52.95186351798475,a9d60007139d00000034a0000048596f,a9d60007139d00000034a0000048596f,790e0037ad9d01000009a00000d4496f,False,sat,False,False,False,,"{""0"": ""free"", ""1"": ""free"", ""10"": ""free"", ""11"": ""free"", ""12"": ""free"", ""13"": ""free"", ""14"": ""free"", ""15"": ""free"", ""2"": ""free"", ""3"": ""free"", ""4"": ""free"", ""5"": ""fixed"", ""6"": ""free"", ""7"": ""free"", ""8"": ""free"", ""9"": ""free""}","{""0"": ""free"", ""1"": ""free"", ""2"": ""free"", ""3"": ""free""}",[5],"[0, 1, 2, 3, 4, 6, 7, 8, 9, 10, 11, 12, 13, 14, 15]",[],False,ambiguity,False,uf_axiom,
SB_0__SR_8,SB_0,SR_8,SB-SR,0,0,0,1,1,0,1,0,0,0,0,0,early_only,prior_weak_reproduction,SB_0__SR_8,4,128,2,differential,sat,sat,0.0025945324450731277,49.41619135811925,8beb00d113a8000000e8e70000574a5d,8beb00d113a8000000e8e70000574a5d,8be3009bdda80000002b270000d5405d,False,sat,False,False,False,,"{""0"": ""fixed"", ""1"": ""free"", ""10"": ""free"", ""11"": ""unknown"", ""12"": ""unknown"", ""13"": ""free"", ""14"": ""free"", ""15"": ""unknown"", ""2"": ""unknown"", ""3"": ""free"", ""4"": ""free"", ""5"": ""unknown"", ""6"": ""unknown"", ""7"": ""unknown"", ""8"": ""unknown"", ""9"": ""free""}","{""0"": ""free"", ""1"": ""free"", ""2"": ""free"", ""3"": ""free""}",[0],"[1, 3, 4, 9, 10, 13, 14]","[2, 5, 6, 7, 8, 11, 12, 15]",False,ambiguity,False,uf_axiom,
SB_0__SB_32,SB_0,SB_32,SB-SB,1,0,1,0,1,0,0,0,1,0,0,0,early_only,prior_weak_reproduction,SB_0__SB_32,19,128,2,differential,sat,sat,0.0027401037514209747,98.70601789094508,870000bdb669000000d8670000ff50ed,870000bdb669000000d8670000ff50ed,310010bdb63a000000d8b400007a4cfb,False,sat,False,False,False,,"{""0"": ""free"", ""1"": ""unknown"", ""10"": ""free"", ""11"": ""unknown"", ""12"": ""unknown"", ""13"": ""free"", ""14"": ""free"", ""15"": ""free"", ""2"": ""free"", ""3"": ""unknown"", ""4"": ""unknown"", ""5"": ""free"", ""6"": ""unknown"", ""7"": ""unknown"", ""8"": ""unknown"", ""9"": ""unknown""}","{""0"": ""free"", ""1"": ""free"", ""2"": ""free"", ""3"": ""free""}",[],"[0, 2, 5, 10, 13, 14, 15]","[1, 3, 4, 6, 7, 8, 9, 11, 12]",False,ambiguity,False,uf_axiom,
SB_0__SR_1,SB_0,SR_1,SB-SR,0,1,1,1,0,0,0,0,0,0,0,0,early_only,prior_weak_reproduction,SB_0__SR_1,8,128,2,differential,sat,sat,0.0014166440814733505,2.5877552311867476,e300000000db000000006200008800a9,e300000000db000000006200008800a9,e300100000db000000006200008800a9,False,sat,False,False,False,,"{""0"": ""fixed"", ""1"": ""free"", ""10"": ""fixed"", ""11"": ""free"", ""12"": ""free"", ""13"": ""fixed"", ""14"": ""free"", ""15"": ""unknown"", ""2"": ""free"", ""3"": ""free"", ""4"": ""free"", ""5"": ""fixed"", ""6"": ""free"", ""7"": ""free"", ""8"": ""free"", ""9"": ""free""}","{""0"": ""free"", ""1"": ""free"", ""2"": ""free"", ""3"": ""free""}","[0, 5, 10, 13]","[1, 2, 3, 4, 6, 7, 8, 9, 11, 12, 14]",[15],False,ambiguity,False,uf_axiom,
SB_0__SB_41,SB_0,SB_41,SB-SB,1,0,0,0,0,0,0,0,0,1,0,0,early_only,prior_weak_reproduction,SB_0__SB_41,19,128,2,differential,sat,sat,0.003816181793808937,160.91758170351386,872000bdb669000000d8670000ff50ed,872000bdb669000000d8670000ff50ed,2221008c086900000063b600000c601f,False,sat,False,False,False,,"{""0"": ""free"", ""1"": ""free"", ""10"": ""free"", ""11"": ""unknown"", ""12"": ""unknown"", ""13"": ""free"", ""14"": ""free"", ""15"": ""free"", ""2"": ""unknown"", ""3"": ""free"", ""4"": ""free"", ""5"": ""unknown"", ""6"": ""unknown"", ""7"": ""unknown"", ""8"": ""unknown"", ""9"": ""free""}","{""0"": ""free"", ""1"": ""free"", ""2"": ""free"", ""3"": ""free""}",[],"[0, 1, 3, 4, 9, 10, 13, 14, 15]","[2, 5, 6, 7, 8, 11, 12]",False,ambiguity,False,uf_axiom,
SB_0__SB_41,SB_0,SB_41,SB-SB,1,0,0,0,0,0,0,0,0,1,0,0,early_only,prior_weak_reproduction,SB_0__SB_41,11,128,2,differential,sat,sat,0.003091573715209961,129.90209915675223,da21009ac30e000000072c00007e5847,da21009ac30e000000072c00007e5847,da4e009ac30e000000d7020000774447,False,sat,False,False,False,,"{""0"": ""fixed"", ""1"": ""free"", ""10"": ""free"", ""11"": ""unknown"", ""12"": ""unknown"", ""13"": ""free"", ""14"": ""free"", ""15"": ""unknown"", ""2"": ""unknown"", ""3"": ""unknown"", ""4"": ""unknown"", ""5"": ""unknown"", ""6"": ""unknown"", ""7"": ""unknown"", ""8"": ""unknown"", ""9"": ""free""}","{""0"": ""free"", ""1"": ""free"", ""2"": ""free"", ""3"": ""free""}",[0],"[1, 9, 10, 13, 14]","[2, 3, 4, 5, 6, 7, 8, 11, 12, 15]",False,ambiguity,False,uf_axiom,
SB_0__SB_32,SB_0,SB_32,SB-SB,1,0,1,0,1,0,0,0,1,0,0,0,early_only,prior_weak_reproduction,SB_0__SB_32,16,128,2,differential,sat,sat,0.002835756167769432,50.655939012765884,2f000073eae5000000d51a0000dd99ba,2f000073eae5000000d51a0000dd99ba,2f1000abeae50000003a1a000016591e,False,sat,False,False,False,,"{""0"": ""fixed"", ""1"": ""free"", ""10"": ""unknown"", ""11"": ""unknown"", ""12"": ""unknown"", ""13"": ""free"", ""14"": ""free"", ""15"": ""free"", ""2"": ""unknown"", ""3"": ""free"", ""4"": ""unknown"", ""5"": ""unknown"", ""6"": ""unknown"", ""7"": ""unknown"", ""8"": ""unknown"", ""9"": ""free""}","{""0"": ""free"", ""1"": ""free"", ""2"": ""free"", ""3"": ""free""}",[0],"[1, 3, 9, 13, 14, 15]","[2, 4, 5, 6, 7, 8, 10, 11, 12]",False,ambiguity,False,uf_axiom,
SB_0__SB_41,SB_0,SB_41,SB-SB,1,0,0,0,0,0,0,0,0,1,0,0,early_only,prior_weak_reproduction,SB_0__SB_41,12,128,2,differential,sat,sat,0.0020357854664325714,129.77323576062918,ace300e3181100000061f3000091faea,ace300e3181100000061f3000091faea,acbf000036210000007012040043b215,False,sat,False,False,False,,"{""0"": ""unknown"", ""1"": ""free"", ""10"": ""free"", ""11"": ""free"", ""12"": ""unknown"", ""13"": ""free"", ""14"": ""free"", ""15"": ""free"", ""2"": ""unknown"", ""3"": ""free"", ""4"": ""free"", ""5"": ""free"", ""6"": ""unknown"", ""7"": ""unknown"", ""8"": ""unknown"", ""9"": ""free""}","{""0"": ""free"", ""1"": ""free"", ""2"": ""free"", ""3"": ""free""}",[],"[1, 3, 4, 5, 9, 10, 11, 13, 14, 15]","[0, 2, 6, 7, 8, 12]",False,ambiguity,False,uf_axiom,
SB_0__SR_8,SB_0,SR_8,SB-SR,0,0,0,1,1,0,1,0,0,0,0,0,early_only,prior_weak_reproduction,SB_0__SR_8,15,128,2,differential,sat,sat,0.00270732119679451,23.161842631176114,6cd500d050df0000001ebb0000d61394,6cd500d050df0000001ebb0000d61394,6cd200ae12df000000a69300001f4094,False,sat,False,False,False,,"{""0"": ""fixed"", ""1"": ""free"", ""10"": ""free"", ""11"": ""unknown"", ""12"": ""unknown"", ""13"": ""free"", ""14"": ""free"", ""15"": ""unknown"", ""2"": ""free"", ""3"": ""free"", ""4"": ""free"", ""5"": ""fixed"", ""6"": ""unknown"", ""7"": ""unknown"", ""8"": ""unknown"", ""9"": ""free""}","{""0"": ""free"", ""1"": ""free"", ""2"": ""free"", ""3"": ""free""}","[0, 5]","[1, 2, 3, 4, 9, 10, 13, 14]","[6, 7, 8, 11, 12, 15]",False,ambiguity,False,uf_axiom,
SB_0__SR_32,SB_0,SR_32,SB-SR,0,0,1,0,1,0,0,0,1,0,0,0,early_only,prior_weak_reproduction,SB_0__SR_32,4,128,2,differential,sat,sat,0.0031690504401922226,10.715803276747465,8b0000d113a8000000e8e70000574a5d,8b0000d113a8000000e8e70000574a5d,8b0000d113a8100000e8e70000574a5d,False,sat,False,False,False,,"{""0"": ""fixed"", ""1"": ""free"", ""10"": ""unknown"", ""11"": ""unknown"", ""12"": ""unknown"", ""13"": ""unknown"", ""14"": ""unknown"", ""15"": ""unknown"", ""2"": ""free"", ""3"": ""unknown"", ""4"": ""unknown"", ""5"": ""unknown"", ""6"": ""free"", ""7"": ""unknown"", ""8"": ""unknown"", ""9"": ""unknown""}","{""0"": ""free"", ""1"": ""free"", ""2"": ""free"", ""3"": ""free""}",[0],"[1, 2, 6]","[3, 4, 5, 7, 8, 9, 10, 11, 12, 13, 14, 15]",False,ambiguity,False,uf_axiom,
SB_0__SR_1,SB_0,SR_1,SB-SR,0,1,1,1,0,0,0,0,0,0,0,0,early_only,prior_weak_reproduction,SB_0__SR_1,9,128,2,differential,sat,sat,0.0012754015624523163,2.5631441306322813,44000000007300000000ec0000d60034,44000000007300000000ec0000d60034,44000000007301000000ec0000d60034,False,sat,False,False,False,,"{""0"": ""fixed"", ""1"": ""free"", ""10"": ""fixed"", ""11"": ""unknown"", ""12"": ""unknown"", ""13"": ""unknown"", ""14"": ""unknown"", ""15"": ""unknown"", ""2"": ""free"", ""3"": ""free"", ""4"": ""free"", ""5"": ""fixed"", ""6"": ""free"", ""7"": ""free"", ""8"": ""free"", ""9"": ""free""}","{""0"": ""free"", ""1"": ""free"", ""2"": ""free"", ""3"": ""free""}","[0, 5, 10]","[1, 2, 3, 4, 6, 7, 8, 9]","[11, 12, 13, 14, 15]",False,ambiguity,False,uf_axiom,
SB_0__SR_8,SB_0,SR_8,SB-SR,0,0,0,1,1,0,1,0,0,0,0,0,early_only,prior_weak_reproduction,SB_0__SR_8,3,128,2,differential,sat,sat,0.0024315044283866882,19.91024055145681,083f007b4db70000004ee100001b49a9,083f007b4db70000004ee100001b49a9,088100d4ddb700000072e10000fe7231,False,sat,False,False,False,,"{""0"": ""fixed"", ""1"": ""free"", ""10"": ""unknown"", ""11"": ""unknown"", ""12"": ""unknown"", ""13"": ""free"", ""14"": ""free"", ""15"": ""free"", ""2"": ""free"", ""3"": ""free"", ""4"": ""free"", ""5"": ""fixed"", ""6"": ""unknown"", ""7"": ""unknown"", ""8"": ""unknown"", ""9"": ""free""}","{""0"": ""free"", ""1"": ""free"", ""2"": ""free"", ""3"": ""free""}","[0, 5]","[1, 2, 3, 4, 9, 13, 14, 15]","[6, 7, 8, 10, 11, 12]",False,ambiguity,False,uf_axiom,
SB_0__SB_32,SB_0,SB_32,SB-SB,1,0,1,0,1,0,0,0,1,0,0,0,early_only,prior_weak_reproduction,SB_0__SB_32,14,128,2,differential,sat,sat,0.002665858715772629,177.22578663751483,a9000007139d00000034a0000048596f,a9000007139d00000034a0000048596f,8200009713f600000034dc000028597c,False,sat,False,False,False,,"{""0"": ""free"", ""1"": ""free"", ""10"": ""free"", ""11"": ""unknown"", ""12"": ""unknown"", ""13"": ""free"", ""14"": ""unknown"", ""15"": ""free"", ""2"": ""free"", ""3"": ""free"", ""4"": ""fixed"", ""5"": ""free"", ""6"": ""unknown"", ""7"": ""unknown"", ""8"": ""unknown"", ""9"": ""unknown""}","{""0"": ""free"", ""1"": ""free"", ""2"": ""free"", ""3"": ""free""}",[4],"[0, 1, 2, 3, 5, 10, 13, 15]","[6, 7, 8, 9, 11, 12, 14]",False,ambiguity,False,uf_axiom,
SB_0__SR_8,SB_0,SR_8,SB-SR,0,0,0,1,1,0,1,0,0,0,0,0,early_only,prior_weak_reproduction,SB_0__SR_8,16,128,2,differential,sat,sat,0.0023130718618631363,21.304537875577807,2f4e0073eae5000000d51a0000dd99ba,2f4e0073eae5000000d51a0000dd99ba,2f5600b307e5000004541a0000969429,False,sat,False,False,False,,"{""0"": ""fixed"", ""1"": ""free"", ""10"": ""fixed"", ""11"": ""free"", ""12"": ""free"", ""13"": ""free"", ""14"": ""free"", ""15"": ""free"", ""2"": ""free"", ""3"": ""free"", ""4"": ""free"", ""5"": ""fixed"", ""6"": ""free"", ""7"": ""free"", ""8"": ""free"", ""9"": ""free""}","{""0"": ""free"", ""1"": ""free"", ""2"": ""free"", ""3"": ""free""}","[0, 5, 10]","[1, 2, 3, 4, 6, 7, 8, 9, 11, 12, 13, 14, 15]",[],False,ambiguity,False,uf_axiom,
SB_0__SR_8,SB_0,SR_8,SB-SR,0,0,0,1,1,0,1,0,0,0,0,0,early_only,prior_weak_reproduction,SB_0__SR_8,13,128,2,differential,sat,sat,0.0028429459780454636,50.247439697384834,931e002b7be2000000ab2d00007c1328,931e002b7be2000000ab2d00007c1328,935700f017e2000000c62d00007cd928,False,sat,False,False,False,,"{""0"": ""fixed"", ""1"": ""free"", ""10"": ""unknown"", ""11"": ""unknown"", ""12"": ""unknown"", ""13"": ""unknown"", ""14"": ""free"", ""15"": ""unknown"", ""2"": ""unknown"", ""3"": ""free"", ""4"": ""free"", ""5"": ""unknown"", ""6"": ""unknown"", ""7"": ""unknown"", ""8"": ""unknown"", ""9"": ""free""}","{""0"": ""free"", ""1"": ""free"", ""2"": ""free"", ""3"": ""free""}",[0],"[1, 3, 4, 9, 14]","[2, 5, 6, 7, 8, 10, 11, 12, 13, 15]",False,ambiguity,False,uf_axiom,
SB_0__SR_32,SB_0,SR_32,SB-SR,0,0,1,0,1,0,0,0,1,0,0,0,early_only,prior_weak_reproduction,SB_0__SR_32,11,128,2,differential,sat,sat,0.0034149624407291412,7.451082518324256,da00009ac30e000000072c00007e5847,da00009ac30e000000072c00007e5847,da00009ac30e000000ca1d00004fb56a,False,sat,False,False,False,,"{""0"": ""fixed"", ""1"": ""free"", ""10"": ""free"", ""11"": ""free"", ""12"": ""free"", ""13"": ""free"", ""14"": ""free"", ""15"": ""free"", ""2"": ""free"", ""3"": ""fixed"", ""4"": ""fixed"", ""5"": ""fixed"", ""6"": ""free"", ""7"": ""free"", ""8"": ""free"", ""9"": ""free""}","{""0"": ""free"", ""1"": ""free"", ""2"": ""free"", ""3"": ""free""}","[0, 3, 4, 5]","[1, 2, 6, 7, 8, 9, 10, 11, 12, 13, 14, 15]",[],False,ambiguity,False,uf_axiom,
SB_0__SR_8,SB_0,SR_8,SB-SR,0,0,0,1,1,0,1,0,0,0,0,0,early_only,prior_weak_reproduction,SB_0__SR_8,7,128,2,differential,sat,sat,0.0024437010288238525,70.22495788708329,f1c800a269db000000eca30000e89a74,f1c800a269db000000eca30000e89a74,f10a004273db00000282a30000e87c74,False,sat,False,False,False,,"{""0"": ""fixed"", ""1"": ""free"", ""10"": ""unknown"", ""11"": ""unknown"", ""12"": ""unknown"", ""13"": ""unknown"", ""14"": ""free"", ""15"": ""unknown"", ""2"": ""unknown"", ""3"": ""free"", ""4"": ""free"", ""5"": ""unknown"", ""6"": ""unknown"", ""7"": ""unknown"", ""8"": ""free"", ""9"": ""free""}","{""0"": ""free"", ""1"": ""free"", ""2"": ""free"", ""3"": ""free""}",[0],"[1, 3, 4, 8, 9, 14]","[2, 5, 6, 7, 10, 11, 12, 13, 15]",False,ambiguity,False,uf_axiom,
SB_0__SB_32,SB_0,SB_32,SB-SB,1,0,1,0,1,0,0,0,1,0,0,0,early_only,prior_weak_reproduction,SB_0__SB_32,8,128,2,differential,sat,sat,0.004359828308224678,68.02137648686767,e300000258db0000003e62000088fda9,e300000258db0000003e62000088fda9,d200001658a50000003ed9000007fd30,False,sat,False,False,False,,"{""0"": ""free"", ""1"": ""unknown"", ""10"": ""free"", ""11"": ""unknown"", ""12"": ""unknown"", ""13"": ""free"", ""14"": ""unknown"", ""15"": ""free"", ""2"": ""unknown"", ""3"": ""free"", ""4"": ""unknown"", ""5"": ""free"", ""6"": ""unknown"", ""7"": ""unknown"", ""8"": ""unknown"", ""9"": ""unknown""}","{""0"": ""free"", ""1"": ""free"", ""2"": ""free"", ""3"": ""free""}",[],"[0, 3, 5, 10, 13, 15]","[1, 2, 4, 6, 7, 8, 9, 11, 12, 14]",False,ambiguity,False,uf_axiom,
SB_0__SR_8,SB_0,SR_8,SB-SR,0,0,0,1,1,0,1,0,0,0,0,0,early_only,prior_weak_reproduction,SB_0__SR_8,11,128,2,differential,sat,sat,0.00324971042573452,62.590447241440415,da21009ac30e000000072c00007e5847,da21009ac30e000000072c00007e5847,daea0014f10e000000bf2c000050a252,False,sat,False,False,False,,"{""0"": ""fixed"", ""1"": ""free"", ""10"": ""unknown"", ""11"": ""unknown"", ""12"": ""unknown"", ""13"": ""free"", ""14"": ""free"", ""15"": ""free"", ""2"": ""free"", ""3"": ""free"", ""4"": ""free"", ""5"": ""fixed"", ""6"": ""unknown"", ""7"": ""unknown"", ""8"": ""unknown"", ""9"": ""free""}","{""0"": ""free"", ""1"": ""free"", ""2"": ""free"", ""3"": ""free""}","[0, 5]","[1, 2, 3, 4, 9, 13, 14, 15]","[6, 7, 8, 10, 11, 12]",False,ambiguity,False,uf_axiom,
SB_0__SR_8,SB_0,SR_8,SB-SR,0,0,0,1,1,0,1,0,0,0,0,0,early_only,prior_weak_reproduction,SB_0__SR_8,10,128,2,differential,sat,sat,0.002873089164495468,75.16763229481876,77a400baab2a00000001320000060903,77a400baab2a00000001320000060903,77b900c8362a000000603b00002b1ea6,False,sat,False,False,False,,"{""0"": ""unknown"", ""1"": ""free"", ""10"": ""free"", ""11"": ""unknown"", ""12"": ""unknown"", ""13"": ""free"", ""14"": ""free"", ""15"": ""free"", ""2"": ""unknown"", ""3"": ""free"", ""4"": ""free"", ""5"": ""unknown"", ""6"": ""unknown"", ""7"": ""unknown"", ""8"": ""unknown"", ""9"": ""free""}","{""0"": ""free"", ""1"": ""free"", ""2"": ""free"", ""3"": ""free""}",[],"[1, 3, 4, 9, 10, 13, 14, 15]","[0, 2, 5, 6, 7, 8, 11, 12]",False,ambiguity,False,uf_axiom,
SB_0__SR_8,SB_0,SR_8,SB-SR,0,0,0,1,1,0,1,0,0,0,0,0,early_only,prior_weak_reproduction,SB_0__SR_8,2,128,2,differential,sat,sat,0.0021322593092918396,77.11676117219031,a66f001322590000009f8f0000c2db61,a66f001322590000009f8f0000c2db61,a66900f25d59000000002a0000ede440,False,sat,False,False,False,,"{""0"": ""fixed"", ""1"": ""free"", ""10"": ""free"", ""11"": ""unknown"", ""12"": ""unknown"", ""13"": ""free"", ""14"": ""free"", ""15"": ""free"", ""2"": ""unknown"", ""3"": ""free"", ""4"": ""free"", ""5"": ""unknown"", ""6"": ""unknown"", ""7"": ""unknown"", ""8"": ""unknown"", ""9"": ""free""}","{""0"": ""free"", ""1"": ""free"", ""2"": ""free"", ""3"": ""free""}",[0],"[1, 3, 4, 9, 10, 13, 14, 15]","[2, 5, 6, 7, 8, 11, 12]",False,ambiguity,False,uf_axiom,
SB_0__SB_41,SB_0,SB_41,SB-SB,1,0,0,0,0,0,0,0,0,1,0,0,early_only,prior_weak_reproduction,SB_0__SB_41,17,128,2,differential,sat,sat,0.002862263470888138,62.108944876119494,86e300e4c764000000278e00004083a0,86e300e4c764000000278e00004083a0,865900ac926402000003c00000627fa0,False,sat,False,False,False,,"{""0"": ""fixed"", ""1"": ""free"", ""10"": ""free"", ""11"": ""unknown"", ""12"": ""unknown"", ""13"": ""free"", ""14"": ""free"", ""15"": ""unknown"", ""2"": ""unknown"", ""3"": ""free"", ""4"": ""free"", ""5"": ""unknown"", ""6"": ""free"", ""7"": ""unknown"", ""8"": ""unknown"", ""9"": ""free""}","{""0"": ""free"", ""1"": ""free"", ""2"": ""free"", ""3"": ""free""}",[0],"[1, 3, 4, 6, 9, 10, 13, 14]","[2, 5, 7, 8, 11, 12, 15]",False,ambiguity,False,uf_axiom,
SB_0__SB_32,SB_0,SB_32,SB-SB,1,0,1,0,1,0,0,0,1,0,0,0,early_only,prior_weak_reproduction,SB_0__SB_32,7,128,2,differential,sat,sat,0.0037565920501947403,96.4845501948148,f10000a269db000000eca30000e89a74,f10000a269db000000eca30000e89a74,f10000a269db000400eca30000e89a74,False,sat,False,False,False,,"{""0"": ""unknown"", ""1"": ""unknown"", ""10"": ""unknown"", ""11"": ""unknown"", ""12"": ""unknown"", ""13"": ""unknown"", ""14"": ""unknown"", ""15"": ""unknown"", ""2"": ""unknown"", ""3"": ""unknown"", ""4"": ""unknown"", ""5"": ""unknown"", ""6"": ""unknown"", ""7"": ""free"", ""8"": ""unknown"", ""9"": ""unknown""}","{""0"": ""free"", ""1"": ""free"", ""2"": ""free"", ""3"": ""unknown""}",[],[7],"[0, 1, 2, 3, 4, 5, 6, 8, 9, 10, 11, 12, 13, 14, 15]",False,ambiguity,False,uf_axiom,
SB_0__SR_8,SB_0,SR_8,SB-SR,0,0,0,1,1,0,1,0,0,0,0,0,early_only,prior_weak_reproduction,SB_0__SR_8,19,128,2,differential,sat,sat,0.002197856083512306,52.438071969896555,872000bdb669000000d8670000ff50ed,872000bdb669000000d8670000ff50ed,22ce0033b06940000009670000842862,False,sat,False,False,False,,"{""0"": ""free"", ""1"": ""free"", ""10"": ""unknown"", ""11"": ""unknown"", ""12"": ""unknown"", ""13"": ""free"", ""14"": ""free"", ""15"": ""free"", ""2"": ""free"", ""3"": ""free"", ""4"": ""free"", ""5"": ""unknown"", ""6"": ""free"", ""7"": ""unknown"", ""8"": ""unknown"", ""9"": ""free""}","{""0"": ""free"", ""1"": ""free"", ""2"": ""free"", ""3"": ""free""}",[],"[0, 1, 2, 3, 4, 6, 9, 13, 14, 15]","[5, 7, 8, 10, 11, 12]",False,ambiguity,False,uf_axiom,
SB_0__SR_8,SB_0,SR_8,SB-SR,0,0,0,1,1,0,1,0,0,0,0,0,early_only,prior_weak_reproduction,SB_0__SR_8,5,128,2,differential,sat,sat,0.0025971345603466034,86.72256617620587,131700fcba2c00000097430000bc11f3,131700fcba2c00000097430000bc11f3,13650087c02c00000047430000df27d6,False,sat,False,False,False,,"{""0"": ""unknown"", ""1"": ""free"", ""10"": ""unknown"", ""11"": ""unknown"", ""12"": ""unknown"", ""13"": ""free"", ""14"": ""free"", ""15"": ""free"", ""2"": ""unknown"", ""3"": ""free"", ""4"": ""free"", ""5"": ""unknown"", ""6"": ""unknown"", ""7"": ""unknown"", ""8"": ""unknown"", ""9"": ""free""}","{""0"": ""free"", ""1"": ""free"", ""2"": ""free"", ""3"": ""free""}",[],"[1, 3, 4, 9, 13, 14, 15]","[0, 2, 5, 6, 7, 8, 10, 11, 12]",False,ambiguity,False,uf_axiom,
SB_0__SR_32,SB_0,SR_32,SB-SR,0,0,1,0,1,0,0,0,1,0,0,0,early_only,prior_weak_reproduction,SB_0__SR_32,1,128,2,differential,sat,sat,0.004047388210892677,58.230939051136374,99000079bc3c0000007a8a0000573606,99000079bc3c0000007a8a0000573606,990000f02dc3000020225e00004cfb06,False,sat,False,False,False,,"{""0"": ""fixed"", ""1"": ""unknown"", ""10"": ""free"", ""11"": ""unknown"", ""12"": ""unknown"", ""13"": ""free"", ""14"": ""free"", ""15"": ""unknown"", ""2"": ""unknown"", ""3"": ""free"", ""4"": ""free"", ""5"": ""free"", ""6"": ""unknown"", ""7"": ""unknown"", ""8"": ""free"", ""9"": ""free""}","{""0"": ""free"", ""1"": ""free"", ""2"": ""free"", ""3"": ""free""}",[0],"[3, 4, 5, 8, 9, 10, 13, 14]","[1, 2, 6, 7, 11, 12, 15]",False,ambiguity,False,uf_axiom,
SB_0__SR_32,SB_0,SR_32,SB-SR,0,0,1,0,1,0,0,0,1,0,0,0,early_only,prior_weak_reproduction,SB_0__SR_32,6,128,2,differential,sat,sat,0.0028009917587041855,28.080569829791784,be0000fe7ef8000000abfa0000527590,be0000fe7ef8000000abfa0000527590,980000fe7ebd0000007e7b0000e6751f,False,sat,False,False,False,,"{""0"": ""free"", ""1"": ""free"", ""10"": ""free"", ""11"": ""unknown"", ""12"": ""unknown"", ""13"": ""free"", ""14"": ""unknown"", ""15"": ""free"", ""2"": ""free"", ""3"": ""fixed"", ""4"": ""fixed"", ""5"": ""free"", ""6"": ""unknown"", ""7"": ""unknown"", ""8"": ""unknown"", ""9"": ""free""}","{""0"": ""free"", ""1"": ""free"", ""2"": ""free"", ""3"": ""free""}","[3, 4]","[0, 1, 2, 5, 9, 10, 13, 15]","[6, 7, 8, 11, 12, 14]",False,ambiguity,False,uf_axiom,
SB_0__SR_8,SB_0,SR_8,SB-SR,0,0,0,1,1,0,1,0,0,0,0,0,early_only,prior_weak_reproduction,SB_0__SR_8,12,128,2,differential,sat,sat,0.002408580854535103,107.79717947728932,ace300e3181100000061f3000091faea,ace300e3181100000061f3000091faea,ac2200633c4100040083f3000070cafd,False,sat,False,False,False,,"{""0"": ""unknown"", ""1"": ""free"", ""10"": ""unknown"", ""11"": ""unknown"", ""12"": ""unknown"", ""13"": ""free"", ""14"": ""free"", ""15"": ""free"", ""2"": ""unknown"", ""3"": ""free"", ""4"": ""free"", ""5"": ""free"", ""6"": ""unknown"", ""7"": ""free"", ""8"": ""unknown"", ""9"": ""free""}","{""0"": ""free"", ""1"": ""free"", ""2"": ""free"", ""3"": ""free""}",[],"[1, 3, 4, 5, 7, 9, 13, 14, 15]","[0, 2, 6, 8, 10, 11, 12]",False,ambiguity,False,uf_axiom,
SB_0__SR_32,SB_0,SR_32,SB-SR,0,0,1,0,1,0,0,0,1,0,0,0,early_only,prior_weak_reproduction,SB_0__SR_32,2,128,2,differential,sat,sat,0.0022444315254688263,42.6532730050385,a600001322590000009f8f0000c2db61,a600001322590000009f8f0000c2db61,010000c222f80000009f1500005ac974,False,sat,False,False,False,,"{""0"": ""free"", ""1"": ""unknown"", ""10"": ""free"", ""11"": ""unknown"", ""12"": ""unknown"", ""13"": ""free"", ""14"": ""free"", ""15"": ""free"", ""2"": ""unknown"", ""3"": ""free"", ""4"": ""unknown"", ""5"": ""free"", ""6"": ""unknown"", ""7"": ""unknown"", ""8"": ""unknown"", ""9"": ""unknown""}","{""0"": ""free"", ""1"": ""free"", ""2"": ""free"", ""3"": ""free""}",[],"[0, 3, 5, 10, 13, 14, 15]","[1, 2, 4, 6, 7, 8, 9, 11, 12]",False,ambiguity,False,uf_axiom,
SB_0__SR_8,SB_0,SR_8,SB-SR,0,0,0,1,1,0,1,0,0,0,0,0,early_only,prior_weak_reproduction,SB_0__SR_8,17,128,2,differential,sat,sat,0.0022952016443014145,33.63572907820344,86e300e4c764000000278e00004083a0,86e300e4c764000000278e00004083a0,869f00e4116400000060ca00008c83a0,False,sat,False,False,False,,"{""0"": ""fixed"", ""1"": ""free"", ""10"": ""free"", ""11"": ""unknown"", ""12"": ""unknown"", ""13"": ""free"", ""14"": ""unknown"", ""15"": ""unknown"", ""2"": ""unknown"", ""3"": ""unknown"", ""4"": ""free"", ""5"": ""unknown"", ""6"": ""unknown"", ""7"": ""unknown"", ""8"": ""unknown"", ""9"": ""free""}","{""0"": ""free"", ""1"": ""free"", ""2"": ""free"", ""3"": ""free""}",[0],"[1, 4, 9, 10, 13]","[2, 3, 5, 6, 7, 8, 11, 12, 14, 15]",False,ambiguity,False,uf_axiom,
SB_0__SR_32,SB_0,SR_32,SB-SR,0,0,1,0,1,0,0,0,1,0,0,0,early_only,prior_weak_reproduction,SB_0__SR_32,12,128,2,differential,sat,sat,0.002406259998679161,20.238800559192896,ac0000e3181100000061f3000091faea,ac0000e3181100000061f3000091faea,e200004018f10000003b1900001ffae4,False,sat,False,False,False,,"{""0"": ""free"", ""1"": ""free"", ""10"": ""free"", ""11"": ""free"", ""12"": ""free"", ""13"": ""free"", ""14"": ""unknown"", ""15"": ""free"", ""2"": ""free"", ""3"": ""free"", ""4"": ""fixed"", ""5"": ""free"", ""6"": ""free"", ""7"": ""free"", ""8"": ""free"", ""9"": ""free""}","{""0"": ""free"", ""1"": ""free"", ""2"": ""free"", ""3"": ""free""}",[4],"[0, 1, 2, 3, 5, 6, 7, 8, 9, 10, 11, 12, 13, 15]",[14],False,ambiguity,False,uf_axiom,
SB_0__SR_32,SB_0,SR_32,SB-SR,0,0,1,0,1,0,0,0,1,0,0,0,early_only,prior_weak_reproduction,SB_0__SR_32,18,128,2,differential,sat,sat,0.0026137307286262512,44.89948963187635,1900002404e000000060290000da983c,1900002404e000000060290000da983c,1900802404e000000060290000da983c,False,sat,False,False,False,,"{""0"": ""fixed"", ""1"": ""unknown"", ""10"": ""unknown"", ""11"": ""unknown"", ""12"": ""unknown"", ""13"": ""unknown"", ""14"": ""unknown"", ""15"": ""unknown"", ""2"": ""free"", ""3"": ""unknown"", ""4"": ""unknown"", ""5"": ""unknown"", ""6"": ""unknown"", ""7"": ""unknown"", ""8"": ""unknown"", ""9"": ""unknown""}","{""0"": ""free"", ""1"": ""free"", ""2"": ""free"", ""3"": ""free""}",[0],[2],"[1, 3, 4, 5, 6, 7, 8, 9, 10, 11, 12, 13, 14, 15]",False,ambiguity,False,uf_axiom,
SB_0__SR_32,SB_0,SR_32,SB-SR,0,0,1,0,1,0,0,0,1,0,0,0,early_only,prior_weak_reproduction,SB_0__SR_32,13,128,2,differential,sat,sat,0.00281534343957901,23.575786497443914,9300002b7be2000000ab2d00007c1328,9300002b7be2000000ab2d00007c1328,9300002b7be2000000ab2d00807c1328,False,sat,False,False,False,,"{""0"": ""fixed"", ""1"": ""free"", ""10"": ""unknown"", ""11"": ""unknown"", ""12"": ""free"", ""13"": ""unknown"", ""14"": ""unknown"", ""15"": ""unknown"", ""2"": ""free"", ""3"": ""unknown"", ""4"": ""unknown"", ""5"": ""unknown"", ""6"": ""unknown"", ""7"": ""unknown"", ""8"": ""unknown"", ""9"": ""unknown""}","{""0"": ""free"", ""1"": ""free"", ""2"": ""free"", ""3"": ""free""}",[0],"[1, 2, 12]","[3, 4, 5, 6, 7, 8, 9, 10, 11, 13, 14, 15]",False,ambiguity,False,uf_axiom,
SB_0__SB_32,SB_0,SB_32,SB-SB,1,0,1,0,1,0,0,0,1,0,0,0,early_only,prior_weak_reproduction,SB_0__SB_32,17,128,2,differential,sat,sat,0.0029076561331748962,86.67568380199373,860000e4c764000000278e00004083a0,860000e4c764000000278e00004083a0,860000e4c764200000278e00004083a0,False,sat,False,False,False,,"{""0"": ""unknown"", ""1"": ""unknown"", ""10"": ""unknown"", ""11"": ""unknown"", ""12"": ""unknown"", ""13"": ""unknown"", ""14"": ""unknown"", ""15"": ""unknown"", ""2"": ""unknown"", ""3"": ""unknown"", ""4"": ""unknown"", ""5"": ""unknown"", ""6"": ""free"", ""7"": ""unknown"", ""8"": ""unknown"", ""9"": ""unknown""}","{""0"": ""unknown"", ""1"": ""free"", ""2"": ""unknown"", ""3"": ""unknown""}",[],[6],"[0, 1, 2, 3, 4, 5, 7, 8, 9, 10, 11, 12, 13, 14, 15]",False,ambiguity,False,uf_axiom,
SB_0__SR_32,SB_0,SR_32,SB-SR,0,0,1,0,1,0,0,0,1,0,0,0,early_only,prior_weak_reproduction,SB_0__SR_32,5,128,2,differential,sat,sat,0.0037306006997823715,96.44223313778639,130000fcba2c00000097430000bc11f3,130000fcba2c00000097430000bc11f3,13000018bac2000000971400006ae154,False,sat,False,False,False,,"{""0"": ""unknown"", ""1"": ""unknown"", ""10"": ""free"", ""11"": ""unknown"", ""12"": ""unknown"", ""13"": ""free"", ""14"": ""free"", ""15"": ""free"", ""2"": ""unknown"", ""3"": ""free"", ""4"": ""unknown"", ""5"": ""free"", ""6"": ""unknown"", ""7"": ""unknown"", ""8"": ""unknown"", ""9"": ""unknown""}","{""0"": ""free"", ""1"": ""free"", ""2"": ""free"", ""3"": ""free""}",[],"[3, 5, 10, 13, 14, 15]","[0, 1, 2, 4, 6, 7, 8, 9, 11, 12]",False,ambiguity,False,uf_axiom,
SB_0__SR_32,SB_0,SR_32,SB-SR,0,0,1,0,1,0,0,0,1,0,0,0,early_only,prior_weak_reproduction,SB_0__SR_32,15,128,2,differential,sat,sat,0.0026685185730457306,69.44113897718489,6c0000d050df0000001ebb0000d61394,6c0000d050df0000001ebb0000d61394,6c0000c850bf000000b3040000921394,False,sat,False,False,False,,"{""0"": ""fixed"", ""1"": ""unknown"", ""10"": ""free"", ""11"": ""unknown"", ""12"": ""unknown"", ""13"": ""free"", ""14"": ""unknown"", ""15"": ""unknown"", ""2"": ""unknown"", ""3"": ""free"", ""4"": ""unknown"", ""5"": ""free"", ""6"": ""unknown"", ""7"": ""unknown"", ""8"": ""unknown"", ""9"": ""free""}","{""0"": ""free"", ""1"": ""free"", ""2"": ""free"", ""3"": ""free""}",[0],"[3, 5, 9, 10, 13]","[1, 2, 4, 6, 7, 8, 11, 12, 14, 15]",False,ambiguity,False,uf_axiom,
SB_0__SR_32,SB_0,SR_32,SB-SR,0,0,1,0,1,0,0,0,1,0,0,0,early_only,prior_weak_reproduction,SB_0__SR_32,0,128,2,differential,sat,sat,0.0030227452516555786,28.630117727443576,ed00009a19e40000001eec0000d00cf6,ed00009a19e40000001eec0000d00cf6,ed0000c81cfb00000029ec0000ced482,False,sat,False,False,False,,"{""0"": ""fixed"", ""1"": ""unknown"", ""10"": ""unknown"", ""11"": ""unknown"", ""12"": ""unknown"", ""13"": ""free"", ""14"": ""free"", ""15"": ""free"", ""2"": ""unknown"", ""3"": ""free"", ""4"": ""free"", ""5"": ""free"", ""6"": ""unknown"", ""7"": ""unknown"", ""8"": ""unknown"", ""9"": ""free""}","{""0"": ""free"", ""1"": ""free"", ""2"": ""free"", ""3"": ""free""}",[0],"[3, 4, 5, 9, 13, 14, 15]","[1, 2, 6, 7, 8, 10, 11, 12]",False,ambiguity,False,uf_axiom,
SB_0__SR_41,SB_0,SR_41,SB-SR,0,0,0,0,0,0,0,0,0,1,0,0,early_only,prior_weak_reproduction,SB_0__SR_41,13,128,2,differential,sat,sat,0.0027411989867687225,52.9035674277693,931e410000e2002491ab2d00007c1328,931e410000e2002491ab2d00007c1328,932a34000289006239ab2d0000707228,False,sat,False,False,False,,"{""0"": ""fixed"", ""1"": ""free"", ""10"": ""unknown"", ""11"": ""unknown"", ""12"": ""unknown"", ""13"": ""free"", ""14"": ""free"", ""15"": ""unknown"", ""2"": ""free"", ""3"": ""unknown"", ""4"": ""free"", ""5"": ""free"", ""6"": ""unknown"", ""7"": ""free"", ""8"": ""free"", ""9"": ""unknown""}","{""0"": ""free"", ""1"": ""free"", ""2"": ""free"", ""3"": ""free""}",[0],"[1, 2, 4, 5, 7, 8, 13, 14]","[3, 6, 9, 10, 11, 12, 15]",False,ambiguity,False,uf_axiom,
SB_0__SR_8,SB_0,SR_8,SB-SR,0,0,0,1,1,0,1,0,0,0,0,0,early_only,prior_weak_reproduction,SB_0__SR_8,8,128,2,differential,sat,sat,0.0026125777512788773,68.45379178598523,e39b000258db0000003e62000088fda9,e39b000258db0000003e62000088fda9,e32e009394db0000005c620000e7d741,False,sat,False,False,False,,"{""0"": ""fixed"", ""1"": ""free"", ""10"": ""unknown"", ""11"": ""unknown"", ""12"": ""unknown"", ""13"": ""free"", ""14"": ""free"", ""15"": ""free"", ""2"": ""unknown"", ""3"": ""free"", ""4"": ""free"", ""5"": ""unknown"", ""6"": ""unknown"", ""7"": ""unknown"", ""8"": ""unknown"", ""9"": ""free""}","{""0"": ""free"", ""1"": ""free"", ""2"": ""free"", ""3"": ""free""}",[0],"[1, 3, 4, 9, 13, 14, 15]","[2, 5, 6, 7, 8, 10, 11, 12]",False,ambiguity,False,uf_axiom,
SB_0__SR_41,SB_0,SR_41,SB-SR,0,0,0,0,0,0,0,0,0,1,0,0,early_only,prior_weak_reproduction,SB_0__SR_41,4,128,2,differential,sat,sat,0.004387883469462395,20.090627573430538,8bebe20000a8007ab6e8e70000574a5d,8bebe20000a8007ab6e8e70000574a5d,8b3a6a0000a800272ae8270000d5525d,False,sat,False,False,False,,"{""0"": ""fixed"", ""1"": ""free"", ""10"": ""free"", ""11"": ""unknown"", ""12"": ""unknown"", ""13"": ""free"", ""14"": ""free"", ""15"": ""unknown"", ""2"": ""free"", ""3"": ""free"", ""4"": ""free"", ""5"": ""fixed"", ""6"": ""unknown"", ""7"": ""free"", ""8"": ""free"", ""9"": ""unknown""}","{""0"": ""free"", ""1"": ""free"", ""2"": ""free"", ""3"": ""free""}","[0, 5]","[1, 2, 3, 4, 7, 8, 10, 13, 14]","[6, 9, 11, 12, 15]",False,ambiguity,False,uf_axiom,
SR_0__SR_1,SR_0,SR_1,SR-SR,1,1,1,1,0,0,0,0,0,0,0,0,early_only,prior_weak_reproduction,SR_0__SR_1,1,128,2,differential,sat,sat,0.0010561421513557434,2.2327381428331137,99000000003c000000008a0000570006,99000000003c000000008a0000570006,99000000003c00000000b80000a48006,False,sat,False,False,False,,"{""0"": ""fixed"", ""1"": ""free"", ""10"": ""free"", ""11"": ""free"", ""12"": ""free"", ""13"": ""free"", ""14"": ""free"", ""15"": ""fixed"", ""2"": ""free"", ""3"": ""free"", ""4"": ""free"", ""5"": ""fixed"", ""6"": ""free"", ""7"": ""free"", ""8"": ""free"", ""9"": ""free""}","{""0"": ""free"", ""1"": ""free"", ""2"": ""free"", ""3"": ""free""}","[0, 5, 15]","[1, 2, 3, 4, 6, 7, 8, 9, 10, 11, 12, 13, 14]",[],False,ambiguity,False,uf_axiom,
SR_0__SR_1,SR_0,SR_1,SR-SR,1,1,1,1,0,0,0,0,0,0,0,0,early_only,prior_weak_reproduction,SR_0__SR_1,2,128,2,differential,sat,sat,0.0010564867407083511,1.8040122911334038,a60000000059000000008f0000c20061,a60000000059000000008f0000c20061,a60004000059000000008f0000c20061,False,sat,False,False,False,,"{""0"": ""fixed"", ""1"": ""free"", ""10"": ""fixed"", ""11"": ""free"", ""12"": ""free"", ""13"": ""fixed"", ""14"": ""free"", ""15"": ""fixed"", ""2"": ""free"", ""3"": ""free"", ""4"": ""free"", ""5"": ""fixed"", ""6"": ""free"", ""7"": ""free"", ""8"": ""free"", ""9"": ""free""}","{""0"": ""free"", ""1"": ""free"", ""2"": ""free"", ""3"": ""free""}","[0, 5, 10, 13, 15]","[1, 2, 3, 4, 6, 7, 8, 9, 11, 12, 14]",[],False,ambiguity,False,uf_axiom,
SR_0__SR_1,SR_0,SR_1,SR-SR,1,1,1,1,0,0,0,0,0,0,0,0,early_only,prior_weak_reproduction,SR_0__SR_1,0,128,2,differential,sat,sat,0.0014824550598859787,5.393856419250369,ed00000000e400000000ec0000d000f6,ed00000000e400000000ec0000d000f6,ed00020000e400000000ec0000d000f6,False,sat,False,False,False,,"{""0"": ""fixed"", ""1"": ""free"", ""10"": ""fixed"", ""11"": ""free"", ""12"": ""free"", ""13"": ""fixed"", ""14"": ""free"", ""15"": ""fixed"", ""2"": ""free"", ""3"": ""free"", ""4"": ""free"", ""5"": ""fixed"", ""6"": ""free"", ""7"": ""free"", ""8"": ""free"", ""9"": ""free""}","{""0"": ""free"", ""1"": ""free"", ""2"": ""free"", ""3"": ""free""}","[0, 5, 10, 13, 15]","[1, 2, 3, 4, 6, 7, 8, 9, 11, 12, 14]",[],False,ambiguity,False,uf_axiom,
SR_0__SR_32,SR_0,SR_32,SR-SR,1,0,1,0,1,0,0,0,1,0,0,0,early_only,prior_weak_reproduction,SR_0__SR_32,1,128,2,differential,sat,sat,0.002203548327088356,52.41234188899398,99000079bc3c0000007a8a0000573606,99000079bc3c0000007a8a0000573606,990000f02d450000008194000022fb06,False,sat,False,False,False,,"{""0"": ""fixed"", ""1"": ""unknown"", ""10"": ""free"", ""11"": ""unknown"", ""12"": ""unknown"", ""13"": ""free"", ""14"": ""free"", ""15"": ""unknown"", ""2"": ""unknown"", ""3"": ""free"", ""4"": ""free"", ""5"": ""free"", ""6"": ""unknown"", ""7"": ""unknown"", ""8"": ""unknown"", ""9"": ""free""}","{""0"": ""free"", ""1"": ""free"", ""2"": ""free"", ""3"": ""free""}",[0],"[3, 4, 5, 9, 10, 13, 14]","[1, 2, 6, 7, 8, 11, 12, 15]",False,ambiguity,False,uf_axiom,
SR_0__SR_32,SR_0,SR_32,SR-SR,1,0,1,0,1,0,0,0,1,0,0,0,early_only,prior_weak_reproduction,SR_0__SR_32,0,128,2,differential,sat,sat,0.0024213511496782303,60.08759249188006,ed00009a19e40000001eec0000d00cf6,ed00009a19e40000001eec0000d00cf6,ed40003d1cfb000000adec00007a5ef6,False,sat,False,False,False,,"{""0"": ""fixed"", ""1"": ""free"", ""10"": ""unknown"", ""11"": ""unknown"", ""12"": ""unknown"", ""13"": ""free"", ""14"": ""free"", ""15"": ""unknown"", ""2"": ""unknown"", ""3"": ""free"", ""4"": ""free"", ""5"": ""free"", ""6"": ""unknown"", ""7"": ""unknown"", ""8"": ""unknown"", ""9"": ""free""}","{""0"": ""free"", ""1"": ""free"", ""2"": ""free"", ""3"": ""free""}",[0],"[1, 3, 4, 5, 9, 13, 14]","[2, 6, 7, 8, 10, 11, 12, 15]",False,ambiguity,False,uf_axiom,
SR_0__SR_32,SR_0,SR_32,SR-SR,1,0,1,0,1,0,0,0,1,0,0,0,early_only,prior_weak_reproduction,SR_0__SR_32,2,128,2,differential,sat,sat,0.002284899353981018,59.959046225994825,a600001322590000009f8f0000c2db61,a600001322590000009f8f0000c2db61,a600001322590000009fad0000c2db40,False,sat,False,False,False,,"{""0"": ""unknown"", ""1"": ""unknown"", ""10"": ""free"", ""11"": ""unknown"", ""12"": ""unknown"", ""13"": ""unknown"", ""14"": ""unknown"", ""15"": ""free"", ""2"": ""unknown"", ""3"": ""unknown"", ""4"": ""unknown"", ""5"": ""unknown"", ""6"": ""unknown"", ""7"": ""unknown"", ""8"": ""unknown"", ""9"": ""unknown""}","{""0"": ""unknown"", ""1"": ""unknown"", ""2"": ""free"", ""3"": ""free""}",[],"[10, 15]","[0, 1, 2, 3, 4, 5, 6, 7, 8, 9, 11, 12, 13, 14]",False,ambiguity,False,uf_axiom,
SB_0__SR_41,SB_0,SR_41,SB-SR,0,0,0,0,0,0,0,0,0,1,0,0,early_only,prior_weak_reproduction,SB_0__SR_41,1,128,2,differential,sat,sat,0.0026457253843545914,162.87197941169143,99107500003c003b0d7a8a0000573606,99107500003c003b0d7a8a0000573606,9932d80000c3007624114f000077a306,False,sat,False,False,False,,"{""0"": ""fixed"", ""1"": ""free"", ""10"": ""free"", ""11"": ""unknown"", ""12"": ""unknown"", ""13"": ""free"", ""14"": ""free"", ""15"": ""unknown"", ""2"": ""free"", ""3"": ""unknown"", ""4"": ""unknown"", ""5"": ""free"", ""6"": ""unknown"", ""7"": ""free"", ""8"": ""free"", ""9"": ""free""}","{""0"": ""free"", ""1"": ""free"", ""2"": ""free"", ""3"": ""free""}",[0],"[1, 2, 5, 7, 8, 9, 10, 13, 14]","[3, 4, 6, 11, 12, 15]",False,ambiguity,False,uf_axiom,
SR_0__SR_41,SR_0,SR_41,SR-SR,1,0,0,0,0,0,0,0,0,1,0,0,early_only,prior_weak_reproduction,SR_0__SR_41,1,128,2,differential,sat,sat,0.003117557615041733,173.84674293361604,99107500003c003b0d7a8a0000573606,99107500003c003b0d7a8a0000573606,9932d80000c3007624114f000077a306,False,sat,False,False,False,,"{""0"": ""fixed"", ""1"": ""free"", ""10"": ""free"", ""11"": ""unknown"", ""12"": ""unknown"", ""13"": ""free"", ""14"": ""free"", ""15"": ""unknown"", ""2"": ""free"", ""3"": ""unknown"", ""4"": ""unknown"", ""5"": ""free"", ""6"": ""unknown"", ""7"": ""free"", ""8"": ""free"", ""9"": ""free""}","{""0"": ""free"", ""1"": ""free"", ""2"": ""free"", ""3"": ""free""}",[0],"[1, 2, 5, 7, 8, 9, 10, 13, 14]","[3, 4, 6, 11, 12, 15]",False,ambiguity,False,uf_axiom,
SB_0__SR_41,SB_0,SR_41,SB-SR,0,0,0,0,0,0,0,0,0,1,0,0,early_only,prior_weak_reproduction,SB_0__SR_41,0,128,2,differential,sat,sat,0.0029285047203302383,100.65043112635612,edf43a0000e400f3bf1eec0000d00cf6,edf43a0000e400f3bf1eec0000d00cf6,ed9d6a0000e400f8bf1eec0000d098f6,False,sat,False,False,False,,"{""0"": ""fixed"", ""1"": ""free"", ""10"": ""unknown"", ""11"": ""unknown"", ""12"": ""unknown"", ""13"": ""unknown"", ""14"": ""free"", ""15"": ""unknown"", ""2"": ""free"", ""3"": ""free"", ""4"": ""free"", ""5"": ""unknown"", ""6"": ""unknown"", ""7"": ""free"", ""8"": ""unknown"", ""9"": ""unknown""}","{""0"": ""free"", ""1"": ""free"", ""2"": ""free"", ""3"": ""free""}",[0],"[1, 2, 3, 4, 7, 14]","[5, 6, 8, 9, 10, 11, 12, 13, 15]",False,ambiguity,False,uf_axiom,
MC_0__MC_8,MC_0,MC_8,MC-MC,1,0,0,1,1,0,1,0,0,0,0,0,weak_same_column,weak_same_column,MC_0__MC_8,2,128,2,differential,sat,unsat,0.00530184805393219,129.31155888549984,a66f651322597191ab9f8f8af4c2db61,a66f651322597191ab9f8f8af4c2db61,,True,sat,False,False,False,,"{""0"": ""fixed"", ""1"": ""fixed"", ""10"": ""fixed"", ""11"": ""fixed"", ""12"": ""fixed"", ""13"": ""fixed"", ""14"": ""fixed"", ""15"": ""fixed"", ""2"": ""fixed"", ""3"": ""fixed"", ""4"": ""fixed"", ""5"": ""fixed"", ""6"": ""fixed"", ""7"": ""fixed"", ""8"": ""fixed"", ""9"": ""fixed""}","{""0"": ""fixed"", ""1"": ""fixed"", ""2"": ""fixed"", ""3"": ""fixed""}","[0, 1, 2, 3, 4, 5, 6, 7, 8, 9, 10, 11, 12, 13, 14, 15]",[],[],False,full_key_unique,True,uf_axiom,
MC_0__MC_24,MC_0,MC_24,MC-MC,1,0,0,1,1,0,1,0,0,0,0,0,weak_same_column,weak_same_column,MC_0__MC_24,0,96,2,differential,sat,unsat,0.0048370324075222015,253.01320501975715,edf43a9a19e4a3f3bf1eec668bd00cf6,edf43a9a19e4a3f3bf1eec668bd00cf6,,True,sat,False,False,False,,"{""0"": ""fixed"", ""1"": ""fixed"", ""10"": ""fixed"", ""11"": ""fixed"", ""12"": ""fixed"", ""13"": ""fixed"", ""14"": ""fixed"", ""15"": ""fixed"", ""2"": ""fixed"", ""3"": ""fixed"", ""4"": ""fixed"", ""5"": ""fixed"", ""6"": ""fixed"", ""7"": ""fixed"", ""8"": ""fixed"", ""9"": ""fixed""}","{""0"": ""fixed"", ""1"": ""fixed"", ""2"": ""fixed"", ""3"": ""fixed""}","[0, 1, 2, 3, 4, 5, 6, 7, 8, 9, 10, 11, 12, 13, 14, 15]",[],[],False,full_key_unique,True,uf_axiom,
MC_0__MC_1,MC_0,MC_1,MC-MC,1,1,1,1,0,0,0,0,0,0,0,0,late_only,prior_strong_reproduction,MC_0__MC_1,0,96,2,differential,sat,unsat,0.004182858392596245,163.66849546507,edf43a9a19e4a3f3bf1eec668bd00cf6,edf43a9a19e4a3f3bf1eec668bd00cf6,,True,sat,False,False,False,,"{""0"": ""fixed"", ""1"": ""fixed"", ""10"": ""fixed"", ""11"": ""fixed"", ""12"": ""fixed"", ""13"": ""fixed"", ""14"": ""fixed"", ""15"": ""fixed"", ""2"": ""fixed"", ""3"": ""fixed"", ""4"": ""fixed"", ""5"": ""fixed"", ""6"": ""fixed"", ""7"": ""fixed"", ""8"": ""fixed"", ""9"": ""fixed""}","{""0"": ""fixed"", ""1"": ""fixed"", ""2"": ""fixed"", ""3"": ""fixed""}","[0, 1, 2, 3, 4, 5, 6, 7, 8, 9, 10, 11, 12, 13, 14, 15]",[],[],False,full_key_unique,True,uf_axiom,
MC_0__MC_24,MC_0,MC_24,MC-MC,1,0,0,1,1,0,1,0,0,0,0,0,weak_same_column,weak_same_column,MC_0__MC_24,1,96,2,differential,sat,unsat,0.004165783524513245,163.34945204108953,99107579bc3c2c3b0d7a8a6fd1573606,99107579bc3c2c3b0d7a8a6fd1573606,,True,sat,False,False,False,,"{""0"": ""fixed"", ""1"": ""fixed"", ""10"": ""fixed"", ""11"": ""fixed"", ""12"": ""fixed"", ""13"": ""fixed"", ""14"": ""fixed"", ""15"": ""fixed"", ""2"": ""fixed"", ""3"": ""fixed"", ""4"": ""fixed"", ""5"": ""fixed"", ""6"": ""fixed"", ""7"": ""fixed"", ""8"": ""fixed"", ""9"": ""fixed""}","{""0"": ""fixed"", ""1"": ""fixed"", ""2"": ""fixed"", ""3"": ""fixed""}","[0, 1, 2, 3, 4, 5, 6, 7, 8, 9, 10, 11, 12, 13, 14, 15]",[],[],False,full_key_unique,True,uf_axiom,
SR_0__SR_41,SR_0,SR_41,SR-SR,1,0,0,0,0,0,0,0,0,1,0,0,early_only,prior_weak_reproduction,SR_0__SR_41,0,128,2,differential,sat,sat,0.00332670658826828,223.0340119227767,edf43a0000e400f3bf1eec0000d00cf6,edf43a0000e400f3bf1eec0000d00cf6,eda5a60000e400edbf1eec0040d052f6,False,sat,False,False,False,,"{""0"": ""unknown"", ""1"": ""free"", ""10"": ""unknown"", ""11"": ""unknown"", ""12"": ""free"", ""13"": ""unknown"", ""14"": ""free"", ""15"": ""unknown"", ""2"": ""free"", ""3"": ""unknown"", ""4"": ""unknown"", ""5"": ""unknown"", ""6"": ""unknown"", ""7"": ""free"", ""8"": ""unknown"", ""9"": ""unknown""}","{""0"": ""free"", ""1"": ""free"", ""2"": ""unknown"", ""3"": ""free""}",[],"[1, 2, 7, 12, 14]","[0, 3, 4, 5, 6, 8, 9, 10, 11, 13, 15]",False,ambiguity,False,uf_axiom,
MC_0__MC_1,MC_0,MC_1,MC-MC,1,1,1,1,0,0,0,0,0,0,0,0,late_only,prior_strong_reproduction,MC_0__MC_1,1,96,2,differential,sat,unsat,0.004076456651091576,143.61520668305457,99107579bc3c2c3b0d7a8a6fd1573606,99107579bc3c2c3b0d7a8a6fd1573606,,True,sat,False,False,False,,"{""0"": ""fixed"", ""1"": ""fixed"", ""10"": ""fixed"", ""11"": ""fixed"", ""12"": ""fixed"", ""13"": ""fixed"", ""14"": ""fixed"", ""15"": ""fixed"", ""2"": ""fixed"", ""3"": ""fixed"", ""4"": ""fixed"", ""5"": ""fixed"", ""6"": ""fixed"", ""7"": ""fixed"", ""8"": ""fixed"", ""9"": ""fixed""}","{""0"": ""fixed"", ""1"": ""fixed"", ""2"": ""fixed"", ""3"": ""fixed""}","[0, 1, 2, 3, 4, 5, 6, 7, 8, 9, 10, 11, 12, 13, 14, 15]",[],[],False,full_key_unique,True,uf_axiom,
SB_0__MC_32,SB_0,MC_32,SB-MC,0,0,1,0,1,0,0,0,1,0,0,0,early_late_mixed,early_late_complementarity,SB_0__MC_32,0,128,2,differential,sat,unsat,0.006354711949825287,151.30954008363187,edf43a9a19e4a3f3bf1eec668bd00cf6,edf43a9a19e4a3f3bf1eec668bd00cf6,,True,sat,False,False,False,,"{""0"": ""fixed"", ""1"": ""fixed"", ""10"": ""fixed"", ""11"": ""fixed"", ""12"": ""fixed"", ""13"": ""fixed"", ""14"": ""fixed"", ""15"": ""fixed"", ""2"": ""fixed"", ""3"": ""fixed"", ""4"": ""fixed"", ""5"": ""fixed"", ""6"": ""fixed"", ""7"": ""fixed"", ""8"": ""fixed"", ""9"": ""fixed""}","{""0"": ""fixed"", ""1"": ""fixed"", ""2"": ""fixed"", ""3"": ""fixed""}","[0, 1, 2, 3, 4, 5, 6, 7, 8, 9, 10, 11, 12, 13, 14, 15]",[],[],False,full_key_unique,True,uf_axiom,
SR_0__MC_32,SR_0,MC_32,SR-MC,0,0,1,0,1,0,0,0,1,0,0,0,early_late_mixed,early_late_complementarity,SR_0__MC_32,0,128,2,differential,sat,unsat,0.010056110098958015,161.53085052408278,edf43a9a19e4a3f3bf1eec668bd00cf6,edf43a9a19e4a3f3bf1eec668bd00cf6,,True,sat,False,False,False,,"{""0"": ""fixed"", ""1"": ""fixed"", ""10"": ""fixed"", ""11"": ""fixed"", ""12"": ""fixed"", ""13"": ""fixed"", ""14"": ""fixed"", ""15"": ""fixed"", ""2"": ""fixed"", ""3"": ""fixed"", ""4"": ""fixed"", ""5"": ""fixed"", ""6"": ""fixed"", ""7"": ""fixed"", ""8"": ""fixed"", ""9"": ""fixed""}","{""0"": ""fixed"", ""1"": ""fixed"", ""2"": ""fixed"", ""3"": ""fixed""}","[0, 1, 2, 3, 4, 5, 6, 7, 8, 9, 10, 11, 12, 13, 14, 15]",[],[],False,full_key_unique,True,uf_axiom,
MC_0__MC_9,MC_0,MC_9,MC-MC,1,0,0,1,0,0,0,1,0,0,0,0,weak_same_column,weak_same_column,MC_0__MC_9,2,128,2,differential,sat,unsat,0.006002685055136681,194.84748741984367,a66f651322597191ab9f8f8af4c2db61,a66f651322597191ab9f8f8af4c2db61,,True,sat,False,False,False,,"{""0"": ""fixed"", ""1"": ""fixed"", ""10"": ""fixed"", ""11"": ""fixed"", ""12"": ""fixed"", ""13"": ""fixed"", ""14"": ""fixed"", ""15"": ""fixed"", ""2"": ""fixed"", ""3"": ""fixed"", ""4"": ""fixed"", ""5"": ""fixed"", ""6"": ""fixed"", ""7"": ""fixed"", ""8"": ""fixed"", ""9"": ""fixed""}","{""0"": ""fixed"", ""1"": ""fixed"", ""2"": ""fixed"", ""3"": ""fixed""}","[0, 1, 2, 3, 4, 5, 6, 7, 8, 9, 10, 11, 12, 13, 14, 15]",[],[],False,full_key_unique,True,uf_axiom,
SR_0__MC_41,SR_0,MC_41,SR-MC,0,0,0,0,0,0,0,0,0,1,0,0,early_late_mixed,early_late_complementarity,SR_0__MC_41,2,128,2,differential,sat,unsat,0.0064547136425971985,221.9926117323339,a66f651322597191ab9f8f8af4c2db61,a66f651322597191ab9f8f8af4c2db61,,True,sat,False,False,False,,"{""0"": ""fixed"", ""1"": ""fixed"", ""10"": ""fixed"", ""11"": ""fixed"", ""12"": ""fixed"", ""13"": ""fixed"", ""14"": ""fixed"", ""15"": ""fixed"", ""2"": ""fixed"", ""3"": ""fixed"", ""4"": ""fixed"", ""5"": ""fixed"", ""6"": ""fixed"", ""7"": ""fixed"", ""8"": ""fixed"", ""9"": ""fixed""}","{""0"": ""fixed"", ""1"": ""fixed"", ""2"": ""fixed"", ""3"": ""fixed""}","[0, 1, 2, 3, 4, 5, 6, 7, 8, 9, 10, 11, 12, 13, 14, 15]",[],[],False,full_key_unique,True,uf_axiom,
MC_0__MC_1,MC_0,MC_1,MC-MC,1,1,1,1,0,0,0,0,0,0,0,0,late_only,prior_strong_reproduction,MC_0__MC_1,2,128,2,differential,sat,unsat,0.009604647755622864,164.9890268854797,a66f651322597191ab9f8f8af4c2db61,a66f651322597191ab9f8f8af4c2db61,,True,sat,False,False,False,,"{""0"": ""fixed"", ""1"": ""fixed"", ""10"": ""fixed"", ""11"": ""fixed"", ""12"": ""fixed"", ""13"": ""fixed"", ""14"": ""fixed"", ""15"": ""fixed"", ""2"": ""fixed"", ""3"": ""fixed"", ""4"": ""fixed"", ""5"": ""fixed"", ""6"": ""fixed"", ""7"": ""fixed"", ""8"": ""fixed"", ""9"": ""fixed""}","{""0"": ""fixed"", ""1"": ""fixed"", ""2"": ""fixed"", ""3"": ""fixed""}","[0, 1, 2, 3, 4, 5, 6, 7, 8, 9, 10, 11, 12, 13, 14, 15]",[],[],False,full_key_unique,True,uf_axiom,
SR_0__MC_41,SR_0,MC_41,SR-MC,0,0,0,0,0,0,0,0,0,1,0,0,early_late_mixed,early_late_complementarity,SR_0__MC_41,0,128,2,differential,sat,unsat,0.006434710696339607,279.99297300353646,edf43a9a19e4a3f3bf1eec668bd00cf6,edf43a9a19e4a3f3bf1eec668bd00cf6,,True,sat,False,False,False,,"{""0"": ""fixed"", ""1"": ""fixed"", ""10"": ""fixed"", ""11"": ""fixed"", ""12"": ""fixed"", ""13"": ""fixed"", ""14"": ""fixed"", ""15"": ""fixed"", ""2"": ""fixed"", ""3"": ""fixed"", ""4"": ""fixed"", ""5"": ""fixed"", ""6"": ""fixed"", ""7"": ""fixed"", ""8"": ""fixed"", ""9"": ""fixed""}","{""0"": ""fixed"", ""1"": ""fixed"", ""2"": ""fixed"", ""3"": ""fixed""}","[0, 1, 2, 3, 4, 5, 6, 7, 8, 9, 10, 11, 12, 13, 14, 15]",[],[],False,full_key_unique,True,uf_axiom,
MC_0__MC_9,MC_0,MC_9,MC-MC,1,0,0,1,0,0,0,1,0,0,0,0,weak_same_column,weak_same_column,MC_0__MC_9,1,128,2,differential,sat,unsat,0.006943903863430023,140.9518088400364,99107579bc3c2c3b0d7a8a6fd1573606,99107579bc3c2c3b0d7a8a6fd1573606,,True,sat,False,False,False,,"{""0"": ""fixed"", ""1"": ""fixed"", ""10"": ""fixed"", ""11"": ""fixed"", ""12"": ""fixed"", ""13"": ""fixed"", ""14"": ""fixed"", ""15"": ""fixed"", ""2"": ""fixed"", ""3"": ""fixed"", ""4"": ""fixed"", ""5"": ""fixed"", ""6"": ""fixed"", ""7"": ""fixed"", ""8"": ""fixed"", ""9"": ""fixed""}","{""0"": ""fixed"", ""1"": ""fixed"", ""2"": ""fixed"", ""3"": ""fixed""}","[0, 1, 2, 3, 4, 5, 6, 7, 8, 9, 10, 11, 12, 13, 14, 15]",[],[],False,full_key_unique,True,uf_axiom,
MC_0__MC_8,MC_0,MC_8,MC-MC,1,0,0,1,1,0,1,0,0,0,0,0,weak_same_column,weak_same_column,MC_0__MC_8,1,128,2,differential,sat,unsat,0.005662459880113602,201.21049422584474,99107579bc3c2c3b0d7a8a6fd1573606,99107579bc3c2c3b0d7a8a6fd1573606,,True,sat,False,False,False,,"{""0"": ""fixed"", ""1"": ""fixed"", ""10"": ""fixed"", ""11"": ""fixed"", ""12"": ""fixed"", ""13"": ""fixed"", ""14"": ""fixed"", ""15"": ""fixed"", ""2"": ""fixed"", ""3"": ""fixed"", ""4"": ""fixed"", ""5"": ""fixed"", ""6"": ""fixed"", ""7"": ""fixed"", ""8"": ""fixed"", ""9"": ""fixed""}","{""0"": ""fixed"", ""1"": ""fixed"", ""2"": ""fixed"", ""3"": ""fixed""}","[0, 1, 2, 3, 4, 5, 6, 7, 8, 9, 10, 11, 12, 13, 14, 15]",[],[],False,full_key_unique,True,uf_axiom,
SB_0__MC_41,SB_0,MC_41,SB-MC,0,0,0,0,0,0,0,0,0,1,0,0,early_late_mixed,early_late_complementarity,SB_0__MC_41,0,128,2,differential,sat,unsat,0.006842678412795067,296.7229267451912,edf43a9a19e4a3f3bf1eec668bd00cf6,edf43a9a19e4a3f3bf1eec668bd00cf6,,True,sat,False,False,False,,"{""0"": ""fixed"", ""1"": ""fixed"", ""10"": ""fixed"", ""11"": ""fixed"", ""12"": ""fixed"", ""13"": ""fixed"", ""14"": ""fixed"", ""15"": ""fixed"", ""2"": ""fixed"", ""3"": ""fixed"", ""4"": ""fixed"", ""5"": ""fixed"", ""6"": ""fixed"", ""7"": ""fixed"", ""8"": ""fixed"", ""9"": ""fixed""}","{""0"": ""fixed"", ""1"": ""fixed"", ""2"": ""fixed"", ""3"": ""fixed""}","[0, 1, 2, 3, 4, 5, 6, 7, 8, 9, 10, 11, 12, 13, 14, 15]",[],[],False,full_key_unique,True,uf_axiom,
MC_0__MC_7,MC_0,MC_7,MC-MC,1,1,1,1,0,1,0,0,0,0,0,0,late_only,prior_strong_reproduction,MC_0__MC_7,1,128,2,differential,sat,unsat,0.005402516573667526,100.38136018253863,99107579bc3c2c3b0d7a8a6fd1573606,99107579bc3c2c3b0d7a8a6fd1573606,,True,sat,False,False,False,,"{""0"": ""fixed"", ""1"": ""fixed"", ""10"": ""fixed"", ""11"": ""fixed"", ""12"": ""fixed"", ""13"": ""fixed"", ""14"": ""fixed"", ""15"": ""fixed"", ""2"": ""fixed"", ""3"": ""fixed"", ""4"": ""fixed"", ""5"": ""fixed"", ""6"": ""fixed"", ""7"": ""fixed"", ""8"": ""fixed"", ""9"": ""fixed""}","{""0"": ""fixed"", ""1"": ""fixed"", ""2"": ""fixed"", ""3"": ""fixed""}","[0, 1, 2, 3, 4, 5, 6, 7, 8, 9, 10, 11, 12, 13, 14, 15]",[],[],False,full_key_unique,True,uf_axiom,
MC_0__MC_32,MC_0,MC_32,MC-MC,1,0,1,0,1,0,0,0,1,0,0,0,late_only,prior_strong_reproduction,MC_0__MC_32,0,96,2,differential,sat,unsat,0.010753361508250237,242.1280619315803,edf43a9a19e4a3f3bf1eec668bd00cf6,edf43a9a19e4a3f3bf1eec668bd00cf6,,True,sat,False,False,False,,"{""0"": ""fixed"", ""1"": ""fixed"", ""10"": ""fixed"", ""11"": ""fixed"", ""12"": ""fixed"", ""13"": ""fixed"", ""14"": ""fixed"", ""15"": ""fixed"", ""2"": ""fixed"", ""3"": ""fixed"", ""4"": ""fixed"", ""5"": ""fixed"", ""6"": ""fixed"", ""7"": ""fixed"", ""8"": ""fixed"", ""9"": ""fixed""}","{""0"": ""fixed"", ""1"": ""fixed"", ""2"": ""fixed"", ""3"": ""fixed""}","[0, 1, 2, 3, 4, 5, 6, 7, 8, 9, 10, 11, 12, 13, 14, 15]",[],[],False,full_key_unique,True,uf_axiom,
SB_0__MC_41,SB_0,MC_41,SB-MC,0,0,0,0,0,0,0,0,0,1,0,0,early_late_mixed,early_late_complementarity,SB_0__MC_41,2,128,2,differential,sat,unsat,0.006442839279770851,263.0875764451921,a66f651322597191ab9f8f8af4c2db61,a66f651322597191ab9f8f8af4c2db61,,True,sat,False,False,False,,"{""0"": ""fixed"", ""1"": ""fixed"", ""10"": ""fixed"", ""11"": ""fixed"", ""12"": ""fixed"", ""13"": ""fixed"", ""14"": ""fixed"", ""15"": ""fixed"", ""2"": ""fixed"", ""3"": ""fixed"", ""4"": ""fixed"", ""5"": ""fixed"", ""6"": ""fixed"", ""7"": ""fixed"", ""8"": ""fixed"", ""9"": ""fixed""}","{""0"": ""fixed"", ""1"": ""fixed"", ""2"": ""fixed"", ""3"": ""fixed""}","[0, 1, 2, 3, 4, 5, 6, 7, 8, 9, 10, 11, 12, 13, 14, 15]",[],[],False,full_key_unique,True,uf_axiom,
SB_0__SR_41,SB_0,SR_41,SB-SR,0,0,0,0,0,0,0,0,0,1,0,0,early_only,prior_weak_reproduction,SB_0__SR_41,2,192,2,differential,sat,sat,0.004299333319067955,199.35828232578933,a66f650000590091ab9f8f0000c2db61,a66f650000590091ab9f8f0000c2db61,a656650000590091ab9f8f0008c23a61,False,sat,False,False,False,,"{""0"": ""unknown"", ""1"": ""free"", ""10"": ""unknown"", ""11"": ""unknown"", ""12"": ""free"", ""13"": ""unknown"", ""14"": ""free"", ""15"": ""unknown"", ""2"": ""unknown"", ""3"": ""unknown"", ""4"": ""unknown"", ""5"": ""unknown"", ""6"": ""unknown"", ""7"": ""unknown"", ""8"": ""unknown"", ""9"": ""unknown""}","{""0"": ""free"", ""1"": ""free"", ""2"": ""unknown"", ""3"": ""free""}",[],"[1, 12, 14]","[0, 2, 3, 4, 5, 6, 7, 8, 9, 10, 11, 13, 15]",False,ambiguity,False,uf_axiom,
SR_0__SR_41,SR_0,SR_41,SR-SR,1,0,0,0,0,0,0,0,0,1,0,0,early_only,prior_weak_reproduction,SR_0__SR_41,2,192,2,differential,sat,sat,0.00420428067445755,204.84164382703602,a66f650000590091ab9f8f0000c2db61,a66f650000590091ab9f8f0000c2db61,a656650000590091ab9f8f0008c23a61,False,sat,False,False,False,,"{""0"": ""unknown"", ""1"": ""free"", ""10"": ""unknown"", ""11"": ""unknown"", ""12"": ""free"", ""13"": ""unknown"", ""14"": ""free"", ""15"": ""unknown"", ""2"": ""unknown"", ""3"": ""unknown"", ""4"": ""unknown"", ""5"": ""unknown"", ""6"": ""unknown"", ""7"": ""unknown"", ""8"": ""unknown"", ""9"": ""unknown""}","{""0"": ""free"", ""1"": ""free"", ""2"": ""unknown"", ""3"": ""free""}",[],"[1, 12, 14]","[0, 2, 3, 4, 5, 6, 7, 8, 9, 10, 11, 13, 15]",False,ambiguity,False,uf_axiom,
SR_0__MC_32,SR_0,MC_32,SR-MC,0,0,1,0,1,0,0,0,1,0,0,0,early_late_mixed,early_late_complementarity,SR_0__MC_32,2,128,2,differential,sat,unsat,0.010305708274245262,232.79052439518273,a66f651322597191ab9f8f8af4c2db61,a66f651322597191ab9f8f8af4c2db61,,True,sat,False,False,False,,"{""0"": ""fixed"", ""1"": ""fixed"", ""10"": ""fixed"", ""11"": ""fixed"", ""12"": ""fixed"", ""13"": ""fixed"", ""14"": ""fixed"", ""15"": ""fixed"", ""2"": ""fixed"", ""3"": ""fixed"", ""4"": ""fixed"", ""5"": ""fixed"", ""6"": ""fixed"", ""7"": ""fixed"", ""8"": ""fixed"", ""9"": ""fixed""}","{""0"": ""fixed"", ""1"": ""fixed"", ""2"": ""fixed"", ""3"": ""fixed""}","[0, 1, 2, 3, 4, 5, 6, 7, 8, 9, 10, 11, 12, 13, 14, 15]",[],[],False,full_key_unique,True,uf_axiom,
MC_0__ARK_1,MC_0,ARK_1,MC-ARK,0,1,1,1,0,0,0,0,0,0,0,0,late_only,prior_strong_reproduction,MC_0__ARK_1,0,96,2,differential,sat,unsat,0.004353383556008339,95.13162963837385,edf43a9a19e4a3f3bf1eec668bd00cf6,edf43a9a19e4a3f3bf1eec668bd00cf6,,True,sat,False,False,False,,"{""0"": ""fixed"", ""1"": ""fixed"", ""10"": ""fixed"", ""11"": ""fixed"", ""12"": ""fixed"", ""13"": ""fixed"", ""14"": ""fixed"", ""15"": ""fixed"", ""2"": ""fixed"", ""3"": ""fixed"", ""4"": ""fixed"", ""5"": ""fixed"", ""6"": ""fixed"", ""7"": ""fixed"", ""8"": ""fixed"", ""9"": ""fixed""}","{""0"": ""fixed"", ""1"": ""fixed"", ""2"": ""fixed"", ""3"": ""fixed""}","[0, 1, 2, 3, 4, 5, 6, 7, 8, 9, 10, 11, 12, 13, 14, 15]",[],[],False,full_key_unique,True,uf_axiom,
MC_0__MC_41,MC_0,MC_41,MC-MC,1,0,0,0,0,0,0,0,0,1,0,0,late_only,prior_strong_reproduction,MC_0__MC_41,0,96,2,differential,sat,unsat,0.00782877579331398,254.4465435128659,edf43a9a19e4a3f3bf1eec668bd00cf6,edf43a9a19e4a3f3bf1eec668bd00cf6,,True,sat,False,False,False,,"{""0"": ""fixed"", ""1"": ""fixed"", ""10"": ""fixed"", ""11"": ""fixed"", ""12"": ""fixed"", ""13"": ""fixed"", ""14"": ""fixed"", ""15"": ""fixed"", ""2"": ""fixed"", ""3"": ""fixed"", ""4"": ""fixed"", ""5"": ""fixed"", ""6"": ""fixed"", ""7"": ""fixed"", ""8"": ""fixed"", ""9"": ""fixed""}","{""0"": ""fixed"", ""1"": ""fixed"", ""2"": ""fixed"", ""3"": ""fixed""}","[0, 1, 2, 3, 4, 5, 6, 7, 8, 9, 10, 11, 12, 13, 14, 15]",[],[],False,full_key_unique,True,uf_axiom,
MC_0__MC_7,MC_0,MC_7,MC-MC,1,1,1,1,0,1,0,0,0,0,0,0,late_only,prior_strong_reproduction,MC_0__MC_7,2,128,2,differential,sat,unsat,0.006648454815149307,255.7664230596274,a66f651322597191ab9f8f8af4c2db61,a66f651322597191ab9f8f8af4c2db61,,True,sat,False,False,False,,"{""0"": ""fixed"", ""1"": ""fixed"", ""10"": ""fixed"", ""11"": ""fixed"", ""12"": ""fixed"", ""13"": ""fixed"", ""14"": ""fixed"", ""15"": ""fixed"", ""2"": ""fixed"", ""3"": ""fixed"", ""4"": ""fixed"", ""5"": ""fixed"", ""6"": ""fixed"", ""7"": ""fixed"", ""8"": ""fixed"", ""9"": ""fixed""}","{""0"": ""fixed"", ""1"": ""fixed"", ""2"": ""fixed"", ""3"": ""fixed""}","[0, 1, 2, 3, 4, 5, 6, 7, 8, 9, 10, 11, 12, 13, 14, 15]",[],[],False,full_key_unique,True,uf_axiom,
SB_0__MC_32,SB_0,MC_32,SB-MC,0,0,1,0,1,0,0,0,1,0,0,0,early_late_mixed,early_late_complementarity,SB_0__MC_32,2,128,2,differential,sat,unsat,0.006187105551362038,264.73781489394605,a66f651322597191ab9f8f8af4c2db61,a66f651322597191ab9f8f8af4c2db61,,True,sat,False,False,False,,"{""0"": ""fixed"", ""1"": ""fixed"", ""10"": ""fixed"", ""11"": ""fixed"", ""12"": ""fixed"", ""13"": ""fixed"", ""14"": ""fixed"", ""15"": ""fixed"", ""2"": ""fixed"", ""3"": ""fixed"", ""4"": ""fixed"", ""5"": ""fixed"", ""6"": ""fixed"", ""7"": ""fixed"", ""8"": ""fixed"", ""9"": ""fixed""}","{""0"": ""fixed"", ""1"": ""fixed"", ""2"": ""fixed"", ""3"": ""fixed""}","[0, 1, 2, 3, 4, 5, 6, 7, 8, 9, 10, 11, 12, 13, 14, 15]",[],[],False,full_key_unique,True,uf_axiom,
SR_0__MC_0,SR_0,MC_0,SR-MC,0,1,1,1,1,0,0,0,0,0,0,0,early_late_mixed,redundancy_test,SR_0__MC_0,0,192,2,differential,sat,unsat,0.013219369575381279,237.46622134000063,edf43a9a19e4a3f3bf1eec668bd00cf6,edf43a9a19e4a3f3bf1eec668bd00cf6,,True,sat,False,False,False,,"{""0"": ""fixed"", ""1"": ""fixed"", ""10"": ""fixed"", ""11"": ""fixed"", ""12"": ""fixed"", ""13"": ""fixed"", ""14"": ""fixed"", ""15"": ""fixed"", ""2"": ""fixed"", ""3"": ""fixed"", ""4"": ""fixed"", ""5"": ""fixed"", ""6"": ""fixed"", ""7"": ""fixed"", ""8"": ""fixed"", ""9"": ""fixed""}","{""0"": ""fixed"", ""1"": ""fixed"", ""2"": ""fixed"", ""3"": ""fixed""}","[0, 1, 2, 3, 4, 5, 6, 7, 8, 9, 10, 11, 12, 13, 14, 15]",[],[],False,full_key_unique,True,uf_axiom,
SB_0__MC_0,SB_0,MC_0,SB-MC,0,1,1,1,1,0,0,0,0,0,0,0,early_late_mixed,redundancy_test,SB_0__MC_0,0,192,2,differential,sat,unsat,0.007561119273304939,258.2902538757771,edf43a9a19e4a3f3bf1eec668bd00cf6,edf43a9a19e4a3f3bf1eec668bd00cf6,,True,sat,False,False,False,,"{""0"": ""fixed"", ""1"": ""fixed"", ""10"": ""fixed"", ""11"": ""fixed"", ""12"": ""fixed"", ""13"": ""fixed"", ""14"": ""fixed"", ""15"": ""fixed"", ""2"": ""fixed"", ""3"": ""fixed"", ""4"": ""fixed"", ""5"": ""fixed"", ""6"": ""fixed"", ""7"": ""fixed"", ""8"": ""fixed"", ""9"": ""fixed""}","{""0"": ""fixed"", ""1"": ""fixed"", ""2"": ""fixed"", ""3"": ""fixed""}","[0, 1, 2, 3, 4, 5, 6, 7, 8, 9, 10, 11, 12, 13, 14, 15]",[],[],False,full_key_unique,True,uf_axiom,
MC_0__MC_8,MC_0,MC_8,MC-MC,1,0,0,1,1,0,1,0,0,0,0,0,weak_same_column,weak_same_column,MC_0__MC_8,0,192,2,differential,sat,unsat,0.008494677022099495,171.0674253962934,edf43a9a19e4a3f3bf1eec668bd00cf6,edf43a9a19e4a3f3bf1eec668bd00cf6,,True,sat,False,False,False,,"{""0"": ""fixed"", ""1"": ""fixed"", ""10"": ""fixed"", ""11"": ""fixed"", ""12"": ""fixed"", ""13"": ""fixed"", ""14"": ""fixed"", ""15"": ""fixed"", ""2"": ""fixed"", ""3"": ""fixed"", ""4"": ""fixed"", ""5"": ""fixed"", ""6"": ""fixed"", ""7"": ""fixed"", ""8"": ""fixed"", ""9"": ""fixed""}","{""0"": ""fixed"", ""1"": ""fixed"", ""2"": ""fixed"", ""3"": ""fixed""}","[0, 1, 2, 3, 4, 5, 6, 7, 8, 9, 10, 11, 12, 13, 14, 15]",[],[],False,full_key_unique,True,uf_axiom,
MC_0__MC_7,MC_0,MC_7,MC-MC,1,1,1,1,0,1,0,0,0,0,0,0,late_only,prior_strong_reproduction,MC_0__MC_7,0,128,2,differential,sat,unsat,0.005212634801864624,224.38714667968452,edf43a9a19e4a3f3bf1eec668bd00cf6,edf43a9a19e4a3f3bf1eec668bd00cf6,,True,sat,False,False,False,,"{""0"": ""fixed"", ""1"": ""fixed"", ""10"": ""fixed"", ""11"": ""fixed"", ""12"": ""fixed"", ""13"": ""fixed"", ""14"": ""fixed"", ""15"": ""fixed"", ""2"": ""fixed"", ""3"": ""fixed"", ""4"": ""fixed"", ""5"": ""fixed"", ""6"": ""fixed"", ""7"": ""fixed"", ""8"": ""fixed"", ""9"": ""fixed""}","{""0"": ""fixed"", ""1"": ""fixed"", ""2"": ""fixed"", ""3"": ""fixed""}","[0, 1, 2, 3, 4, 5, 6, 7, 8, 9, 10, 11, 12, 13, 14, 15]",[],[],False,full_key_unique,True,uf_axiom,
MC_0__MC_32,MC_0,MC_32,MC-MC,1,0,1,0,1,0,0,0,1,0,0,0,late_only,prior_strong_reproduction,MC_0__MC_32,1,128,2,differential,sat,unsat,0.010926902294158936,47.07250720076263,99107579bc3c2c3b0d7a8a6fd1573606,99107579bc3c2c3b0d7a8a6fd1573606,,True,sat,False,False,False,,"{""0"": ""fixed"", ""1"": ""fixed"", ""10"": ""fixed"", ""11"": ""fixed"", ""12"": ""fixed"", ""13"": ""fixed"", ""14"": ""fixed"", ""15"": ""fixed"", ""2"": ""fixed"", ""3"": ""fixed"", ""4"": ""fixed"", ""5"": ""fixed"", ""6"": ""fixed"", ""7"": ""fixed"", ""8"": ""fixed"", ""9"": ""fixed""}","{""0"": ""fixed"", ""1"": ""fixed"", ""2"": ""fixed"", ""3"": ""fixed""}","[0, 1, 2, 3, 4, 5, 6, 7, 8, 9, 10, 11, 12, 13, 14, 15]",[],[],False,full_key_unique,True,uf_axiom,
MC_0__ARK_1,MC_0,ARK_1,MC-ARK,0,1,1,1,0,0,0,0,0,0,0,0,late_only,prior_strong_reproduction,MC_0__ARK_1,1,96,2,differential,sat,unsat,0.004398060962557793,104.16512868739665,99107579bc3c2c3b0d7a8a6fd1573606,99107579bc3c2c3b0d7a8a6fd1573606,,True,sat,False,False,False,,"{""0"": ""fixed"", ""1"": ""fixed"", ""10"": ""fixed"", ""11"": ""fixed"", ""12"": ""fixed"", ""13"": ""fixed"", ""14"": ""fixed"", ""15"": ""fixed"", ""2"": ""fixed"", ""3"": ""fixed"", ""4"": ""fixed"", ""5"": ""fixed"", ""6"": ""fixed"", ""7"": ""fixed"", ""8"": ""fixed"", ""9"": ""fixed""}","{""0"": ""fixed"", ""1"": ""fixed"", ""2"": ""fixed"", ""3"": ""fixed""}","[0, 1, 2, 3, 4, 5, 6, 7, 8, 9, 10, 11, 12, 13, 14, 15]",[],[],False,full_key_unique,True,uf_axiom,
SR_0__ARK_1,SR_0,ARK_1,SR-ARK,0,1,1,1,0,0,0,0,0,0,0,0,early_late_mixed,redundancy_test,SR_0__ARK_1,1,192,2,differential,sat,unsat,0.011230021715164185,158.33263963274658,99107579bc3c2c3b0d7a8a6fd1573606,99107579bc3c2c3b0d7a8a6fd1573606,,True,sat,False,False,False,,"{""0"": ""fixed"", ""1"": ""fixed"", ""10"": ""fixed"", ""11"": ""fixed"", ""12"": ""fixed"", ""13"": ""fixed"", ""14"": ""fixed"", ""15"": ""fixed"", ""2"": ""fixed"", ""3"": ""fixed"", ""4"": ""fixed"", ""5"": ""fixed"", ""6"": ""fixed"", ""7"": ""fixed"", ""8"": ""fixed"", ""9"": ""fixed""}","{""0"": ""fixed"", ""1"": ""fixed"", ""2"": ""fixed"", ""3"": ""fixed""}","[0, 1, 2, 3, 4, 5, 6, 7, 8, 9, 10, 11, 12, 13, 14, 15]",[],[],False,full_key_unique,True,uf_axiom,
SB_0__MC_1,SB_0,MC_1,SB-MC,0,1,1,1,0,0,0,0,0,0,0,0,early_late_mixed,redundancy_test,SB_0__MC_1,2,192,2,differential,sat,unsat,0.013147398829460144,276.1830548606813,a66f651322597191ab9f8f8af4c2db61,a66f651322597191ab9f8f8af4c2db61,,True,sat,False,False,False,,"{""0"": ""fixed"", ""1"": ""fixed"", ""10"": ""fixed"", ""11"": ""fixed"", ""12"": ""fixed"", ""13"": ""fixed"", ""14"": ""fixed"", ""15"": ""fixed"", ""2"": ""fixed"", ""3"": ""fixed"", ""4"": ""fixed"", ""5"": ""fixed"", ""6"": ""fixed"", ""7"": ""fixed"", ""8"": ""fixed"", ""9"": ""fixed""}","{""0"": ""fixed"", ""1"": ""fixed"", ""2"": ""fixed"", ""3"": ""fixed""}","[0, 1, 2, 3, 4, 5, 6, 7, 8, 9, 10, 11, 12, 13, 14, 15]",[],[],False,full_key_unique,True,uf_axiom,
SB_0__ARK_0,SB_0,ARK_0,SB-ARK,0,1,1,1,1,0,0,0,0,0,0,0,early_late_mixed,redundancy_test,SB_0__ARK_0,0,192,2,differential,sat,unsat,0.00734669528901577,377.1298134792596,edf43a9a19e4a3f3bf1eec668bd00cf6,edf43a9a19e4a3f3bf1eec668bd00cf6,,True,sat,False,False,False,,"{""0"": ""fixed"", ""1"": ""fixed"", ""10"": ""fixed"", ""11"": ""fixed"", ""12"": ""fixed"", ""13"": ""fixed"", ""14"": ""fixed"", ""15"": ""fixed"", ""2"": ""fixed"", ""3"": ""fixed"", ""4"": ""fixed"", ""5"": ""fixed"", ""6"": ""fixed"", ""7"": ""fixed"", ""8"": ""fixed"", ""9"": ""fixed""}","{""0"": ""fixed"", ""1"": ""fixed"", ""2"": ""fixed"", ""3"": ""fixed""}","[0, 1, 2, 3, 4, 5, 6, 7, 8, 9, 10, 11, 12, 13, 14, 15]",[],[],False,full_key_unique,True,uf_axiom,
SB_0__MC_0,SB_0,MC_0,SB-MC,0,1,1,1,1,0,0,0,0,0,0,0,early_late_mixed,redundancy_test,SB_0__MC_0,2,192,2,differential,sat,unsat,0.007587812840938568,332.59544956870377,a66f651322597191ab9f8f8af4c2db61,a66f651322597191ab9f8f8af4c2db61,,True,sat,False,False,False,,"{""0"": ""fixed"", ""1"": ""fixed"", ""10"": ""fixed"", ""11"": ""fixed"", ""12"": ""fixed"", ""13"": ""fixed"", ""14"": ""fixed"", ""15"": ""fixed"", ""2"": ""fixed"", ""3"": ""fixed"", ""4"": ""fixed"", ""5"": ""fixed"", ""6"": ""fixed"", ""7"": ""fixed"", ""8"": ""fixed"", ""9"": ""fixed""}","{""0"": ""fixed"", ""1"": ""fixed"", ""2"": ""fixed"", ""3"": ""fixed""}","[0, 1, 2, 3, 4, 5, 6, 7, 8, 9, 10, 11, 12, 13, 14, 15]",[],[],False,full_key_unique,True,uf_axiom,
SR_0__MC_1,SR_0,MC_1,SR-MC,0,1,1,1,0,0,0,0,0,0,0,0,early_late_mixed,redundancy_test,SR_0__MC_1,2,192,2,differential,sat,unsat,0.009112298488616943,284.021213112399,a66f651322597191ab9f8f8af4c2db61,a66f651322597191ab9f8f8af4c2db61,,True,sat,False,False,False,,"{""0"": ""fixed"", ""1"": ""fixed"", ""10"": ""fixed"", ""11"": ""fixed"", ""12"": ""fixed"", ""13"": ""fixed"", ""14"": ""fixed"", ""15"": ""fixed"", ""2"": ""fixed"", ""3"": ""fixed"", ""4"": ""fixed"", ""5"": ""fixed"", ""6"": ""fixed"", ""7"": ""fixed"", ""8"": ""fixed"", ""9"": ""fixed""}","{""0"": ""fixed"", ""1"": ""fixed"", ""2"": ""fixed"", ""3"": ""fixed""}","[0, 1, 2, 3, 4, 5, 6, 7, 8, 9, 10, 11, 12, 13, 14, 15]",[],[],False,full_key_unique,True,uf_axiom,
SB_0__ARK_1,SB_0,ARK_1,SB-ARK,0,1,1,1,0,0,0,0,0,0,0,0,early_late_mixed,redundancy_test,SB_0__ARK_1,1,192,2,differential,sat,unsat,0.00808802992105484,172.8863376043737,99107579bc3c2c3b0d7a8a6fd1573606,99107579bc3c2c3b0d7a8a6fd1573606,,True,sat,False,False,False,,"{""0"": ""fixed"", ""1"": ""fixed"", ""10"": ""fixed"", ""11"": ""fixed"", ""12"": ""fixed"", ""13"": ""fixed"", ""14"": ""fixed"", ""15"": ""fixed"", ""2"": ""fixed"", ""3"": ""fixed"", ""4"": ""fixed"", ""5"": ""fixed"", ""6"": ""fixed"", ""7"": ""fixed"", ""8"": ""fixed"", ""9"": ""fixed""}","{""0"": ""fixed"", ""1"": ""fixed"", ""2"": ""fixed"", ""3"": ""fixed""}","[0, 1, 2, 3, 4, 5, 6, 7, 8, 9, 10, 11, 12, 13, 14, 15]",[],[],False,full_key_unique,True,uf_axiom,
MC_0__ARK_0,MC_0,ARK_0,MC-ARK,0,1,1,1,1,0,0,0,0,0,0,1,redundant_late,redundancy_test,MC_0__ARK_0,1,192,2,differential,sat,unsat,0.007996439933776855,89.42510118708014,99107579bc3c2c3b0d7a8a6fd1573606,99107579bc3c2c3b0d7a8a6fd1573606,,True,sat,False,False,False,,"{""0"": ""fixed"", ""1"": ""fixed"", ""10"": ""fixed"", ""11"": ""fixed"", ""12"": ""fixed"", ""13"": ""fixed"", ""14"": ""fixed"", ""15"": ""fixed"", ""2"": ""fixed"", ""3"": ""fixed"", ""4"": ""fixed"", ""5"": ""fixed"", ""6"": ""fixed"", ""7"": ""fixed"", ""8"": ""fixed"", ""9"": ""fixed""}","{""0"": ""fixed"", ""1"": ""fixed"", ""2"": ""fixed"", ""3"": ""fixed""}","[0, 1, 2, 3, 4, 5, 6, 7, 8, 9, 10, 11, 12, 13, 14, 15]",[],[],False,full_key_unique,True,uf_axiom,
SR_0__ARK_0,SR_0,ARK_0,SR-ARK,0,1,1,1,1,0,0,0,0,0,0,0,early_late_mixed,redundancy_test,SR_0__ARK_0,1,192,2,differential,sat,unsat,0.007904907688498497,147.5510394219309,99107579bc3c2c3b0d7a8a6fd1573606,99107579bc3c2c3b0d7a8a6fd1573606,,True,sat,False,False,False,,"{""0"": ""fixed"", ""1"": ""fixed"", ""10"": ""fixed"", ""11"": ""fixed"", ""12"": ""fixed"", ""13"": ""fixed"", ""14"": ""fixed"", ""15"": ""fixed"", ""2"": ""fixed"", ""3"": ""fixed"", ""4"": ""fixed"", ""5"": ""fixed"", ""6"": ""fixed"", ""7"": ""fixed"", ""8"": ""fixed"", ""9"": ""fixed""}","{""0"": ""fixed"", ""1"": ""fixed"", ""2"": ""fixed"", ""3"": ""fixed""}","[0, 1, 2, 3, 4, 5, 6, 7, 8, 9, 10, 11, 12, 13, 14, 15]",[],[],False,full_key_unique,True,uf_axiom,
SB_0__ARK_0,SB_0,ARK_0,SB-ARK,0,1,1,1,1,0,0,0,0,0,0,0,early_late_mixed,redundancy_test,SB_0__ARK_0,1,192,2,differential,sat,unsat,0.007708853110671043,159.1625255290419,99107579bc3c2c3b0d7a8a6fd1573606,99107579bc3c2c3b0d7a8a6fd1573606,,True,sat,False,False,False,,"{""0"": ""fixed"", ""1"": ""fixed"", ""10"": ""fixed"", ""11"": ""fixed"", ""12"": ""fixed"", ""13"": ""fixed"", ""14"": ""fixed"", ""15"": ""fixed"", ""2"": ""fixed"", ""3"": ""fixed"", ""4"": ""fixed"", ""5"": ""fixed"", ""6"": ""fixed"", ""7"": ""fixed"", ""8"": ""fixed"", ""9"": ""fixed""}","{""0"": ""fixed"", ""1"": ""fixed"", ""2"": ""fixed"", ""3"": ""fixed""}","[0, 1, 2, 3, 4, 5, 6, 7, 8, 9, 10, 11, 12, 13, 14, 15]",[],[],False,full_key_unique,True,uf_axiom,
MC_0__MC_9,MC_0,MC_9,MC-MC,1,0,0,1,0,0,0,1,0,0,0,0,weak_same_column,weak_same_column,MC_0__MC_9,0,192,2,differential,sat,unsat,0.009076183661818504,208.10941647551954,edf43a9a19e4a3f3bf1eec668bd00cf6,edf43a9a19e4a3f3bf1eec668bd00cf6,,True,sat,False,False,False,,"{""0"": ""fixed"", ""1"": ""fixed"", ""10"": ""fixed"", ""11"": ""fixed"", ""12"": ""fixed"", ""13"": ""fixed"", ""14"": ""fixed"", ""15"": ""fixed"", ""2"": ""fixed"", ""3"": ""fixed"", ""4"": ""fixed"", ""5"": ""fixed"", ""6"": ""fixed"", ""7"": ""fixed"", ""8"": ""fixed"", ""9"": ""fixed""}","{""0"": ""fixed"", ""1"": ""fixed"", ""2"": ""fixed"", ""3"": ""fixed""}","[0, 1, 2, 3, 4, 5, 6, 7, 8, 9, 10, 11, 12, 13, 14, 15]",[],[],False,full_key_unique,True,uf_axiom,
SR_0__ARK_0,SR_0,ARK_0,SR-ARK,0,1,1,1,1,0,0,0,0,0,0,0,early_late_mixed,redundancy_test,SR_0__ARK_0,0,192,2,differential,sat,unsat,0.007694609463214874,409.97213263995945,edf43a9a19e4a3f3bf1eec668bd00cf6,edf43a9a19e4a3f3bf1eec668bd00cf6,,True,sat,False,False,False,,"{""0"": ""fixed"", ""1"": ""fixed"", ""10"": ""fixed"", ""11"": ""fixed"", ""12"": ""fixed"", ""13"": ""fixed"", ""14"": ""fixed"", ""15"": ""fixed"", ""2"": ""fixed"", ""3"": ""fixed"", ""4"": ""fixed"", ""5"": ""fixed"", ""6"": ""fixed"", ""7"": ""fixed"", ""8"": ""fixed"", ""9"": ""fixed""}","{""0"": ""fixed"", ""1"": ""fixed"", ""2"": ""fixed"", ""3"": ""fixed""}","[0, 1, 2, 3, 4, 5, 6, 7, 8, 9, 10, 11, 12, 13, 14, 15]",[],[],False,full_key_unique,True,uf_axiom,
SR_0__MC_0,SR_0,MC_0,SR-MC,0,1,1,1,1,0,0,0,0,0,0,0,early_late_mixed,redundancy_test,SR_0__MC_0,2,192,2,differential,sat,unsat,0.011344807222485542,385.675421519205,a66f651322597191ab9f8f8af4c2db61,a66f651322597191ab9f8f8af4c2db61,,True,sat,False,False,False,,"{""0"": ""fixed"", ""1"": ""fixed"", ""10"": ""fixed"", ""11"": ""fixed"", ""12"": ""fixed"", ""13"": ""fixed"", ""14"": ""fixed"", ""15"": ""fixed"", ""2"": ""fixed"", ""3"": ""fixed"", ""4"": ""fixed"", ""5"": ""fixed"", ""6"": ""fixed"", ""7"": ""fixed"", ""8"": ""fixed"", ""9"": ""fixed""}","{""0"": ""fixed"", ""1"": ""fixed"", ""2"": ""fixed"", ""3"": ""fixed""}","[0, 1, 2, 3, 4, 5, 6, 7, 8, 9, 10, 11, 12, 13, 14, 15]",[],[],False,full_key_unique,True,uf_axiom,
SR_0__MC_0,SR_0,MC_0,SR-MC,0,1,1,1,1,0,0,0,0,0,0,0,early_late_mixed,redundancy_test,SR_0__MC_0,1,192,2,differential,sat,unsat,0.007723197340965271,246.90589335933328,99107579bc3c2c3b0d7a8a6fd1573606,99107579bc3c2c3b0d7a8a6fd1573606,,True,sat,False,False,False,,"{""0"": ""fixed"", ""1"": ""fixed"", ""10"": ""fixed"", ""11"": ""fixed"", ""12"": ""fixed"", ""13"": ""fixed"", ""14"": ""fixed"", ""15"": ""fixed"", ""2"": ""fixed"", ""3"": ""fixed"", ""4"": ""fixed"", ""5"": ""fixed"", ""6"": ""fixed"", ""7"": ""fixed"", ""8"": ""fixed"", ""9"": ""fixed""}","{""0"": ""fixed"", ""1"": ""fixed"", ""2"": ""fixed"", ""3"": ""fixed""}","[0, 1, 2, 3, 4, 5, 6, 7, 8, 9, 10, 11, 12, 13, 14, 15]",[],[],False,full_key_unique,True,uf_axiom,
MC_0__ARK_1,MC_0,ARK_1,MC-ARK,0,1,1,1,0,0,0,0,0,0,0,0,late_only,prior_strong_reproduction,MC_0__ARK_1,2,96,2,differential,sat,unsat,0.0051480066031217575,279.1586283687502,a66f651322597191ab9f8f8af4c2db61,a66f651322597191ab9f8f8af4c2db61,,True,sat,False,False,False,,"{""0"": ""fixed"", ""1"": ""fixed"", ""10"": ""fixed"", ""11"": ""fixed"", ""12"": ""fixed"", ""13"": ""fixed"", ""14"": ""fixed"", ""15"": ""fixed"", ""2"": ""fixed"", ""3"": ""fixed"", ""4"": ""fixed"", ""5"": ""fixed"", ""6"": ""fixed"", ""7"": ""fixed"", ""8"": ""fixed"", ""9"": ""fixed""}","{""0"": ""fixed"", ""1"": ""fixed"", ""2"": ""fixed"", ""3"": ""fixed""}","[0, 1, 2, 3, 4, 5, 6, 7, 8, 9, 10, 11, 12, 13, 14, 15]",[],[],False,full_key_unique,True,uf_axiom,
SR_0__ARK_1,SR_0,ARK_1,SR-ARK,0,1,1,1,0,0,0,0,0,0,0,0,early_late_mixed,redundancy_test,SR_0__ARK_1,2,192,2,differential,sat,unsat,0.01131727546453476,396.03419919312,a66f651322597191ab9f8f8af4c2db61,a66f651322597191ab9f8f8af4c2db61,,True,sat,False,False,False,,"{""0"": ""fixed"", ""1"": ""fixed"", ""10"": ""fixed"", ""11"": ""fixed"", ""12"": ""fixed"", ""13"": ""fixed"", ""14"": ""fixed"", ""15"": ""fixed"", ""2"": ""fixed"", ""3"": ""fixed"", ""4"": ""fixed"", ""5"": ""fixed"", ""6"": ""fixed"", ""7"": ""fixed"", ""8"": ""fixed"", ""9"": ""fixed""}","{""0"": ""fixed"", ""1"": ""fixed"", ""2"": ""fixed"", ""3"": ""fixed""}","[0, 1, 2, 3, 4, 5, 6, 7, 8, 9, 10, 11, 12, 13, 14, 15]",[],[],False,full_key_unique,True,uf_axiom,
SB_0__MC_0,SB_0,MC_0,SB-MC,0,1,1,1,1,0,0,0,0,0,0,0,early_late_mixed,redundancy_test,SB_0__MC_0,1,192,2,differential,sat,unsat,0.008016213774681091,260.2611125856638,99107579bc3c2c3b0d7a8a6fd1573606,99107579bc3c2c3b0d7a8a6fd1573606,,True,sat,False,False,False,,"{""0"": ""fixed"", ""1"": ""fixed"", ""10"": ""fixed"", ""11"": ""fixed"", ""12"": ""fixed"", ""13"": ""fixed"", ""14"": ""fixed"", ""15"": ""fixed"", ""2"": ""fixed"", ""3"": ""fixed"", ""4"": ""fixed"", ""5"": ""fixed"", ""6"": ""fixed"", ""7"": ""fixed"", ""8"": ""fixed"", ""9"": ""fixed""}","{""0"": ""fixed"", ""1"": ""fixed"", ""2"": ""fixed"", ""3"": ""fixed""}","[0, 1, 2, 3, 4, 5, 6, 7, 8, 9, 10, 11, 12, 13, 14, 15]",[],[],False,full_key_unique,True,uf_axiom,
SB_7__SB_55,SB_7,SB_55,SB-SB,1,0,0,0,1,0,0,0,0,0,1,0,early_only,random_stratified_sample,SB_7__SB_55,0,128,2,differential,sat,sat,0.0025367438793182373,17.159667775034904,ed003a9a19e4a300001eec0000d00cf6,ed003a9a19e4a300001eec0000d00cf6,ed006ce8d5e4a30000ffec0000d02df6,False,sat,False,False,False,,"{""0"": ""fixed"", ""1"": ""free"", ""10"": ""unknown"", ""11"": ""unknown"", ""12"": ""unknown"", ""13"": ""unknown"", ""14"": ""free"", ""15"": ""unknown"", ""2"": ""free"", ""3"": ""free"", ""4"": ""free"", ""5"": ""unknown"", ""6"": ""unknown"", ""7"": ""unknown"", ""8"": ""unknown"", ""9"": ""free""}","{""0"": ""free"", ""1"": ""free"", ""2"": ""free"", ""3"": ""free""}",[0],"[1, 2, 3, 4, 9, 14]","[5, 6, 7, 8, 10, 11, 12, 13, 15]",False,ambiguity,False,uf_axiom,
MC_0__MC_24,MC_0,MC_24,MC-MC,1,0,0,1,1,0,1,0,0,0,0,0,weak_same_column,weak_same_column,MC_0__MC_24,2,192,2,differential,sat,unsat,0.008299192413687706,337.0158145260066,a66f651322597191ab9f8f8af4c2db61,a66f651322597191ab9f8f8af4c2db61,,True,sat,False,False,False,,"{""0"": ""fixed"", ""1"": ""fixed"", ""10"": ""fixed"", ""11"": ""fixed"", ""12"": ""fixed"", ""13"": ""fixed"", ""14"": ""fixed"", ""15"": ""fixed"", ""2"": ""fixed"", ""3"": ""fixed"", ""4"": ""fixed"", ""5"": ""fixed"", ""6"": ""fixed"", ""7"": ""fixed"", ""8"": ""fixed"", ""9"": ""fixed""}","{""0"": ""fixed"", ""1"": ""fixed"", ""2"": ""fixed"", ""3"": ""fixed""}","[0, 1, 2, 3, 4, 5, 6, 7, 8, 9, 10, 11, 12, 13, 14, 15]",[],[],False,full_key_unique,True,uf_axiom,
MC_0__MC_41,MC_0,MC_41,MC-MC,1,0,0,0,0,0,0,0,0,1,0,0,late_only,prior_strong_reproduction,MC_0__MC_41,1,128,2,differential,sat,unsat,0.012682070955634117,110.90252666547894,99107579bc3c2c3b0d7a8a6fd1573606,99107579bc3c2c3b0d7a8a6fd1573606,,True,sat,False,False,False,,"{""0"": ""fixed"", ""1"": ""fixed"", ""10"": ""fixed"", ""11"": ""fixed"", ""12"": ""fixed"", ""13"": ""fixed"", ""14"": ""fixed"", ""15"": ""fixed"", ""2"": ""fixed"", ""3"": ""fixed"", ""4"": ""fixed"", ""5"": ""fixed"", ""6"": ""fixed"", ""7"": ""fixed"", ""8"": ""fixed"", ""9"": ""fixed""}","{""0"": ""fixed"", ""1"": ""fixed"", ""2"": ""fixed"", ""3"": ""fixed""}","[0, 1, 2, 3, 4, 5, 6, 7, 8, 9, 10, 11, 12, 13, 14, 15]",[],[],False,full_key_unique,True,uf_axiom,
SB_7__SB_55,SB_7,SB_55,SB-SB,1,0,0,0,1,0,0,0,0,0,1,0,early_only,random_stratified_sample,SB_7__SB_55,1,128,2,differential,sat,sat,0.0022614356130361557,48.14815074019134,99007579bc3c2c00007a8a0000573606,99007579bc3c2c00007a8a0000573606,9900ba50e4392c000024a60000e3f206,False,sat,False,False,False,,"{""0"": ""fixed"", ""1"": ""unknown"", ""10"": ""free"", ""11"": ""unknown"", ""12"": ""unknown"", ""13"": ""free"", ""14"": ""free"", ""15"": ""unknown"", ""2"": ""free"", ""3"": ""free"", ""4"": ""free"", ""5"": ""free"", ""6"": ""unknown"", ""7"": ""unknown"", ""8"": ""unknown"", ""9"": ""free""}","{""0"": ""free"", ""1"": ""free"", ""2"": ""free"", ""3"": ""free""}",[0],"[2, 3, 4, 5, 9, 10, 13, 14]","[1, 6, 7, 8, 11, 12, 15]",False,ambiguity,False,uf_axiom,
SB_0__MC_1,SB_0,MC_1,SB-MC,0,1,1,1,0,0,0,0,0,0,0,0,early_late_mixed,redundancy_test,SB_0__MC_1,1,192,2,differential,sat,unsat,0.008154083043336868,489.46350208483636,99107579bc3c2c3b0d7a8a6fd1573606,99107579bc3c2c3b0d7a8a6fd1573606,,True,sat,False,False,False,,"{""0"": ""fixed"", ""1"": ""fixed"", ""10"": ""fixed"", ""11"": ""fixed"", ""12"": ""fixed"", ""13"": ""fixed"", ""14"": ""fixed"", ""15"": ""fixed"", ""2"": ""fixed"", ""3"": ""fixed"", ""4"": ""fixed"", ""5"": ""fixed"", ""6"": ""fixed"", ""7"": ""fixed"", ""8"": ""fixed"", ""9"": ""fixed""}","{""0"": ""fixed"", ""1"": ""fixed"", ""2"": ""fixed"", ""3"": ""fixed""}","[0, 1, 2, 3, 4, 5, 6, 7, 8, 9, 10, 11, 12, 13, 14, 15]",[],[],False,full_key_unique,True,uf_axiom,
SR_0__MC_1,SR_0,MC_1,SR-MC,0,1,1,1,0,0,0,0,0,0,0,0,early_late_mixed,redundancy_test,SR_0__MC_1,0,192,2,differential,sat,unsat,0.008212096989154816,341.72282366268337,edf43a9a19e4a3f3bf1eec668bd00cf6,edf43a9a19e4a3f3bf1eec668bd00cf6,,True,sat,False,False,False,,"{""0"": ""fixed"", ""1"": ""fixed"", ""10"": ""fixed"", ""11"": ""fixed"", ""12"": ""fixed"", ""13"": ""fixed"", ""14"": ""fixed"", ""15"": ""fixed"", ""2"": ""fixed"", ""3"": ""fixed"", ""4"": ""fixed"", ""5"": ""fixed"", ""6"": ""fixed"", ""7"": ""fixed"", ""8"": ""fixed"", ""9"": ""fixed""}","{""0"": ""fixed"", ""1"": ""fixed"", ""2"": ""fixed"", ""3"": ""fixed""}","[0, 1, 2, 3, 4, 5, 6, 7, 8, 9, 10, 11, 12, 13, 14, 15]",[],[],False,full_key_unique,True,uf_axiom,
SB_0__MC_1,SB_0,MC_1,SB-MC,0,1,1,1,0,0,0,0,0,0,0,0,early_late_mixed,redundancy_test,SB_0__MC_1,0,192,2,differential,sat,unsat,0.00904378853738308,355.0210170391947,edf43a9a19e4a3f3bf1eec668bd00cf6,edf43a9a19e4a3f3bf1eec668bd00cf6,,True,sat,False,False,False,,"{""0"": ""fixed"", ""1"": ""fixed"", ""10"": ""fixed"", ""11"": ""fixed"", ""12"": ""fixed"", ""13"": ""fixed"", ""14"": ""fixed"", ""15"": ""fixed"", ""2"": ""fixed"", ""3"": ""fixed"", ""4"": ""fixed"", ""5"": ""fixed"", ""6"": ""fixed"", ""7"": ""fixed"", ""8"": ""fixed"", ""9"": ""fixed""}","{""0"": ""fixed"", ""1"": ""fixed"", ""2"": ""fixed"", ""3"": ""fixed""}","[0, 1, 2, 3, 4, 5, 6, 7, 8, 9, 10, 11, 12, 13, 14, 15]",[],[],False,full_key_unique,True,uf_axiom,
SB_0__ARK_1,SB_0,ARK_1,SB-ARK,0,1,1,1,0,0,0,0,0,0,0,0,early_late_mixed,redundancy_test,SB_0__ARK_1,2,192,2,differential,sat,unsat,0.008491361513733864,455.0367039013654,a66f651322597191ab9f8f8af4c2db61,a66f651322597191ab9f8f8af4c2db61,,True,sat,False,False,False,,"{""0"": ""fixed"", ""1"": ""fixed"", ""10"": ""fixed"", ""11"": ""fixed"", ""12"": ""fixed"", ""13"": ""fixed"", ""14"": ""fixed"", ""15"": ""fixed"", ""2"": ""fixed"", ""3"": ""fixed"", ""4"": ""fixed"", ""5"": ""fixed"", ""6"": ""fixed"", ""7"": ""fixed"", ""8"": ""fixed"", ""9"": ""fixed""}","{""0"": ""fixed"", ""1"": ""fixed"", ""2"": ""fixed"", ""3"": ""fixed""}","[0, 1, 2, 3, 4, 5, 6, 7, 8, 9, 10, 11, 12, 13, 14, 15]",[],[],False,full_key_unique,True,uf_axiom,
MC_0__ARK_8,MC_0,ARK_8,MC-ARK,0,0,0,1,1,0,1,0,0,0,0,0,weak_same_column,prior_strong_reproduction,MC_0__ARK_8,2,128,2,differential,sat,unsat,0.005339952185750008,187.56490074284375,a66f651322597191ab9f8f8af4c2db61,a66f651322597191ab9f8f8af4c2db61,,True,sat,False,False,False,,"{""0"": ""fixed"", ""1"": ""fixed"", ""10"": ""fixed"", ""11"": ""fixed"", ""12"": ""fixed"", ""13"": ""fixed"", ""14"": ""fixed"", ""15"": ""fixed"", ""2"": ""fixed"", ""3"": ""fixed"", ""4"": ""fixed"", ""5"": ""fixed"", ""6"": ""fixed"", ""7"": ""fixed"", ""8"": ""fixed"", ""9"": ""fixed""}","{""0"": ""fixed"", ""1"": ""fixed"", ""2"": ""fixed"", ""3"": ""fixed""}","[0, 1, 2, 3, 4, 5, 6, 7, 8, 9, 10, 11, 12, 13, 14, 15]",[],[],False,full_key_unique,True,uf_axiom,
SR_0__MC_1,SR_0,MC_1,SR-MC,0,1,1,1,0,0,0,0,0,0,0,0,early_late_mixed,redundancy_test,SR_0__MC_1,1,192,2,differential,sat,unsat,0.007950330153107643,549.3997810874134,99107579bc3c2c3b0d7a8a6fd1573606,99107579bc3c2c3b0d7a8a6fd1573606,,True,sat,False,False,False,,"{""0"": ""fixed"", ""1"": ""fixed"", ""10"": ""fixed"", ""11"": ""fixed"", ""12"": ""fixed"", ""13"": ""fixed"", ""14"": ""fixed"", ""15"": ""fixed"", ""2"": ""fixed"", ""3"": ""fixed"", ""4"": ""fixed"", ""5"": ""fixed"", ""6"": ""fixed"", ""7"": ""fixed"", ""8"": ""fixed"", ""9"": ""fixed""}","{""0"": ""fixed"", ""1"": ""fixed"", ""2"": ""fixed"", ""3"": ""fixed""}","[0, 1, 2, 3, 4, 5, 6, 7, 8, 9, 10, 11, 12, 13, 14, 15]",[],[],False,full_key_unique,True,uf_axiom,
SB_19__SB_36,SB_19,SB_36,SB-SB,1,0,0,0,0,0,0,0,0,0,1,0,early_only,random_stratified_sample,SB_19__SB_36,2,128,2,differential,sat,sat,0.002329248934984207,55.39214659109712,a600651322590000009f8f0000c2db61,a600651322590000009f8f0000c2db61,a880651322ee000000ee52000014d331,False,sat,False,False,False,,"{""0"": ""free"", ""1"": ""free"", ""10"": ""free"", ""11"": ""unknown"", ""12"": ""unknown"", ""13"": ""free"", ""14"": ""free"", ""15"": ""free"", ""2"": ""fixed"", ""3"": ""fixed"", ""4"": ""fixed"", ""5"": ""free"", ""6"": ""unknown"", ""7"": ""unknown"", ""8"": ""unknown"", ""9"": ""free""}","{""0"": ""free"", ""1"": ""free"", ""2"": ""free"", ""3"": ""free""}","[2, 3, 4]","[0, 1, 5, 9, 10, 13, 14, 15]","[6, 7, 8, 11, 12]",False,ambiguity,False,uf_axiom,
ARK_0__ARK_1,ARK_0,ARK_1,ARK-ARK,1,1,1,1,0,0,0,0,0,0,0,0,late_only,prior_strong_reproduction,ARK_0__ARK_1,0,96,2,differential,sat,unsat,0.006945544853806496,242.96772974543273,edf43a9a19e4a3f3bf1eec668bd00cf6,edf43a9a19e4a3f3bf1eec668bd00cf6,,True,sat,False,False,False,,"{""0"": ""fixed"", ""1"": ""fixed"", ""10"": ""fixed"", ""11"": ""fixed"", ""12"": ""fixed"", ""13"": ""fixed"", ""14"": ""fixed"", ""15"": ""fixed"", ""2"": ""fixed"", ""3"": ""fixed"", ""4"": ""fixed"", ""5"": ""fixed"", ""6"": ""fixed"", ""7"": ""fixed"", ""8"": ""fixed"", ""9"": ""fixed""}","{""0"": ""fixed"", ""1"": ""fixed"", ""2"": ""fixed"", ""3"": ""fixed""}","[0, 1, 2, 3, 4, 5, 6, 7, 8, 9, 10, 11, 12, 13, 14, 15]",[],[],False,full_key_unique,True,uf_axiom,
MC_0__ARK_9,MC_0,ARK_9,MC-ARK,0,0,0,1,0,0,0,1,0,0,0,0,weak_same_column,weak_same_column,MC_0__ARK_9,0,128,2,differential,sat,unsat,0.006340796127915382,158.4690812267363,edf43a9a19e4a3f3bf1eec668bd00cf6,edf43a9a19e4a3f3bf1eec668bd00cf6,,True,sat,False,False,False,,"{""0"": ""fixed"", ""1"": ""fixed"", ""10"": ""fixed"", ""11"": ""fixed"", ""12"": ""fixed"", ""13"": ""fixed"", ""14"": ""fixed"", ""15"": ""fixed"", ""2"": ""fixed"", ""3"": ""fixed"", ""4"": ""fixed"", ""5"": ""fixed"", ""6"": ""fixed"", ""7"": ""fixed"", ""8"": ""fixed"", ""9"": ""fixed""}","{""0"": ""fixed"", ""1"": ""fixed"", ""2"": ""fixed"", ""3"": ""fixed""}","[0, 1, 2, 3, 4, 5, 6, 7, 8, 9, 10, 11, 12, 13, 14, 15]",[],[],False,full_key_unique,True,uf_axiom,
SB_1__SB_82,SB_1,SB_82,SB-SB,1,0,0,0,0,0,0,0,0,0,1,0,early_only,random_stratified_sample,SB_1__SB_82,1,128,2,differential,sat,sat,0.002513069659471512,100.88122623227537,99007500003c2c3b0d008a0000570006,99007500003c2c3b0d008a0000570006,99007500003cf93b6a008a0000570006,False,sat,False,False,False,,"{""0"": ""unknown"", ""1"": ""unknown"", ""10"": ""unknown"", ""11"": ""unknown"", ""12"": ""unknown"", ""13"": ""unknown"", ""14"": ""unknown"", ""15"": ""unknown"", ""2"": ""unknown"", ""3"": ""unknown"", ""4"": ""unknown"", ""5"": ""unknown"", ""6"": ""free"", ""7"": ""unknown"", ""8"": ""free"", ""9"": ""unknown""}","{""0"": ""unknown"", ""1"": ""free"", ""2"": ""free"", ""3"": ""unknown""}",[],"[6, 8]","[0, 1, 2, 3, 4, 5, 7, 9, 10, 11, 12, 13, 14, 15]",False,ambiguity,False,uf_axiom,
SR_0__ARK_0,SR_0,ARK_0,SR-ARK,0,1,1,1,1,0,0,0,0,0,0,0,early_late_mixed,redundancy_test,SR_0__ARK_0,2,192,2,differential,sat,unsat,0.008060548454523087,551.7693764269352,a66f651322597191ab9f8f8af4c2db61,a66f651322597191ab9f8f8af4c2db61,,True,sat,False,False,False,,"{""0"": ""fixed"", ""1"": ""fixed"", ""10"": ""fixed"", ""11"": ""fixed"", ""12"": ""fixed"", ""13"": ""fixed"", ""14"": ""fixed"", ""15"": ""fixed"", ""2"": ""fixed"", ""3"": ""fixed"", ""4"": ""fixed"", ""5"": ""fixed"", ""6"": ""fixed"", ""7"": ""fixed"", ""8"": ""fixed"", ""9"": ""fixed""}","{""0"": ""fixed"", ""1"": ""fixed"", ""2"": ""fixed"", ""3"": ""fixed""}","[0, 1, 2, 3, 4, 5, 6, 7, 8, 9, 10, 11, 12, 13, 14, 15]",[],[],False,full_key_unique,True,uf_axiom,
MC_0__ARK_32,MC_0,ARK_32,MC-ARK,0,0,1,0,1,0,0,0,1,0,0,0,late_only,prior_strong_reproduction,MC_0__ARK_32,0,96,2,differential,sat,unsat,0.007159702479839325,86.5912441983819,edf43a9a19e4a3f3bf1eec668bd00cf6,edf43a9a19e4a3f3bf1eec668bd00cf6,,True,sat,False,False,False,,"{""0"": ""fixed"", ""1"": ""fixed"", ""10"": ""fixed"", ""11"": ""fixed"", ""12"": ""fixed"", ""13"": ""fixed"", ""14"": ""fixed"", ""15"": ""fixed"", ""2"": ""fixed"", ""3"": ""fixed"", ""4"": ""fixed"", ""5"": ""fixed"", ""6"": ""fixed"", ""7"": ""fixed"", ""8"": ""fixed"", ""9"": ""fixed""}","{""0"": ""fixed"", ""1"": ""fixed"", ""2"": ""fixed"", ""3"": ""fixed""}","[0, 1, 2, 3, 4, 5, 6, 7, 8, 9, 10, 11, 12, 13, 14, 15]",[],[],False,full_key_unique,True,uf_axiom,
MC_0__ARK_8,MC_0,ARK_8,MC-ARK,0,0,0,1,1,0,1,0,0,0,0,0,weak_same_column,prior_strong_reproduction,MC_0__ARK_8,1,128,2,differential,sat,unsat,0.0053949132561683655,134.83282233588398,99107579bc3c2c3b0d7a8a6fd1573606,99107579bc3c2c3b0d7a8a6fd1573606,,True,sat,False,False,False,,"{""0"": ""fixed"", ""1"": ""fixed"", ""10"": ""fixed"", ""11"": ""fixed"", ""12"": ""fixed"", ""13"": ""fixed"", ""14"": ""fixed"", ""15"": ""fixed"", ""2"": ""fixed"", ""3"": ""fixed"", ""4"": ""fixed"", ""5"": ""fixed"", ""6"": ""fixed"", ""7"": ""fixed"", ""8"": ""fixed"", ""9"": ""fixed""}","{""0"": ""fixed"", ""1"": ""fixed"", ""2"": ""fixed"", ""3"": ""fixed""}","[0, 1, 2, 3, 4, 5, 6, 7, 8, 9, 10, 11, 12, 13, 14, 15]",[],[],False,full_key_unique,True,uf_axiom,
ARK_0__ARK_1,ARK_0,ARK_1,ARK-ARK,1,1,1,1,0,0,0,0,0,0,0,0,late_only,prior_strong_reproduction,ARK_0__ARK_1,2,96,2,differential,sat,unsat,0.0044589564204216,156.5798668395728,a66f651322597191ab9f8f8af4c2db61,a66f651322597191ab9f8f8af4c2db61,,True,sat,False,False,False,,"{""0"": ""fixed"", ""1"": ""fixed"", ""10"": ""fixed"", ""11"": ""fixed"", ""12"": ""fixed"", ""13"": ""fixed"", ""14"": ""fixed"", ""15"": ""fixed"", ""2"": ""fixed"", ""3"": ""fixed"", ""4"": ""fixed"", ""5"": ""fixed"", ""6"": ""fixed"", ""7"": ""fixed"", ""8"": ""fixed"", ""9"": ""fixed""}","{""0"": ""fixed"", ""1"": ""fixed"", ""2"": ""fixed"", ""3"": ""fixed""}","[0, 1, 2, 3, 4, 5, 6, 7, 8, 9, 10, 11, 12, 13, 14, 15]",[],[],False,full_key_unique,True,uf_axiom,
SB_63__SB_96,SB_63,SB_96,SB-SB,1,0,0,0,0,0,0,0,0,0,1,0,early_only,random_stratified_sample,SB_63__SB_96,0,128,2,differential,sat,sat,0.002480132505297661,215.38790663518012,edf4009a1900a3f3bf1e00668bd00c00,edf4009a1900a3f3bf1e00668bd00c00,db1b00a37100a3618c1700688b57a100,False,sat,False,False,False,,"{""0"": ""free"", ""1"": ""free"", ""10"": ""unknown"", ""11"": ""free"", ""12"": ""unknown"", ""13"": ""free"", ""14"": ""free"", ""15"": ""unknown"", ""2"": ""free"", ""3"": ""free"", ""4"": ""free"", ""5"": ""free"", ""6"": ""unknown"", ""7"": ""free"", ""8"": ""free"", ""9"": ""free""}","{""0"": ""free"", ""1"": ""free"", ""2"": ""free"", ""3"": ""free""}",[],"[0, 1, 2, 3, 4, 5, 7, 8, 9, 11, 13, 14]","[6, 10, 12, 15]",False,ambiguity,False,uf_axiom,
SB_19__SB_36,SB_19,SB_36,SB-SB,1,0,0,0,0,0,0,0,0,0,1,0,early_only,random_stratified_sample,SB_19__SB_36,1,128,2,differential,sat,sat,0.0029478538781404495,180.87323055788875,99007579bc3c0000007a8a0000573606,99007579bc3c0000007a8a0000573606,9900752ab13c000002198a00005d2606,False,sat,False,False,False,,"{""0"": ""unknown"", ""1"": ""unknown"", ""10"": ""unknown"", ""11"": ""unknown"", ""12"": ""unknown"", ""13"": ""free"", ""14"": ""free"", ""15"": ""unknown"", ""2"": ""unknown"", ""3"": ""free"", ""4"": ""free"", ""5"": ""unknown"", ""6"": ""unknown"", ""7"": ""unknown"", ""8"": ""free"", ""9"": ""free""}","{""0"": ""free"", ""1"": ""free"", ""2"": ""free"", ""3"": ""free""}",[],"[3, 4, 8, 9, 13, 14]","[0, 1, 2, 5, 6, 7, 10, 11, 12, 15]",False,ambiguity,False,uf_axiom,
SB_63__SB_96,SB_63,SB_96,SB-SB,1,0,0,0,0,0,0,0,0,0,1,0,early_only,random_stratified_sample,SB_63__SB_96,1,128,2,differential,sat,sat,0.003221772611141205,199.6474357675761,99100079bc002c3b0d7a006fd1573600,99100079bc002c3b0d7a006fd1573600,629b00ccdd002c3b1437006fd1f1fb00,False,sat,False,False,False,,"{""0"": ""free"", ""1"": ""free"", ""10"": ""unknown"", ""11"": ""unknown"", ""12"": ""unknown"", ""13"": ""free"", ""14"": ""free"", ""15"": ""unknown"", ""2"": ""free"", ""3"": ""free"", ""4"": ""free"", ""5"": ""free"", ""6"": ""unknown"", ""7"": ""unknown"", ""8"": ""free"", ""9"": ""free""}","{""0"": ""free"", ""1"": ""free"", ""2"": ""free"", ""3"": ""free""}",[],"[0, 1, 2, 3, 4, 5, 8, 9, 13, 14]","[6, 7, 10, 11, 12, 15]",False,ambiguity,False,uf_axiom,
SR_0__MC_41,SR_0,MC_41,SR-MC,0,0,0,0,0,0,0,0,0,1,0,0,early_late_mixed,early_late_complementarity,SR_0__MC_41,1,192,2,differential,sat,unsat,0.010417712852358818,464.65738926269114,99107579bc3c2c3b0d7a8a6fd1573606,99107579bc3c2c3b0d7a8a6fd1573606,,True,sat,False,False,False,,"{""0"": ""fixed"", ""1"": ""fixed"", ""10"": ""fixed"", ""11"": ""fixed"", ""12"": ""fixed"", ""13"": ""fixed"", ""14"": ""fixed"", ""15"": ""fixed"", ""2"": ""fixed"", ""3"": ""fixed"", ""4"": ""fixed"", ""5"": ""fixed"", ""6"": ""fixed"", ""7"": ""fixed"", ""8"": ""fixed"", ""9"": ""fixed""}","{""0"": ""fixed"", ""1"": ""fixed"", ""2"": ""fixed"", ""3"": ""fixed""}","[0, 1, 2, 3, 4, 5, 6, 7, 8, 9, 10, 11, 12, 13, 14, 15]",[],[],False,full_key_unique,True,uf_axiom,
SB_6__SB_103,SB_6,SB_103,SB-SB,1,0,1,0,0,0,0,0,1,0,0,0,early_only,random_stratified_sample,SB_6__SB_103,1,128,2,differential,sat,sat,0.004501732066273689,15.231885317713022,99100000bc3c2c000d008a6fd1570006,99100000bc3c2c000d008a6fd1570006,99ee0001232540000000ec6fd1f00006,False,sat,False,False,False,,"{""0"": ""fixed"", ""1"": ""free"", ""10"": ""free"", ""11"": ""fixed"", ""12"": ""fixed"", ""13"": ""free"", ""14"": ""free"", ""15"": ""fixed"", ""2"": ""free"", ""3"": ""free"", ""4"": ""free"", ""5"": ""free"", ""6"": ""free"", ""7"": ""free"", ""8"": ""free"", ""9"": ""free""}","{""0"": ""free"", ""1"": ""free"", ""2"": ""free"", ""3"": ""free""}","[0, 11, 12, 15]","[1, 2, 3, 4, 5, 6, 7, 8, 9, 10, 13, 14]",[],False,ambiguity,False,uf_axiom,
SB_6__SB_103,SB_6,SB_103,SB-SB,1,0,1,0,0,0,0,0,1,0,0,0,early_only,random_stratified_sample,SB_6__SB_103,2,128,2,differential,sat,sat,0.0020428206771612167,44.15191034786403,a66f000022597100ab008f8af4c20061,a66f000022597100ab008f8af4c20061,431f0000c8817c00c0004fa2f4d70031,False,sat,False,False,False,,"{""0"": ""free"", ""1"": ""free"", ""10"": ""free"", ""11"": ""free"", ""12"": ""fixed"", ""13"": ""free"", ""14"": ""unknown"", ""15"": ""free"", ""2"": ""free"", ""3"": ""free"", ""4"": ""free"", ""5"": ""free"", ""6"": ""free"", ""7"": ""free"", ""8"": ""free"", ""9"": ""free""}","{""0"": ""free"", ""1"": ""free"", ""2"": ""free"", ""3"": ""free""}",[12],"[0, 1, 2, 3, 4, 5, 6, 7, 8, 9, 10, 11, 13, 15]",[14],False,ambiguity,False,uf_axiom,
SB_6__SB_103,SB_6,SB_103,SB-SB,1,0,1,0,0,0,0,0,1,0,0,0,early_only,random_stratified_sample,SB_6__SB_103,0,128,2,differential,sat,sat,0.0032077189534902573,21.043866246938705,edf4000019e4a300bf00ec668bd000f6,edf4000019e4a300bf00ec668bd000f6,ed6a00009ce43d000200ec17a4da00bc,False,sat,False,False,False,,"{""0"": ""fixed"", ""1"": ""free"", ""10"": ""unknown"", ""11"": ""free"", ""12"": ""free"", ""13"": ""free"", ""14"": ""unknown"", ""15"": ""free"", ""2"": ""free"", ""3"": ""free"", ""4"": ""free"", ""5"": ""fixed"", ""6"": ""free"", ""7"": ""unknown"", ""8"": ""free"", ""9"": ""unknown""}","{""0"": ""free"", ""1"": ""free"", ""2"": ""free"", ""3"": ""free""}","[0, 5]","[1, 2, 3, 4, 6, 8, 11, 12, 13, 15]","[7, 9, 10, 14]",False,ambiguity,False,uf_axiom,
SB_1__SB_82,SB_1,SB_82,SB-SB,1,0,0,0,0,0,0,0,0,0,1,0,early_only,random_stratified_sample,SB_1__SB_82,0,128,2,differential,sat,sat,0.0025828611105680466,134.45442046783864,ed003a0000e4a3f3bf00ec0000d000f6,ed003a0000e4a3f3bf00ec0000d000f6,ed003a0000e4a3f3bf08ec0000d000f6,False,sat,False,False,False,,"{""0"": ""fixed"", ""1"": ""free"", ""10"": ""unknown"", ""11"": ""unknown"", ""12"": ""unknown"", ""13"": ""unknown"", ""14"": ""unknown"", ""15"": ""unknown"", ""2"": ""unknown"", ""3"": ""unknown"", ""4"": ""unknown"", ""5"": ""unknown"", ""6"": ""unknown"", ""7"": ""unknown"", ""8"": ""unknown"", ""9"": ""free""}","{""0"": ""free"", ""1"": ""free"", ""2"": ""free"", ""3"": ""free""}",[0],"[1, 9]","[2, 3, 4, 5, 6, 7, 8, 10, 11, 12, 13, 14, 15]",False,ambiguity,False,uf_axiom,
MC_0__ARK_32,MC_0,ARK_32,MC-ARK,0,0,1,0,1,0,0,0,1,0,0,0,late_only,prior_strong_reproduction,MC_0__ARK_32,1,96,2,differential,sat,unsat,0.007590387016534805,32.97637099772692,99107579bc3c2c3b0d7a8a6fd1573606,99107579bc3c2c3b0d7a8a6fd1573606,,True,sat,False,False,False,,"{""0"": ""fixed"", ""1"": ""fixed"", ""10"": ""fixed"", ""11"": ""fixed"", ""12"": ""fixed"", ""13"": ""fixed"", ""14"": ""fixed"", ""15"": ""fixed"", ""2"": ""fixed"", ""3"": ""fixed"", ""4"": ""fixed"", ""5"": ""fixed"", ""6"": ""fixed"", ""7"": ""fixed"", ""8"": ""fixed"", ""9"": ""fixed""}","{""0"": ""fixed"", ""1"": ""fixed"", ""2"": ""fixed"", ""3"": ""fixed""}","[0, 1, 2, 3, 4, 5, 6, 7, 8, 9, 10, 11, 12, 13, 14, 15]",[],[],False,full_key_unique,True,uf_axiom,
SB_55__SB_110,SB_55,SB_110,SB-SB,1,0,0,0,0,0,0,0,0,0,1,0,early_only,random_stratified_sample,SB_55__SB_110,0,128,2,differential,sat,sat,0.0026702880859375,74.83083475753665,00f43a9a19e4a300001e00668bd00cf6,00f43a9a19e4a300001e00668bd00cf6,0022c896c34aa300005500909ad06472,False,sat,False,False,False,,"{""0"": ""free"", ""1"": ""free"", ""10"": ""free"", ""11"": ""free"", ""12"": ""free"", ""13"": ""fixed"", ""14"": ""free"", ""15"": ""free"", ""2"": ""free"", ""3"": ""free"", ""4"": ""free"", ""5"": ""free"", ""6"": ""fixed"", ""7"": ""free"", ""8"": ""free"", ""9"": ""free""}","{""0"": ""free"", ""1"": ""free"", ""2"": ""free"", ""3"": ""free""}","[6, 13]","[0, 1, 2, 3, 4, 5, 7, 8, 9, 10, 11, 12, 14, 15]",[],False,ambiguity,False,uf_axiom,
SR_0__MC_32,SR_0,MC_32,SR-MC,0,0,1,0,1,0,0,0,1,0,0,0,early_late_mixed,early_late_complementarity,SR_0__MC_32,1,192,2,differential,sat,unsat,0.011342572048306465,503.9316203556955,99107579bc3c2c3b0d7a8a6fd1573606,99107579bc3c2c3b0d7a8a6fd1573606,,True,sat,False,False,False,,"{""0"": ""fixed"", ""1"": ""fixed"", ""10"": ""fixed"", ""11"": ""fixed"", ""12"": ""fixed"", ""13"": ""fixed"", ""14"": ""fixed"", ""15"": ""fixed"", ""2"": ""fixed"", ""3"": ""fixed"", ""4"": ""fixed"", ""5"": ""fixed"", ""6"": ""fixed"", ""7"": ""fixed"", ""8"": ""fixed"", ""9"": ""fixed""}","{""0"": ""fixed"", ""1"": ""fixed"", ""2"": ""fixed"", ""3"": ""fixed""}","[0, 1, 2, 3, 4, 5, 6, 7, 8, 9, 10, 11, 12, 13, 14, 15]",[],[],False,full_key_unique,True,uf_axiom,
MC_0__ARK_9,MC_0,ARK_9,MC-ARK,0,0,0,1,0,0,0,1,0,0,0,0,weak_same_column,weak_same_column,MC_0__ARK_9,1,128,2,differential,sat,unsat,0.0058555398136377335,149.26864176802337,99107579bc3c2c3b0d7a8a6fd1573606,99107579bc3c2c3b0d7a8a6fd1573606,,True,sat,False,False,False,,"{""0"": ""fixed"", ""1"": ""fixed"", ""10"": ""fixed"", ""11"": ""fixed"", ""12"": ""fixed"", ""13"": ""fixed"", ""14"": ""fixed"", ""15"": ""fixed"", ""2"": ""fixed"", ""3"": ""fixed"", ""4"": ""fixed"", ""5"": ""fixed"", ""6"": ""fixed"", ""7"": ""fixed"", ""8"": ""fixed"", ""9"": ""fixed""}","{""0"": ""fixed"", ""1"": ""fixed"", ""2"": ""fixed"", ""3"": ""fixed""}","[0, 1, 2, 3, 4, 5, 6, 7, 8, 9, 10, 11, 12, 13, 14, 15]",[],[],False,full_key_unique,True,uf_axiom,
SB_0__MC_32,SB_0,MC_32,SB-MC,0,0,1,0,1,0,0,0,1,0,0,0,early_late_mixed,early_late_complementarity,SB_0__MC_32,1,192,2,differential,sat,unsat,0.00931614451110363,535.3034831639379,99107579bc3c2c3b0d7a8a6fd1573606,99107579bc3c2c3b0d7a8a6fd1573606,,True,sat,False,False,False,,"{""0"": ""fixed"", ""1"": ""fixed"", ""10"": ""fixed"", ""11"": ""fixed"", ""12"": ""fixed"", ""13"": ""fixed"", ""14"": ""fixed"", ""15"": ""fixed"", ""2"": ""fixed"", ""3"": ""fixed"", ""4"": ""fixed"", ""5"": ""fixed"", ""6"": ""fixed"", ""7"": ""fixed"", ""8"": ""fixed"", ""9"": ""fixed""}","{""0"": ""fixed"", ""1"": ""fixed"", ""2"": ""fixed"", ""3"": ""fixed""}","[0, 1, 2, 3, 4, 5, 6, 7, 8, 9, 10, 11, 12, 13, 14, 15]",[],[],False,full_key_unique,True,uf_axiom,
SB_0__MC_41,SB_0,MC_41,SB-MC,0,0,0,0,0,0,0,0,0,1,0,0,early_late_mixed,early_late_complementarity,SB_0__MC_41,1,192,2,differential,sat,unsat,0.010314591228961945,517.7345614023507,99107579bc3c2c3b0d7a8a6fd1573606,99107579bc3c2c3b0d7a8a6fd1573606,,True,sat,False,False,False,,"{""0"": ""fixed"", ""1"": ""fixed"", ""10"": ""fixed"", ""11"": ""fixed"", ""12"": ""fixed"", ""13"": ""fixed"", ""14"": ""fixed"", ""15"": ""fixed"", ""2"": ""fixed"", ""3"": ""fixed"", ""4"": ""fixed"", ""5"": ""fixed"", ""6"": ""fixed"", ""7"": ""fixed"", ""8"": ""fixed"", ""9"": ""fixed""}","{""0"": ""fixed"", ""1"": ""fixed"", ""2"": ""fixed"", ""3"": ""fixed""}","[0, 1, 2, 3, 4, 5, 6, 7, 8, 9, 10, 11, 12, 13, 14, 15]",[],[],False,full_key_unique,True,uf_axiom,
ARK_0__ARK_8,ARK_0,ARK_8,ARK-ARK,1,0,0,1,1,0,1,0,0,0,0,0,weak_same_column,weak_same_column,ARK_0__ARK_8,2,128,2,differential,sat,unsat,0.0056859999895095825,186.23376358300447,a66f651322597191ab9f8f8af4c2db61,a66f651322597191ab9f8f8af4c2db61,,True,sat,False,False,False,,"{""0"": ""fixed"", ""1"": ""fixed"", ""10"": ""fixed"", ""11"": ""fixed"", ""12"": ""fixed"", ""13"": ""fixed"", ""14"": ""fixed"", ""15"": ""fixed"", ""2"": ""fixed"", ""3"": ""fixed"", ""4"": ""fixed"", ""5"": ""fixed"", ""6"": ""fixed"", ""7"": ""fixed"", ""8"": ""fixed"", ""9"": ""fixed""}","{""0"": ""fixed"", ""1"": ""fixed"", ""2"": ""fixed"", ""3"": ""fixed""}","[0, 1, 2, 3, 4, 5, 6, 7, 8, 9, 10, 11, 12, 13, 14, 15]",[],[],False,full_key_unique,True,uf_axiom,
ARK_0__ARK_9,ARK_0,ARK_9,ARK-ARK,1,0,0,1,0,0,0,1,0,0,0,0,weak_same_column,weak_same_column,ARK_0__ARK_9,1,128,2,differential,sat,unsat,0.005951736122369766,104.61939875222743,99107579bc3c2c3b0d7a8a6fd1573606,99107579bc3c2c3b0d7a8a6fd1573606,,True,sat,False,False,False,,"{""0"": ""fixed"", ""1"": ""fixed"", ""10"": ""fixed"", ""11"": ""fixed"", ""12"": ""fixed"", ""13"": ""fixed"", ""14"": ""fixed"", ""15"": ""fixed"", ""2"": ""fixed"", ""3"": ""fixed"", ""4"": ""fixed"", ""5"": ""fixed"", ""6"": ""fixed"", ""7"": ""fixed"", ""8"": ""fixed"", ""9"": ""fixed""}","{""0"": ""fixed"", ""1"": ""fixed"", ""2"": ""fixed"", ""3"": ""fixed""}","[0, 1, 2, 3, 4, 5, 6, 7, 8, 9, 10, 11, 12, 13, 14, 15]",[],[],False,full_key_unique,True,uf_axiom,
ARK_0__ARK_32,ARK_0,ARK_32,ARK-ARK,1,0,1,0,1,0,0,0,1,0,0,0,late_only,prior_strong_reproduction,ARK_0__ARK_32,2,96,2,differential,sat,unsat,0.007102547213435173,198.7183458674699,a66f651322597191ab9f8f8af4c2db61,a66f651322597191ab9f8f8af4c2db61,,True,sat,False,False,False,,"{""0"": ""fixed"", ""1"": ""fixed"", ""10"": ""fixed"", ""11"": ""fixed"", ""12"": ""fixed"", ""13"": ""fixed"", ""14"": ""fixed"", ""15"": ""fixed"", ""2"": ""fixed"", ""3"": ""fixed"", ""4"": ""fixed"", ""5"": ""fixed"", ""6"": ""fixed"", ""7"": ""fixed"", ""8"": ""fixed"", ""9"": ""fixed""}","{""0"": ""fixed"", ""1"": ""fixed"", ""2"": ""fixed"", ""3"": ""fixed""}","[0, 1, 2, 3, 4, 5, 6, 7, 8, 9, 10, 11, 12, 13, 14, 15]",[],[],False,full_key_unique,True,uf_axiom,
SB_5__SB_97,SB_5,SB_97,SB-SB,1,0,1,0,0,0,0,0,1,0,0,0,early_only,random_stratified_sample,SB_5__SB_97,1,128,2,differential,sat,sat,0.002602888271212578,7.666424110531807,99100000bc3c2c000d008a6fd1570006,99100000bc3c2c000d008a6fd1570006,99100000083c8a00b400016fd1150006,False,sat,False,False,False,,"{""0"": ""fixed"", ""1"": ""fixed"", ""10"": ""free"", ""11"": ""fixed"", ""12"": ""fixed"", ""13"": ""free"", ""14"": ""unknown"", ""15"": ""unknown"", ""2"": ""free"", ""3"": ""free"", ""4"": ""free"", ""5"": ""free"", ""6"": ""free"", ""7"": ""free"", ""8"": ""free"", ""9"": ""free""}","{""0"": ""free"", ""1"": ""free"", ""2"": ""free"", ""3"": ""free""}","[0, 1, 11, 12]","[2, 3, 4, 5, 6, 7, 8, 9, 10, 13]","[14, 15]",False,ambiguity,False,uf_axiom,
ARK_0__ARK_32,ARK_0,ARK_32,ARK-ARK,1,0,1,0,1,0,0,0,1,0,0,0,late_only,prior_strong_reproduction,ARK_0__ARK_32,1,96,2,differential,sat,unsat,0.0068868063390254974,13.036977738142014,99107579bc3c2c3b0d7a8a6fd1573606,99107579bc3c2c3b0d7a8a6fd1573606,,True,sat,False,False,False,,"{""0"": ""fixed"", ""1"": ""fixed"", ""10"": ""fixed"", ""11"": ""fixed"", ""12"": ""fixed"", ""13"": ""fixed"", ""14"": ""fixed"", ""15"": ""fixed"", ""2"": ""fixed"", ""3"": ""fixed"", ""4"": ""fixed"", ""5"": ""fixed"", ""6"": ""fixed"", ""7"": ""fixed"", ""8"": ""fixed"", ""9"": ""fixed""}","{""0"": ""fixed"", ""1"": ""fixed"", ""2"": ""fixed"", ""3"": ""fixed""}","[0, 1, 2, 3, 4, 5, 6, 7, 8, 9, 10, 11, 12, 13, 14, 15]",[],[],False,full_key_unique,True,uf_axiom,
SR_0__ARK_1,SR_0,ARK_1,SR-ARK,0,1,1,1,0,0,0,0,0,0,0,0,early_late_mixed,redundancy_test,SR_0__ARK_1,0,255,2,differential,sat,unsat,0.012847164645791054,263.25735809467733,edf43a9a19e4a3f3bf1eec668bd00cf6,edf43a9a19e4a3f3bf1eec668bd00cf6,,True,sat,False,False,False,,"{""0"": ""fixed"", ""1"": ""fixed"", ""10"": ""fixed"", ""11"": ""fixed"", ""12"": ""fixed"", ""13"": ""fixed"", ""14"": ""fixed"", ""15"": ""fixed"", ""2"": ""fixed"", ""3"": ""fixed"", ""4"": ""fixed"", ""5"": ""fixed"", ""6"": ""fixed"", ""7"": ""fixed"", ""8"": ""fixed"", ""9"": ""fixed""}","{""0"": ""fixed"", ""1"": ""fixed"", ""2"": ""fixed"", ""3"": ""fixed""}","[0, 1, 2, 3, 4, 5, 6, 7, 8, 9, 10, 11, 12, 13, 14, 15]",[],[],False,full_key_unique,True,uf_axiom,
SB_0__ARK_1,SB_0,ARK_1,SB-ARK,0,1,1,1,0,0,0,0,0,0,0,0,early_late_mixed,redundancy_test,SB_0__ARK_1,0,255,2,differential,sat,unsat,0.011404871940612793,262.0993227548897,edf43a9a19e4a3f3bf1eec668bd00cf6,edf43a9a19e4a3f3bf1eec668bd00cf6,,True,sat,False,False,False,,"{""0"": ""fixed"", ""1"": ""fixed"", ""10"": ""fixed"", ""11"": ""fixed"", ""12"": ""fixed"", ""13"": ""fixed"", ""14"": ""fixed"", ""15"": ""fixed"", ""2"": ""fixed"", ""3"": ""fixed"", ""4"": ""fixed"", ""5"": ""fixed"", ""6"": ""fixed"", ""7"": ""fixed"", ""8"": ""fixed"", ""9"": ""fixed""}","{""0"": ""fixed"", ""1"": ""fixed"", ""2"": ""fixed"", ""3"": ""fixed""}","[0, 1, 2, 3, 4, 5, 6, 7, 8, 9, 10, 11, 12, 13, 14, 15]",[],[],False,full_key_unique,True,uf_axiom,
ARK_0__ARK_9,ARK_0,ARK_9,ARK-ARK,1,0,0,1,0,0,0,1,0,0,0,0,weak_same_column,weak_same_column,ARK_0__ARK_9,0,128,2,differential,sat,unsat,0.005679192021489143,265.0014834795147,edf43a9a19e4a3f3bf1eec668bd00cf6,edf43a9a19e4a3f3bf1eec668bd00cf6,,True,sat,False,False,False,,"{""0"": ""fixed"", ""1"": ""fixed"", ""10"": ""fixed"", ""11"": ""fixed"", ""12"": ""fixed"", ""13"": ""fixed"", ""14"": ""fixed"", ""15"": ""fixed"", ""2"": ""fixed"", ""3"": ""fixed"", ""4"": ""fixed"", ""5"": ""fixed"", ""6"": ""fixed"", ""7"": ""fixed"", ""8"": ""fixed"", ""9"": ""fixed""}","{""0"": ""fixed"", ""1"": ""fixed"", ""2"": ""fixed"", ""3"": ""fixed""}","[0, 1, 2, 3, 4, 5, 6, 7, 8, 9, 10, 11, 12, 13, 14, 15]",[],[],False,full_key_unique,True,uf_axiom,
SB_63__SB_96,SB_63,SB_96,SB-SB,1,0,0,0,0,0,0,0,0,0,1,0,early_only,random_stratified_sample,SB_63__SB_96,2,128,2,differential,sat,sat,0.004386896267533302,253.56019014120102,a66f001322007191ab9f008af4c2db00,a66f001322007191ab9f008af4c2db00,45aa00132200c491509f000ff4dcdb00,False,sat,False,False,False,,"{""0"": ""free"", ""1"": ""free"", ""10"": ""unknown"", ""11"": ""free"", ""12"": ""unknown"", ""13"": ""free"", ""14"": ""unknown"", ""15"": ""unknown"", ""2"": ""free"", ""3"": ""unknown"", ""4"": ""unknown"", ""5"": ""unknown"", ""6"": ""free"", ""7"": ""unknown"", ""8"": ""free"", ""9"": ""unknown""}","{""0"": ""free"", ""1"": ""free"", ""2"": ""free"", ""3"": ""free""}",[],"[0, 1, 2, 6, 8, 11, 13]","[3, 4, 5, 7, 9, 10, 12, 14, 15]",False,ambiguity,False,uf_axiom,
SB_4__SR_13,SB_4,SR_13,SB-SR,0,0,0,1,0,0,0,1,0,0,0,0,early_only,random_stratified_sample,SB_4__SR_13,0,128,2,differential,sat,sat,0.003850327804684639,28.160275742411613,edf4009a19e40000001eec0000d00cf6,edf4009a19e40000001eec0000d00cf6,edda00204fe400000009ec0000d07cf6,False,sat,False,False,False,,"{""0"": ""fixed"", ""1"": ""free"", ""10"": ""unknown"", ""11"": ""unknown"", ""12"": ""unknown"", ""13"": ""unknown"", ""14"": ""free"", ""15"": ""unknown"", ""2"": ""free"", ""3"": ""free"", ""4"": ""free"", ""5"": ""fixed"", ""6"": ""unknown"", ""7"": ""unknown"", ""8"": ""unknown"", ""9"": ""free""}","{""0"": ""free"", ""1"": ""free"", ""2"": ""free"", ""3"": ""free""}","[0, 5]","[1, 2, 3, 4, 9, 14]","[6, 7, 8, 10, 11, 12, 13, 15]",False,ambiguity,False,uf_axiom,
SB_12__SR_6,SB_12,SR_6,SB-SR,0,0,0,1,0,0,0,0,0,0,0,0,early_only,random_stratified_sample,SB_12__SR_6,1,128,2,differential,sat,sat,0.0018777996301651,3.2088826950639486,99100000003c000000008a0000573606,99100000003c000000008a0000573606,99100000003c00000000470000670106,False,sat,False,False,False,,"{""0"": ""fixed"", ""1"": ""fixed"", ""10"": ""free"", ""11"": ""free"", ""12"": ""free"", ""13"": ""free"", ""14"": ""free"", ""15"": ""fixed"", ""2"": ""free"", ""3"": ""free"", ""4"": ""free"", ""5"": ""fixed"", ""6"": ""free"", ""7"": ""free"", ""8"": ""free"", ""9"": ""free""}","{""0"": ""free"", ""1"": ""free"", ""2"": ""free"", ""3"": ""free""}","[0, 1, 5, 15]","[2, 3, 4, 6, 7, 8, 9, 10, 11, 12, 13, 14]",[],False,ambiguity,False,uf_axiom,
SB_3__SR_109,SB_3,SR_109,SB-SR,0,0,0,0,0,0,0,0,0,0,1,0,early_only,random_stratified_sample,SB_3__SR_109,1,128,2,differential,sat,sat,0.0030679162591695786,2.748025845736265,99100000003c000000008a0000573606,99100000003c000000008a0000573606,99890000003c0000000002000048ea06,False,sat,False,False,False,,"{""0"": ""fixed"", ""1"": ""free"", ""10"": ""free"", ""11"": ""free"", ""12"": ""free"", ""13"": ""free"", ""14"": ""free"", ""15"": ""fixed"", ""2"": ""free"", ""3"": ""free"", ""4"": ""free"", ""5"": ""fixed"", ""6"": ""free"", ""7"": ""free"", ""8"": ""free"", ""9"": ""free""}","{""0"": ""free"", ""1"": ""free"", ""2"": ""free"", ""3"": ""free""}","[0, 5, 15]","[1, 2, 3, 4, 6, 7, 8, 9, 10, 11, 12, 13, 14]",[],False,ambiguity,False,uf_axiom,
SB_4__SR_13,SB_4,SR_13,SB-SR,0,0,0,1,0,0,0,1,0,0,0,0,early_only,random_stratified_sample,SB_4__SR_13,1,128,2,differential,sat,sat,0.002150576561689377,16.709079368039966,99100079bc3c0000007a8a0000573606,99100079bc3c0000007a8a0000573606,99a900875c3c000000ac880000e03c06,False,sat,False,False,False,,"{""0"": ""fixed"", ""1"": ""free"", ""10"": ""free"", ""11"": ""unknown"", ""12"": ""unknown"", ""13"": ""free"", ""14"": ""free"", ""15"": ""unknown"", ""2"": ""unknown"", ""3"": ""free"", ""4"": ""free"", ""5"": ""unknown"", ""6"": ""unknown"", ""7"": ""unknown"", ""8"": ""unknown"", ""9"": ""free""}","{""0"": ""free"", ""1"": ""free"", ""2"": ""free"", ""3"": ""free""}",[0],"[1, 3, 4, 9, 10, 13, 14]","[2, 5, 6, 7, 8, 11, 12, 15]",False,ambiguity,False,uf_axiom,
SB_5__SB_97,SB_5,SB_97,SB-SB,1,0,1,0,0,0,0,0,1,0,0,0,early_only,random_stratified_sample,SB_5__SB_97,2,128,2,differential,sat,sat,0.0019559767097234726,101.05166221782565,a66f000022597100ab008f8af4c20061,a66f000022597100ab008f8af4c20061,f03a00003028ea001c00988af4cf0055,False,sat,False,False,False,,"{""0"": ""free"", ""1"": ""free"", ""10"": ""free"", ""11"": ""unknown"", ""12"": ""unknown"", ""13"": ""free"", ""14"": ""unknown"", ""15"": ""free"", ""2"": ""free"", ""3"": ""free"", ""4"": ""free"", ""5"": ""free"", ""6"": ""free"", ""7"": ""free"", ""8"": ""free"", ""9"": ""free""}","{""0"": ""free"", ""1"": ""free"", ""2"": ""free"", ""3"": ""free""}",[],"[0, 1, 2, 3, 4, 5, 6, 7, 8, 9, 10, 13, 15]","[11, 12, 14]",False,ambiguity,False,uf_axiom,
SB_9__SB_51,SB_9,SB_51,SB-SB,1,0,0,0,0,0,0,0,0,0,1,0,early_only,random_stratified_sample,SB_9__SB_51,1,128,2,differential,sat,sat,0.002298809587955475,254.86322066001594,99107579bc3c2c00007a8a0000003606,99107579bc3c2c00007a8a0000003606,99106ab47bf02c0040863a0000007f06,False,sat,False,False,False,,"{""0"": ""unknown"", ""1"": ""unknown"", ""10"": ""free"", ""11"": ""unknown"", ""12"": ""unknown"", ""13"": ""unknown"", ""14"": ""free"", ""15"": ""unknown"", ""2"": ""free"", ""3"": ""free"", ""4"": ""free"", ""5"": ""free"", ""6"": ""unknown"", ""7"": ""unknown"", ""8"": ""free"", ""9"": ""free""}","{""0"": ""free"", ""1"": ""free"", ""2"": ""free"", ""3"": ""free""}",[],"[2, 3, 4, 5, 8, 9, 10, 14]","[0, 1, 6, 7, 11, 12, 13, 15]",False,ambiguity,False,uf_axiom,
SB_62__SB_123,SB_62,SB_123,SB-SB,1,0,1,0,0,0,0,0,1,0,0,0,early_only,random_stratified_sample,SB_62__SB_123,2,128,2,differential,sat,sat,0.002412242814898491,221.60918977297843,006f001322007191009f008af400db61,006f001322007191009f008af400db61,00ec00132200e691009f007aa6009461,False,sat,False,False,False,,"{""0"": ""free"", ""1"": ""free"", ""10"": ""unknown"", ""11"": ""free"", ""12"": ""free"", ""13"": ""unknown"", ""14"": ""free"", ""15"": ""unknown"", ""2"": ""free"", ""3"": ""unknown"", ""4"": ""unknown"", ""5"": ""unknown"", ""6"": ""free"", ""7"": ""unknown"", ""8"": ""unknown"", ""9"": ""unknown""}","{""0"": ""free"", ""1"": ""free"", ""2"": ""free"", ""3"": ""free""}",[],"[0, 1, 2, 6, 11, 12, 14]","[3, 4, 5, 7, 8, 9, 10, 13, 15]",False,ambiguity,False,uf_axiom,
SB_42__SB_47,SB_42,SB_47,SB-SB,1,1,1,1,0,0,0,0,0,0,0,0,early_only,random_stratified_sample,SB_42__SB_47,0,128,2,differential,sat,sat,0.0011687930673360825,9.55719648860395,00f4009a19e40000001e000000000c00,00f4009a19e40000001e000000000c00,00f4009a19e40000001e000000000c10,False,sat,False,False,False,,"{""0"": ""free"", ""1"": ""unknown"", ""10"": ""unknown"", ""11"": ""unknown"", ""12"": ""unknown"", ""13"": ""unknown"", ""14"": ""unknown"", ""15"": ""free"", ""2"": ""unknown"", ""3"": ""unknown"", ""4"": ""unknown"", ""5"": ""unknown"", ""6"": ""unknown"", ""7"": ""unknown"", ""8"": ""unknown"", ""9"": ""unknown""}","{""0"": ""free"", ""1"": ""free"", ""2"": ""free"", ""3"": ""free""}",[],"[0, 15]","[1, 2, 3, 4, 5, 6, 7, 8, 9, 10, 11, 12, 13, 14]",False,ambiguity,False,uf_axiom,
MC_0__ARK_41,MC_0,ARK_41,MC-ARK,0,0,0,0,0,0,0,0,0,1,0,0,late_only,prior_strong_reproduction,MC_0__ARK_41,0,96,2,differential,sat,unsat,0.007619839161634445,209.8873765282333,edf43a9a19e4a3f3bf1eec668bd00cf6,edf43a9a19e4a3f3bf1eec668bd00cf6,,True,sat,False,False,False,,"{""0"": ""fixed"", ""1"": ""fixed"", ""10"": ""fixed"", ""11"": ""fixed"", ""12"": ""fixed"", ""13"": ""fixed"", ""14"": ""fixed"", ""15"": ""fixed"", ""2"": ""fixed"", ""3"": ""fixed"", ""4"": ""fixed"", ""5"": ""fixed"", ""6"": ""fixed"", ""7"": ""fixed"", ""8"": ""fixed"", ""9"": ""fixed""}","{""0"": ""fixed"", ""1"": ""fixed"", ""2"": ""fixed"", ""3"": ""fixed""}","[0, 1, 2, 3, 4, 5, 6, 7, 8, 9, 10, 11, 12, 13, 14, 15]",[],[],False,full_key_unique,True,uf_axiom,
SB_19__SB_36,SB_19,SB_36,SB-SB,1,0,0,0,0,0,0,0,0,0,1,0,early_only,random_stratified_sample,SB_19__SB_36,0,192,2,differential,sat,sat,0.0035014767199754715,64.58557427674532,ed003a9a19e40000001eec0000d00cf6,ed003a9a19e40000001eec0000d00cf6,ed003a9a19e48000001eec0000d00cf6,False,sat,False,False,False,,"{""0"": ""unknown"", ""1"": ""unknown"", ""10"": ""unknown"", ""11"": ""unknown"", ""12"": ""unknown"", ""13"": ""unknown"", ""14"": ""unknown"", ""15"": ""unknown"", ""2"": ""unknown"", ""3"": ""unknown"", ""4"": ""unknown"", ""5"": ""unknown"", ""6"": ""free"", ""7"": ""unknown"", ""8"": ""unknown"", ""9"": ""unknown""}","{""0"": ""free"", ""1"": ""free"", ""2"": ""free"", ""3"": ""free""}",[],[6],"[0, 1, 2, 3, 4, 5, 7, 8, 9, 10, 11, 12, 13, 14, 15]",False,ambiguity,False,uf_axiom,
SB_12__SR_6,SB_12,SR_6,SB-SR,0,0,0,1,0,0,0,0,0,0,0,0,early_only,random_stratified_sample,SB_12__SR_6,0,128,2,differential,sat,sat,0.0022137463092803955,6.61858537979424,edf4000000e400000000ec0000d00cf6,edf4000000e400000000ec0000d00cf6,edf4000000e400004000ec0000d00cf6,False,sat,False,False,False,,"{""0"": ""fixed"", ""1"": ""free"", ""10"": ""fixed"", ""11"": ""free"", ""12"": ""free"", ""13"": ""unknown"", ""14"": ""unknown"", ""15"": ""unknown"", ""2"": ""free"", ""3"": ""free"", ""4"": ""free"", ""5"": ""fixed"", ""6"": ""free"", ""7"": ""free"", ""8"": ""free"", ""9"": ""free""}","{""0"": ""free"", ""1"": ""free"", ""2"": ""free"", ""3"": ""free""}","[0, 5, 10]","[1, 2, 3, 4, 6, 7, 8, 9, 11, 12]","[13, 14, 15]",False,ambiguity,False,uf_axiom,
ARK_0__ARK_9,ARK_0,ARK_9,ARK-ARK,1,0,0,1,0,0,0,1,0,0,0,0,weak_same_column,weak_same_column,ARK_0__ARK_9,2,128,2,differential,sat,unsat,0.0059075187891721725,127.04829567484558,a66f651322597191ab9f8f8af4c2db61,a66f651322597191ab9f8f8af4c2db61,,True,sat,False,False,False,,"{""0"": ""fixed"", ""1"": ""fixed"", ""10"": ""fixed"", ""11"": ""fixed"", ""12"": ""fixed"", ""13"": ""fixed"", ""14"": ""fixed"", ""15"": ""fixed"", ""2"": ""fixed"", ""3"": ""fixed"", ""4"": ""fixed"", ""5"": ""fixed"", ""6"": ""fixed"", ""7"": ""fixed"", ""8"": ""fixed"", ""9"": ""fixed""}","{""0"": ""fixed"", ""1"": ""fixed"", ""2"": ""fixed"", ""3"": ""fixed""}","[0, 1, 2, 3, 4, 5, 6, 7, 8, 9, 10, 11, 12, 13, 14, 15]",[],[],False,full_key_unique,True,uf_axiom,
SB_28__SR_6,SB_28,SR_6,SB-SR,0,0,0,1,0,0,0,0,0,0,0,0,early_only,random_stratified_sample,SB_28__SR_6,1,128,2,differential,sat,sat,0.0022933483123779297,9.593283548951149,99000079003c000000008a00d1570006,99000079003c000000008a00d1570006,990000c8003c00004000e10040c90006,False,sat,False,False,False,,"{""0"": ""fixed"", ""1"": ""free"", ""10"": ""free"", ""11"": ""free"", ""12"": ""free"", ""13"": ""free"", ""14"": ""free"", ""15"": ""fixed"", ""2"": ""free"", ""3"": ""free"", ""4"": ""free"", ""5"": ""fixed"", ""6"": ""free"", ""7"": ""free"", ""8"": ""free"", ""9"": ""free""}","{""0"": ""free"", ""1"": ""free"", ""2"": ""free"", ""3"": ""free""}","[0, 5, 15]","[1, 2, 3, 4, 6, 7, 8, 9, 10, 11, 12, 13, 14]",[],False,ambiguity,False,uf_axiom,
SB_3__SR_109,SB_3,SR_109,SB-SR,0,0,0,0,0,0,0,0,0,0,1,0,early_only,random_stratified_sample,SB_3__SR_109,0,128,2,differential,sat,sat,0.002676514908671379,7.091979864984751,edf4000000e400000000ec0000d00cf6,edf4000000e400000000ec0000d00cf6,ed67000000e400000000ec0000d0b3f6,False,sat,False,False,False,,"{""0"": ""fixed"", ""1"": ""free"", ""10"": ""fixed"", ""11"": ""free"", ""12"": ""free"", ""13"": ""fixed"", ""14"": ""free"", ""15"": ""fixed"", ""2"": ""free"", ""3"": ""free"", ""4"": ""free"", ""5"": ""fixed"", ""6"": ""free"", ""7"": ""free"", ""8"": ""free"", ""9"": ""free""}","{""0"": ""free"", ""1"": ""free"", ""2"": ""free"", ""3"": ""free""}","[0, 5, 10, 13, 15]","[1, 2, 3, 4, 6, 7, 8, 9, 11, 12, 14]",[],False,ambiguity,False,uf_axiom,
SB_5__SB_97,SB_5,SB_97,SB-SB,1,0,1,0,0,0,0,0,1,0,0,0,early_only,random_stratified_sample,SB_5__SB_97,0,128,2,differential,sat,sat,0.0025555994361639023,38.98490208759904,edf4000019e4a300bf00ec668bd000f6,edf4000019e4a300bf00ec668bd000f6,ed39000060dda300280025328bab00f6,False,sat,False,False,False,,"{""0"": ""fixed"", ""1"": ""free"", ""10"": ""free"", ""11"": ""free"", ""12"": ""unknown"", ""13"": ""free"", ""14"": ""unknown"", ""15"": ""unknown"", ""2"": ""free"", ""3"": ""free"", ""4"": ""free"", ""5"": ""free"", ""6"": ""unknown"", ""7"": ""unknown"", ""8"": ""free"", ""9"": ""unknown""}","{""0"": ""free"", ""1"": ""free"", ""2"": ""free"", ""3"": ""free""}",[0],"[1, 2, 3, 4, 5, 8, 10, 11, 13]","[6, 7, 9, 12, 14, 15]",False,ambiguity,False,uf_axiom,
MC_0__ARK_0,MC_0,ARK_0,MC-ARK,0,1,1,1,1,0,0,0,0,0,0,1,redundant_late,redundancy_test,MC_0__ARK_0,0,192,2,differential,sat,unsat,0.008020676672458649,570.2400143668056,edf43a9a19e4a3f3bf1eec668bd00cf6,edf43a9a19e4a3f3bf1eec668bd00cf6,,True,sat,False,False,False,,"{""0"": ""fixed"", ""1"": ""fixed"", ""10"": ""fixed"", ""11"": ""fixed"", ""12"": ""fixed"", ""13"": ""fixed"", ""14"": ""fixed"", ""15"": ""fixed"", ""2"": ""fixed"", ""3"": ""fixed"", ""4"": ""fixed"", ""5"": ""fixed"", ""6"": ""fixed"", ""7"": ""fixed"", ""8"": ""fixed"", ""9"": ""fixed""}","{""0"": ""fixed"", ""1"": ""fixed"", ""2"": ""fixed"", ""3"": ""fixed""}","[0, 1, 2, 3, 4, 5, 6, 7, 8, 9, 10, 11, 12, 13, 14, 15]",[],[],False,full_key_unique,True,uf_axiom,
MC_0__ARK_9,MC_0,ARK_9,MC-ARK,0,0,0,1,0,0,0,1,0,0,0,0,weak_same_column,weak_same_column,MC_0__ARK_9,2,192,2,differential,sat,unsat,0.010881539434194565,296.00554286688566,a66f651322597191ab9f8f8af4c2db61,a66f651322597191ab9f8f8af4c2db61,,True,sat,False,False,False,,"{""0"": ""fixed"", ""1"": ""fixed"", ""10"": ""fixed"", ""11"": ""fixed"", ""12"": ""fixed"", ""13"": ""fixed"", ""14"": ""fixed"", ""15"": ""fixed"", ""2"": ""fixed"", ""3"": ""fixed"", ""4"": ""fixed"", ""5"": ""fixed"", ""6"": ""fixed"", ""7"": ""fixed"", ""8"": ""fixed"", ""9"": ""fixed""}","{""0"": ""fixed"", ""1"": ""fixed"", ""2"": ""fixed"", ""3"": ""fixed""}","[0, 1, 2, 3, 4, 5, 6, 7, 8, 9, 10, 11, 12, 13, 14, 15]",[],[],False,full_key_unique,True,uf_axiom,
SB_28__SR_6,SB_28,SR_6,SB-SR,0,0,0,1,0,0,0,0,0,0,0,0,early_only,random_stratified_sample,SB_28__SR_6,0,128,2,differential,sat,sat,0.0022666268050670624,6.421494636684656,ed00009a00e400000000ec008bd000f6,ed00009a00e400000000ec008bd000f6,ed00000000e400000000ec0089d000f6,False,sat,False,False,False,,"{""0"": ""fixed"", ""1"": ""free"", ""10"": ""fixed"", ""11"": ""free"", ""12"": ""free"", ""13"": ""fixed"", ""14"": ""free"", ""15"": ""fixed"", ""2"": ""free"", ""3"": ""free"", ""4"": ""free"", ""5"": ""fixed"", ""6"": ""free"", ""7"": ""free"", ""8"": ""free"", ""9"": ""free""}","{""0"": ""free"", ""1"": ""free"", ""2"": ""free"", ""3"": ""free""}","[0, 5, 10, 13, 15]","[1, 2, 3, 4, 6, 7, 8, 9, 11, 12, 14]",[],False,ambiguity,False,uf_axiom,
SB_0__ARK_0,SB_0,ARK_0,SB-ARK,0,1,1,1,1,0,0,0,0,0,0,0,early_late_mixed,redundancy_test,SB_0__ARK_0,2,255,2,differential,sat,unsat,0.012521451339125633,248.33851614035666,a66f651322597191ab9f8f8af4c2db61,a66f651322597191ab9f8f8af4c2db61,,True,sat,False,False,False,,"{""0"": ""fixed"", ""1"": ""fixed"", ""10"": ""fixed"", ""11"": ""fixed"", ""12"": ""fixed"", ""13"": ""fixed"", ""14"": ""fixed"", ""15"": ""fixed"", ""2"": ""fixed"", ""3"": ""fixed"", ""4"": ""fixed"", ""5"": ""fixed"", ""6"": ""fixed"", ""7"": ""fixed"", ""8"": ""fixed"", ""9"": ""fixed""}","{""0"": ""fixed"", ""1"": ""fixed"", ""2"": ""fixed"", ""3"": ""fixed""}","[0, 1, 2, 3, 4, 5, 6, 7, 8, 9, 10, 11, 12, 13, 14, 15]",[],[],False,full_key_unique,True,uf_axiom,
SB_4__SR_13,SB_4,SR_13,SB-SR,0,0,0,1,0,0,0,1,0,0,0,0,early_only,random_stratified_sample,SB_4__SR_13,2,128,2,differential,sat,sat,0.0022168438881635666,78.45530993677676,a66f001322590000009f8f0000c2db61,a66f001322590000009f8f0000c2db61,a6ef004ea05900002088d700005e3661,False,sat,False,False,False,,"{""0"": ""fixed"", ""1"": ""free"", ""10"": ""free"", ""11"": ""unknown"", ""12"": ""unknown"", ""13"": ""free"", ""14"": ""free"", ""15"": ""unknown"", ""2"": ""unknown"", ""3"": ""free"", ""4"": ""free"", ""5"": ""unknown"", ""6"": ""unknown"", ""7"": ""unknown"", ""8"": ""free"", ""9"": ""free""}","{""0"": ""free"", ""1"": ""free"", ""2"": ""free"", ""3"": ""free""}",[0],"[1, 3, 4, 8, 9, 10, 13, 14]","[2, 5, 6, 7, 11, 12, 15]",False,ambiguity,False,uf_axiom,
MC_0__ARK_8,MC_0,ARK_8,MC-ARK,0,0,0,1,1,0,1,0,0,0,0,0,weak_same_column,prior_strong_reproduction,MC_0__ARK_8,0,192,2,differential,sat,unsat,0.00925941951572895,385.4950955975801,edf43a9a19e4a3f3bf1eec668bd00cf6,edf43a9a19e4a3f3bf1eec668bd00cf6,,True,sat,False,False,False,,"{""0"": ""fixed"", ""1"": ""fixed"", ""10"": ""fixed"", ""11"": ""fixed"", ""12"": ""fixed"", ""13"": ""fixed"", ""14"": ""fixed"", ""15"": ""fixed"", ""2"": ""fixed"", ""3"": ""fixed"", ""4"": ""fixed"", ""5"": ""fixed"", ""6"": ""fixed"", ""7"": ""fixed"", ""8"": ""fixed"", ""9"": ""fixed""}","{""0"": ""fixed"", ""1"": ""fixed"", ""2"": ""fixed"", ""3"": ""fixed""}","[0, 1, 2, 3, 4, 5, 6, 7, 8, 9, 10, 11, 12, 13, 14, 15]",[],[],False,full_key_unique,True,uf_axiom,
SB_42__SB_47,SB_42,SB_47,SB-SB,1,1,1,1,0,0,0,0,0,0,0,0,early_only,random_stratified_sample,SB_42__SB_47,1,128,2,differential,sat,sat,0.001094019040465355,90.9572715125978,00100079bc3c0000007a000000003600,00100079bc3c0000007a000000003600,00100079bc3c0100007a000000003600,False,sat,False,False,False,,"{""0"": ""free"", ""1"": ""unknown"", ""10"": ""unknown"", ""11"": ""unknown"", ""12"": ""unknown"", ""13"": ""unknown"", ""14"": ""unknown"", ""15"": ""unknown"", ""2"": ""unknown"", ""3"": ""unknown"", ""4"": ""unknown"", ""5"": ""unknown"", ""6"": ""free"", ""7"": ""unknown"", ""8"": ""unknown"", ""9"": ""unknown""}","{""0"": ""free"", ""1"": ""free"", ""2"": ""free"", ""3"": ""free""}",[],"[0, 6]","[1, 2, 3, 4, 5, 7, 8, 9, 10, 11, 12, 13, 14, 15]",False,ambiguity,False,uf_axiom,
MC_0__ARK_0,MC_0,ARK_0,MC-ARK,0,1,1,1,1,0,0,0,0,0,0,1,redundant_late,redundancy_test,MC_0__ARK_0,2,192,2,differential,sat,unsat,0.008206261321902275,518.4997685812414,a66f651322597191ab9f8f8af4c2db61,a66f651322597191ab9f8f8af4c2db61,,True,sat,False,False,False,,"{""0"": ""fixed"", ""1"": ""fixed"", ""10"": ""fixed"", ""11"": ""fixed"", ""12"": ""fixed"", ""13"": ""fixed"", ""14"": ""fixed"", ""15"": ""fixed"", ""2"": ""fixed"", ""3"": ""fixed"", ""4"": ""fixed"", ""5"": ""fixed"", ""6"": ""fixed"", ""7"": ""fixed"", ""8"": ""fixed"", ""9"": ""fixed""}","{""0"": ""fixed"", ""1"": ""fixed"", ""2"": ""fixed"", ""3"": ""fixed""}","[0, 1, 2, 3, 4, 5, 6, 7, 8, 9, 10, 11, 12, 13, 14, 15]",[],[],False,full_key_unique,True,uf_axiom,
SB_42__SB_47,SB_42,SB_47,SB-SB,1,1,1,1,0,0,0,0,0,0,0,0,early_only,random_stratified_sample,SB_42__SB_47,2,128,2,differential,sat,sat,0.001360371708869934,112.82801967673004,006f001322590000009f00000000db00,006f001322590000009f00000000db00,006f001322590000009f00000000db40,False,sat,False,False,False,,"{""0"": ""free"", ""1"": ""unknown"", ""10"": ""unknown"", ""11"": ""unknown"", ""12"": ""unknown"", ""13"": ""unknown"", ""14"": ""unknown"", ""15"": ""free"", ""2"": ""unknown"", ""3"": ""unknown"", ""4"": ""unknown"", ""5"": ""unknown"", ""6"": ""unknown"", ""7"": ""unknown"", ""8"": ""unknown"", ""9"": ""unknown""}","{""0"": ""free"", ""1"": ""free"", ""2"": ""free"", ""3"": ""free""}",[],"[0, 15]","[1, 2, 3, 4, 5, 6, 7, 8, 9, 10, 11, 12, 13, 14]",False,ambiguity,False,uf_axiom,
SB_63__SB_97,SB_63,SB_97,SB-SB,1,0,0,0,0,0,0,0,0,0,1,0,early_only,random_stratified_sample,SB_63__SB_97,1,128,2,differential,sat,sat,0.002666464075446129,163.50711908377707,99100079bc002c3b0d7a006fd1573600,99100079bc002c3b0d7a006fd1573600,581000d483008a3bc4b3006fd100c500,False,sat,False,False,False,,"{""0"": ""free"", ""1"": ""fixed"", ""10"": ""unknown"", ""11"": ""unknown"", ""12"": ""unknown"", ""13"": ""free"", ""14"": ""free"", ""15"": ""unknown"", ""2"": ""unknown"", ""3"": ""free"", ""4"": ""free"", ""5"": ""unknown"", ""6"": ""free"", ""7"": ""unknown"", ""8"": ""free"", ""9"": ""free""}","{""0"": ""free"", ""1"": ""free"", ""2"": ""free"", ""3"": ""free""}",[1],"[0, 3, 4, 6, 8, 9, 13, 14]","[2, 5, 7, 10, 11, 12, 15]",False,ambiguity,False,uf_axiom,
SB_1__SB_82,SB_1,SB_82,SB-SB,1,0,0,0,0,0,0,0,0,0,1,0,early_only,random_stratified_sample,SB_1__SB_82,2,128,2,differential,sat,sat,0.0029775630682706833,262.46248708851635,a600650000597191ab008f0000c20061,a600650000597191ab008f0000c20061,a600650000597191ab408f0000c20061,False,sat,False,False,False,,"{""0"": ""unknown"", ""1"": ""unknown"", ""10"": ""unknown"", ""11"": ""unknown"", ""12"": ""unknown"", ""13"": ""unknown"", ""14"": ""unknown"", ""15"": ""unknown"", ""2"": ""unknown"", ""3"": ""unknown"", ""4"": ""unknown"", ""5"": ""unknown"", ""6"": ""unknown"", ""7"": ""unknown"", ""8"": ""unknown"", ""9"": ""free""}","{""0"": ""free"", ""1"": ""free"", ""2"": ""free"", ""3"": ""free""}",[],[9],"[0, 1, 2, 3, 4, 5, 6, 7, 8, 10, 11, 12, 13, 14, 15]",False,ambiguity,False,uf_axiom,
ARK_0__ARK_1,ARK_0,ARK_1,ARK-ARK,1,1,1,1,0,0,0,0,0,0,0,0,late_only,prior_strong_reproduction,ARK_0__ARK_1,1,128,2,differential,sat,unsat,0.006226059049367905,158.99110162630677,99107579bc3c2c3b0d7a8a6fd1573606,99107579bc3c2c3b0d7a8a6fd1573606,,True,sat,False,False,False,,"{""0"": ""fixed"", ""1"": ""fixed"", ""10"": ""fixed"", ""11"": ""fixed"", ""12"": ""fixed"", ""13"": ""fixed"", ""14"": ""fixed"", ""15"": ""fixed"", ""2"": ""fixed"", ""3"": ""fixed"", ""4"": ""fixed"", ""5"": ""fixed"", ""6"": ""fixed"", ""7"": ""fixed"", ""8"": ""fixed"", ""9"": ""fixed""}","{""0"": ""fixed"", ""1"": ""fixed"", ""2"": ""fixed"", ""3"": ""fixed""}","[0, 1, 2, 3, 4, 5, 6, 7, 8, 9, 10, 11, 12, 13, 14, 15]",[],[],False,full_key_unique,True,uf_axiom,
MC_0__MC_41,MC_0,MC_41,MC-MC,1,0,0,0,0,0,0,0,0,1,0,0,late_only,prior_strong_reproduction,MC_0__MC_41,2,192,2,differential,sat,unsat,0.017656976357102394,369.066417645663,a66f651322597191ab9f8f8af4c2db61,a66f651322597191ab9f8f8af4c2db61,,True,sat,False,False,False,,"{""0"": ""fixed"", ""1"": ""fixed"", ""10"": ""fixed"", ""11"": ""fixed"", ""12"": ""fixed"", ""13"": ""fixed"", ""14"": ""fixed"", ""15"": ""fixed"", ""2"": ""fixed"", ""3"": ""fixed"", ""4"": ""fixed"", ""5"": ""fixed"", ""6"": ""fixed"", ""7"": ""fixed"", ""8"": ""fixed"", ""9"": ""fixed""}","{""0"": ""fixed"", ""1"": ""fixed"", ""2"": ""fixed"", ""3"": ""fixed""}","[0, 1, 2, 3, 4, 5, 6, 7, 8, 9, 10, 11, 12, 13, 14, 15]",[],[],False,full_key_unique,True,uf_axiom,
SB_64__SR_97,SB_64,SR_97,SB-SR,0,0,1,0,0,0,0,0,1,0,0,0,early_only,random_stratified_sample,SB_64__SR_97,2,128,2,differential,sat,sat,0.002652062103152275,30.790673779323697,a66f650022007191ab00008af4c20000,a66f650022007191ab00008af4c20000,808165002f005991ab0000245fcd0000,False,sat,False,False,False,,"{""0"": ""free"", ""1"": ""free"", ""10"": ""unknown"", ""11"": ""free"", ""12"": ""free"", ""13"": ""free"", ""14"": ""unknown"", ""15"": ""unknown"", ""2"": ""fixed"", ""3"": ""free"", ""4"": ""free"", ""5"": ""free"", ""6"": ""free"", ""7"": ""fixed"", ""8"": ""fixed"", ""9"": ""unknown""}","{""0"": ""free"", ""1"": ""free"", ""2"": ""free"", ""3"": ""free""}","[2, 7, 8]","[0, 1, 3, 4, 5, 6, 11, 12, 13]","[9, 10, 14, 15]",False,ambiguity,False,uf_axiom,
ARK_0__ARK_32,ARK_0,ARK_32,ARK-ARK,1,0,1,0,1,0,0,0,1,0,0,0,late_only,prior_strong_reproduction,ARK_0__ARK_32,0,96,2,differential,sat,unsat,0.006971437484025955,244.25578976422548,edf43a9a19e4a3f3bf1eec668bd00cf6,edf43a9a19e4a3f3bf1eec668bd00cf6,,True,sat,False,False,False,,"{""0"": ""fixed"", ""1"": ""fixed"", ""10"": ""fixed"", ""11"": ""fixed"", ""12"": ""fixed"", ""13"": ""fixed"", ""14"": ""fixed"", ""15"": ""fixed"", ""2"": ""fixed"", ""3"": ""fixed"", ""4"": ""fixed"", ""5"": ""fixed"", ""6"": ""fixed"", ""7"": ""fixed"", ""8"": ""fixed"", ""9"": ""fixed""}","{""0"": ""fixed"", ""1"": ""fixed"", ""2"": ""fixed"", ""3"": ""fixed""}","[0, 1, 2, 3, 4, 5, 6, 7, 8, 9, 10, 11, 12, 13, 14, 15]",[],[],False,full_key_unique,True,uf_axiom,
ARK_0__ARK_8,ARK_0,ARK_8,ARK-ARK,1,0,0,1,1,0,1,0,0,0,0,0,weak_same_column,weak_same_column,ARK_0__ARK_8,1,128,2,differential,sat,unsat,0.005228715017437935,260.3987305369228,99107579bc3c2c3b0d7a8a6fd1573606,99107579bc3c2c3b0d7a8a6fd1573606,,True,sat,False,False,False,,"{""0"": ""fixed"", ""1"": ""fixed"", ""10"": ""fixed"", ""11"": ""fixed"", ""12"": ""fixed"", ""13"": ""fixed"", ""14"": ""fixed"", ""15"": ""fixed"", ""2"": ""fixed"", ""3"": ""fixed"", ""4"": ""fixed"", ""5"": ""fixed"", ""6"": ""fixed"", ""7"": ""fixed"", ""8"": ""fixed"", ""9"": ""fixed""}","{""0"": ""fixed"", ""1"": ""fixed"", ""2"": ""fixed"", ""3"": ""fixed""}","[0, 1, 2, 3, 4, 5, 6, 7, 8, 9, 10, 11, 12, 13, 14, 15]",[],[],False,full_key_unique,True,uf_axiom,
SB_64__SR_97,SB_64,SR_97,SB-SR,0,0,1,0,0,0,0,0,1,0,0,0,early_only,random_stratified_sample,SB_64__SR_97,0,128,2,differential,sat,sat,0.00246424600481987,37.40755705162883,edf43a001900a3f3bf0000668bd00000,edf43a001900a3f3bf0000668bd00000,0a3946003000a38ebf000032ced00000,False,sat,False,False,False,,"{""0"": ""free"", ""1"": ""free"", ""10"": ""unknown"", ""11"": ""free"", ""12"": ""free"", ""13"": ""unknown"", ""14"": ""unknown"", ""15"": ""unknown"", ""2"": ""free"", ""3"": ""free"", ""4"": ""free"", ""5"": ""free"", ""6"": ""unknown"", ""7"": ""free"", ""8"": ""unknown"", ""9"": ""unknown""}","{""0"": ""free"", ""1"": ""free"", ""2"": ""free"", ""3"": ""free""}",[],"[0, 1, 2, 3, 4, 5, 7, 11, 12]","[6, 8, 9, 10, 13, 14, 15]",False,ambiguity,False,uf_axiom,
ARK_0__ARK_41,ARK_0,ARK_41,ARK-ARK,1,0,0,0,0,0,0,0,0,1,0,0,late_only,prior_strong_reproduction,ARK_0__ARK_41,0,96,2,differential,sat,unsat,0.007209235802292824,236.56289033964276,edf43a9a19e4a3f3bf1eec668bd00cf6,edf43a9a19e4a3f3bf1eec668bd00cf6,,True,sat,False,False,False,,"{""0"": ""fixed"", ""1"": ""fixed"", ""10"": ""fixed"", ""11"": ""fixed"", ""12"": ""fixed"", ""13"": ""fixed"", ""14"": ""fixed"", ""15"": ""fixed"", ""2"": ""fixed"", ""3"": ""fixed"", ""4"": ""fixed"", ""5"": ""fixed"", ""6"": ""fixed"", ""7"": ""fixed"", ""8"": ""fixed"", ""9"": ""fixed""}","{""0"": ""fixed"", ""1"": ""fixed"", ""2"": ""fixed"", ""3"": ""fixed""}","[0, 1, 2, 3, 4, 5, 6, 7, 8, 9, 10, 11, 12, 13, 14, 15]",[],[],False,full_key_unique,True,uf_axiom,
SB_30__SB_123,SB_30,SB_123,SB-SB,1,0,1,0,0,0,0,0,1,0,0,0,early_only,random_stratified_sample,SB_30__SB_123,0,128,2,differential,sat,sat,0.0026841629296541214,82.27172937244177,edf4009a00e4a3f30000ec668b0000f6,edf4009a00e4a3f30000ec668b0000f6,ed42000000204ead0000ec96af0000f6,False,sat,False,False,False,,"{""0"": ""fixed"", ""1"": ""free"", ""10"": ""unknown"", ""11"": ""free"", ""12"": ""free"", ""13"": ""unknown"", ""14"": ""unknown"", ""15"": ""unknown"", ""2"": ""unknown"", ""3"": ""free"", ""4"": ""unknown"", ""5"": ""free"", ""6"": ""free"", ""7"": ""free"", ""8"": ""unknown"", ""9"": ""unknown""}","{""0"": ""free"", ""1"": ""free"", ""2"": ""free"", ""3"": ""free""}",[0],"[1, 3, 5, 6, 7, 11, 12]","[2, 4, 8, 9, 10, 13, 14, 15]",False,ambiguity,False,uf_axiom,
SB_30__SB_123,SB_30,SB_123,SB-SB,1,0,1,0,0,0,0,0,1,0,0,0,early_only,random_stratified_sample,SB_30__SB_123,2,128,2,differential,sat,sat,0.0021541304886341095,233.1634484473616,a66f00130059719100008f8af4000061,a66f00130059719100008f8af4000061,ea1400710074f7cc0000abf1090000dd,False,sat,False,False,False,,"{""0"": ""free"", ""1"": ""free"", ""10"": ""free"", ""11"": ""free"", ""12"": ""free"", ""13"": ""unknown"", ""14"": ""unknown"", ""15"": ""free"", ""2"": ""unknown"", ""3"": ""free"", ""4"": ""unknown"", ""5"": ""free"", ""6"": ""free"", ""7"": ""free"", ""8"": ""unknown"", ""9"": ""unknown""}","{""0"": ""free"", ""1"": ""free"", ""2"": ""free"", ""3"": ""free""}",[],"[0, 1, 3, 5, 6, 7, 10, 11, 12, 15]","[2, 4, 8, 9, 13, 14]",False,ambiguity,False,uf_axiom,
SB_71__SR_119,SB_71,SR_119,SB-SR,0,0,0,0,1,0,0,0,0,0,1,0,early_only,random_stratified_sample,SB_71__SR_119,0,128,2,differential,sat,sat,0.0025564711540937424,54.75895222835243,ed003a9a1900a3f3bf1e000000d00cf6,ed003a9a1900a3f3bf1e000000d00cf6,df002550dd00a386bfb1000000d030b8,False,sat,False,False,False,,"{""0"": ""free"", ""1"": ""free"", ""10"": ""unknown"", ""11"": ""unknown"", ""12"": ""unknown"", ""13"": ""unknown"", ""14"": ""free"", ""15"": ""free"", ""2"": ""free"", ""3"": ""free"", ""4"": ""free"", ""5"": ""free"", ""6"": ""fixed"", ""7"": ""free"", ""8"": ""fixed"", ""9"": ""free""}","{""0"": ""free"", ""1"": ""free"", ""2"": ""free"", ""3"": ""free""}","[6, 8]","[0, 1, 2, 3, 4, 5, 7, 9, 14, 15]","[10, 11, 12, 13]",False,ambiguity,False,uf_axiom,
SB_28__SR_6,SB_28,SR_6,SB-SR,0,0,0,1,0,0,0,0,0,0,0,0,early_only,random_stratified_sample,SB_28__SR_6,2,128,2,differential,sat,sat,0.0017669480293989182,50.92280799522996,a60000130059000000008f00f4c20061,a60000130059000000008f00f4c20061,a60000130059000000008f04f4c20061,False,sat,False,False,False,,"{""0"": ""unknown"", ""1"": ""unknown"", ""10"": ""unknown"", ""11"": ""free"", ""12"": ""unknown"", ""13"": ""unknown"", ""14"": ""unknown"", ""15"": ""unknown"", ""2"": ""unknown"", ""3"": ""unknown"", ""4"": ""unknown"", ""5"": ""unknown"", ""6"": ""unknown"", ""7"": ""unknown"", ""8"": ""unknown"", ""9"": ""unknown""}","{""0"": ""free"", ""1"": ""free"", ""2"": ""free"", ""3"": ""free""}",[],[11],"[0, 1, 2, 3, 4, 5, 6, 7, 8, 9, 10, 12, 13, 14, 15]",False,ambiguity,False,uf_axiom,
SB_46__SB_89,SB_46,SB_89,SB-SB,1,0,0,0,0,0,0,0,0,0,1,0,early_only,random_stratified_sample,SB_46__SB_89,1,128,2,differential,sat,sat,0.003229638561606407,283.26581686735153,00107579bc3c003b0d7a006fd1573600,00107579bc3c003b0d7a006fd1573600,00493e035a3c009a7f0a006ffc41d400,False,sat,False,False,False,,"{""0"": ""free"", ""1"": ""free"", ""10"": ""unknown"", ""11"": ""unknown"", ""12"": ""free"", ""13"": ""free"", ""14"": ""free"", ""15"": ""unknown"", ""2"": ""free"", ""3"": ""free"", ""4"": ""free"", ""5"": ""unknown"", ""6"": ""unknown"", ""7"": ""free"", ""8"": ""free"", ""9"": ""free""}","{""0"": ""free"", ""1"": ""free"", ""2"": ""free"", ""3"": ""free""}",[],"[0, 1, 2, 3, 4, 7, 8, 9, 12, 13, 14]","[5, 6, 10, 11, 15]",False,ambiguity,False,uf_axiom,
MC_0__ARK_41,MC_0,ARK_41,MC-ARK,0,0,0,0,0,0,0,0,0,1,0,0,late_only,prior_strong_reproduction,MC_0__ARK_41,2,128,2,differential,sat,unsat,0.009528815746307373,172.24371204338968,a66f651322597191ab9f8f8af4c2db61,a66f651322597191ab9f8f8af4c2db61,,True,sat,False,False,False,,"{""0"": ""fixed"", ""1"": ""fixed"", ""10"": ""fixed"", ""11"": ""fixed"", ""12"": ""fixed"", ""13"": ""fixed"", ""14"": ""fixed"", ""15"": ""fixed"", ""2"": ""fixed"", ""3"": ""fixed"", ""4"": ""fixed"", ""5"": ""fixed"", ""6"": ""fixed"", ""7"": ""fixed"", ""8"": ""fixed"", ""9"": ""fixed""}","{""0"": ""fixed"", ""1"": ""fixed"", ""2"": ""fixed"", ""3"": ""fixed""}","[0, 1, 2, 3, 4, 5, 6, 7, 8, 9, 10, 11, 12, 13, 14, 15]",[],[],False,full_key_unique,True,uf_axiom,
SB_64__SR_97,SB_64,SR_97,SB-SR,0,0,1,0,0,0,0,0,1,0,0,0,early_only,random_stratified_sample,SB_64__SR_97,1,128,2,differential,sat,sat,0.002696739509701729,14.888140551745892,99107500bc002c3b0d00006fd1570000,99107500bc002c3b0d00006fd1570000,1510750030002c3b0d00006fd1570200,False,sat,False,False,False,,"{""0"": ""free"", ""1"": ""fixed"", ""10"": ""unknown"", ""11"": ""unknown"", ""12"": ""unknown"", ""13"": ""unknown"", ""14"": ""free"", ""15"": ""unknown"", ""2"": ""fixed"", ""3"": ""free"", ""4"": ""free"", ""5"": ""free"", ""6"": ""unknown"", ""7"": ""unknown"", ""8"": ""unknown"", ""9"": ""unknown""}","{""0"": ""free"", ""1"": ""free"", ""2"": ""free"", ""3"": ""free""}","[1, 2]","[0, 3, 4, 5, 14]","[6, 7, 8, 9, 10, 11, 12, 13, 15]",False,ambiguity,False,uf_axiom,
SB_7__SB_55,SB_7,SB_55,SB-SB,1,0,0,0,1,0,0,0,0,0,1,0,early_only,random_stratified_sample,SB_7__SB_55,2,192,2,differential,sat,sat,0.0034702736884355545,355.79780126176775,a600651322597100009f8f0000c2db61,a600651322597100009f8f0000c2db61,a600651322597100049f8f0000c2db61,False,sat,False,False,False,,"{""0"": ""unknown"", ""1"": ""unknown"", ""10"": ""unknown"", ""11"": ""unknown"", ""12"": ""unknown"", ""13"": ""unknown"", ""14"": ""unknown"", ""15"": ""unknown"", ""2"": ""unknown"", ""3"": ""unknown"", ""4"": ""unknown"", ""5"": ""unknown"", ""6"": ""unknown"", ""7"": ""unknown"", ""8"": ""free"", ""9"": ""unknown""}","{""0"": ""free"", ""1"": ""unknown"", ""2"": ""free"", ""3"": ""unknown""}",[],[8],"[0, 1, 2, 3, 4, 5, 6, 7, 9, 10, 11, 12, 13, 14, 15]",False,ambiguity,False,uf_axiom,
ARK_0__ARK_41,ARK_0,ARK_41,ARK-ARK,1,0,0,0,0,0,0,0,0,1,0,0,late_only,prior_strong_reproduction,ARK_0__ARK_41,2,96,2,differential,sat,unsat,0.014241747558116913,248.9678951613605,a66f651322597191ab9f8f8af4c2db61,a66f651322597191ab9f8f8af4c2db61,,True,sat,False,False,False,,"{""0"": ""fixed"", ""1"": ""fixed"", ""10"": ""fixed"", ""11"": ""fixed"", ""12"": ""fixed"", ""13"": ""fixed"", ""14"": ""fixed"", ""15"": ""fixed"", ""2"": ""fixed"", ""3"": ""fixed"", ""4"": ""fixed"", ""5"": ""fixed"", ""6"": ""fixed"", ""7"": ""fixed"", ""8"": ""fixed"", ""9"": ""fixed""}","{""0"": ""fixed"", ""1"": ""fixed"", ""2"": ""fixed"", ""3"": ""fixed""}","[0, 1, 2, 3, 4, 5, 6, 7, 8, 9, 10, 11, 12, 13, 14, 15]",[],[],False,full_key_unique,True,uf_axiom,
SB_25__SR_66,SB_25,SR_66,SB-SR,0,0,0,0,0,0,0,0,0,0,1,0,early_only,random_stratified_sample,SB_25__SR_66,2,128,2,differential,sat,sat,0.002748306840658188,37.331126207485795,a600651322590091ab008f00f4c20061,a600651322590091ab008f00f4c20061,1400651341e70091ab003000071f0037,False,sat,False,False,False,,"{""0"": ""free"", ""1"": ""free"", ""10"": ""free"", ""11"": ""unknown"", ""12"": ""free"", ""13"": ""free"", ""14"": ""unknown"", ""15"": ""free"", ""2"": ""fixed"", ""3"": ""fixed"", ""4"": ""free"", ""5"": ""free"", ""6"": ""free"", ""7"": ""fixed"", ""8"": ""fixed"", ""9"": ""unknown""}","{""0"": ""free"", ""1"": ""free"", ""2"": ""free"", ""3"": ""free""}","[2, 3, 7, 8]","[0, 1, 4, 5, 6, 10, 12, 13, 15]","[9, 11, 14]",False,ambiguity,False,uf_axiom,
SB_30__SB_123,SB_30,SB_123,SB-SB,1,0,1,0,0,0,0,0,1,0,0,0,early_only,random_stratified_sample,SB_30__SB_123,1,128,2,differential,sat,sat,0.0026101842522621155,114.88931742496789,99100079003c2c3b00008a6fd1000006,99100079003c2c3b00008a6fd1000006,d1180079008b196c0000c6cda4000006,False,sat,False,False,False,,"{""0"": ""free"", ""1"": ""free"", ""10"": ""free"", ""11"": ""free"", ""12"": ""free"", ""13"": ""free"", ""14"": ""free"", ""15"": ""fixed"", ""2"": ""free"", ""3"": ""fixed"", ""4"": ""free"", ""5"": ""free"", ""6"": ""free"", ""7"": ""free"", ""8"": ""free"", ""9"": ""free""}","{""0"": ""free"", ""1"": ""free"", ""2"": ""free"", ""3"": ""free""}","[3, 15]","[0, 1, 2, 4, 5, 6, 7, 8, 9, 10, 11, 12, 13, 14]",[],False,ambiguity,False,uf_axiom,
SB_12__SR_6,SB_12,SR_6,SB-SR,0,0,0,1,0,0,0,0,0,0,0,0,early_only,random_stratified_sample,SB_12__SR_6,2,128,2,differential,sat,sat,0.0018666237592697144,102.83923960477114,a66f00000059000000008f0000c2db61,a66f00000059000000008f0000c2db61,a6aa10000059000000008f0000c20161,False,sat,False,False,False,,"{""0"": ""unknown"", ""1"": ""free"", ""10"": ""unknown"", ""11"": ""unknown"", ""12"": ""unknown"", ""13"": ""unknown"", ""14"": ""free"", ""15"": ""unknown"", ""2"": ""free"", ""3"": ""unknown"", ""4"": ""unknown"", ""5"": ""unknown"", ""6"": ""unknown"", ""7"": ""unknown"", ""8"": ""unknown"", ""9"": ""unknown""}","{""0"": ""free"", ""1"": ""unknown"", ""2"": ""unknown"", ""3"": ""free""}",[],"[1, 2, 14]","[0, 3, 4, 5, 6, 7, 8, 9, 10, 11, 12, 13, 15]",False,ambiguity,False,uf_axiom,
SB_3__SR_109,SB_3,SR_109,SB-SR,0,0,0,0,0,0,0,0,0,0,1,0,early_only,random_stratified_sample,SB_3__SR_109,2,128,2,differential,sat,sat,0.0018149800598621368,151.68004912510514,a66f00000059000000008f0000c2db61,a66f00000059000000008f0000c2db61,a65100000059000000008f1000c2ea61,False,sat,False,False,False,,"{""0"": ""unknown"", ""1"": ""free"", ""10"": ""unknown"", ""11"": ""free"", ""12"": ""unknown"", ""13"": ""unknown"", ""14"": ""free"", ""15"": ""unknown"", ""2"": ""unknown"", ""3"": ""unknown"", ""4"": ""unknown"", ""5"": ""unknown"", ""6"": ""unknown"", ""7"": ""unknown"", ""8"": ""unknown"", ""9"": ""unknown""}","{""0"": ""free"", ""1"": ""free"", ""2"": ""free"", ""3"": ""free""}",[],"[1, 11, 14]","[0, 2, 3, 4, 5, 6, 7, 8, 9, 10, 12, 13, 15]",False,ambiguity,False,uf_axiom,
SB_71__SR_119,SB_71,SR_119,SB-SR,0,0,0,0,1,0,0,0,0,0,1,0,early_only,random_stratified_sample,SB_71__SR_119,1,128,2,differential,sat,sat,0.002675803378224373,113.39560970105231,99007579bc002c3b0d7a000000573606,99007579bc002c3b0d7a000000573606,ca007502c6004d3b0d68000000a8ab37,False,sat,False,False,False,,"{""0"": ""free"", ""1"": ""free"", ""10"": ""unknown"", ""11"": ""unknown"", ""12"": ""unknown"", ""13"": ""free"", ""14"": ""free"", ""15"": ""free"", ""2"": ""fixed"", ""3"": ""free"", ""4"": ""free"", ""5"": ""unknown"", ""6"": ""free"", ""7"": ""unknown"", ""8"": ""unknown"", ""9"": ""free""}","{""0"": ""free"", ""1"": ""free"", ""2"": ""free"", ""3"": ""free""}",[2],"[0, 1, 3, 4, 6, 9, 13, 14, 15]","[5, 7, 8, 10, 11, 12]",False,ambiguity,False,uf_axiom,
SB_63__SB_97,SB_63,SB_97,SB-SB,1,0,0,0,0,0,0,0,0,0,1,0,early_only,random_stratified_sample,SB_63__SB_97,0,192,2,differential,sat,sat,0.004348531365394592,69.07576878368855,edf4009a1900a3f3bf1e00668bd00c00,edf4009a1900a3f3bf1e00668bd00c00,a5f4009a1900a3f3821e00668b360c00,False,sat,False,False,False,,"{""0"": ""free"", ""1"": ""fixed"", ""10"": ""unknown"", ""11"": ""unknown"", ""12"": ""unknown"", ""13"": ""free"", ""14"": ""unknown"", ""15"": ""unknown"", ""2"": ""unknown"", ""3"": ""unknown"", ""4"": ""unknown"", ""5"": ""unknown"", ""6"": ""unknown"", ""7"": ""unknown"", ""8"": ""free"", ""9"": ""unknown""}","{""0"": ""free"", ""1"": ""free"", ""2"": ""free"", ""3"": ""free""}",[1],"[0, 8, 13]","[2, 3, 4, 5, 6, 7, 9, 10, 11, 12, 14, 15]",False,ambiguity,False,uf_axiom,
SB_15__SB_49,SB_15,SB_49,SB-SB,1,0,0,0,0,0,0,0,0,0,1,0,early_only,random_stratified_sample,SB_15__SB_49,1,192,2,differential,sat,sat,0.0034183766692876816,266.6669145040214,99107579bc3c2c00007a8a0000003606,99107579bc3c2c00007a8a0000003606,9910e479ba3c2c00007a8a0000023606,False,sat,False,False,False,,"{""0"": ""unknown"", ""1"": ""unknown"", ""10"": ""unknown"", ""11"": ""unknown"", ""12"": ""unknown"", ""13"": ""free"", ""14"": ""unknown"", ""15"": ""unknown"", ""2"": ""free"", ""3"": ""unknown"", ""4"": ""free"", ""5"": ""unknown"", ""6"": ""unknown"", ""7"": ""unknown"", ""8"": ""unknown"", ""9"": ""unknown""}","{""0"": ""free"", ""1"": ""free"", ""2"": ""free"", ""3"": ""free""}",[],"[2, 4, 13]","[0, 1, 3, 5, 6, 7, 8, 9, 10, 11, 12, 14, 15]",False,ambiguity,False,uf_axiom,
SB_55__SB_110,SB_55,SB_110,SB-SB,1,0,0,0,0,0,0,0,0,0,1,0,early_only,random_stratified_sample,SB_55__SB_110,1,128,2,differential,sat,sat,0.0026311296969652176,131.4209547508508,00107579bc3c2c00007a006fd1573606,00107579bc3c2c00007a006fd1573606,8010dc059e572c000086006fd10e5908,False,sat,False,False,False,,"{""0"": ""free"", ""1"": ""unknown"", ""10"": ""unknown"", ""11"": ""unknown"", ""12"": ""unknown"", ""13"": ""free"", ""14"": ""free"", ""15"": ""free"", ""2"": ""free"", ""3"": ""free"", ""4"": ""free"", ""5"": ""free"", ""6"": ""unknown"", ""7"": ""unknown"", ""8"": ""unknown"", ""9"": ""free""}","{""0"": ""free"", ""1"": ""free"", ""2"": ""free"", ""3"": ""free""}",[],"[0, 2, 3, 4, 5, 9, 13, 14, 15]","[1, 6, 7, 8, 10, 11, 12]",False,ambiguity,False,uf_axiom,
SB_69__SR_109,SB_69,SR_109,SB-SR,0,0,0,0,1,0,0,0,0,0,1,0,early_only,random_stratified_sample,SB_69__SR_109,1,128,2,differential,sat,sat,0.0030241739004850388,44.81061349622905,99107500bc3c003b0d008a0000573606,99107500bc3c003b0d008a0000573606,8810750090ac003b0d00090000b14c81,False,sat,False,False,False,,"{""0"": ""free"", ""1"": ""unknown"", ""10"": ""free"", ""11"": ""unknown"", ""12"": ""unknown"", ""13"": ""free"", ""14"": ""free"", ""15"": ""free"", ""2"": ""unknown"", ""3"": ""unknown"", ""4"": ""free"", ""5"": ""free"", ""6"": ""unknown"", ""7"": ""unknown"", ""8"": ""unknown"", ""9"": ""unknown""}","{""0"": ""free"", ""1"": ""free"", ""2"": ""free"", ""3"": ""free""}",[],"[0, 4, 5, 10, 13, 14, 15]","[1, 2, 3, 6, 7, 8, 9, 11, 12]",False,ambiguity,False,uf_axiom,
SB_69__SR_109,SB_69,SR_109,SB-SR,0,0,0,0,1,0,0,0,0,0,1,0,early_only,random_stratified_sample,SB_69__SR_109,2,128,2,differential,sat,sat,0.0026282314211130142,56.47821148857474,a66f650022590091ab008f0000c2db61,a66f650022590091ab008f0000c2db61,9a516500e0f50091ab00c2000046b2e2,False,sat,False,False,False,,"{""0"": ""free"", ""1"": ""free"", ""10"": ""free"", ""11"": ""unknown"", ""12"": ""unknown"", ""13"": ""free"", ""14"": ""free"", ""15"": ""free"", ""2"": ""fixed"", ""3"": ""unknown"", ""4"": ""free"", ""5"": ""free"", ""6"": ""unknown"", ""7"": ""unknown"", ""8"": ""unknown"", ""9"": ""unknown""}","{""0"": ""free"", ""1"": ""free"", ""2"": ""free"", ""3"": ""free""}",[2],"[0, 1, 4, 5, 10, 13, 14, 15]","[3, 6, 7, 8, 9, 11, 12]",False,ambiguity,False,uf_axiom,
SB_25__SR_66,SB_25,SR_66,SB-SR,0,0,0,0,0,0,0,0,0,0,1,0,early_only,random_stratified_sample,SB_25__SR_66,0,128,2,differential,sat,sat,0.0028917938470840454,124.0059686601162,ed003a9a19e400f3bf00ec008bd000f6,ed003a9a19e400f3bf00ec008bd000f6,c100a39abf2000f3bf20d20032d00006,False,sat,False,False,False,,"{""0"": ""free"", ""1"": ""free"", ""10"": ""free"", ""11"": ""unknown"", ""12"": ""free"", ""13"": ""unknown"", ""14"": ""unknown"", ""15"": ""free"", ""2"": ""free"", ""3"": ""fixed"", ""4"": ""free"", ""5"": ""free"", ""6"": ""unknown"", ""7"": ""unknown"", ""8"": ""unknown"", ""9"": ""free""}","{""0"": ""free"", ""1"": ""free"", ""2"": ""free"", ""3"": ""free""}",[3],"[0, 1, 2, 4, 5, 9, 10, 12, 15]","[6, 7, 8, 11, 13, 14]",False,ambiguity,False,uf_axiom,
SB_3__SR_55,SB_3,SR_55,SB-SR,0,0,0,0,0,0,0,0,0,0,1,0,early_only,random_stratified_sample,SB_3__SR_55,2,128,2,differential,sat,sat,0.0021098051220178604,259.65276929177344,a66f65000059710000008f8af4c2db61,a66f65000059710000008f8af4c2db61,2570570000d20000040090239a6a1339,False,sat,False,False,False,,"{""0"": ""free"", ""1"": ""free"", ""10"": ""free"", ""11"": ""free"", ""12"": ""free"", ""13"": ""free"", ""14"": ""free"", ""15"": ""free"", ""2"": ""free"", ""3"": ""free"", ""4"": ""free"", ""5"": ""free"", ""6"": ""free"", ""7"": ""free"", ""8"": ""free"", ""9"": ""free""}","{""0"": ""free"", ""1"": ""free"", ""2"": ""free"", ""3"": ""free""}",[],"[0, 1, 2, 3, 4, 5, 6, 7, 8, 9, 10, 11, 12, 13, 14, 15]",[],False,ambiguity,False,uf_axiom,
SB_25__SR_66,SB_25,SR_66,SB-SR,0,0,0,0,0,0,0,0,0,0,1,0,early_only,random_stratified_sample,SB_25__SR_66,1,128,2,differential,sat,sat,0.0025269556790590286,139.60527203418314,99007579bc3c003b0d008a00d1570006,99007579bc3c003b0d008a00d1570006,220075ec577300880d00300072900029,False,sat,False,False,False,,"{""0"": ""free"", ""1"": ""free"", ""10"": ""free"", ""11"": ""unknown"", ""12"": ""free"", ""13"": ""free"", ""14"": ""unknown"", ""15"": ""free"", ""2"": ""unknown"", ""3"": ""free"", ""4"": ""free"", ""5"": ""free"", ""6"": ""unknown"", ""7"": ""free"", ""8"": ""unknown"", ""9"": ""unknown""}","{""0"": ""free"", ""1"": ""free"", ""2"": ""free"", ""3"": ""free""}",[],"[0, 1, 3, 4, 5, 7, 10, 12, 13, 15]","[2, 6, 8, 9, 11, 14]",False,ambiguity,False,uf_axiom,
SB_51__SB_91,SB_51,SB_91,SB-SB,1,0,0,0,1,0,0,0,0,0,1,0,early_only,random_stratified_sample,SB_51__SB_91,1,192,2,differential,sat,sat,0.003908237442374229,525.2106282692403,00007579bc002c3b0d7a006fd1573606,00007579bc002c3b0d7a006fd1573606,000075d3bc002cf10d3c006f2d575759,False,sat,False,False,False,,"{""0"": ""free"", ""1"": ""free"", ""10"": ""unknown"", ""11"": ""unknown"", ""12"": ""free"", ""13"": ""unknown"", ""14"": ""free"", ""15"": ""free"", ""2"": ""unknown"", ""3"": ""free"", ""4"": ""unknown"", ""5"": ""unknown"", ""6"": ""unknown"", ""7"": ""free"", ""8"": ""unknown"", ""9"": ""free""}","{""0"": ""free"", ""1"": ""free"", ""2"": ""free"", ""3"": ""free""}",[],"[0, 1, 3, 7, 9, 12, 14, 15]","[2, 4, 5, 6, 8, 10, 11, 13]",False,ambiguity,False,uf_axiom,
ARK_0__ARK_8,ARK_0,ARK_8,ARK-ARK,1,0,0,1,1,0,1,0,0,0,0,0,weak_same_column,weak_same_column,ARK_0__ARK_8,0,192,2,differential,sat,unsat,0.011621775105595589,199.94052268005908,edf43a9a19e4a3f3bf1eec668bd00cf6,edf43a9a19e4a3f3bf1eec668bd00cf6,,True,sat,False,False,False,,"{""0"": ""fixed"", ""1"": ""fixed"", ""10"": ""fixed"", ""11"": ""fixed"", ""12"": ""fixed"", ""13"": ""fixed"", ""14"": ""fixed"", ""15"": ""fixed"", ""2"": ""fixed"", ""3"": ""fixed"", ""4"": ""fixed"", ""5"": ""fixed"", ""6"": ""fixed"", ""7"": ""fixed"", ""8"": ""fixed"", ""9"": ""fixed""}","{""0"": ""fixed"", ""1"": ""fixed"", ""2"": ""fixed"", ""3"": ""fixed""}","[0, 1, 2, 3, 4, 5, 6, 7, 8, 9, 10, 11, 12, 13, 14, 15]",[],[],False,full_key_unique,True,uf_axiom,
SB_29__SR_108,SB_29,SR_108,SB-SR,0,0,0,0,0,0,0,0,0,0,1,0,early_only,random_stratified_sample,SB_29__SR_108,2,128,2,differential,sat,sat,0.001839006319642067,137.91123832948506,a66f00130059000000008f00f400db61,a66f00130059000000008f00f400db61,a63500130059000000208f00f4004d61,False,sat,False,False,False,,"{""0"": ""unknown"", ""1"": ""free"", ""10"": ""unknown"", ""11"": ""unknown"", ""12"": ""unknown"", ""13"": ""unknown"", ""14"": ""free"", ""15"": ""unknown"", ""2"": ""unknown"", ""3"": ""unknown"", ""4"": ""unknown"", ""5"": ""unknown"", ""6"": ""unknown"", ""7"": ""unknown"", ""8"": ""unknown"", ""9"": ""free""}","{""0"": ""free"", ""1"": ""free"", ""2"": ""free"", ""3"": ""free""}",[],"[1, 9, 14]","[0, 2, 3, 4, 5, 6, 7, 8, 10, 11, 12, 13, 15]",False,ambiguity,False,uf_axiom,
SB_16__SB_116,SB_16,SB_116,SB-SB,1,0,1,0,0,0,0,0,1,0,0,0,early_only,random_stratified_sample,SB_16__SB_116,0,192,2,differential,sat,sat,0.00363118015229702,190.9910585489124,edf43a0000e4a3000000ec668b000cf6,edf43a0000e4a3000000ec668b000cf6,edf43a0000e4a3080000ec668b000cf6,False,sat,False,False,False,,"{""0"": ""unknown"", ""1"": ""unknown"", ""10"": ""unknown"", ""11"": ""unknown"", ""12"": ""unknown"", ""13"": ""unknown"", ""14"": ""unknown"", ""15"": ""unknown"", ""2"": ""unknown"", ""3"": ""unknown"", ""4"": ""unknown"", ""5"": ""unknown"", ""6"": ""unknown"", ""7"": ""free"", ""8"": ""unknown"", ""9"": ""unknown""}","{""0"": ""unknown"", ""1"": ""free"", ""2"": ""unknown"", ""3"": ""unknown""}",[],[7],"[0, 1, 2, 3, 4, 5, 6, 8, 9, 10, 11, 12, 13, 14, 15]",False,ambiguity,False,uf_axiom,
SR_33__SR_54,SR_33,SR_54,SR-SR,1,0,0,1,0,0,0,0,0,0,0,0,early_only,random_stratified_sample,SR_33__SR_54,2,128,2,differential,sat,sat,0.002365570515394211,27.46667468547821,a66f651322007100009f8f8af4c2db61,a66f651322007100009f8f8af4c2db61,64f960132200b40000d11847eba9dbf6,False,sat,False,False,False,,"{""0"": ""free"", ""1"": ""free"", ""10"": ""free"", ""11"": ""free"", ""12"": ""free"", ""13"": ""free"", ""14"": ""unknown"", ""15"": ""free"", ""2"": ""free"", ""3"": ""fixed"", ""4"": ""fixed"", ""5"": ""unknown"", ""6"": ""free"", ""7"": ""unknown"", ""8"": ""unknown"", ""9"": ""free""}","{""0"": ""free"", ""1"": ""free"", ""2"": ""free"", ""3"": ""free""}","[3, 4]","[0, 1, 2, 6, 9, 10, 11, 12, 13, 15]","[5, 7, 8, 14]",False,ambiguity,False,uf_axiom,
SB_62__SB_123,SB_62,SB_123,SB-SB,1,0,1,0,0,0,0,0,1,0,0,0,early_only,random_stratified_sample,SB_62__SB_123,0,192,2,differential,sat,sat,0.003944335505366325,311.62948144041,00f4009a1900a3f3001e00668b000cf6,00f4009a1900a3f3001e00668b000cf6,00f4009a1900a3f3001e00668b040cf6,False,sat,False,False,False,,"{""0"": ""unknown"", ""1"": ""unknown"", ""10"": ""unknown"", ""11"": ""unknown"", ""12"": ""unknown"", ""13"": ""free"", ""14"": ""unknown"", ""15"": ""unknown"", ""2"": ""unknown"", ""3"": ""unknown"", ""4"": ""unknown"", ""5"": ""unknown"", ""6"": ""unknown"", ""7"": ""unknown"", ""8"": ""unknown"", ""9"": ""unknown""}","{""0"": ""unknown"", ""1"": ""unknown"", ""2"": ""unknown"", ""3"": ""free""}",[],[13],"[0, 1, 2, 3, 4, 5, 6, 7, 8, 9, 10, 11, 12, 14, 15]",False,ambiguity,False,uf_axiom,
SB_29__SR_108,SB_29,SR_108,SB-SR,0,0,0,0,0,0,0,0,0,0,1,0,early_only,random_stratified_sample,SB_29__SR_108,1,128,2,differential,sat,sat,0.001967906951904297,213.70386718586087,99100079003c000000008a00d1003606,99100079003c000000008a00d1003606,991000c2003c008000002300c9005306,False,sat,False,False,False,,"{""0"": ""unknown"", ""1"": ""unknown"", ""10"": ""free"", ""11"": ""unknown"", ""12"": ""free"", ""13"": ""unknown"", ""14"": ""free"", ""15"": ""unknown"", ""2"": ""unknown"", ""3"": ""free"", ""4"": ""unknown"", ""5"": ""unknown"", ""6"": ""unknown"", ""7"": ""free"", ""8"": ""unknown"", ""9"": ""unknown""}","{""0"": ""free"", ""1"": ""free"", ""2"": ""free"", ""3"": ""free""}",[],"[3, 7, 10, 12, 14]","[0, 1, 2, 4, 5, 6, 8, 9, 11, 13, 15]",False,ambiguity,False,uf_axiom,
SB_16__SB_116,SB_16,SB_116,SB-SB,1,0,1,0,0,0,0,0,1,0,0,0,early_only,random_stratified_sample,SB_16__SB_116,2,192,2,differential,sat,sat,0.004432911053299904,484.3868910353631,a66f65000059710000008f8af400db61,a66f65000059710000008f8af400db61,a66f65000059710200008f8af400db61,False,sat,False,False,False,,"{""0"": ""unknown"", ""1"": ""unknown"", ""10"": ""unknown"", ""11"": ""unknown"", ""12"": ""unknown"", ""13"": ""unknown"", ""14"": ""unknown"", ""15"": ""unknown"", ""2"": ""unknown"", ""3"": ""unknown"", ""4"": ""unknown"", ""5"": ""unknown"", ""6"": ""unknown"", ""7"": ""free"", ""8"": ""unknown"", ""9"": ""unknown""}","{""0"": ""free"", ""1"": ""free"", ""2"": ""free"", ""3"": ""free""}",[],[7],"[0, 1, 2, 3, 4, 5, 6, 8, 9, 10, 11, 12, 13, 14, 15]",False,ambiguity,False,uf_axiom,
SB_71__SR_119,SB_71,SR_119,SB-SR,0,0,0,0,1,0,0,0,0,0,1,0,early_only,random_stratified_sample,SB_71__SR_119,2,128,2,differential,sat,sat,0.0033453982323408127,181.33898871950805,a600651322007191ab9f000000c2db61,a600651322007191ab9f000000c2db61,f5006529ef000891ab1c00000058b668,False,sat,False,False,False,,"{""0"": ""free"", ""1"": ""free"", ""10"": ""unknown"", ""11"": ""unknown"", ""12"": ""unknown"", ""13"": ""free"", ""14"": ""free"", ""15"": ""free"", ""2"": ""fixed"", ""3"": ""free"", ""4"": ""free"", ""5"": ""unknown"", ""6"": ""free"", ""7"": ""unknown"", ""8"": ""unknown"", ""9"": ""free""}","{""0"": ""free"", ""1"": ""free"", ""2"": ""free"", ""3"": ""free""}",[2],"[0, 1, 3, 4, 6, 9, 13, 14, 15]","[5, 7, 8, 10, 11, 12]",False,ambiguity,False,uf_axiom,
SB_55__SB_110,SB_55,SB_110,SB-SB,1,0,0,0,0,0,0,0,0,0,1,0,early_only,random_stratified_sample,SB_55__SB_110,2,192,2,differential,sat,sat,0.003501124680042267,209.06067809276283,006f651322597100009f008af4c2db61,006f651322597100009f008af4c2db61,406f201322597100009f008af4c2db62,False,sat,False,False,False,,"{""0"": ""free"", ""1"": ""fixed"", ""10"": ""unknown"", ""11"": ""unknown"", ""12"": ""unknown"", ""13"": ""unknown"", ""14"": ""unknown"", ""15"": ""free"", ""2"": ""free"", ""3"": ""unknown"", ""4"": ""unknown"", ""5"": ""unknown"", ""6"": ""unknown"", ""7"": ""unknown"", ""8"": ""unknown"", ""9"": ""unknown""}","{""0"": ""free"", ""1"": ""free"", ""2"": ""free"", ""3"": ""free""}",[1],"[0, 2, 15]","[3, 4, 5, 6, 7, 8, 9, 10, 11, 12, 13, 14]",False,ambiguity,False,uf_axiom,
SB_15__SB_49,SB_15,SB_49,SB-SB,1,0,0,0,0,0,0,0,0,0,1,0,early_only,random_stratified_sample,SB_15__SB_49,0,192,2,differential,sat,sat,0.0037830453366041183,434.08621170930564,edf43a9a19e4a300001eec0000000cf6,edf43a9a19e4a300001eec0000000cf6,edf43a9a19e4a300001eec0000200cf6,False,sat,False,False,False,,"{""0"": ""unknown"", ""1"": ""unknown"", ""10"": ""unknown"", ""11"": ""unknown"", ""12"": ""unknown"", ""13"": ""free"", ""14"": ""unknown"", ""15"": ""unknown"", ""2"": ""unknown"", ""3"": ""unknown"", ""4"": ""unknown"", ""5"": ""unknown"", ""6"": ""unknown"", ""7"": ""unknown"", ""8"": ""unknown"", ""9"": ""unknown""}","{""0"": ""unknown"", ""1"": ""unknown"", ""2"": ""unknown"", ""3"": ""free""}",[],[13],"[0, 1, 2, 3, 4, 5, 6, 7, 8, 9, 10, 11, 12, 14, 15]",False,ambiguity,False,uf_axiom,
MC_0__ARK_32,MC_0,ARK_32,MC-ARK,0,0,1,0,1,0,0,0,1,0,0,0,late_only,prior_strong_reproduction,MC_0__ARK_32,2,192,2,differential,sat,unsat,0.02411087229847908,145.99038200452924,a66f651322597191ab9f8f8af4c2db61,a66f651322597191ab9f8f8af4c2db61,,True,sat,False,False,False,,"{""0"": ""fixed"", ""1"": ""fixed"", ""10"": ""fixed"", ""11"": ""fixed"", ""12"": ""fixed"", ""13"": ""fixed"", ""14"": ""fixed"", ""15"": ""fixed"", ""2"": ""fixed"", ""3"": ""fixed"", ""4"": ""fixed"", ""5"": ""fixed"", ""6"": ""fixed"", ""7"": ""fixed"", ""8"": ""fixed"", ""9"": ""fixed""}","{""0"": ""fixed"", ""1"": ""fixed"", ""2"": ""fixed"", ""3"": ""fixed""}","[0, 1, 2, 3, 4, 5, 6, 7, 8, 9, 10, 11, 12, 13, 14, 15]",[],[],False,full_key_unique,True,uf_axiom,
SB_51__SB_91,SB_51,SB_91,SB-SB,1,0,0,0,1,0,0,0,0,0,1,0,early_only,random_stratified_sample,SB_51__SB_91,2,192,2,differential,sat,sat,0.00464998371899128,231.70862584747374,0000651322007191ab9f008af4c2db61,0000651322007191ab9f008af4c2db61,0000651322007191ab9f088af4c2db61,False,sat,False,False,False,,"{""0"": ""unknown"", ""1"": ""unknown"", ""10"": ""free"", ""11"": ""unknown"", ""12"": ""unknown"", ""13"": ""unknown"", ""14"": ""unknown"", ""15"": ""unknown"", ""2"": ""unknown"", ""3"": ""unknown"", ""4"": ""unknown"", ""5"": ""unknown"", ""6"": ""unknown"", ""7"": ""unknown"", ""8"": ""unknown"", ""9"": ""unknown""}","{""0"": ""free"", ""1"": ""free"", ""2"": ""free"", ""3"": ""unknown""}",[],[10],"[0, 1, 2, 3, 4, 5, 6, 7, 8, 9, 11, 12, 13, 14, 15]",False,ambiguity,False,uf_axiom,
SB_9__SB_51,SB_9,SB_51,SB-SB,1,0,0,0,0,0,0,0,0,0,1,0,early_only,random_stratified_sample,SB_9__SB_51,0,192,2,differential,sat,sat,0.0061956606805324554,473.27475437149405,edf43a9a19e4a300001eec0000000cf6,edf43a9a19e4a300001eec0000000cf6,edf43a9a19e4a300001eec0020000cf6,False,sat,False,False,False,,"{""0"": ""unknown"", ""1"": ""unknown"", ""10"": ""unknown"", ""11"": ""unknown"", ""12"": ""free"", ""13"": ""unknown"", ""14"": ""unknown"", ""15"": ""unknown"", ""2"": ""unknown"", ""3"": ""unknown"", ""4"": ""unknown"", ""5"": ""unknown"", ""6"": ""unknown"", ""7"": ""unknown"", ""8"": ""unknown"", ""9"": ""unknown""}","{""0"": ""unknown"", ""1"": ""unknown"", ""2"": ""unknown"", ""3"": ""free""}",[],[12],"[0, 1, 2, 3, 4, 5, 6, 7, 8, 9, 10, 11, 13, 14, 15]",False,ambiguity,False,uf_axiom,
SB_53__SR_101,SB_53,SR_101,SB-SR,0,0,0,0,1,0,0,0,0,0,1,0,early_only,random_stratified_sample,SB_53__SR_101,1,128,2,differential,sat,sat,0.0025138836354017258,48.697485499083996,99107579bc002c000d7a006fd1573606,99107579bc002c000d7a006fd1573606,6e1034001d002c0000b4006fd1521a3a,False,sat,False,False,False,,"{""0"": ""free"", ""1"": ""unknown"", ""10"": ""unknown"", ""11"": ""unknown"", ""12"": ""unknown"", ""13"": ""free"", ""14"": ""free"", ""15"": ""free"", ""2"": ""free"", ""3"": ""free"", ""4"": ""free"", ""5"": ""unknown"", ""6"": ""unknown"", ""7"": ""unknown"", ""8"": ""free"", ""9"": ""free""}","{""0"": ""free"", ""1"": ""free"", ""2"": ""free"", ""3"": ""free""}",[],"[0, 2, 3, 4, 8, 9, 13, 14, 15]","[1, 5, 6, 7, 10, 11, 12]",False,ambiguity,False,uf_axiom,
SB_87__SB_103,SB_87,SB_103,SB-SB,1,0,0,0,1,0,0,0,0,0,1,0,early_only,random_stratified_sample,SB_87__SB_103,1,192,2,differential,sat,sat,0.004506202414631844,124.39448522217572,99107500bc002c3b0d008a6fd1570006,99107500bc002c3b0d008a6fd1570006,131075000000ef3b0d008c6fd13300a1,False,sat,False,False,False,,"{""0"": ""free"", ""1"": ""unknown"", ""10"": ""free"", ""11"": ""unknown"", ""12"": ""unknown"", ""13"": ""free"", ""14"": ""unknown"", ""15"": ""free"", ""2"": ""unknown"", ""3"": ""unknown"", ""4"": ""free"", ""5"": ""unknown"", ""6"": ""free"", ""7"": ""unknown"", ""8"": ""unknown"", ""9"": ""unknown""}","{""0"": ""free"", ""1"": ""free"", ""2"": ""free"", ""3"": ""free""}",[],"[0, 4, 6, 10, 13, 15]","[1, 2, 3, 5, 7, 8, 9, 11, 12, 14]",False,ambiguity,False,uf_axiom,
SR_0__SR_57,SR_0,SR_57,SR-SR,1,0,0,0,0,0,0,0,0,0,1,0,early_only,random_stratified_sample,SR_0__SR_57,1,128,2,differential,sat,sat,0.0020389817655086517,2.240355337038636,99000079003c000000008a00d1570006,99000079003c000000008a00d1570006,99000079003c00000000200026740006,False,sat,False,False,False,,"{""0"": ""fixed"", ""1"": ""free"", ""10"": ""free"", ""11"": ""free"", ""12"": ""free"", ""13"": ""free"", ""14"": ""free"", ""15"": ""fixed"", ""2"": ""free"", ""3"": ""free"", ""4"": ""free"", ""5"": ""fixed"", ""6"": ""free"", ""7"": ""free"", ""8"": ""free"", ""9"": ""free""}","{""0"": ""free"", ""1"": ""free"", ""2"": ""free"", ""3"": ""free""}","[0, 5, 15]","[1, 2, 3, 4, 6, 7, 8, 9, 10, 11, 12, 13, 14]",[],False,ambiguity,False,uf_axiom,
SB_62__SB_123,SB_62,SB_123,SB-SB,1,0,1,0,0,0,0,0,1,0,0,0,early_only,random_stratified_sample,SB_62__SB_123,1,192,2,differential,sat,sat,0.003745676949620247,156.6739390976727,00100079bc002c3b007a006fd1003606,00100079bc002c3b007a006fd1003606,00100079bc002c3b007a006fd1083606,False,sat,False,False,False,,"{""0"": ""free"", ""1"": ""unknown"", ""10"": ""unknown"", ""11"": ""unknown"", ""12"": ""unknown"", ""13"": ""free"", ""14"": ""unknown"", ""15"": ""unknown"", ""2"": ""unknown"", ""3"": ""unknown"", ""4"": ""unknown"", ""5"": ""unknown"", ""6"": ""unknown"", ""7"": ""unknown"", ""8"": ""unknown"", ""9"": ""unknown""}","{""0"": ""free"", ""1"": ""free"", ""2"": ""free"", ""3"": ""free""}",[],"[0, 13]","[1, 2, 3, 4, 5, 6, 7, 8, 9, 10, 11, 12, 14, 15]",False,ambiguity,False,uf_axiom,
SB_29__SR_108,SB_29,SR_108,SB-SR,0,0,0,0,0,0,0,0,0,0,1,0,early_only,random_stratified_sample,SB_29__SR_108,0,128,2,differential,sat,sat,0.0023259278386831284,90.88816563598812,edf4009a00e400000000ec008b000cf6,edf4009a00e400000000ec008b000cf6,ed36006200e400000000ec0007006df6,False,sat,False,False,False,,"{""0"": ""unknown"", ""1"": ""free"", ""10"": ""unknown"", ""11"": ""unknown"", ""12"": ""free"", ""13"": ""unknown"", ""14"": ""free"", ""15"": ""unknown"", ""2"": ""unknown"", ""3"": ""free"", ""4"": ""unknown"", ""5"": ""unknown"", ""6"": ""unknown"", ""7"": ""unknown"", ""8"": ""unknown"", ""9"": ""unknown""}","{""0"": ""free"", ""1"": ""unknown"", ""2"": ""unknown"", ""3"": ""free""}",[],"[1, 3, 12, 14]","[0, 2, 4, 5, 6, 7, 8, 9, 10, 11, 13, 15]",False,ambiguity,False,uf_axiom,
SB_51__SB_91,SB_51,SB_91,SB-SB,1,0,0,0,1,0,0,0,0,0,1,0,early_only,random_stratified_sample,SB_51__SB_91,0,192,2,differential,sat,sat,0.003947392106056213,420.24985934235156,00003a9a1900a3f3bf1e00668bd00cf6,00003a9a1900a3f3bf1e00668bd00cf6,0001529a1900a3f3bf1e0066cdd00c95,False,sat,False,False,False,,"{""0"": ""free"", ""1"": ""free"", ""10"": ""unknown"", ""11"": ""unknown"", ""12"": ""free"", ""13"": ""unknown"", ""14"": ""unknown"", ""15"": ""free"", ""2"": ""free"", ""3"": ""unknown"", ""4"": ""unknown"", ""5"": ""unknown"", ""6"": ""unknown"", ""7"": ""unknown"", ""8"": ""unknown"", ""9"": ""unknown""}","{""0"": ""free"", ""1"": ""free"", ""2"": ""free"", ""3"": ""free""}",[],"[0, 1, 2, 12, 15]","[3, 4, 5, 6, 7, 8, 9, 10, 11, 13, 14]",False,ambiguity,False,uf_axiom,
ARK_0__ARK_41,ARK_0,ARK_41,ARK-ARK,1,0,0,0,0,0,0,0,0,1,0,0,late_only,prior_strong_reproduction,ARK_0__ARK_41,1,128,2,differential,sat,unsat,0.009598366916179657,165.6915558166802,99107579bc3c2c3b0d7a8a6fd1573606,99107579bc3c2c3b0d7a8a6fd1573606,,True,sat,False,False,False,,"{""0"": ""fixed"", ""1"": ""fixed"", ""10"": ""fixed"", ""11"": ""fixed"", ""12"": ""fixed"", ""13"": ""fixed"", ""14"": ""fixed"", ""15"": ""fixed"", ""2"": ""fixed"", ""3"": ""fixed"", ""4"": ""fixed"", ""5"": ""fixed"", ""6"": ""fixed"", ""7"": ""fixed"", ""8"": ""fixed"", ""9"": ""fixed""}","{""0"": ""fixed"", ""1"": ""fixed"", ""2"": ""fixed"", ""3"": ""fixed""}","[0, 1, 2, 3, 4, 5, 6, 7, 8, 9, 10, 11, 12, 13, 14, 15]",[],[],False,full_key_unique,True,uf_axiom,
SB_16__SB_116,SB_16,SB_116,SB-SB,1,0,1,0,0,0,0,0,1,0,0,0,early_only,random_stratified_sample,SB_16__SB_116,1,192,2,differential,sat,sat,0.004343988373875618,188.82750184834003,99107500003c2c0000008a6fd1003606,99107500003c2c0000008a6fd1003606,99107500003c2c0000008a6fd1043606,False,sat,False,False,False,,"{""0"": ""unknown"", ""1"": ""unknown"", ""10"": ""unknown"", ""11"": ""unknown"", ""12"": ""unknown"", ""13"": ""free"", ""14"": ""unknown"", ""15"": ""unknown"", ""2"": ""unknown"", ""3"": ""unknown"", ""4"": ""unknown"", ""5"": ""unknown"", ""6"": ""unknown"", ""7"": ""unknown"", ""8"": ""unknown"", ""9"": ""unknown""}","{""0"": ""free"", ""1"": ""free"", ""2"": ""free"", ""3"": ""free""}",[],[13],"[0, 1, 2, 3, 4, 5, 6, 7, 8, 9, 10, 11, 12, 14, 15]",False,ambiguity,False,uf_axiom,
SB_53__SR_101,SB_53,SR_101,SB-SR,0,0,0,0,1,0,0,0,0,0,1,0,early_only,random_stratified_sample,SB_53__SR_101,0,128,2,differential,sat,sat,0.002495240420103073,121.49655780941248,edf43a9a1900a300bf1e00668bd00cf6,edf43a9a1900a300bf1e00668bd00cf6,121ecce8c000a300083000668b18b652,False,sat,False,False,False,,"{""0"": ""free"", ""1"": ""free"", ""10"": ""free"", ""11"": ""unknown"", ""12"": ""unknown"", ""13"": ""free"", ""14"": ""free"", ""15"": ""free"", ""2"": ""free"", ""3"": ""free"", ""4"": ""free"", ""5"": ""free"", ""6"": ""fixed"", ""7"": ""free"", ""8"": ""free"", ""9"": ""free""}","{""0"": ""free"", ""1"": ""free"", ""2"": ""free"", ""3"": ""free""}",[6],"[0, 1, 2, 3, 4, 5, 7, 8, 9, 10, 13, 14, 15]","[11, 12]",False,ambiguity,False,uf_axiom,
SR_0__SR_57,SR_0,SR_57,SR-SR,1,0,0,0,0,0,0,0,0,0,1,0,early_only,random_stratified_sample,SR_0__SR_57,0,128,2,differential,sat,sat,0.0028321295976638794,4.191575117409229,ed00009a00e400000000ec008bd000f6,ed00009a00e400000000ec008bd000f6,ed00809a00e400000000ec008bd000f6,False,sat,False,False,False,,"{""0"": ""fixed"", ""1"": ""free"", ""10"": ""unknown"", ""11"": ""unknown"", ""12"": ""unknown"", ""13"": ""unknown"", ""14"": ""unknown"", ""15"": ""unknown"", ""2"": ""free"", ""3"": ""fixed"", ""4"": ""free"", ""5"": ""fixed"", ""6"": ""free"", ""7"": ""free"", ""8"": ""free"", ""9"": ""free""}","{""0"": ""free"", ""1"": ""free"", ""2"": ""free"", ""3"": ""free""}","[0, 3, 5]","[1, 2, 4, 6, 7, 8, 9]","[10, 11, 12, 13, 14, 15]",False,ambiguity,False,uf_axiom,
SB_63__SB_97,SB_63,SB_97,SB-SB,1,0,0,0,0,0,0,0,0,0,1,0,early_only,random_stratified_sample,SB_63__SB_97,2,192,2,differential,sat,sat,0.003778284415602684,102.96126062609255,a66f001322007191ab9f008af4c2db00,a66f001322007191ab9f008af4c2db00,0496001322007191109f008af4cadb00,False,sat,False,False,False,,"{""0"": ""free"", ""1"": ""free"", ""10"": ""unknown"", ""11"": ""unknown"", ""12"": ""unknown"", ""13"": ""free"", ""14"": ""unknown"", ""15"": ""unknown"", ""2"": ""free"", ""3"": ""unknown"", ""4"": ""unknown"", ""5"": ""unknown"", ""6"": ""unknown"", ""7"": ""unknown"", ""8"": ""free"", ""9"": ""unknown""}","{""0"": ""free"", ""1"": ""free"", ""2"": ""free"", ""3"": ""free""}",[],"[0, 1, 2, 8, 13]","[3, 4, 5, 6, 7, 9, 10, 11, 12, 14, 15]",False,ambiguity,False,uf_axiom,
SB_3__SR_55,SB_3,SR_55,SB-SR,0,0,0,0,0,0,0,0,0,0,1,0,early_only,random_stratified_sample,SB_3__SR_55,0,128,2,differential,sat,sat,0.002807116135954857,126.33928303234279,edf43a0000e4a3000000ec668bd00cf6,edf43a0000e4a3000000ec668bd00cf6,ed38df0000e49f000000ec3204d088f6,False,sat,False,False,False,,"{""0"": ""fixed"", ""1"": ""free"", ""10"": ""unknown"", ""11"": ""free"", ""12"": ""free"", ""13"": ""unknown"", ""14"": ""free"", ""15"": ""unknown"", ""2"": ""free"", ""3"": ""free"", ""4"": ""free"", ""5"": ""unknown"", ""6"": ""free"", ""7"": ""unknown"", ""8"": ""unknown"", ""9"": ""unknown""}","{""0"": ""free"", ""1"": ""free"", ""2"": ""free"", ""3"": ""free""}",[0],"[1, 2, 3, 4, 6, 11, 12, 14]","[5, 7, 8, 9, 10, 13, 15]",False,ambiguity,False,uf_axiom,
SB_69__SR_109,SB_69,SR_109,SB-SR,0,0,0,0,1,0,0,0,0,0,1,0,early_only,random_stratified_sample,SB_69__SR_109,0,128,2,differential,sat,sat,0.0026119593530893326,264.4492706526071,edf43a0019e400f3bf00ec0000d00cf6,edf43a0019e400f3bf00ec0000d00cf6,54f402008112009fbf004d0000d09821,False,sat,False,False,False,,"{""0"": ""free"", ""1"": ""unknown"", ""10"": ""free"", ""11"": ""unknown"", ""12"": ""unknown"", ""13"": ""unknown"", ""14"": ""free"", ""15"": ""free"", ""2"": ""free"", ""3"": ""unknown"", ""4"": ""free"", ""5"": ""free"", ""6"": ""unknown"", ""7"": ""free"", ""8"": ""unknown"", ""9"": ""unknown""}","{""0"": ""free"", ""1"": ""free"", ""2"": ""free"", ""3"": ""free""}",[],"[0, 2, 4, 5, 7, 10, 14, 15]","[1, 3, 6, 8, 9, 11, 12, 13]",False,ambiguity,False,uf_axiom,
MC_0__MC_32,MC_0,MC_32,MC-MC,1,0,1,0,1,0,0,0,1,0,0,0,late_only,prior_strong_reproduction,MC_0__MC_32,2,255,2,differential,sat,unsat,0.03162837401032448,285.8064880836755,a66f651322597191ab9f8f8af4c2db61,a66f651322597191ab9f8f8af4c2db61,,True,sat,False,False,False,,"{""0"": ""fixed"", ""1"": ""fixed"", ""10"": ""fixed"", ""11"": ""fixed"", ""12"": ""fixed"", ""13"": ""fixed"", ""14"": ""fixed"", ""15"": ""fixed"", ""2"": ""fixed"", ""3"": ""fixed"", ""4"": ""fixed"", ""5"": ""fixed"", ""6"": ""fixed"", ""7"": ""fixed"", ""8"": ""fixed"", ""9"": ""fixed""}","{""0"": ""fixed"", ""1"": ""fixed"", ""2"": ""fixed"", ""3"": ""fixed""}","[0, 1, 2, 3, 4, 5, 6, 7, 8, 9, 10, 11, 12, 13, 14, 15]",[],[],False,full_key_unique,True,uf_axiom,
SR_65__SR_115,SR_65,SR_115,SR-SR,1,0,0,0,0,0,0,0,0,0,1,0,early_only,random_stratified_sample,SR_65__SR_115,1,128,2,differential,sat,sat,0.002509232610464096,45.4248489998281,99007579bc002c3b0d7a000000573606,99007579bc002c3b0d7a000000573606,ea00753964002c3b0d0500000041f794,False,sat,False,False,False,,"{""0"": ""free"", ""1"": ""free"", ""10"": ""unknown"", ""11"": ""unknown"", ""12"": ""unknown"", ""13"": ""free"", ""14"": ""free"", ""15"": ""free"", ""2"": ""fixed"", ""3"": ""free"", ""4"": ""free"", ""5"": ""unknown"", ""6"": ""unknown"", ""7"": ""unknown"", ""8"": ""unknown"", ""9"": ""free""}","{""0"": ""free"", ""1"": ""free"", ""2"": ""free"", ""3"": ""free""}",[2],"[0, 1, 3, 4, 9, 13, 14, 15]","[5, 6, 7, 8, 10, 11, 12]",False,ambiguity,False,uf_axiom,
SR_33__SR_54,SR_33,SR_54,SR-SR,1,0,0,1,0,0,0,0,0,0,0,0,early_only,random_stratified_sample,SR_33__SR_54,0,128,2,differential,sat,sat,0.0025673341006040573,157.83657938614488,edf43a9a1900a300001eec668bd00cf6,edf43a9a1900a300001eec668bd00cf6,00dc049a1900ec00101ed86104750c28,False,sat,False,False,False,,"{""0"": ""free"", ""1"": ""free"", ""10"": ""free"", ""11"": ""free"", ""12"": ""free"", ""13"": ""free"", ""14"": ""unknown"", ""15"": ""free"", ""2"": ""free"", ""3"": ""unknown"", ""4"": ""unknown"", ""5"": ""unknown"", ""6"": ""free"", ""7"": ""unknown"", ""8"": ""free"", ""9"": ""unknown""}","{""0"": ""free"", ""1"": ""free"", ""2"": ""free"", ""3"": ""free""}",[],"[0, 1, 2, 6, 8, 10, 11, 12, 13, 15]","[3, 4, 5, 7, 9, 14]",False,ambiguity,False,uf_axiom,
SB_9__SB_51,SB_9,SB_51,SB-SB,1,0,0,0,0,0,0,0,0,0,1,0,early_only,random_stratified_sample,SB_9__SB_51,2,192,2,differential,sat,sat,0.003427572548389435,430.42999617010355,a66f651322597100009f8f000000db61,a66f651322597100009f8f000000db61,a66f651322597100009f8f000040db61,False,sat,False,False,False,,"{""0"": ""unknown"", ""1"": ""unknown"", ""10"": ""unknown"", ""11"": ""unknown"", ""12"": ""unknown"", ""13"": ""free"", ""14"": ""unknown"", ""15"": ""unknown"", ""2"": ""unknown"", ""3"": ""unknown"", ""4"": ""unknown"", ""5"": ""unknown"", ""6"": ""unknown"", ""7"": ""unknown"", ""8"": ""unknown"", ""9"": ""unknown""}","{""0"": ""unknown"", ""1"": ""unknown"", ""2"": ""unknown"", ""3"": ""free""}",[],[13],"[0, 1, 2, 3, 4, 5, 6, 7, 8, 9, 10, 11, 12, 14, 15]",False,ambiguity,False,uf_axiom,
SR_0__SR_57,SR_0,SR_57,SR-SR,1,0,0,0,0,0,0,0,0,0,1,0,early_only,random_stratified_sample,SR_0__SR_57,2,128,2,differential,sat,sat,0.0017384439706802368,43.45302730053663,a60000130059000000008f00f4c20061,a60000130059000000008f00f4c20061,a60020130059000000008f00f4c20061,False,sat,False,False,False,,"{""0"": ""unknown"", ""1"": ""unknown"", ""10"": ""unknown"", ""11"": ""unknown"", ""12"": ""unknown"", ""13"": ""unknown"", ""14"": ""unknown"", ""15"": ""unknown"", ""2"": ""free"", ""3"": ""unknown"", ""4"": ""unknown"", ""5"": ""unknown"", ""6"": ""unknown"", ""7"": ""unknown"", ""8"": ""unknown"", ""9"": ""unknown""}","{""0"": ""free"", ""1"": ""free"", ""2"": ""free"", ""3"": ""free""}",[],[2],"[0, 1, 3, 4, 5, 6, 7, 8, 9, 10, 11, 12, 13, 14, 15]",False,ambiguity,False,uf_axiom,
SR_10__SR_63,SR_10,SR_63,SR-SR,1,0,0,0,0,0,0,0,0,0,1,0,early_only,random_stratified_sample,SR_10__SR_63,0,128,2,differential,sat,sat,0.0026536546647548676,24.267628386616707,edf4009a19e40000001eec008b000cf6,edf4009a19e40000001eec008b000cf6,edac009a72e40040001eec008b00e2f6,False,sat,False,False,False,,"{""0"": ""unknown"", ""1"": ""free"", ""10"": ""unknown"", ""11"": ""unknown"", ""12"": ""unknown"", ""13"": ""unknown"", ""14"": ""free"", ""15"": ""unknown"", ""2"": ""unknown"", ""3"": ""unknown"", ""4"": ""free"", ""5"": ""unknown"", ""6"": ""unknown"", ""7"": ""free"", ""8"": ""unknown"", ""9"": ""unknown""}","{""0"": ""free"", ""1"": ""free"", ""2"": ""free"", ""3"": ""free""}",[],"[1, 4, 7, 14]","[0, 2, 3, 5, 6, 8, 9, 10, 11, 12, 13, 15]",False,ambiguity,False,uf_axiom,
SR_72__SR_122,SR_72,SR_122,SR-SR,1,0,0,0,0,0,0,0,0,0,1,0,early_only,random_stratified_sample,SR_72__SR_122,0,128,2,differential,sat,sat,0.002549290657043457,86.73781002312899,00f43a9a00e4a3f3bf1e00668bd00c00,00f43a9a00e4a3f3bf1e00668bd00c00,0008316000c4a3fcfc2b00668bd03900,False,sat,False,False,False,,"{""0"": ""free"", ""1"": ""free"", ""10"": ""unknown"", ""11"": ""unknown"", ""12"": ""unknown"", ""13"": ""unknown"", ""14"": ""free"", ""15"": ""unknown"", ""2"": ""free"", ""3"": ""free"", ""4"": ""free"", ""5"": ""free"", ""6"": ""unknown"", ""7"": ""free"", ""8"": ""free"", ""9"": ""free""}","{""0"": ""free"", ""1"": ""free"", ""2"": ""free"", ""3"": ""free""}",[],"[0, 1, 2, 3, 4, 5, 7, 8, 9, 14]","[6, 10, 11, 12, 13, 15]",False,ambiguity,False,uf_axiom,
SR_10__SR_63,SR_10,SR_63,SR-SR,1,0,0,0,0,0,0,0,0,0,1,0,early_only,random_stratified_sample,SR_10__SR_63,2,128,2,differential,sat,sat,0.0022346004843711853,9.51265611127019,a66f001322590000009f8f00f400db61,a66f001322590000009f8f00f400db61,b10e001304590000009f78008400db61,False,sat,False,False,False,,"{""0"": ""free"", ""1"": ""free"", ""10"": ""free"", ""11"": ""unknown"", ""12"": ""free"", ""13"": ""unknown"", ""14"": ""unknown"", ""15"": ""unknown"", ""2"": ""free"", ""3"": ""fixed"", ""4"": ""free"", ""5"": ""fixed"", ""6"": ""free"", ""7"": ""free"", ""8"": ""free"", ""9"": ""unknown""}","{""0"": ""free"", ""1"": ""free"", ""2"": ""free"", ""3"": ""free""}","[3, 5]","[0, 1, 2, 4, 6, 7, 8, 10, 12]","[9, 11, 13, 14, 15]",False,ambiguity,False,uf_axiom,
MC_0__ARK_41,MC_0,ARK_41,MC-ARK,0,0,0,0,0,0,0,0,0,1,0,0,late_only,prior_strong_reproduction,MC_0__ARK_41,1,192,2,differential,sat,unsat,0.016593901440501213,178.21781170740724,99107579bc3c2c3b0d7a8a6fd1573606,99107579bc3c2c3b0d7a8a6fd1573606,,True,sat,False,False,False,,"{""0"": ""fixed"", ""1"": ""fixed"", ""10"": ""fixed"", ""11"": ""fixed"", ""12"": ""fixed"", ""13"": ""fixed"", ""14"": ""fixed"", ""15"": ""fixed"", ""2"": ""fixed"", ""3"": ""fixed"", ""4"": ""fixed"", ""5"": ""fixed"", ""6"": ""fixed"", ""7"": ""fixed"", ""8"": ""fixed"", ""9"": ""fixed""}","{""0"": ""fixed"", ""1"": ""fixed"", ""2"": ""fixed"", ""3"": ""fixed""}","[0, 1, 2, 3, 4, 5, 6, 7, 8, 9, 10, 11, 12, 13, 14, 15]",[],[],False,full_key_unique,True,uf_axiom,
SR_65__SR_115,SR_65,SR_115,SR-SR,1,0,0,0,0,0,0,0,0,0,1,0,early_only,random_stratified_sample,SR_65__SR_115,0,128,2,differential,sat,sat,0.00258580781519413,183.17376363649964,ed003a9a1900a3f3bf1e000000d00cf6,ed003a9a1900a3f3bf1e000000d00cf6,1c00580a0200a3f3bf13000000d09158,False,sat,False,False,False,,"{""0"": ""free"", ""1"": ""free"", ""10"": ""unknown"", ""11"": ""unknown"", ""12"": ""unknown"", ""13"": ""unknown"", ""14"": ""free"", ""15"": ""free"", ""2"": ""free"", ""3"": ""free"", ""4"": ""free"", ""5"": ""free"", ""6"": ""fixed"", ""7"": ""unknown"", ""8"": ""unknown"", ""9"": ""free""}","{""0"": ""free"", ""1"": ""free"", ""2"": ""free"", ""3"": ""free""}",[6],"[0, 1, 2, 3, 4, 5, 9, 14, 15]","[7, 8, 10, 11, 12, 13]",False,ambiguity,False,uf_axiom,
SR_46__SR_72,SR_46,SR_72,SR-SR,1,0,1,0,0,0,0,0,1,0,0,0,early_only,random_stratified_sample,SR_46__SR_72,0,128,2,differential,sat,sat,0.0027051549404859543,228.91316377557814,00f43a0000e4a3f3bf1e00668bd00c00,00f43a0000e4a3f3bf1e00668bd00c00,00275f00002275acbf1e001d29d0c500,False,sat,False,False,False,,"{""0"": ""unknown"", ""1"": ""free"", ""10"": ""unknown"", ""11"": ""free"", ""12"": ""free"", ""13"": ""unknown"", ""14"": ""free"", ""15"": ""unknown"", ""2"": ""free"", ""3"": ""unknown"", ""4"": ""unknown"", ""5"": ""free"", ""6"": ""free"", ""7"": ""free"", ""8"": ""unknown"", ""9"": ""unknown""}","{""0"": ""free"", ""1"": ""free"", ""2"": ""free"", ""3"": ""free""}",[],"[1, 2, 5, 6, 7, 11, 12, 14]","[0, 3, 4, 8, 9, 10, 13, 15]",False,ambiguity,False,uf_axiom,
SR_82__SR_119,SR_82,SR_119,SR-SR,1,0,1,0,0,0,0,0,1,0,0,0,early_only,random_stratified_sample,SR_82__SR_119,0,128,2,differential,sat,sat,0.0026249587535858154,227.29542710259557,ed003a9a19e4a300001eec0000000cf6,ed003a9a19e4a300001eec0000000cf6,ed003a85c8e4a30000caec004000a5f6,False,sat,False,False,False,,"{""0"": ""unknown"", ""1"": ""unknown"", ""10"": ""unknown"", ""11"": ""unknown"", ""12"": ""free"", ""13"": ""unknown"", ""14"": ""free"", ""15"": ""unknown"", ""2"": ""unknown"", ""3"": ""free"", ""4"": ""free"", ""5"": ""unknown"", ""6"": ""unknown"", ""7"": ""unknown"", ""8"": ""unknown"", ""9"": ""free""}","{""0"": ""free"", ""1"": ""free"", ""2"": ""free"", ""3"": ""free""}",[],"[3, 4, 9, 12, 14]","[0, 1, 2, 5, 6, 7, 8, 10, 11, 13, 15]",False,ambiguity,False,uf_axiom,
SR_10__SR_63,SR_10,SR_63,SR-SR,1,0,0,0,0,0,0,0,0,0,1,0,early_only,random_stratified_sample,SR_10__SR_63,1,128,2,differential,sat,sat,0.0022270027548074722,16.426817055791616,99100079bc3c0000007a8a00d1003606,99100079bc3c0000007a8a00d1003606,99cb0228a43c000000bd8c003f00c406,False,sat,False,False,False,,"{""0"": ""fixed"", ""1"": ""free"", ""10"": ""free"", ""11"": ""unknown"", ""12"": ""free"", ""13"": ""unknown"", ""14"": ""free"", ""15"": ""unknown"", ""2"": ""free"", ""3"": ""free"", ""4"": ""free"", ""5"": ""fixed"", ""6"": ""unknown"", ""7"": ""unknown"", ""8"": ""unknown"", ""9"": ""free""}","{""0"": ""free"", ""1"": ""free"", ""2"": ""free"", ""3"": ""free""}","[0, 5]","[1, 2, 3, 4, 9, 10, 12, 14]","[6, 7, 8, 11, 13, 15]",False,ambiguity,False,uf_axiom,
SR_10__SR_97,SR_10,SR_97,SR-SR,1,0,0,0,0,0,0,0,0,0,1,0,early_only,random_stratified_sample,SR_10__SR_97,2,128,2,differential,sat,sat,0.003926372155547142,186.9900946635753,a66f001322597100ab9f008af4c2db00,a66f001322597100ab9f008af4c2db00,3a9c0052c603d900480400245fdf9500,False,sat,False,False,False,,"{""0"": ""free"", ""1"": ""free"", ""10"": ""free"", ""11"": ""free"", ""12"": ""free"", ""13"": ""free"", ""14"": ""free"", ""15"": ""free"", ""2"": ""free"", ""3"": ""free"", ""4"": ""free"", ""5"": ""free"", ""6"": ""free"", ""7"": ""free"", ""8"": ""free"", ""9"": ""free""}","{""0"": ""free"", ""1"": ""free"", ""2"": ""free"", ""3"": ""free""}",[],"[0, 1, 2, 3, 4, 5, 6, 7, 8, 9, 10, 11, 12, 13, 14, 15]",[],False,ambiguity,False,uf_axiom,
SB_46__SB_89,SB_46,SB_89,SB-SB,1,0,0,0,0,0,0,0,0,0,1,0,early_only,random_stratified_sample,SB_46__SB_89,0,192,2,differential,sat,sat,0.003941444680094719,299.29781987145543,00f43a9a19e400f3bf1e00668bd00c00,00f43a9a19e400f3bf1e00668bd00c00,00b3669a19a300f3bf1e0066e6d00c01,False,sat,False,False,False,,"{""0"": ""free"", ""1"": ""free"", ""10"": ""unknown"", ""11"": ""unknown"", ""12"": ""free"", ""13"": ""unknown"", ""14"": ""unknown"", ""15"": ""free"", ""2"": ""free"", ""3"": ""unknown"", ""4"": ""unknown"", ""5"": ""free"", ""6"": ""unknown"", ""7"": ""unknown"", ""8"": ""unknown"", ""9"": ""unknown""}","{""0"": ""free"", ""1"": ""free"", ""2"": ""free"", ""3"": ""free""}",[],"[0, 1, 2, 5, 12, 15]","[3, 4, 6, 7, 8, 9, 10, 11, 13, 14]",False,ambiguity,False,uf_axiom,
SB_87__SB_103,SB_87,SB_103,SB-SB,1,0,0,0,1,0,0,0,0,0,1,0,early_only,random_stratified_sample,SB_87__SB_103,2,192,2,differential,sat,sat,0.005928611382842064,197.31078426353633,a66f650022007191ab008f8af4c20061,a66f650022007191ab008f8af4c20061,806f650004007191ab008f8af4c20061,False,sat,False,False,False,,"{""0"": ""free"", ""1"": ""unknown"", ""10"": ""unknown"", ""11"": ""unknown"", ""12"": ""unknown"", ""13"": ""unknown"", ""14"": ""unknown"", ""15"": ""unknown"", ""2"": ""unknown"", ""3"": ""unknown"", ""4"": ""free"", ""5"": ""unknown"", ""6"": ""unknown"", ""7"": ""unknown"", ""8"": ""unknown"", ""9"": ""unknown""}","{""0"": ""free"", ""1"": ""free"", ""2"": ""free"", ""3"": ""free""}",[],"[0, 4]","[1, 2, 3, 5, 6, 7, 8, 9, 10, 11, 12, 13, 14, 15]",False,ambiguity,False,uf_axiom,
SR_10__SR_97,SR_10,SR_97,SR-SR,1,0,0,0,0,0,0,0,0,0,1,0,early_only,random_stratified_sample,SR_10__SR_97,1,128,2,differential,sat,sat,0.0026141051203012466,78.70553149469197,99100079bc3c2c000d7a006fd1573600,99100079bc3c2c000d7a006fd1573600,871000a2883c34105173006fd186c900,False,sat,False,False,False,,"{""0"": ""free"", ""1"": ""fixed"", ""10"": ""unknown"", ""11"": ""unknown"", ""12"": ""unknown"", ""13"": ""free"", ""14"": ""free"", ""15"": ""unknown"", ""2"": ""unknown"", ""3"": ""free"", ""4"": ""free"", ""5"": ""unknown"", ""6"": ""free"", ""7"": ""free"", ""8"": ""free"", ""9"": ""free""}","{""0"": ""free"", ""1"": ""free"", ""2"": ""free"", ""3"": ""free""}",[1],"[0, 3, 4, 6, 7, 8, 9, 13, 14]","[2, 5, 10, 11, 12, 15]",False,ambiguity,False,uf_axiom,
SR_10__SR_97,SR_10,SR_97,SR-SR,1,0,0,0,0,0,0,0,0,0,1,0,early_only,random_stratified_sample,SR_10__SR_97,0,128,2,differential,sat,sat,0.002359863370656967,185.02807942964137,edf4009a19e4a300bf1e00668bd00c00,edf4009a19e4a300bf1e00668bd00c00,e83908ed87b0a30003ff00a9cee49400,False,sat,False,False,False,,"{""0"": ""free"", ""1"": ""free"", ""10"": ""unknown"", ""11"": ""free"", ""12"": ""free"", ""13"": ""free"", ""14"": ""free"", ""15"": ""unknown"", ""2"": ""free"", ""3"": ""free"", ""4"": ""free"", ""5"": ""free"", ""6"": ""unknown"", ""7"": ""unknown"", ""8"": ""free"", ""9"": ""free""}","{""0"": ""free"", ""1"": ""free"", ""2"": ""free"", ""3"": ""free""}",[],"[0, 1, 2, 3, 4, 5, 8, 9, 11, 12, 13, 14]","[6, 7, 10, 15]",False,ambiguity,False,uf_axiom,
SB_46__SB_89,SB_46,SB_89,SB-SB,1,0,0,0,0,0,0,0,0,0,1,0,early_only,random_stratified_sample,SB_46__SB_89,2,192,2,differential,sat,sat,0.006079407408833504,159.90519868023694,006f651322590091ab9f008af4c2db00,006f651322590091ab9f008af4c2db00,006f651322590091ab9f208af4c2db00,False,sat,False,False,False,,"{""0"": ""free"", ""1"": ""unknown"", ""10"": ""free"", ""11"": ""unknown"", ""12"": ""unknown"", ""13"": ""unknown"", ""14"": ""unknown"", ""15"": ""unknown"", ""2"": ""unknown"", ""3"": ""unknown"", ""4"": ""unknown"", ""5"": ""unknown"", ""6"": ""unknown"", ""7"": ""unknown"", ""8"": ""unknown"", ""9"": ""unknown""}","{""0"": ""free"", ""1"": ""free"", ""2"": ""free"", ""3"": ""free""}",[],"[0, 10]","[1, 2, 3, 4, 5, 6, 7, 8, 9, 11, 12, 13, 14, 15]",False,ambiguity,False,uf_axiom,
SR_14__SR_97,SR_14,SR_97,SR-SR,1,0,0,0,0,0,0,0,0,0,1,0,early_only,random_stratified_sample,SR_14__SR_97,1,128,2,differential,sat,sat,0.0026604700833559036,98.99553922004998,99100079bc3c2c000d7a006fd1573600,99100079bc3c2c000d7a006fd1573600,cd10002cf73c34002064006fd1521d00,False,sat,False,False,False,,"{""0"": ""free"", ""1"": ""fixed"", ""10"": ""unknown"", ""11"": ""unknown"", ""12"": ""unknown"", ""13"": ""free"", ""14"": ""free"", ""15"": ""unknown"", ""2"": ""unknown"", ""3"": ""free"", ""4"": ""free"", ""5"": ""unknown"", ""6"": ""free"", ""7"": ""unknown"", ""8"": ""free"", ""9"": ""free""}","{""0"": ""free"", ""1"": ""free"", ""2"": ""free"", ""3"": ""free""}",[1],"[0, 3, 4, 6, 8, 9, 13, 14]","[2, 5, 7, 10, 11, 12, 15]",False,ambiguity,False,uf_axiom,
SR_72__SR_122,SR_72,SR_122,SR-SR,1,0,0,0,0,0,0,0,0,0,1,0,early_only,random_stratified_sample,SR_72__SR_122,1,128,2,differential,sat,sat,0.0029213204979896545,280.98408694937825,00107579003c2c3b0d7a006fd1573600,00107579003c2c3b0d7a006fd1573600,009d7579002f2c3b0dca006fd1573400,False,sat,False,False,False,,"{""0"": ""free"", ""1"": ""free"", ""10"": ""unknown"", ""11"": ""unknown"", ""12"": ""unknown"", ""13"": ""unknown"", ""14"": ""free"", ""15"": ""unknown"", ""2"": ""unknown"", ""3"": ""unknown"", ""4"": ""unknown"", ""5"": ""free"", ""6"": ""unknown"", ""7"": ""unknown"", ""8"": ""unknown"", ""9"": ""free""}","{""0"": ""free"", ""1"": ""free"", ""2"": ""free"", ""3"": ""free""}",[],"[0, 1, 5, 9, 14]","[2, 3, 4, 6, 7, 8, 10, 11, 12, 13, 15]",False,ambiguity,False,uf_axiom,
SR_30__SR_125,SR_30,SR_125,SR-SR,1,0,1,0,0,0,0,0,1,0,0,0,early_only,random_stratified_sample,SR_30__SR_125,1,128,2,differential,sat,sat,0.002962851896882057,252.00507111288607,0010757900002c3b0d00006fd1570006,0010757900002c3b0d00006fd1570006,0010757900002c3b0d02006fd1570006,False,sat,False,False,False,,"{""0"": ""free"", ""1"": ""unknown"", ""10"": ""unknown"", ""11"": ""unknown"", ""12"": ""unknown"", ""13"": ""unknown"", ""14"": ""unknown"", ""15"": ""unknown"", ""2"": ""unknown"", ""3"": ""unknown"", ""4"": ""unknown"", ""5"": ""unknown"", ""6"": ""unknown"", ""7"": ""unknown"", ""8"": ""unknown"", ""9"": ""free""}","{""0"": ""free"", ""1"": ""free"", ""2"": ""free"", ""3"": ""free""}",[],"[0, 9]","[1, 2, 3, 4, 5, 6, 7, 8, 10, 11, 12, 13, 14, 15]",False,ambiguity,False,uf_axiom,
SR_65__SR_115,SR_65,SR_115,SR-SR,1,0,0,0,0,0,0,0,0,0,1,0,early_only,random_stratified_sample,SR_65__SR_115,2,128,2,differential,sat,sat,0.0034488756209611893,277.18879206851125,a600651322007191ab9f000000c2db61,a600651322007191ab9f000000c2db61,c900655110001391ab71000000dcd9f5,False,sat,False,False,False,,"{""0"": ""free"", ""1"": ""free"", ""10"": ""unknown"", ""11"": ""unknown"", ""12"": ""unknown"", ""13"": ""free"", ""14"": ""free"", ""15"": ""free"", ""2"": ""fixed"", ""3"": ""free"", ""4"": ""free"", ""5"": ""unknown"", ""6"": ""free"", ""7"": ""unknown"", ""8"": ""unknown"", ""9"": ""free""}","{""0"": ""free"", ""1"": ""free"", ""2"": ""free"", ""3"": ""free""}",[2],"[0, 1, 3, 4, 6, 9, 13, 14, 15]","[5, 7, 8, 10, 11, 12]",False,ambiguity,False,uf_axiom,
SB_83__SR_38,SB_83,SR_38,SB-SR,0,0,0,0,0,0,0,0,0,0,1,0,early_only,random_stratified_sample,SB_83__SR_38,2,128,2,differential,sat,sat,0.0032273679971694946,277.5925437118858,a600651322007191ab9f8f0000c2db61,a600651322007191ab9f8f0000c2db61,7a00651322009391ab09330000f0db34,False,sat,False,False,False,,"{""0"": ""free"", ""1"": ""free"", ""10"": ""free"", ""11"": ""unknown"", ""12"": ""unknown"", ""13"": ""free"", ""14"": ""unknown"", ""15"": ""free"", ""2"": ""unknown"", ""3"": ""unknown"", ""4"": ""unknown"", ""5"": ""unknown"", ""6"": ""free"", ""7"": ""unknown"", ""8"": ""unknown"", ""9"": ""free""}","{""0"": ""free"", ""1"": ""free"", ""2"": ""free"", ""3"": ""free""}",[],"[0, 1, 6, 9, 10, 13, 15]","[2, 3, 4, 5, 7, 8, 11, 12, 14]",False,ambiguity,False,uf_axiom,
SR_14__SR_97,SR_14,SR_97,SR-SR,1,0,0,0,0,0,0,0,0,0,1,0,early_only,random_stratified_sample,SR_14__SR_97,0,128,2,differential,sat,sat,0.002514604479074478,136.81228397786617,edf4009a19e4a300bf1e00668bd00c00,edf4009a19e4a300bf1e00668bd00c00,83f40065281da30018e500328be2c300,False,sat,False,False,False,,"{""0"": ""free"", ""1"": ""unknown"", ""10"": ""unknown"", ""11"": ""free"", ""12"": ""unknown"", ""13"": ""free"", ""14"": ""free"", ""15"": ""unknown"", ""2"": ""unknown"", ""3"": ""free"", ""4"": ""free"", ""5"": ""free"", ""6"": ""unknown"", ""7"": ""unknown"", ""8"": ""free"", ""9"": ""free""}","{""0"": ""free"", ""1"": ""free"", ""2"": ""free"", ""3"": ""free""}",[],"[0, 3, 4, 5, 8, 9, 11, 13, 14]","[1, 2, 6, 7, 10, 12, 15]",False,ambiguity,False,uf_axiom,
SR_15__SR_24,SR_15,SR_24,SR-SR,1,0,0,1,0,0,0,0,0,0,0,0,early_only,random_stratified_sample,SR_15__SR_24,0,192,2,differential,sat,sat,0.003978220745921135,267.9949134476483,00f4009a19e4a3f3001e00668b000cf6,00f4009a19e4a3f3001e00668b000cf6,00f4009a19e4a3f3201e00668b000cf6,False,sat,False,False,False,,"{""0"": ""unknown"", ""1"": ""unknown"", ""10"": ""unknown"", ""11"": ""unknown"", ""12"": ""unknown"", ""13"": ""unknown"", ""14"": ""unknown"", ""15"": ""unknown"", ""2"": ""unknown"", ""3"": ""unknown"", ""4"": ""unknown"", ""5"": ""unknown"", ""6"": ""unknown"", ""7"": ""unknown"", ""8"": ""free"", ""9"": ""unknown""}","{""0"": ""free"", ""1"": ""unknown"", ""2"": ""free"", ""3"": ""unknown""}",[],[8],"[0, 1, 2, 3, 4, 5, 6, 7, 9, 10, 11, 12, 13, 14, 15]",False,ambiguity,False,uf_axiom,
SR_14__SR_97,SR_14,SR_97,SR-SR,1,0,0,0,0,0,0,0,0,0,1,0,early_only,random_stratified_sample,SR_14__SR_97,2,128,2,differential,sat,sat,0.002321278676390648,217.73503829725087,a66f001322597100ab9f008af4c2db00,a66f001322597100ab9f008af4c2db00,7e6f001322599704009f0005f4f7db00,False,sat,False,False,False,,"{""0"": ""free"", ""1"": ""unknown"", ""10"": ""unknown"", ""11"": ""free"", ""12"": ""unknown"", ""13"": ""free"", ""14"": ""unknown"", ""15"": ""unknown"", ""2"": ""unknown"", ""3"": ""unknown"", ""4"": ""unknown"", ""5"": ""unknown"", ""6"": ""free"", ""7"": ""free"", ""8"": ""free"", ""9"": ""unknown""}","{""0"": ""free"", ""1"": ""free"", ""2"": ""free"", ""3"": ""free""}",[],"[0, 6, 7, 8, 11, 13]","[1, 2, 3, 4, 5, 9, 10, 12, 14, 15]",False,ambiguity,False,uf_axiom,
SB_53__SR_101,SB_53,SR_101,SB-SR,0,0,0,0,1,0,0,0,0,0,1,0,early_only,random_stratified_sample,SB_53__SR_101,2,192,2,differential,sat,sat,0.003419807180762291,151.50990134850144,a66f651322007100ab9f008af4c2db61,a66f651322007100ab9f008af4c2db61,5068aed822007100409f008af49bdb52,False,sat,False,False,False,,"{""0"": ""free"", ""1"": ""free"", ""10"": ""unknown"", ""11"": ""unknown"", ""12"": ""unknown"", ""13"": ""free"", ""14"": ""unknown"", ""15"": ""free"", ""2"": ""free"", ""3"": ""free"", ""4"": ""unknown"", ""5"": ""unknown"", ""6"": ""unknown"", ""7"": ""unknown"", ""8"": ""free"", ""9"": ""unknown""}","{""0"": ""free"", ""1"": ""free"", ""2"": ""free"", ""3"": ""free""}",[],"[0, 1, 2, 3, 8, 13, 15]","[4, 5, 6, 7, 9, 10, 11, 12, 14]",False,ambiguity,False,uf_axiom,
SB_91__SR_98,SB_91,SR_98,SB-SR,0,0,0,0,0,0,0,0,0,0,1,0,early_only,random_stratified_sample,SB_91__SR_98,1,192,2,differential,sat,sat,0.005317045375704765,338.3045899812132,99107579bc002c3b0d00006fd1570000,99107579bc002c3b0d00006fd1570000,ca10755e84002cf10d00006fd1080000,False,sat,False,False,False,,"{""0"": ""free"", ""1"": ""unknown"", ""10"": ""unknown"", ""11"": ""unknown"", ""12"": ""unknown"", ""13"": ""free"", ""14"": ""unknown"", ""15"": ""unknown"", ""2"": ""unknown"", ""3"": ""free"", ""4"": ""free"", ""5"": ""unknown"", ""6"": ""unknown"", ""7"": ""free"", ""8"": ""unknown"", ""9"": ""unknown""}","{""0"": ""free"", ""1"": ""free"", ""2"": ""unknown"", ""3"": ""free""}",[],"[0, 3, 4, 7, 13]","[1, 2, 5, 6, 8, 9, 10, 11, 12, 14, 15]",False,ambiguity,False,uf_axiom,
SR_15__SR_24,SR_15,SR_24,SR-SR,1,0,0,1,0,0,0,0,0,0,0,0,early_only,random_stratified_sample,SR_15__SR_24,2,192,2,differential,sat,sat,0.0035576317459344864,326.8712455369532,006f001322597191009f008af400db61,006f001322597191009f008af400db61,006f0013225971be009f008ac208db61,False,sat,False,False,False,,"{""0"": ""free"", ""1"": ""unknown"", ""10"": ""unknown"", ""11"": ""unknown"", ""12"": ""free"", ""13"": ""free"", ""14"": ""unknown"", ""15"": ""unknown"", ""2"": ""unknown"", ""3"": ""unknown"", ""4"": ""unknown"", ""5"": ""unknown"", ""6"": ""unknown"", ""7"": ""free"", ""8"": ""unknown"", ""9"": ""unknown""}","{""0"": ""free"", ""1"": ""free"", ""2"": ""free"", ""3"": ""free""}",[],"[0, 7, 12, 13]","[1, 2, 3, 4, 5, 6, 8, 9, 10, 11, 14, 15]",False,ambiguity,False,uf_axiom,
SB_77__SR_18,SB_77,SR_18,SB-SR,0,0,0,0,0,0,0,0,0,0,1,0,early_only,random_stratified_sample,SB_77__SR_18,2,128,2,differential,sat,sat,0.0031539201736450195,220.31329502351582,006f650000597191ab9f8f0000c2db61,006f650000597191ab9f8f0000c2db61,0002658000005491ab87c40000c2ad91,False,sat,False,False,False,,"{""0"": ""free"", ""1"": ""free"", ""10"": ""free"", ""11"": ""unknown"", ""12"": ""unknown"", ""13"": ""unknown"", ""14"": ""free"", ""15"": ""free"", ""2"": ""unknown"", ""3"": ""free"", ""4"": ""unknown"", ""5"": ""free"", ""6"": ""free"", ""7"": ""unknown"", ""8"": ""unknown"", ""9"": ""free""}","{""0"": ""free"", ""1"": ""free"", ""2"": ""free"", ""3"": ""free""}",[],"[0, 1, 3, 5, 6, 9, 10, 14, 15]","[2, 4, 7, 8, 11, 12, 13]",False,ambiguity,False,uf_axiom,
SR_104__SR_113,SR_104,SR_113,SR-SR,1,0,0,1,0,0,0,1,0,0,0,0,early_only,random_stratified_sample,SR_104__SR_113,1,128,2,differential,sat,sat,0.0024771448224782944,192.2580464053899,99107579bc3c2c00007a8a0000003606,99107579bc3c2c00007a8a0000003606,9010fe6c80552c0000df96000000aa7f,False,sat,False,False,False,,"{""0"": ""free"", ""1"": ""unknown"", ""10"": ""free"", ""11"": ""unknown"", ""12"": ""unknown"", ""13"": ""unknown"", ""14"": ""free"", ""15"": ""free"", ""2"": ""free"", ""3"": ""free"", ""4"": ""free"", ""5"": ""free"", ""6"": ""unknown"", ""7"": ""unknown"", ""8"": ""unknown"", ""9"": ""free""}","{""0"": ""free"", ""1"": ""free"", ""2"": ""free"", ""3"": ""free""}",[],"[0, 2, 3, 4, 5, 9, 10, 14, 15]","[1, 6, 7, 8, 11, 12, 13]",False,ambiguity,False,uf_axiom,
SB_91__SR_98,SB_91,SR_98,SB-SR,0,0,0,0,0,0,0,0,0,0,1,0,early_only,random_stratified_sample,SB_91__SR_98,2,128,2,differential,sat,sat,0.005782434716820717,286.99740182235837,a66f651322007191ab00008af4c20000,a66f651322007191ab00008af4c20000,80a5657774009d91ab01008af4f80000,False,sat,False,False,False,,"{""0"": ""free"", ""1"": ""free"", ""10"": ""unknown"", ""11"": ""unknown"", ""12"": ""unknown"", ""13"": ""free"", ""14"": ""unknown"", ""15"": ""unknown"", ""2"": ""unknown"", ""3"": ""free"", ""4"": ""free"", ""5"": ""unknown"", ""6"": ""free"", ""7"": ""unknown"", ""8"": ""unknown"", ""9"": ""free""}","{""0"": ""free"", ""1"": ""free"", ""2"": ""free"", ""3"": ""free""}",[],"[0, 1, 3, 4, 6, 9, 13]","[2, 5, 7, 8, 10, 11, 12, 14, 15]",False,ambiguity,False,uf_axiom,
SR_72__SR_122,SR_72,SR_122,SR-SR,1,0,0,0,0,0,0,0,0,0,1,0,early_only,random_stratified_sample,SR_72__SR_122,2,128,2,differential,sat,sat,0.002750564366579056,208.72474309429526,006f651300597191ab9f008af4c2db00,006f651300597191ab9f008af4c2db00,001a658700210791ab08005304c2e100,False,sat,False,False,False,,"{""0"": ""free"", ""1"": ""free"", ""10"": ""unknown"", ""11"": ""free"", ""12"": ""free"", ""13"": ""unknown"", ""14"": ""free"", ""15"": ""unknown"", ""2"": ""unknown"", ""3"": ""free"", ""4"": ""unknown"", ""5"": ""free"", ""6"": ""free"", ""7"": ""unknown"", ""8"": ""unknown"", ""9"": ""free""}","{""0"": ""free"", ""1"": ""free"", ""2"": ""free"", ""3"": ""free""}",[],"[0, 1, 3, 5, 6, 9, 11, 12, 14]","[2, 4, 7, 8, 10, 13, 15]",False,ambiguity,False,uf_axiom,
SB_15__SB_49,SB_15,SB_49,SB-SB,1,0,0,0,0,0,0,0,0,0,1,0,early_only,random_stratified_sample,SB_15__SB_49,2,255,2,differential,sat,sat,0.005180839449167252,339.0258726272732,a66f651322597100009f8f000000db61,a66f651322597100009f8f000000db61,a66f651322597100009f8f000010db61,False,sat,False,False,False,,"{""0"": ""unknown"", ""1"": ""unknown"", ""10"": ""unknown"", ""11"": ""unknown"", ""12"": ""unknown"", ""13"": ""free"", ""14"": ""unknown"", ""15"": ""unknown"", ""2"": ""unknown"", ""3"": ""unknown"", ""4"": ""unknown"", ""5"": ""unknown"", ""6"": ""unknown"", ""7"": ""unknown"", ""8"": ""unknown"", ""9"": ""unknown""}","{""0"": ""unknown"", ""1"": ""unknown"", ""2"": ""unknown"", ""3"": ""free""}",[],[13],"[0, 1, 2, 3, 4, 5, 6, 7, 8, 9, 10, 11, 12, 14, 15]",False,ambiguity,False,uf_axiom,
SR_30__SR_125,SR_30,SR_125,SR-SR,1,0,1,0,0,0,0,0,1,0,0,0,early_only,random_stratified_sample,SR_30__SR_125,2,128,2,differential,sat,sat,0.003055952489376068,271.6096187662333,006f651300007191ab00008af4c20061,006f651300007191ab00008af4c20061,00c0655c1000cf91ab00008ad0290061,False,sat,False,False,False,,"{""0"": ""free"", ""1"": ""free"", ""10"": ""unknown"", ""11"": ""unknown"", ""12"": ""free"", ""13"": ""free"", ""14"": ""unknown"", ""15"": ""unknown"", ""2"": ""unknown"", ""3"": ""free"", ""4"": ""free"", ""5"": ""unknown"", ""6"": ""free"", ""7"": ""unknown"", ""8"": ""unknown"", ""9"": ""unknown""}","{""0"": ""free"", ""1"": ""free"", ""2"": ""free"", ""3"": ""free""}",[],"[0, 1, 3, 4, 6, 12, 13]","[2, 5, 7, 8, 9, 10, 11, 14, 15]",False,ambiguity,False,uf_axiom,
SR_46__SR_72,SR_46,SR_72,SR-SR,1,0,1,0,0,0,0,0,1,0,0,0,early_only,random_stratified_sample,SR_46__SR_72,1,192,2,differential,sat,sat,0.005057444795966148,145.45692707970738,00107500003c2c3b0d7a006fd1573600,00107500003c2c3b0d7a006fd1573600,0010750000102c3b0d7a006fd1574c10,False,sat,False,False,False,,"{""0"": ""unknown"", ""1"": ""unknown"", ""10"": ""unknown"", ""11"": ""unknown"", ""12"": ""unknown"", ""13"": ""unknown"", ""14"": ""free"", ""15"": ""free"", ""2"": ""unknown"", ""3"": ""unknown"", ""4"": ""unknown"", ""5"": ""free"", ""6"": ""unknown"", ""7"": ""unknown"", ""8"": ""unknown"", ""9"": ""unknown""}","{""0"": ""unknown"", ""1"": ""free"", ""2"": ""unknown"", ""3"": ""free""}",[],"[5, 14, 15]","[0, 1, 2, 3, 4, 6, 7, 8, 9, 10, 11, 12, 13]",False,ambiguity,False,uf_axiom,
SR_15__SR_24,SR_15,SR_24,SR-SR,1,0,0,1,0,0,0,0,0,0,0,0,early_only,random_stratified_sample,SR_15__SR_24,1,192,2,differential,sat,sat,0.0036410652101039886,171.20111073553562,00100079bc3c2c3b007a006fd1003606,00100079bc3c2c3b007a006fd1003606,00108079bc3c2c3b007a006fd1003606,False,sat,False,False,False,,"{""0"": ""unknown"", ""1"": ""unknown"", ""10"": ""unknown"", ""11"": ""unknown"", ""12"": ""unknown"", ""13"": ""unknown"", ""14"": ""unknown"", ""15"": ""unknown"", ""2"": ""free"", ""3"": ""unknown"", ""4"": ""unknown"", ""5"": ""unknown"", ""6"": ""unknown"", ""7"": ""unknown"", ""8"": ""unknown"", ""9"": ""unknown""}","{""0"": ""free"", ""1"": ""unknown"", ""2"": ""unknown"", ""3"": ""unknown""}",[],[2],"[0, 1, 3, 4, 5, 6, 7, 8, 9, 10, 11, 12, 13, 14, 15]",False,ambiguity,False,uf_axiom,
SB_3__SR_55,SB_3,SR_55,SB-SR,0,0,0,0,0,0,0,0,0,0,1,0,early_only,random_stratified_sample,SB_3__SR_55,1,192,2,differential,sat,sat,0.004019962623715401,388.5682369489223,99107500003c2c0000008a6fd1573606,99107500003c2c0000008a6fd1573606,99102800003c2c000002d76fd10b3606,False,sat,False,False,False,,"{""0"": ""fixed"", ""1"": ""unknown"", ""10"": ""free"", ""11"": ""unknown"", ""12"": ""unknown"", ""13"": ""free"", ""14"": ""unknown"", ""15"": ""unknown"", ""2"": ""free"", ""3"": ""unknown"", ""4"": ""unknown"", ""5"": ""unknown"", ""6"": ""unknown"", ""7"": ""unknown"", ""8"": ""unknown"", ""9"": ""free""}","{""0"": ""free"", ""1"": ""free"", ""2"": ""free"", ""3"": ""free""}",[0],"[2, 9, 10, 13]","[1, 3, 4, 5, 6, 7, 8, 11, 12, 14, 15]",False,ambiguity,False,uf_axiom,
SB_91__SR_98,SB_91,SR_98,SB-SR,0,0,0,0,0,0,0,0,0,0,1,0,early_only,random_stratified_sample,SB_91__SR_98,0,192,2,differential,sat,sat,0.004196016117930412,153.33130859211087,edf43a9a1900a3f3bf0000668bd00000,edf43a9a1900a3f3bf0000668bd00000,12ee3a9a4420a3f3bf0000668bd00000,False,sat,False,False,False,,"{""0"": ""free"", ""1"": ""free"", ""10"": ""unknown"", ""11"": ""unknown"", ""12"": ""unknown"", ""13"": ""unknown"", ""14"": ""unknown"", ""15"": ""unknown"", ""2"": ""unknown"", ""3"": ""unknown"", ""4"": ""free"", ""5"": ""free"", ""6"": ""unknown"", ""7"": ""unknown"", ""8"": ""unknown"", ""9"": ""unknown""}","{""0"": ""free"", ""1"": ""free"", ""2"": ""free"", ""3"": ""free""}",[],"[0, 1, 4, 5]","[2, 3, 6, 7, 8, 9, 10, 11, 12, 13, 14, 15]",False,ambiguity,False,uf_axiom,
SB_77__SR_18,SB_77,SR_18,SB-SR,0,0,0,0,0,0,0,0,0,0,1,0,early_only,random_stratified_sample,SB_77__SR_18,1,192,2,differential,sat,sat,0.004079768434166908,352.5058842357248,00107500003c2c3b0d7a8a0000573606,00107500003c2c3b0d7a8a0000573606,00c8750000cf523b0d7a8a000157c3e3,False,sat,False,False,False,,"{""0"": ""unknown"", ""1"": ""free"", ""10"": ""unknown"", ""11"": ""unknown"", ""12"": ""free"", ""13"": ""unknown"", ""14"": ""free"", ""15"": ""free"", ""2"": ""unknown"", ""3"": ""unknown"", ""4"": ""unknown"", ""5"": ""free"", ""6"": ""free"", ""7"": ""unknown"", ""8"": ""unknown"", ""9"": ""unknown""}","{""0"": ""free"", ""1"": ""free"", ""2"": ""unknown"", ""3"": ""free""}",[],"[1, 5, 6, 12, 14, 15]","[0, 2, 3, 4, 7, 8, 9, 10, 11, 13]",False,ambiguity,False,uf_axiom,
SR_82__SR_119,SR_82,SR_119,SR-SR,1,0,1,0,0,0,0,0,1,0,0,0,early_only,random_stratified_sample,SR_82__SR_119,2,192,2,differential,sat,sat,0.0041511282324790955,298.7254814058542,a600651322597100009f8f000000db61,a600651322597100009f8f000000db61,a600651322597100019f8f000000db61,False,sat,False,False,False,,"{""0"": ""unknown"", ""1"": ""unknown"", ""10"": ""unknown"", ""11"": ""unknown"", ""12"": ""unknown"", ""13"": ""unknown"", ""14"": ""unknown"", ""15"": ""unknown"", ""2"": ""unknown"", ""3"": ""unknown"", ""4"": ""unknown"", ""5"": ""unknown"", ""6"": ""unknown"", ""7"": ""unknown"", ""8"": ""free"", ""9"": ""unknown""}","{""0"": ""free"", ""1"": ""free"", ""2"": ""free"", ""3"": ""unknown""}",[],[8],"[0, 1, 2, 3, 4, 5, 6, 7, 9, 10, 11, 12, 13, 14, 15]",False,ambiguity,False,uf_axiom,
SR_19__SR_60,SR_19,SR_60,SR-SR,1,0,0,0,0,0,0,0,0,1,0,0,early_only,random_stratified_sample,SR_19__SR_60,1,192,2,differential,sat,sat,0.004344793036580086,417.3376689311117,99007579003c2c3b0d008a00d1570006,99007579003c2c3b0d008a00d1570006,99007579003c2c3b0d008a00d1578006,False,sat,False,False,False,,"{""0"": ""unknown"", ""1"": ""unknown"", ""10"": ""unknown"", ""11"": ""unknown"", ""12"": ""unknown"", ""13"": ""unknown"", ""14"": ""free"", ""15"": ""unknown"", ""2"": ""unknown"", ""3"": ""unknown"", ""4"": ""unknown"", ""5"": ""unknown"", ""6"": ""unknown"", ""7"": ""unknown"", ""8"": ""unknown"", ""9"": ""unknown""}","{""0"": ""free"", ""1"": ""free"", ""2"": ""free"", ""3"": ""free""}",[],[14],"[0, 1, 2, 3, 4, 5, 6, 7, 8, 9, 10, 11, 12, 13, 15]",False,ambiguity,False,uf_axiom,
SB_89__SR_114,SB_89,SR_114,SB-SR,0,0,0,0,0,0,0,0,0,1,0,0,early_only,random_stratified_sample,SB_89__SR_114,2,192,2,differential,sat,sat,0.004800967872142792,227.33883371576667,0000651322007191ab9f008af4c2db61,0000651322007191ab9f008af4c2db61,0000651322007191ab9f048af4c2db61,False,sat,False,False,False,,"{""0"": ""unknown"", ""1"": ""unknown"", ""10"": ""free"", ""11"": ""unknown"", ""12"": ""unknown"", ""13"": ""unknown"", ""14"": ""unknown"", ""15"": ""unknown"", ""2"": ""unknown"", ""3"": ""unknown"", ""4"": ""unknown"", ""5"": ""unknown"", ""6"": ""unknown"", ""7"": ""unknown"", ""8"": ""unknown"", ""9"": ""unknown""}","{""0"": ""free"", ""1"": ""free"", ""2"": ""free"", ""3"": ""unknown""}",[],[10],"[0, 1, 2, 3, 4, 5, 6, 7, 8, 9, 11, 12, 13, 14, 15]",False,ambiguity,False,uf_axiom,
SR_24__SR_47,SR_24,SR_47,SR-SR,1,0,0,0,0,0,0,0,0,0,1,0,early_only,random_stratified_sample,SR_24__SR_47,1,192,2,differential,sat,sat,0.004876457154750824,168.87833055108786,00107579003c2c3b0d7a006fd1573606,00107579003c2c3b0d7a006fd1573606,0010757900992c3b0d7a046fd1574706,False,sat,False,False,False,,"{""0"": ""free"", ""1"": ""fixed"", ""10"": ""free"", ""11"": ""unknown"", ""12"": ""unknown"", ""13"": ""unknown"", ""14"": ""free"", ""15"": ""unknown"", ""2"": ""unknown"", ""3"": ""unknown"", ""4"": ""unknown"", ""5"": ""free"", ""6"": ""unknown"", ""7"": ""unknown"", ""8"": ""unknown"", ""9"": ""unknown""}","{""0"": ""free"", ""1"": ""free"", ""2"": ""free"", ""3"": ""free""}",[1],"[0, 5, 10, 14]","[2, 3, 4, 6, 7, 8, 9, 11, 12, 13, 15]",False,ambiguity,False,uf_axiom,
SR_19__SR_60,SR_19,SR_60,SR-SR,1,0,0,0,0,0,0,0,0,1,0,0,early_only,random_stratified_sample,SR_19__SR_60,2,192,2,differential,sat,sat,0.004341850057244301,218.95733600854874,a600651300597191ab008f00f4c20061,a600651300597191ab008f00f4c20061,a600651300597191ab028f00f4c20061,False,sat,False,False,False,,"{""0"": ""unknown"", ""1"": ""unknown"", ""10"": ""unknown"", ""11"": ""unknown"", ""12"": ""unknown"", ""13"": ""unknown"", ""14"": ""unknown"", ""15"": ""unknown"", ""2"": ""unknown"", ""3"": ""unknown"", ""4"": ""unknown"", ""5"": ""unknown"", ""6"": ""unknown"", ""7"": ""unknown"", ""8"": ""unknown"", ""9"": ""free""}","{""0"": ""free"", ""1"": ""free"", ""2"": ""free"", ""3"": ""unknown""}",[],[9],"[0, 1, 2, 3, 4, 5, 6, 7, 8, 10, 11, 12, 13, 14, 15]",False,ambiguity,False,uf_axiom,
SB_77__SR_18,SB_77,SR_18,SB-SR,0,0,0,0,0,0,0,0,0,0,1,0,early_only,random_stratified_sample,SB_77__SR_18,0,192,2,differential,sat,sat,0.0038461238145828247,240.7856049630791,00f43a0000e4a3f3bf1eec0000d00cf6,00f43a0000e4a3f3bf1eec0000d00cf6,00423a10000400f3bf94ec0000d094e0,False,sat,False,False,False,,"{""0"": ""free"", ""1"": ""free"", ""10"": ""unknown"", ""11"": ""unknown"", ""12"": ""unknown"", ""13"": ""unknown"", ""14"": ""free"", ""15"": ""free"", ""2"": ""unknown"", ""3"": ""free"", ""4"": ""unknown"", ""5"": ""free"", ""6"": ""free"", ""7"": ""unknown"", ""8"": ""unknown"", ""9"": ""free""}","{""0"": ""free"", ""1"": ""free"", ""2"": ""free"", ""3"": ""free""}",[],"[0, 1, 3, 5, 6, 9, 14, 15]","[2, 4, 7, 8, 10, 11, 12, 13]",False,ambiguity,False,uf_axiom,
SR_19__SR_61,SR_19,SR_61,SR-SR,1,0,0,0,0,0,0,0,0,0,1,0,early_only,random_stratified_sample,SR_19__SR_61,1,192,2,differential,sat,sat,0.007242502644658089,289.83987379446626,99007579003c2c3b0d008a00d1570006,99007579003c2c3b0d008a00d1570006,99007579003cc13b0d008a00d1790006,False,sat,False,False,False,,"{""0"": ""unknown"", ""1"": ""unknown"", ""10"": ""unknown"", ""11"": ""unknown"", ""12"": ""unknown"", ""13"": ""free"", ""14"": ""unknown"", ""15"": ""unknown"", ""2"": ""unknown"", ""3"": ""unknown"", ""4"": ""unknown"", ""5"": ""unknown"", ""6"": ""free"", ""7"": ""unknown"", ""8"": ""unknown"", ""9"": ""unknown""}","{""0"": ""free"", ""1"": ""free"", ""2"": ""free"", ""3"": ""free""}",[],"[6, 13]","[0, 1, 2, 3, 4, 5, 7, 8, 9, 10, 11, 12, 14, 15]",False,ambiguity,False,uf_axiom,
SR_82__SR_119,SR_82,SR_119,SR-SR,1,0,1,0,0,0,0,0,1,0,0,0,early_only,random_stratified_sample,SR_82__SR_119,1,192,2,differential,sat,sat,0.0034763291478157043,332.3198506627232,99007579bc3c2c00007a8a0000003606,99007579bc3c2c00007a8a0000003606,99007579bc3c2c00027a8a0000003606,False,sat,False,False,False,,"{""0"": ""unknown"", ""1"": ""unknown"", ""10"": ""unknown"", ""11"": ""unknown"", ""12"": ""unknown"", ""13"": ""unknown"", ""14"": ""unknown"", ""15"": ""unknown"", ""2"": ""unknown"", ""3"": ""unknown"", ""4"": ""unknown"", ""5"": ""unknown"", ""6"": ""unknown"", ""7"": ""unknown"", ""8"": ""free"", ""9"": ""unknown""}","{""0"": ""unknown"", ""1"": ""unknown"", ""2"": ""free"", ""3"": ""unknown""}",[],[8],"[0, 1, 2, 3, 4, 5, 6, 7, 9, 10, 11, 12, 13, 14, 15]",False,ambiguity,False,uf_axiom,
SR_72__SR_95,SR_72,SR_95,SR-SR,1,0,0,1,0,0,0,0,0,0,0,0,early_only,random_stratified_sample,SR_72__SR_95,0,192,2,differential,sat,sat,0.004216374829411507,253.69193249940872,00f4009a19e4a3f3001e00668bd00c00,00f4009a19e4a3f3001e00668bd00c00,0008009a191da3f3001e00668bd00c00,False,sat,False,False,False,,"{""0"": ""free"", ""1"": ""free"", ""10"": ""unknown"", ""11"": ""unknown"", ""12"": ""unknown"", ""13"": ""unknown"", ""14"": ""unknown"", ""15"": ""unknown"", ""2"": ""free"", ""3"": ""unknown"", ""4"": ""unknown"", ""5"": ""free"", ""6"": ""unknown"", ""7"": ""unknown"", ""8"": ""unknown"", ""9"": ""unknown""}","{""0"": ""free"", ""1"": ""free"", ""2"": ""free"", ""3"": ""free""}",[],"[0, 1, 2, 5]","[3, 4, 6, 7, 8, 9, 10, 11, 12, 13, 14, 15]",False,ambiguity,False,uf_axiom,
SR_19__SR_60,SR_19,SR_60,SR-SR,1,0,0,0,0,0,0,0,0,1,0,0,early_only,random_stratified_sample,SR_19__SR_60,0,192,2,differential,sat,sat,0.004630416631698608,274.98592003807425,ed003a9a00e4a3f3bf00ec008bd000f6,ed003a9a00e4a3f3bf00ec008bd000f6,ed003a0000e4a3f3bf00ec0089d000f6,False,sat,False,False,False,,"{""0"": ""unknown"", ""1"": ""unknown"", ""10"": ""unknown"", ""11"": ""unknown"", ""12"": ""free"", ""13"": ""unknown"", ""14"": ""unknown"", ""15"": ""unknown"", ""2"": ""unknown"", ""3"": ""free"", ""4"": ""unknown"", ""5"": ""unknown"", ""6"": ""unknown"", ""7"": ""unknown"", ""8"": ""unknown"", ""9"": ""unknown""}","{""0"": ""free"", ""1"": ""free"", ""2"": ""free"", ""3"": ""free""}",[],"[3, 12]","[0, 1, 2, 4, 5, 6, 7, 8, 9, 10, 11, 13, 14, 15]",False,ambiguity,False,uf_axiom,
SB_83__SR_38,SB_83,SR_38,SB-SR,0,0,0,0,0,0,0,0,0,0,1,0,early_only,random_stratified_sample,SB_83__SR_38,1,255,2,differential,sat,sat,0.005424017086625099,120.75765103287995,99007579bc002c3b0d7a8a0000573606,99007579bc002c3b0d7a8a0000573606,16007579bc00d03b0d7a8a00001936c4,False,sat,False,False,False,,"{""0"": ""free"", ""1"": ""free"", ""10"": ""unknown"", ""11"": ""unknown"", ""12"": ""unknown"", ""13"": ""free"", ""14"": ""unknown"", ""15"": ""free"", ""2"": ""unknown"", ""3"": ""unknown"", ""4"": ""unknown"", ""5"": ""unknown"", ""6"": ""free"", ""7"": ""unknown"", ""8"": ""unknown"", ""9"": ""unknown""}","{""0"": ""free"", ""1"": ""free"", ""2"": ""free"", ""3"": ""free""}",[],"[0, 1, 6, 13, 15]","[2, 3, 4, 5, 7, 8, 9, 10, 11, 12, 14]",False,ambiguity,False,uf_axiom,
SR_33__SR_54,SR_33,SR_54,SR-SR,1,0,0,1,0,0,0,0,0,0,0,0,early_only,random_stratified_sample,SR_33__SR_54,1,192,2,differential,sat,sat,0.003864707425236702,388.06902472674847,99107579bc002c00007a8a6fd1573606,99107579bc002c00007a8a6fd1573606,23100679bc002c000067f86fd1523645,False,sat,False,False,False,,"{""0"": ""free"", ""1"": ""unknown"", ""10"": ""free"", ""11"": ""unknown"", ""12"": ""unknown"", ""13"": ""free"", ""14"": ""unknown"", ""15"": ""free"", ""2"": ""free"", ""3"": ""unknown"", ""4"": ""unknown"", ""5"": ""unknown"", ""6"": ""unknown"", ""7"": ""unknown"", ""8"": ""unknown"", ""9"": ""free""}","{""0"": ""free"", ""1"": ""unknown"", ""2"": ""free"", ""3"": ""free""}",[],"[0, 2, 9, 10, 13, 15]","[1, 3, 4, 5, 6, 7, 8, 11, 12, 14]",False,ambiguity,False,uf_axiom,
SR_24__SR_47,SR_24,SR_47,SR-SR,1,0,0,0,0,0,0,0,0,0,1,0,early_only,random_stratified_sample,SR_24__SR_47,2,192,2,differential,sat,sat,0.004704989492893219,201.86385240778327,006f651300597191ab9f008af4c2db61,006f651300597191ab9f008af4c2db61,0085659c000a2e91ab9f000438c25261,False,sat,False,False,False,,"{""0"": ""free"", ""1"": ""free"", ""10"": ""unknown"", ""11"": ""free"", ""12"": ""free"", ""13"": ""unknown"", ""14"": ""free"", ""15"": ""unknown"", ""2"": ""unknown"", ""3"": ""free"", ""4"": ""unknown"", ""5"": ""free"", ""6"": ""free"", ""7"": ""unknown"", ""8"": ""unknown"", ""9"": ""unknown""}","{""0"": ""free"", ""1"": ""free"", ""2"": ""free"", ""3"": ""free""}",[],"[0, 1, 3, 5, 6, 11, 12, 14]","[2, 4, 7, 8, 9, 10, 13, 15]",False,ambiguity,False,uf_axiom,
SR_58__SR_74,SR_58,SR_74,SR-SR,1,0,0,0,1,0,0,0,0,0,1,0,early_only,random_stratified_sample,SR_58__SR_74,2,192,2,differential,sat,sat,0.0034862682223320007,435.7073906008154,a66f001300597100009f8f8af4c2db61,a66f001300597100009f8f8af4c2db61,a66f001300597100005b8f8af4c21361,False,sat,False,False,False,,"{""0"": ""unknown"", ""1"": ""unknown"", ""10"": ""unknown"", ""11"": ""unknown"", ""12"": ""unknown"", ""13"": ""unknown"", ""14"": ""free"", ""15"": ""unknown"", ""2"": ""unknown"", ""3"": ""unknown"", ""4"": ""unknown"", ""5"": ""unknown"", ""6"": ""unknown"", ""7"": ""unknown"", ""8"": ""unknown"", ""9"": ""free""}","{""0"": ""free"", ""1"": ""free"", ""2"": ""free"", ""3"": ""free""}",[],"[9, 14]","[0, 1, 2, 3, 4, 5, 6, 7, 8, 10, 11, 12, 13, 15]",False,ambiguity,False,uf_axiom,
SR_30__SR_125,SR_30,SR_125,SR-SR,1,0,1,0,0,0,0,0,1,0,0,0,early_only,random_stratified_sample,SR_30__SR_125,0,192,2,differential,sat,sat,0.00404050387442112,243.4231206998229,00f43a9a0000a3f3bf0000668bd000f6,00f43a9a0000a3f3bf0000668bd000f6,00f43a9a4000a3f3bf0000668bd000f6,False,sat,False,False,False,,"{""0"": ""unknown"", ""1"": ""unknown"", ""10"": ""unknown"", ""11"": ""unknown"", ""12"": ""unknown"", ""13"": ""unknown"", ""14"": ""unknown"", ""15"": ""unknown"", ""2"": ""unknown"", ""3"": ""unknown"", ""4"": ""free"", ""5"": ""unknown"", ""6"": ""unknown"", ""7"": ""unknown"", ""8"": ""unknown"", ""9"": ""unknown""}","{""0"": ""free"", ""1"": ""free"", ""2"": ""free"", ""3"": ""unknown""}",[],[4],"[0, 1, 2, 3, 5, 6, 7, 8, 9, 10, 11, 12, 13, 14, 15]",False,ambiguity,False,uf_axiom,
SR_19__SR_61,SR_19,SR_61,SR-SR,1,0,0,0,0,0,0,0,0,0,1,0,early_only,random_stratified_sample,SR_19__SR_61,2,192,2,differential,sat,sat,0.004418103024363518,245.46847405284643,a600651300597191ab008f00f4c20061,a600651300597191ab008f00f4c20061,a600651300597191ab028f00f4c20061,False,sat,False,False,False,,"{""0"": ""unknown"", ""1"": ""unknown"", ""10"": ""unknown"", ""11"": ""unknown"", ""12"": ""unknown"", ""13"": ""unknown"", ""14"": ""unknown"", ""15"": ""unknown"", ""2"": ""unknown"", ""3"": ""unknown"", ""4"": ""unknown"", ""5"": ""unknown"", ""6"": ""unknown"", ""7"": ""unknown"", ""8"": ""unknown"", ""9"": ""free""}","{""0"": ""unknown"", ""1"": ""unknown"", ""2"": ""free"", ""3"": ""unknown""}",[],[9],"[0, 1, 2, 3, 4, 5, 6, 7, 8, 10, 11, 12, 13, 14, 15]",False,ambiguity,False,uf_axiom,
SB_89__SR_114,SB_89,SR_114,SB-SR,0,0,0,0,0,0,0,0,0,1,0,0,early_only,random_stratified_sample,SB_89__SR_114,1,255,2,differential,sat,sat,0.0052061527967453,263.6002366505563,00007579bc002c3b0d7a006fd1573606,00007579bc002c3b0d7a006fd1573606,40007579bc002c3b0d7a006fb8403606,False,sat,False,False,False,,"{""0"": ""free"", ""1"": ""free"", ""10"": ""unknown"", ""11"": ""unknown"", ""12"": ""free"", ""13"": ""free"", ""14"": ""unknown"", ""15"": ""unknown"", ""2"": ""unknown"", ""3"": ""unknown"", ""4"": ""unknown"", ""5"": ""unknown"", ""6"": ""unknown"", ""7"": ""unknown"", ""8"": ""unknown"", ""9"": ""unknown""}","{""0"": ""free"", ""1"": ""free"", ""2"": ""free"", ""3"": ""free""}",[],"[0, 1, 12, 13]","[2, 3, 4, 5, 6, 7, 8, 9, 10, 11, 14, 15]",False,ambiguity,False,uf_axiom,
SR_24__SR_47,SR_24,SR_47,SR-SR,1,0,0,0,0,0,0,0,0,0,1,0,early_only,random_stratified_sample,SR_24__SR_47,0,192,2,differential,sat,sat,0.004268519580364227,501.7949818260968,00f43a9a00e4a3f3bf1e00668bd00cf6,00f43a9a00e4a3f3bf1e00668bd00cf6,00f4249a000aa3f3bf1e80668bd051f6,False,sat,False,False,False,,"{""0"": ""free"", ""1"": ""unknown"", ""10"": ""free"", ""11"": ""unknown"", ""12"": ""unknown"", ""13"": ""unknown"", ""14"": ""free"", ""15"": ""unknown"", ""2"": ""free"", ""3"": ""unknown"", ""4"": ""unknown"", ""5"": ""free"", ""6"": ""unknown"", ""7"": ""unknown"", ""8"": ""unknown"", ""9"": ""unknown""}","{""0"": ""free"", ""1"": ""free"", ""2"": ""free"", ""3"": ""free""}",[],"[0, 2, 5, 10, 14]","[1, 3, 4, 6, 7, 8, 9, 11, 12, 13, 15]",False,ambiguity,False,uf_axiom,
SR_104__SR_113,SR_104,SR_113,SR-SR,1,0,0,1,0,0,0,1,0,0,0,0,early_only,random_stratified_sample,SR_104__SR_113,0,192,2,differential,sat,sat,0.003883620724081993,425.2634203545749,edf43a9a19e4a300001eec0000000cf6,edf43a9a19e4a300001eec0000000cf6,edf43a9a19e4a300001eec0800000cf6,False,sat,False,False,False,,"{""0"": ""unknown"", ""1"": ""unknown"", ""10"": ""unknown"", ""11"": ""free"", ""12"": ""unknown"", ""13"": ""unknown"", ""14"": ""unknown"", ""15"": ""unknown"", ""2"": ""unknown"", ""3"": ""unknown"", ""4"": ""unknown"", ""5"": ""unknown"", ""6"": ""unknown"", ""7"": ""unknown"", ""8"": ""unknown"", ""9"": ""unknown""}","{""0"": ""unknown"", ""1"": ""unknown"", ""2"": ""free"", ""3"": ""unknown""}",[],[11],"[0, 1, 2, 3, 4, 5, 6, 7, 8, 9, 10, 12, 13, 14, 15]",False,ambiguity,False,uf_axiom,
SB_89__SR_114,SB_89,SR_114,SB-SR,0,0,0,0,0,0,0,0,0,1,0,0,early_only,random_stratified_sample,SB_89__SR_114,0,255,2,differential,sat,sat,0.009580375626683235,235.35993188619614,00003a9a1900a3f3bf1e00668bd00cf6,00003a9a1900a3f3bf1e00668bd00cf6,00003a9a1900a3f3bf1e01668bd00cf6,False,sat,False,False,False,,"{""0"": ""unknown"", ""1"": ""unknown"", ""10"": ""free"", ""11"": ""unknown"", ""12"": ""unknown"", ""13"": ""unknown"", ""14"": ""unknown"", ""15"": ""unknown"", ""2"": ""unknown"", ""3"": ""unknown"", ""4"": ""unknown"", ""5"": ""unknown"", ""6"": ""unknown"", ""7"": ""unknown"", ""8"": ""unknown"", ""9"": ""unknown""}","{""0"": ""free"", ""1"": ""free"", ""2"": ""free"", ""3"": ""unknown""}",[],[10],"[0, 1, 2, 3, 4, 5, 6, 7, 8, 9, 11, 12, 13, 14, 15]",False,ambiguity,False,uf_axiom,
SR_58__SR_74,SR_58,SR_74,SR-SR,1,0,0,0,1,0,0,0,0,0,1,0,early_only,random_stratified_sample,SR_58__SR_74,1,192,2,differential,sat,sat,0.004225907847285271,383.10432019643486,99100079003c2c00007a8a6fd1573606,99100079003c2c00007a8a6fd1573606,99100079003c2c0000668a6fd12bbc06,False,sat,False,False,False,,"{""0"": ""unknown"", ""1"": ""unknown"", ""10"": ""unknown"", ""11"": ""unknown"", ""12"": ""unknown"", ""13"": ""free"", ""14"": ""free"", ""15"": ""unknown"", ""2"": ""unknown"", ""3"": ""unknown"", ""4"": ""unknown"", ""5"": ""unknown"", ""6"": ""unknown"", ""7"": ""unknown"", ""8"": ""unknown"", ""9"": ""free""}","{""0"": ""unknown"", ""1"": ""unknown"", ""2"": ""free"", ""3"": ""free""}",[],"[9, 13, 14]","[0, 1, 2, 3, 4, 5, 6, 7, 8, 10, 11, 12, 15]",False,ambiguity,False,uf_axiom,
SB_13__MC_14,SB_13,MC_14,SB-MC,0,1,1,1,0,0,0,0,0,0,0,0,early_late_mixed,random_stratified_sample,SB_13__MC_14,1,128,2,differential,sat,unsat,0.009318877011537552,179.43418706022203,99107579bc3c2c3b0d7a8a6fd1573606,99107579bc3c2c3b0d7a8a6fd1573606,,True,sat,False,False,False,,"{""0"": ""fixed"", ""1"": ""fixed"", ""10"": ""fixed"", ""11"": ""fixed"", ""12"": ""fixed"", ""13"": ""fixed"", ""14"": ""fixed"", ""15"": ""fixed"", ""2"": ""fixed"", ""3"": ""fixed"", ""4"": ""fixed"", ""5"": ""fixed"", ""6"": ""fixed"", ""7"": ""fixed"", ""8"": ""fixed"", ""9"": ""fixed""}","{""0"": ""fixed"", ""1"": ""fixed"", ""2"": ""fixed"", ""3"": ""fixed""}","[0, 1, 2, 3, 4, 5, 6, 7, 8, 9, 10, 11, 12, 13, 14, 15]",[],[],False,full_key_unique,True,uf_axiom,
SR_46__SR_72,SR_46,SR_72,SR-SR,1,0,1,0,0,0,0,0,1,0,0,0,early_only,random_stratified_sample,SR_46__SR_72,2,192,2,differential,sat,sat,0.004436062648892403,599.9442971721292,006f650000597191ab9f008af4c2db00,006f650000597191ab9f008af4c2db00,006f650000a47191ab9f008af4c28600,False,sat,False,False,False,,"{""0"": ""free"", ""1"": ""unknown"", ""10"": ""unknown"", ""11"": ""unknown"", ""12"": ""unknown"", ""13"": ""unknown"", ""14"": ""free"", ""15"": ""unknown"", ""2"": ""unknown"", ""3"": ""unknown"", ""4"": ""unknown"", ""5"": ""free"", ""6"": ""unknown"", ""7"": ""unknown"", ""8"": ""unknown"", ""9"": ""unknown""}","{""0"": ""free"", ""1"": ""free"", ""2"": ""free"", ""3"": ""free""}",[],"[0, 5, 14]","[1, 2, 3, 4, 6, 7, 8, 9, 10, 11, 12, 13, 15]",False,ambiguity,False,uf_axiom,
SR_72__SR_95,SR_72,SR_95,SR-SR,1,0,0,1,0,0,0,0,0,0,0,0,early_only,random_stratified_sample,SR_72__SR_95,2,192,2,differential,sat,sat,0.004194203764200211,569.4822737704962,006f001322597191009f008af4c2db00,006f001322597191009f008af4c2db00,006f001322ae3891409f008af4c2db00,False,sat,False,False,False,,"{""0"": ""unknown"", ""1"": ""unknown"", ""10"": ""unknown"", ""11"": ""unknown"", ""12"": ""unknown"", ""13"": ""unknown"", ""14"": ""unknown"", ""15"": ""unknown"", ""2"": ""unknown"", ""3"": ""unknown"", ""4"": ""unknown"", ""5"": ""free"", ""6"": ""free"", ""7"": ""unknown"", ""8"": ""free"", ""9"": ""unknown""}","{""0"": ""free"", ""1"": ""free"", ""2"": ""free"", ""3"": ""unknown""}",[],"[5, 6, 8]","[0, 1, 2, 3, 4, 7, 9, 10, 11, 12, 13, 14, 15]",False,ambiguity,False,uf_axiom,
SB_13__MC_14,SB_13,MC_14,SB-MC,0,1,1,1,0,0,0,0,0,0,0,0,early_late_mixed,random_stratified_sample,SB_13__MC_14,0,128,2,differential,sat,sat,0.006194069981575012,219.99783008918166,edf43a9a19e4a3f3bf1eec668bd00cf6,edf43a9a19e4a3f3bf1eec668bd00cf6,edf4d69a19e4a3f3bf1eec668bd00cf6,True,sat,False,False,False,,"{""0"": ""unknown"", ""1"": ""unknown"", ""10"": ""unknown"", ""11"": ""unknown"", ""12"": ""unknown"", ""13"": ""unknown"", ""14"": ""unknown"", ""15"": ""unknown"", ""2"": ""free"", ""3"": ""unknown"", ""4"": ""unknown"", ""5"": ""unknown"", ""6"": ""unknown"", ""7"": ""unknown"", ""8"": ""unknown"", ""9"": ""unknown""}","{""0"": ""free"", ""1"": ""unknown"", ""2"": ""unknown"", ""3"": ""unknown""}",[],[2],"[0, 1, 3, 4, 5, 6, 7, 8, 9, 10, 11, 12, 13, 14, 15]",False,ambiguity,False,uf_axiom,
SR_72__SR_95,SR_72,SR_95,SR-SR,1,0,0,1,0,0,0,0,0,0,0,0,early_only,random_stratified_sample,SR_72__SR_95,1,192,2,differential,sat,sat,0.0055961087346076965,457.2615453992039,00100079bc3c2c3b007a006fd1573600,00100079bc3c2c3b007a006fd1573600,00100079bc0c2c3b007a206fd1673600,False,sat,False,False,False,,"{""0"": ""free"", ""1"": ""unknown"", ""10"": ""free"", ""11"": ""unknown"", ""12"": ""unknown"", ""13"": ""free"", ""14"": ""unknown"", ""15"": ""unknown"", ""2"": ""unknown"", ""3"": ""unknown"", ""4"": ""unknown"", ""5"": ""free"", ""6"": ""unknown"", ""7"": ""unknown"", ""8"": ""unknown"", ""9"": ""unknown""}","{""0"": ""free"", ""1"": ""free"", ""2"": ""free"", ""3"": ""free""}",[],"[0, 5, 10, 13]","[1, 2, 3, 4, 6, 7, 8, 9, 11, 12, 14, 15]",False,ambiguity,False,uf_axiom,
SB_83__SR_38,SB_83,SR_38,SB-SR,0,0,0,0,0,0,0,0,0,0,1,0,early_only,random_stratified_sample,SB_83__SR_38,0,255,2,differential,sat,sat,0.005638306960463524,321.70301462709904,ed003a9a1900a3f3bf1eec0000d00cf6,ed003a9a1900a3f3bf1eec0000d00cf6,ed003a9a19004af3bf1eec0000d00c0e,False,sat,False,False,False,,"{""0"": ""unknown"", ""1"": ""unknown"", ""10"": ""unknown"", ""11"": ""unknown"", ""12"": ""unknown"", ""13"": ""unknown"", ""14"": ""unknown"", ""15"": ""free"", ""2"": ""unknown"", ""3"": ""unknown"", ""4"": ""unknown"", ""5"": ""unknown"", ""6"": ""free"", ""7"": ""unknown"", ""8"": ""unknown"", ""9"": ""unknown""}","{""0"": ""free"", ""1"": ""free"", ""2"": ""free"", ""3"": ""free""}",[],"[6, 15]","[0, 1, 2, 3, 4, 5, 7, 8, 9, 10, 11, 12, 13, 14]",False,ambiguity,False,uf_axiom,
SB_12__MC_53,SB_12,MC_53,SB-MC,0,0,0,0,0,0,0,0,0,1,0,0,early_late_mixed,random_stratified_sample,SB_12__MC_53,0,128,2,differential,sat,unsat,0.006976723670959473,255.02228020317852,edf43a9a19e4a3f3bf1eec668bd00cf6,edf43a9a19e4a3f3bf1eec668bd00cf6,,True,sat,False,False,False,,"{""0"": ""fixed"", ""1"": ""fixed"", ""10"": ""fixed"", ""11"": ""fixed"", ""12"": ""fixed"", ""13"": ""fixed"", ""14"": ""fixed"", ""15"": ""fixed"", ""2"": ""fixed"", ""3"": ""fixed"", ""4"": ""fixed"", ""5"": ""fixed"", ""6"": ""fixed"", ""7"": ""fixed"", ""8"": ""fixed"", ""9"": ""fixed""}","{""0"": ""fixed"", ""1"": ""fixed"", ""2"": ""fixed"", ""3"": ""fixed""}","[0, 1, 2, 3, 4, 5, 6, 7, 8, 9, 10, 11, 12, 13, 14, 15]",[],[],False,full_key_unique,True,uf_axiom,
SB_13__MC_14,SB_13,MC_14,SB-MC,0,1,1,1,0,0,0,0,0,0,0,0,early_late_mixed,random_stratified_sample,SB_13__MC_14,2,192,2,differential,sat,unsat,0.02366061694920063,113.88150184974074,a66f651322597191ab9f8f8af4c2db61,a66f651322597191ab9f8f8af4c2db61,,True,sat,False,False,False,,"{""0"": ""fixed"", ""1"": ""fixed"", ""10"": ""fixed"", ""11"": ""fixed"", ""12"": ""fixed"", ""13"": ""fixed"", ""14"": ""fixed"", ""15"": ""fixed"", ""2"": ""fixed"", ""3"": ""fixed"", ""4"": ""fixed"", ""5"": ""fixed"", ""6"": ""fixed"", ""7"": ""fixed"", ""8"": ""fixed"", ""9"": ""fixed""}","{""0"": ""fixed"", ""1"": ""fixed"", ""2"": ""fixed"", ""3"": ""fixed""}","[0, 1, 2, 3, 4, 5, 6, 7, 8, 9, 10, 11, 12, 13, 14, 15]",[],[],False,full_key_unique,True,uf_axiom,
SB_43__MC_14,SB_43,MC_14,SB-MC,0,0,1,0,0,0,0,0,1,0,0,0,early_late_mixed,random_stratified_sample,SB_43__MC_14,2,192,2,differential,sat,unsat,0.008972711861133575,292.17999499477446,a66f651322597191ab9f8f8af4c2db61,a66f651322597191ab9f8f8af4c2db61,,True,sat,False,False,False,,"{""0"": ""fixed"", ""1"": ""fixed"", ""10"": ""fixed"", ""11"": ""fixed"", ""12"": ""fixed"", ""13"": ""fixed"", ""14"": ""fixed"", ""15"": ""fixed"", ""2"": ""fixed"", ""3"": ""fixed"", ""4"": ""fixed"", ""5"": ""fixed"", ""6"": ""fixed"", ""7"": ""fixed"", ""8"": ""fixed"", ""9"": ""fixed""}","{""0"": ""fixed"", ""1"": ""fixed"", ""2"": ""fixed"", ""3"": ""fixed""}","[0, 1, 2, 3, 4, 5, 6, 7, 8, 9, 10, 11, 12, 13, 14, 15]",[],[],False,full_key_unique,True,uf_axiom,
SR_19__SR_61,SR_19,SR_61,SR-SR,1,0,0,0,0,0,0,0,0,0,1,0,early_only,random_stratified_sample,SR_19__SR_61,0,255,2,differential,sat,sat,0.005350811406970024,265.3402384761721,ed003a9a00e4a3f3bf00ec008bd000f6,ed003a9a00e4a3f3bf00ec008bd000f6,ed023a9a00e4a3f3bf00ec008bd000f6,False,sat,False,False,False,,"{""0"": ""fixed"", ""1"": ""free"", ""10"": ""unknown"", ""11"": ""unknown"", ""12"": ""unknown"", ""13"": ""unknown"", ""14"": ""unknown"", ""15"": ""unknown"", ""2"": ""unknown"", ""3"": ""unknown"", ""4"": ""unknown"", ""5"": ""unknown"", ""6"": ""unknown"", ""7"": ""unknown"", ""8"": ""unknown"", ""9"": ""unknown""}","{""0"": ""free"", ""1"": ""free"", ""2"": ""free"", ""3"": ""free""}",[0],[1],"[2, 3, 4, 5, 6, 7, 8, 9, 10, 11, 12, 13, 14, 15]",False,ambiguity,False,uf_axiom,
SB_87__SB_103,SB_87,SB_103,SB-SB,1,0,0,0,1,0,0,0,0,0,1,0,early_only,random_stratified_sample,SB_87__SB_103,0,255,2,differential,sat,unknown,0.005740026012063026,600.0003122035414,edf43a001900a3f3bf00ec668bd000f6,edf43a001900a3f3bf00ec668bd000f6,,False,sat,False,True,True,canceled,"{""0"": ""unknown"", ""1"": ""unknown"", ""10"": ""unknown"", ""11"": ""unknown"", ""12"": ""unknown"", ""13"": ""unknown"", ""14"": ""unknown"", ""15"": ""unknown"", ""2"": ""unknown"", ""3"": ""unknown"", ""4"": ""unknown"", ""5"": ""unknown"", ""6"": ""unknown"", ""7"": ""unknown"", ""8"": ""unknown"", ""9"": ""unknown""}","{""0"": ""unknown"", ""1"": ""unknown"", ""2"": ""unknown"", ""3"": ""unknown""}",[],[],"[0, 1, 2, 3, 4, 5, 6, 7, 8, 9, 10, 11, 12, 13, 14, 15]",False,ambiguity,False,uf_axiom,
SB_12__MC_53,SB_12,MC_53,SB-MC,0,0,0,0,0,0,0,0,0,1,0,0,early_late_mixed,random_stratified_sample,SB_12__MC_53,2,192,2,differential,sat,unsat,0.01039850153028965,146.19915266148746,a66f651322597191ab9f8f8af4c2db61,a66f651322597191ab9f8f8af4c2db61,,True,sat,False,False,False,,"{""0"": ""fixed"", ""1"": ""fixed"", ""10"": ""fixed"", ""11"": ""fixed"", ""12"": ""fixed"", ""13"": ""fixed"", ""14"": ""fixed"", ""15"": ""fixed"", ""2"": ""fixed"", ""3"": ""fixed"", ""4"": ""fixed"", ""5"": ""fixed"", ""6"": ""fixed"", ""7"": ""fixed"", ""8"": ""fixed"", ""9"": ""fixed""}","{""0"": ""fixed"", ""1"": ""fixed"", ""2"": ""fixed"", ""3"": ""fixed""}","[0, 1, 2, 3, 4, 5, 6, 7, 8, 9, 10, 11, 12, 13, 14, 15]",[],[],False,full_key_unique,True,uf_axiom,
SB_97__MC_97,SB_97,MC_97,SB-MC,0,1,1,1,1,0,0,0,0,0,0,0,early_late_mixed,random_stratified_sample,SB_97__MC_97,0,192,2,differential,sat,unsat,0.008949408307671547,483.6712725609541,edf43a9a19e4a3f3bf1eec668bd00cf6,edf43a9a19e4a3f3bf1eec668bd00cf6,,True,sat,False,False,False,,"{""0"": ""fixed"", ""1"": ""fixed"", ""10"": ""fixed"", ""11"": ""fixed"", ""12"": ""fixed"", ""13"": ""fixed"", ""14"": ""fixed"", ""15"": ""fixed"", ""2"": ""fixed"", ""3"": ""fixed"", ""4"": ""fixed"", ""5"": ""fixed"", ""6"": ""fixed"", ""7"": ""fixed"", ""8"": ""fixed"", ""9"": ""fixed""}","{""0"": ""fixed"", ""1"": ""fixed"", ""2"": ""fixed"", ""3"": ""fixed""}","[0, 1, 2, 3, 4, 5, 6, 7, 8, 9, 10, 11, 12, 13, 14, 15]",[],[],False,full_key_unique,True,uf_axiom,
SB_46__MC_1,SB_46,MC_1,SB-MC,0,0,0,0,0,0,0,0,0,0,1,0,early_late_mixed,random_stratified_sample,SB_46__MC_1,2,192,2,differential,sat,unsat,0.008946085348725319,220.65231941640377,a66f651322597191ab9f8f8af4c2db61,a66f651322597191ab9f8f8af4c2db61,,True,sat,False,False,False,,"{""0"": ""fixed"", ""1"": ""fixed"", ""10"": ""fixed"", ""11"": ""fixed"", ""12"": ""fixed"", ""13"": ""fixed"", ""14"": ""fixed"", ""15"": ""fixed"", ""2"": ""fixed"", ""3"": ""fixed"", ""4"": ""fixed"", ""5"": ""fixed"", ""6"": ""fixed"", ""7"": ""fixed"", ""8"": ""fixed"", ""9"": ""fixed""}","{""0"": ""fixed"", ""1"": ""fixed"", ""2"": ""fixed"", ""3"": ""fixed""}","[0, 1, 2, 3, 4, 5, 6, 7, 8, 9, 10, 11, 12, 13, 14, 15]",[],[],False,full_key_unique,True,uf_axiom,
SB_48__MC_87,SB_48,MC_87,SB-MC,0,0,1,0,0,0,0,0,1,0,0,0,early_late_mixed,random_stratified_sample,SB_48__MC_87,2,192,2,differential,sat,unsat,0.00906280241906643,227.46943469159305,a66f651322597191ab9f8f8af4c2db61,a66f651322597191ab9f8f8af4c2db61,,True,sat,False,False,False,,"{""0"": ""fixed"", ""1"": ""fixed"", ""10"": ""fixed"", ""11"": ""fixed"", ""12"": ""fixed"", ""13"": ""fixed"", ""14"": ""fixed"", ""15"": ""fixed"", ""2"": ""fixed"", ""3"": ""fixed"", ""4"": ""fixed"", ""5"": ""fixed"", ""6"": ""fixed"", ""7"": ""fixed"", ""8"": ""fixed"", ""9"": ""fixed""}","{""0"": ""fixed"", ""1"": ""fixed"", ""2"": ""fixed"", ""3"": ""fixed""}","[0, 1, 2, 3, 4, 5, 6, 7, 8, 9, 10, 11, 12, 13, 14, 15]",[],[],False,full_key_unique,True,uf_axiom,
SB_108__MC_72,SB_108,MC_72,SB-MC,0,0,1,0,0,0,0,0,1,0,0,0,early_late_mixed,random_stratified_sample,SB_108__MC_72,0,192,2,differential,sat,unsat,0.008400477468967438,114.37063878402114,edf43a9a19e4a3f3bf1eec668bd00cf6,edf43a9a19e4a3f3bf1eec668bd00cf6,,True,sat,False,False,False,,"{""0"": ""fixed"", ""1"": ""fixed"", ""10"": ""fixed"", ""11"": ""fixed"", ""12"": ""fixed"", ""13"": ""fixed"", ""14"": ""fixed"", ""15"": ""fixed"", ""2"": ""fixed"", ""3"": ""fixed"", ""4"": ""fixed"", ""5"": ""fixed"", ""6"": ""fixed"", ""7"": ""fixed"", ""8"": ""fixed"", ""9"": ""fixed""}","{""0"": ""fixed"", ""1"": ""fixed"", ""2"": ""fixed"", ""3"": ""fixed""}","[0, 1, 2, 3, 4, 5, 6, 7, 8, 9, 10, 11, 12, 13, 14, 15]",[],[],False,full_key_unique,True,uf_axiom,
SR_104__SR_113,SR_104,SR_113,SR-SR,1,0,0,1,0,0,0,1,0,0,0,0,early_only,random_stratified_sample,SR_104__SR_113,2,255,2,differential,sat,sat,0.004869716241955757,345.3214771654457,a66f651322597100009f8f000000db61,a66f651322597100009f8f000000db61,a66f651322597104009f8f000000db61,False,sat,False,False,False,,"{""0"": ""unknown"", ""1"": ""unknown"", ""10"": ""unknown"", ""11"": ""unknown"", ""12"": ""unknown"", ""13"": ""unknown"", ""14"": ""unknown"", ""15"": ""unknown"", ""2"": ""unknown"", ""3"": ""unknown"", ""4"": ""unknown"", ""5"": ""unknown"", ""6"": ""unknown"", ""7"": ""free"", ""8"": ""unknown"", ""9"": ""unknown""}","{""0"": ""unknown"", ""1"": ""free"", ""2"": ""unknown"", ""3"": ""unknown""}",[],[7],"[0, 1, 2, 3, 4, 5, 6, 8, 9, 10, 11, 12, 13, 14, 15]",False,ambiguity,False,uf_axiom,
SB_48__MC_87,SB_48,MC_87,SB-MC,0,0,1,0,0,0,0,0,1,0,0,0,early_late_mixed,random_stratified_sample,SB_48__MC_87,1,192,2,differential,sat,unsat,0.008832462131977081,287.6458563692868,99107579bc3c2c3b0d7a8a6fd1573606,99107579bc3c2c3b0d7a8a6fd1573606,,True,sat,False,False,False,,"{""0"": ""fixed"", ""1"": ""fixed"", ""10"": ""fixed"", ""11"": ""fixed"", ""12"": ""fixed"", ""13"": ""fixed"", ""14"": ""fixed"", ""15"": ""fixed"", ""2"": ""fixed"", ""3"": ""fixed"", ""4"": ""fixed"", ""5"": ""fixed"", ""6"": ""fixed"", ""7"": ""fixed"", ""8"": ""fixed"", ""9"": ""fixed""}","{""0"": ""fixed"", ""1"": ""fixed"", ""2"": ""fixed"", ""3"": ""fixed""}","[0, 1, 2, 3, 4, 5, 6, 7, 8, 9, 10, 11, 12, 13, 14, 15]",[],[],False,full_key_unique,True,uf_axiom,
SR_58__SR_74,SR_58,SR_74,SR-SR,1,0,0,0,1,0,0,0,0,0,1,0,early_only,random_stratified_sample,SR_58__SR_74,0,255,2,differential,sat,sat,0.005725201219320297,297.5245152320713,edf4009a00e4a300001eec668bd00cf6,edf4009a00e4a300001eec668bd00cf6,edf4009a02e4a30000a8ec668bd0d4f6,False,sat,False,False,False,,"{""0"": ""fixed"", ""1"": ""unknown"", ""10"": ""unknown"", ""11"": ""unknown"", ""12"": ""unknown"", ""13"": ""unknown"", ""14"": ""free"", ""15"": ""unknown"", ""2"": ""unknown"", ""3"": ""unknown"", ""4"": ""free"", ""5"": ""unknown"", ""6"": ""unknown"", ""7"": ""unknown"", ""8"": ""unknown"", ""9"": ""free""}","{""0"": ""free"", ""1"": ""free"", ""2"": ""free"", ""3"": ""free""}",[0],"[4, 9, 14]","[1, 2, 3, 5, 6, 7, 8, 10, 11, 12, 13, 15]",False,ambiguity,False,uf_axiom,
SB_97__MC_97,SB_97,MC_97,SB-MC,0,1,1,1,1,0,0,0,0,0,0,0,early_late_mixed,random_stratified_sample,SB_97__MC_97,2,192,2,differential,sat,unsat,0.009231038391590118,470.8318560849875,a66f651322597191ab9f8f8af4c2db61,a66f651322597191ab9f8f8af4c2db61,,True,sat,False,False,False,,"{""0"": ""fixed"", ""1"": ""fixed"", ""10"": ""fixed"", ""11"": ""fixed"", ""12"": ""fixed"", ""13"": ""fixed"", ""14"": ""fixed"", ""15"": ""fixed"", ""2"": ""fixed"", ""3"": ""fixed"", ""4"": ""fixed"", ""5"": ""fixed"", ""6"": ""fixed"", ""7"": ""fixed"", ""8"": ""fixed"", ""9"": ""fixed""}","{""0"": ""fixed"", ""1"": ""fixed"", ""2"": ""fixed"", ""3"": ""fixed""}","[0, 1, 2, 3, 4, 5, 6, 7, 8, 9, 10, 11, 12, 13, 14, 15]",[],[],False,full_key_unique,True,uf_axiom,
SB_108__MC_72,SB_108,MC_72,SB-MC,0,0,1,0,0,0,0,0,1,0,0,0,early_late_mixed,random_stratified_sample,SB_108__MC_72,2,192,2,differential,sat,unsat,0.008152257651090622,247.39355894736946,a66f651322597191ab9f8f8af4c2db61,a66f651322597191ab9f8f8af4c2db61,,True,sat,False,False,False,,"{""0"": ""fixed"", ""1"": ""fixed"", ""10"": ""fixed"", ""11"": ""fixed"", ""12"": ""fixed"", ""13"": ""fixed"", ""14"": ""fixed"", ""15"": ""fixed"", ""2"": ""fixed"", ""3"": ""fixed"", ""4"": ""fixed"", ""5"": ""fixed"", ""6"": ""fixed"", ""7"": ""fixed"", ""8"": ""fixed"", ""9"": ""fixed""}","{""0"": ""fixed"", ""1"": ""fixed"", ""2"": ""fixed"", ""3"": ""fixed""}","[0, 1, 2, 3, 4, 5, 6, 7, 8, 9, 10, 11, 12, 13, 14, 15]",[],[],False,full_key_unique,True,uf_axiom,
SB_5__MC_75,SB_5,MC_75,SB-MC,0,0,0,0,0,0,0,0,0,0,1,0,early_late_mixed,random_stratified_sample,SB_5__MC_75,2,128,2,differential,sat,sat,0.00658329576253891,279.3586768396199,a66f651322597191ab9f8f8af4c2db61,a66f651322597191ab9f8f8af4c2db61,a64b65132259da91abea8f234dc2db61,True,sat,False,False,False,,"{""0"": ""unknown"", ""1"": ""free"", ""10"": ""unknown"", ""11"": ""free"", ""12"": ""free"", ""13"": ""unknown"", ""14"": ""unknown"", ""15"": ""unknown"", ""2"": ""unknown"", ""3"": ""unknown"", ""4"": ""unknown"", ""5"": ""unknown"", ""6"": ""free"", ""7"": ""unknown"", ""8"": ""unknown"", ""9"": ""free""}","{""0"": ""free"", ""1"": ""free"", ""2"": ""free"", ""3"": ""free""}",[],"[1, 6, 9, 11, 12]","[0, 2, 3, 4, 5, 7, 8, 10, 13, 14, 15]",False,ambiguity,False,uf_axiom,
SB_46__MC_1,SB_46,MC_1,SB-MC,0,0,0,0,0,0,0,0,0,0,1,0,early_late_mixed,random_stratified_sample,SB_46__MC_1,1,192,2,differential,sat,unsat,0.00834856741130352,310.8967543579638,99107579bc3c2c3b0d7a8a6fd1573606,99107579bc3c2c3b0d7a8a6fd1573606,,True,sat,False,False,False,,"{""0"": ""fixed"", ""1"": ""fixed"", ""10"": ""fixed"", ""11"": ""fixed"", ""12"": ""fixed"", ""13"": ""fixed"", ""14"": ""fixed"", ""15"": ""fixed"", ""2"": ""fixed"", ""3"": ""fixed"", ""4"": ""fixed"", ""5"": ""fixed"", ""6"": ""fixed"", ""7"": ""fixed"", ""8"": ""fixed"", ""9"": ""fixed""}","{""0"": ""fixed"", ""1"": ""fixed"", ""2"": ""fixed"", ""3"": ""fixed""}","[0, 1, 2, 3, 4, 5, 6, 7, 8, 9, 10, 11, 12, 13, 14, 15]",[],[],False,full_key_unique,True,uf_axiom,
SB_44__MC_11,SB_44,MC_11,SB-MC,0,0,1,0,0,0,0,0,1,0,0,0,early_late_mixed,random_stratified_sample,SB_44__MC_11,1,192,2,differential,sat,unsat,0.008939795196056366,199.9731596559286,99107579bc3c2c3b0d7a8a6fd1573606,99107579bc3c2c3b0d7a8a6fd1573606,,True,sat,False,False,False,,"{""0"": ""fixed"", ""1"": ""fixed"", ""10"": ""fixed"", ""11"": ""fixed"", ""12"": ""fixed"", ""13"": ""fixed"", ""14"": ""fixed"", ""15"": ""fixed"", ""2"": ""fixed"", ""3"": ""fixed"", ""4"": ""fixed"", ""5"": ""fixed"", ""6"": ""fixed"", ""7"": ""fixed"", ""8"": ""fixed"", ""9"": ""fixed""}","{""0"": ""fixed"", ""1"": ""fixed"", ""2"": ""fixed"", ""3"": ""fixed""}","[0, 1, 2, 3, 4, 5, 6, 7, 8, 9, 10, 11, 12, 13, 14, 15]",[],[],False,full_key_unique,True,uf_axiom,
SB_16__MC_5,SB_16,MC_5,SB-MC,0,0,0,1,0,0,0,0,0,0,0,0,early_late_mixed,random_stratified_sample,SB_16__MC_5,1,128,2,differential,sat,unsat,0.006170246750116348,218.27737961150706,99107579bc3c2c3b0d7a8a6fd1573606,99107579bc3c2c3b0d7a8a6fd1573606,,True,sat,False,False,False,,"{""0"": ""fixed"", ""1"": ""fixed"", ""10"": ""fixed"", ""11"": ""fixed"", ""12"": ""fixed"", ""13"": ""fixed"", ""14"": ""fixed"", ""15"": ""fixed"", ""2"": ""fixed"", ""3"": ""fixed"", ""4"": ""fixed"", ""5"": ""fixed"", ""6"": ""fixed"", ""7"": ""fixed"", ""8"": ""fixed"", ""9"": ""fixed""}","{""0"": ""fixed"", ""1"": ""fixed"", ""2"": ""fixed"", ""3"": ""fixed""}","[0, 1, 2, 3, 4, 5, 6, 7, 8, 9, 10, 11, 12, 13, 14, 15]",[],[],False,full_key_unique,True,uf_axiom,
SB_48__MC_87,SB_48,MC_87,SB-MC,0,0,1,0,0,0,0,0,1,0,0,0,early_late_mixed,random_stratified_sample,SB_48__MC_87,0,192,2,differential,sat,unsat,0.01154777780175209,399.4644751958549,edf43a9a19e4a3f3bf1eec668bd00cf6,edf43a9a19e4a3f3bf1eec668bd00cf6,,True,sat,False,False,False,,"{""0"": ""fixed"", ""1"": ""fixed"", ""10"": ""fixed"", ""11"": ""fixed"", ""12"": ""fixed"", ""13"": ""fixed"", ""14"": ""fixed"", ""15"": ""fixed"", ""2"": ""fixed"", ""3"": ""fixed"", ""4"": ""fixed"", ""5"": ""fixed"", ""6"": ""fixed"", ""7"": ""fixed"", ""8"": ""fixed"", ""9"": ""fixed""}","{""0"": ""fixed"", ""1"": ""fixed"", ""2"": ""fixed"", ""3"": ""fixed""}","[0, 1, 2, 3, 4, 5, 6, 7, 8, 9, 10, 11, 12, 13, 14, 15]",[],[],False,full_key_unique,True,uf_axiom,
SB_43__MC_14,SB_43,MC_14,SB-MC,0,0,1,0,0,0,0,0,1,0,0,0,early_late_mixed,random_stratified_sample,SB_43__MC_14,1,192,2,differential,sat,unsat,0.008297868072986603,545.9578046966344,99107579bc3c2c3b0d7a8a6fd1573606,99107579bc3c2c3b0d7a8a6fd1573606,,True,sat,False,False,False,,"{""0"": ""fixed"", ""1"": ""fixed"", ""10"": ""fixed"", ""11"": ""fixed"", ""12"": ""fixed"", ""13"": ""fixed"", ""14"": ""fixed"", ""15"": ""fixed"", ""2"": ""fixed"", ""3"": ""fixed"", ""4"": ""fixed"", ""5"": ""fixed"", ""6"": ""fixed"", ""7"": ""fixed"", ""8"": ""fixed"", ""9"": ""fixed""}","{""0"": ""fixed"", ""1"": ""fixed"", ""2"": ""fixed"", ""3"": ""fixed""}","[0, 1, 2, 3, 4, 5, 6, 7, 8, 9, 10, 11, 12, 13, 14, 15]",[],[],False,full_key_unique,True,uf_axiom,
SB_46__MC_1,SB_46,MC_1,SB-MC,0,0,0,0,0,0,0,0,0,0,1,0,early_late_mixed,random_stratified_sample,SB_46__MC_1,0,192,2,differential,sat,unsat,0.009616764262318611,350.74796935357153,edf43a9a19e4a3f3bf1eec668bd00cf6,edf43a9a19e4a3f3bf1eec668bd00cf6,,True,sat,False,False,False,,"{""0"": ""fixed"", ""1"": ""fixed"", ""10"": ""fixed"", ""11"": ""fixed"", ""12"": ""fixed"", ""13"": ""fixed"", ""14"": ""fixed"", ""15"": ""fixed"", ""2"": ""fixed"", ""3"": ""fixed"", ""4"": ""fixed"", ""5"": ""fixed"", ""6"": ""fixed"", ""7"": ""fixed"", ""8"": ""fixed"", ""9"": ""fixed""}","{""0"": ""fixed"", ""1"": ""fixed"", ""2"": ""fixed"", ""3"": ""fixed""}","[0, 1, 2, 3, 4, 5, 6, 7, 8, 9, 10, 11, 12, 13, 14, 15]",[],[],False,full_key_unique,True,uf_axiom,
SB_44__MC_11,SB_44,MC_11,SB-MC,0,0,1,0,0,0,0,0,1,0,0,0,early_late_mixed,random_stratified_sample,SB_44__MC_11,2,192,2,differential,sat,unsat,0.009345397353172302,341.4576458912343,a66f651322597191ab9f8f8af4c2db61,a66f651322597191ab9f8f8af4c2db61,,True,sat,False,False,False,,"{""0"": ""fixed"", ""1"": ""fixed"", ""10"": ""fixed"", ""11"": ""fixed"", ""12"": ""fixed"", ""13"": ""fixed"", ""14"": ""fixed"", ""15"": ""fixed"", ""2"": ""fixed"", ""3"": ""fixed"", ""4"": ""fixed"", ""5"": ""fixed"", ""6"": ""fixed"", ""7"": ""fixed"", ""8"": ""fixed"", ""9"": ""fixed""}","{""0"": ""fixed"", ""1"": ""fixed"", ""2"": ""fixed"", ""3"": ""fixed""}","[0, 1, 2, 3, 4, 5, 6, 7, 8, 9, 10, 11, 12, 13, 14, 15]",[],[],False,full_key_unique,True,uf_axiom,
SB_93__MC_65,SB_93,MC_65,SB-MC,0,0,0,1,0,0,0,0,0,0,0,0,early_late_mixed,random_stratified_sample,SB_93__MC_65,2,192,2,differential,sat,unsat,0.013345571234822273,290.0817800592631,a66f651322597191ab9f8f8af4c2db61,a66f651322597191ab9f8f8af4c2db61,,True,sat,False,False,False,,"{""0"": ""fixed"", ""1"": ""fixed"", ""10"": ""fixed"", ""11"": ""fixed"", ""12"": ""fixed"", ""13"": ""fixed"", ""14"": ""fixed"", ""15"": ""fixed"", ""2"": ""fixed"", ""3"": ""fixed"", ""4"": ""fixed"", ""5"": ""fixed"", ""6"": ""fixed"", ""7"": ""fixed"", ""8"": ""fixed"", ""9"": ""fixed""}","{""0"": ""fixed"", ""1"": ""fixed"", ""2"": ""fixed"", ""3"": ""fixed""}","[0, 1, 2, 3, 4, 5, 6, 7, 8, 9, 10, 11, 12, 13, 14, 15]",[],[],False,full_key_unique,True,uf_axiom,
SB_11__MC_115,SB_11,MC_115,SB-MC,0,0,0,0,1,0,0,0,0,0,1,0,early_late_mixed,random_stratified_sample,SB_11__MC_115,2,192,2,differential,sat,unsat,0.013306727632880211,546.4506004881114,a66f651322597191ab9f8f8af4c2db61,a66f651322597191ab9f8f8af4c2db61,,True,sat,False,False,False,,"{""0"": ""fixed"", ""1"": ""fixed"", ""10"": ""fixed"", ""11"": ""fixed"", ""12"": ""fixed"", ""13"": ""fixed"", ""14"": ""fixed"", ""15"": ""fixed"", ""2"": ""fixed"", ""3"": ""fixed"", ""4"": ""fixed"", ""5"": ""fixed"", ""6"": ""fixed"", ""7"": ""fixed"", ""8"": ""fixed"", ""9"": ""fixed""}","{""0"": ""fixed"", ""1"": ""fixed"", ""2"": ""fixed"", ""3"": ""fixed""}","[0, 1, 2, 3, 4, 5, 6, 7, 8, 9, 10, 11, 12, 13, 14, 15]",[],[],False,full_key_unique,True,uf_axiom,
SB_33__MC_116,SB_33,MC_116,SB-MC,0,0,0,0,0,0,0,0,0,0,1,0,early_late_mixed,random_stratified_sample,SB_33__MC_116,0,192,2,differential,sat,unsat,0.011287536472082138,218.13873916491866,edf43a9a19e4a3f3bf1eec668bd00cf6,edf43a9a19e4a3f3bf1eec668bd00cf6,,True,sat,False,False,False,,"{""0"": ""fixed"", ""1"": ""fixed"", ""10"": ""fixed"", ""11"": ""fixed"", ""12"": ""fixed"", ""13"": ""fixed"", ""14"": ""fixed"", ""15"": ""fixed"", ""2"": ""fixed"", ""3"": ""fixed"", ""4"": ""fixed"", ""5"": ""fixed"", ""6"": ""fixed"", ""7"": ""fixed"", ""8"": ""fixed"", ""9"": ""fixed""}","{""0"": ""fixed"", ""1"": ""fixed"", ""2"": ""fixed"", ""3"": ""fixed""}","[0, 1, 2, 3, 4, 5, 6, 7, 8, 9, 10, 11, 12, 13, 14, 15]",[],[],False,full_key_unique,True,uf_axiom,
SB_77__MC_46,SB_77,MC_46,SB-MC,0,0,1,0,0,0,0,0,1,0,0,0,early_late_mixed,random_stratified_sample,SB_77__MC_46,0,192,2,differential,sat,unsat,0.008656660094857216,354.36917675100267,edf43a9a19e4a3f3bf1eec668bd00cf6,edf43a9a19e4a3f3bf1eec668bd00cf6,,True,sat,False,False,False,,"{""0"": ""fixed"", ""1"": ""fixed"", ""10"": ""fixed"", ""11"": ""fixed"", ""12"": ""fixed"", ""13"": ""fixed"", ""14"": ""fixed"", ""15"": ""fixed"", ""2"": ""fixed"", ""3"": ""fixed"", ""4"": ""fixed"", ""5"": ""fixed"", ""6"": ""fixed"", ""7"": ""fixed"", ""8"": ""fixed"", ""9"": ""fixed""}","{""0"": ""fixed"", ""1"": ""fixed"", ""2"": ""fixed"", ""3"": ""fixed""}","[0, 1, 2, 3, 4, 5, 6, 7, 8, 9, 10, 11, 12, 13, 14, 15]",[],[],False,full_key_unique,True,uf_axiom,
SB_70__MC_102,SB_70,MC_102,SB-MC,0,0,1,0,1,0,0,0,1,0,0,0,early_late_mixed,random_stratified_sample,SB_70__MC_102,0,128,2,differential,sat,unsat,0.006416358053684235,64.49229672923684,edf43a9a19e4a3f3bf1eec668bd00cf6,edf43a9a19e4a3f3bf1eec668bd00cf6,,True,sat,False,False,False,,"{""0"": ""fixed"", ""1"": ""fixed"", ""10"": ""fixed"", ""11"": ""fixed"", ""12"": ""fixed"", ""13"": ""fixed"", ""14"": ""fixed"", ""15"": ""fixed"", ""2"": ""fixed"", ""3"": ""fixed"", ""4"": ""fixed"", ""5"": ""fixed"", ""6"": ""fixed"", ""7"": ""fixed"", ""8"": ""fixed"", ""9"": ""fixed""}","{""0"": ""fixed"", ""1"": ""fixed"", ""2"": ""fixed"", ""3"": ""fixed""}","[0, 1, 2, 3, 4, 5, 6, 7, 8, 9, 10, 11, 12, 13, 14, 15]",[],[],False,full_key_unique,True,uf_axiom,
SB_58__MC_116,SB_58,MC_116,SB-MC,0,0,0,0,0,0,0,0,0,0,1,0,early_late_mixed,random_stratified_sample,SB_58__MC_116,0,192,2,differential,sat,unsat,0.01055612787604332,83.23794928565621,edf43a9a19e4a3f3bf1eec668bd00cf6,edf43a9a19e4a3f3bf1eec668bd00cf6,,True,sat,False,False,False,,"{""0"": ""fixed"", ""1"": ""fixed"", ""10"": ""fixed"", ""11"": ""fixed"", ""12"": ""fixed"", ""13"": ""fixed"", ""14"": ""fixed"", ""15"": ""fixed"", ""2"": ""fixed"", ""3"": ""fixed"", ""4"": ""fixed"", ""5"": ""fixed"", ""6"": ""fixed"", ""7"": ""fixed"", ""8"": ""fixed"", ""9"": ""fixed""}","{""0"": ""fixed"", ""1"": ""fixed"", ""2"": ""fixed"", ""3"": ""fixed""}","[0, 1, 2, 3, 4, 5, 6, 7, 8, 9, 10, 11, 12, 13, 14, 15]",[],[],False,full_key_unique,True,uf_axiom,
SB_108__MC_72,SB_108,MC_72,SB-MC,0,0,1,0,0,0,0,0,1,0,0,0,early_late_mixed,random_stratified_sample,SB_108__MC_72,1,192,2,differential,sat,unsat,0.00945320911705494,427.9262465555221,99107579bc3c2c3b0d7a8a6fd1573606,99107579bc3c2c3b0d7a8a6fd1573606,,True,sat,False,False,False,,"{""0"": ""fixed"", ""1"": ""fixed"", ""10"": ""fixed"", ""11"": ""fixed"", ""12"": ""fixed"", ""13"": ""fixed"", ""14"": ""fixed"", ""15"": ""fixed"", ""2"": ""fixed"", ""3"": ""fixed"", ""4"": ""fixed"", ""5"": ""fixed"", ""6"": ""fixed"", ""7"": ""fixed"", ""8"": ""fixed"", ""9"": ""fixed""}","{""0"": ""fixed"", ""1"": ""fixed"", ""2"": ""fixed"", ""3"": ""fixed""}","[0, 1, 2, 3, 4, 5, 6, 7, 8, 9, 10, 11, 12, 13, 14, 15]",[],[],False,full_key_unique,True,uf_axiom,
SB_12__MC_53,SB_12,MC_53,SB-MC,0,0,0,0,0,0,0,0,0,1,0,0,early_late_mixed,random_stratified_sample,SB_12__MC_53,1,192,2,differential,sat,unsat,0.012391261756420135,490.564844077453,99107579bc3c2c3b0d7a8a6fd1573606,99107579bc3c2c3b0d7a8a6fd1573606,,True,sat,False,False,False,,"{""0"": ""fixed"", ""1"": ""fixed"", ""10"": ""fixed"", ""11"": ""fixed"", ""12"": ""fixed"", ""13"": ""fixed"", ""14"": ""fixed"", ""15"": ""fixed"", ""2"": ""fixed"", ""3"": ""fixed"", ""4"": ""fixed"", ""5"": ""fixed"", ""6"": ""fixed"", ""7"": ""fixed"", ""8"": ""fixed"", ""9"": ""fixed""}","{""0"": ""fixed"", ""1"": ""fixed"", ""2"": ""fixed"", ""3"": ""fixed""}","[0, 1, 2, 3, 4, 5, 6, 7, 8, 9, 10, 11, 12, 13, 14, 15]",[],[],False,full_key_unique,True,uf_axiom,
SB_68__MC_95,SB_68,MC_95,SB-MC,0,0,0,1,0,0,0,1,0,0,0,0,early_late_mixed,random_stratified_sample,SB_68__MC_95,2,192,2,differential,sat,unsat,0.008258020505309105,283.52370922267437,a66f651322597191ab9f8f8af4c2db61,a66f651322597191ab9f8f8af4c2db61,,True,sat,False,False,False,,"{""0"": ""fixed"", ""1"": ""fixed"", ""10"": ""fixed"", ""11"": ""fixed"", ""12"": ""fixed"", ""13"": ""fixed"", ""14"": ""fixed"", ""15"": ""fixed"", ""2"": ""fixed"", ""3"": ""fixed"", ""4"": ""fixed"", ""5"": ""fixed"", ""6"": ""fixed"", ""7"": ""fixed"", ""8"": ""fixed"", ""9"": ""fixed""}","{""0"": ""fixed"", ""1"": ""fixed"", ""2"": ""fixed"", ""3"": ""fixed""}","[0, 1, 2, 3, 4, 5, 6, 7, 8, 9, 10, 11, 12, 13, 14, 15]",[],[],False,full_key_unique,True,uf_axiom,
SB_93__MC_65,SB_93,MC_65,SB-MC,0,0,0,1,0,0,0,0,0,0,0,0,early_late_mixed,random_stratified_sample,SB_93__MC_65,1,192,2,differential,sat,unsat,0.010946590453386307,246.14280146546662,99107579bc3c2c3b0d7a8a6fd1573606,99107579bc3c2c3b0d7a8a6fd1573606,,True,sat,False,False,False,,"{""0"": ""fixed"", ""1"": ""fixed"", ""10"": ""fixed"", ""11"": ""fixed"", ""12"": ""fixed"", ""13"": ""fixed"", ""14"": ""fixed"", ""15"": ""fixed"", ""2"": ""fixed"", ""3"": ""fixed"", ""4"": ""fixed"", ""5"": ""fixed"", ""6"": ""fixed"", ""7"": ""fixed"", ""8"": ""fixed"", ""9"": ""fixed""}","{""0"": ""fixed"", ""1"": ""fixed"", ""2"": ""fixed"", ""3"": ""fixed""}","[0, 1, 2, 3, 4, 5, 6, 7, 8, 9, 10, 11, 12, 13, 14, 15]",[],[],False,full_key_unique,True,uf_axiom,
SB_103__MC_53,SB_103,MC_53,SB-MC,0,0,0,0,0,0,0,0,0,1,0,0,early_late_mixed,random_stratified_sample,SB_103__MC_53,2,192,2,differential,sat,unsat,0.011748388409614563,364.8346393238753,a66f651322597191ab9f8f8af4c2db61,a66f651322597191ab9f8f8af4c2db61,,True,sat,False,False,False,,"{""0"": ""fixed"", ""1"": ""fixed"", ""10"": ""fixed"", ""11"": ""fixed"", ""12"": ""fixed"", ""13"": ""fixed"", ""14"": ""fixed"", ""15"": ""fixed"", ""2"": ""fixed"", ""3"": ""fixed"", ""4"": ""fixed"", ""5"": ""fixed"", ""6"": ""fixed"", ""7"": ""fixed"", ""8"": ""fixed"", ""9"": ""fixed""}","{""0"": ""fixed"", ""1"": ""fixed"", ""2"": ""fixed"", ""3"": ""fixed""}","[0, 1, 2, 3, 4, 5, 6, 7, 8, 9, 10, 11, 12, 13, 14, 15]",[],[],False,full_key_unique,True,uf_axiom,
SB_37__MC_78,SB_37,MC_78,SB-MC,0,0,0,0,0,0,0,0,0,1,0,0,early_late_mixed,random_stratified_sample,SB_37__MC_78,2,128,2,differential,sat,sat,0.006222736090421677,31.449201218783855,a66f651322597191ab9f8f8af4c2db61,a66f651322597191ab9f8f8af4c2db61,a66f651322597191ab9f188af4c2db2e,True,sat,False,False,False,,"{""0"": ""unknown"", ""1"": ""unknown"", ""10"": ""free"", ""11"": ""unknown"", ""12"": ""unknown"", ""13"": ""unknown"", ""14"": ""unknown"", ""15"": ""free"", ""2"": ""unknown"", ""3"": ""unknown"", ""4"": ""unknown"", ""5"": ""unknown"", ""6"": ""unknown"", ""7"": ""unknown"", ""8"": ""unknown"", ""9"": ""unknown""}","{""0"": ""unknown"", ""1"": ""unknown"", ""2"": ""free"", ""3"": ""free""}",[],"[10, 15]","[0, 1, 2, 3, 4, 5, 6, 7, 8, 9, 11, 12, 13, 14]",False,ambiguity,False,uf_axiom,
SB_16__MC_5,SB_16,MC_5,SB-MC,0,0,0,1,0,0,0,0,0,0,0,0,early_late_mixed,random_stratified_sample,SB_16__MC_5,2,192,2,differential,sat,unsat,0.011158153414726257,247.41089415177703,a66f651322597191ab9f8f8af4c2db61,a66f651322597191ab9f8f8af4c2db61,,True,sat,False,False,False,,"{""0"": ""fixed"", ""1"": ""fixed"", ""10"": ""fixed"", ""11"": ""fixed"", ""12"": ""fixed"", ""13"": ""fixed"", ""14"": ""fixed"", ""15"": ""fixed"", ""2"": ""fixed"", ""3"": ""fixed"", ""4"": ""fixed"", ""5"": ""fixed"", ""6"": ""fixed"", ""7"": ""fixed"", ""8"": ""fixed"", ""9"": ""fixed""}","{""0"": ""fixed"", ""1"": ""fixed"", ""2"": ""fixed"", ""3"": ""fixed""}","[0, 1, 2, 3, 4, 5, 6, 7, 8, 9, 10, 11, 12, 13, 14, 15]",[],[],False,full_key_unique,True,uf_axiom,
SB_5__MC_75,SB_5,MC_75,SB-MC,0,0,0,0,0,0,0,0,0,0,1,0,early_late_mixed,random_stratified_sample,SB_5__MC_75,1,192,2,differential,sat,unsat,0.011041225865483284,263.19139120168984,99107579bc3c2c3b0d7a8a6fd1573606,99107579bc3c2c3b0d7a8a6fd1573606,,True,sat,False,False,False,,"{""0"": ""fixed"", ""1"": ""fixed"", ""10"": ""fixed"", ""11"": ""fixed"", ""12"": ""fixed"", ""13"": ""fixed"", ""14"": ""fixed"", ""15"": ""fixed"", ""2"": ""fixed"", ""3"": ""fixed"", ""4"": ""fixed"", ""5"": ""fixed"", ""6"": ""fixed"", ""7"": ""fixed"", ""8"": ""fixed"", ""9"": ""fixed""}","{""0"": ""fixed"", ""1"": ""fixed"", ""2"": ""fixed"", ""3"": ""fixed""}","[0, 1, 2, 3, 4, 5, 6, 7, 8, 9, 10, 11, 12, 13, 14, 15]",[],[],False,full_key_unique,True,uf_axiom,
SB_5__MC_75,SB_5,MC_75,SB-MC,0,0,0,0,0,0,0,0,0,0,1,0,early_late_mixed,random_stratified_sample,SB_5__MC_75,0,192,2,differential,sat,unsat,0.012054238468408585,321.91330993175507,edf43a9a19e4a3f3bf1eec668bd00cf6,edf43a9a19e4a3f3bf1eec668bd00cf6,,True,sat,False,False,False,,"{""0"": ""fixed"", ""1"": ""fixed"", ""10"": ""fixed"", ""11"": ""fixed"", ""12"": ""fixed"", ""13"": ""fixed"", ""14"": ""fixed"", ""15"": ""fixed"", ""2"": ""fixed"", ""3"": ""fixed"", ""4"": ""fixed"", ""5"": ""fixed"", ""6"": ""fixed"", ""7"": ""fixed"", ""8"": ""fixed"", ""9"": ""fixed""}","{""0"": ""fixed"", ""1"": ""fixed"", ""2"": ""fixed"", ""3"": ""fixed""}","[0, 1, 2, 3, 4, 5, 6, 7, 8, 9, 10, 11, 12, 13, 14, 15]",[],[],False,full_key_unique,True,uf_axiom,
SB_103__MC_53,SB_103,MC_53,SB-MC,0,0,0,0,0,0,0,0,0,1,0,0,early_late_mixed,random_stratified_sample,SB_103__MC_53,0,192,2,differential,sat,unsat,0.012043658643960953,275.79292950965464,edf43a9a19e4a3f3bf1eec668bd00cf6,edf43a9a19e4a3f3bf1eec668bd00cf6,,True,sat,False,False,False,,"{""0"": ""fixed"", ""1"": ""fixed"", ""10"": ""fixed"", ""11"": ""fixed"", ""12"": ""fixed"", ""13"": ""fixed"", ""14"": ""fixed"", ""15"": ""fixed"", ""2"": ""fixed"", ""3"": ""fixed"", ""4"": ""fixed"", ""5"": ""fixed"", ""6"": ""fixed"", ""7"": ""fixed"", ""8"": ""fixed"", ""9"": ""fixed""}","{""0"": ""fixed"", ""1"": ""fixed"", ""2"": ""fixed"", ""3"": ""fixed""}","[0, 1, 2, 3, 4, 5, 6, 7, 8, 9, 10, 11, 12, 13, 14, 15]",[],[],False,full_key_unique,True,uf_axiom,
SB_43__MC_14,SB_43,MC_14,SB-MC,0,0,1,0,0,0,0,0,1,0,0,0,early_late_mixed,random_stratified_sample,SB_43__MC_14,0,255,2,differential,sat,unsat,0.011333715170621872,227.16788189299405,edf43a9a19e4a3f3bf1eec668bd00cf6,edf43a9a19e4a3f3bf1eec668bd00cf6,,True,sat,False,False,False,,"{""0"": ""fixed"", ""1"": ""fixed"", ""10"": ""fixed"", ""11"": ""fixed"", ""12"": ""fixed"", ""13"": ""fixed"", ""14"": ""fixed"", ""15"": ""fixed"", ""2"": ""fixed"", ""3"": ""fixed"", ""4"": ""fixed"", ""5"": ""fixed"", ""6"": ""fixed"", ""7"": ""fixed"", ""8"": ""fixed"", ""9"": ""fixed""}","{""0"": ""fixed"", ""1"": ""fixed"", ""2"": ""fixed"", ""3"": ""fixed""}","[0, 1, 2, 3, 4, 5, 6, 7, 8, 9, 10, 11, 12, 13, 14, 15]",[],[],False,full_key_unique,True,uf_axiom,
SB_58__MC_116,SB_58,MC_116,SB-MC,0,0,0,0,0,0,0,0,0,0,1,0,early_late_mixed,random_stratified_sample,SB_58__MC_116,2,192,2,differential,sat,unsat,0.011226067319512367,222.7424635682255,a66f651322597191ab9f8f8af4c2db61,a66f651322597191ab9f8f8af4c2db61,,True,sat,False,False,False,,"{""0"": ""fixed"", ""1"": ""fixed"", ""10"": ""fixed"", ""11"": ""fixed"", ""12"": ""fixed"", ""13"": ""fixed"", ""14"": ""fixed"", ""15"": ""fixed"", ""2"": ""fixed"", ""3"": ""fixed"", ""4"": ""fixed"", ""5"": ""fixed"", ""6"": ""fixed"", ""7"": ""fixed"", ""8"": ""fixed"", ""9"": ""fixed""}","{""0"": ""fixed"", ""1"": ""fixed"", ""2"": ""fixed"", ""3"": ""fixed""}","[0, 1, 2, 3, 4, 5, 6, 7, 8, 9, 10, 11, 12, 13, 14, 15]",[],[],False,full_key_unique,True,uf_axiom,
SB_97__MC_97,SB_97,MC_97,SB-MC,0,1,1,1,1,0,0,0,0,0,0,0,early_late_mixed,random_stratified_sample,SB_97__MC_97,1,255,2,differential,sat,unsat,0.015050334855914116,515.2100264839828,99107579bc3c2c3b0d7a8a6fd1573606,99107579bc3c2c3b0d7a8a6fd1573606,,True,sat,False,False,False,,"{""0"": ""fixed"", ""1"": ""fixed"", ""10"": ""fixed"", ""11"": ""fixed"", ""12"": ""fixed"", ""13"": ""fixed"", ""14"": ""fixed"", ""15"": ""fixed"", ""2"": ""fixed"", ""3"": ""fixed"", ""4"": ""fixed"", ""5"": ""fixed"", ""6"": ""fixed"", ""7"": ""fixed"", ""8"": ""fixed"", ""9"": ""fixed""}","{""0"": ""fixed"", ""1"": ""fixed"", ""2"": ""fixed"", ""3"": ""fixed""}","[0, 1, 2, 3, 4, 5, 6, 7, 8, 9, 10, 11, 12, 13, 14, 15]",[],[],False,full_key_unique,True,uf_axiom,
SB_33__MC_116,SB_33,MC_116,SB-MC,0,0,0,0,0,0,0,0,0,0,1,0,early_late_mixed,random_stratified_sample,SB_33__MC_116,1,192,2,differential,sat,unsat,0.009760012850165367,440.2941417619586,99107579bc3c2c3b0d7a8a6fd1573606,99107579bc3c2c3b0d7a8a6fd1573606,,True,sat,False,False,False,,"{""0"": ""fixed"", ""1"": ""fixed"", ""10"": ""fixed"", ""11"": ""fixed"", ""12"": ""fixed"", ""13"": ""fixed"", ""14"": ""fixed"", ""15"": ""fixed"", ""2"": ""fixed"", ""3"": ""fixed"", ""4"": ""fixed"", ""5"": ""fixed"", ""6"": ""fixed"", ""7"": ""fixed"", ""8"": ""fixed"", ""9"": ""fixed""}","{""0"": ""fixed"", ""1"": ""fixed"", ""2"": ""fixed"", ""3"": ""fixed""}","[0, 1, 2, 3, 4, 5, 6, 7, 8, 9, 10, 11, 12, 13, 14, 15]",[],[],False,full_key_unique,True,uf_axiom,
SB_93__MC_65,SB_93,MC_65,SB-MC,0,0,0,1,0,0,0,0,0,0,0,0,early_late_mixed,random_stratified_sample,SB_93__MC_65,0,192,2,differential,sat,unsat,0.017446987330913544,406.24260301329195,edf43a9a19e4a3f3bf1eec668bd00cf6,edf43a9a19e4a3f3bf1eec668bd00cf6,,True,sat,False,False,False,,"{""0"": ""fixed"", ""1"": ""fixed"", ""10"": ""fixed"", ""11"": ""fixed"", ""12"": ""fixed"", ""13"": ""fixed"", ""14"": ""fixed"", ""15"": ""fixed"", ""2"": ""fixed"", ""3"": ""fixed"", ""4"": ""fixed"", ""5"": ""fixed"", ""6"": ""fixed"", ""7"": ""fixed"", ""8"": ""fixed"", ""9"": ""fixed""}","{""0"": ""fixed"", ""1"": ""fixed"", ""2"": ""fixed"", ""3"": ""fixed""}","[0, 1, 2, 3, 4, 5, 6, 7, 8, 9, 10, 11, 12, 13, 14, 15]",[],[],False,full_key_unique,True,uf_axiom,
SB_70__MC_102,SB_70,MC_102,SB-MC,0,0,1,0,1,0,0,0,1,0,0,0,early_late_mixed,random_stratified_sample,SB_70__MC_102,2,128,2,differential,sat,unsat,0.006797479465603828,87.98970358073711,a66f651322597191ab9f8f8af4c2db61,a66f651322597191ab9f8f8af4c2db61,,True,sat,False,False,False,,"{""0"": ""fixed"", ""1"": ""fixed"", ""10"": ""fixed"", ""11"": ""fixed"", ""12"": ""fixed"", ""13"": ""fixed"", ""14"": ""fixed"", ""15"": ""fixed"", ""2"": ""fixed"", ""3"": ""fixed"", ""4"": ""fixed"", ""5"": ""fixed"", ""6"": ""fixed"", ""7"": ""fixed"", ""8"": ""fixed"", ""9"": ""fixed""}","{""0"": ""fixed"", ""1"": ""fixed"", ""2"": ""fixed"", ""3"": ""fixed""}","[0, 1, 2, 3, 4, 5, 6, 7, 8, 9, 10, 11, 12, 13, 14, 15]",[],[],False,full_key_unique,True,uf_axiom,
SB_33__MC_116,SB_33,MC_116,SB-MC,0,0,0,0,0,0,0,0,0,0,1,0,early_late_mixed,random_stratified_sample,SB_33__MC_116,2,192,2,differential,sat,unsat,0.010477252304553986,447.7988981679082,a66f651322597191ab9f8f8af4c2db61,a66f651322597191ab9f8f8af4c2db61,,True,sat,False,False,False,,"{""0"": ""fixed"", ""1"": ""fixed"", ""10"": ""fixed"", ""11"": ""fixed"", ""12"": ""fixed"", ""13"": ""fixed"", ""14"": ""fixed"", ""15"": ""fixed"", ""2"": ""fixed"", ""3"": ""fixed"", ""4"": ""fixed"", ""5"": ""fixed"", ""6"": ""fixed"", ""7"": ""fixed"", ""8"": ""fixed"", ""9"": ""fixed""}","{""0"": ""fixed"", ""1"": ""fixed"", ""2"": ""fixed"", ""3"": ""fixed""}","[0, 1, 2, 3, 4, 5, 6, 7, 8, 9, 10, 11, 12, 13, 14, 15]",[],[],False,full_key_unique,True,uf_axiom,
SB_68__MC_95,SB_68,MC_95,SB-MC,0,0,0,1,0,0,0,1,0,0,0,0,early_late_mixed,random_stratified_sample,SB_68__MC_95,1,192,2,differential,sat,unsat,0.008141739293932915,336.14855973795056,99107579bc3c2c3b0d7a8a6fd1573606,99107579bc3c2c3b0d7a8a6fd1573606,,True,sat,False,False,False,,"{""0"": ""fixed"", ""1"": ""fixed"", ""10"": ""fixed"", ""11"": ""fixed"", ""12"": ""fixed"", ""13"": ""fixed"", ""14"": ""fixed"", ""15"": ""fixed"", ""2"": ""fixed"", ""3"": ""fixed"", ""4"": ""fixed"", ""5"": ""fixed"", ""6"": ""fixed"", ""7"": ""fixed"", ""8"": ""fixed"", ""9"": ""fixed""}","{""0"": ""fixed"", ""1"": ""fixed"", ""2"": ""fixed"", ""3"": ""fixed""}","[0, 1, 2, 3, 4, 5, 6, 7, 8, 9, 10, 11, 12, 13, 14, 15]",[],[],False,full_key_unique,True,uf_axiom,
SB_10__MC_16,SB_10,MC_16,SB-MC,0,0,0,1,0,0,0,0,0,0,0,0,early_late_mixed,random_stratified_sample,SB_10__MC_16,0,128,2,differential,sat,sat,0.00633930042386055,210.6595066525042,edf43a9a19e4a3f3bf1eec668bd00cf6,edf43a9a19e4a3f3bf1eec668bd00cf6,edf4479a19e4a3f3d91eec668bd00cf6,True,sat,False,False,False,,"{""0"": ""unknown"", ""1"": ""unknown"", ""10"": ""unknown"", ""11"": ""unknown"", ""12"": ""unknown"", ""13"": ""unknown"", ""14"": ""unknown"", ""15"": ""unknown"", ""2"": ""free"", ""3"": ""unknown"", ""4"": ""unknown"", ""5"": ""unknown"", ""6"": ""unknown"", ""7"": ""unknown"", ""8"": ""free"", ""9"": ""unknown""}","{""0"": ""free"", ""1"": ""unknown"", ""2"": ""free"", ""3"": ""unknown""}",[],"[2, 8]","[0, 1, 3, 4, 5, 6, 7, 9, 10, 11, 12, 13, 14, 15]",False,ambiguity,False,uf_axiom,
SB_68__MC_95,SB_68,MC_95,SB-MC,0,0,0,1,0,0,0,1,0,0,0,0,early_late_mixed,random_stratified_sample,SB_68__MC_95,0,192,2,differential,sat,unsat,0.00914081186056137,475.64914271980524,edf43a9a19e4a3f3bf1eec668bd00cf6,edf43a9a19e4a3f3bf1eec668bd00cf6,,True,sat,False,False,False,,"{""0"": ""fixed"", ""1"": ""fixed"", ""10"": ""fixed"", ""11"": ""fixed"", ""12"": ""fixed"", ""13"": ""fixed"", ""14"": ""fixed"", ""15"": ""fixed"", ""2"": ""fixed"", ""3"": ""fixed"", ""4"": ""fixed"", ""5"": ""fixed"", ""6"": ""fixed"", ""7"": ""fixed"", ""8"": ""fixed"", ""9"": ""fixed""}","{""0"": ""fixed"", ""1"": ""fixed"", ""2"": ""fixed"", ""3"": ""fixed""}","[0, 1, 2, 3, 4, 5, 6, 7, 8, 9, 10, 11, 12, 13, 14, 15]",[],[],False,full_key_unique,True,uf_axiom,
SB_16__MC_5,SB_16,MC_5,SB-MC,0,0,0,1,0,0,0,0,0,0,0,0,early_late_mixed,random_stratified_sample,SB_16__MC_5,0,192,2,differential,sat,unsat,0.01590147241950035,313.2075041681528,edf43a9a19e4a3f3bf1eec668bd00cf6,edf43a9a19e4a3f3bf1eec668bd00cf6,,True,sat,False,False,False,,"{""0"": ""fixed"", ""1"": ""fixed"", ""10"": ""fixed"", ""11"": ""fixed"", ""12"": ""fixed"", ""13"": ""fixed"", ""14"": ""fixed"", ""15"": ""fixed"", ""2"": ""fixed"", ""3"": ""fixed"", ""4"": ""fixed"", ""5"": ""fixed"", ""6"": ""fixed"", ""7"": ""fixed"", ""8"": ""fixed"", ""9"": ""fixed""}","{""0"": ""fixed"", ""1"": ""fixed"", ""2"": ""fixed"", ""3"": ""fixed""}","[0, 1, 2, 3, 4, 5, 6, 7, 8, 9, 10, 11, 12, 13, 14, 15]",[],[],False,full_key_unique,True,uf_axiom,
SB_11__MC_115,SB_11,MC_115,SB-MC,0,0,0,0,1,0,0,0,0,0,1,0,early_late_mixed,random_stratified_sample,SB_11__MC_115,1,255,2,differential,sat,unsat,0.020432163029909134,497.95000697113574,99107579bc3c2c3b0d7a8a6fd1573606,99107579bc3c2c3b0d7a8a6fd1573606,,True,sat,False,False,False,,"{""0"": ""fixed"", ""1"": ""fixed"", ""10"": ""fixed"", ""11"": ""fixed"", ""12"": ""fixed"", ""13"": ""fixed"", ""14"": ""fixed"", ""15"": ""fixed"", ""2"": ""fixed"", ""3"": ""fixed"", ""4"": ""fixed"", ""5"": ""fixed"", ""6"": ""fixed"", ""7"": ""fixed"", ""8"": ""fixed"", ""9"": ""fixed""}","{""0"": ""fixed"", ""1"": ""fixed"", ""2"": ""fixed"", ""3"": ""fixed""}","[0, 1, 2, 3, 4, 5, 6, 7, 8, 9, 10, 11, 12, 13, 14, 15]",[],[],False,full_key_unique,True,uf_axiom,
SB_70__MC_102,SB_70,MC_102,SB-MC,0,0,1,0,1,0,0,0,1,0,0,0,early_late_mixed,random_stratified_sample,SB_70__MC_102,1,128,2,differential,sat,unsat,0.00694604218006134,104.89615385606885,99107579bc3c2c3b0d7a8a6fd1573606,99107579bc3c2c3b0d7a8a6fd1573606,,True,sat,False,False,False,,"{""0"": ""fixed"", ""1"": ""fixed"", ""10"": ""fixed"", ""11"": ""fixed"", ""12"": ""fixed"", ""13"": ""fixed"", ""14"": ""fixed"", ""15"": ""fixed"", ""2"": ""fixed"", ""3"": ""fixed"", ""4"": ""fixed"", ""5"": ""fixed"", ""6"": ""fixed"", ""7"": ""fixed"", ""8"": ""fixed"", ""9"": ""fixed""}","{""0"": ""fixed"", ""1"": ""fixed"", ""2"": ""fixed"", ""3"": ""fixed""}","[0, 1, 2, 3, 4, 5, 6, 7, 8, 9, 10, 11, 12, 13, 14, 15]",[],[],False,full_key_unique,True,uf_axiom,
SB_58__MC_116,SB_58,MC_116,SB-MC,0,0,0,0,0,0,0,0,0,0,1,0,early_late_mixed,random_stratified_sample,SB_58__MC_116,1,192,2,differential,sat,unsat,0.010668685659766197,450.76851143687963,99107579bc3c2c3b0d7a8a6fd1573606,99107579bc3c2c3b0d7a8a6fd1573606,,True,sat,False,False,False,,"{""0"": ""fixed"", ""1"": ""fixed"", ""10"": ""fixed"", ""11"": ""fixed"", ""12"": ""fixed"", ""13"": ""fixed"", ""14"": ""fixed"", ""15"": ""fixed"", ""2"": ""fixed"", ""3"": ""fixed"", ""4"": ""fixed"", ""5"": ""fixed"", ""6"": ""fixed"", ""7"": ""fixed"", ""8"": ""fixed"", ""9"": ""fixed""}","{""0"": ""fixed"", ""1"": ""fixed"", ""2"": ""fixed"", ""3"": ""fixed""}","[0, 1, 2, 3, 4, 5, 6, 7, 8, 9, 10, 11, 12, 13, 14, 15]",[],[],False,full_key_unique,True,uf_axiom,
SB_48__MC_70,SB_48,MC_70,SB-MC,0,0,0,0,0,0,0,0,0,0,1,0,early_late_mixed,random_stratified_sample,SB_48__MC_70,1,192,2,differential,sat,unsat,0.011176599189639091,146.3997822906822,99107579bc3c2c3b0d7a8a6fd1573606,99107579bc3c2c3b0d7a8a6fd1573606,,True,sat,False,False,False,,"{""0"": ""fixed"", ""1"": ""fixed"", ""10"": ""fixed"", ""11"": ""fixed"", ""12"": ""fixed"", ""13"": ""fixed"", ""14"": ""fixed"", ""15"": ""fixed"", ""2"": ""fixed"", ""3"": ""fixed"", ""4"": ""fixed"", ""5"": ""fixed"", ""6"": ""fixed"", ""7"": ""fixed"", ""8"": ""fixed"", ""9"": ""fixed""}","{""0"": ""fixed"", ""1"": ""fixed"", ""2"": ""fixed"", ""3"": ""fixed""}","[0, 1, 2, 3, 4, 5, 6, 7, 8, 9, 10, 11, 12, 13, 14, 15]",[],[],False,full_key_unique,True,uf_axiom,
SB_124__MC_92,SB_124,MC_92,SB-MC,0,0,1,0,1,0,0,0,1,0,0,0,early_late_mixed,random_stratified_sample,SB_124__MC_92,1,192,2,differential,sat,unsat,0.010440526530146599,274.6445582732558,99107579bc3c2c3b0d7a8a6fd1573606,99107579bc3c2c3b0d7a8a6fd1573606,,True,sat,False,False,False,,"{""0"": ""fixed"", ""1"": ""fixed"", ""10"": ""fixed"", ""11"": ""fixed"", ""12"": ""fixed"", ""13"": ""fixed"", ""14"": ""fixed"", ""15"": ""fixed"", ""2"": ""fixed"", ""3"": ""fixed"", ""4"": ""fixed"", ""5"": ""fixed"", ""6"": ""fixed"", ""7"": ""fixed"", ""8"": ""fixed"", ""9"": ""fixed""}","{""0"": ""fixed"", ""1"": ""fixed"", ""2"": ""fixed"", ""3"": ""fixed""}","[0, 1, 2, 3, 4, 5, 6, 7, 8, 9, 10, 11, 12, 13, 14, 15]",[],[],False,full_key_unique,True,uf_axiom,
SB_37__MC_78,SB_37,MC_78,SB-MC,0,0,0,0,0,0,0,0,0,1,0,0,early_late_mixed,random_stratified_sample,SB_37__MC_78,1,128,2,differential,sat,unsat,0.006485508754849434,160.4187036436051,99107579bc3c2c3b0d7a8a6fd1573606,99107579bc3c2c3b0d7a8a6fd1573606,,True,sat,False,False,False,,"{""0"": ""fixed"", ""1"": ""fixed"", ""10"": ""fixed"", ""11"": ""fixed"", ""12"": ""fixed"", ""13"": ""fixed"", ""14"": ""fixed"", ""15"": ""fixed"", ""2"": ""fixed"", ""3"": ""fixed"", ""4"": ""fixed"", ""5"": ""fixed"", ""6"": ""fixed"", ""7"": ""fixed"", ""8"": ""fixed"", ""9"": ""fixed""}","{""0"": ""fixed"", ""1"": ""fixed"", ""2"": ""fixed"", ""3"": ""fixed""}","[0, 1, 2, 3, 4, 5, 6, 7, 8, 9, 10, 11, 12, 13, 14, 15]",[],[],False,full_key_unique,True,uf_axiom,
SB_37__MC_78,SB_37,MC_78,SB-MC,0,0,0,0,0,0,0,0,0,1,0,0,early_late_mixed,random_stratified_sample,SB_37__MC_78,0,128,2,differential,sat,unsat,0.0066572874784469604,141.52514456771314,edf43a9a19e4a3f3bf1eec668bd00cf6,edf43a9a19e4a3f3bf1eec668bd00cf6,,True,sat,False,False,False,,"{""0"": ""fixed"", ""1"": ""fixed"", ""10"": ""fixed"", ""11"": ""fixed"", ""12"": ""fixed"", ""13"": ""fixed"", ""14"": ""fixed"", ""15"": ""fixed"", ""2"": ""fixed"", ""3"": ""fixed"", ""4"": ""fixed"", ""5"": ""fixed"", ""6"": ""fixed"", ""7"": ""fixed"", ""8"": ""fixed"", ""9"": ""fixed""}","{""0"": ""fixed"", ""1"": ""fixed"", ""2"": ""fixed"", ""3"": ""fixed""}","[0, 1, 2, 3, 4, 5, 6, 7, 8, 9, 10, 11, 12, 13, 14, 15]",[],[],False,full_key_unique,True,uf_axiom,
SB_10__MC_16,SB_10,MC_16,SB-MC,0,0,0,1,0,0,0,0,0,0,0,0,early_late_mixed,random_stratified_sample,SB_10__MC_16,1,192,2,differential,sat,unsat,0.009880932047963142,72.50262554362416,99107579bc3c2c3b0d7a8a6fd1573606,99107579bc3c2c3b0d7a8a6fd1573606,,True,sat,False,False,False,,"{""0"": ""fixed"", ""1"": ""fixed"", ""10"": ""fixed"", ""11"": ""fixed"", ""12"": ""fixed"", ""13"": ""fixed"", ""14"": ""fixed"", ""15"": ""fixed"", ""2"": ""fixed"", ""3"": ""fixed"", ""4"": ""fixed"", ""5"": ""fixed"", ""6"": ""fixed"", ""7"": ""fixed"", ""8"": ""fixed"", ""9"": ""fixed""}","{""0"": ""fixed"", ""1"": ""fixed"", ""2"": ""fixed"", ""3"": ""fixed""}","[0, 1, 2, 3, 4, 5, 6, 7, 8, 9, 10, 11, 12, 13, 14, 15]",[],[],False,full_key_unique,True,uf_axiom,
SB_77__MC_46,SB_77,MC_46,SB-MC,0,0,1,0,0,0,0,0,1,0,0,0,early_late_mixed,random_stratified_sample,SB_77__MC_46,2,255,2,differential,sat,unsat,0.01136329211294651,325.3019878193736,a66f651322597191ab9f8f8af4c2db61,a66f651322597191ab9f8f8af4c2db61,,True,sat,False,False,False,,"{""0"": ""fixed"", ""1"": ""fixed"", ""10"": ""fixed"", ""11"": ""fixed"", ""12"": ""fixed"", ""13"": ""fixed"", ""14"": ""fixed"", ""15"": ""fixed"", ""2"": ""fixed"", ""3"": ""fixed"", ""4"": ""fixed"", ""5"": ""fixed"", ""6"": ""fixed"", ""7"": ""fixed"", ""8"": ""fixed"", ""9"": ""fixed""}","{""0"": ""fixed"", ""1"": ""fixed"", ""2"": ""fixed"", ""3"": ""fixed""}","[0, 1, 2, 3, 4, 5, 6, 7, 8, 9, 10, 11, 12, 13, 14, 15]",[],[],False,full_key_unique,True,uf_axiom,
SB_48__MC_70,SB_48,MC_70,SB-MC,0,0,0,0,0,0,0,0,0,0,1,0,early_late_mixed,random_stratified_sample,SB_48__MC_70,2,192,2,differential,sat,unsat,0.01057545468211174,280.2189921531826,a66f651322597191ab9f8f8af4c2db61,a66f651322597191ab9f8f8af4c2db61,,True,sat,False,False,False,,"{""0"": ""fixed"", ""1"": ""fixed"", ""10"": ""fixed"", ""11"": ""fixed"", ""12"": ""fixed"", ""13"": ""fixed"", ""14"": ""fixed"", ""15"": ""fixed"", ""2"": ""fixed"", ""3"": ""fixed"", ""4"": ""fixed"", ""5"": ""fixed"", ""6"": ""fixed"", ""7"": ""fixed"", ""8"": ""fixed"", ""9"": ""fixed""}","{""0"": ""fixed"", ""1"": ""fixed"", ""2"": ""fixed"", ""3"": ""fixed""}","[0, 1, 2, 3, 4, 5, 6, 7, 8, 9, 10, 11, 12, 13, 14, 15]",[],[],False,full_key_unique,True,uf_axiom,
SB_10__MC_16,SB_10,MC_16,SB-MC,0,0,0,1,0,0,0,0,0,0,0,0,early_late_mixed,random_stratified_sample,SB_10__MC_16,2,192,2,differential,sat,unsat,0.008924560621380806,145.32550461776555,a66f651322597191ab9f8f8af4c2db61,a66f651322597191ab9f8f8af4c2db61,,True,sat,False,False,False,,"{""0"": ""fixed"", ""1"": ""fixed"", ""10"": ""fixed"", ""11"": ""fixed"", ""12"": ""fixed"", ""13"": ""fixed"", ""14"": ""fixed"", ""15"": ""fixed"", ""2"": ""fixed"", ""3"": ""fixed"", ""4"": ""fixed"", ""5"": ""fixed"", ""6"": ""fixed"", ""7"": ""fixed"", ""8"": ""fixed"", ""9"": ""fixed""}","{""0"": ""fixed"", ""1"": ""fixed"", ""2"": ""fixed"", ""3"": ""fixed""}","[0, 1, 2, 3, 4, 5, 6, 7, 8, 9, 10, 11, 12, 13, 14, 15]",[],[],False,full_key_unique,True,uf_axiom,
SB_48__MC_70,SB_48,MC_70,SB-MC,0,0,0,0,0,0,0,0,0,0,1,0,early_late_mixed,random_stratified_sample,SB_48__MC_70,0,192,2,differential,sat,unsat,0.011357860639691353,408.38236100785434,edf43a9a19e4a3f3bf1eec668bd00cf6,edf43a9a19e4a3f3bf1eec668bd00cf6,,True,sat,False,False,False,,"{""0"": ""fixed"", ""1"": ""fixed"", ""10"": ""fixed"", ""11"": ""fixed"", ""12"": ""fixed"", ""13"": ""fixed"", ""14"": ""fixed"", ""15"": ""fixed"", ""2"": ""fixed"", ""3"": ""fixed"", ""4"": ""fixed"", ""5"": ""fixed"", ""6"": ""fixed"", ""7"": ""fixed"", ""8"": ""fixed"", ""9"": ""fixed""}","{""0"": ""fixed"", ""1"": ""fixed"", ""2"": ""fixed"", ""3"": ""fixed""}","[0, 1, 2, 3, 4, 5, 6, 7, 8, 9, 10, 11, 12, 13, 14, 15]",[],[],False,full_key_unique,True,uf_axiom,
SB_77__MC_46,SB_77,MC_46,SB-MC,0,0,1,0,0,0,0,0,1,0,0,0,early_late_mixed,random_stratified_sample,SB_77__MC_46,1,255,2,differential,sat,unsat,0.01570008136332035,323.83353841118515,99107579bc3c2c3b0d7a8a6fd1573606,99107579bc3c2c3b0d7a8a6fd1573606,,True,sat,False,False,False,,"{""0"": ""fixed"", ""1"": ""fixed"", ""10"": ""fixed"", ""11"": ""fixed"", ""12"": ""fixed"", ""13"": ""fixed"", ""14"": ""fixed"", ""15"": ""fixed"", ""2"": ""fixed"", ""3"": ""fixed"", ""4"": ""fixed"", ""5"": ""fixed"", ""6"": ""fixed"", ""7"": ""fixed"", ""8"": ""fixed"", ""9"": ""fixed""}","{""0"": ""fixed"", ""1"": ""fixed"", ""2"": ""fixed"", ""3"": ""fixed""}","[0, 1, 2, 3, 4, 5, 6, 7, 8, 9, 10, 11, 12, 13, 14, 15]",[],[],False,full_key_unique,True,uf_axiom,
SR_110__MC_42,SR_110,MC_42,SR-MC,0,0,1,0,0,0,0,0,1,0,0,0,early_late_mixed,random_stratified_sample,SR_110__MC_42,0,128,2,differential,sat,unsat,0.0065216440707445145,136.2064711060375,edf43a9a19e4a3f3bf1eec668bd00cf6,edf43a9a19e4a3f3bf1eec668bd00cf6,,True,sat,False,False,False,,"{""0"": ""fixed"", ""1"": ""fixed"", ""10"": ""fixed"", ""11"": ""fixed"", ""12"": ""fixed"", ""13"": ""fixed"", ""14"": ""fixed"", ""15"": ""fixed"", ""2"": ""fixed"", ""3"": ""fixed"", ""4"": ""fixed"", ""5"": ""fixed"", ""6"": ""fixed"", ""7"": ""fixed"", ""8"": ""fixed"", ""9"": ""fixed""}","{""0"": ""fixed"", ""1"": ""fixed"", ""2"": ""fixed"", ""3"": ""fixed""}","[0, 1, 2, 3, 4, 5, 6, 7, 8, 9, 10, 11, 12, 13, 14, 15]",[],[],False,full_key_unique,True,uf_axiom,
SB_11__MC_115,SB_11,MC_115,SB-MC,0,0,0,0,1,0,0,0,0,0,1,0,early_late_mixed,random_stratified_sample,SB_11__MC_115,0,255,2,differential,sat,unknown,0.013812938705086708,600.0003641340882,edf43a9a19e4a3f3bf1eec668bd00cf6,edf43a9a19e4a3f3bf1eec668bd00cf6,,True,sat,False,True,True,canceled,"{""0"": ""unknown"", ""1"": ""unknown"", ""10"": ""unknown"", ""11"": ""unknown"", ""12"": ""unknown"", ""13"": ""unknown"", ""14"": ""unknown"", ""15"": ""unknown"", ""2"": ""unknown"", ""3"": ""unknown"", ""4"": ""unknown"", ""5"": ""unknown"", ""6"": ""unknown"", ""7"": ""unknown"", ""8"": ""unknown"", ""9"": ""unknown""}","{""0"": ""unknown"", ""1"": ""unknown"", ""2"": ""unknown"", ""3"": ""unknown""}",[],[],"[0, 1, 2, 3, 4, 5, 6, 7, 8, 9, 10, 11, 12, 13, 14, 15]",False,full_key_unique,False,uf_axiom,
SB_118__MC_27,SB_118,MC_27,SB-MC,0,0,0,0,0,0,0,0,0,0,1,0,early_late_mixed,random_stratified_sample,SB_118__MC_27,2,192,2,differential,sat,unsat,0.010351883247494698,488.79609705507755,a66f651322597191ab9f8f8af4c2db61,a66f651322597191ab9f8f8af4c2db61,,True,sat,False,False,False,,"{""0"": ""fixed"", ""1"": ""fixed"", ""10"": ""fixed"", ""11"": ""fixed"", ""12"": ""fixed"", ""13"": ""fixed"", ""14"": ""fixed"", ""15"": ""fixed"", ""2"": ""fixed"", ""3"": ""fixed"", ""4"": ""fixed"", ""5"": ""fixed"", ""6"": ""fixed"", ""7"": ""fixed"", ""8"": ""fixed"", ""9"": ""fixed""}","{""0"": ""fixed"", ""1"": ""fixed"", ""2"": ""fixed"", ""3"": ""fixed""}","[0, 1, 2, 3, 4, 5, 6, 7, 8, 9, 10, 11, 12, 13, 14, 15]",[],[],False,full_key_unique,True,uf_axiom,
SB_103__MC_53,SB_103,MC_53,SB-MC,0,0,0,0,0,0,0,0,0,1,0,0,early_late_mixed,random_stratified_sample,SB_103__MC_53,1,255,2,differential,sat,unsat,0.01755790412425995,257.11312710493803,99107579bc3c2c3b0d7a8a6fd1573606,99107579bc3c2c3b0d7a8a6fd1573606,,True,sat,False,False,False,,"{""0"": ""fixed"", ""1"": ""fixed"", ""10"": ""fixed"", ""11"": ""fixed"", ""12"": ""fixed"", ""13"": ""fixed"", ""14"": ""fixed"", ""15"": ""fixed"", ""2"": ""fixed"", ""3"": ""fixed"", ""4"": ""fixed"", ""5"": ""fixed"", ""6"": ""fixed"", ""7"": ""fixed"", ""8"": ""fixed"", ""9"": ""fixed""}","{""0"": ""fixed"", ""1"": ""fixed"", ""2"": ""fixed"", ""3"": ""fixed""}","[0, 1, 2, 3, 4, 5, 6, 7, 8, 9, 10, 11, 12, 13, 14, 15]",[],[],False,full_key_unique,True,uf_axiom,
SR_110__MC_42,SR_110,MC_42,SR-MC,0,0,1,0,0,0,0,0,1,0,0,0,early_late_mixed,random_stratified_sample,SR_110__MC_42,1,128,2,differential,sat,unsat,0.006294615566730499,213.54248325899243,99107579bc3c2c3b0d7a8a6fd1573606,99107579bc3c2c3b0d7a8a6fd1573606,,True,sat,False,False,False,,"{""0"": ""fixed"", ""1"": ""fixed"", ""10"": ""fixed"", ""11"": ""fixed"", ""12"": ""fixed"", ""13"": ""fixed"", ""14"": ""fixed"", ""15"": ""fixed"", ""2"": ""fixed"", ""3"": ""fixed"", ""4"": ""fixed"", ""5"": ""fixed"", ""6"": ""fixed"", ""7"": ""fixed"", ""8"": ""fixed"", ""9"": ""fixed""}","{""0"": ""fixed"", ""1"": ""fixed"", ""2"": ""fixed"", ""3"": ""fixed""}","[0, 1, 2, 3, 4, 5, 6, 7, 8, 9, 10, 11, 12, 13, 14, 15]",[],[],False,full_key_unique,True,uf_axiom,
SB_80__MC_80,SB_80,MC_80,SB-MC,0,1,1,1,1,0,0,0,0,0,0,0,early_late_mixed,random_stratified_sample,SB_80__MC_80,2,192,2,differential,sat,unsat,0.010917991399765015,293.27102511934936,a66f651322597191ab9f8f8af4c2db61,a66f651322597191ab9f8f8af4c2db61,,True,sat,False,False,False,,"{""0"": ""fixed"", ""1"": ""fixed"", ""10"": ""fixed"", ""11"": ""fixed"", ""12"": ""fixed"", ""13"": ""fixed"", ""14"": ""fixed"", ""15"": ""fixed"", ""2"": ""fixed"", ""3"": ""fixed"", ""4"": ""fixed"", ""5"": ""fixed"", ""6"": ""fixed"", ""7"": ""fixed"", ""8"": ""fixed"", ""9"": ""fixed""}","{""0"": ""fixed"", ""1"": ""fixed"", ""2"": ""fixed"", ""3"": ""fixed""}","[0, 1, 2, 3, 4, 5, 6, 7, 8, 9, 10, 11, 12, 13, 14, 15]",[],[],False,full_key_unique,True,uf_axiom,
SB_118__MC_27,SB_118,MC_27,SB-MC,0,0,0,0,0,0,0,0,0,0,1,0,early_late_mixed,random_stratified_sample,SB_118__MC_27,0,192,2,differential,sat,unsat,0.011189816519618034,593.2492542471737,edf43a9a19e4a3f3bf1eec668bd00cf6,edf43a9a19e4a3f3bf1eec668bd00cf6,,True,sat,False,False,False,,"{""0"": ""fixed"", ""1"": ""fixed"", ""10"": ""fixed"", ""11"": ""fixed"", ""12"": ""fixed"", ""13"": ""fixed"", ""14"": ""fixed"", ""15"": ""fixed"", ""2"": ""fixed"", ""3"": ""fixed"", ""4"": ""fixed"", ""5"": ""fixed"", ""6"": ""fixed"", ""7"": ""fixed"", ""8"": ""fixed"", ""9"": ""fixed""}","{""0"": ""fixed"", ""1"": ""fixed"", ""2"": ""fixed"", ""3"": ""fixed""}","[0, 1, 2, 3, 4, 5, 6, 7, 8, 9, 10, 11, 12, 13, 14, 15]",[],[],False,full_key_unique,True,uf_axiom,
SB_44__MC_11,SB_44,MC_11,SB-MC,0,0,1,0,0,0,0,0,1,0,0,0,early_late_mixed,random_stratified_sample,SB_44__MC_11,0,255,2,differential,sat,unknown,0.011316284537315369,600.0003185998648,edf43a9a19e4a3f3bf1eec668bd00cf6,edf43a9a19e4a3f3bf1eec668bd00cf6,,True,sat,False,True,True,canceled,"{""0"": ""unknown"", ""1"": ""unknown"", ""10"": ""unknown"", ""11"": ""unknown"", ""12"": ""unknown"", ""13"": ""unknown"", ""14"": ""unknown"", ""15"": ""unknown"", ""2"": ""unknown"", ""3"": ""unknown"", ""4"": ""unknown"", ""5"": ""unknown"", ""6"": ""unknown"", ""7"": ""unknown"", ""8"": ""unknown"", ""9"": ""unknown""}","{""0"": ""unknown"", ""1"": ""unknown"", ""2"": ""unknown"", ""3"": ""unknown""}",[],[],"[0, 1, 2, 3, 4, 5, 6, 7, 8, 9, 10, 11, 12, 13, 14, 15]",False,full_key_unique,False,uf_axiom,
SB_80__MC_80,SB_80,MC_80,SB-MC,0,1,1,1,1,0,0,0,0,0,0,0,early_late_mixed,random_stratified_sample,SB_80__MC_80,1,192,2,differential,sat,unsat,0.009693430736660957,118.46325701475143,99107579bc3c2c3b0d7a8a6fd1573606,99107579bc3c2c3b0d7a8a6fd1573606,,True,sat,False,False,False,,"{""0"": ""fixed"", ""1"": ""fixed"", ""10"": ""fixed"", ""11"": ""fixed"", ""12"": ""fixed"", ""13"": ""fixed"", ""14"": ""fixed"", ""15"": ""fixed"", ""2"": ""fixed"", ""3"": ""fixed"", ""4"": ""fixed"", ""5"": ""fixed"", ""6"": ""fixed"", ""7"": ""fixed"", ""8"": ""fixed"", ""9"": ""fixed""}","{""0"": ""fixed"", ""1"": ""fixed"", ""2"": ""fixed"", ""3"": ""fixed""}","[0, 1, 2, 3, 4, 5, 6, 7, 8, 9, 10, 11, 12, 13, 14, 15]",[],[],False,full_key_unique,True,uf_axiom,
SR_113__MC_47,SR_113,MC_47,SR-MC,0,0,0,0,0,0,0,0,0,0,1,0,early_late_mixed,random_stratified_sample,SR_113__MC_47,2,192,2,differential,sat,unsat,0.009673858061432838,198.58193216100335,a66f651322597191ab9f8f8af4c2db61,a66f651322597191ab9f8f8af4c2db61,,True,sat,False,False,False,,"{""0"": ""fixed"", ""1"": ""fixed"", ""10"": ""fixed"", ""11"": ""fixed"", ""12"": ""fixed"", ""13"": ""fixed"", ""14"": ""fixed"", ""15"": ""fixed"", ""2"": ""fixed"", ""3"": ""fixed"", ""4"": ""fixed"", ""5"": ""fixed"", ""6"": ""fixed"", ""7"": ""fixed"", ""8"": ""fixed"", ""9"": ""fixed""}","{""0"": ""fixed"", ""1"": ""fixed"", ""2"": ""fixed"", ""3"": ""fixed""}","[0, 1, 2, 3, 4, 5, 6, 7, 8, 9, 10, 11, 12, 13, 14, 15]",[],[],False,full_key_unique,True,uf_axiom,
SB_106__MC_44,SB_106,MC_44,SB-MC,0,0,1,0,0,0,0,0,1,0,0,0,early_late_mixed,random_stratified_sample,SB_106__MC_44,1,192,2,differential,sat,unsat,0.011169236153364182,192.97788357920945,99107579bc3c2c3b0d7a8a6fd1573606,99107579bc3c2c3b0d7a8a6fd1573606,,True,sat,False,False,False,,"{""0"": ""fixed"", ""1"": ""fixed"", ""10"": ""fixed"", ""11"": ""fixed"", ""12"": ""fixed"", ""13"": ""fixed"", ""14"": ""fixed"", ""15"": ""fixed"", ""2"": ""fixed"", ""3"": ""fixed"", ""4"": ""fixed"", ""5"": ""fixed"", ""6"": ""fixed"", ""7"": ""fixed"", ""8"": ""fixed"", ""9"": ""fixed""}","{""0"": ""fixed"", ""1"": ""fixed"", ""2"": ""fixed"", ""3"": ""fixed""}","[0, 1, 2, 3, 4, 5, 6, 7, 8, 9, 10, 11, 12, 13, 14, 15]",[],[],False,full_key_unique,True,uf_axiom,
SR_113__MC_47,SR_113,MC_47,SR-MC,0,0,0,0,0,0,0,0,0,0,1,0,early_late_mixed,random_stratified_sample,SR_113__MC_47,1,192,2,differential,sat,unsat,0.009649135172367096,213.84050261229277,99107579bc3c2c3b0d7a8a6fd1573606,99107579bc3c2c3b0d7a8a6fd1573606,,True,sat,False,False,False,,"{""0"": ""fixed"", ""1"": ""fixed"", ""10"": ""fixed"", ""11"": ""fixed"", ""12"": ""fixed"", ""13"": ""fixed"", ""14"": ""fixed"", ""15"": ""fixed"", ""2"": ""fixed"", ""3"": ""fixed"", ""4"": ""fixed"", ""5"": ""fixed"", ""6"": ""fixed"", ""7"": ""fixed"", ""8"": ""fixed"", ""9"": ""fixed""}","{""0"": ""fixed"", ""1"": ""fixed"", ""2"": ""fixed"", ""3"": ""fixed""}","[0, 1, 2, 3, 4, 5, 6, 7, 8, 9, 10, 11, 12, 13, 14, 15]",[],[],False,full_key_unique,True,uf_axiom,
SB_124__MC_92,SB_124,MC_92,SB-MC,0,0,1,0,1,0,0,0,1,0,0,0,early_late_mixed,random_stratified_sample,SB_124__MC_92,0,255,2,differential,sat,unsat,0.014904187992215157,176.69329510815442,edf43a9a19e4a3f3bf1eec668bd00cf6,edf43a9a19e4a3f3bf1eec668bd00cf6,,True,sat,False,False,False,,"{""0"": ""fixed"", ""1"": ""fixed"", ""10"": ""fixed"", ""11"": ""fixed"", ""12"": ""fixed"", ""13"": ""fixed"", ""14"": ""fixed"", ""15"": ""fixed"", ""2"": ""fixed"", ""3"": ""fixed"", ""4"": ""fixed"", ""5"": ""fixed"", ""6"": ""fixed"", ""7"": ""fixed"", ""8"": ""fixed"", ""9"": ""fixed""}","{""0"": ""fixed"", ""1"": ""fixed"", ""2"": ""fixed"", ""3"": ""fixed""}","[0, 1, 2, 3, 4, 5, 6, 7, 8, 9, 10, 11, 12, 13, 14, 15]",[],[],False,full_key_unique,True,uf_axiom,
SB_80__MC_80,SB_80,MC_80,SB-MC,0,1,1,1,1,0,0,0,0,0,0,0,early_late_mixed,random_stratified_sample,SB_80__MC_80,0,192,2,differential,sat,unsat,0.010274838656187057,132.8427505157888,edf43a9a19e4a3f3bf1eec668bd00cf6,edf43a9a19e4a3f3bf1eec668bd00cf6,,True,sat,False,False,False,,"{""0"": ""fixed"", ""1"": ""fixed"", ""10"": ""fixed"", ""11"": ""fixed"", ""12"": ""fixed"", ""13"": ""fixed"", ""14"": ""fixed"", ""15"": ""fixed"", ""2"": ""fixed"", ""3"": ""fixed"", ""4"": ""fixed"", ""5"": ""fixed"", ""6"": ""fixed"", ""7"": ""fixed"", ""8"": ""fixed"", ""9"": ""fixed""}","{""0"": ""fixed"", ""1"": ""fixed"", ""2"": ""fixed"", ""3"": ""fixed""}","[0, 1, 2, 3, 4, 5, 6, 7, 8, 9, 10, 11, 12, 13, 14, 15]",[],[],False,full_key_unique,True,uf_axiom,
SB_124__MC_92,SB_124,MC_92,SB-MC,0,0,1,0,1,0,0,0,1,0,0,0,early_late_mixed,random_stratified_sample,SB_124__MC_92,2,255,2,differential,sat,unsat,0.014195643365383148,335.8759198486805,a66f651322597191ab9f8f8af4c2db61,a66f651322597191ab9f8f8af4c2db61,,True,sat,False,False,False,,"{""0"": ""fixed"", ""1"": ""fixed"", ""10"": ""fixed"", ""11"": ""fixed"", ""12"": ""fixed"", ""13"": ""fixed"", ""14"": ""fixed"", ""15"": ""fixed"", ""2"": ""fixed"", ""3"": ""fixed"", ""4"": ""fixed"", ""5"": ""fixed"", ""6"": ""fixed"", ""7"": ""fixed"", ""8"": ""fixed"", ""9"": ""fixed""}","{""0"": ""fixed"", ""1"": ""fixed"", ""2"": ""fixed"", ""3"": ""fixed""}","[0, 1, 2, 3, 4, 5, 6, 7, 8, 9, 10, 11, 12, 13, 14, 15]",[],[],False,full_key_unique,True,uf_axiom,
SR_113__MC_47,SR_113,MC_47,SR-MC,0,0,0,0,0,0,0,0,0,0,1,0,early_late_mixed,random_stratified_sample,SR_113__MC_47,0,192,2,differential,sat,unsat,0.010177172720432281,205.71718597225845,edf43a9a19e4a3f3bf1eec668bd00cf6,edf43a9a19e4a3f3bf1eec668bd00cf6,,True,sat,False,False,False,,"{""0"": ""fixed"", ""1"": ""fixed"", ""10"": ""fixed"", ""11"": ""fixed"", ""12"": ""fixed"", ""13"": ""fixed"", ""14"": ""fixed"", ""15"": ""fixed"", ""2"": ""fixed"", ""3"": ""fixed"", ""4"": ""fixed"", ""5"": ""fixed"", ""6"": ""fixed"", ""7"": ""fixed"", ""8"": ""fixed"", ""9"": ""fixed""}","{""0"": ""fixed"", ""1"": ""fixed"", ""2"": ""fixed"", ""3"": ""fixed""}","[0, 1, 2, 3, 4, 5, 6, 7, 8, 9, 10, 11, 12, 13, 14, 15]",[],[],False,full_key_unique,True,uf_axiom,
SB_118__MC_27,SB_118,MC_27,SB-MC,0,0,0,0,0,0,0,0,0,0,1,0,early_late_mixed,random_stratified_sample,SB_118__MC_27,1,255,2,differential,sat,unsat,0.015052452683448792,229.10646035708487,99107579bc3c2c3b0d7a8a6fd1573606,99107579bc3c2c3b0d7a8a6fd1573606,,True,sat,False,False,False,,"{""0"": ""fixed"", ""1"": ""fixed"", ""10"": ""fixed"", ""11"": ""fixed"", ""12"": ""fixed"", ""13"": ""fixed"", ""14"": ""fixed"", ""15"": ""fixed"", ""2"": ""fixed"", ""3"": ""fixed"", ""4"": ""fixed"", ""5"": ""fixed"", ""6"": ""fixed"", ""7"": ""fixed"", ""8"": ""fixed"", ""9"": ""fixed""}","{""0"": ""fixed"", ""1"": ""fixed"", ""2"": ""fixed"", ""3"": ""fixed""}","[0, 1, 2, 3, 4, 5, 6, 7, 8, 9, 10, 11, 12, 13, 14, 15]",[],[],False,full_key_unique,True,uf_axiom,
SB_106__MC_44,SB_106,MC_44,SB-MC,0,0,1,0,0,0,0,0,1,0,0,0,early_late_mixed,random_stratified_sample,SB_106__MC_44,0,192,2,differential,sat,unsat,0.011218946427106857,422.94148948788643,edf43a9a19e4a3f3bf1eec668bd00cf6,edf43a9a19e4a3f3bf1eec668bd00cf6,,True,sat,False,False,False,,"{""0"": ""fixed"", ""1"": ""fixed"", ""10"": ""fixed"", ""11"": ""fixed"", ""12"": ""fixed"", ""13"": ""fixed"", ""14"": ""fixed"", ""15"": ""fixed"", ""2"": ""fixed"", ""3"": ""fixed"", ""4"": ""fixed"", ""5"": ""fixed"", ""6"": ""fixed"", ""7"": ""fixed"", ""8"": ""fixed"", ""9"": ""fixed""}","{""0"": ""fixed"", ""1"": ""fixed"", ""2"": ""fixed"", ""3"": ""fixed""}","[0, 1, 2, 3, 4, 5, 6, 7, 8, 9, 10, 11, 12, 13, 14, 15]",[],[],False,full_key_unique,True,uf_axiom,
SR_99__MC_5,SR_99,MC_5,SR-MC,0,0,1,0,0,0,0,0,1,0,0,0,early_late_mixed,random_stratified_sample,SR_99__MC_5,2,128,2,differential,sat,unsat,0.006599074229598045,123.9445706922561,a66f651322597191ab9f8f8af4c2db61,a66f651322597191ab9f8f8af4c2db61,,True,sat,False,False,False,,"{""0"": ""fixed"", ""1"": ""fixed"", ""10"": ""fixed"", ""11"": ""fixed"", ""12"": ""fixed"", ""13"": ""fixed"", ""14"": ""fixed"", ""15"": ""fixed"", ""2"": ""fixed"", ""3"": ""fixed"", ""4"": ""fixed"", ""5"": ""fixed"", ""6"": ""fixed"", ""7"": ""fixed"", ""8"": ""fixed"", ""9"": ""fixed""}","{""0"": ""fixed"", ""1"": ""fixed"", ""2"": ""fixed"", ""3"": ""fixed""}","[0, 1, 2, 3, 4, 5, 6, 7, 8, 9, 10, 11, 12, 13, 14, 15]",[],[],False,full_key_unique,True,uf_axiom,
SR_84__MC_91,SR_84,MC_91,SR-MC,0,0,0,1,0,0,0,1,0,0,0,0,early_late_mixed,random_stratified_sample,SR_84__MC_91,0,128,2,differential,sat,unsat,0.0060628801584243774,270.79752285964787,edf43a9a19e4a3f3bf1eec668bd00cf6,edf43a9a19e4a3f3bf1eec668bd00cf6,,True,sat,False,False,False,,"{""0"": ""fixed"", ""1"": ""fixed"", ""10"": ""fixed"", ""11"": ""fixed"", ""12"": ""fixed"", ""13"": ""fixed"", ""14"": ""fixed"", ""15"": ""fixed"", ""2"": ""fixed"", ""3"": ""fixed"", ""4"": ""fixed"", ""5"": ""fixed"", ""6"": ""fixed"", ""7"": ""fixed"", ""8"": ""fixed"", ""9"": ""fixed""}","{""0"": ""fixed"", ""1"": ""fixed"", ""2"": ""fixed"", ""3"": ""fixed""}","[0, 1, 2, 3, 4, 5, 6, 7, 8, 9, 10, 11, 12, 13, 14, 15]",[],[],False,full_key_unique,True,uf_axiom,
SR_37__MC_13,SR_37,MC_13,SR-MC,0,0,0,0,1,0,0,0,0,0,1,0,early_late_mixed,random_stratified_sample,SR_37__MC_13,2,128,2,differential,sat,unsat,0.007197936996817589,94.5909209549427,a66f651322597191ab9f8f8af4c2db61,a66f651322597191ab9f8f8af4c2db61,,True,sat,False,False,False,,"{""0"": ""fixed"", ""1"": ""fixed"", ""10"": ""fixed"", ""11"": ""fixed"", ""12"": ""fixed"", ""13"": ""fixed"", ""14"": ""fixed"", ""15"": ""fixed"", ""2"": ""fixed"", ""3"": ""fixed"", ""4"": ""fixed"", ""5"": ""fixed"", ""6"": ""fixed"", ""7"": ""fixed"", ""8"": ""fixed"", ""9"": ""fixed""}","{""0"": ""fixed"", ""1"": ""fixed"", ""2"": ""fixed"", ""3"": ""fixed""}","[0, 1, 2, 3, 4, 5, 6, 7, 8, 9, 10, 11, 12, 13, 14, 15]",[],[],False,full_key_unique,True,uf_axiom,
SR_90__MC_30,SR_90,MC_30,SR-MC,0,0,1,0,0,0,0,0,1,0,0,0,early_late_mixed,random_stratified_sample,SR_90__MC_30,1,192,2,differential,sat,unsat,0.009426122531294823,63.87439464777708,99107579bc3c2c3b0d7a8a6fd1573606,99107579bc3c2c3b0d7a8a6fd1573606,,True,sat,False,False,False,,"{""0"": ""fixed"", ""1"": ""fixed"", ""10"": ""fixed"", ""11"": ""fixed"", ""12"": ""fixed"", ""13"": ""fixed"", ""14"": ""fixed"", ""15"": ""fixed"", ""2"": ""fixed"", ""3"": ""fixed"", ""4"": ""fixed"", ""5"": ""fixed"", ""6"": ""fixed"", ""7"": ""fixed"", ""8"": ""fixed"", ""9"": ""fixed""}","{""0"": ""fixed"", ""1"": ""fixed"", ""2"": ""fixed"", ""3"": ""fixed""}","[0, 1, 2, 3, 4, 5, 6, 7, 8, 9, 10, 11, 12, 13, 14, 15]",[],[],False,full_key_unique,True,uf_axiom,
SB_79__MC_42,SB_79,MC_42,SB-MC,0,0,1,0,0,0,0,0,1,0,0,0,early_late_mixed,random_stratified_sample,SB_79__MC_42,0,192,2,differential,sat,unsat,0.008353251963853836,384.2640174496919,edf43a9a19e4a3f3bf1eec668bd00cf6,edf43a9a19e4a3f3bf1eec668bd00cf6,,True,sat,False,False,False,,"{""0"": ""fixed"", ""1"": ""fixed"", ""10"": ""fixed"", ""11"": ""fixed"", ""12"": ""fixed"", ""13"": ""fixed"", ""14"": ""fixed"", ""15"": ""fixed"", ""2"": ""fixed"", ""3"": ""fixed"", ""4"": ""fixed"", ""5"": ""fixed"", ""6"": ""fixed"", ""7"": ""fixed"", ""8"": ""fixed"", ""9"": ""fixed""}","{""0"": ""fixed"", ""1"": ""fixed"", ""2"": ""fixed"", ""3"": ""fixed""}","[0, 1, 2, 3, 4, 5, 6, 7, 8, 9, 10, 11, 12, 13, 14, 15]",[],[],False,full_key_unique,True,uf_axiom,
SB_106__MC_44,SB_106,MC_44,SB-MC,0,0,1,0,0,0,0,0,1,0,0,0,early_late_mixed,random_stratified_sample,SB_106__MC_44,2,192,2,differential,sat,unsat,0.013130143284797668,465.41410771757364,a66f651322597191ab9f8f8af4c2db61,a66f651322597191ab9f8f8af4c2db61,,True,sat,False,False,False,,"{""0"": ""fixed"", ""1"": ""fixed"", ""10"": ""fixed"", ""11"": ""fixed"", ""12"": ""fixed"", ""13"": ""fixed"", ""14"": ""fixed"", ""15"": ""fixed"", ""2"": ""fixed"", ""3"": ""fixed"", ""4"": ""fixed"", ""5"": ""fixed"", ""6"": ""fixed"", ""7"": ""fixed"", ""8"": ""fixed"", ""9"": ""fixed""}","{""0"": ""fixed"", ""1"": ""fixed"", ""2"": ""fixed"", ""3"": ""fixed""}","[0, 1, 2, 3, 4, 5, 6, 7, 8, 9, 10, 11, 12, 13, 14, 15]",[],[],False,full_key_unique,True,uf_axiom,
SR_24__MC_82,SR_24,MC_82,SR-MC,0,0,0,0,0,0,0,0,0,0,1,0,early_late_mixed,random_stratified_sample,SR_24__MC_82,2,192,2,differential,sat,unsat,0.010177364572882652,228.73798096366227,a66f651322597191ab9f8f8af4c2db61,a66f651322597191ab9f8f8af4c2db61,,True,sat,False,False,False,,"{""0"": ""fixed"", ""1"": ""fixed"", ""10"": ""fixed"", ""11"": ""fixed"", ""12"": ""fixed"", ""13"": ""fixed"", ""14"": ""fixed"", ""15"": ""fixed"", ""2"": ""fixed"", ""3"": ""fixed"", ""4"": ""fixed"", ""5"": ""fixed"", ""6"": ""fixed"", ""7"": ""fixed"", ""8"": ""fixed"", ""9"": ""fixed""}","{""0"": ""fixed"", ""1"": ""fixed"", ""2"": ""fixed"", ""3"": ""fixed""}","[0, 1, 2, 3, 4, 5, 6, 7, 8, 9, 10, 11, 12, 13, 14, 15]",[],[],False,full_key_unique,True,uf_axiom,
SR_90__MC_30,SR_90,MC_30,SR-MC,0,0,1,0,0,0,0,0,1,0,0,0,early_late_mixed,random_stratified_sample,SR_90__MC_30,0,192,2,differential,sat,unsat,0.009962288662791252,206.34527778811753,edf43a9a19e4a3f3bf1eec668bd00cf6,edf43a9a19e4a3f3bf1eec668bd00cf6,,True,sat,False,False,False,,"{""0"": ""fixed"", ""1"": ""fixed"", ""10"": ""fixed"", ""11"": ""fixed"", ""12"": ""fixed"", ""13"": ""fixed"", ""14"": ""fixed"", ""15"": ""fixed"", ""2"": ""fixed"", ""3"": ""fixed"", ""4"": ""fixed"", ""5"": ""fixed"", ""6"": ""fixed"", ""7"": ""fixed"", ""8"": ""fixed"", ""9"": ""fixed""}","{""0"": ""fixed"", ""1"": ""fixed"", ""2"": ""fixed"", ""3"": ""fixed""}","[0, 1, 2, 3, 4, 5, 6, 7, 8, 9, 10, 11, 12, 13, 14, 15]",[],[],False,full_key_unique,True,uf_axiom,
SR_73__MC_120,SR_73,MC_120,SR-MC,0,0,0,0,0,0,0,0,0,0,1,0,early_late_mixed,random_stratified_sample,SR_73__MC_120,2,192,2,differential,sat,unsat,0.010236648842692375,267.499114446342,a66f651322597191ab9f8f8af4c2db61,a66f651322597191ab9f8f8af4c2db61,,True,sat,False,False,False,,"{""0"": ""fixed"", ""1"": ""fixed"", ""10"": ""fixed"", ""11"": ""fixed"", ""12"": ""fixed"", ""13"": ""fixed"", ""14"": ""fixed"", ""15"": ""fixed"", ""2"": ""fixed"", ""3"": ""fixed"", ""4"": ""fixed"", ""5"": ""fixed"", ""6"": ""fixed"", ""7"": ""fixed"", ""8"": ""fixed"", ""9"": ""fixed""}","{""0"": ""fixed"", ""1"": ""fixed"", ""2"": ""fixed"", ""3"": ""fixed""}","[0, 1, 2, 3, 4, 5, 6, 7, 8, 9, 10, 11, 12, 13, 14, 15]",[],[],False,full_key_unique,True,uf_axiom,
SR_73__MC_120,SR_73,MC_120,SR-MC,0,0,0,0,0,0,0,0,0,0,1,0,early_late_mixed,random_stratified_sample,SR_73__MC_120,1,192,2,differential,sat,unsat,0.010008212178945541,308.62958882935345,99107579bc3c2c3b0d7a8a6fd1573606,99107579bc3c2c3b0d7a8a6fd1573606,,True,sat,False,False,False,,"{""0"": ""fixed"", ""1"": ""fixed"", ""10"": ""fixed"", ""11"": ""fixed"", ""12"": ""fixed"", ""13"": ""fixed"", ""14"": ""fixed"", ""15"": ""fixed"", ""2"": ""fixed"", ""3"": ""fixed"", ""4"": ""fixed"", ""5"": ""fixed"", ""6"": ""fixed"", ""7"": ""fixed"", ""8"": ""fixed"", ""9"": ""fixed""}","{""0"": ""fixed"", ""1"": ""fixed"", ""2"": ""fixed"", ""3"": ""fixed""}","[0, 1, 2, 3, 4, 5, 6, 7, 8, 9, 10, 11, 12, 13, 14, 15]",[],[],False,full_key_unique,True,uf_axiom,
SR_90__MC_30,SR_90,MC_30,SR-MC,0,0,1,0,0,0,0,0,1,0,0,0,early_late_mixed,random_stratified_sample,SR_90__MC_30,2,192,2,differential,sat,unsat,0.009648367762565613,227.9975686687976,a66f651322597191ab9f8f8af4c2db61,a66f651322597191ab9f8f8af4c2db61,,True,sat,False,False,False,,"{""0"": ""fixed"", ""1"": ""fixed"", ""10"": ""fixed"", ""11"": ""fixed"", ""12"": ""fixed"", ""13"": ""fixed"", ""14"": ""fixed"", ""15"": ""fixed"", ""2"": ""fixed"", ""3"": ""fixed"", ""4"": ""fixed"", ""5"": ""fixed"", ""6"": ""fixed"", ""7"": ""fixed"", ""8"": ""fixed"", ""9"": ""fixed""}","{""0"": ""fixed"", ""1"": ""fixed"", ""2"": ""fixed"", ""3"": ""fixed""}","[0, 1, 2, 3, 4, 5, 6, 7, 8, 9, 10, 11, 12, 13, 14, 15]",[],[],False,full_key_unique,True,uf_axiom,
SR_8__MC_119,SR_8,MC_119,SR-MC,0,0,0,0,0,0,0,0,0,0,1,0,early_late_mixed,random_stratified_sample,SR_8__MC_119,2,192,2,differential,sat,unsat,0.00975719466805458,190.9768923893571,a66f651322597191ab9f8f8af4c2db61,a66f651322597191ab9f8f8af4c2db61,,True,sat,False,False,False,,"{""0"": ""fixed"", ""1"": ""fixed"", ""10"": ""fixed"", ""11"": ""fixed"", ""12"": ""fixed"", ""13"": ""fixed"", ""14"": ""fixed"", ""15"": ""fixed"", ""2"": ""fixed"", ""3"": ""fixed"", ""4"": ""fixed"", ""5"": ""fixed"", ""6"": ""fixed"", ""7"": ""fixed"", ""8"": ""fixed"", ""9"": ""fixed""}","{""0"": ""fixed"", ""1"": ""fixed"", ""2"": ""fixed"", ""3"": ""fixed""}","[0, 1, 2, 3, 4, 5, 6, 7, 8, 9, 10, 11, 12, 13, 14, 15]",[],[],False,full_key_unique,True,uf_axiom,
SR_110__MC_42,SR_110,MC_42,SR-MC,0,0,1,0,0,0,0,0,1,0,0,0,early_late_mixed,random_stratified_sample,SR_110__MC_42,2,192,2,differential,sat,unsat,0.011079827323555946,479.928283508867,a66f651322597191ab9f8f8af4c2db61,a66f651322597191ab9f8f8af4c2db61,,True,sat,False,False,False,,"{""0"": ""fixed"", ""1"": ""fixed"", ""10"": ""fixed"", ""11"": ""fixed"", ""12"": ""fixed"", ""13"": ""fixed"", ""14"": ""fixed"", ""15"": ""fixed"", ""2"": ""fixed"", ""3"": ""fixed"", ""4"": ""fixed"", ""5"": ""fixed"", ""6"": ""fixed"", ""7"": ""fixed"", ""8"": ""fixed"", ""9"": ""fixed""}","{""0"": ""fixed"", ""1"": ""fixed"", ""2"": ""fixed"", ""3"": ""fixed""}","[0, 1, 2, 3, 4, 5, 6, 7, 8, 9, 10, 11, 12, 13, 14, 15]",[],[],False,full_key_unique,True,uf_axiom,
SR_29__MC_28,SR_29,MC_28,SR-MC,0,1,1,1,0,0,0,0,0,0,0,0,early_late_mixed,random_stratified_sample,SR_29__MC_28,0,192,2,differential,sat,unsat,0.008776498958468437,151.3690193966031,edf43a9a19e4a3f3bf1eec668bd00cf6,edf43a9a19e4a3f3bf1eec668bd00cf6,,True,sat,False,False,False,,"{""0"": ""fixed"", ""1"": ""fixed"", ""10"": ""fixed"", ""11"": ""fixed"", ""12"": ""fixed"", ""13"": ""fixed"", ""14"": ""fixed"", ""15"": ""fixed"", ""2"": ""fixed"", ""3"": ""fixed"", ""4"": ""fixed"", ""5"": ""fixed"", ""6"": ""fixed"", ""7"": ""fixed"", ""8"": ""fixed"", ""9"": ""fixed""}","{""0"": ""fixed"", ""1"": ""fixed"", ""2"": ""fixed"", ""3"": ""fixed""}","[0, 1, 2, 3, 4, 5, 6, 7, 8, 9, 10, 11, 12, 13, 14, 15]",[],[],False,full_key_unique,True,uf_axiom,
SR_73__MC_120,SR_73,MC_120,SR-MC,0,0,0,0,0,0,0,0,0,0,1,0,early_late_mixed,random_stratified_sample,SR_73__MC_120,0,192,2,differential,sat,unsat,0.010457886382937431,313.6266607362777,edf43a9a19e4a3f3bf1eec668bd00cf6,edf43a9a19e4a3f3bf1eec668bd00cf6,,True,sat,False,False,False,,"{""0"": ""fixed"", ""1"": ""fixed"", ""10"": ""fixed"", ""11"": ""fixed"", ""12"": ""fixed"", ""13"": ""fixed"", ""14"": ""fixed"", ""15"": ""fixed"", ""2"": ""fixed"", ""3"": ""fixed"", ""4"": ""fixed"", ""5"": ""fixed"", ""6"": ""fixed"", ""7"": ""fixed"", ""8"": ""fixed"", ""9"": ""fixed""}","{""0"": ""fixed"", ""1"": ""fixed"", ""2"": ""fixed"", ""3"": ""fixed""}","[0, 1, 2, 3, 4, 5, 6, 7, 8, 9, 10, 11, 12, 13, 14, 15]",[],[],False,full_key_unique,True,uf_axiom,
SR_35__MC_85,SR_35,MC_85,SR-MC,0,0,0,0,0,0,0,0,0,0,1,0,early_late_mixed,random_stratified_sample,SR_35__MC_85,2,128,2,differential,sat,unsat,0.006488867104053497,41.2392161116004,a66f651322597191ab9f8f8af4c2db61,a66f651322597191ab9f8f8af4c2db61,,True,sat,False,False,False,,"{""0"": ""fixed"", ""1"": ""fixed"", ""10"": ""fixed"", ""11"": ""fixed"", ""12"": ""fixed"", ""13"": ""fixed"", ""14"": ""fixed"", ""15"": ""fixed"", ""2"": ""fixed"", ""3"": ""fixed"", ""4"": ""fixed"", ""5"": ""fixed"", ""6"": ""fixed"", ""7"": ""fixed"", ""8"": ""fixed"", ""9"": ""fixed""}","{""0"": ""fixed"", ""1"": ""fixed"", ""2"": ""fixed"", ""3"": ""fixed""}","[0, 1, 2, 3, 4, 5, 6, 7, 8, 9, 10, 11, 12, 13, 14, 15]",[],[],False,full_key_unique,True,uf_axiom,
SR_24__MC_82,SR_24,MC_82,SR-MC,0,0,0,0,0,0,0,0,0,0,1,0,early_late_mixed,random_stratified_sample,SR_24__MC_82,1,192,2,differential,sat,unsat,0.011190097779035568,326.64354835636914,99107579bc3c2c3b0d7a8a6fd1573606,99107579bc3c2c3b0d7a8a6fd1573606,,True,sat,False,False,False,,"{""0"": ""fixed"", ""1"": ""fixed"", ""10"": ""fixed"", ""11"": ""fixed"", ""12"": ""fixed"", ""13"": ""fixed"", ""14"": ""fixed"", ""15"": ""fixed"", ""2"": ""fixed"", ""3"": ""fixed"", ""4"": ""fixed"", ""5"": ""fixed"", ""6"": ""fixed"", ""7"": ""fixed"", ""8"": ""fixed"", ""9"": ""fixed""}","{""0"": ""fixed"", ""1"": ""fixed"", ""2"": ""fixed"", ""3"": ""fixed""}","[0, 1, 2, 3, 4, 5, 6, 7, 8, 9, 10, 11, 12, 13, 14, 15]",[],[],False,full_key_unique,True,uf_axiom,
SR_29__MC_28,SR_29,MC_28,SR-MC,0,1,1,1,0,0,0,0,0,0,0,0,early_late_mixed,random_stratified_sample,SR_29__MC_28,1,192,2,differential,sat,unsat,0.009032821282744408,75.47350694984198,99107579bc3c2c3b0d7a8a6fd1573606,99107579bc3c2c3b0d7a8a6fd1573606,,True,sat,False,False,False,,"{""0"": ""fixed"", ""1"": ""fixed"", ""10"": ""fixed"", ""11"": ""fixed"", ""12"": ""fixed"", ""13"": ""fixed"", ""14"": ""fixed"", ""15"": ""fixed"", ""2"": ""fixed"", ""3"": ""fixed"", ""4"": ""fixed"", ""5"": ""fixed"", ""6"": ""fixed"", ""7"": ""fixed"", ""8"": ""fixed"", ""9"": ""fixed""}","{""0"": ""fixed"", ""1"": ""fixed"", ""2"": ""fixed"", ""3"": ""fixed""}","[0, 1, 2, 3, 4, 5, 6, 7, 8, 9, 10, 11, 12, 13, 14, 15]",[],[],False,full_key_unique,True,uf_axiom,
SR_84__MC_91,SR_84,MC_91,SR-MC,0,0,0,1,0,0,0,1,0,0,0,0,early_late_mixed,random_stratified_sample,SR_84__MC_91,2,192,2,differential,sat,unsat,0.008870121091604233,342.45164334215224,a66f651322597191ab9f8f8af4c2db61,a66f651322597191ab9f8f8af4c2db61,,True,sat,False,False,False,,"{""0"": ""fixed"", ""1"": ""fixed"", ""10"": ""fixed"", ""11"": ""fixed"", ""12"": ""fixed"", ""13"": ""fixed"", ""14"": ""fixed"", ""15"": ""fixed"", ""2"": ""fixed"", ""3"": ""fixed"", ""4"": ""fixed"", ""5"": ""fixed"", ""6"": ""fixed"", ""7"": ""fixed"", ""8"": ""fixed"", ""9"": ""fixed""}","{""0"": ""fixed"", ""1"": ""fixed"", ""2"": ""fixed"", ""3"": ""fixed""}","[0, 1, 2, 3, 4, 5, 6, 7, 8, 9, 10, 11, 12, 13, 14, 15]",[],[],False,full_key_unique,True,uf_axiom,
SR_99__MC_5,SR_99,MC_5,SR-MC,0,0,1,0,0,0,0,0,1,0,0,0,early_late_mixed,random_stratified_sample,SR_99__MC_5,1,192,2,differential,sat,unsat,0.010140953585505486,106.73845923319459,99107579bc3c2c3b0d7a8a6fd1573606,99107579bc3c2c3b0d7a8a6fd1573606,,True,sat,False,False,False,,"{""0"": ""fixed"", ""1"": ""fixed"", ""10"": ""fixed"", ""11"": ""fixed"", ""12"": ""fixed"", ""13"": ""fixed"", ""14"": ""fixed"", ""15"": ""fixed"", ""2"": ""fixed"", ""3"": ""fixed"", ""4"": ""fixed"", ""5"": ""fixed"", ""6"": ""fixed"", ""7"": ""fixed"", ""8"": ""fixed"", ""9"": ""fixed""}","{""0"": ""fixed"", ""1"": ""fixed"", ""2"": ""fixed"", ""3"": ""fixed""}","[0, 1, 2, 3, 4, 5, 6, 7, 8, 9, 10, 11, 12, 13, 14, 15]",[],[],False,full_key_unique,True,uf_axiom,
SR_8__MC_119,SR_8,MC_119,SR-MC,0,0,0,0,0,0,0,0,0,0,1,0,early_late_mixed,random_stratified_sample,SR_8__MC_119,0,192,2,differential,sat,unsat,0.010732628405094147,386.6463062725961,edf43a9a19e4a3f3bf1eec668bd00cf6,edf43a9a19e4a3f3bf1eec668bd00cf6,,True,sat,False,False,False,,"{""0"": ""fixed"", ""1"": ""fixed"", ""10"": ""fixed"", ""11"": ""fixed"", ""12"": ""fixed"", ""13"": ""fixed"", ""14"": ""fixed"", ""15"": ""fixed"", ""2"": ""fixed"", ""3"": ""fixed"", ""4"": ""fixed"", ""5"": ""fixed"", ""6"": ""fixed"", ""7"": ""fixed"", ""8"": ""fixed"", ""9"": ""fixed""}","{""0"": ""fixed"", ""1"": ""fixed"", ""2"": ""fixed"", ""3"": ""fixed""}","[0, 1, 2, 3, 4, 5, 6, 7, 8, 9, 10, 11, 12, 13, 14, 15]",[],[],False,full_key_unique,True,uf_axiom,
SR_126__MC_29,SR_126,MC_29,SR-MC,0,0,1,0,0,0,0,0,1,0,0,0,early_late_mixed,random_stratified_sample,SR_126__MC_29,0,192,2,differential,sat,unsat,0.010463813319802284,131.6214220393449,edf43a9a19e4a3f3bf1eec668bd00cf6,edf43a9a19e4a3f3bf1eec668bd00cf6,,True,sat,False,False,False,,"{""0"": ""fixed"", ""1"": ""fixed"", ""10"": ""fixed"", ""11"": ""fixed"", ""12"": ""fixed"", ""13"": ""fixed"", ""14"": ""fixed"", ""15"": ""fixed"", ""2"": ""fixed"", ""3"": ""fixed"", ""4"": ""fixed"", ""5"": ""fixed"", ""6"": ""fixed"", ""7"": ""fixed"", ""8"": ""fixed"", ""9"": ""fixed""}","{""0"": ""fixed"", ""1"": ""fixed"", ""2"": ""fixed"", ""3"": ""fixed""}","[0, 1, 2, 3, 4, 5, 6, 7, 8, 9, 10, 11, 12, 13, 14, 15]",[],[],False,full_key_unique,True,uf_axiom,
SR_46__MC_41,SR_46,MC_41,SR-MC,0,1,1,1,0,0,0,0,0,0,0,0,early_late_mixed,random_stratified_sample,SR_46__MC_41,0,192,2,differential,sat,unsat,0.00952589325606823,533.5915700681508,edf43a9a19e4a3f3bf1eec668bd00cf6,edf43a9a19e4a3f3bf1eec668bd00cf6,,True,sat,False,False,False,,"{""0"": ""fixed"", ""1"": ""fixed"", ""10"": ""fixed"", ""11"": ""fixed"", ""12"": ""fixed"", ""13"": ""fixed"", ""14"": ""fixed"", ""15"": ""fixed"", ""2"": ""fixed"", ""3"": ""fixed"", ""4"": ""fixed"", ""5"": ""fixed"", ""6"": ""fixed"", ""7"": ""fixed"", ""8"": ""fixed"", ""9"": ""fixed""}","{""0"": ""fixed"", ""1"": ""fixed"", ""2"": ""fixed"", ""3"": ""fixed""}","[0, 1, 2, 3, 4, 5, 6, 7, 8, 9, 10, 11, 12, 13, 14, 15]",[],[],False,full_key_unique,True,uf_axiom,
SR_37__MC_13,SR_37,MC_13,SR-MC,0,0,0,0,1,0,0,0,0,0,1,0,early_late_mixed,random_stratified_sample,SR_37__MC_13,1,192,2,differential,sat,unsat,0.00931430421769619,133.73219830915332,99107579bc3c2c3b0d7a8a6fd1573606,99107579bc3c2c3b0d7a8a6fd1573606,,True,sat,False,False,False,,"{""0"": ""fixed"", ""1"": ""fixed"", ""10"": ""fixed"", ""11"": ""fixed"", ""12"": ""fixed"", ""13"": ""fixed"", ""14"": ""fixed"", ""15"": ""fixed"", ""2"": ""fixed"", ""3"": ""fixed"", ""4"": ""fixed"", ""5"": ""fixed"", ""6"": ""fixed"", ""7"": ""fixed"", ""8"": ""fixed"", ""9"": ""fixed""}","{""0"": ""fixed"", ""1"": ""fixed"", ""2"": ""fixed"", ""3"": ""fixed""}","[0, 1, 2, 3, 4, 5, 6, 7, 8, 9, 10, 11, 12, 13, 14, 15]",[],[],False,full_key_unique,True,uf_axiom,
SR_8__MC_119,SR_8,MC_119,SR-MC,0,0,0,0,0,0,0,0,0,0,1,0,early_late_mixed,random_stratified_sample,SR_8__MC_119,1,192,2,differential,sat,unsat,0.00919184461236,412.22317350655794,99107579bc3c2c3b0d7a8a6fd1573606,99107579bc3c2c3b0d7a8a6fd1573606,,True,sat,False,False,False,,"{""0"": ""fixed"", ""1"": ""fixed"", ""10"": ""fixed"", ""11"": ""fixed"", ""12"": ""fixed"", ""13"": ""fixed"", ""14"": ""fixed"", ""15"": ""fixed"", ""2"": ""fixed"", ""3"": ""fixed"", ""4"": ""fixed"", ""5"": ""fixed"", ""6"": ""fixed"", ""7"": ""fixed"", ""8"": ""fixed"", ""9"": ""fixed""}","{""0"": ""fixed"", ""1"": ""fixed"", ""2"": ""fixed"", ""3"": ""fixed""}","[0, 1, 2, 3, 4, 5, 6, 7, 8, 9, 10, 11, 12, 13, 14, 15]",[],[],False,full_key_unique,True,uf_axiom,
SR_84__MC_91,SR_84,MC_91,SR-MC,0,0,0,1,0,0,0,1,0,0,0,0,early_late_mixed,random_stratified_sample,SR_84__MC_91,1,192,2,differential,sat,unsat,0.0092389527708292,334.68273820355535,99107579bc3c2c3b0d7a8a6fd1573606,99107579bc3c2c3b0d7a8a6fd1573606,,True,sat,False,False,False,,"{""0"": ""fixed"", ""1"": ""fixed"", ""10"": ""fixed"", ""11"": ""fixed"", ""12"": ""fixed"", ""13"": ""fixed"", ""14"": ""fixed"", ""15"": ""fixed"", ""2"": ""fixed"", ""3"": ""fixed"", ""4"": ""fixed"", ""5"": ""fixed"", ""6"": ""fixed"", ""7"": ""fixed"", ""8"": ""fixed"", ""9"": ""fixed""}","{""0"": ""fixed"", ""1"": ""fixed"", ""2"": ""fixed"", ""3"": ""fixed""}","[0, 1, 2, 3, 4, 5, 6, 7, 8, 9, 10, 11, 12, 13, 14, 15]",[],[],False,full_key_unique,True,uf_axiom,
SR_29__MC_28,SR_29,MC_28,SR-MC,0,1,1,1,0,0,0,0,0,0,0,0,early_late_mixed,random_stratified_sample,SR_29__MC_28,2,192,2,differential,sat,unsat,0.008817266672849655,249.1666240952909,a66f651322597191ab9f8f8af4c2db61,a66f651322597191ab9f8f8af4c2db61,,True,sat,False,False,False,,"{""0"": ""fixed"", ""1"": ""fixed"", ""10"": ""fixed"", ""11"": ""fixed"", ""12"": ""fixed"", ""13"": ""fixed"", ""14"": ""fixed"", ""15"": ""fixed"", ""2"": ""fixed"", ""3"": ""fixed"", ""4"": ""fixed"", ""5"": ""fixed"", ""6"": ""fixed"", ""7"": ""fixed"", ""8"": ""fixed"", ""9"": ""fixed""}","{""0"": ""fixed"", ""1"": ""fixed"", ""2"": ""fixed"", ""3"": ""fixed""}","[0, 1, 2, 3, 4, 5, 6, 7, 8, 9, 10, 11, 12, 13, 14, 15]",[],[],False,full_key_unique,True,uf_axiom,
SR_111__MC_6,SR_111,MC_6,SR-MC,0,0,0,0,0,0,0,0,0,0,1,0,early_late_mixed,random_stratified_sample,SR_111__MC_6,1,128,2,differential,sat,sat,0.006108526140451431,135.69762451574206,99107579bc3c2c3b0d7a8a6fd1573606,99107579bc3c2c3b0d7a8a6fd1573606,99107579183c2c3b0d5a8a6fd1573606,True,sat,False,False,False,,"{""0"": ""unknown"", ""1"": ""unknown"", ""10"": ""unknown"", ""11"": ""unknown"", ""12"": ""unknown"", ""13"": ""unknown"", ""14"": ""unknown"", ""15"": ""unknown"", ""2"": ""unknown"", ""3"": ""unknown"", ""4"": ""free"", ""5"": ""unknown"", ""6"": ""unknown"", ""7"": ""unknown"", ""8"": ""unknown"", ""9"": ""free""}","{""0"": ""unknown"", ""1"": ""free"", ""2"": ""free"", ""3"": ""unknown""}",[],"[4, 9]","[0, 1, 2, 3, 5, 6, 7, 8, 10, 11, 12, 13, 14, 15]",False,ambiguity,False,uf_axiom,
SR_126__MC_29,SR_126,MC_29,SR-MC,0,0,1,0,0,0,0,0,1,0,0,0,early_late_mixed,random_stratified_sample,SR_126__MC_29,2,192,2,differential,sat,unsat,0.010571466758847237,84.93353250436485,a66f651322597191ab9f8f8af4c2db61,a66f651322597191ab9f8f8af4c2db61,,True,sat,False,False,False,,"{""0"": ""fixed"", ""1"": ""fixed"", ""10"": ""fixed"", ""11"": ""fixed"", ""12"": ""fixed"", ""13"": ""fixed"", ""14"": ""fixed"", ""15"": ""fixed"", ""2"": ""fixed"", ""3"": ""fixed"", ""4"": ""fixed"", ""5"": ""fixed"", ""6"": ""fixed"", ""7"": ""fixed"", ""8"": ""fixed"", ""9"": ""fixed""}","{""0"": ""fixed"", ""1"": ""fixed"", ""2"": ""fixed"", ""3"": ""fixed""}","[0, 1, 2, 3, 4, 5, 6, 7, 8, 9, 10, 11, 12, 13, 14, 15]",[],[],False,full_key_unique,True,uf_axiom,
SR_111__MC_6,SR_111,MC_6,SR-MC,0,0,0,0,0,0,0,0,0,0,1,0,early_late_mixed,random_stratified_sample,SR_111__MC_6,0,128,2,differential,sat,unsat,0.006556939333677292,198.32903838530183,edf43a9a19e4a3f3bf1eec668bd00cf6,edf43a9a19e4a3f3bf1eec668bd00cf6,,True,sat,False,False,False,,"{""0"": ""fixed"", ""1"": ""fixed"", ""10"": ""fixed"", ""11"": ""fixed"", ""12"": ""fixed"", ""13"": ""fixed"", ""14"": ""fixed"", ""15"": ""fixed"", ""2"": ""fixed"", ""3"": ""fixed"", ""4"": ""fixed"", ""5"": ""fixed"", ""6"": ""fixed"", ""7"": ""fixed"", ""8"": ""fixed"", ""9"": ""fixed""}","{""0"": ""fixed"", ""1"": ""fixed"", ""2"": ""fixed"", ""3"": ""fixed""}","[0, 1, 2, 3, 4, 5, 6, 7, 8, 9, 10, 11, 12, 13, 14, 15]",[],[],False,full_key_unique,True,uf_axiom,
SR_5__MC_114,SR_5,MC_114,SR-MC,0,0,0,0,0,0,0,0,0,0,1,0,early_late_mixed,random_stratified_sample,SR_5__MC_114,0,192,2,differential,sat,unsat,0.010700739920139313,398.40548905543983,edf43a9a19e4a3f3bf1eec668bd00cf6,edf43a9a19e4a3f3bf1eec668bd00cf6,,True,sat,False,False,False,,"{""0"": ""fixed"", ""1"": ""fixed"", ""10"": ""fixed"", ""11"": ""fixed"", ""12"": ""fixed"", ""13"": ""fixed"", ""14"": ""fixed"", ""15"": ""fixed"", ""2"": ""fixed"", ""3"": ""fixed"", ""4"": ""fixed"", ""5"": ""fixed"", ""6"": ""fixed"", ""7"": ""fixed"", ""8"": ""fixed"", ""9"": ""fixed""}","{""0"": ""fixed"", ""1"": ""fixed"", ""2"": ""fixed"", ""3"": ""fixed""}","[0, 1, 2, 3, 4, 5, 6, 7, 8, 9, 10, 11, 12, 13, 14, 15]",[],[],False,full_key_unique,True,uf_axiom,
SR_24__MC_82,SR_24,MC_82,SR-MC,0,0,0,0,0,0,0,0,0,0,1,0,early_late_mixed,random_stratified_sample,SR_24__MC_82,0,192,2,differential,sat,unsat,0.01041720062494278,412.928228572011,edf43a9a19e4a3f3bf1eec668bd00cf6,edf43a9a19e4a3f3bf1eec668bd00cf6,,True,sat,False,False,False,,"{""0"": ""fixed"", ""1"": ""fixed"", ""10"": ""fixed"", ""11"": ""fixed"", ""12"": ""fixed"", ""13"": ""fixed"", ""14"": ""fixed"", ""15"": ""fixed"", ""2"": ""fixed"", ""3"": ""fixed"", ""4"": ""fixed"", ""5"": ""fixed"", ""6"": ""fixed"", ""7"": ""fixed"", ""8"": ""fixed"", ""9"": ""fixed""}","{""0"": ""fixed"", ""1"": ""fixed"", ""2"": ""fixed"", ""3"": ""fixed""}","[0, 1, 2, 3, 4, 5, 6, 7, 8, 9, 10, 11, 12, 13, 14, 15]",[],[],False,full_key_unique,True,uf_axiom,
SR_10__MC_33,SR_10,MC_33,SR-MC,0,0,0,0,0,0,0,0,0,1,0,0,early_late_mixed,random_stratified_sample,SR_10__MC_33,0,192,2,differential,sat,unsat,0.011569814756512642,130.16157373972237,edf43a9a19e4a3f3bf1eec668bd00cf6,edf43a9a19e4a3f3bf1eec668bd00cf6,,True,sat,False,False,False,,"{""0"": ""fixed"", ""1"": ""fixed"", ""10"": ""fixed"", ""11"": ""fixed"", ""12"": ""fixed"", ""13"": ""fixed"", ""14"": ""fixed"", ""15"": ""fixed"", ""2"": ""fixed"", ""3"": ""fixed"", ""4"": ""fixed"", ""5"": ""fixed"", ""6"": ""fixed"", ""7"": ""fixed"", ""8"": ""fixed"", ""9"": ""fixed""}","{""0"": ""fixed"", ""1"": ""fixed"", ""2"": ""fixed"", ""3"": ""fixed""}","[0, 1, 2, 3, 4, 5, 6, 7, 8, 9, 10, 11, 12, 13, 14, 15]",[],[],False,full_key_unique,True,uf_axiom,
SR_5__MC_114,SR_5,MC_114,SR-MC,0,0,0,0,0,0,0,0,0,0,1,0,early_late_mixed,random_stratified_sample,SR_5__MC_114,1,192,2,differential,sat,unsat,0.010694490745663643,432.2219041213393,99107579bc3c2c3b0d7a8a6fd1573606,99107579bc3c2c3b0d7a8a6fd1573606,,True,sat,False,False,False,,"{""0"": ""fixed"", ""1"": ""fixed"", ""10"": ""fixed"", ""11"": ""fixed"", ""12"": ""fixed"", ""13"": ""fixed"", ""14"": ""fixed"", ""15"": ""fixed"", ""2"": ""fixed"", ""3"": ""fixed"", ""4"": ""fixed"", ""5"": ""fixed"", ""6"": ""fixed"", ""7"": ""fixed"", ""8"": ""fixed"", ""9"": ""fixed""}","{""0"": ""fixed"", ""1"": ""fixed"", ""2"": ""fixed"", ""3"": ""fixed""}","[0, 1, 2, 3, 4, 5, 6, 7, 8, 9, 10, 11, 12, 13, 14, 15]",[],[],False,full_key_unique,True,uf_axiom,
SR_10__MC_33,SR_10,MC_33,SR-MC,0,0,0,0,0,0,0,0,0,1,0,0,early_late_mixed,random_stratified_sample,SR_10__MC_33,1,192,2,differential,sat,unsat,0.01034206710755825,116.32617174088955,99107579bc3c2c3b0d7a8a6fd1573606,99107579bc3c2c3b0d7a8a6fd1573606,,True,sat,False,False,False,,"{""0"": ""fixed"", ""1"": ""fixed"", ""10"": ""fixed"", ""11"": ""fixed"", ""12"": ""fixed"", ""13"": ""fixed"", ""14"": ""fixed"", ""15"": ""fixed"", ""2"": ""fixed"", ""3"": ""fixed"", ""4"": ""fixed"", ""5"": ""fixed"", ""6"": ""fixed"", ""7"": ""fixed"", ""8"": ""fixed"", ""9"": ""fixed""}","{""0"": ""fixed"", ""1"": ""fixed"", ""2"": ""fixed"", ""3"": ""fixed""}","[0, 1, 2, 3, 4, 5, 6, 7, 8, 9, 10, 11, 12, 13, 14, 15]",[],[],False,full_key_unique,True,uf_axiom,
SR_111__MC_6,SR_111,MC_6,SR-MC,0,0,0,0,0,0,0,0,0,0,1,0,early_late_mixed,random_stratified_sample,SR_111__MC_6,2,128,2,differential,sat,unsat,0.006647799164056778,224.01624311693013,a66f651322597191ab9f8f8af4c2db61,a66f651322597191ab9f8f8af4c2db61,,True,sat,False,False,False,,"{""0"": ""fixed"", ""1"": ""fixed"", ""10"": ""fixed"", ""11"": ""fixed"", ""12"": ""fixed"", ""13"": ""fixed"", ""14"": ""fixed"", ""15"": ""fixed"", ""2"": ""fixed"", ""3"": ""fixed"", ""4"": ""fixed"", ""5"": ""fixed"", ""6"": ""fixed"", ""7"": ""fixed"", ""8"": ""fixed"", ""9"": ""fixed""}","{""0"": ""fixed"", ""1"": ""fixed"", ""2"": ""fixed"", ""3"": ""fixed""}","[0, 1, 2, 3, 4, 5, 6, 7, 8, 9, 10, 11, 12, 13, 14, 15]",[],[],False,full_key_unique,True,uf_axiom,
SR_10__MC_33,SR_10,MC_33,SR-MC,0,0,0,0,0,0,0,0,0,1,0,0,early_late_mixed,random_stratified_sample,SR_10__MC_33,2,192,2,differential,sat,unsat,0.009992562234401703,353.0832178555429,a66f651322597191ab9f8f8af4c2db61,a66f651322597191ab9f8f8af4c2db61,,True,sat,False,False,False,,"{""0"": ""fixed"", ""1"": ""fixed"", ""10"": ""fixed"", ""11"": ""fixed"", ""12"": ""fixed"", ""13"": ""fixed"", ""14"": ""fixed"", ""15"": ""fixed"", ""2"": ""fixed"", ""3"": ""fixed"", ""4"": ""fixed"", ""5"": ""fixed"", ""6"": ""fixed"", ""7"": ""fixed"", ""8"": ""fixed"", ""9"": ""fixed""}","{""0"": ""fixed"", ""1"": ""fixed"", ""2"": ""fixed"", ""3"": ""fixed""}","[0, 1, 2, 3, 4, 5, 6, 7, 8, 9, 10, 11, 12, 13, 14, 15]",[],[],False,full_key_unique,True,uf_axiom,
SR_5__MC_114,SR_5,MC_114,SR-MC,0,0,0,0,0,0,0,0,0,0,1,0,early_late_mixed,random_stratified_sample,SR_5__MC_114,2,192,2,differential,sat,unsat,0.010157488286495209,517.4092852212489,a66f651322597191ab9f8f8af4c2db61,a66f651322597191ab9f8f8af4c2db61,,True,sat,False,False,False,,"{""0"": ""fixed"", ""1"": ""fixed"", ""10"": ""fixed"", ""11"": ""fixed"", ""12"": ""fixed"", ""13"": ""fixed"", ""14"": ""fixed"", ""15"": ""fixed"", ""2"": ""fixed"", ""3"": ""fixed"", ""4"": ""fixed"", ""5"": ""fixed"", ""6"": ""fixed"", ""7"": ""fixed"", ""8"": ""fixed"", ""9"": ""fixed""}","{""0"": ""fixed"", ""1"": ""fixed"", ""2"": ""fixed"", ""3"": ""fixed""}","[0, 1, 2, 3, 4, 5, 6, 7, 8, 9, 10, 11, 12, 13, 14, 15]",[],[],False,full_key_unique,True,uf_axiom,
SB_79__MC_42,SB_79,MC_42,SB-MC,0,0,1,0,0,0,0,0,1,0,0,0,early_late_mixed,random_stratified_sample,SB_79__MC_42,1,255,2,differential,sat,unsat,0.012619199231266975,298.4707522392273,99107579bc3c2c3b0d7a8a6fd1573606,99107579bc3c2c3b0d7a8a6fd1573606,,True,sat,False,False,False,,"{""0"": ""fixed"", ""1"": ""fixed"", ""10"": ""fixed"", ""11"": ""fixed"", ""12"": ""fixed"", ""13"": ""fixed"", ""14"": ""fixed"", ""15"": ""fixed"", ""2"": ""fixed"", ""3"": ""fixed"", ""4"": ""fixed"", ""5"": ""fixed"", ""6"": ""fixed"", ""7"": ""fixed"", ""8"": ""fixed"", ""9"": ""fixed""}","{""0"": ""fixed"", ""1"": ""fixed"", ""2"": ""fixed"", ""3"": ""fixed""}","[0, 1, 2, 3, 4, 5, 6, 7, 8, 9, 10, 11, 12, 13, 14, 15]",[],[],False,full_key_unique,True,uf_axiom,
SR_35__MC_85,SR_35,MC_85,SR-MC,0,0,0,0,0,0,0,0,0,0,1,0,early_late_mixed,random_stratified_sample,SR_35__MC_85,1,128,2,differential,sat,unsat,0.006237247958779335,93.84524714946747,99107579bc3c2c3b0d7a8a6fd1573606,99107579bc3c2c3b0d7a8a6fd1573606,,True,sat,False,False,False,,"{""0"": ""fixed"", ""1"": ""fixed"", ""10"": ""fixed"", ""11"": ""fixed"", ""12"": ""fixed"", ""13"": ""fixed"", ""14"": ""fixed"", ""15"": ""fixed"", ""2"": ""fixed"", ""3"": ""fixed"", ""4"": ""fixed"", ""5"": ""fixed"", ""6"": ""fixed"", ""7"": ""fixed"", ""8"": ""fixed"", ""9"": ""fixed""}","{""0"": ""fixed"", ""1"": ""fixed"", ""2"": ""fixed"", ""3"": ""fixed""}","[0, 1, 2, 3, 4, 5, 6, 7, 8, 9, 10, 11, 12, 13, 14, 15]",[],[],False,full_key_unique,True,uf_axiom,
MC_62__MC_82,MC_62,MC_82,MC-MC,1,0,0,0,0,0,0,0,0,0,1,0,late_only,random_stratified_sample,MC_62__MC_82,2,64,2,differential,sat,unsat,0.004985399544239044,146.5642693657428,a66f651322597191ab9f8f8af4c2db61,a66f651322597191ab9f8f8af4c2db61,,True,sat,False,False,False,,"{""0"": ""fixed"", ""1"": ""fixed"", ""10"": ""fixed"", ""11"": ""fixed"", ""12"": ""fixed"", ""13"": ""fixed"", ""14"": ""fixed"", ""15"": ""fixed"", ""2"": ""fixed"", ""3"": ""fixed"", ""4"": ""fixed"", ""5"": ""fixed"", ""6"": ""fixed"", ""7"": ""fixed"", ""8"": ""fixed"", ""9"": ""fixed""}","{""0"": ""fixed"", ""1"": ""fixed"", ""2"": ""fixed"", ""3"": ""fixed""}","[0, 1, 2, 3, 4, 5, 6, 7, 8, 9, 10, 11, 12, 13, 14, 15]",[],[],False,full_key_unique,True,uf_axiom,
SB_79__MC_42,SB_79,MC_42,SB-MC,0,0,1,0,0,0,0,0,1,0,0,0,early_late_mixed,random_stratified_sample,SB_79__MC_42,2,255,2,differential,sat,unsat,0.011268213391304016,516.3102546557784,a66f651322597191ab9f8f8af4c2db61,a66f651322597191ab9f8f8af4c2db61,,True,sat,False,False,False,,"{""0"": ""fixed"", ""1"": ""fixed"", ""10"": ""fixed"", ""11"": ""fixed"", ""12"": ""fixed"", ""13"": ""fixed"", ""14"": ""fixed"", ""15"": ""fixed"", ""2"": ""fixed"", ""3"": ""fixed"", ""4"": ""fixed"", ""5"": ""fixed"", ""6"": ""fixed"", ""7"": ""fixed"", ""8"": ""fixed"", ""9"": ""fixed""}","{""0"": ""fixed"", ""1"": ""fixed"", ""2"": ""fixed"", ""3"": ""fixed""}","[0, 1, 2, 3, 4, 5, 6, 7, 8, 9, 10, 11, 12, 13, 14, 15]",[],[],False,full_key_unique,True,uf_axiom,
SR_109__MC_76,SR_109,MC_76,SR-MC,0,0,1,0,0,0,0,0,1,0,0,0,early_late_mixed,random_stratified_sample,SR_109__MC_76,0,192,2,differential,sat,unsat,0.010342342779040337,252.9297412633896,edf43a9a19e4a3f3bf1eec668bd00cf6,edf43a9a19e4a3f3bf1eec668bd00cf6,,True,sat,False,False,False,,"{""0"": ""fixed"", ""1"": ""fixed"", ""10"": ""fixed"", ""11"": ""fixed"", ""12"": ""fixed"", ""13"": ""fixed"", ""14"": ""fixed"", ""15"": ""fixed"", ""2"": ""fixed"", ""3"": ""fixed"", ""4"": ""fixed"", ""5"": ""fixed"", ""6"": ""fixed"", ""7"": ""fixed"", ""8"": ""fixed"", ""9"": ""fixed""}","{""0"": ""fixed"", ""1"": ""fixed"", ""2"": ""fixed"", ""3"": ""fixed""}","[0, 1, 2, 3, 4, 5, 6, 7, 8, 9, 10, 11, 12, 13, 14, 15]",[],[],False,full_key_unique,True,uf_axiom,
SR_109__MC_76,SR_109,MC_76,SR-MC,0,0,1,0,0,0,0,0,1,0,0,0,early_late_mixed,random_stratified_sample,SR_109__MC_76,2,192,2,differential,sat,unsat,0.009420253336429596,256.08634397014976,a66f651322597191ab9f8f8af4c2db61,a66f651322597191ab9f8f8af4c2db61,,True,sat,False,False,False,,"{""0"": ""fixed"", ""1"": ""fixed"", ""10"": ""fixed"", ""11"": ""fixed"", ""12"": ""fixed"", ""13"": ""fixed"", ""14"": ""fixed"", ""15"": ""fixed"", ""2"": ""fixed"", ""3"": ""fixed"", ""4"": ""fixed"", ""5"": ""fixed"", ""6"": ""fixed"", ""7"": ""fixed"", ""8"": ""fixed"", ""9"": ""fixed""}","{""0"": ""fixed"", ""1"": ""fixed"", ""2"": ""fixed"", ""3"": ""fixed""}","[0, 1, 2, 3, 4, 5, 6, 7, 8, 9, 10, 11, 12, 13, 14, 15]",[],[],False,full_key_unique,True,uf_axiom,
SR_29__MC_111,SR_29,MC_111,SR-MC,0,0,0,0,0,0,0,0,0,0,1,0,early_late_mixed,random_stratified_sample,SR_29__MC_111,2,192,2,differential,sat,unsat,0.010476524010300636,188.03760767541826,a66f651322597191ab9f8f8af4c2db61,a66f651322597191ab9f8f8af4c2db61,,True,sat,False,False,False,,"{""0"": ""fixed"", ""1"": ""fixed"", ""10"": ""fixed"", ""11"": ""fixed"", ""12"": ""fixed"", ""13"": ""fixed"", ""14"": ""fixed"", ""15"": ""fixed"", ""2"": ""fixed"", ""3"": ""fixed"", ""4"": ""fixed"", ""5"": ""fixed"", ""6"": ""fixed"", ""7"": ""fixed"", ""8"": ""fixed"", ""9"": ""fixed""}","{""0"": ""fixed"", ""1"": ""fixed"", ""2"": ""fixed"", ""3"": ""fixed""}","[0, 1, 2, 3, 4, 5, 6, 7, 8, 9, 10, 11, 12, 13, 14, 15]",[],[],False,full_key_unique,True,uf_axiom,
SR_29__MC_111,SR_29,MC_111,SR-MC,0,0,0,0,0,0,0,0,0,0,1,0,early_late_mixed,random_stratified_sample,SR_29__MC_111,0,192,2,differential,sat,unsat,0.009854001924395561,259.81085512414575,edf43a9a19e4a3f3bf1eec668bd00cf6,edf43a9a19e4a3f3bf1eec668bd00cf6,,True,sat,False,False,False,,"{""0"": ""fixed"", ""1"": ""fixed"", ""10"": ""fixed"", ""11"": ""fixed"", ""12"": ""fixed"", ""13"": ""fixed"", ""14"": ""fixed"", ""15"": ""fixed"", ""2"": ""fixed"", ""3"": ""fixed"", ""4"": ""fixed"", ""5"": ""fixed"", ""6"": ""fixed"", ""7"": ""fixed"", ""8"": ""fixed"", ""9"": ""fixed""}","{""0"": ""fixed"", ""1"": ""fixed"", ""2"": ""fixed"", ""3"": ""fixed""}","[0, 1, 2, 3, 4, 5, 6, 7, 8, 9, 10, 11, 12, 13, 14, 15]",[],[],False,full_key_unique,True,uf_axiom,
SR_46__MC_41,SR_46,MC_41,SR-MC,0,1,1,1,0,0,0,0,0,0,0,0,early_late_mixed,random_stratified_sample,SR_46__MC_41,1,255,2,differential,sat,unsat,0.014574363827705383,267.466719256714,99107579bc3c2c3b0d7a8a6fd1573606,99107579bc3c2c3b0d7a8a6fd1573606,,True,sat,False,False,False,,"{""0"": ""fixed"", ""1"": ""fixed"", ""10"": ""fixed"", ""11"": ""fixed"", ""12"": ""fixed"", ""13"": ""fixed"", ""14"": ""fixed"", ""15"": ""fixed"", ""2"": ""fixed"", ""3"": ""fixed"", ""4"": ""fixed"", ""5"": ""fixed"", ""6"": ""fixed"", ""7"": ""fixed"", ""8"": ""fixed"", ""9"": ""fixed""}","{""0"": ""fixed"", ""1"": ""fixed"", ""2"": ""fixed"", ""3"": ""fixed""}","[0, 1, 2, 3, 4, 5, 6, 7, 8, 9, 10, 11, 12, 13, 14, 15]",[],[],False,full_key_unique,True,uf_axiom,
SR_126__MC_29,SR_126,MC_29,SR-MC,0,0,1,0,0,0,0,0,1,0,0,0,early_late_mixed,random_stratified_sample,SR_126__MC_29,1,192,2,differential,sat,unsat,0.011941315606236458,450.3152984213084,99107579bc3c2c3b0d7a8a6fd1573606,99107579bc3c2c3b0d7a8a6fd1573606,,True,sat,False,False,False,,"{""0"": ""fixed"", ""1"": ""fixed"", ""10"": ""fixed"", ""11"": ""fixed"", ""12"": ""fixed"", ""13"": ""fixed"", ""14"": ""fixed"", ""15"": ""fixed"", ""2"": ""fixed"", ""3"": ""fixed"", ""4"": ""fixed"", ""5"": ""fixed"", ""6"": ""fixed"", ""7"": ""fixed"", ""8"": ""fixed"", ""9"": ""fixed""}","{""0"": ""fixed"", ""1"": ""fixed"", ""2"": ""fixed"", ""3"": ""fixed""}","[0, 1, 2, 3, 4, 5, 6, 7, 8, 9, 10, 11, 12, 13, 14, 15]",[],[],False,full_key_unique,True,uf_axiom,
SR_58__MC_19,SR_58,MC_19,SR-MC,0,0,0,0,0,0,0,0,0,1,0,0,early_late_mixed,random_stratified_sample,SR_58__MC_19,0,128,2,differential,sat,unsat,0.0065520163625478745,261.6405650600791,edf43a9a19e4a3f3bf1eec668bd00cf6,edf43a9a19e4a3f3bf1eec668bd00cf6,,True,sat,False,False,False,,"{""0"": ""fixed"", ""1"": ""fixed"", ""10"": ""fixed"", ""11"": ""fixed"", ""12"": ""fixed"", ""13"": ""fixed"", ""14"": ""fixed"", ""15"": ""fixed"", ""2"": ""fixed"", ""3"": ""fixed"", ""4"": ""fixed"", ""5"": ""fixed"", ""6"": ""fixed"", ""7"": ""fixed"", ""8"": ""fixed"", ""9"": ""fixed""}","{""0"": ""fixed"", ""1"": ""fixed"", ""2"": ""fixed"", ""3"": ""fixed""}","[0, 1, 2, 3, 4, 5, 6, 7, 8, 9, 10, 11, 12, 13, 14, 15]",[],[],False,full_key_unique,True,uf_axiom,
SR_29__MC_111,SR_29,MC_111,SR-MC,0,0,0,0,0,0,0,0,0,0,1,0,early_late_mixed,random_stratified_sample,SR_29__MC_111,1,192,2,differential,sat,unsat,0.011544054374098778,361.22476943954825,99107579bc3c2c3b0d7a8a6fd1573606,99107579bc3c2c3b0d7a8a6fd1573606,,True,sat,False,False,False,,"{""0"": ""fixed"", ""1"": ""fixed"", ""10"": ""fixed"", ""11"": ""fixed"", ""12"": ""fixed"", ""13"": ""fixed"", ""14"": ""fixed"", ""15"": ""fixed"", ""2"": ""fixed"", ""3"": ""fixed"", ""4"": ""fixed"", ""5"": ""fixed"", ""6"": ""fixed"", ""7"": ""fixed"", ""8"": ""fixed"", ""9"": ""fixed""}","{""0"": ""fixed"", ""1"": ""fixed"", ""2"": ""fixed"", ""3"": ""fixed""}","[0, 1, 2, 3, 4, 5, 6, 7, 8, 9, 10, 11, 12, 13, 14, 15]",[],[],False,full_key_unique,True,uf_axiom,
MC_79__MC_86,MC_79,MC_86,MC-MC,1,0,0,1,0,0,0,1,0,0,0,0,weak_same_column,random_stratified_sample,MC_79__MC_86,1,96,2,differential,sat,unsat,0.007310932502150536,110.30856389552355,99107579bc3c2c3b0d7a8a6fd1573606,99107579bc3c2c3b0d7a8a6fd1573606,,True,sat,False,False,False,,"{""0"": ""fixed"", ""1"": ""fixed"", ""10"": ""fixed"", ""11"": ""fixed"", ""12"": ""fixed"", ""13"": ""fixed"", ""14"": ""fixed"", ""15"": ""fixed"", ""2"": ""fixed"", ""3"": ""fixed"", ""4"": ""fixed"", ""5"": ""fixed"", ""6"": ""fixed"", ""7"": ""fixed"", ""8"": ""fixed"", ""9"": ""fixed""}","{""0"": ""fixed"", ""1"": ""fixed"", ""2"": ""fixed"", ""3"": ""fixed""}","[0, 1, 2, 3, 4, 5, 6, 7, 8, 9, 10, 11, 12, 13, 14, 15]",[],[],False,full_key_unique,True,uf_axiom,
MC_79__MC_86,MC_79,MC_86,MC-MC,1,0,0,1,0,0,0,1,0,0,0,0,weak_same_column,random_stratified_sample,MC_79__MC_86,2,128,2,differential,sat,unsat,0.005543023347854614,205.55704142712057,a66f651322597191ab9f8f8af4c2db61,a66f651322597191ab9f8f8af4c2db61,,True,sat,False,False,False,,"{""0"": ""fixed"", ""1"": ""fixed"", ""10"": ""fixed"", ""11"": ""fixed"", ""12"": ""fixed"", ""13"": ""fixed"", ""14"": ""fixed"", ""15"": ""fixed"", ""2"": ""fixed"", ""3"": ""fixed"", ""4"": ""fixed"", ""5"": ""fixed"", ""6"": ""fixed"", ""7"": ""fixed"", ""8"": ""fixed"", ""9"": ""fixed""}","{""0"": ""fixed"", ""1"": ""fixed"", ""2"": ""fixed"", ""3"": ""fixed""}","[0, 1, 2, 3, 4, 5, 6, 7, 8, 9, 10, 11, 12, 13, 14, 15]",[],[],False,full_key_unique,True,uf_axiom,
SR_35__MC_85,SR_35,MC_85,SR-MC,0,0,0,0,0,0,0,0,0,0,1,0,early_late_mixed,random_stratified_sample,SR_35__MC_85,0,192,2,differential,sat,unsat,0.01810910366475582,134.060921613127,edf43a9a19e4a3f3bf1eec668bd00cf6,edf43a9a19e4a3f3bf1eec668bd00cf6,,True,sat,False,False,False,,"{""0"": ""fixed"", ""1"": ""fixed"", ""10"": ""fixed"", ""11"": ""fixed"", ""12"": ""fixed"", ""13"": ""fixed"", ""14"": ""fixed"", ""15"": ""fixed"", ""2"": ""fixed"", ""3"": ""fixed"", ""4"": ""fixed"", ""5"": ""fixed"", ""6"": ""fixed"", ""7"": ""fixed"", ""8"": ""fixed"", ""9"": ""fixed""}","{""0"": ""fixed"", ""1"": ""fixed"", ""2"": ""fixed"", ""3"": ""fixed""}","[0, 1, 2, 3, 4, 5, 6, 7, 8, 9, 10, 11, 12, 13, 14, 15]",[],[],False,full_key_unique,True,uf_axiom,
SR_109__MC_76,SR_109,MC_76,SR-MC,0,0,1,0,0,0,0,0,1,0,0,0,early_late_mixed,random_stratified_sample,SR_109__MC_76,1,192,2,differential,sat,unsat,0.009792707860469818,388.4186914023012,99107579bc3c2c3b0d7a8a6fd1573606,99107579bc3c2c3b0d7a8a6fd1573606,,True,sat,False,False,False,,"{""0"": ""fixed"", ""1"": ""fixed"", ""10"": ""fixed"", ""11"": ""fixed"", ""12"": ""fixed"", ""13"": ""fixed"", ""14"": ""fixed"", ""15"": ""fixed"", ""2"": ""fixed"", ""3"": ""fixed"", ""4"": ""fixed"", ""5"": ""fixed"", ""6"": ""fixed"", ""7"": ""fixed"", ""8"": ""fixed"", ""9"": ""fixed""}","{""0"": ""fixed"", ""1"": ""fixed"", ""2"": ""fixed"", ""3"": ""fixed""}","[0, 1, 2, 3, 4, 5, 6, 7, 8, 9, 10, 11, 12, 13, 14, 15]",[],[],False,full_key_unique,True,uf_axiom,
SR_12__MC_125,SR_12,MC_125,SR-MC,0,0,0,0,0,0,0,0,0,0,1,0,early_late_mixed,random_stratified_sample,SR_12__MC_125,0,192,2,differential,sat,unsat,0.018528306856751442,162.24679096229374,edf43a9a19e4a3f3bf1eec668bd00cf6,edf43a9a19e4a3f3bf1eec668bd00cf6,,True,sat,False,False,False,,"{""0"": ""fixed"", ""1"": ""fixed"", ""10"": ""fixed"", ""11"": ""fixed"", ""12"": ""fixed"", ""13"": ""fixed"", ""14"": ""fixed"", ""15"": ""fixed"", ""2"": ""fixed"", ""3"": ""fixed"", ""4"": ""fixed"", ""5"": ""fixed"", ""6"": ""fixed"", ""7"": ""fixed"", ""8"": ""fixed"", ""9"": ""fixed""}","{""0"": ""fixed"", ""1"": ""fixed"", ""2"": ""fixed"", ""3"": ""fixed""}","[0, 1, 2, 3, 4, 5, 6, 7, 8, 9, 10, 11, 12, 13, 14, 15]",[],[],False,full_key_unique,True,uf_axiom,
SR_58__MC_19,SR_58,MC_19,SR-MC,0,0,0,0,0,0,0,0,0,1,0,0,early_late_mixed,random_stratified_sample,SR_58__MC_19,2,128,2,differential,sat,unsat,0.009876182302832603,212.08017574250698,a66f651322597191ab9f8f8af4c2db61,a66f651322597191ab9f8f8af4c2db61,,True,sat,False,False,False,,"{""0"": ""fixed"", ""1"": ""fixed"", ""10"": ""fixed"", ""11"": ""fixed"", ""12"": ""fixed"", ""13"": ""fixed"", ""14"": ""fixed"", ""15"": ""fixed"", ""2"": ""fixed"", ""3"": ""fixed"", ""4"": ""fixed"", ""5"": ""fixed"", ""6"": ""fixed"", ""7"": ""fixed"", ""8"": ""fixed"", ""9"": ""fixed""}","{""0"": ""fixed"", ""1"": ""fixed"", ""2"": ""fixed"", ""3"": ""fixed""}","[0, 1, 2, 3, 4, 5, 6, 7, 8, 9, 10, 11, 12, 13, 14, 15]",[],[],False,full_key_unique,True,uf_axiom,
MC_73__MC_82,MC_73,MC_82,MC-MC,1,0,0,1,0,0,0,1,0,0,0,0,weak_same_column,random_stratified_sample,MC_73__MC_82,1,96,2,differential,sat,unsat,0.004379572346806526,84.12507950887084,99107579bc3c2c3b0d7a8a6fd1573606,99107579bc3c2c3b0d7a8a6fd1573606,,True,sat,False,False,False,,"{""0"": ""fixed"", ""1"": ""fixed"", ""10"": ""fixed"", ""11"": ""fixed"", ""12"": ""fixed"", ""13"": ""fixed"", ""14"": ""fixed"", ""15"": ""fixed"", ""2"": ""fixed"", ""3"": ""fixed"", ""4"": ""fixed"", ""5"": ""fixed"", ""6"": ""fixed"", ""7"": ""fixed"", ""8"": ""fixed"", ""9"": ""fixed""}","{""0"": ""fixed"", ""1"": ""fixed"", ""2"": ""fixed"", ""3"": ""fixed""}","[0, 1, 2, 3, 4, 5, 6, 7, 8, 9, 10, 11, 12, 13, 14, 15]",[],[],False,full_key_unique,True,uf_axiom,
MC_67__MC_91,MC_67,MC_91,MC-MC,1,0,0,1,1,0,1,0,0,0,0,0,weak_same_column,random_stratified_sample,MC_67__MC_91,2,96,2,differential,sat,unsat,0.006904959678649902,164.03873810358346,a66f651322597191ab9f8f8af4c2db61,a66f651322597191ab9f8f8af4c2db61,,True,sat,False,False,False,,"{""0"": ""fixed"", ""1"": ""fixed"", ""10"": ""fixed"", ""11"": ""fixed"", ""12"": ""fixed"", ""13"": ""fixed"", ""14"": ""fixed"", ""15"": ""fixed"", ""2"": ""fixed"", ""3"": ""fixed"", ""4"": ""fixed"", ""5"": ""fixed"", ""6"": ""fixed"", ""7"": ""fixed"", ""8"": ""fixed"", ""9"": ""fixed""}","{""0"": ""fixed"", ""1"": ""fixed"", ""2"": ""fixed"", ""3"": ""fixed""}","[0, 1, 2, 3, 4, 5, 6, 7, 8, 9, 10, 11, 12, 13, 14, 15]",[],[],False,full_key_unique,True,uf_axiom,
MC_73__MC_82,MC_73,MC_82,MC-MC,1,0,0,1,0,0,0,1,0,0,0,0,weak_same_column,random_stratified_sample,MC_73__MC_82,2,128,2,differential,sat,unsat,0.010335627943277359,133.51672258228064,a66f651322597191ab9f8f8af4c2db61,a66f651322597191ab9f8f8af4c2db61,,True,sat,False,False,False,,"{""0"": ""fixed"", ""1"": ""fixed"", ""10"": ""fixed"", ""11"": ""fixed"", ""12"": ""fixed"", ""13"": ""fixed"", ""14"": ""fixed"", ""15"": ""fixed"", ""2"": ""fixed"", ""3"": ""fixed"", ""4"": ""fixed"", ""5"": ""fixed"", ""6"": ""fixed"", ""7"": ""fixed"", ""8"": ""fixed"", ""9"": ""fixed""}","{""0"": ""fixed"", ""1"": ""fixed"", ""2"": ""fixed"", ""3"": ""fixed""}","[0, 1, 2, 3, 4, 5, 6, 7, 8, 9, 10, 11, 12, 13, 14, 15]",[],[],False,full_key_unique,True,uf_axiom,
MC_66__MC_71,MC_66,MC_71,MC-MC,1,1,1,1,0,0,0,0,0,0,0,0,late_only,random_stratified_sample,MC_66__MC_71,2,96,2,differential,sat,unsat,0.004308028146624565,91.08378054015338,a66f651322597191ab9f8f8af4c2db61,a66f651322597191ab9f8f8af4c2db61,,True,sat,False,False,False,,"{""0"": ""fixed"", ""1"": ""fixed"", ""10"": ""fixed"", ""11"": ""fixed"", ""12"": ""fixed"", ""13"": ""fixed"", ""14"": ""fixed"", ""15"": ""fixed"", ""2"": ""fixed"", ""3"": ""fixed"", ""4"": ""fixed"", ""5"": ""fixed"", ""6"": ""fixed"", ""7"": ""fixed"", ""8"": ""fixed"", ""9"": ""fixed""}","{""0"": ""fixed"", ""1"": ""fixed"", ""2"": ""fixed"", ""3"": ""fixed""}","[0, 1, 2, 3, 4, 5, 6, 7, 8, 9, 10, 11, 12, 13, 14, 15]",[],[],False,full_key_unique,True,uf_axiom,
SR_48__MC_96,SR_48,MC_96,SR-MC,0,0,0,0,1,0,0,0,0,0,1,0,early_late_mixed,random_stratified_sample,SR_48__MC_96,2,192,2,differential,sat,unsat,0.010103687644004822,146.77837686240673,a66f651322597191ab9f8f8af4c2db61,a66f651322597191ab9f8f8af4c2db61,,True,sat,False,False,False,,"{""0"": ""fixed"", ""1"": ""fixed"", ""10"": ""fixed"", ""11"": ""fixed"", ""12"": ""fixed"", ""13"": ""fixed"", ""14"": ""fixed"", ""15"": ""fixed"", ""2"": ""fixed"", ""3"": ""fixed"", ""4"": ""fixed"", ""5"": ""fixed"", ""6"": ""fixed"", ""7"": ""fixed"", ""8"": ""fixed"", ""9"": ""fixed""}","{""0"": ""fixed"", ""1"": ""fixed"", ""2"": ""fixed"", ""3"": ""fixed""}","[0, 1, 2, 3, 4, 5, 6, 7, 8, 9, 10, 11, 12, 13, 14, 15]",[],[],False,full_key_unique,True,uf_axiom,
SR_47__MC_65,SR_47,MC_65,SR-MC,0,0,0,0,0,0,0,0,0,0,1,0,early_late_mixed,random_stratified_sample,SR_47__MC_65,2,128,2,differential,sat,unsat,0.007890092208981514,203.22057587467134,a66f651322597191ab9f8f8af4c2db61,a66f651322597191ab9f8f8af4c2db61,,True,sat,False,False,False,,"{""0"": ""fixed"", ""1"": ""fixed"", ""10"": ""fixed"", ""11"": ""fixed"", ""12"": ""fixed"", ""13"": ""fixed"", ""14"": ""fixed"", ""15"": ""fixed"", ""2"": ""fixed"", ""3"": ""fixed"", ""4"": ""fixed"", ""5"": ""fixed"", ""6"": ""fixed"", ""7"": ""fixed"", ""8"": ""fixed"", ""9"": ""fixed""}","{""0"": ""fixed"", ""1"": ""fixed"", ""2"": ""fixed"", ""3"": ""fixed""}","[0, 1, 2, 3, 4, 5, 6, 7, 8, 9, 10, 11, 12, 13, 14, 15]",[],[],False,full_key_unique,True,uf_axiom,
SR_12__MC_125,SR_12,MC_125,SR-MC,0,0,0,0,0,0,0,0,0,0,1,0,early_late_mixed,random_stratified_sample,SR_12__MC_125,2,192,2,differential,sat,unsat,0.010766396299004555,240.5579843632877,a66f651322597191ab9f8f8af4c2db61,a66f651322597191ab9f8f8af4c2db61,,True,sat,False,False,False,,"{""0"": ""fixed"", ""1"": ""fixed"", ""10"": ""fixed"", ""11"": ""fixed"", ""12"": ""fixed"", ""13"": ""fixed"", ""14"": ""fixed"", ""15"": ""fixed"", ""2"": ""fixed"", ""3"": ""fixed"", ""4"": ""fixed"", ""5"": ""fixed"", ""6"": ""fixed"", ""7"": ""fixed"", ""8"": ""fixed"", ""9"": ""fixed""}","{""0"": ""fixed"", ""1"": ""fixed"", ""2"": ""fixed"", ""3"": ""fixed""}","[0, 1, 2, 3, 4, 5, 6, 7, 8, 9, 10, 11, 12, 13, 14, 15]",[],[],False,full_key_unique,True,uf_axiom,
MC_115__MC_123,MC_115,MC_123,MC-MC,1,0,0,1,1,0,1,0,0,0,0,0,weak_same_column,random_stratified_sample,MC_115__MC_123,2,96,2,differential,sat,unsat,0.004720589146018028,121.1772560402751,a66f651322597191ab9f8f8af4c2db61,a66f651322597191ab9f8f8af4c2db61,,True,sat,False,False,False,,"{""0"": ""fixed"", ""1"": ""fixed"", ""10"": ""fixed"", ""11"": ""fixed"", ""12"": ""fixed"", ""13"": ""fixed"", ""14"": ""fixed"", ""15"": ""fixed"", ""2"": ""fixed"", ""3"": ""fixed"", ""4"": ""fixed"", ""5"": ""fixed"", ""6"": ""fixed"", ""7"": ""fixed"", ""8"": ""fixed"", ""9"": ""fixed""}","{""0"": ""fixed"", ""1"": ""fixed"", ""2"": ""fixed"", ""3"": ""fixed""}","[0, 1, 2, 3, 4, 5, 6, 7, 8, 9, 10, 11, 12, 13, 14, 15]",[],[],False,full_key_unique,True,uf_axiom,
MC_54__MC_80,MC_54,MC_80,MC-MC,1,0,1,0,0,0,0,0,1,0,0,0,late_only,random_stratified_sample,MC_54__MC_80,2,96,2,differential,sat,unsat,0.013488046824932098,16.995738670229912,a66f651322597191ab9f8f8af4c2db61,a66f651322597191ab9f8f8af4c2db61,,True,sat,False,False,False,,"{""0"": ""fixed"", ""1"": ""fixed"", ""10"": ""fixed"", ""11"": ""fixed"", ""12"": ""fixed"", ""13"": ""fixed"", ""14"": ""fixed"", ""15"": ""fixed"", ""2"": ""fixed"", ""3"": ""fixed"", ""4"": ""fixed"", ""5"": ""fixed"", ""6"": ""fixed"", ""7"": ""fixed"", ""8"": ""fixed"", ""9"": ""fixed""}","{""0"": ""fixed"", ""1"": ""fixed"", ""2"": ""fixed"", ""3"": ""fixed""}","[0, 1, 2, 3, 4, 5, 6, 7, 8, 9, 10, 11, 12, 13, 14, 15]",[],[],False,full_key_unique,True,uf_axiom,
SR_48__MC_96,SR_48,MC_96,SR-MC,0,0,0,0,1,0,0,0,0,0,1,0,early_late_mixed,random_stratified_sample,SR_48__MC_96,0,192,2,differential,sat,unsat,0.013407256454229355,296.1221097782254,edf43a9a19e4a3f3bf1eec668bd00cf6,edf43a9a19e4a3f3bf1eec668bd00cf6,,True,sat,False,False,False,,"{""0"": ""fixed"", ""1"": ""fixed"", ""10"": ""fixed"", ""11"": ""fixed"", ""12"": ""fixed"", ""13"": ""fixed"", ""14"": ""fixed"", ""15"": ""fixed"", ""2"": ""fixed"", ""3"": ""fixed"", ""4"": ""fixed"", ""5"": ""fixed"", ""6"": ""fixed"", ""7"": ""fixed"", ""8"": ""fixed"", ""9"": ""fixed""}","{""0"": ""fixed"", ""1"": ""fixed"", ""2"": ""fixed"", ""3"": ""fixed""}","[0, 1, 2, 3, 4, 5, 6, 7, 8, 9, 10, 11, 12, 13, 14, 15]",[],[],False,full_key_unique,True,uf_axiom,
SR_46__MC_41,SR_46,MC_41,SR-MC,0,1,1,1,0,0,0,0,0,0,0,0,early_late_mixed,random_stratified_sample,SR_46__MC_41,2,255,2,differential,sat,unsat,0.012509981170296669,483.99359125085175,a66f651322597191ab9f8f8af4c2db61,a66f651322597191ab9f8f8af4c2db61,,True,sat,False,False,False,,"{""0"": ""fixed"", ""1"": ""fixed"", ""10"": ""fixed"", ""11"": ""fixed"", ""12"": ""fixed"", ""13"": ""fixed"", ""14"": ""fixed"", ""15"": ""fixed"", ""2"": ""fixed"", ""3"": ""fixed"", ""4"": ""fixed"", ""5"": ""fixed"", ""6"": ""fixed"", ""7"": ""fixed"", ""8"": ""fixed"", ""9"": ""fixed""}","{""0"": ""fixed"", ""1"": ""fixed"", ""2"": ""fixed"", ""3"": ""fixed""}","[0, 1, 2, 3, 4, 5, 6, 7, 8, 9, 10, 11, 12, 13, 14, 15]",[],[],False,full_key_unique,True,uf_axiom,
SR_12__MC_125,SR_12,MC_125,SR-MC,0,0,0,0,0,0,0,0,0,0,1,0,early_late_mixed,random_stratified_sample,SR_12__MC_125,1,192,2,differential,sat,unsat,0.020946893841028214,383.68169525265694,99107579bc3c2c3b0d7a8a6fd1573606,99107579bc3c2c3b0d7a8a6fd1573606,,True,sat,False,False,False,,"{""0"": ""fixed"", ""1"": ""fixed"", ""10"": ""fixed"", ""11"": ""fixed"", ""12"": ""fixed"", ""13"": ""fixed"", ""14"": ""fixed"", ""15"": ""fixed"", ""2"": ""fixed"", ""3"": ""fixed"", ""4"": ""fixed"", ""5"": ""fixed"", ""6"": ""fixed"", ""7"": ""fixed"", ""8"": ""fixed"", ""9"": ""fixed""}","{""0"": ""fixed"", ""1"": ""fixed"", ""2"": ""fixed"", ""3"": ""fixed""}","[0, 1, 2, 3, 4, 5, 6, 7, 8, 9, 10, 11, 12, 13, 14, 15]",[],[],False,full_key_unique,True,uf_axiom,
MC_79__MC_86,MC_79,MC_86,MC-MC,1,0,0,1,0,0,0,1,0,0,0,0,weak_same_column,random_stratified_sample,MC_79__MC_86,0,128,2,differential,sat,unsat,0.006061200052499771,138.79179325141013,edf43a9a19e4a3f3bf1eec668bd00cf6,edf43a9a19e4a3f3bf1eec668bd00cf6,,True,sat,False,False,False,,"{""0"": ""fixed"", ""1"": ""fixed"", ""10"": ""fixed"", ""11"": ""fixed"", ""12"": ""fixed"", ""13"": ""fixed"", ""14"": ""fixed"", ""15"": ""fixed"", ""2"": ""fixed"", ""3"": ""fixed"", ""4"": ""fixed"", ""5"": ""fixed"", ""6"": ""fixed"", ""7"": ""fixed"", ""8"": ""fixed"", ""9"": ""fixed""}","{""0"": ""fixed"", ""1"": ""fixed"", ""2"": ""fixed"", ""3"": ""fixed""}","[0, 1, 2, 3, 4, 5, 6, 7, 8, 9, 10, 11, 12, 13, 14, 15]",[],[],False,full_key_unique,True,uf_axiom,
MC_15__MC_38,MC_15,MC_38,MC-MC,1,0,0,0,0,0,0,0,0,1,0,0,late_only,random_stratified_sample,MC_15__MC_38,0,96,2,differential,sat,unsat,0.012046188116073608,232.23860586434603,edf43a9a19e4a3f3bf1eec668bd00cf6,edf43a9a19e4a3f3bf1eec668bd00cf6,,True,sat,False,False,False,,"{""0"": ""fixed"", ""1"": ""fixed"", ""10"": ""fixed"", ""11"": ""fixed"", ""12"": ""fixed"", ""13"": ""fixed"", ""14"": ""fixed"", ""15"": ""fixed"", ""2"": ""fixed"", ""3"": ""fixed"", ""4"": ""fixed"", ""5"": ""fixed"", ""6"": ""fixed"", ""7"": ""fixed"", ""8"": ""fixed"", ""9"": ""fixed""}","{""0"": ""fixed"", ""1"": ""fixed"", ""2"": ""fixed"", ""3"": ""fixed""}","[0, 1, 2, 3, 4, 5, 6, 7, 8, 9, 10, 11, 12, 13, 14, 15]",[],[],False,full_key_unique,True,uf_axiom,
MC_62__MC_82,MC_62,MC_82,MC-MC,1,0,0,0,0,0,0,0,0,0,1,0,late_only,random_stratified_sample,MC_62__MC_82,1,96,2,differential,sat,unsat,0.012353025376796722,114.73269593529403,99107579bc3c2c3b0d7a8a6fd1573606,99107579bc3c2c3b0d7a8a6fd1573606,,True,sat,False,False,False,,"{""0"": ""fixed"", ""1"": ""fixed"", ""10"": ""fixed"", ""11"": ""fixed"", ""12"": ""fixed"", ""13"": ""fixed"", ""14"": ""fixed"", ""15"": ""fixed"", ""2"": ""fixed"", ""3"": ""fixed"", ""4"": ""fixed"", ""5"": ""fixed"", ""6"": ""fixed"", ""7"": ""fixed"", ""8"": ""fixed"", ""9"": ""fixed""}","{""0"": ""fixed"", ""1"": ""fixed"", ""2"": ""fixed"", ""3"": ""fixed""}","[0, 1, 2, 3, 4, 5, 6, 7, 8, 9, 10, 11, 12, 13, 14, 15]",[],[],False,full_key_unique,True,uf_axiom,
MC_67__MC_91,MC_67,MC_91,MC-MC,1,0,0,1,1,0,1,0,0,0,0,0,weak_same_column,random_stratified_sample,MC_67__MC_91,1,128,2,differential,sat,unsat,0.0102572962641716,98.75352151505649,99107579bc3c2c3b0d7a8a6fd1573606,99107579bc3c2c3b0d7a8a6fd1573606,,True,sat,False,False,False,,"{""0"": ""fixed"", ""1"": ""fixed"", ""10"": ""fixed"", ""11"": ""fixed"", ""12"": ""fixed"", ""13"": ""fixed"", ""14"": ""fixed"", ""15"": ""fixed"", ""2"": ""fixed"", ""3"": ""fixed"", ""4"": ""fixed"", ""5"": ""fixed"", ""6"": ""fixed"", ""7"": ""fixed"", ""8"": ""fixed"", ""9"": ""fixed""}","{""0"": ""fixed"", ""1"": ""fixed"", ""2"": ""fixed"", ""3"": ""fixed""}","[0, 1, 2, 3, 4, 5, 6, 7, 8, 9, 10, 11, 12, 13, 14, 15]",[],[],False,full_key_unique,True,uf_axiom,
MC_66__MC_71,MC_66,MC_71,MC-MC,1,1,1,1,0,0,0,0,0,0,0,0,late_only,random_stratified_sample,MC_66__MC_71,1,96,2,differential,sat,unsat,0.004761071875691414,99.36784572526813,99107579bc3c2c3b0d7a8a6fd1573606,99107579bc3c2c3b0d7a8a6fd1573606,,True,sat,False,False,False,,"{""0"": ""fixed"", ""1"": ""fixed"", ""10"": ""fixed"", ""11"": ""fixed"", ""12"": ""fixed"", ""13"": ""fixed"", ""14"": ""fixed"", ""15"": ""fixed"", ""2"": ""fixed"", ""3"": ""fixed"", ""4"": ""fixed"", ""5"": ""fixed"", ""6"": ""fixed"", ""7"": ""fixed"", ""8"": ""fixed"", ""9"": ""fixed""}","{""0"": ""fixed"", ""1"": ""fixed"", ""2"": ""fixed"", ""3"": ""fixed""}","[0, 1, 2, 3, 4, 5, 6, 7, 8, 9, 10, 11, 12, 13, 14, 15]",[],[],False,full_key_unique,True,uf_axiom,
SR_58__MC_19,SR_58,MC_19,SR-MC,0,0,0,0,0,0,0,0,0,1,0,0,early_late_mixed,random_stratified_sample,SR_58__MC_19,1,192,2,differential,sat,unsat,0.019180428236722946,249.51127250306308,99107579bc3c2c3b0d7a8a6fd1573606,99107579bc3c2c3b0d7a8a6fd1573606,,True,sat,False,False,False,,"{""0"": ""fixed"", ""1"": ""fixed"", ""10"": ""fixed"", ""11"": ""fixed"", ""12"": ""fixed"", ""13"": ""fixed"", ""14"": ""fixed"", ""15"": ""fixed"", ""2"": ""fixed"", ""3"": ""fixed"", ""4"": ""fixed"", ""5"": ""fixed"", ""6"": ""fixed"", ""7"": ""fixed"", ""8"": ""fixed"", ""9"": ""fixed""}","{""0"": ""fixed"", ""1"": ""fixed"", ""2"": ""fixed"", ""3"": ""fixed""}","[0, 1, 2, 3, 4, 5, 6, 7, 8, 9, 10, 11, 12, 13, 14, 15]",[],[],False,full_key_unique,True,uf_axiom,
SR_37__MC_13,SR_37,MC_13,SR-MC,0,0,0,0,1,0,0,0,0,0,1,0,early_late_mixed,random_stratified_sample,SR_37__MC_13,0,255,2,differential,sat,unsat,0.013306057080626488,311.2131980098784,edf43a9a19e4a3f3bf1eec668bd00cf6,edf43a9a19e4a3f3bf1eec668bd00cf6,,True,sat,False,False,False,,"{""0"": ""fixed"", ""1"": ""fixed"", ""10"": ""fixed"", ""11"": ""fixed"", ""12"": ""fixed"", ""13"": ""fixed"", ""14"": ""fixed"", ""15"": ""fixed"", ""2"": ""fixed"", ""3"": ""fixed"", ""4"": ""fixed"", ""5"": ""fixed"", ""6"": ""fixed"", ""7"": ""fixed"", ""8"": ""fixed"", ""9"": ""fixed""}","{""0"": ""fixed"", ""1"": ""fixed"", ""2"": ""fixed"", ""3"": ""fixed""}","[0, 1, 2, 3, 4, 5, 6, 7, 8, 9, 10, 11, 12, 13, 14, 15]",[],[],False,full_key_unique,True,uf_axiom,
MC_73__MC_82,MC_73,MC_82,MC-MC,1,0,0,1,0,0,0,1,0,0,0,0,weak_same_column,random_stratified_sample,MC_73__MC_82,0,128,2,differential,sat,unsat,0.00763549841940403,68.43681771494448,edf43a9a19e4a3f3bf1eec668bd00cf6,edf43a9a19e4a3f3bf1eec668bd00cf6,,True,sat,False,False,False,,"{""0"": ""fixed"", ""1"": ""fixed"", ""10"": ""fixed"", ""11"": ""fixed"", ""12"": ""fixed"", ""13"": ""fixed"", ""14"": ""fixed"", ""15"": ""fixed"", ""2"": ""fixed"", ""3"": ""fixed"", ""4"": ""fixed"", ""5"": ""fixed"", ""6"": ""fixed"", ""7"": ""fixed"", ""8"": ""fixed"", ""9"": ""fixed""}","{""0"": ""fixed"", ""1"": ""fixed"", ""2"": ""fixed"", ""3"": ""fixed""}","[0, 1, 2, 3, 4, 5, 6, 7, 8, 9, 10, 11, 12, 13, 14, 15]",[],[],False,full_key_unique,True,uf_axiom,
MC_54__MC_80,MC_54,MC_80,MC-MC,1,0,1,0,0,0,0,0,1,0,0,0,late_only,random_stratified_sample,MC_54__MC_80,0,96,2,differential,sat,unsat,0.012193616479635239,105.53129637241364,edf43a9a19e4a3f3bf1eec668bd00cf6,edf43a9a19e4a3f3bf1eec668bd00cf6,,True,sat,False,False,False,,"{""0"": ""fixed"", ""1"": ""fixed"", ""10"": ""fixed"", ""11"": ""fixed"", ""12"": ""fixed"", ""13"": ""fixed"", ""14"": ""fixed"", ""15"": ""fixed"", ""2"": ""fixed"", ""3"": ""fixed"", ""4"": ""fixed"", ""5"": ""fixed"", ""6"": ""fixed"", ""7"": ""fixed"", ""8"": ""fixed"", ""9"": ""fixed""}","{""0"": ""fixed"", ""1"": ""fixed"", ""2"": ""fixed"", ""3"": ""fixed""}","[0, 1, 2, 3, 4, 5, 6, 7, 8, 9, 10, 11, 12, 13, 14, 15]",[],[],False,full_key_unique,True,uf_axiom,
MC_54__MC_80,MC_54,MC_80,MC-MC,1,0,1,0,0,0,0,0,1,0,0,0,late_only,random_stratified_sample,MC_54__MC_80,1,96,2,differential,sat,unsat,0.010552966967225075,117.12810576893389,99107579bc3c2c3b0d7a8a6fd1573606,99107579bc3c2c3b0d7a8a6fd1573606,,True,sat,False,False,False,,"{""0"": ""fixed"", ""1"": ""fixed"", ""10"": ""fixed"", ""11"": ""fixed"", ""12"": ""fixed"", ""13"": ""fixed"", ""14"": ""fixed"", ""15"": ""fixed"", ""2"": ""fixed"", ""3"": ""fixed"", ""4"": ""fixed"", ""5"": ""fixed"", ""6"": ""fixed"", ""7"": ""fixed"", ""8"": ""fixed"", ""9"": ""fixed""}","{""0"": ""fixed"", ""1"": ""fixed"", ""2"": ""fixed"", ""3"": ""fixed""}","[0, 1, 2, 3, 4, 5, 6, 7, 8, 9, 10, 11, 12, 13, 14, 15]",[],[],False,full_key_unique,True,uf_axiom,
SR_81__MC_64,SR_81,MC_64,SR-MC,0,0,0,1,0,0,0,0,0,0,0,0,early_late_mixed,random_stratified_sample,SR_81__MC_64,2,192,2,differential,sat,unsat,0.008458787575364113,384.06220087595284,a66f651322597191ab9f8f8af4c2db61,a66f651322597191ab9f8f8af4c2db61,,True,sat,False,False,False,,"{""0"": ""fixed"", ""1"": ""fixed"", ""10"": ""fixed"", ""11"": ""fixed"", ""12"": ""fixed"", ""13"": ""fixed"", ""14"": ""fixed"", ""15"": ""fixed"", ""2"": ""fixed"", ""3"": ""fixed"", ""4"": ""fixed"", ""5"": ""fixed"", ""6"": ""fixed"", ""7"": ""fixed"", ""8"": ""fixed"", ""9"": ""fixed""}","{""0"": ""fixed"", ""1"": ""fixed"", ""2"": ""fixed"", ""3"": ""fixed""}","[0, 1, 2, 3, 4, 5, 6, 7, 8, 9, 10, 11, 12, 13, 14, 15]",[],[],False,full_key_unique,True,uf_axiom,
SR_81__MC_64,SR_81,MC_64,SR-MC,0,0,0,1,0,0,0,0,0,0,0,0,early_late_mixed,random_stratified_sample,SR_81__MC_64,1,192,2,differential,sat,unsat,0.014564009383320808,224.09470819681883,99107579bc3c2c3b0d7a8a6fd1573606,99107579bc3c2c3b0d7a8a6fd1573606,,True,sat,False,False,False,,"{""0"": ""fixed"", ""1"": ""fixed"", ""10"": ""fixed"", ""11"": ""fixed"", ""12"": ""fixed"", ""13"": ""fixed"", ""14"": ""fixed"", ""15"": ""fixed"", ""2"": ""fixed"", ""3"": ""fixed"", ""4"": ""fixed"", ""5"": ""fixed"", ""6"": ""fixed"", ""7"": ""fixed"", ""8"": ""fixed"", ""9"": ""fixed""}","{""0"": ""fixed"", ""1"": ""fixed"", ""2"": ""fixed"", ""3"": ""fixed""}","[0, 1, 2, 3, 4, 5, 6, 7, 8, 9, 10, 11, 12, 13, 14, 15]",[],[],False,full_key_unique,True,uf_axiom,
SR_48__MC_96,SR_48,MC_96,SR-MC,0,0,0,0,1,0,0,0,0,0,1,0,early_late_mixed,random_stratified_sample,SR_48__MC_96,1,192,2,differential,sat,unsat,0.010322730988264084,469.584420921281,99107579bc3c2c3b0d7a8a6fd1573606,99107579bc3c2c3b0d7a8a6fd1573606,,True,sat,False,False,False,,"{""0"": ""fixed"", ""1"": ""fixed"", ""10"": ""fixed"", ""11"": ""fixed"", ""12"": ""fixed"", ""13"": ""fixed"", ""14"": ""fixed"", ""15"": ""fixed"", ""2"": ""fixed"", ""3"": ""fixed"", ""4"": ""fixed"", ""5"": ""fixed"", ""6"": ""fixed"", ""7"": ""fixed"", ""8"": ""fixed"", ""9"": ""fixed""}","{""0"": ""fixed"", ""1"": ""fixed"", ""2"": ""fixed"", ""3"": ""fixed""}","[0, 1, 2, 3, 4, 5, 6, 7, 8, 9, 10, 11, 12, 13, 14, 15]",[],[],False,full_key_unique,True,uf_axiom,
MC_12__MC_30,MC_12,MC_30,MC-MC,1,0,0,1,0,0,0,1,0,0,0,0,weak_same_column,random_stratified_sample,MC_12__MC_30,2,96,2,differential,sat,unsat,0.0047330912202596664,218.74429492279887,a66f651322597191ab9f8f8af4c2db61,a66f651322597191ab9f8f8af4c2db61,,True,sat,False,False,False,,"{""0"": ""fixed"", ""1"": ""fixed"", ""10"": ""fixed"", ""11"": ""fixed"", ""12"": ""fixed"", ""13"": ""fixed"", ""14"": ""fixed"", ""15"": ""fixed"", ""2"": ""fixed"", ""3"": ""fixed"", ""4"": ""fixed"", ""5"": ""fixed"", ""6"": ""fixed"", ""7"": ""fixed"", ""8"": ""fixed"", ""9"": ""fixed""}","{""0"": ""fixed"", ""1"": ""fixed"", ""2"": ""fixed"", ""3"": ""fixed""}","[0, 1, 2, 3, 4, 5, 6, 7, 8, 9, 10, 11, 12, 13, 14, 15]",[],[],False,full_key_unique,True,uf_axiom,
MC_115__MC_123,MC_115,MC_123,MC-MC,1,0,0,1,1,0,1,0,0,0,0,0,weak_same_column,random_stratified_sample,MC_115__MC_123,0,128,2,differential,sat,unsat,0.012872017920017242,151.11793837323785,edf43a9a19e4a3f3bf1eec668bd00cf6,edf43a9a19e4a3f3bf1eec668bd00cf6,,True,sat,False,False,False,,"{""0"": ""fixed"", ""1"": ""fixed"", ""10"": ""fixed"", ""11"": ""fixed"", ""12"": ""fixed"", ""13"": ""fixed"", ""14"": ""fixed"", ""15"": ""fixed"", ""2"": ""fixed"", ""3"": ""fixed"", ""4"": ""fixed"", ""5"": ""fixed"", ""6"": ""fixed"", ""7"": ""fixed"", ""8"": ""fixed"", ""9"": ""fixed""}","{""0"": ""fixed"", ""1"": ""fixed"", ""2"": ""fixed"", ""3"": ""fixed""}","[0, 1, 2, 3, 4, 5, 6, 7, 8, 9, 10, 11, 12, 13, 14, 15]",[],[],False,full_key_unique,True,uf_axiom,
MC_36__MC_40,MC_36,MC_40,MC-MC,1,0,0,1,0,0,0,0,0,0,0,0,late_only,random_stratified_sample,MC_36__MC_40,0,96,2,differential,sat,unsat,0.005371430888772011,219.38764216937125,edf43a9a19e4a3f3bf1eec668bd00cf6,edf43a9a19e4a3f3bf1eec668bd00cf6,,True,sat,False,False,False,,"{""0"": ""fixed"", ""1"": ""fixed"", ""10"": ""fixed"", ""11"": ""fixed"", ""12"": ""fixed"", ""13"": ""fixed"", ""14"": ""fixed"", ""15"": ""fixed"", ""2"": ""fixed"", ""3"": ""fixed"", ""4"": ""fixed"", ""5"": ""fixed"", ""6"": ""fixed"", ""7"": ""fixed"", ""8"": ""fixed"", ""9"": ""fixed""}","{""0"": ""fixed"", ""1"": ""fixed"", ""2"": ""fixed"", ""3"": ""fixed""}","[0, 1, 2, 3, 4, 5, 6, 7, 8, 9, 10, 11, 12, 13, 14, 15]",[],[],False,full_key_unique,True,uf_axiom,
MC_12__MC_30,MC_12,MC_30,MC-MC,1,0,0,1,0,0,0,1,0,0,0,0,weak_same_column,random_stratified_sample,MC_12__MC_30,1,96,2,differential,sat,unsat,0.00809972919523716,224.57714414782822,99107579bc3c2c3b0d7a8a6fd1573606,99107579bc3c2c3b0d7a8a6fd1573606,,True,sat,False,False,False,,"{""0"": ""fixed"", ""1"": ""fixed"", ""10"": ""fixed"", ""11"": ""fixed"", ""12"": ""fixed"", ""13"": ""fixed"", ""14"": ""fixed"", ""15"": ""fixed"", ""2"": ""fixed"", ""3"": ""fixed"", ""4"": ""fixed"", ""5"": ""fixed"", ""6"": ""fixed"", ""7"": ""fixed"", ""8"": ""fixed"", ""9"": ""fixed""}","{""0"": ""fixed"", ""1"": ""fixed"", ""2"": ""fixed"", ""3"": ""fixed""}","[0, 1, 2, 3, 4, 5, 6, 7, 8, 9, 10, 11, 12, 13, 14, 15]",[],[],False,full_key_unique,True,uf_axiom,
MC_66__MC_71,MC_66,MC_71,MC-MC,1,1,1,1,0,0,0,0,0,0,0,0,late_only,random_stratified_sample,MC_66__MC_71,0,128,2,differential,sat,unsat,0.00569002702832222,66.13585971854627,edf43a9a19e4a3f3bf1eec668bd00cf6,edf43a9a19e4a3f3bf1eec668bd00cf6,,True,sat,False,False,False,,"{""0"": ""fixed"", ""1"": ""fixed"", ""10"": ""fixed"", ""11"": ""fixed"", ""12"": ""fixed"", ""13"": ""fixed"", ""14"": ""fixed"", ""15"": ""fixed"", ""2"": ""fixed"", ""3"": ""fixed"", ""4"": ""fixed"", ""5"": ""fixed"", ""6"": ""fixed"", ""7"": ""fixed"", ""8"": ""fixed"", ""9"": ""fixed""}","{""0"": ""fixed"", ""1"": ""fixed"", ""2"": ""fixed"", ""3"": ""fixed""}","[0, 1, 2, 3, 4, 5, 6, 7, 8, 9, 10, 11, 12, 13, 14, 15]",[],[],False,full_key_unique,True,uf_axiom,
MC_115__MC_123,MC_115,MC_123,MC-MC,1,0,0,1,1,0,1,0,0,0,0,0,weak_same_column,random_stratified_sample,MC_115__MC_123,1,128,2,differential,sat,unsat,0.011902179569005966,201.0602715741843,99107579bc3c2c3b0d7a8a6fd1573606,99107579bc3c2c3b0d7a8a6fd1573606,,True,sat,False,False,False,,"{""0"": ""fixed"", ""1"": ""fixed"", ""10"": ""fixed"", ""11"": ""fixed"", ""12"": ""fixed"", ""13"": ""fixed"", ""14"": ""fixed"", ""15"": ""fixed"", ""2"": ""fixed"", ""3"": ""fixed"", ""4"": ""fixed"", ""5"": ""fixed"", ""6"": ""fixed"", ""7"": ""fixed"", ""8"": ""fixed"", ""9"": ""fixed""}","{""0"": ""fixed"", ""1"": ""fixed"", ""2"": ""fixed"", ""3"": ""fixed""}","[0, 1, 2, 3, 4, 5, 6, 7, 8, 9, 10, 11, 12, 13, 14, 15]",[],[],False,full_key_unique,True,uf_axiom,
SR_99__MC_5,SR_99,MC_5,SR-MC,0,0,1,0,0,0,0,0,1,0,0,0,early_late_mixed,random_stratified_sample,SR_99__MC_5,0,255,2,differential,sat,unsat,0.015251539647579193,511.31076798029244,edf43a9a19e4a3f3bf1eec668bd00cf6,edf43a9a19e4a3f3bf1eec668bd00cf6,,True,sat,False,False,False,,"{""0"": ""fixed"", ""1"": ""fixed"", ""10"": ""fixed"", ""11"": ""fixed"", ""12"": ""fixed"", ""13"": ""fixed"", ""14"": ""fixed"", ""15"": ""fixed"", ""2"": ""fixed"", ""3"": ""fixed"", ""4"": ""fixed"", ""5"": ""fixed"", ""6"": ""fixed"", ""7"": ""fixed"", ""8"": ""fixed"", ""9"": ""fixed""}","{""0"": ""fixed"", ""1"": ""fixed"", ""2"": ""fixed"", ""3"": ""fixed""}","[0, 1, 2, 3, 4, 5, 6, 7, 8, 9, 10, 11, 12, 13, 14, 15]",[],[],False,full_key_unique,True,uf_axiom,
MC_82__MC_88,MC_82,MC_88,MC-MC,1,0,0,1,0,0,0,0,0,0,0,0,late_only,random_stratified_sample,MC_82__MC_88,2,96,2,differential,sat,unsat,0.007506942376494408,96.89454612322152,a66f651322597191ab9f8f8af4c2db61,a66f651322597191ab9f8f8af4c2db61,,True,sat,False,False,False,,"{""0"": ""fixed"", ""1"": ""fixed"", ""10"": ""fixed"", ""11"": ""fixed"", ""12"": ""fixed"", ""13"": ""fixed"", ""14"": ""fixed"", ""15"": ""fixed"", ""2"": ""fixed"", ""3"": ""fixed"", ""4"": ""fixed"", ""5"": ""fixed"", ""6"": ""fixed"", ""7"": ""fixed"", ""8"": ""fixed"", ""9"": ""fixed""}","{""0"": ""fixed"", ""1"": ""fixed"", ""2"": ""fixed"", ""3"": ""fixed""}","[0, 1, 2, 3, 4, 5, 6, 7, 8, 9, 10, 11, 12, 13, 14, 15]",[],[],False,full_key_unique,True,uf_axiom,
MC_67__MC_91,MC_67,MC_91,MC-MC,1,0,0,1,1,0,1,0,0,0,0,0,weak_same_column,random_stratified_sample,MC_67__MC_91,0,128,2,differential,sat,unsat,0.007076438516378403,179.81646222993731,edf43a9a19e4a3f3bf1eec668bd00cf6,edf43a9a19e4a3f3bf1eec668bd00cf6,,True,sat,False,False,False,,"{""0"": ""fixed"", ""1"": ""fixed"", ""10"": ""fixed"", ""11"": ""fixed"", ""12"": ""fixed"", ""13"": ""fixed"", ""14"": ""fixed"", ""15"": ""fixed"", ""2"": ""fixed"", ""3"": ""fixed"", ""4"": ""fixed"", ""5"": ""fixed"", ""6"": ""fixed"", ""7"": ""fixed"", ""8"": ""fixed"", ""9"": ""fixed""}","{""0"": ""fixed"", ""1"": ""fixed"", ""2"": ""fixed"", ""3"": ""fixed""}","[0, 1, 2, 3, 4, 5, 6, 7, 8, 9, 10, 11, 12, 13, 14, 15]",[],[],False,full_key_unique,True,uf_axiom,
MC_22__MC_31,MC_22,MC_31,MC-MC,1,0,0,1,0,0,0,1,0,0,0,0,weak_same_column,random_stratified_sample,MC_22__MC_31,2,96,2,differential,sat,unsat,0.008468100801110268,171.52849062345922,a66f651322597191ab9f8f8af4c2db61,a66f651322597191ab9f8f8af4c2db61,,True,sat,False,False,False,,"{""0"": ""fixed"", ""1"": ""fixed"", ""10"": ""fixed"", ""11"": ""fixed"", ""12"": ""fixed"", ""13"": ""fixed"", ""14"": ""fixed"", ""15"": ""fixed"", ""2"": ""fixed"", ""3"": ""fixed"", ""4"": ""fixed"", ""5"": ""fixed"", ""6"": ""fixed"", ""7"": ""fixed"", ""8"": ""fixed"", ""9"": ""fixed""}","{""0"": ""fixed"", ""1"": ""fixed"", ""2"": ""fixed"", ""3"": ""fixed""}","[0, 1, 2, 3, 4, 5, 6, 7, 8, 9, 10, 11, 12, 13, 14, 15]",[],[],False,full_key_unique,True,uf_axiom,
MC_82__MC_88,MC_82,MC_88,MC-MC,1,0,0,1,0,0,0,0,0,0,0,0,late_only,random_stratified_sample,MC_82__MC_88,1,96,2,differential,sat,unsat,0.004547463729977608,92.1744270324707,99107579bc3c2c3b0d7a8a6fd1573606,99107579bc3c2c3b0d7a8a6fd1573606,,True,sat,False,False,False,,"{""0"": ""fixed"", ""1"": ""fixed"", ""10"": ""fixed"", ""11"": ""fixed"", ""12"": ""fixed"", ""13"": ""fixed"", ""14"": ""fixed"", ""15"": ""fixed"", ""2"": ""fixed"", ""3"": ""fixed"", ""4"": ""fixed"", ""5"": ""fixed"", ""6"": ""fixed"", ""7"": ""fixed"", ""8"": ""fixed"", ""9"": ""fixed""}","{""0"": ""fixed"", ""1"": ""fixed"", ""2"": ""fixed"", ""3"": ""fixed""}","[0, 1, 2, 3, 4, 5, 6, 7, 8, 9, 10, 11, 12, 13, 14, 15]",[],[],False,full_key_unique,True,uf_axiom,
MC_15__MC_38,MC_15,MC_38,MC-MC,1,0,0,0,0,0,0,0,0,1,0,0,late_only,random_stratified_sample,MC_15__MC_38,1,128,2,differential,sat,unsat,0.011905455961823463,150.89556735754013,99107579bc3c2c3b0d7a8a6fd1573606,99107579bc3c2c3b0d7a8a6fd1573606,,True,sat,False,False,False,,"{""0"": ""fixed"", ""1"": ""fixed"", ""10"": ""fixed"", ""11"": ""fixed"", ""12"": ""fixed"", ""13"": ""fixed"", ""14"": ""fixed"", ""15"": ""fixed"", ""2"": ""fixed"", ""3"": ""fixed"", ""4"": ""fixed"", ""5"": ""fixed"", ""6"": ""fixed"", ""7"": ""fixed"", ""8"": ""fixed"", ""9"": ""fixed""}","{""0"": ""fixed"", ""1"": ""fixed"", ""2"": ""fixed"", ""3"": ""fixed""}","[0, 1, 2, 3, 4, 5, 6, 7, 8, 9, 10, 11, 12, 13, 14, 15]",[],[],False,full_key_unique,True,uf_axiom,
MC_102__MC_111,MC_102,MC_111,MC-MC,1,0,0,1,0,0,0,1,0,0,0,0,weak_same_column,random_stratified_sample,MC_102__MC_111,2,64,2,differential,sat,unsat,0.004824483767151833,190.0420866534114,a66f651322597191ab9f8f8af4c2db61,a66f651322597191ab9f8f8af4c2db61,,True,sat,False,False,False,,"{""0"": ""fixed"", ""1"": ""fixed"", ""10"": ""fixed"", ""11"": ""fixed"", ""12"": ""fixed"", ""13"": ""fixed"", ""14"": ""fixed"", ""15"": ""fixed"", ""2"": ""fixed"", ""3"": ""fixed"", ""4"": ""fixed"", ""5"": ""fixed"", ""6"": ""fixed"", ""7"": ""fixed"", ""8"": ""fixed"", ""9"": ""fixed""}","{""0"": ""fixed"", ""1"": ""fixed"", ""2"": ""fixed"", ""3"": ""fixed""}","[0, 1, 2, 3, 4, 5, 6, 7, 8, 9, 10, 11, 12, 13, 14, 15]",[],[],False,full_key_unique,True,uf_axiom,
MC_82__MC_91,MC_82,MC_91,MC-MC,1,0,0,1,0,0,0,1,0,0,0,0,weak_same_column,random_stratified_sample,MC_82__MC_91,2,96,2,differential,sat,unsat,0.0052312035113573074,220.05581122636795,a66f651322597191ab9f8f8af4c2db61,a66f651322597191ab9f8f8af4c2db61,,True,sat,False,False,False,,"{""0"": ""fixed"", ""1"": ""fixed"", ""10"": ""fixed"", ""11"": ""fixed"", ""12"": ""fixed"", ""13"": ""fixed"", ""14"": ""fixed"", ""15"": ""fixed"", ""2"": ""fixed"", ""3"": ""fixed"", ""4"": ""fixed"", ""5"": ""fixed"", ""6"": ""fixed"", ""7"": ""fixed"", ""8"": ""fixed"", ""9"": ""fixed""}","{""0"": ""fixed"", ""1"": ""fixed"", ""2"": ""fixed"", ""3"": ""fixed""}","[0, 1, 2, 3, 4, 5, 6, 7, 8, 9, 10, 11, 12, 13, 14, 15]",[],[],False,full_key_unique,True,uf_axiom,
SR_46__MC_103,SR_46,MC_103,SR-MC,0,0,0,0,0,0,0,0,0,0,1,0,early_late_mixed,random_stratified_sample,SR_46__MC_103,2,192,2,differential,sat,unsat,0.013571787625551224,210.67927189543843,a66f651322597191ab9f8f8af4c2db61,a66f651322597191ab9f8f8af4c2db61,,True,sat,False,False,False,,"{""0"": ""fixed"", ""1"": ""fixed"", ""10"": ""fixed"", ""11"": ""fixed"", ""12"": ""fixed"", ""13"": ""fixed"", ""14"": ""fixed"", ""15"": ""fixed"", ""2"": ""fixed"", ""3"": ""fixed"", ""4"": ""fixed"", ""5"": ""fixed"", ""6"": ""fixed"", ""7"": ""fixed"", ""8"": ""fixed"", ""9"": ""fixed""}","{""0"": ""fixed"", ""1"": ""fixed"", ""2"": ""fixed"", ""3"": ""fixed""}","[0, 1, 2, 3, 4, 5, 6, 7, 8, 9, 10, 11, 12, 13, 14, 15]",[],[],False,full_key_unique,True,uf_axiom,
MC_82__MC_91,MC_82,MC_91,MC-MC,1,0,0,1,0,0,0,1,0,0,0,0,weak_same_column,random_stratified_sample,MC_82__MC_91,1,96,2,differential,sat,unsat,0.004468752071261406,209.82336668670177,99107579bc3c2c3b0d7a8a6fd1573606,99107579bc3c2c3b0d7a8a6fd1573606,,True,sat,False,False,False,,"{""0"": ""fixed"", ""1"": ""fixed"", ""10"": ""fixed"", ""11"": ""fixed"", ""12"": ""fixed"", ""13"": ""fixed"", ""14"": ""fixed"", ""15"": ""fixed"", ""2"": ""fixed"", ""3"": ""fixed"", ""4"": ""fixed"", ""5"": ""fixed"", ""6"": ""fixed"", ""7"": ""fixed"", ""8"": ""fixed"", ""9"": ""fixed""}","{""0"": ""fixed"", ""1"": ""fixed"", ""2"": ""fixed"", ""3"": ""fixed""}","[0, 1, 2, 3, 4, 5, 6, 7, 8, 9, 10, 11, 12, 13, 14, 15]",[],[],False,full_key_unique,True,uf_axiom,
MC_12__MC_30,MC_12,MC_30,MC-MC,1,0,0,1,0,0,0,1,0,0,0,0,weak_same_column,random_stratified_sample,MC_12__MC_30,0,128,2,differential,sat,unsat,0.006143052130937576,233.25216910801828,edf43a9a19e4a3f3bf1eec668bd00cf6,edf43a9a19e4a3f3bf1eec668bd00cf6,,True,sat,False,False,False,,"{""0"": ""fixed"", ""1"": ""fixed"", ""10"": ""fixed"", ""11"": ""fixed"", ""12"": ""fixed"", ""13"": ""fixed"", ""14"": ""fixed"", ""15"": ""fixed"", ""2"": ""fixed"", ""3"": ""fixed"", ""4"": ""fixed"", ""5"": ""fixed"", ""6"": ""fixed"", ""7"": ""fixed"", ""8"": ""fixed"", ""9"": ""fixed""}","{""0"": ""fixed"", ""1"": ""fixed"", ""2"": ""fixed"", ""3"": ""fixed""}","[0, 1, 2, 3, 4, 5, 6, 7, 8, 9, 10, 11, 12, 13, 14, 15]",[],[],False,full_key_unique,True,uf_axiom,
MC_22__MC_31,MC_22,MC_31,MC-MC,1,0,0,1,0,0,0,1,0,0,0,0,weak_same_column,random_stratified_sample,MC_22__MC_31,0,96,2,differential,sat,unsat,0.00762547180056572,234.3856557291001,edf43a9a19e4a3f3bf1eec668bd00cf6,edf43a9a19e4a3f3bf1eec668bd00cf6,,True,sat,False,False,False,,"{""0"": ""fixed"", ""1"": ""fixed"", ""10"": ""fixed"", ""11"": ""fixed"", ""12"": ""fixed"", ""13"": ""fixed"", ""14"": ""fixed"", ""15"": ""fixed"", ""2"": ""fixed"", ""3"": ""fixed"", ""4"": ""fixed"", ""5"": ""fixed"", ""6"": ""fixed"", ""7"": ""fixed"", ""8"": ""fixed"", ""9"": ""fixed""}","{""0"": ""fixed"", ""1"": ""fixed"", ""2"": ""fixed"", ""3"": ""fixed""}","[0, 1, 2, 3, 4, 5, 6, 7, 8, 9, 10, 11, 12, 13, 14, 15]",[],[],False,full_key_unique,True,uf_axiom,
MC_62__MC_82,MC_62,MC_82,MC-MC,1,0,0,0,0,0,0,0,0,0,1,0,late_only,random_stratified_sample,MC_62__MC_82,0,128,2,differential,sat,unsat,0.010104969143867493,138.97513344697654,edf43a9a19e4a3f3bf1eec668bd00cf6,edf43a9a19e4a3f3bf1eec668bd00cf6,,True,sat,False,False,False,,"{""0"": ""fixed"", ""1"": ""fixed"", ""10"": ""fixed"", ""11"": ""fixed"", ""12"": ""fixed"", ""13"": ""fixed"", ""14"": ""fixed"", ""15"": ""fixed"", ""2"": ""fixed"", ""3"": ""fixed"", ""4"": ""fixed"", ""5"": ""fixed"", ""6"": ""fixed"", ""7"": ""fixed"", ""8"": ""fixed"", ""9"": ""fixed""}","{""0"": ""fixed"", ""1"": ""fixed"", ""2"": ""fixed"", ""3"": ""fixed""}","[0, 1, 2, 3, 4, 5, 6, 7, 8, 9, 10, 11, 12, 13, 14, 15]",[],[],False,full_key_unique,True,uf_axiom,
SR_47__MC_65,SR_47,MC_65,SR-MC,0,0,0,0,0,0,0,0,0,0,1,0,early_late_mixed,random_stratified_sample,SR_47__MC_65,1,192,2,differential,sat,unsat,0.01366708055138588,248.68396499194205,99107579bc3c2c3b0d7a8a6fd1573606,99107579bc3c2c3b0d7a8a6fd1573606,,True,sat,False,False,False,,"{""0"": ""fixed"", ""1"": ""fixed"", ""10"": ""fixed"", ""11"": ""fixed"", ""12"": ""fixed"", ""13"": ""fixed"", ""14"": ""fixed"", ""15"": ""fixed"", ""2"": ""fixed"", ""3"": ""fixed"", ""4"": ""fixed"", ""5"": ""fixed"", ""6"": ""fixed"", ""7"": ""fixed"", ""8"": ""fixed"", ""9"": ""fixed""}","{""0"": ""fixed"", ""1"": ""fixed"", ""2"": ""fixed"", ""3"": ""fixed""}","[0, 1, 2, 3, 4, 5, 6, 7, 8, 9, 10, 11, 12, 13, 14, 15]",[],[],False,full_key_unique,True,uf_axiom,
SR_106__MC_119,SR_106,MC_119,SR-MC,0,0,0,1,0,0,0,0,0,0,0,0,early_late_mixed,random_stratified_sample,SR_106__MC_119,0,192,2,differential,sat,unsat,0.014946728944778442,523.9079675115645,edf43a9a19e4a3f3bf1eec668bd00cf6,edf43a9a19e4a3f3bf1eec668bd00cf6,,True,sat,False,False,False,,"{""0"": ""fixed"", ""1"": ""fixed"", ""10"": ""fixed"", ""11"": ""fixed"", ""12"": ""fixed"", ""13"": ""fixed"", ""14"": ""fixed"", ""15"": ""fixed"", ""2"": ""fixed"", ""3"": ""fixed"", ""4"": ""fixed"", ""5"": ""fixed"", ""6"": ""fixed"", ""7"": ""fixed"", ""8"": ""fixed"", ""9"": ""fixed""}","{""0"": ""fixed"", ""1"": ""fixed"", ""2"": ""fixed"", ""3"": ""fixed""}","[0, 1, 2, 3, 4, 5, 6, 7, 8, 9, 10, 11, 12, 13, 14, 15]",[],[],False,full_key_unique,True,uf_axiom,
MC_4__MC_25,MC_4,MC_25,MC-MC,1,0,0,1,0,0,0,1,0,0,0,0,weak_same_column,random_stratified_sample,MC_4__MC_25,0,64,2,differential,sat,unsat,0.0031818896532058716,173.0288231894374,edf43a9a19e4a3f3bf1eec668bd00cf6,edf43a9a19e4a3f3bf1eec668bd00cf6,,True,sat,False,False,False,,"{""0"": ""fixed"", ""1"": ""fixed"", ""10"": ""fixed"", ""11"": ""fixed"", ""12"": ""fixed"", ""13"": ""fixed"", ""14"": ""fixed"", ""15"": ""fixed"", ""2"": ""fixed"", ""3"": ""fixed"", ""4"": ""fixed"", ""5"": ""fixed"", ""6"": ""fixed"", ""7"": ""fixed"", ""8"": ""fixed"", ""9"": ""fixed""}","{""0"": ""fixed"", ""1"": ""fixed"", ""2"": ""fixed"", ""3"": ""fixed""}","[0, 1, 2, 3, 4, 5, 6, 7, 8, 9, 10, 11, 12, 13, 14, 15]",[],[],False,full_key_unique,True,uf_axiom,
SR_106__MC_119,SR_106,MC_119,SR-MC,0,0,0,1,0,0,0,0,0,0,0,0,early_late_mixed,random_stratified_sample,SR_106__MC_119,1,192,2,differential,sat,unsat,0.01624820940196514,451.27951538562775,99107579bc3c2c3b0d7a8a6fd1573606,99107579bc3c2c3b0d7a8a6fd1573606,,True,sat,False,False,False,,"{""0"": ""fixed"", ""1"": ""fixed"", ""10"": ""fixed"", ""11"": ""fixed"", ""12"": ""fixed"", ""13"": ""fixed"", ""14"": ""fixed"", ""15"": ""fixed"", ""2"": ""fixed"", ""3"": ""fixed"", ""4"": ""fixed"", ""5"": ""fixed"", ""6"": ""fixed"", ""7"": ""fixed"", ""8"": ""fixed"", ""9"": ""fixed""}","{""0"": ""fixed"", ""1"": ""fixed"", ""2"": ""fixed"", ""3"": ""fixed""}","[0, 1, 2, 3, 4, 5, 6, 7, 8, 9, 10, 11, 12, 13, 14, 15]",[],[],False,full_key_unique,True,uf_axiom,
MC_102__MC_111,MC_102,MC_111,MC-MC,1,0,0,1,0,0,0,1,0,0,0,0,weak_same_column,random_stratified_sample,MC_102__MC_111,1,96,2,differential,sat,unsat,0.004776006564497948,192.38648200035095,99107579bc3c2c3b0d7a8a6fd1573606,99107579bc3c2c3b0d7a8a6fd1573606,,True,sat,False,False,False,,"{""0"": ""fixed"", ""1"": ""fixed"", ""10"": ""fixed"", ""11"": ""fixed"", ""12"": ""fixed"", ""13"": ""fixed"", ""14"": ""fixed"", ""15"": ""fixed"", ""2"": ""fixed"", ""3"": ""fixed"", ""4"": ""fixed"", ""5"": ""fixed"", ""6"": ""fixed"", ""7"": ""fixed"", ""8"": ""fixed"", ""9"": ""fixed""}","{""0"": ""fixed"", ""1"": ""fixed"", ""2"": ""fixed"", ""3"": ""fixed""}","[0, 1, 2, 3, 4, 5, 6, 7, 8, 9, 10, 11, 12, 13, 14, 15]",[],[],False,full_key_unique,True,uf_axiom,
MC_24__MC_39,MC_24,MC_39,MC-MC,1,0,0,0,0,0,0,0,0,0,1,0,late_only,random_stratified_sample,MC_24__MC_39,0,96,2,differential,sat,unsat,0.0071026235818862915,284.9856764320284,edf43a9a19e4a3f3bf1eec668bd00cf6,edf43a9a19e4a3f3bf1eec668bd00cf6,,True,sat,False,False,False,,"{""0"": ""fixed"", ""1"": ""fixed"", ""10"": ""fixed"", ""11"": ""fixed"", ""12"": ""fixed"", ""13"": ""fixed"", ""14"": ""fixed"", ""15"": ""fixed"", ""2"": ""fixed"", ""3"": ""fixed"", ""4"": ""fixed"", ""5"": ""fixed"", ""6"": ""fixed"", ""7"": ""fixed"", ""8"": ""fixed"", ""9"": ""fixed""}","{""0"": ""fixed"", ""1"": ""fixed"", ""2"": ""fixed"", ""3"": ""fixed""}","[0, 1, 2, 3, 4, 5, 6, 7, 8, 9, 10, 11, 12, 13, 14, 15]",[],[],False,full_key_unique,True,uf_axiom,
MC_114__MC_122,MC_114,MC_122,MC-MC,1,0,0,1,1,0,1,0,0,0,0,0,weak_same_column,random_stratified_sample,MC_114__MC_122,1,128,2,differential,sat,sat,0.011410364881157875,79.11635703407228,99107579bc3c2c3b0d7a8a6fd1573606,99107579bc3c2c3b0d7a8a6fd1573606,99107579bcd92c3b0d7abb6fd1573606,True,sat,False,False,False,,"{""0"": ""unknown"", ""1"": ""unknown"", ""10"": ""free"", ""11"": ""unknown"", ""12"": ""unknown"", ""13"": ""unknown"", ""14"": ""unknown"", ""15"": ""unknown"", ""2"": ""unknown"", ""3"": ""unknown"", ""4"": ""unknown"", ""5"": ""free"", ""6"": ""unknown"", ""7"": ""unknown"", ""8"": ""unknown"", ""9"": ""unknown""}","{""0"": ""unknown"", ""1"": ""free"", ""2"": ""free"", ""3"": ""unknown""}",[],"[5, 10]","[0, 1, 2, 3, 4, 6, 7, 8, 9, 11, 12, 13, 14, 15]",False,ambiguity,False,uf_axiom,
MC_36__MC_40,MC_36,MC_40,MC-MC,1,0,0,1,0,0,0,0,0,0,0,0,late_only,random_stratified_sample,MC_36__MC_40,1,128,2,differential,sat,unsat,0.008641662076115608,161.93880070745945,99107579bc3c2c3b0d7a8a6fd1573606,99107579bc3c2c3b0d7a8a6fd1573606,,True,sat,False,False,False,,"{""0"": ""fixed"", ""1"": ""fixed"", ""10"": ""fixed"", ""11"": ""fixed"", ""12"": ""fixed"", ""13"": ""fixed"", ""14"": ""fixed"", ""15"": ""fixed"", ""2"": ""fixed"", ""3"": ""fixed"", ""4"": ""fixed"", ""5"": ""fixed"", ""6"": ""fixed"", ""7"": ""fixed"", ""8"": ""fixed"", ""9"": ""fixed""}","{""0"": ""fixed"", ""1"": ""fixed"", ""2"": ""fixed"", ""3"": ""fixed""}","[0, 1, 2, 3, 4, 5, 6, 7, 8, 9, 10, 11, 12, 13, 14, 15]",[],[],False,full_key_unique,True,uf_axiom,
SR_46__MC_103,SR_46,MC_103,SR-MC,0,0,0,0,0,0,0,0,0,0,1,0,early_late_mixed,random_stratified_sample,SR_46__MC_103,0,192,2,differential,sat,unsat,0.010974563658237457,421.8028330691159,edf43a9a19e4a3f3bf1eec668bd00cf6,edf43a9a19e4a3f3bf1eec668bd00cf6,,True,sat,False,False,False,,"{""0"": ""fixed"", ""1"": ""fixed"", ""10"": ""fixed"", ""11"": ""fixed"", ""12"": ""fixed"", ""13"": ""fixed"", ""14"": ""fixed"", ""15"": ""fixed"", ""2"": ""fixed"", ""3"": ""fixed"", ""4"": ""fixed"", ""5"": ""fixed"", ""6"": ""fixed"", ""7"": ""fixed"", ""8"": ""fixed"", ""9"": ""fixed""}","{""0"": ""fixed"", ""1"": ""fixed"", ""2"": ""fixed"", ""3"": ""fixed""}","[0, 1, 2, 3, 4, 5, 6, 7, 8, 9, 10, 11, 12, 13, 14, 15]",[],[],False,full_key_unique,True,uf_axiom,
MC_82__MC_91,MC_82,MC_91,MC-MC,1,0,0,1,0,0,0,1,0,0,0,0,weak_same_column,random_stratified_sample,MC_82__MC_91,0,128,2,differential,sat,unsat,0.006875818595290184,108.50678564980626,edf43a9a19e4a3f3bf1eec668bd00cf6,edf43a9a19e4a3f3bf1eec668bd00cf6,,True,sat,False,False,False,,"{""0"": ""fixed"", ""1"": ""fixed"", ""10"": ""fixed"", ""11"": ""fixed"", ""12"": ""fixed"", ""13"": ""fixed"", ""14"": ""fixed"", ""15"": ""fixed"", ""2"": ""fixed"", ""3"": ""fixed"", ""4"": ""fixed"", ""5"": ""fixed"", ""6"": ""fixed"", ""7"": ""fixed"", ""8"": ""fixed"", ""9"": ""fixed""}","{""0"": ""fixed"", ""1"": ""fixed"", ""2"": ""fixed"", ""3"": ""fixed""}","[0, 1, 2, 3, 4, 5, 6, 7, 8, 9, 10, 11, 12, 13, 14, 15]",[],[],False,full_key_unique,True,uf_axiom,
MC_114__MC_122,MC_114,MC_122,MC-MC,1,0,0,1,1,0,1,0,0,0,0,0,weak_same_column,random_stratified_sample,MC_114__MC_122,0,128,2,differential,sat,unsat,0.010217830538749695,199.64925134181976,edf43a9a19e4a3f3bf1eec668bd00cf6,edf43a9a19e4a3f3bf1eec668bd00cf6,,True,sat,False,False,False,,"{""0"": ""fixed"", ""1"": ""fixed"", ""10"": ""fixed"", ""11"": ""fixed"", ""12"": ""fixed"", ""13"": ""fixed"", ""14"": ""fixed"", ""15"": ""fixed"", ""2"": ""fixed"", ""3"": ""fixed"", ""4"": ""fixed"", ""5"": ""fixed"", ""6"": ""fixed"", ""7"": ""fixed"", ""8"": ""fixed"", ""9"": ""fixed""}","{""0"": ""fixed"", ""1"": ""fixed"", ""2"": ""fixed"", ""3"": ""fixed""}","[0, 1, 2, 3, 4, 5, 6, 7, 8, 9, 10, 11, 12, 13, 14, 15]",[],[],False,full_key_unique,True,uf_axiom,
SR_20__MC_112,SR_20,MC_112,SR-MC,0,0,1,0,0,0,0,0,1,0,0,0,early_late_mixed,random_stratified_sample,SR_20__MC_112,2,192,2,differential,sat,unsat,0.012387821450829506,330.05221279896796,a66f651322597191ab9f8f8af4c2db61,a66f651322597191ab9f8f8af4c2db61,,True,sat,False,False,False,,"{""0"": ""fixed"", ""1"": ""fixed"", ""10"": ""fixed"", ""11"": ""fixed"", ""12"": ""fixed"", ""13"": ""fixed"", ""14"": ""fixed"", ""15"": ""fixed"", ""2"": ""fixed"", ""3"": ""fixed"", ""4"": ""fixed"", ""5"": ""fixed"", ""6"": ""fixed"", ""7"": ""fixed"", ""8"": ""fixed"", ""9"": ""fixed""}","{""0"": ""fixed"", ""1"": ""fixed"", ""2"": ""fixed"", ""3"": ""fixed""}","[0, 1, 2, 3, 4, 5, 6, 7, 8, 9, 10, 11, 12, 13, 14, 15]",[],[],False,full_key_unique,True,uf_axiom,
MC_22__MC_31,MC_22,MC_31,MC-MC,1,0,0,1,0,0,0,1,0,0,0,0,weak_same_column,random_stratified_sample,MC_22__MC_31,1,96,2,differential,sat,unsat,0.004732111468911171,191.33675735071301,99107579bc3c2c3b0d7a8a6fd1573606,99107579bc3c2c3b0d7a8a6fd1573606,,True,sat,False,False,False,,"{""0"": ""fixed"", ""1"": ""fixed"", ""10"": ""fixed"", ""11"": ""fixed"", ""12"": ""fixed"", ""13"": ""fixed"", ""14"": ""fixed"", ""15"": ""fixed"", ""2"": ""fixed"", ""3"": ""fixed"", ""4"": ""fixed"", ""5"": ""fixed"", ""6"": ""fixed"", ""7"": ""fixed"", ""8"": ""fixed"", ""9"": ""fixed""}","{""0"": ""fixed"", ""1"": ""fixed"", ""2"": ""fixed"", ""3"": ""fixed""}","[0, 1, 2, 3, 4, 5, 6, 7, 8, 9, 10, 11, 12, 13, 14, 15]",[],[],False,full_key_unique,True,uf_axiom,
SR_106__MC_119,SR_106,MC_119,SR-MC,0,0,0,1,0,0,0,0,0,0,0,0,early_late_mixed,random_stratified_sample,SR_106__MC_119,2,192,2,differential,sat,unsat,0.011451764032244682,549.58095802553,a66f651322597191ab9f8f8af4c2db61,a66f651322597191ab9f8f8af4c2db61,,True,sat,False,False,False,,"{""0"": ""fixed"", ""1"": ""fixed"", ""10"": ""fixed"", ""11"": ""fixed"", ""12"": ""fixed"", ""13"": ""fixed"", ""14"": ""fixed"", ""15"": ""fixed"", ""2"": ""fixed"", ""3"": ""fixed"", ""4"": ""fixed"", ""5"": ""fixed"", ""6"": ""fixed"", ""7"": ""fixed"", ""8"": ""fixed"", ""9"": ""fixed""}","{""0"": ""fixed"", ""1"": ""fixed"", ""2"": ""fixed"", ""3"": ""fixed""}","[0, 1, 2, 3, 4, 5, 6, 7, 8, 9, 10, 11, 12, 13, 14, 15]",[],[],False,full_key_unique,True,uf_axiom,
MC_82__MC_88,MC_82,MC_88,MC-MC,1,0,0,1,0,0,0,0,0,0,0,0,late_only,random_stratified_sample,MC_82__MC_88,0,128,2,differential,sat,unsat,0.005734361708164215,61.56978200934827,edf43a9a19e4a3f3bf1eec668bd00cf6,edf43a9a19e4a3f3bf1eec668bd00cf6,,True,sat,False,False,False,,"{""0"": ""fixed"", ""1"": ""fixed"", ""10"": ""fixed"", ""11"": ""fixed"", ""12"": ""fixed"", ""13"": ""fixed"", ""14"": ""fixed"", ""15"": ""fixed"", ""2"": ""fixed"", ""3"": ""fixed"", ""4"": ""fixed"", ""5"": ""fixed"", ""6"": ""fixed"", ""7"": ""fixed"", ""8"": ""fixed"", ""9"": ""fixed""}","{""0"": ""fixed"", ""1"": ""fixed"", ""2"": ""fixed"", ""3"": ""fixed""}","[0, 1, 2, 3, 4, 5, 6, 7, 8, 9, 10, 11, 12, 13, 14, 15]",[],[],False,full_key_unique,True,uf_axiom,
MC_78__MC_87,MC_78,MC_87,MC-MC,1,0,0,1,0,0,0,1,0,0,0,0,weak_same_column,random_stratified_sample,MC_78__MC_87,2,96,2,differential,sat,unsat,0.004578948020935059,128.29977184720337,a66f651322597191ab9f8f8af4c2db61,a66f651322597191ab9f8f8af4c2db61,,True,sat,False,False,False,,"{""0"": ""fixed"", ""1"": ""fixed"", ""10"": ""fixed"", ""11"": ""fixed"", ""12"": ""fixed"", ""13"": ""fixed"", ""14"": ""fixed"", ""15"": ""fixed"", ""2"": ""fixed"", ""3"": ""fixed"", ""4"": ""fixed"", ""5"": ""fixed"", ""6"": ""fixed"", ""7"": ""fixed"", ""8"": ""fixed"", ""9"": ""fixed""}","{""0"": ""fixed"", ""1"": ""fixed"", ""2"": ""fixed"", ""3"": ""fixed""}","[0, 1, 2, 3, 4, 5, 6, 7, 8, 9, 10, 11, 12, 13, 14, 15]",[],[],False,full_key_unique,True,uf_axiom,
SR_47__MC_65,SR_47,MC_65,SR-MC,0,0,0,0,0,0,0,0,0,0,1,0,early_late_mixed,random_stratified_sample,SR_47__MC_65,0,192,2,differential,sat,unsat,0.018203020095825195,495.69972276315093,edf43a9a19e4a3f3bf1eec668bd00cf6,edf43a9a19e4a3f3bf1eec668bd00cf6,,True,sat,False,False,False,,"{""0"": ""fixed"", ""1"": ""fixed"", ""10"": ""fixed"", ""11"": ""fixed"", ""12"": ""fixed"", ""13"": ""fixed"", ""14"": ""fixed"", ""15"": ""fixed"", ""2"": ""fixed"", ""3"": ""fixed"", ""4"": ""fixed"", ""5"": ""fixed"", ""6"": ""fixed"", ""7"": ""fixed"", ""8"": ""fixed"", ""9"": ""fixed""}","{""0"": ""fixed"", ""1"": ""fixed"", ""2"": ""fixed"", ""3"": ""fixed""}","[0, 1, 2, 3, 4, 5, 6, 7, 8, 9, 10, 11, 12, 13, 14, 15]",[],[],False,full_key_unique,True,uf_axiom,
SR_20__MC_112,SR_20,MC_112,SR-MC,0,0,1,0,0,0,0,0,1,0,0,0,early_late_mixed,random_stratified_sample,SR_20__MC_112,1,192,2,differential,sat,unsat,0.012885099276900291,514.2984103113413,99107579bc3c2c3b0d7a8a6fd1573606,99107579bc3c2c3b0d7a8a6fd1573606,,True,sat,False,False,False,,"{""0"": ""fixed"", ""1"": ""fixed"", ""10"": ""fixed"", ""11"": ""fixed"", ""12"": ""fixed"", ""13"": ""fixed"", ""14"": ""fixed"", ""15"": ""fixed"", ""2"": ""fixed"", ""3"": ""fixed"", ""4"": ""fixed"", ""5"": ""fixed"", ""6"": ""fixed"", ""7"": ""fixed"", ""8"": ""fixed"", ""9"": ""fixed""}","{""0"": ""fixed"", ""1"": ""fixed"", ""2"": ""fixed"", ""3"": ""fixed""}","[0, 1, 2, 3, 4, 5, 6, 7, 8, 9, 10, 11, 12, 13, 14, 15]",[],[],False,full_key_unique,True,uf_axiom,
MC_23__MC_70,MC_23,MC_70,MC-MC,1,0,0,0,0,0,0,0,0,0,1,0,late_only,random_stratified_sample,MC_23__MC_70,2,96,2,differential,sat,unsat,0.007504139095544815,186.59068785235286,a66f651322597191ab9f8f8af4c2db61,a66f651322597191ab9f8f8af4c2db61,,True,sat,False,False,False,,"{""0"": ""fixed"", ""1"": ""fixed"", ""10"": ""fixed"", ""11"": ""fixed"", ""12"": ""fixed"", ""13"": ""fixed"", ""14"": ""fixed"", ""15"": ""fixed"", ""2"": ""fixed"", ""3"": ""fixed"", ""4"": ""fixed"", ""5"": ""fixed"", ""6"": ""fixed"", ""7"": ""fixed"", ""8"": ""fixed"", ""9"": ""fixed""}","{""0"": ""fixed"", ""1"": ""fixed"", ""2"": ""fixed"", ""3"": ""fixed""}","[0, 1, 2, 3, 4, 5, 6, 7, 8, 9, 10, 11, 12, 13, 14, 15]",[],[],False,full_key_unique,True,uf_axiom,
MC_113__MC_122,MC_113,MC_122,MC-MC,1,0,0,1,0,0,0,1,0,0,0,0,weak_same_column,random_stratified_sample,MC_113__MC_122,0,96,2,differential,sat,unsat,0.009502757340669632,176.89358242228627,edf43a9a19e4a3f3bf1eec668bd00cf6,edf43a9a19e4a3f3bf1eec668bd00cf6,,True,sat,False,False,False,,"{""0"": ""fixed"", ""1"": ""fixed"", ""10"": ""fixed"", ""11"": ""fixed"", ""12"": ""fixed"", ""13"": ""fixed"", ""14"": ""fixed"", ""15"": ""fixed"", ""2"": ""fixed"", ""3"": ""fixed"", ""4"": ""fixed"", ""5"": ""fixed"", ""6"": ""fixed"", ""7"": ""fixed"", ""8"": ""fixed"", ""9"": ""fixed""}","{""0"": ""fixed"", ""1"": ""fixed"", ""2"": ""fixed"", ""3"": ""fixed""}","[0, 1, 2, 3, 4, 5, 6, 7, 8, 9, 10, 11, 12, 13, 14, 15]",[],[],False,full_key_unique,True,uf_axiom,
MC_109__MC_127,MC_109,MC_127,MC-MC,1,0,0,1,0,0,0,1,0,0,0,0,weak_same_column,random_stratified_sample,MC_109__MC_127,2,64,2,differential,sat,unsat,0.0033245664089918137,270.1361997742206,a66f651322597191ab9f8f8af4c2db61,a66f651322597191ab9f8f8af4c2db61,,True,sat,False,False,False,,"{""0"": ""fixed"", ""1"": ""fixed"", ""10"": ""fixed"", ""11"": ""fixed"", ""12"": ""fixed"", ""13"": ""fixed"", ""14"": ""fixed"", ""15"": ""fixed"", ""2"": ""fixed"", ""3"": ""fixed"", ""4"": ""fixed"", ""5"": ""fixed"", ""6"": ""fixed"", ""7"": ""fixed"", ""8"": ""fixed"", ""9"": ""fixed""}","{""0"": ""fixed"", ""1"": ""fixed"", ""2"": ""fixed"", ""3"": ""fixed""}","[0, 1, 2, 3, 4, 5, 6, 7, 8, 9, 10, 11, 12, 13, 14, 15]",[],[],False,full_key_unique,True,uf_axiom,
MC_15__MC_38,MC_15,MC_38,MC-MC,1,0,0,0,0,0,0,0,0,1,0,0,late_only,random_stratified_sample,MC_15__MC_38,2,192,2,differential,sat,unsat,0.015250056982040405,169.16536203958094,a66f651322597191ab9f8f8af4c2db61,a66f651322597191ab9f8f8af4c2db61,,True,sat,False,False,False,,"{""0"": ""fixed"", ""1"": ""fixed"", ""10"": ""fixed"", ""11"": ""fixed"", ""12"": ""fixed"", ""13"": ""fixed"", ""14"": ""fixed"", ""15"": ""fixed"", ""2"": ""fixed"", ""3"": ""fixed"", ""4"": ""fixed"", ""5"": ""fixed"", ""6"": ""fixed"", ""7"": ""fixed"", ""8"": ""fixed"", ""9"": ""fixed""}","{""0"": ""fixed"", ""1"": ""fixed"", ""2"": ""fixed"", ""3"": ""fixed""}","[0, 1, 2, 3, 4, 5, 6, 7, 8, 9, 10, 11, 12, 13, 14, 15]",[],[],False,full_key_unique,True,uf_axiom,
MC_4__MC_25,MC_4,MC_25,MC-MC,1,0,0,1,0,0,0,1,0,0,0,0,weak_same_column,random_stratified_sample,MC_4__MC_25,1,96,2,differential,sat,unsat,0.008272690698504448,184.08419867791235,99107579bc3c2c3b0d7a8a6fd1573606,99107579bc3c2c3b0d7a8a6fd1573606,,True,sat,False,False,False,,"{""0"": ""fixed"", ""1"": ""fixed"", ""10"": ""fixed"", ""11"": ""fixed"", ""12"": ""fixed"", ""13"": ""fixed"", ""14"": ""fixed"", ""15"": ""fixed"", ""2"": ""fixed"", ""3"": ""fixed"", ""4"": ""fixed"", ""5"": ""fixed"", ""6"": ""fixed"", ""7"": ""fixed"", ""8"": ""fixed"", ""9"": ""fixed""}","{""0"": ""fixed"", ""1"": ""fixed"", ""2"": ""fixed"", ""3"": ""fixed""}","[0, 1, 2, 3, 4, 5, 6, 7, 8, 9, 10, 11, 12, 13, 14, 15]",[],[],False,full_key_unique,True,uf_axiom,
MC_113__MC_122,MC_113,MC_122,MC-MC,1,0,0,1,0,0,0,1,0,0,0,0,weak_same_column,random_stratified_sample,MC_113__MC_122,2,96,2,differential,sat,unsat,0.004604147747159004,130.06310388818383,a66f651322597191ab9f8f8af4c2db61,a66f651322597191ab9f8f8af4c2db61,,True,sat,False,False,False,,"{""0"": ""fixed"", ""1"": ""fixed"", ""10"": ""fixed"", ""11"": ""fixed"", ""12"": ""fixed"", ""13"": ""fixed"", ""14"": ""fixed"", ""15"": ""fixed"", ""2"": ""fixed"", ""3"": ""fixed"", ""4"": ""fixed"", ""5"": ""fixed"", ""6"": ""fixed"", ""7"": ""fixed"", ""8"": ""fixed"", ""9"": ""fixed""}","{""0"": ""fixed"", ""1"": ""fixed"", ""2"": ""fixed"", ""3"": ""fixed""}","[0, 1, 2, 3, 4, 5, 6, 7, 8, 9, 10, 11, 12, 13, 14, 15]",[],[],False,full_key_unique,True,uf_axiom,
SR_81__MC_64,SR_81,MC_64,SR-MC,0,0,0,1,0,0,0,0,0,0,0,0,early_late_mixed,random_stratified_sample,SR_81__MC_64,0,255,2,differential,sat,unsat,0.01231030747294426,263.6203628834337,edf43a9a19e4a3f3bf1eec668bd00cf6,edf43a9a19e4a3f3bf1eec668bd00cf6,,True,sat,False,False,False,,"{""0"": ""fixed"", ""1"": ""fixed"", ""10"": ""fixed"", ""11"": ""fixed"", ""12"": ""fixed"", ""13"": ""fixed"", ""14"": ""fixed"", ""15"": ""fixed"", ""2"": ""fixed"", ""3"": ""fixed"", ""4"": ""fixed"", ""5"": ""fixed"", ""6"": ""fixed"", ""7"": ""fixed"", ""8"": ""fixed"", ""9"": ""fixed""}","{""0"": ""fixed"", ""1"": ""fixed"", ""2"": ""fixed"", ""3"": ""fixed""}","[0, 1, 2, 3, 4, 5, 6, 7, 8, 9, 10, 11, 12, 13, 14, 15]",[],[],False,full_key_unique,True,uf_axiom,
MC_78__MC_87,MC_78,MC_87,MC-MC,1,0,0,1,0,0,0,1,0,0,0,0,weak_same_column,random_stratified_sample,MC_78__MC_87,1,96,2,differential,sat,unsat,0.004327252507209778,196.45033743791282,99107579bc3c2c3b0d7a8a6fd1573606,99107579bc3c2c3b0d7a8a6fd1573606,,True,sat,False,False,False,,"{""0"": ""fixed"", ""1"": ""fixed"", ""10"": ""fixed"", ""11"": ""fixed"", ""12"": ""fixed"", ""13"": ""fixed"", ""14"": ""fixed"", ""15"": ""fixed"", ""2"": ""fixed"", ""3"": ""fixed"", ""4"": ""fixed"", ""5"": ""fixed"", ""6"": ""fixed"", ""7"": ""fixed"", ""8"": ""fixed"", ""9"": ""fixed""}","{""0"": ""fixed"", ""1"": ""fixed"", ""2"": ""fixed"", ""3"": ""fixed""}","[0, 1, 2, 3, 4, 5, 6, 7, 8, 9, 10, 11, 12, 13, 14, 15]",[],[],False,full_key_unique,True,uf_axiom,
MC_15__MC_64,MC_15,MC_64,MC-MC,1,0,0,0,0,0,0,0,0,0,1,0,late_only,random_stratified_sample,MC_15__MC_64,2,96,2,differential,sat,unsat,0.011521885171532631,72.84551009722054,a66f651322597191ab9f8f8af4c2db61,a66f651322597191ab9f8f8af4c2db61,,True,sat,False,False,False,,"{""0"": ""fixed"", ""1"": ""fixed"", ""10"": ""fixed"", ""11"": ""fixed"", ""12"": ""fixed"", ""13"": ""fixed"", ""14"": ""fixed"", ""15"": ""fixed"", ""2"": ""fixed"", ""3"": ""fixed"", ""4"": ""fixed"", ""5"": ""fixed"", ""6"": ""fixed"", ""7"": ""fixed"", ""8"": ""fixed"", ""9"": ""fixed""}","{""0"": ""fixed"", ""1"": ""fixed"", ""2"": ""fixed"", ""3"": ""fixed""}","[0, 1, 2, 3, 4, 5, 6, 7, 8, 9, 10, 11, 12, 13, 14, 15]",[],[],False,full_key_unique,True,uf_axiom,
MC_114__MC_122,MC_114,MC_122,MC-MC,1,0,0,1,1,0,1,0,0,0,0,0,weak_same_column,random_stratified_sample,MC_114__MC_122,2,128,2,differential,sat,unsat,0.005810944363474846,117.24104067496955,a66f651322597191ab9f8f8af4c2db61,a66f651322597191ab9f8f8af4c2db61,,True,sat,False,False,False,,"{""0"": ""fixed"", ""1"": ""fixed"", ""10"": ""fixed"", ""11"": ""fixed"", ""12"": ""fixed"", ""13"": ""fixed"", ""14"": ""fixed"", ""15"": ""fixed"", ""2"": ""fixed"", ""3"": ""fixed"", ""4"": ""fixed"", ""5"": ""fixed"", ""6"": ""fixed"", ""7"": ""fixed"", ""8"": ""fixed"", ""9"": ""fixed""}","{""0"": ""fixed"", ""1"": ""fixed"", ""2"": ""fixed"", ""3"": ""fixed""}","[0, 1, 2, 3, 4, 5, 6, 7, 8, 9, 10, 11, 12, 13, 14, 15]",[],[],False,full_key_unique,True,uf_axiom,
MC_30__MC_31,MC_30,MC_31,MC-MC,1,1,1,1,0,0,0,0,0,0,0,0,late_only,random_stratified_sample,MC_30__MC_31,2,96,2,differential,sat,unsat,0.00766807422041893,298.7352074570954,a66f651322597191ab9f8f8af4c2db61,a66f651322597191ab9f8f8af4c2db61,,True,sat,False,False,False,,"{""0"": ""fixed"", ""1"": ""fixed"", ""10"": ""fixed"", ""11"": ""fixed"", ""12"": ""fixed"", ""13"": ""fixed"", ""14"": ""fixed"", ""15"": ""fixed"", ""2"": ""fixed"", ""3"": ""fixed"", ""4"": ""fixed"", ""5"": ""fixed"", ""6"": ""fixed"", ""7"": ""fixed"", ""8"": ""fixed"", ""9"": ""fixed""}","{""0"": ""fixed"", ""1"": ""fixed"", ""2"": ""fixed"", ""3"": ""fixed""}","[0, 1, 2, 3, 4, 5, 6, 7, 8, 9, 10, 11, 12, 13, 14, 15]",[],[],False,full_key_unique,True,uf_axiom,
MC_102__MC_111,MC_102,MC_111,MC-MC,1,0,0,1,0,0,0,1,0,0,0,0,weak_same_column,random_stratified_sample,MC_102__MC_111,0,128,2,differential,sat,unsat,0.006579626351594925,220.8499333690852,edf43a9a19e4a3f3bf1eec668bd00cf6,edf43a9a19e4a3f3bf1eec668bd00cf6,,True,sat,False,False,False,,"{""0"": ""fixed"", ""1"": ""fixed"", ""10"": ""fixed"", ""11"": ""fixed"", ""12"": ""fixed"", ""13"": ""fixed"", ""14"": ""fixed"", ""15"": ""fixed"", ""2"": ""fixed"", ""3"": ""fixed"", ""4"": ""fixed"", ""5"": ""fixed"", ""6"": ""fixed"", ""7"": ""fixed"", ""8"": ""fixed"", ""9"": ""fixed""}","{""0"": ""fixed"", ""1"": ""fixed"", ""2"": ""fixed"", ""3"": ""fixed""}","[0, 1, 2, 3, 4, 5, 6, 7, 8, 9, 10, 11, 12, 13, 14, 15]",[],[],False,full_key_unique,True,uf_axiom,
MC_24__MC_39,MC_24,MC_39,MC-MC,1,0,0,0,0,0,0,0,0,0,1,0,late_only,random_stratified_sample,MC_24__MC_39,1,128,2,differential,sat,unsat,0.009871304035186768,63.319724317640066,99107579bc3c2c3b0d7a8a6fd1573606,99107579bc3c2c3b0d7a8a6fd1573606,,True,sat,False,False,False,,"{""0"": ""fixed"", ""1"": ""fixed"", ""10"": ""fixed"", ""11"": ""fixed"", ""12"": ""fixed"", ""13"": ""fixed"", ""14"": ""fixed"", ""15"": ""fixed"", ""2"": ""fixed"", ""3"": ""fixed"", ""4"": ""fixed"", ""5"": ""fixed"", ""6"": ""fixed"", ""7"": ""fixed"", ""8"": ""fixed"", ""9"": ""fixed""}","{""0"": ""fixed"", ""1"": ""fixed"", ""2"": ""fixed"", ""3"": ""fixed""}","[0, 1, 2, 3, 4, 5, 6, 7, 8, 9, 10, 11, 12, 13, 14, 15]",[],[],False,full_key_unique,True,uf_axiom,
MC_19__MC_107,MC_19,MC_107,MC-MC,1,0,0,0,1,0,0,0,0,0,1,0,late_only,random_stratified_sample,MC_19__MC_107,0,192,2,differential,sat,unsat,0.019005771726369858,82.07311578281224,edf43a9a19e4a3f3bf1eec668bd00cf6,edf43a9a19e4a3f3bf1eec668bd00cf6,,True,sat,False,False,False,,"{""0"": ""fixed"", ""1"": ""fixed"", ""10"": ""fixed"", ""11"": ""fixed"", ""12"": ""fixed"", ""13"": ""fixed"", ""14"": ""fixed"", ""15"": ""fixed"", ""2"": ""fixed"", ""3"": ""fixed"", ""4"": ""fixed"", ""5"": ""fixed"", ""6"": ""fixed"", ""7"": ""fixed"", ""8"": ""fixed"", ""9"": ""fixed""}","{""0"": ""fixed"", ""1"": ""fixed"", ""2"": ""fixed"", ""3"": ""fixed""}","[0, 1, 2, 3, 4, 5, 6, 7, 8, 9, 10, 11, 12, 13, 14, 15]",[],[],False,full_key_unique,True,uf_axiom,
MC_36__MC_40,MC_36,MC_40,MC-MC,1,0,0,1,0,0,0,0,0,0,0,0,late_only,random_stratified_sample,MC_36__MC_40,2,192,2,differential,sat,unsat,0.017745692282915115,112.99667006358504,a66f651322597191ab9f8f8af4c2db61,a66f651322597191ab9f8f8af4c2db61,,True,sat,False,False,False,,"{""0"": ""fixed"", ""1"": ""fixed"", ""10"": ""fixed"", ""11"": ""fixed"", ""12"": ""fixed"", ""13"": ""fixed"", ""14"": ""fixed"", ""15"": ""fixed"", ""2"": ""fixed"", ""3"": ""fixed"", ""4"": ""fixed"", ""5"": ""fixed"", ""6"": ""fixed"", ""7"": ""fixed"", ""8"": ""fixed"", ""9"": ""fixed""}","{""0"": ""fixed"", ""1"": ""fixed"", ""2"": ""fixed"", ""3"": ""fixed""}","[0, 1, 2, 3, 4, 5, 6, 7, 8, 9, 10, 11, 12, 13, 14, 15]",[],[],False,full_key_unique,True,uf_axiom,
MC_30__MC_31,MC_30,MC_31,MC-MC,1,1,1,1,0,0,0,0,0,0,0,0,late_only,random_stratified_sample,MC_30__MC_31,1,96,2,differential,sat,unsat,0.004566896706819534,167.9144094195217,99107579bc3c2c3b0d7a8a6fd1573606,99107579bc3c2c3b0d7a8a6fd1573606,,True,sat,False,False,False,,"{""0"": ""fixed"", ""1"": ""fixed"", ""10"": ""fixed"", ""11"": ""fixed"", ""12"": ""fixed"", ""13"": ""fixed"", ""14"": ""fixed"", ""15"": ""fixed"", ""2"": ""fixed"", ""3"": ""fixed"", ""4"": ""fixed"", ""5"": ""fixed"", ""6"": ""fixed"", ""7"": ""fixed"", ""8"": ""fixed"", ""9"": ""fixed""}","{""0"": ""fixed"", ""1"": ""fixed"", ""2"": ""fixed"", ""3"": ""fixed""}","[0, 1, 2, 3, 4, 5, 6, 7, 8, 9, 10, 11, 12, 13, 14, 15]",[],[],False,full_key_unique,True,uf_axiom,
MC_34__MC_50,MC_34,MC_50,MC-MC,1,0,0,1,1,0,1,0,0,0,0,0,weak_same_column,random_stratified_sample,MC_34__MC_50,0,96,2,differential,sat,unsat,0.007552092894911766,179.016825215891,edf43a9a19e4a3f3bf1eec668bd00cf6,edf43a9a19e4a3f3bf1eec668bd00cf6,,True,sat,False,False,False,,"{""0"": ""fixed"", ""1"": ""fixed"", ""10"": ""fixed"", ""11"": ""fixed"", ""12"": ""fixed"", ""13"": ""fixed"", ""14"": ""fixed"", ""15"": ""fixed"", ""2"": ""fixed"", ""3"": ""fixed"", ""4"": ""fixed"", ""5"": ""fixed"", ""6"": ""fixed"", ""7"": ""fixed"", ""8"": ""fixed"", ""9"": ""fixed""}","{""0"": ""fixed"", ""1"": ""fixed"", ""2"": ""fixed"", ""3"": ""fixed""}","[0, 1, 2, 3, 4, 5, 6, 7, 8, 9, 10, 11, 12, 13, 14, 15]",[],[],False,full_key_unique,True,uf_axiom,
MC_23__MC_70,MC_23,MC_70,MC-MC,1,0,0,0,0,0,0,0,0,0,1,0,late_only,random_stratified_sample,MC_23__MC_70,1,128,2,differential,sat,unsat,0.017577603459358215,33.22691266052425,99107579bc3c2c3b0d7a8a6fd1573606,99107579bc3c2c3b0d7a8a6fd1573606,,True,sat,False,False,False,,"{""0"": ""fixed"", ""1"": ""fixed"", ""10"": ""fixed"", ""11"": ""fixed"", ""12"": ""fixed"", ""13"": ""fixed"", ""14"": ""fixed"", ""15"": ""fixed"", ""2"": ""fixed"", ""3"": ""fixed"", ""4"": ""fixed"", ""5"": ""fixed"", ""6"": ""fixed"", ""7"": ""fixed"", ""8"": ""fixed"", ""9"": ""fixed""}","{""0"": ""fixed"", ""1"": ""fixed"", ""2"": ""fixed"", ""3"": ""fixed""}","[0, 1, 2, 3, 4, 5, 6, 7, 8, 9, 10, 11, 12, 13, 14, 15]",[],[],False,full_key_unique,True,uf_axiom,
MC_69__MC_80,MC_69,MC_80,MC-MC,1,0,0,1,0,0,0,0,0,0,0,0,late_only,random_stratified_sample,MC_69__MC_80,1,96,2,differential,sat,unsat,0.008459210395812988,110.39399550482631,99107579bc3c2c3b0d7a8a6fd1573606,99107579bc3c2c3b0d7a8a6fd1573606,,True,sat,False,False,False,,"{""0"": ""fixed"", ""1"": ""fixed"", ""10"": ""fixed"", ""11"": ""fixed"", ""12"": ""fixed"", ""13"": ""fixed"", ""14"": ""fixed"", ""15"": ""fixed"", ""2"": ""fixed"", ""3"": ""fixed"", ""4"": ""fixed"", ""5"": ""fixed"", ""6"": ""fixed"", ""7"": ""fixed"", ""8"": ""fixed"", ""9"": ""fixed""}","{""0"": ""fixed"", ""1"": ""fixed"", ""2"": ""fixed"", ""3"": ""fixed""}","[0, 1, 2, 3, 4, 5, 6, 7, 8, 9, 10, 11, 12, 13, 14, 15]",[],[],False,full_key_unique,True,uf_axiom,
MC_4__MC_25,MC_4,MC_25,MC-MC,1,0,0,1,0,0,0,1,0,0,0,0,weak_same_column,random_stratified_sample,MC_4__MC_25,2,128,2,differential,sat,unsat,0.00693829171359539,119.39690089784563,a66f651322597191ab9f8f8af4c2db61,a66f651322597191ab9f8f8af4c2db61,,True,sat,False,False,False,,"{""0"": ""fixed"", ""1"": ""fixed"", ""10"": ""fixed"", ""11"": ""fixed"", ""12"": ""fixed"", ""13"": ""fixed"", ""14"": ""fixed"", ""15"": ""fixed"", ""2"": ""fixed"", ""3"": ""fixed"", ""4"": ""fixed"", ""5"": ""fixed"", ""6"": ""fixed"", ""7"": ""fixed"", ""8"": ""fixed"", ""9"": ""fixed""}","{""0"": ""fixed"", ""1"": ""fixed"", ""2"": ""fixed"", ""3"": ""fixed""}","[0, 1, 2, 3, 4, 5, 6, 7, 8, 9, 10, 11, 12, 13, 14, 15]",[],[],False,full_key_unique,True,uf_axiom,
SR_46__MC_103,SR_46,MC_103,SR-MC,0,0,0,0,0,0,0,0,0,0,1,0,early_late_mixed,random_stratified_sample,SR_46__MC_103,1,255,2,differential,sat,unsat,0.01556413248181343,299.8938398938626,99107579bc3c2c3b0d7a8a6fd1573606,99107579bc3c2c3b0d7a8a6fd1573606,,True,sat,False,False,False,,"{""0"": ""fixed"", ""1"": ""fixed"", ""10"": ""fixed"", ""11"": ""fixed"", ""12"": ""fixed"", ""13"": ""fixed"", ""14"": ""fixed"", ""15"": ""fixed"", ""2"": ""fixed"", ""3"": ""fixed"", ""4"": ""fixed"", ""5"": ""fixed"", ""6"": ""fixed"", ""7"": ""fixed"", ""8"": ""fixed"", ""9"": ""fixed""}","{""0"": ""fixed"", ""1"": ""fixed"", ""2"": ""fixed"", ""3"": ""fixed""}","[0, 1, 2, 3, 4, 5, 6, 7, 8, 9, 10, 11, 12, 13, 14, 15]",[],[],False,full_key_unique,True,uf_axiom,
MC_78__MC_87,MC_78,MC_87,MC-MC,1,0,0,1,0,0,0,1,0,0,0,0,weak_same_column,random_stratified_sample,MC_78__MC_87,0,128,2,differential,sat,unsat,0.00777016393840313,105.12815167941153,edf43a9a19e4a3f3bf1eec668bd00cf6,edf43a9a19e4a3f3bf1eec668bd00cf6,,True,sat,False,False,False,,"{""0"": ""fixed"", ""1"": ""fixed"", ""10"": ""fixed"", ""11"": ""fixed"", ""12"": ""fixed"", ""13"": ""fixed"", ""14"": ""fixed"", ""15"": ""fixed"", ""2"": ""fixed"", ""3"": ""fixed"", ""4"": ""fixed"", ""5"": ""fixed"", ""6"": ""fixed"", ""7"": ""fixed"", ""8"": ""fixed"", ""9"": ""fixed""}","{""0"": ""fixed"", ""1"": ""fixed"", ""2"": ""fixed"", ""3"": ""fixed""}","[0, 1, 2, 3, 4, 5, 6, 7, 8, 9, 10, 11, 12, 13, 14, 15]",[],[],False,full_key_unique,True,uf_axiom,
MC_113__MC_122,MC_113,MC_122,MC-MC,1,0,0,1,0,0,0,1,0,0,0,0,weak_same_column,random_stratified_sample,MC_113__MC_122,1,128,2,differential,sat,unsat,0.006366832181811333,189.31087104976177,99107579bc3c2c3b0d7a8a6fd1573606,99107579bc3c2c3b0d7a8a6fd1573606,,True,sat,False,False,False,,"{""0"": ""fixed"", ""1"": ""fixed"", ""10"": ""fixed"", ""11"": ""fixed"", ""12"": ""fixed"", ""13"": ""fixed"", ""14"": ""fixed"", ""15"": ""fixed"", ""2"": ""fixed"", ""3"": ""fixed"", ""4"": ""fixed"", ""5"": ""fixed"", ""6"": ""fixed"", ""7"": ""fixed"", ""8"": ""fixed"", ""9"": ""fixed""}","{""0"": ""fixed"", ""1"": ""fixed"", ""2"": ""fixed"", ""3"": ""fixed""}","[0, 1, 2, 3, 4, 5, 6, 7, 8, 9, 10, 11, 12, 13, 14, 15]",[],[],False,full_key_unique,True,uf_axiom,
MC_34__MC_50,MC_34,MC_50,MC-MC,1,0,0,1,1,0,1,0,0,0,0,0,weak_same_column,random_stratified_sample,MC_34__MC_50,2,96,2,differential,sat,unsat,0.004869766533374786,216.2270258758217,a66f651322597191ab9f8f8af4c2db61,a66f651322597191ab9f8f8af4c2db61,,True,sat,False,False,False,,"{""0"": ""fixed"", ""1"": ""fixed"", ""10"": ""fixed"", ""11"": ""fixed"", ""12"": ""fixed"", ""13"": ""fixed"", ""14"": ""fixed"", ""15"": ""fixed"", ""2"": ""fixed"", ""3"": ""fixed"", ""4"": ""fixed"", ""5"": ""fixed"", ""6"": ""fixed"", ""7"": ""fixed"", ""8"": ""fixed"", ""9"": ""fixed""}","{""0"": ""fixed"", ""1"": ""fixed"", ""2"": ""fixed"", ""3"": ""fixed""}","[0, 1, 2, 3, 4, 5, 6, 7, 8, 9, 10, 11, 12, 13, 14, 15]",[],[],False,full_key_unique,True,uf_axiom,
MC_72__MC_80,MC_72,MC_80,MC-MC,1,0,0,1,1,0,1,0,0,0,0,0,weak_same_column,random_stratified_sample,MC_72__MC_80,2,96,2,differential,sat,unsat,0.004593854770064354,106.93735589645803,a66f651322597191ab9f8f8af4c2db61,a66f651322597191ab9f8f8af4c2db61,,True,sat,False,False,False,,"{""0"": ""fixed"", ""1"": ""fixed"", ""10"": ""fixed"", ""11"": ""fixed"", ""12"": ""fixed"", ""13"": ""fixed"", ""14"": ""fixed"", ""15"": ""fixed"", ""2"": ""fixed"", ""3"": ""fixed"", ""4"": ""fixed"", ""5"": ""fixed"", ""6"": ""fixed"", ""7"": ""fixed"", ""8"": ""fixed"", ""9"": ""fixed""}","{""0"": ""fixed"", ""1"": ""fixed"", ""2"": ""fixed"", ""3"": ""fixed""}","[0, 1, 2, 3, 4, 5, 6, 7, 8, 9, 10, 11, 12, 13, 14, 15]",[],[],False,full_key_unique,True,uf_axiom,
MC_33__MC_42,MC_33,MC_42,MC-MC,1,0,0,1,0,0,0,1,0,0,0,0,weak_same_column,random_stratified_sample,MC_33__MC_42,1,96,2,differential,sat,unsat,0.004524571821093559,228.58468339592218,99107579bc3c2c3b0d7a8a6fd1573606,99107579bc3c2c3b0d7a8a6fd1573606,,True,sat,False,False,False,,"{""0"": ""fixed"", ""1"": ""fixed"", ""10"": ""fixed"", ""11"": ""fixed"", ""12"": ""fixed"", ""13"": ""fixed"", ""14"": ""fixed"", ""15"": ""fixed"", ""2"": ""fixed"", ""3"": ""fixed"", ""4"": ""fixed"", ""5"": ""fixed"", ""6"": ""fixed"", ""7"": ""fixed"", ""8"": ""fixed"", ""9"": ""fixed""}","{""0"": ""fixed"", ""1"": ""fixed"", ""2"": ""fixed"", ""3"": ""fixed""}","[0, 1, 2, 3, 4, 5, 6, 7, 8, 9, 10, 11, 12, 13, 14, 15]",[],[],False,full_key_unique,True,uf_axiom,
MC_30__MC_31,MC_30,MC_31,MC-MC,1,1,1,1,0,0,0,0,0,0,0,0,late_only,random_stratified_sample,MC_30__MC_31,0,96,2,differential,sat,unsat,0.004346564412117004,215.65944450348616,edf43a9a19e4a3f3bf1eec668bd00cf6,edf43a9a19e4a3f3bf1eec668bd00cf6,,True,sat,False,False,False,,"{""0"": ""fixed"", ""1"": ""fixed"", ""10"": ""fixed"", ""11"": ""fixed"", ""12"": ""fixed"", ""13"": ""fixed"", ""14"": ""fixed"", ""15"": ""fixed"", ""2"": ""fixed"", ""3"": ""fixed"", ""4"": ""fixed"", ""5"": ""fixed"", ""6"": ""fixed"", ""7"": ""fixed"", ""8"": ""fixed"", ""9"": ""fixed""}","{""0"": ""fixed"", ""1"": ""fixed"", ""2"": ""fixed"", ""3"": ""fixed""}","[0, 1, 2, 3, 4, 5, 6, 7, 8, 9, 10, 11, 12, 13, 14, 15]",[],[],False,full_key_unique,True,uf_axiom,
MC_72__MC_80,MC_72,MC_80,MC-MC,1,0,0,1,1,0,1,0,0,0,0,0,weak_same_column,random_stratified_sample,MC_72__MC_80,1,96,2,differential,sat,unsat,0.008709285408258438,128.9472436234355,99107579bc3c2c3b0d7a8a6fd1573606,99107579bc3c2c3b0d7a8a6fd1573606,,True,sat,False,False,False,,"{""0"": ""fixed"", ""1"": ""fixed"", ""10"": ""fixed"", ""11"": ""fixed"", ""12"": ""fixed"", ""13"": ""fixed"", ""14"": ""fixed"", ""15"": ""fixed"", ""2"": ""fixed"", ""3"": ""fixed"", ""4"": ""fixed"", ""5"": ""fixed"", ""6"": ""fixed"", ""7"": ""fixed"", ""8"": ""fixed"", ""9"": ""fixed""}","{""0"": ""fixed"", ""1"": ""fixed"", ""2"": ""fixed"", ""3"": ""fixed""}","[0, 1, 2, 3, 4, 5, 6, 7, 8, 9, 10, 11, 12, 13, 14, 15]",[],[],False,full_key_unique,True,uf_axiom,
MC_101__MC_113,MC_101,MC_113,MC-MC,1,0,0,1,0,0,0,0,0,0,0,0,late_only,random_stratified_sample,MC_101__MC_113,0,96,2,differential,sat,unsat,0.004869325086474419,104.87765745073557,edf43a9a19e4a3f3bf1eec668bd00cf6,edf43a9a19e4a3f3bf1eec668bd00cf6,,True,sat,False,False,False,,"{""0"": ""fixed"", ""1"": ""fixed"", ""10"": ""fixed"", ""11"": ""fixed"", ""12"": ""fixed"", ""13"": ""fixed"", ""14"": ""fixed"", ""15"": ""fixed"", ""2"": ""fixed"", ""3"": ""fixed"", ""4"": ""fixed"", ""5"": ""fixed"", ""6"": ""fixed"", ""7"": ""fixed"", ""8"": ""fixed"", ""9"": ""fixed""}","{""0"": ""fixed"", ""1"": ""fixed"", ""2"": ""fixed"", ""3"": ""fixed""}","[0, 1, 2, 3, 4, 5, 6, 7, 8, 9, 10, 11, 12, 13, 14, 15]",[],[],False,full_key_unique,True,uf_axiom,
MC_34__MC_50,MC_34,MC_50,MC-MC,1,0,0,1,1,0,1,0,0,0,0,0,weak_same_column,random_stratified_sample,MC_34__MC_50,1,96,2,differential,sat,unsat,0.004807908087968826,271.56771612912416,99107579bc3c2c3b0d7a8a6fd1573606,99107579bc3c2c3b0d7a8a6fd1573606,,True,sat,False,False,False,,"{""0"": ""fixed"", ""1"": ""fixed"", ""10"": ""fixed"", ""11"": ""fixed"", ""12"": ""fixed"", ""13"": ""fixed"", ""14"": ""fixed"", ""15"": ""fixed"", ""2"": ""fixed"", ""3"": ""fixed"", ""4"": ""fixed"", ""5"": ""fixed"", ""6"": ""fixed"", ""7"": ""fixed"", ""8"": ""fixed"", ""9"": ""fixed""}","{""0"": ""fixed"", ""1"": ""fixed"", ""2"": ""fixed"", ""3"": ""fixed""}","[0, 1, 2, 3, 4, 5, 6, 7, 8, 9, 10, 11, 12, 13, 14, 15]",[],[],False,full_key_unique,True,uf_axiom,
MC_19__MC_89,MC_19,MC_89,MC-MC,1,0,0,0,0,0,0,0,0,0,1,0,late_only,random_stratified_sample,MC_19__MC_89,2,128,2,differential,sat,unsat,0.015534039586782455,160.53900072723627,a66f651322597191ab9f8f8af4c2db61,a66f651322597191ab9f8f8af4c2db61,,True,sat,False,False,False,,"{""0"": ""fixed"", ""1"": ""fixed"", ""10"": ""fixed"", ""11"": ""fixed"", ""12"": ""fixed"", ""13"": ""fixed"", ""14"": ""fixed"", ""15"": ""fixed"", ""2"": ""fixed"", ""3"": ""fixed"", ""4"": ""fixed"", ""5"": ""fixed"", ""6"": ""fixed"", ""7"": ""fixed"", ""8"": ""fixed"", ""9"": ""fixed""}","{""0"": ""fixed"", ""1"": ""fixed"", ""2"": ""fixed"", ""3"": ""fixed""}","[0, 1, 2, 3, 4, 5, 6, 7, 8, 9, 10, 11, 12, 13, 14, 15]",[],[],False,full_key_unique,True,uf_axiom,
MC_69__MC_80,MC_69,MC_80,MC-MC,1,0,0,1,0,0,0,0,0,0,0,0,late_only,random_stratified_sample,MC_69__MC_80,2,96,2,differential,sat,unsat,0.004330845549702644,272.4873635750264,a66f651322597191ab9f8f8af4c2db61,a66f651322597191ab9f8f8af4c2db61,,True,sat,False,False,False,,"{""0"": ""fixed"", ""1"": ""fixed"", ""10"": ""fixed"", ""11"": ""fixed"", ""12"": ""fixed"", ""13"": ""fixed"", ""14"": ""fixed"", ""15"": ""fixed"", ""2"": ""fixed"", ""3"": ""fixed"", ""4"": ""fixed"", ""5"": ""fixed"", ""6"": ""fixed"", ""7"": ""fixed"", ""8"": ""fixed"", ""9"": ""fixed""}","{""0"": ""fixed"", ""1"": ""fixed"", ""2"": ""fixed"", ""3"": ""fixed""}","[0, 1, 2, 3, 4, 5, 6, 7, 8, 9, 10, 11, 12, 13, 14, 15]",[],[],False,full_key_unique,True,uf_axiom,
MC_19__MC_107,MC_19,MC_107,MC-MC,1,0,0,0,1,0,0,0,0,0,1,0,late_only,random_stratified_sample,MC_19__MC_107,1,192,2,differential,sat,unsat,0.01943633146584034,142.96603428013623,99107579bc3c2c3b0d7a8a6fd1573606,99107579bc3c2c3b0d7a8a6fd1573606,,True,sat,False,False,False,,"{""0"": ""fixed"", ""1"": ""fixed"", ""10"": ""fixed"", ""11"": ""fixed"", ""12"": ""fixed"", ""13"": ""fixed"", ""14"": ""fixed"", ""15"": ""fixed"", ""2"": ""fixed"", ""3"": ""fixed"", ""4"": ""fixed"", ""5"": ""fixed"", ""6"": ""fixed"", ""7"": ""fixed"", ""8"": ""fixed"", ""9"": ""fixed""}","{""0"": ""fixed"", ""1"": ""fixed"", ""2"": ""fixed"", ""3"": ""fixed""}","[0, 1, 2, 3, 4, 5, 6, 7, 8, 9, 10, 11, 12, 13, 14, 15]",[],[],False,full_key_unique,True,uf_axiom,
MC_33__MC_42,MC_33,MC_42,MC-MC,1,0,0,1,0,0,0,1,0,0,0,0,weak_same_column,random_stratified_sample,MC_33__MC_42,0,96,2,differential,sat,unsat,0.004519352689385414,223.68700369633734,edf43a9a19e4a3f3bf1eec668bd00cf6,edf43a9a19e4a3f3bf1eec668bd00cf6,,True,sat,False,False,False,,"{""0"": ""fixed"", ""1"": ""fixed"", ""10"": ""fixed"", ""11"": ""fixed"", ""12"": ""fixed"", ""13"": ""fixed"", ""14"": ""fixed"", ""15"": ""fixed"", ""2"": ""fixed"", ""3"": ""fixed"", ""4"": ""fixed"", ""5"": ""fixed"", ""6"": ""fixed"", ""7"": ""fixed"", ""8"": ""fixed"", ""9"": ""fixed""}","{""0"": ""fixed"", ""1"": ""fixed"", ""2"": ""fixed"", ""3"": ""fixed""}","[0, 1, 2, 3, 4, 5, 6, 7, 8, 9, 10, 11, 12, 13, 14, 15]",[],[],False,full_key_unique,True,uf_axiom,
MC_68__MC_117,MC_68,MC_117,MC-MC,1,0,0,0,0,0,0,0,0,0,1,0,late_only,random_stratified_sample,MC_68__MC_117,0,96,2,differential,sat,unsat,0.018347516655921936,170.4442786704749,edf43a9a19e4a3f3bf1eec668bd00cf6,edf43a9a19e4a3f3bf1eec668bd00cf6,,True,sat,False,False,False,,"{""0"": ""fixed"", ""1"": ""fixed"", ""10"": ""fixed"", ""11"": ""fixed"", ""12"": ""fixed"", ""13"": ""fixed"", ""14"": ""fixed"", ""15"": ""fixed"", ""2"": ""fixed"", ""3"": ""fixed"", ""4"": ""fixed"", ""5"": ""fixed"", ""6"": ""fixed"", ""7"": ""fixed"", ""8"": ""fixed"", ""9"": ""fixed""}","{""0"": ""fixed"", ""1"": ""fixed"", ""2"": ""fixed"", ""3"": ""fixed""}","[0, 1, 2, 3, 4, 5, 6, 7, 8, 9, 10, 11, 12, 13, 14, 15]",[],[],False,full_key_unique,True,uf_axiom,
MC_109__MC_127,MC_109,MC_127,MC-MC,1,0,0,1,0,0,0,1,0,0,0,0,weak_same_column,random_stratified_sample,MC_109__MC_127,0,128,2,differential,sat,unsat,0.011079806834459305,171.59450605511665,edf43a9a19e4a3f3bf1eec668bd00cf6,edf43a9a19e4a3f3bf1eec668bd00cf6,,True,sat,False,False,False,,"{""0"": ""fixed"", ""1"": ""fixed"", ""10"": ""fixed"", ""11"": ""fixed"", ""12"": ""fixed"", ""13"": ""fixed"", ""14"": ""fixed"", ""15"": ""fixed"", ""2"": ""fixed"", ""3"": ""fixed"", ""4"": ""fixed"", ""5"": ""fixed"", ""6"": ""fixed"", ""7"": ""fixed"", ""8"": ""fixed"", ""9"": ""fixed""}","{""0"": ""fixed"", ""1"": ""fixed"", ""2"": ""fixed"", ""3"": ""fixed""}","[0, 1, 2, 3, 4, 5, 6, 7, 8, 9, 10, 11, 12, 13, 14, 15]",[],[],False,full_key_unique,True,uf_axiom,
MC_101__MC_113,MC_101,MC_113,MC-MC,1,0,0,1,0,0,0,0,0,0,0,0,late_only,random_stratified_sample,MC_101__MC_113,2,96,2,differential,sat,unsat,0.007737278938293457,189.77026738785207,a66f651322597191ab9f8f8af4c2db61,a66f651322597191ab9f8f8af4c2db61,,True,sat,False,False,False,,"{""0"": ""fixed"", ""1"": ""fixed"", ""10"": ""fixed"", ""11"": ""fixed"", ""12"": ""fixed"", ""13"": ""fixed"", ""14"": ""fixed"", ""15"": ""fixed"", ""2"": ""fixed"", ""3"": ""fixed"", ""4"": ""fixed"", ""5"": ""fixed"", ""6"": ""fixed"", ""7"": ""fixed"", ""8"": ""fixed"", ""9"": ""fixed""}","{""0"": ""fixed"", ""1"": ""fixed"", ""2"": ""fixed"", ""3"": ""fixed""}","[0, 1, 2, 3, 4, 5, 6, 7, 8, 9, 10, 11, 12, 13, 14, 15]",[],[],False,full_key_unique,True,uf_axiom,
MC_109__MC_127,MC_109,MC_127,MC-MC,1,0,0,1,0,0,0,1,0,0,0,0,weak_same_column,random_stratified_sample,MC_109__MC_127,1,128,2,differential,sat,unsat,0.005698375403881073,230.46256483718753,99107579bc3c2c3b0d7a8a6fd1573606,99107579bc3c2c3b0d7a8a6fd1573606,,True,sat,False,False,False,,"{""0"": ""fixed"", ""1"": ""fixed"", ""10"": ""fixed"", ""11"": ""fixed"", ""12"": ""fixed"", ""13"": ""fixed"", ""14"": ""fixed"", ""15"": ""fixed"", ""2"": ""fixed"", ""3"": ""fixed"", ""4"": ""fixed"", ""5"": ""fixed"", ""6"": ""fixed"", ""7"": ""fixed"", ""8"": ""fixed"", ""9"": ""fixed""}","{""0"": ""fixed"", ""1"": ""fixed"", ""2"": ""fixed"", ""3"": ""fixed""}","[0, 1, 2, 3, 4, 5, 6, 7, 8, 9, 10, 11, 12, 13, 14, 15]",[],[],False,full_key_unique,True,uf_axiom,
MC_10__MC_35,MC_10,MC_35,MC-MC,1,0,0,0,0,0,0,0,0,1,0,0,late_only,random_stratified_sample,MC_10__MC_35,1,96,2,differential,sat,unsat,0.008618978783488274,240.08857342414558,99107579bc3c2c3b0d7a8a6fd1573606,99107579bc3c2c3b0d7a8a6fd1573606,,True,sat,False,False,False,,"{""0"": ""fixed"", ""1"": ""fixed"", ""10"": ""fixed"", ""11"": ""fixed"", ""12"": ""fixed"", ""13"": ""fixed"", ""14"": ""fixed"", ""15"": ""fixed"", ""2"": ""fixed"", ""3"": ""fixed"", ""4"": ""fixed"", ""5"": ""fixed"", ""6"": ""fixed"", ""7"": ""fixed"", ""8"": ""fixed"", ""9"": ""fixed""}","{""0"": ""fixed"", ""1"": ""fixed"", ""2"": ""fixed"", ""3"": ""fixed""}","[0, 1, 2, 3, 4, 5, 6, 7, 8, 9, 10, 11, 12, 13, 14, 15]",[],[],False,full_key_unique,True,uf_axiom,
SR_20__MC_112,SR_20,MC_112,SR-MC,0,0,1,0,0,0,0,0,1,0,0,0,early_late_mixed,random_stratified_sample,SR_20__MC_112,0,255,2,differential,sat,unsat,0.016009435057640076,481.44944993406534,edf43a9a19e4a3f3bf1eec668bd00cf6,edf43a9a19e4a3f3bf1eec668bd00cf6,,True,sat,False,False,False,,"{""0"": ""fixed"", ""1"": ""fixed"", ""10"": ""fixed"", ""11"": ""fixed"", ""12"": ""fixed"", ""13"": ""fixed"", ""14"": ""fixed"", ""15"": ""fixed"", ""2"": ""fixed"", ""3"": ""fixed"", ""4"": ""fixed"", ""5"": ""fixed"", ""6"": ""fixed"", ""7"": ""fixed"", ""8"": ""fixed"", ""9"": ""fixed""}","{""0"": ""fixed"", ""1"": ""fixed"", ""2"": ""fixed"", ""3"": ""fixed""}","[0, 1, 2, 3, 4, 5, 6, 7, 8, 9, 10, 11, 12, 13, 14, 15]",[],[],False,full_key_unique,True,uf_axiom,
MC_69__MC_80,MC_69,MC_80,MC-MC,1,0,0,1,0,0,0,0,0,0,0,0,late_only,random_stratified_sample,MC_69__MC_80,0,128,2,differential,sat,unsat,0.005929894745349884,103.74101410992444,edf43a9a19e4a3f3bf1eec668bd00cf6,edf43a9a19e4a3f3bf1eec668bd00cf6,,True,sat,False,False,False,,"{""0"": ""fixed"", ""1"": ""fixed"", ""10"": ""fixed"", ""11"": ""fixed"", ""12"": ""fixed"", ""13"": ""fixed"", ""14"": ""fixed"", ""15"": ""fixed"", ""2"": ""fixed"", ""3"": ""fixed"", ""4"": ""fixed"", ""5"": ""fixed"", ""6"": ""fixed"", ""7"": ""fixed"", ""8"": ""fixed"", ""9"": ""fixed""}","{""0"": ""fixed"", ""1"": ""fixed"", ""2"": ""fixed"", ""3"": ""fixed""}","[0, 1, 2, 3, 4, 5, 6, 7, 8, 9, 10, 11, 12, 13, 14, 15]",[],[],False,full_key_unique,True,uf_axiom,
MC_10__MC_35,MC_10,MC_35,MC-MC,1,0,0,0,0,0,0,0,0,1,0,0,late_only,random_stratified_sample,MC_10__MC_35,0,96,2,differential,sat,unsat,0.012405244633555412,274.6667125374079,edf43a9a19e4a3f3bf1eec668bd00cf6,edf43a9a19e4a3f3bf1eec668bd00cf6,,True,sat,False,False,False,,"{""0"": ""fixed"", ""1"": ""fixed"", ""10"": ""fixed"", ""11"": ""fixed"", ""12"": ""fixed"", ""13"": ""fixed"", ""14"": ""fixed"", ""15"": ""fixed"", ""2"": ""fixed"", ""3"": ""fixed"", ""4"": ""fixed"", ""5"": ""fixed"", ""6"": ""fixed"", ""7"": ""fixed"", ""8"": ""fixed"", ""9"": ""fixed""}","{""0"": ""fixed"", ""1"": ""fixed"", ""2"": ""fixed"", ""3"": ""fixed""}","[0, 1, 2, 3, 4, 5, 6, 7, 8, 9, 10, 11, 12, 13, 14, 15]",[],[],False,full_key_unique,True,uf_axiom,
MC_19__MC_107,MC_19,MC_107,MC-MC,1,0,0,0,1,0,0,0,0,0,1,0,late_only,random_stratified_sample,MC_19__MC_107,2,192,2,differential,sat,unsat,0.01588970609009266,299.46195544302464,a66f651322597191ab9f8f8af4c2db61,a66f651322597191ab9f8f8af4c2db61,,True,sat,False,False,False,,"{""0"": ""fixed"", ""1"": ""fixed"", ""10"": ""fixed"", ""11"": ""fixed"", ""12"": ""fixed"", ""13"": ""fixed"", ""14"": ""fixed"", ""15"": ""fixed"", ""2"": ""fixed"", ""3"": ""fixed"", ""4"": ""fixed"", ""5"": ""fixed"", ""6"": ""fixed"", ""7"": ""fixed"", ""8"": ""fixed"", ""9"": ""fixed""}","{""0"": ""fixed"", ""1"": ""fixed"", ""2"": ""fixed"", ""3"": ""fixed""}","[0, 1, 2, 3, 4, 5, 6, 7, 8, 9, 10, 11, 12, 13, 14, 15]",[],[],False,full_key_unique,True,uf_axiom,
MC_68__MC_117,MC_68,MC_117,MC-MC,1,0,0,0,0,0,0,0,0,0,1,0,late_only,random_stratified_sample,MC_68__MC_117,1,96,2,differential,sat,unsat,0.008429959416389465,232.3190798200667,99107579bc3c2c3b0d7a8a6fd1573606,99107579bc3c2c3b0d7a8a6fd1573606,,True,sat,False,False,False,,"{""0"": ""fixed"", ""1"": ""fixed"", ""10"": ""fixed"", ""11"": ""fixed"", ""12"": ""fixed"", ""13"": ""fixed"", ""14"": ""fixed"", ""15"": ""fixed"", ""2"": ""fixed"", ""3"": ""fixed"", ""4"": ""fixed"", ""5"": ""fixed"", ""6"": ""fixed"", ""7"": ""fixed"", ""8"": ""fixed"", ""9"": ""fixed""}","{""0"": ""fixed"", ""1"": ""fixed"", ""2"": ""fixed"", ""3"": ""fixed""}","[0, 1, 2, 3, 4, 5, 6, 7, 8, 9, 10, 11, 12, 13, 14, 15]",[],[],False,full_key_unique,True,uf_axiom,
MC_72__MC_80,MC_72,MC_80,MC-MC,1,0,0,1,1,0,1,0,0,0,0,0,weak_same_column,random_stratified_sample,MC_72__MC_80,0,128,2,differential,sat,unsat,0.006080949679017067,115.08497143909335,edf43a9a19e4a3f3bf1eec668bd00cf6,edf43a9a19e4a3f3bf1eec668bd00cf6,,True,sat,False,False,False,,"{""0"": ""fixed"", ""1"": ""fixed"", ""10"": ""fixed"", ""11"": ""fixed"", ""12"": ""fixed"", ""13"": ""fixed"", ""14"": ""fixed"", ""15"": ""fixed"", ""2"": ""fixed"", ""3"": ""fixed"", ""4"": ""fixed"", ""5"": ""fixed"", ""6"": ""fixed"", ""7"": ""fixed"", ""8"": ""fixed"", ""9"": ""fixed""}","{""0"": ""fixed"", ""1"": ""fixed"", ""2"": ""fixed"", ""3"": ""fixed""}","[0, 1, 2, 3, 4, 5, 6, 7, 8, 9, 10, 11, 12, 13, 14, 15]",[],[],False,full_key_unique,True,uf_axiom,
MC_15__MC_64,MC_15,MC_64,MC-MC,1,0,0,0,0,0,0,0,0,0,1,0,late_only,random_stratified_sample,MC_15__MC_64,1,128,2,differential,sat,unsat,0.00987853854894638,172.24502447992563,99107579bc3c2c3b0d7a8a6fd1573606,99107579bc3c2c3b0d7a8a6fd1573606,,True,sat,False,False,False,,"{""0"": ""fixed"", ""1"": ""fixed"", ""10"": ""fixed"", ""11"": ""fixed"", ""12"": ""fixed"", ""13"": ""fixed"", ""14"": ""fixed"", ""15"": ""fixed"", ""2"": ""fixed"", ""3"": ""fixed"", ""4"": ""fixed"", ""5"": ""fixed"", ""6"": ""fixed"", ""7"": ""fixed"", ""8"": ""fixed"", ""9"": ""fixed""}","{""0"": ""fixed"", ""1"": ""fixed"", ""2"": ""fixed"", ""3"": ""fixed""}","[0, 1, 2, 3, 4, 5, 6, 7, 8, 9, 10, 11, 12, 13, 14, 15]",[],[],False,full_key_unique,True,uf_axiom,
MC_101__MC_113,MC_101,MC_113,MC-MC,1,0,0,1,0,0,0,0,0,0,0,0,late_only,random_stratified_sample,MC_101__MC_113,1,128,2,differential,sat,unsat,0.00638996809720993,160.02252831868827,99107579bc3c2c3b0d7a8a6fd1573606,99107579bc3c2c3b0d7a8a6fd1573606,,True,sat,False,False,False,,"{""0"": ""fixed"", ""1"": ""fixed"", ""10"": ""fixed"", ""11"": ""fixed"", ""12"": ""fixed"", ""13"": ""fixed"", ""14"": ""fixed"", ""15"": ""fixed"", ""2"": ""fixed"", ""3"": ""fixed"", ""4"": ""fixed"", ""5"": ""fixed"", ""6"": ""fixed"", ""7"": ""fixed"", ""8"": ""fixed"", ""9"": ""fixed""}","{""0"": ""fixed"", ""1"": ""fixed"", ""2"": ""fixed"", ""3"": ""fixed""}","[0, 1, 2, 3, 4, 5, 6, 7, 8, 9, 10, 11, 12, 13, 14, 15]",[],[],False,full_key_unique,True,uf_axiom,
SB_74__ARK_90,SB_74,ARK_90,SB-ARK,0,0,0,1,1,0,1,0,0,0,0,0,early_late_mixed,actual_core384_gap,SB_74__ARK_90,2,128,2,differential,sat,unsat,0.006592089310288429,135.17626400105655,a66f651322597191ab9f8f8af4c2db61,a66f651322597191ab9f8f8af4c2db61,,True,sat,False,False,False,,"{""0"": ""fixed"", ""1"": ""fixed"", ""10"": ""fixed"", ""11"": ""fixed"", ""12"": ""fixed"", ""13"": ""fixed"", ""14"": ""fixed"", ""15"": ""fixed"", ""2"": ""fixed"", ""3"": ""fixed"", ""4"": ""fixed"", ""5"": ""fixed"", ""6"": ""fixed"", ""7"": ""fixed"", ""8"": ""fixed"", ""9"": ""fixed""}","{""0"": ""fixed"", ""1"": ""fixed"", ""2"": ""fixed"", ""3"": ""fixed""}","[0, 1, 2, 3, 4, 5, 6, 7, 8, 9, 10, 11, 12, 13, 14, 15]",[],[],False,full_key_unique,True,uf_axiom,
MC_19__MC_89,MC_19,MC_89,MC-MC,1,0,0,0,0,0,0,0,0,0,1,0,late_only,random_stratified_sample,MC_19__MC_89,1,192,2,differential,sat,unsat,0.01810975931584835,14.68135798163712,99107579bc3c2c3b0d7a8a6fd1573606,99107579bc3c2c3b0d7a8a6fd1573606,,True,sat,False,False,False,,"{""0"": ""fixed"", ""1"": ""fixed"", ""10"": ""fixed"", ""11"": ""fixed"", ""12"": ""fixed"", ""13"": ""fixed"", ""14"": ""fixed"", ""15"": ""fixed"", ""2"": ""fixed"", ""3"": ""fixed"", ""4"": ""fixed"", ""5"": ""fixed"", ""6"": ""fixed"", ""7"": ""fixed"", ""8"": ""fixed"", ""9"": ""fixed""}","{""0"": ""fixed"", ""1"": ""fixed"", ""2"": ""fixed"", ""3"": ""fixed""}","[0, 1, 2, 3, 4, 5, 6, 7, 8, 9, 10, 11, 12, 13, 14, 15]",[],[],False,full_key_unique,True,uf_axiom,
SB_46__ARK_44,SB_46,ARK_44,SB-ARK,0,1,1,1,0,0,0,0,0,0,0,0,early_late_mixed,actual_core384_gap,SB_46__ARK_44,1,128,2,differential,sat,unsat,0.0069634560495615005,64.36428817175329,99107579bc3c2c3b0d7a8a6fd1573606,99107579bc3c2c3b0d7a8a6fd1573606,,True,sat,False,False,False,,"{""0"": ""fixed"", ""1"": ""fixed"", ""10"": ""fixed"", ""11"": ""fixed"", ""12"": ""fixed"", ""13"": ""fixed"", ""14"": ""fixed"", ""15"": ""fixed"", ""2"": ""fixed"", ""3"": ""fixed"", ""4"": ""fixed"", ""5"": ""fixed"", ""6"": ""fixed"", ""7"": ""fixed"", ""8"": ""fixed"", ""9"": ""fixed""}","{""0"": ""fixed"", ""1"": ""fixed"", ""2"": ""fixed"", ""3"": ""fixed""}","[0, 1, 2, 3, 4, 5, 6, 7, 8, 9, 10, 11, 12, 13, 14, 15]",[],[],False,full_key_unique,True,uf_axiom,
MC_33__MC_42,MC_33,MC_42,MC-MC,1,0,0,1,0,0,0,1,0,0,0,0,weak_same_column,random_stratified_sample,MC_33__MC_42,2,128,2,differential,sat,unsat,0.010511994361877441,298.03946540504694,a66f651322597191ab9f8f8af4c2db61,a66f651322597191ab9f8f8af4c2db61,,True,sat,False,False,False,,"{""0"": ""fixed"", ""1"": ""fixed"", ""10"": ""fixed"", ""11"": ""fixed"", ""12"": ""fixed"", ""13"": ""fixed"", ""14"": ""fixed"", ""15"": ""fixed"", ""2"": ""fixed"", ""3"": ""fixed"", ""4"": ""fixed"", ""5"": ""fixed"", ""6"": ""fixed"", ""7"": ""fixed"", ""8"": ""fixed"", ""9"": ""fixed""}","{""0"": ""fixed"", ""1"": ""fixed"", ""2"": ""fixed"", ""3"": ""fixed""}","[0, 1, 2, 3, 4, 5, 6, 7, 8, 9, 10, 11, 12, 13, 14, 15]",[],[],False,full_key_unique,True,uf_axiom,
SB_46__ARK_44,SB_46,ARK_44,SB-ARK,0,1,1,1,0,0,0,0,0,0,0,0,early_late_mixed,actual_core384_gap,SB_46__ARK_44,0,128,2,differential,sat,unsat,0.007448611781001091,124.61467164941132,edf43a9a19e4a3f3bf1eec668bd00cf6,edf43a9a19e4a3f3bf1eec668bd00cf6,,True,sat,False,False,False,,"{""0"": ""fixed"", ""1"": ""fixed"", ""10"": ""fixed"", ""11"": ""fixed"", ""12"": ""fixed"", ""13"": ""fixed"", ""14"": ""fixed"", ""15"": ""fixed"", ""2"": ""fixed"", ""3"": ""fixed"", ""4"": ""fixed"", ""5"": ""fixed"", ""6"": ""fixed"", ""7"": ""fixed"", ""8"": ""fixed"", ""9"": ""fixed""}","{""0"": ""fixed"", ""1"": ""fixed"", ""2"": ""fixed"", ""3"": ""fixed""}","[0, 1, 2, 3, 4, 5, 6, 7, 8, 9, 10, 11, 12, 13, 14, 15]",[],[],False,full_key_unique,True,uf_axiom,
MC_24__MC_39,MC_24,MC_39,MC-MC,1,0,0,0,0,0,0,0,0,0,1,0,late_only,random_stratified_sample,MC_24__MC_39,2,192,2,differential,sat,unsat,0.015084119513630867,447.31772229634225,a66f651322597191ab9f8f8af4c2db61,a66f651322597191ab9f8f8af4c2db61,,True,sat,False,False,False,,"{""0"": ""fixed"", ""1"": ""fixed"", ""10"": ""fixed"", ""11"": ""fixed"", ""12"": ""fixed"", ""13"": ""fixed"", ""14"": ""fixed"", ""15"": ""fixed"", ""2"": ""fixed"", ""3"": ""fixed"", ""4"": ""fixed"", ""5"": ""fixed"", ""6"": ""fixed"", ""7"": ""fixed"", ""8"": ""fixed"", ""9"": ""fixed""}","{""0"": ""fixed"", ""1"": ""fixed"", ""2"": ""fixed"", ""3"": ""fixed""}","[0, 1, 2, 3, 4, 5, 6, 7, 8, 9, 10, 11, 12, 13, 14, 15]",[],[],False,full_key_unique,True,uf_axiom,
MC_46__MC_118,MC_46,MC_118,MC-MC,1,0,0,0,1,0,0,0,0,0,1,0,late_only,random_stratified_sample,MC_46__MC_118,1,192,2,differential,sat,unsat,0.03103039227426052,126.1335770059377,99107579bc3c2c3b0d7a8a6fd1573606,99107579bc3c2c3b0d7a8a6fd1573606,,True,sat,False,False,False,,"{""0"": ""fixed"", ""1"": ""fixed"", ""10"": ""fixed"", ""11"": ""fixed"", ""12"": ""fixed"", ""13"": ""fixed"", ""14"": ""fixed"", ""15"": ""fixed"", ""2"": ""fixed"", ""3"": ""fixed"", ""4"": ""fixed"", ""5"": ""fixed"", ""6"": ""fixed"", ""7"": ""fixed"", ""8"": ""fixed"", ""9"": ""fixed""}","{""0"": ""fixed"", ""1"": ""fixed"", ""2"": ""fixed"", ""3"": ""fixed""}","[0, 1, 2, 3, 4, 5, 6, 7, 8, 9, 10, 11, 12, 13, 14, 15]",[],[],False,full_key_unique,True,uf_axiom,
MC_46__MC_118,MC_46,MC_118,MC-MC,1,0,0,0,1,0,0,0,0,0,1,0,late_only,random_stratified_sample,MC_46__MC_118,0,192,2,differential,sat,unsat,0.015970807522535324,164.83408985845745,edf43a9a19e4a3f3bf1eec668bd00cf6,edf43a9a19e4a3f3bf1eec668bd00cf6,,True,sat,False,False,False,,"{""0"": ""fixed"", ""1"": ""fixed"", ""10"": ""fixed"", ""11"": ""fixed"", ""12"": ""fixed"", ""13"": ""fixed"", ""14"": ""fixed"", ""15"": ""fixed"", ""2"": ""fixed"", ""3"": ""fixed"", ""4"": ""fixed"", ""5"": ""fixed"", ""6"": ""fixed"", ""7"": ""fixed"", ""8"": ""fixed"", ""9"": ""fixed""}","{""0"": ""fixed"", ""1"": ""fixed"", ""2"": ""fixed"", ""3"": ""fixed""}","[0, 1, 2, 3, 4, 5, 6, 7, 8, 9, 10, 11, 12, 13, 14, 15]",[],[],False,full_key_unique,True,uf_axiom,
SB_17__ARK_92,SB_17,ARK_92,SB-ARK,0,0,0,0,0,0,0,0,0,0,1,0,early_late_mixed,actual_core384_gap,SB_17__ARK_92,2,128,2,differential,sat,sat,0.007781229913234711,172.98451804183424,a66f651322597191ab9f8f8af4c2db61,a66f651322597191ab9f8f8af4c2db61,a65265132259c191ab9f8f8af4c2db61,True,sat,False,False,False,,"{""0"": ""unknown"", ""1"": ""free"", ""10"": ""unknown"", ""11"": ""unknown"", ""12"": ""unknown"", ""13"": ""unknown"", ""14"": ""unknown"", ""15"": ""unknown"", ""2"": ""unknown"", ""3"": ""unknown"", ""4"": ""unknown"", ""5"": ""unknown"", ""6"": ""free"", ""7"": ""unknown"", ""8"": ""unknown"", ""9"": ""unknown""}","{""0"": ""free"", ""1"": ""free"", ""2"": ""unknown"", ""3"": ""unknown""}",[],"[1, 6]","[0, 2, 3, 4, 5, 7, 8, 9, 10, 11, 12, 13, 14, 15]",False,ambiguity,False,uf_axiom,
SB_74__ARK_90,SB_74,ARK_90,SB-ARK,0,0,0,1,1,0,1,0,0,0,0,0,early_late_mixed,actual_core384_gap,SB_74__ARK_90,0,192,2,differential,sat,unsat,0.010197455063462257,64.91158418171108,edf43a9a19e4a3f3bf1eec668bd00cf6,edf43a9a19e4a3f3bf1eec668bd00cf6,,True,sat,False,False,False,,"{""0"": ""fixed"", ""1"": ""fixed"", ""10"": ""fixed"", ""11"": ""fixed"", ""12"": ""fixed"", ""13"": ""fixed"", ""14"": ""fixed"", ""15"": ""fixed"", ""2"": ""fixed"", ""3"": ""fixed"", ""4"": ""fixed"", ""5"": ""fixed"", ""6"": ""fixed"", ""7"": ""fixed"", ""8"": ""fixed"", ""9"": ""fixed""}","{""0"": ""fixed"", ""1"": ""fixed"", ""2"": ""fixed"", ""3"": ""fixed""}","[0, 1, 2, 3, 4, 5, 6, 7, 8, 9, 10, 11, 12, 13, 14, 15]",[],[],False,full_key_unique,True,uf_axiom,
SR_11__ARK_83,SR_11,ARK_83,SR-ARK,0,0,0,0,1,0,0,0,0,0,1,0,early_late_mixed,actual_core384_gap,SR_11__ARK_83,2,128,2,differential,sat,unsat,0.007498404011130333,25.755335150286555,a66f651322597191ab9f8f8af4c2db61,a66f651322597191ab9f8f8af4c2db61,,True,sat,False,False,False,,"{""0"": ""fixed"", ""1"": ""fixed"", ""10"": ""fixed"", ""11"": ""fixed"", ""12"": ""fixed"", ""13"": ""fixed"", ""14"": ""fixed"", ""15"": ""fixed"", ""2"": ""fixed"", ""3"": ""fixed"", ""4"": ""fixed"", ""5"": ""fixed"", ""6"": ""fixed"", ""7"": ""fixed"", ""8"": ""fixed"", ""9"": ""fixed""}","{""0"": ""fixed"", ""1"": ""fixed"", ""2"": ""fixed"", ""3"": ""fixed""}","[0, 1, 2, 3, 4, 5, 6, 7, 8, 9, 10, 11, 12, 13, 14, 15]",[],[],False,full_key_unique,True,uf_axiom,
MC_19__MC_89,MC_19,MC_89,MC-MC,1,0,0,0,0,0,0,0,0,0,1,0,late_only,random_stratified_sample,MC_19__MC_89,0,192,2,differential,sat,unsat,0.017296746373176575,534.9344852864742,edf43a9a19e4a3f3bf1eec668bd00cf6,edf43a9a19e4a3f3bf1eec668bd00cf6,,True,sat,False,False,False,,"{""0"": ""fixed"", ""1"": ""fixed"", ""10"": ""fixed"", ""11"": ""fixed"", ""12"": ""fixed"", ""13"": ""fixed"", ""14"": ""fixed"", ""15"": ""fixed"", ""2"": ""fixed"", ""3"": ""fixed"", ""4"": ""fixed"", ""5"": ""fixed"", ""6"": ""fixed"", ""7"": ""fixed"", ""8"": ""fixed"", ""9"": ""fixed""}","{""0"": ""fixed"", ""1"": ""fixed"", ""2"": ""fixed"", ""3"": ""fixed""}","[0, 1, 2, 3, 4, 5, 6, 7, 8, 9, 10, 11, 12, 13, 14, 15]",[],[],False,full_key_unique,True,uf_axiom,
SB_74__ARK_90,SB_74,ARK_90,SB-ARK,0,0,0,1,1,0,1,0,0,0,0,0,early_late_mixed,actual_core384_gap,SB_74__ARK_90,1,192,2,differential,sat,unsat,0.01968122273683548,173.84490842744708,99107579bc3c2c3b0d7a8a6fd1573606,99107579bc3c2c3b0d7a8a6fd1573606,,True,sat,False,False,False,,"{""0"": ""fixed"", ""1"": ""fixed"", ""10"": ""fixed"", ""11"": ""fixed"", ""12"": ""fixed"", ""13"": ""fixed"", ""14"": ""fixed"", ""15"": ""fixed"", ""2"": ""fixed"", ""3"": ""fixed"", ""4"": ""fixed"", ""5"": ""fixed"", ""6"": ""fixed"", ""7"": ""fixed"", ""8"": ""fixed"", ""9"": ""fixed""}","{""0"": ""fixed"", ""1"": ""fixed"", ""2"": ""fixed"", ""3"": ""fixed""}","[0, 1, 2, 3, 4, 5, 6, 7, 8, 9, 10, 11, 12, 13, 14, 15]",[],[],False,full_key_unique,True,uf_axiom,
MC_46__MC_118,MC_46,MC_118,MC-MC,1,0,0,0,1,0,0,0,0,0,1,0,late_only,random_stratified_sample,MC_46__MC_118,2,192,2,differential,sat,unsat,0.017310217022895813,247.60659844242036,a66f651322597191ab9f8f8af4c2db61,a66f651322597191ab9f8f8af4c2db61,,True,sat,False,False,False,,"{""0"": ""fixed"", ""1"": ""fixed"", ""10"": ""fixed"", ""11"": ""fixed"", ""12"": ""fixed"", ""13"": ""fixed"", ""14"": ""fixed"", ""15"": ""fixed"", ""2"": ""fixed"", ""3"": ""fixed"", ""4"": ""fixed"", ""5"": ""fixed"", ""6"": ""fixed"", ""7"": ""fixed"", ""8"": ""fixed"", ""9"": ""fixed""}","{""0"": ""fixed"", ""1"": ""fixed"", ""2"": ""fixed"", ""3"": ""fixed""}","[0, 1, 2, 3, 4, 5, 6, 7, 8, 9, 10, 11, 12, 13, 14, 15]",[],[],False,full_key_unique,True,uf_axiom,
MC_23__MC_70,MC_23,MC_70,MC-MC,1,0,0,0,0,0,0,0,0,0,1,0,late_only,random_stratified_sample,MC_23__MC_70,0,192,2,differential,sat,unsat,0.03572150506079197,580.1864515710622,edf43a9a19e4a3f3bf1eec668bd00cf6,edf43a9a19e4a3f3bf1eec668bd00cf6,,True,sat,False,False,False,,"{""0"": ""fixed"", ""1"": ""fixed"", ""10"": ""fixed"", ""11"": ""fixed"", ""12"": ""fixed"", ""13"": ""fixed"", ""14"": ""fixed"", ""15"": ""fixed"", ""2"": ""fixed"", ""3"": ""fixed"", ""4"": ""fixed"", ""5"": ""fixed"", ""6"": ""fixed"", ""7"": ""fixed"", ""8"": ""fixed"", ""9"": ""fixed""}","{""0"": ""fixed"", ""1"": ""fixed"", ""2"": ""fixed"", ""3"": ""fixed""}","[0, 1, 2, 3, 4, 5, 6, 7, 8, 9, 10, 11, 12, 13, 14, 15]",[],[],False,full_key_unique,True,uf_axiom,
MC_10__MC_35,MC_10,MC_35,MC-MC,1,0,0,0,0,0,0,0,0,1,0,0,late_only,random_stratified_sample,MC_10__MC_35,2,192,2,differential,sat,unsat,0.018396887928247452,243.44537320919335,a66f651322597191ab9f8f8af4c2db61,a66f651322597191ab9f8f8af4c2db61,,True,sat,False,False,False,,"{""0"": ""fixed"", ""1"": ""fixed"", ""10"": ""fixed"", ""11"": ""fixed"", ""12"": ""fixed"", ""13"": ""fixed"", ""14"": ""fixed"", ""15"": ""fixed"", ""2"": ""fixed"", ""3"": ""fixed"", ""4"": ""fixed"", ""5"": ""fixed"", ""6"": ""fixed"", ""7"": ""fixed"", ""8"": ""fixed"", ""9"": ""fixed""}","{""0"": ""fixed"", ""1"": ""fixed"", ""2"": ""fixed"", ""3"": ""fixed""}","[0, 1, 2, 3, 4, 5, 6, 7, 8, 9, 10, 11, 12, 13, 14, 15]",[],[],False,full_key_unique,True,uf_axiom,
SR_63__ARK_23,SR_63,ARK_23,SR-ARK,0,0,0,0,1,0,0,0,0,0,1,0,early_late_mixed,actual_core384_gap,SR_63__ARK_23,2,128,2,differential,sat,unsat,0.006329454481601715,265.36543686687946,a66f651322597191ab9f8f8af4c2db61,a66f651322597191ab9f8f8af4c2db61,,True,sat,False,False,False,,"{""0"": ""fixed"", ""1"": ""fixed"", ""10"": ""fixed"", ""11"": ""fixed"", ""12"": ""fixed"", ""13"": ""fixed"", ""14"": ""fixed"", ""15"": ""fixed"", ""2"": ""fixed"", ""3"": ""fixed"", ""4"": ""fixed"", ""5"": ""fixed"", ""6"": ""fixed"", ""7"": ""fixed"", ""8"": ""fixed"", ""9"": ""fixed""}","{""0"": ""fixed"", ""1"": ""fixed"", ""2"": ""fixed"", ""3"": ""fixed""}","[0, 1, 2, 3, 4, 5, 6, 7, 8, 9, 10, 11, 12, 13, 14, 15]",[],[],False,full_key_unique,True,uf_axiom,
MC_15__MC_64,MC_15,MC_64,MC-MC,1,0,0,0,0,0,0,0,0,0,1,0,late_only,random_stratified_sample,MC_15__MC_64,0,192,2,differential,sat,unsat,0.01624744012951851,436.4553812779486,edf43a9a19e4a3f3bf1eec668bd00cf6,edf43a9a19e4a3f3bf1eec668bd00cf6,,True,sat,False,False,False,,"{""0"": ""fixed"", ""1"": ""fixed"", ""10"": ""fixed"", ""11"": ""fixed"", ""12"": ""fixed"", ""13"": ""fixed"", ""14"": ""fixed"", ""15"": ""fixed"", ""2"": ""fixed"", ""3"": ""fixed"", ""4"": ""fixed"", ""5"": ""fixed"", ""6"": ""fixed"", ""7"": ""fixed"", ""8"": ""fixed"", ""9"": ""fixed""}","{""0"": ""fixed"", ""1"": ""fixed"", ""2"": ""fixed"", ""3"": ""fixed""}","[0, 1, 2, 3, 4, 5, 6, 7, 8, 9, 10, 11, 12, 13, 14, 15]",[],[],False,full_key_unique,True,uf_axiom,
SR_11__ARK_83,SR_11,ARK_83,SR-ARK,0,0,0,0,1,0,0,0,0,0,1,0,early_late_mixed,actual_core384_gap,SR_11__ARK_83,1,128,2,differential,sat,unsat,0.006278792396187782,144.5409731939435,99107579bc3c2c3b0d7a8a6fd1573606,99107579bc3c2c3b0d7a8a6fd1573606,,True,sat,False,False,False,,"{""0"": ""fixed"", ""1"": ""fixed"", ""10"": ""fixed"", ""11"": ""fixed"", ""12"": ""fixed"", ""13"": ""fixed"", ""14"": ""fixed"", ""15"": ""fixed"", ""2"": ""fixed"", ""3"": ""fixed"", ""4"": ""fixed"", ""5"": ""fixed"", ""6"": ""fixed"", ""7"": ""fixed"", ""8"": ""fixed"", ""9"": ""fixed""}","{""0"": ""fixed"", ""1"": ""fixed"", ""2"": ""fixed"", ""3"": ""fixed""}","[0, 1, 2, 3, 4, 5, 6, 7, 8, 9, 10, 11, 12, 13, 14, 15]",[],[],False,full_key_unique,True,uf_axiom,
SB_51__ARK_17,SB_51,ARK_17,SB-ARK,0,0,1,0,0,0,0,0,1,0,0,0,early_late_mixed,actual_core384_gap,SB_51__ARK_17,2,192,2,differential,sat,unsat,0.018375370651483536,192.92402034439147,a66f651322597191ab9f8f8af4c2db61,a66f651322597191ab9f8f8af4c2db61,,True,sat,False,False,False,,"{""0"": ""fixed"", ""1"": ""fixed"", ""10"": ""fixed"", ""11"": ""fixed"", ""12"": ""fixed"", ""13"": ""fixed"", ""14"": ""fixed"", ""15"": ""fixed"", ""2"": ""fixed"", ""3"": ""fixed"", ""4"": ""fixed"", ""5"": ""fixed"", ""6"": ""fixed"", ""7"": ""fixed"", ""8"": ""fixed"", ""9"": ""fixed""}","{""0"": ""fixed"", ""1"": ""fixed"", ""2"": ""fixed"", ""3"": ""fixed""}","[0, 1, 2, 3, 4, 5, 6, 7, 8, 9, 10, 11, 12, 13, 14, 15]",[],[],False,full_key_unique,True,uf_axiom,
MC_68__MC_117,MC_68,MC_117,MC-MC,1,0,0,0,0,0,0,0,0,0,1,0,late_only,random_stratified_sample,MC_68__MC_117,2,192,2,differential,sat,unsat,0.017860855907201767,255.806491330266,a66f651322597191ab9f8f8af4c2db61,a66f651322597191ab9f8f8af4c2db61,,True,sat,False,False,False,,"{""0"": ""fixed"", ""1"": ""fixed"", ""10"": ""fixed"", ""11"": ""fixed"", ""12"": ""fixed"", ""13"": ""fixed"", ""14"": ""fixed"", ""15"": ""fixed"", ""2"": ""fixed"", ""3"": ""fixed"", ""4"": ""fixed"", ""5"": ""fixed"", ""6"": ""fixed"", ""7"": ""fixed"", ""8"": ""fixed"", ""9"": ""fixed""}","{""0"": ""fixed"", ""1"": ""fixed"", ""2"": ""fixed"", ""3"": ""fixed""}","[0, 1, 2, 3, 4, 5, 6, 7, 8, 9, 10, 11, 12, 13, 14, 15]",[],[],False,full_key_unique,True,uf_axiom,
SR_63__ARK_23,SR_63,ARK_23,SR-ARK,0,0,0,0,1,0,0,0,0,0,1,0,early_late_mixed,actual_core384_gap,SR_63__ARK_23,0,128,2,differential,sat,unsat,0.007597487419843674,251.16243377886713,edf43a9a19e4a3f3bf1eec668bd00cf6,edf43a9a19e4a3f3bf1eec668bd00cf6,,True,sat,False,False,False,,"{""0"": ""fixed"", ""1"": ""fixed"", ""10"": ""fixed"", ""11"": ""fixed"", ""12"": ""fixed"", ""13"": ""fixed"", ""14"": ""fixed"", ""15"": ""fixed"", ""2"": ""fixed"", ""3"": ""fixed"", ""4"": ""fixed"", ""5"": ""fixed"", ""6"": ""fixed"", ""7"": ""fixed"", ""8"": ""fixed"", ""9"": ""fixed""}","{""0"": ""fixed"", ""1"": ""fixed"", ""2"": ""fixed"", ""3"": ""fixed""}","[0, 1, 2, 3, 4, 5, 6, 7, 8, 9, 10, 11, 12, 13, 14, 15]",[],[],False,full_key_unique,True,uf_axiom,
SR_110__ARK_34,SR_110,ARK_34,SR-ARK,0,0,0,0,0,0,0,0,0,0,1,0,early_late_mixed,actual_core384_gap,SR_110__ARK_34,0,128,2,differential,sat,unsat,0.007306352257728577,118.47383689507842,edf43a9a19e4a3f3bf1eec668bd00cf6,edf43a9a19e4a3f3bf1eec668bd00cf6,,True,sat,False,False,False,,"{""0"": ""fixed"", ""1"": ""fixed"", ""10"": ""fixed"", ""11"": ""fixed"", ""12"": ""fixed"", ""13"": ""fixed"", ""14"": ""fixed"", ""15"": ""fixed"", ""2"": ""fixed"", ""3"": ""fixed"", ""4"": ""fixed"", ""5"": ""fixed"", ""6"": ""fixed"", ""7"": ""fixed"", ""8"": ""fixed"", ""9"": ""fixed""}","{""0"": ""fixed"", ""1"": ""fixed"", ""2"": ""fixed"", ""3"": ""fixed""}","[0, 1, 2, 3, 4, 5, 6, 7, 8, 9, 10, 11, 12, 13, 14, 15]",[],[],False,full_key_unique,True,uf_axiom,
SB_46__ARK_44,SB_46,ARK_44,SB-ARK,0,1,1,1,0,0,0,0,0,0,0,0,early_late_mixed,actual_core384_gap,SB_46__ARK_44,2,192,2,differential,sat,unsat,0.013581996783614159,356.99739429727197,a66f651322597191ab9f8f8af4c2db61,a66f651322597191ab9f8f8af4c2db61,,True,sat,False,False,False,,"{""0"": ""fixed"", ""1"": ""fixed"", ""10"": ""fixed"", ""11"": ""fixed"", ""12"": ""fixed"", ""13"": ""fixed"", ""14"": ""fixed"", ""15"": ""fixed"", ""2"": ""fixed"", ""3"": ""fixed"", ""4"": ""fixed"", ""5"": ""fixed"", ""6"": ""fixed"", ""7"": ""fixed"", ""8"": ""fixed"", ""9"": ""fixed""}","{""0"": ""fixed"", ""1"": ""fixed"", ""2"": ""fixed"", ""3"": ""fixed""}","[0, 1, 2, 3, 4, 5, 6, 7, 8, 9, 10, 11, 12, 13, 14, 15]",[],[],False,full_key_unique,True,uf_axiom,
SR_63__ARK_23,SR_63,ARK_23,SR-ARK,0,0,0,0,1,0,0,0,0,0,1,0,early_late_mixed,actual_core384_gap,SR_63__ARK_23,1,128,2,differential,sat,unsat,0.007517075166106224,261.4699054900557,99107579bc3c2c3b0d7a8a6fd1573606,99107579bc3c2c3b0d7a8a6fd1573606,,True,sat,False,False,False,,"{""0"": ""fixed"", ""1"": ""fixed"", ""10"": ""fixed"", ""11"": ""fixed"", ""12"": ""fixed"", ""13"": ""fixed"", ""14"": ""fixed"", ""15"": ""fixed"", ""2"": ""fixed"", ""3"": ""fixed"", ""4"": ""fixed"", ""5"": ""fixed"", ""6"": ""fixed"", ""7"": ""fixed"", ""8"": ""fixed"", ""9"": ""fixed""}","{""0"": ""fixed"", ""1"": ""fixed"", ""2"": ""fixed"", ""3"": ""fixed""}","[0, 1, 2, 3, 4, 5, 6, 7, 8, 9, 10, 11, 12, 13, 14, 15]",[],[],False,full_key_unique,True,uf_axiom,
MC_72__ARK_92,MC_72,ARK_92,MC-ARK,0,0,0,1,0,0,0,0,0,0,0,0,late_only,actual_core384_gap,MC_72__ARK_92,2,96,2,differential,sat,unsat,0.005374910309910774,133.18406749889255,a66f651322597191ab9f8f8af4c2db61,a66f651322597191ab9f8f8af4c2db61,,True,sat,False,False,False,,"{""0"": ""fixed"", ""1"": ""fixed"", ""10"": ""fixed"", ""11"": ""fixed"", ""12"": ""fixed"", ""13"": ""fixed"", ""14"": ""fixed"", ""15"": ""fixed"", ""2"": ""fixed"", ""3"": ""fixed"", ""4"": ""fixed"", ""5"": ""fixed"", ""6"": ""fixed"", ""7"": ""fixed"", ""8"": ""fixed"", ""9"": ""fixed""}","{""0"": ""fixed"", ""1"": ""fixed"", ""2"": ""fixed"", ""3"": ""fixed""}","[0, 1, 2, 3, 4, 5, 6, 7, 8, 9, 10, 11, 12, 13, 14, 15]",[],[],False,full_key_unique,True,uf_axiom,
SB_28__ARK_11,SB_28,ARK_11,SB-ARK,0,0,0,1,0,0,0,0,0,0,0,0,early_late_mixed,actual_core384_gap,SB_28__ARK_11,1,192,2,differential,sat,unsat,0.02092050202190876,204.54881479032338,99107579bc3c2c3b0d7a8a6fd1573606,99107579bc3c2c3b0d7a8a6fd1573606,,True,sat,False,False,False,,"{""0"": ""fixed"", ""1"": ""fixed"", ""10"": ""fixed"", ""11"": ""fixed"", ""12"": ""fixed"", ""13"": ""fixed"", ""14"": ""fixed"", ""15"": ""fixed"", ""2"": ""fixed"", ""3"": ""fixed"", ""4"": ""fixed"", ""5"": ""fixed"", ""6"": ""fixed"", ""7"": ""fixed"", ""8"": ""fixed"", ""9"": ""fixed""}","{""0"": ""fixed"", ""1"": ""fixed"", ""2"": ""fixed"", ""3"": ""fixed""}","[0, 1, 2, 3, 4, 5, 6, 7, 8, 9, 10, 11, 12, 13, 14, 15]",[],[],False,full_key_unique,True,uf_axiom,
SB_51__ARK_17,SB_51,ARK_17,SB-ARK,0,0,1,0,0,0,0,0,1,0,0,0,early_late_mixed,actual_core384_gap,SB_51__ARK_17,1,192,2,differential,sat,unsat,0.01119844987988472,328.98684279061854,99107579bc3c2c3b0d7a8a6fd1573606,99107579bc3c2c3b0d7a8a6fd1573606,,True,sat,False,False,False,,"{""0"": ""fixed"", ""1"": ""fixed"", ""10"": ""fixed"", ""11"": ""fixed"", ""12"": ""fixed"", ""13"": ""fixed"", ""14"": ""fixed"", ""15"": ""fixed"", ""2"": ""fixed"", ""3"": ""fixed"", ""4"": ""fixed"", ""5"": ""fixed"", ""6"": ""fixed"", ""7"": ""fixed"", ""8"": ""fixed"", ""9"": ""fixed""}","{""0"": ""fixed"", ""1"": ""fixed"", ""2"": ""fixed"", ""3"": ""fixed""}","[0, 1, 2, 3, 4, 5, 6, 7, 8, 9, 10, 11, 12, 13, 14, 15]",[],[],False,full_key_unique,True,uf_axiom,
SB_127__ARK_94,SB_127,ARK_94,SB-ARK,0,0,1,0,0,0,0,0,1,0,0,0,early_late_mixed,actual_core384_gap,SB_127__ARK_94,1,192,2,differential,sat,unsat,0.012090975418686867,104.03414160013199,99107579bc3c2c3b0d7a8a6fd1573606,99107579bc3c2c3b0d7a8a6fd1573606,,True,sat,False,False,False,,"{""0"": ""fixed"", ""1"": ""fixed"", ""10"": ""fixed"", ""11"": ""fixed"", ""12"": ""fixed"", ""13"": ""fixed"", ""14"": ""fixed"", ""15"": ""fixed"", ""2"": ""fixed"", ""3"": ""fixed"", ""4"": ""fixed"", ""5"": ""fixed"", ""6"": ""fixed"", ""7"": ""fixed"", ""8"": ""fixed"", ""9"": ""fixed""}","{""0"": ""fixed"", ""1"": ""fixed"", ""2"": ""fixed"", ""3"": ""fixed""}","[0, 1, 2, 3, 4, 5, 6, 7, 8, 9, 10, 11, 12, 13, 14, 15]",[],[],False,full_key_unique,True,uf_axiom,
SB_28__ARK_11,SB_28,ARK_11,SB-ARK,0,0,0,1,0,0,0,0,0,0,0,0,early_late_mixed,actual_core384_gap,SB_28__ARK_11,0,192,2,differential,sat,unsat,0.009916236624121666,274.3057821970433,edf43a9a19e4a3f3bf1eec668bd00cf6,edf43a9a19e4a3f3bf1eec668bd00cf6,,True,sat,False,False,False,,"{""0"": ""fixed"", ""1"": ""fixed"", ""10"": ""fixed"", ""11"": ""fixed"", ""12"": ""fixed"", ""13"": ""fixed"", ""14"": ""fixed"", ""15"": ""fixed"", ""2"": ""fixed"", ""3"": ""fixed"", ""4"": ""fixed"", ""5"": ""fixed"", ""6"": ""fixed"", ""7"": ""fixed"", ""8"": ""fixed"", ""9"": ""fixed""}","{""0"": ""fixed"", ""1"": ""fixed"", ""2"": ""fixed"", ""3"": ""fixed""}","[0, 1, 2, 3, 4, 5, 6, 7, 8, 9, 10, 11, 12, 13, 14, 15]",[],[],False,full_key_unique,True,uf_axiom,
SB_127__ARK_90,SB_127,ARK_90,SB-ARK,0,0,1,0,0,0,0,0,1,0,0,0,early_late_mixed,actual_core384_gap,SB_127__ARK_90,2,192,2,differential,sat,unsat,0.009969539940357208,209.86608047038317,a66f651322597191ab9f8f8af4c2db61,a66f651322597191ab9f8f8af4c2db61,,True,sat,False,False,False,,"{""0"": ""fixed"", ""1"": ""fixed"", ""10"": ""fixed"", ""11"": ""fixed"", ""12"": ""fixed"", ""13"": ""fixed"", ""14"": ""fixed"", ""15"": ""fixed"", ""2"": ""fixed"", ""3"": ""fixed"", ""4"": ""fixed"", ""5"": ""fixed"", ""6"": ""fixed"", ""7"": ""fixed"", ""8"": ""fixed"", ""9"": ""fixed""}","{""0"": ""fixed"", ""1"": ""fixed"", ""2"": ""fixed"", ""3"": ""fixed""}","[0, 1, 2, 3, 4, 5, 6, 7, 8, 9, 10, 11, 12, 13, 14, 15]",[],[],False,full_key_unique,True,uf_axiom,
SR_6__ARK_5,SR_6,ARK_5,SR-ARK,0,1,1,1,0,0,0,0,0,0,0,0,early_late_mixed,actual_core384_gap,SR_6__ARK_5,1,192,2,differential,sat,unsat,0.008734794333577156,181.38376934081316,99107579bc3c2c3b0d7a8a6fd1573606,99107579bc3c2c3b0d7a8a6fd1573606,,True,sat,False,False,False,,"{""0"": ""fixed"", ""1"": ""fixed"", ""10"": ""fixed"", ""11"": ""fixed"", ""12"": ""fixed"", ""13"": ""fixed"", ""14"": ""fixed"", ""15"": ""fixed"", ""2"": ""fixed"", ""3"": ""fixed"", ""4"": ""fixed"", ""5"": ""fixed"", ""6"": ""fixed"", ""7"": ""fixed"", ""8"": ""fixed"", ""9"": ""fixed""}","{""0"": ""fixed"", ""1"": ""fixed"", ""2"": ""fixed"", ""3"": ""fixed""}","[0, 1, 2, 3, 4, 5, 6, 7, 8, 9, 10, 11, 12, 13, 14, 15]",[],[],False,full_key_unique,True,uf_axiom,
SB_51__ARK_17,SB_51,ARK_17,SB-ARK,0,0,1,0,0,0,0,0,1,0,0,0,early_late_mixed,actual_core384_gap,SB_51__ARK_17,0,192,2,differential,sat,unsat,0.01004466600716114,393.62571834772825,edf43a9a19e4a3f3bf1eec668bd00cf6,edf43a9a19e4a3f3bf1eec668bd00cf6,,True,sat,False,False,False,,"{""0"": ""fixed"", ""1"": ""fixed"", ""10"": ""fixed"", ""11"": ""fixed"", ""12"": ""fixed"", ""13"": ""fixed"", ""14"": ""fixed"", ""15"": ""fixed"", ""2"": ""fixed"", ""3"": ""fixed"", ""4"": ""fixed"", ""5"": ""fixed"", ""6"": ""fixed"", ""7"": ""fixed"", ""8"": ""fixed"", ""9"": ""fixed""}","{""0"": ""fixed"", ""1"": ""fixed"", ""2"": ""fixed"", ""3"": ""fixed""}","[0, 1, 2, 3, 4, 5, 6, 7, 8, 9, 10, 11, 12, 13, 14, 15]",[],[],False,full_key_unique,True,uf_axiom,
MC_73__ARK_91,MC_73,ARK_91,MC-ARK,0,0,0,1,0,0,0,1,0,0,0,0,weak_same_column,actual_core384_gap,MC_73__ARK_91,2,96,2,differential,sat,unsat,0.0044518765062093735,121.08727101422846,a66f651322597191ab9f8f8af4c2db61,a66f651322597191ab9f8f8af4c2db61,,True,sat,False,False,False,,"{""0"": ""fixed"", ""1"": ""fixed"", ""10"": ""fixed"", ""11"": ""fixed"", ""12"": ""fixed"", ""13"": ""fixed"", ""14"": ""fixed"", ""15"": ""fixed"", ""2"": ""fixed"", ""3"": ""fixed"", ""4"": ""fixed"", ""5"": ""fixed"", ""6"": ""fixed"", ""7"": ""fixed"", ""8"": ""fixed"", ""9"": ""fixed""}","{""0"": ""fixed"", ""1"": ""fixed"", ""2"": ""fixed"", ""3"": ""fixed""}","[0, 1, 2, 3, 4, 5, 6, 7, 8, 9, 10, 11, 12, 13, 14, 15]",[],[],False,full_key_unique,True,uf_axiom,
MC_72__ARK_92,MC_72,ARK_92,MC-ARK,0,0,0,1,0,0,0,0,0,0,0,0,late_only,actual_core384_gap,MC_72__ARK_92,1,96,2,differential,sat,unsat,0.004489630460739136,99.34245471097529,99107579bc3c2c3b0d7a8a6fd1573606,99107579bc3c2c3b0d7a8a6fd1573606,,True,sat,False,False,False,,"{""0"": ""fixed"", ""1"": ""fixed"", ""10"": ""fixed"", ""11"": ""fixed"", ""12"": ""fixed"", ""13"": ""fixed"", ""14"": ""fixed"", ""15"": ""fixed"", ""2"": ""fixed"", ""3"": ""fixed"", ""4"": ""fixed"", ""5"": ""fixed"", ""6"": ""fixed"", ""7"": ""fixed"", ""8"": ""fixed"", ""9"": ""fixed""}","{""0"": ""fixed"", ""1"": ""fixed"", ""2"": ""fixed"", ""3"": ""fixed""}","[0, 1, 2, 3, 4, 5, 6, 7, 8, 9, 10, 11, 12, 13, 14, 15]",[],[],False,full_key_unique,True,uf_axiom,
SB_65__ARK_34,SB_65,ARK_34,SB-ARK,0,0,1,0,0,0,0,0,1,0,0,0,early_late_mixed,actual_core384_gap,SB_65__ARK_34,1,192,2,differential,sat,unsat,0.01077093556523323,132.03372251987457,99107579bc3c2c3b0d7a8a6fd1573606,99107579bc3c2c3b0d7a8a6fd1573606,,True,sat,False,False,False,,"{""0"": ""fixed"", ""1"": ""fixed"", ""10"": ""fixed"", ""11"": ""fixed"", ""12"": ""fixed"", ""13"": ""fixed"", ""14"": ""fixed"", ""15"": ""fixed"", ""2"": ""fixed"", ""3"": ""fixed"", ""4"": ""fixed"", ""5"": ""fixed"", ""6"": ""fixed"", ""7"": ""fixed"", ""8"": ""fixed"", ""9"": ""fixed""}","{""0"": ""fixed"", ""1"": ""fixed"", ""2"": ""fixed"", ""3"": ""fixed""}","[0, 1, 2, 3, 4, 5, 6, 7, 8, 9, 10, 11, 12, 13, 14, 15]",[],[],False,full_key_unique,True,uf_axiom,
SB_17__ARK_92,SB_17,ARK_92,SB-ARK,0,0,0,0,0,0,0,0,0,0,1,0,early_late_mixed,actual_core384_gap,SB_17__ARK_92,0,192,2,differential,sat,unsat,0.010389568284153938,423.09346684627235,edf43a9a19e4a3f3bf1eec668bd00cf6,edf43a9a19e4a3f3bf1eec668bd00cf6,,True,sat,False,False,False,,"{""0"": ""fixed"", ""1"": ""fixed"", ""10"": ""fixed"", ""11"": ""fixed"", ""12"": ""fixed"", ""13"": ""fixed"", ""14"": ""fixed"", ""15"": ""fixed"", ""2"": ""fixed"", ""3"": ""fixed"", ""4"": ""fixed"", ""5"": ""fixed"", ""6"": ""fixed"", ""7"": ""fixed"", ""8"": ""fixed"", ""9"": ""fixed""}","{""0"": ""fixed"", ""1"": ""fixed"", ""2"": ""fixed"", ""3"": ""fixed""}","[0, 1, 2, 3, 4, 5, 6, 7, 8, 9, 10, 11, 12, 13, 14, 15]",[],[],False,full_key_unique,True,uf_axiom,
SB_127__ARK_94,SB_127,ARK_94,SB-ARK,0,0,1,0,0,0,0,0,1,0,0,0,early_late_mixed,actual_core384_gap,SB_127__ARK_94,2,192,2,differential,sat,unsat,0.02038116194307804,304.8070316426456,a66f651322597191ab9f8f8af4c2db61,a66f651322597191ab9f8f8af4c2db61,,True,sat,False,False,False,,"{""0"": ""fixed"", ""1"": ""fixed"", ""10"": ""fixed"", ""11"": ""fixed"", ""12"": ""fixed"", ""13"": ""fixed"", ""14"": ""fixed"", ""15"": ""fixed"", ""2"": ""fixed"", ""3"": ""fixed"", ""4"": ""fixed"", ""5"": ""fixed"", ""6"": ""fixed"", ""7"": ""fixed"", ""8"": ""fixed"", ""9"": ""fixed""}","{""0"": ""fixed"", ""1"": ""fixed"", ""2"": ""fixed"", ""3"": ""fixed""}","[0, 1, 2, 3, 4, 5, 6, 7, 8, 9, 10, 11, 12, 13, 14, 15]",[],[],False,full_key_unique,True,uf_axiom,
SB_28__ARK_11,SB_28,ARK_11,SB-ARK,0,0,0,1,0,0,0,0,0,0,0,0,early_late_mixed,actual_core384_gap,SB_28__ARK_11,2,192,2,differential,sat,unsat,0.012019872665405273,336.3561847656965,a66f651322597191ab9f8f8af4c2db61,a66f651322597191ab9f8f8af4c2db61,,True,sat,False,False,False,,"{""0"": ""fixed"", ""1"": ""fixed"", ""10"": ""fixed"", ""11"": ""fixed"", ""12"": ""fixed"", ""13"": ""fixed"", ""14"": ""fixed"", ""15"": ""fixed"", ""2"": ""fixed"", ""3"": ""fixed"", ""4"": ""fixed"", ""5"": ""fixed"", ""6"": ""fixed"", ""7"": ""fixed"", ""8"": ""fixed"", ""9"": ""fixed""}","{""0"": ""fixed"", ""1"": ""fixed"", ""2"": ""fixed"", ""3"": ""fixed""}","[0, 1, 2, 3, 4, 5, 6, 7, 8, 9, 10, 11, 12, 13, 14, 15]",[],[],False,full_key_unique,True,uf_axiom,
SR_19__ARK_77,SR_19,ARK_77,SR-ARK,0,0,0,0,0,0,0,0,0,0,1,0,early_late_mixed,actual_core384_gap,SR_19__ARK_77,2,192,2,differential,sat,unsat,0.010712822899222374,100.94699295982718,a66f651322597191ab9f8f8af4c2db61,a66f651322597191ab9f8f8af4c2db61,,True,sat,False,False,False,,"{""0"": ""fixed"", ""1"": ""fixed"", ""10"": ""fixed"", ""11"": ""fixed"", ""12"": ""fixed"", ""13"": ""fixed"", ""14"": ""fixed"", ""15"": ""fixed"", ""2"": ""fixed"", ""3"": ""fixed"", ""4"": ""fixed"", ""5"": ""fixed"", ""6"": ""fixed"", ""7"": ""fixed"", ""8"": ""fixed"", ""9"": ""fixed""}","{""0"": ""fixed"", ""1"": ""fixed"", ""2"": ""fixed"", ""3"": ""fixed""}","[0, 1, 2, 3, 4, 5, 6, 7, 8, 9, 10, 11, 12, 13, 14, 15]",[],[],False,full_key_unique,True,uf_axiom,
SB_127__ARK_90,SB_127,ARK_90,SB-ARK,0,0,1,0,0,0,0,0,1,0,0,0,early_late_mixed,actual_core384_gap,SB_127__ARK_90,0,192,2,differential,sat,unsat,0.01987452246248722,355.7806911394,edf43a9a19e4a3f3bf1eec668bd00cf6,edf43a9a19e4a3f3bf1eec668bd00cf6,,True,sat,False,False,False,,"{""0"": ""fixed"", ""1"": ""fixed"", ""10"": ""fixed"", ""11"": ""fixed"", ""12"": ""fixed"", ""13"": ""fixed"", ""14"": ""fixed"", ""15"": ""fixed"", ""2"": ""fixed"", ""3"": ""fixed"", ""4"": ""fixed"", ""5"": ""fixed"", ""6"": ""fixed"", ""7"": ""fixed"", ""8"": ""fixed"", ""9"": ""fixed""}","{""0"": ""fixed"", ""1"": ""fixed"", ""2"": ""fixed"", ""3"": ""fixed""}","[0, 1, 2, 3, 4, 5, 6, 7, 8, 9, 10, 11, 12, 13, 14, 15]",[],[],False,full_key_unique,True,uf_axiom,
SB_127__ARK_94,SB_127,ARK_94,SB-ARK,0,0,1,0,0,0,0,0,1,0,0,0,early_late_mixed,actual_core384_gap,SB_127__ARK_94,0,192,2,differential,sat,unsat,0.016789156943559647,315.75712400488555,edf43a9a19e4a3f3bf1eec668bd00cf6,edf43a9a19e4a3f3bf1eec668bd00cf6,,True,sat,False,False,False,,"{""0"": ""fixed"", ""1"": ""fixed"", ""10"": ""fixed"", ""11"": ""fixed"", ""12"": ""fixed"", ""13"": ""fixed"", ""14"": ""fixed"", ""15"": ""fixed"", ""2"": ""fixed"", ""3"": ""fixed"", ""4"": ""fixed"", ""5"": ""fixed"", ""6"": ""fixed"", ""7"": ""fixed"", ""8"": ""fixed"", ""9"": ""fixed""}","{""0"": ""fixed"", ""1"": ""fixed"", ""2"": ""fixed"", ""3"": ""fixed""}","[0, 1, 2, 3, 4, 5, 6, 7, 8, 9, 10, 11, 12, 13, 14, 15]",[],[],False,full_key_unique,True,uf_axiom,
SB_65__ARK_34,SB_65,ARK_34,SB-ARK,0,0,1,0,0,0,0,0,1,0,0,0,early_late_mixed,actual_core384_gap,SB_65__ARK_34,0,192,2,differential,sat,unsat,0.011889342218637466,245.41031675599515,edf43a9a19e4a3f3bf1eec668bd00cf6,edf43a9a19e4a3f3bf1eec668bd00cf6,,True,sat,False,False,False,,"{""0"": ""fixed"", ""1"": ""fixed"", ""10"": ""fixed"", ""11"": ""fixed"", ""12"": ""fixed"", ""13"": ""fixed"", ""14"": ""fixed"", ""15"": ""fixed"", ""2"": ""fixed"", ""3"": ""fixed"", ""4"": ""fixed"", ""5"": ""fixed"", ""6"": ""fixed"", ""7"": ""fixed"", ""8"": ""fixed"", ""9"": ""fixed""}","{""0"": ""fixed"", ""1"": ""fixed"", ""2"": ""fixed"", ""3"": ""fixed""}","[0, 1, 2, 3, 4, 5, 6, 7, 8, 9, 10, 11, 12, 13, 14, 15]",[],[],False,full_key_unique,True,uf_axiom,
MC_73__ARK_91,MC_73,ARK_91,MC-ARK,0,0,0,1,0,0,0,1,0,0,0,0,weak_same_column,actual_core384_gap,MC_73__ARK_91,0,96,2,differential,sat,unsat,0.007738195359706879,233.12682952731848,edf43a9a19e4a3f3bf1eec668bd00cf6,edf43a9a19e4a3f3bf1eec668bd00cf6,,True,sat,False,False,False,,"{""0"": ""fixed"", ""1"": ""fixed"", ""10"": ""fixed"", ""11"": ""fixed"", ""12"": ""fixed"", ""13"": ""fixed"", ""14"": ""fixed"", ""15"": ""fixed"", ""2"": ""fixed"", ""3"": ""fixed"", ""4"": ""fixed"", ""5"": ""fixed"", ""6"": ""fixed"", ""7"": ""fixed"", ""8"": ""fixed"", ""9"": ""fixed""}","{""0"": ""fixed"", ""1"": ""fixed"", ""2"": ""fixed"", ""3"": ""fixed""}","[0, 1, 2, 3, 4, 5, 6, 7, 8, 9, 10, 11, 12, 13, 14, 15]",[],[],False,full_key_unique,True,uf_axiom,
SR_80__ARK_47,SR_80,ARK_47,SR-ARK,0,0,0,0,0,0,0,0,0,0,1,0,early_late_mixed,actual_core384_gap,SR_80__ARK_47,1,128,2,differential,sat,unsat,0.00697668269276619,291.231151971966,99107579bc3c2c3b0d7a8a6fd1573606,99107579bc3c2c3b0d7a8a6fd1573606,,True,sat,False,False,False,,"{""0"": ""fixed"", ""1"": ""fixed"", ""10"": ""fixed"", ""11"": ""fixed"", ""12"": ""fixed"", ""13"": ""fixed"", ""14"": ""fixed"", ""15"": ""fixed"", ""2"": ""fixed"", ""3"": ""fixed"", ""4"": ""fixed"", ""5"": ""fixed"", ""6"": ""fixed"", ""7"": ""fixed"", ""8"": ""fixed"", ""9"": ""fixed""}","{""0"": ""fixed"", ""1"": ""fixed"", ""2"": ""fixed"", ""3"": ""fixed""}","[0, 1, 2, 3, 4, 5, 6, 7, 8, 9, 10, 11, 12, 13, 14, 15]",[],[],False,full_key_unique,True,uf_axiom,
SR_96__ARK_98,SR_96,ARK_98,SR-ARK,0,1,1,1,0,0,0,0,0,0,0,0,early_late_mixed,actual_core384_gap,SR_96__ARK_98,1,192,2,differential,sat,unsat,0.010868264362215996,376.8028142750263,99107579bc3c2c3b0d7a8a6fd1573606,99107579bc3c2c3b0d7a8a6fd1573606,,True,sat,False,False,False,,"{""0"": ""fixed"", ""1"": ""fixed"", ""10"": ""fixed"", ""11"": ""fixed"", ""12"": ""fixed"", ""13"": ""fixed"", ""14"": ""fixed"", ""15"": ""fixed"", ""2"": ""fixed"", ""3"": ""fixed"", ""4"": ""fixed"", ""5"": ""fixed"", ""6"": ""fixed"", ""7"": ""fixed"", ""8"": ""fixed"", ""9"": ""fixed""}","{""0"": ""fixed"", ""1"": ""fixed"", ""2"": ""fixed"", ""3"": ""fixed""}","[0, 1, 2, 3, 4, 5, 6, 7, 8, 9, 10, 11, 12, 13, 14, 15]",[],[],False,full_key_unique,True,uf_axiom,
SR_11__ARK_83,SR_11,ARK_83,SR-ARK,0,0,0,0,1,0,0,0,0,0,1,0,early_late_mixed,actual_core384_gap,SR_11__ARK_83,0,192,2,differential,sat,unsat,0.010364025831222534,266.94335769861937,edf43a9a19e4a3f3bf1eec668bd00cf6,edf43a9a19e4a3f3bf1eec668bd00cf6,,True,sat,False,False,False,,"{""0"": ""fixed"", ""1"": ""fixed"", ""10"": ""fixed"", ""11"": ""fixed"", ""12"": ""fixed"", ""13"": ""fixed"", ""14"": ""fixed"", ""15"": ""fixed"", ""2"": ""fixed"", ""3"": ""fixed"", ""4"": ""fixed"", ""5"": ""fixed"", ""6"": ""fixed"", ""7"": ""fixed"", ""8"": ""fixed"", ""9"": ""fixed""}","{""0"": ""fixed"", ""1"": ""fixed"", ""2"": ""fixed"", ""3"": ""fixed""}","[0, 1, 2, 3, 4, 5, 6, 7, 8, 9, 10, 11, 12, 13, 14, 15]",[],[],False,full_key_unique,True,uf_axiom,
SR_19__ARK_77,SR_19,ARK_77,SR-ARK,0,0,0,0,0,0,0,0,0,0,1,0,early_late_mixed,actual_core384_gap,SR_19__ARK_77,1,192,2,differential,sat,unsat,0.01096636988222599,42.15701885148883,99107579bc3c2c3b0d7a8a6fd1573606,99107579bc3c2c3b0d7a8a6fd1573606,,True,sat,False,False,False,,"{""0"": ""fixed"", ""1"": ""fixed"", ""10"": ""fixed"", ""11"": ""fixed"", ""12"": ""fixed"", ""13"": ""fixed"", ""14"": ""fixed"", ""15"": ""fixed"", ""2"": ""fixed"", ""3"": ""fixed"", ""4"": ""fixed"", ""5"": ""fixed"", ""6"": ""fixed"", ""7"": ""fixed"", ""8"": ""fixed"", ""9"": ""fixed""}","{""0"": ""fixed"", ""1"": ""fixed"", ""2"": ""fixed"", ""3"": ""fixed""}","[0, 1, 2, 3, 4, 5, 6, 7, 8, 9, 10, 11, 12, 13, 14, 15]",[],[],False,full_key_unique,True,uf_axiom,
MC_72__ARK_92,MC_72,ARK_92,MC-ARK,0,0,0,1,0,0,0,0,0,0,0,0,late_only,actual_core384_gap,MC_72__ARK_92,0,128,2,differential,sat,unsat,0.006065048277378082,104.0665244255215,edf43a9a19e4a3f3bf1eec668bd00cf6,edf43a9a19e4a3f3bf1eec668bd00cf6,,True,sat,False,False,False,,"{""0"": ""fixed"", ""1"": ""fixed"", ""10"": ""fixed"", ""11"": ""fixed"", ""12"": ""fixed"", ""13"": ""fixed"", ""14"": ""fixed"", ""15"": ""fixed"", ""2"": ""fixed"", ""3"": ""fixed"", ""4"": ""fixed"", ""5"": ""fixed"", ""6"": ""fixed"", ""7"": ""fixed"", ""8"": ""fixed"", ""9"": ""fixed""}","{""0"": ""fixed"", ""1"": ""fixed"", ""2"": ""fixed"", ""3"": ""fixed""}","[0, 1, 2, 3, 4, 5, 6, 7, 8, 9, 10, 11, 12, 13, 14, 15]",[],[],False,full_key_unique,True,uf_axiom,
MC_9__ARK_1,MC_9,ARK_1,MC-ARK,0,0,0,1,1,0,1,0,0,0,0,0,weak_same_column,actual_core384_gap,MC_9__ARK_1,1,128,2,differential,sat,unsat,0.0065146517008543015,269.7460877224803,99107579bc3c2c3b0d7a8a6fd1573606,99107579bc3c2c3b0d7a8a6fd1573606,,True,sat,False,False,False,,"{""0"": ""fixed"", ""1"": ""fixed"", ""10"": ""fixed"", ""11"": ""fixed"", ""12"": ""fixed"", ""13"": ""fixed"", ""14"": ""fixed"", ""15"": ""fixed"", ""2"": ""fixed"", ""3"": ""fixed"", ""4"": ""fixed"", ""5"": ""fixed"", ""6"": ""fixed"", ""7"": ""fixed"", ""8"": ""fixed"", ""9"": ""fixed""}","{""0"": ""fixed"", ""1"": ""fixed"", ""2"": ""fixed"", ""3"": ""fixed""}","[0, 1, 2, 3, 4, 5, 6, 7, 8, 9, 10, 11, 12, 13, 14, 15]",[],[],False,full_key_unique,True,uf_axiom,
MC_90__ARK_81,MC_90,ARK_81,MC-ARK,0,0,0,1,0,0,0,1,0,0,0,0,weak_same_column,actual_core384_gap,MC_90__ARK_81,2,96,2,differential,sat,unsat,0.004535673186182976,172.2750656120479,a66f651322597191ab9f8f8af4c2db61,a66f651322597191ab9f8f8af4c2db61,,True,sat,False,False,False,,"{""0"": ""fixed"", ""1"": ""fixed"", ""10"": ""fixed"", ""11"": ""fixed"", ""12"": ""fixed"", ""13"": ""fixed"", ""14"": ""fixed"", ""15"": ""fixed"", ""2"": ""fixed"", ""3"": ""fixed"", ""4"": ""fixed"", ""5"": ""fixed"", ""6"": ""fixed"", ""7"": ""fixed"", ""8"": ""fixed"", ""9"": ""fixed""}","{""0"": ""fixed"", ""1"": ""fixed"", ""2"": ""fixed"", ""3"": ""fixed""}","[0, 1, 2, 3, 4, 5, 6, 7, 8, 9, 10, 11, 12, 13, 14, 15]",[],[],False,full_key_unique,True,uf_axiom,
MC_73__ARK_91,MC_73,ARK_91,MC-ARK,0,0,0,1,0,0,0,1,0,0,0,0,weak_same_column,actual_core384_gap,MC_73__ARK_91,1,96,2,differential,sat,unsat,0.005106471478939056,198.53992079943419,99107579bc3c2c3b0d7a8a6fd1573606,99107579bc3c2c3b0d7a8a6fd1573606,,True,sat,False,False,False,,"{""0"": ""fixed"", ""1"": ""fixed"", ""10"": ""fixed"", ""11"": ""fixed"", ""12"": ""fixed"", ""13"": ""fixed"", ""14"": ""fixed"", ""15"": ""fixed"", ""2"": ""fixed"", ""3"": ""fixed"", ""4"": ""fixed"", ""5"": ""fixed"", ""6"": ""fixed"", ""7"": ""fixed"", ""8"": ""fixed"", ""9"": ""fixed""}","{""0"": ""fixed"", ""1"": ""fixed"", ""2"": ""fixed"", ""3"": ""fixed""}","[0, 1, 2, 3, 4, 5, 6, 7, 8, 9, 10, 11, 12, 13, 14, 15]",[],[],False,full_key_unique,True,uf_axiom,
MC_9__ARK_1,MC_9,ARK_1,MC-ARK,0,0,0,1,1,0,1,0,0,0,0,0,weak_same_column,actual_core384_gap,MC_9__ARK_1,2,192,2,differential,sat,unsat,0.009698713198304176,239.9012757409364,a66f651322597191ab9f8f8af4c2db61,a66f651322597191ab9f8f8af4c2db61,,True,sat,False,False,False,,"{""0"": ""fixed"", ""1"": ""fixed"", ""10"": ""fixed"", ""11"": ""fixed"", ""12"": ""fixed"", ""13"": ""fixed"", ""14"": ""fixed"", ""15"": ""fixed"", ""2"": ""fixed"", ""3"": ""fixed"", ""4"": ""fixed"", ""5"": ""fixed"", ""6"": ""fixed"", ""7"": ""fixed"", ""8"": ""fixed"", ""9"": ""fixed""}","{""0"": ""fixed"", ""1"": ""fixed"", ""2"": ""fixed"", ""3"": ""fixed""}","[0, 1, 2, 3, 4, 5, 6, 7, 8, 9, 10, 11, 12, 13, 14, 15]",[],[],False,full_key_unique,True,uf_axiom,
SR_96__ARK_98,SR_96,ARK_98,SR-ARK,0,1,1,1,0,0,0,0,0,0,0,0,early_late_mixed,actual_core384_gap,SR_96__ARK_98,2,192,2,differential,sat,unsat,0.00847076065838337,340.57155583426356,a66f651322597191ab9f8f8af4c2db61,a66f651322597191ab9f8f8af4c2db61,,True,sat,False,False,False,,"{""0"": ""fixed"", ""1"": ""fixed"", ""10"": ""fixed"", ""11"": ""fixed"", ""12"": ""fixed"", ""13"": ""fixed"", ""14"": ""fixed"", ""15"": ""fixed"", ""2"": ""fixed"", ""3"": ""fixed"", ""4"": ""fixed"", ""5"": ""fixed"", ""6"": ""fixed"", ""7"": ""fixed"", ""8"": ""fixed"", ""9"": ""fixed""}","{""0"": ""fixed"", ""1"": ""fixed"", ""2"": ""fixed"", ""3"": ""fixed""}","[0, 1, 2, 3, 4, 5, 6, 7, 8, 9, 10, 11, 12, 13, 14, 15]",[],[],False,full_key_unique,True,uf_axiom,
MC_90__ARK_81,MC_90,ARK_81,MC-ARK,0,0,0,1,0,0,0,1,0,0,0,0,weak_same_column,actual_core384_gap,MC_90__ARK_81,1,96,2,differential,sat,unsat,0.004870211705565453,105.47808663733304,99107579bc3c2c3b0d7a8a6fd1573606,99107579bc3c2c3b0d7a8a6fd1573606,,True,sat,False,False,False,,"{""0"": ""fixed"", ""1"": ""fixed"", ""10"": ""fixed"", ""11"": ""fixed"", ""12"": ""fixed"", ""13"": ""fixed"", ""14"": ""fixed"", ""15"": ""fixed"", ""2"": ""fixed"", ""3"": ""fixed"", ""4"": ""fixed"", ""5"": ""fixed"", ""6"": ""fixed"", ""7"": ""fixed"", ""8"": ""fixed"", ""9"": ""fixed""}","{""0"": ""fixed"", ""1"": ""fixed"", ""2"": ""fixed"", ""3"": ""fixed""}","[0, 1, 2, 3, 4, 5, 6, 7, 8, 9, 10, 11, 12, 13, 14, 15]",[],[],False,full_key_unique,True,uf_axiom,
MC_77__ARK_77,MC_77,ARK_77,MC-ARK,0,1,1,1,1,0,0,0,0,0,0,1,redundant_late,actual_core384_gap,MC_77__ARK_77,0,192,2,differential,sat,unsat,0.008483482524752617,237.12280823476613,edf43a9a19e4a3f3bf1eec668bd00cf6,edf43a9a19e4a3f3bf1eec668bd00cf6,,True,sat,False,False,False,,"{""0"": ""fixed"", ""1"": ""fixed"", ""10"": ""fixed"", ""11"": ""fixed"", ""12"": ""fixed"", ""13"": ""fixed"", ""14"": ""fixed"", ""15"": ""fixed"", ""2"": ""fixed"", ""3"": ""fixed"", ""4"": ""fixed"", ""5"": ""fixed"", ""6"": ""fixed"", ""7"": ""fixed"", ""8"": ""fixed"", ""9"": ""fixed""}","{""0"": ""fixed"", ""1"": ""fixed"", ""2"": ""fixed"", ""3"": ""fixed""}","[0, 1, 2, 3, 4, 5, 6, 7, 8, 9, 10, 11, 12, 13, 14, 15]",[],[],False,full_key_unique,True,uf_axiom,
SB_17__ARK_92,SB_17,ARK_92,SB-ARK,0,0,0,0,0,0,0,0,0,0,1,0,early_late_mixed,actual_core384_gap,SB_17__ARK_92,1,192,2,differential,sat,unsat,0.015618277713656425,545.4908498562872,99107579bc3c2c3b0d7a8a6fd1573606,99107579bc3c2c3b0d7a8a6fd1573606,,True,sat,False,False,False,,"{""0"": ""fixed"", ""1"": ""fixed"", ""10"": ""fixed"", ""11"": ""fixed"", ""12"": ""fixed"", ""13"": ""fixed"", ""14"": ""fixed"", ""15"": ""fixed"", ""2"": ""fixed"", ""3"": ""fixed"", ""4"": ""fixed"", ""5"": ""fixed"", ""6"": ""fixed"", ""7"": ""fixed"", ""8"": ""fixed"", ""9"": ""fixed""}","{""0"": ""fixed"", ""1"": ""fixed"", ""2"": ""fixed"", ""3"": ""fixed""}","[0, 1, 2, 3, 4, 5, 6, 7, 8, 9, 10, 11, 12, 13, 14, 15]",[],[],False,full_key_unique,True,uf_axiom,
SR_110__ARK_34,SR_110,ARK_34,SR-ARK,0,0,0,0,0,0,0,0,0,0,1,0,early_late_mixed,actual_core384_gap,SR_110__ARK_34,1,192,2,differential,sat,unsat,0.011575408279895782,240.10645453631878,99107579bc3c2c3b0d7a8a6fd1573606,99107579bc3c2c3b0d7a8a6fd1573606,,True,sat,False,False,False,,"{""0"": ""fixed"", ""1"": ""fixed"", ""10"": ""fixed"", ""11"": ""fixed"", ""12"": ""fixed"", ""13"": ""fixed"", ""14"": ""fixed"", ""15"": ""fixed"", ""2"": ""fixed"", ""3"": ""fixed"", ""4"": ""fixed"", ""5"": ""fixed"", ""6"": ""fixed"", ""7"": ""fixed"", ""8"": ""fixed"", ""9"": ""fixed""}","{""0"": ""fixed"", ""1"": ""fixed"", ""2"": ""fixed"", ""3"": ""fixed""}","[0, 1, 2, 3, 4, 5, 6, 7, 8, 9, 10, 11, 12, 13, 14, 15]",[],[],False,full_key_unique,True,uf_axiom,
SR_14__ARK_8,SR_14,ARK_8,SR-ARK,0,1,1,1,0,0,0,0,0,0,0,0,early_late_mixed,actual_core384_gap,SR_14__ARK_8,0,192,2,differential,sat,unsat,0.008213246241211891,279.0382040590048,edf43a9a19e4a3f3bf1eec668bd00cf6,edf43a9a19e4a3f3bf1eec668bd00cf6,,True,sat,False,False,False,,"{""0"": ""fixed"", ""1"": ""fixed"", ""10"": ""fixed"", ""11"": ""fixed"", ""12"": ""fixed"", ""13"": ""fixed"", ""14"": ""fixed"", ""15"": ""fixed"", ""2"": ""fixed"", ""3"": ""fixed"", ""4"": ""fixed"", ""5"": ""fixed"", ""6"": ""fixed"", ""7"": ""fixed"", ""8"": ""fixed"", ""9"": ""fixed""}","{""0"": ""fixed"", ""1"": ""fixed"", ""2"": ""fixed"", ""3"": ""fixed""}","[0, 1, 2, 3, 4, 5, 6, 7, 8, 9, 10, 11, 12, 13, 14, 15]",[],[],False,full_key_unique,True,uf_axiom,
SR_80__ARK_47,SR_80,ARK_47,SR-ARK,0,0,0,0,0,0,0,0,0,0,1,0,early_late_mixed,actual_core384_gap,SR_80__ARK_47,2,192,2,differential,sat,unsat,0.010481037199497223,181.3606914486736,a66f651322597191ab9f8f8af4c2db61,a66f651322597191ab9f8f8af4c2db61,,True,sat,False,False,False,,"{""0"": ""fixed"", ""1"": ""fixed"", ""10"": ""fixed"", ""11"": ""fixed"", ""12"": ""fixed"", ""13"": ""fixed"", ""14"": ""fixed"", ""15"": ""fixed"", ""2"": ""fixed"", ""3"": ""fixed"", ""4"": ""fixed"", ""5"": ""fixed"", ""6"": ""fixed"", ""7"": ""fixed"", ""8"": ""fixed"", ""9"": ""fixed""}","{""0"": ""fixed"", ""1"": ""fixed"", ""2"": ""fixed"", ""3"": ""fixed""}","[0, 1, 2, 3, 4, 5, 6, 7, 8, 9, 10, 11, 12, 13, 14, 15]",[],[],False,full_key_unique,True,uf_axiom,
MC_77__ARK_77,MC_77,ARK_77,MC-ARK,0,1,1,1,1,0,0,0,0,0,0,1,redundant_late,actual_core384_gap,MC_77__ARK_77,2,192,2,differential,sat,unsat,0.016166748479008675,302.34243826009333,a66f651322597191ab9f8f8af4c2db61,a66f651322597191ab9f8f8af4c2db61,,True,sat,False,False,False,,"{""0"": ""fixed"", ""1"": ""fixed"", ""10"": ""fixed"", ""11"": ""fixed"", ""12"": ""fixed"", ""13"": ""fixed"", ""14"": ""fixed"", ""15"": ""fixed"", ""2"": ""fixed"", ""3"": ""fixed"", ""4"": ""fixed"", ""5"": ""fixed"", ""6"": ""fixed"", ""7"": ""fixed"", ""8"": ""fixed"", ""9"": ""fixed""}","{""0"": ""fixed"", ""1"": ""fixed"", ""2"": ""fixed"", ""3"": ""fixed""}","[0, 1, 2, 3, 4, 5, 6, 7, 8, 9, 10, 11, 12, 13, 14, 15]",[],[],False,full_key_unique,True,uf_axiom,
SR_14__ARK_8,SR_14,ARK_8,SR-ARK,0,1,1,1,0,0,0,0,0,0,0,0,early_late_mixed,actual_core384_gap,SR_14__ARK_8,2,192,2,differential,sat,unsat,0.00874268263578415,273.2040220871568,a66f651322597191ab9f8f8af4c2db61,a66f651322597191ab9f8f8af4c2db61,,True,sat,False,False,False,,"{""0"": ""fixed"", ""1"": ""fixed"", ""10"": ""fixed"", ""11"": ""fixed"", ""12"": ""fixed"", ""13"": ""fixed"", ""14"": ""fixed"", ""15"": ""fixed"", ""2"": ""fixed"", ""3"": ""fixed"", ""4"": ""fixed"", ""5"": ""fixed"", ""6"": ""fixed"", ""7"": ""fixed"", ""8"": ""fixed"", ""9"": ""fixed""}","{""0"": ""fixed"", ""1"": ""fixed"", ""2"": ""fixed"", ""3"": ""fixed""}","[0, 1, 2, 3, 4, 5, 6, 7, 8, 9, 10, 11, 12, 13, 14, 15]",[],[],False,full_key_unique,True,uf_axiom,
SB_127__ARK_90,SB_127,ARK_90,SB-ARK,0,0,1,0,0,0,0,0,1,0,0,0,early_late_mixed,actual_core384_gap,SB_127__ARK_90,1,255,2,differential,sat,unsat,0.015919189900159836,103.18645554222167,99107579bc3c2c3b0d7a8a6fd1573606,99107579bc3c2c3b0d7a8a6fd1573606,,True,sat,False,False,False,,"{""0"": ""fixed"", ""1"": ""fixed"", ""10"": ""fixed"", ""11"": ""fixed"", ""12"": ""fixed"", ""13"": ""fixed"", ""14"": ""fixed"", ""15"": ""fixed"", ""2"": ""fixed"", ""3"": ""fixed"", ""4"": ""fixed"", ""5"": ""fixed"", ""6"": ""fixed"", ""7"": ""fixed"", ""8"": ""fixed"", ""9"": ""fixed""}","{""0"": ""fixed"", ""1"": ""fixed"", ""2"": ""fixed"", ""3"": ""fixed""}","[0, 1, 2, 3, 4, 5, 6, 7, 8, 9, 10, 11, 12, 13, 14, 15]",[],[],False,full_key_unique,True,uf_axiom,
MC_90__ARK_81,MC_90,ARK_81,MC-ARK,0,0,0,1,0,0,0,1,0,0,0,0,weak_same_column,actual_core384_gap,MC_90__ARK_81,0,128,2,differential,sat,unsat,0.007190408185124397,99.10608469881117,edf43a9a19e4a3f3bf1eec668bd00cf6,edf43a9a19e4a3f3bf1eec668bd00cf6,,True,sat,False,False,False,,"{""0"": ""fixed"", ""1"": ""fixed"", ""10"": ""fixed"", ""11"": ""fixed"", ""12"": ""fixed"", ""13"": ""fixed"", ""14"": ""fixed"", ""15"": ""fixed"", ""2"": ""fixed"", ""3"": ""fixed"", ""4"": ""fixed"", ""5"": ""fixed"", ""6"": ""fixed"", ""7"": ""fixed"", ""8"": ""fixed"", ""9"": ""fixed""}","{""0"": ""fixed"", ""1"": ""fixed"", ""2"": ""fixed"", ""3"": ""fixed""}","[0, 1, 2, 3, 4, 5, 6, 7, 8, 9, 10, 11, 12, 13, 14, 15]",[],[],False,full_key_unique,True,uf_axiom,
MC_73__ARK_102,MC_73,ARK_102,MC-ARK,0,0,0,0,0,0,0,0,0,0,1,0,late_only,actual_core384_gap,MC_73__ARK_102,0,96,2,differential,sat,unsat,0.012576214969158173,147.3056961055845,edf43a9a19e4a3f3bf1eec668bd00cf6,edf43a9a19e4a3f3bf1eec668bd00cf6,,True,sat,False,False,False,,"{""0"": ""fixed"", ""1"": ""fixed"", ""10"": ""fixed"", ""11"": ""fixed"", ""12"": ""fixed"", ""13"": ""fixed"", ""14"": ""fixed"", ""15"": ""fixed"", ""2"": ""fixed"", ""3"": ""fixed"", ""4"": ""fixed"", ""5"": ""fixed"", ""6"": ""fixed"", ""7"": ""fixed"", ""8"": ""fixed"", ""9"": ""fixed""}","{""0"": ""fixed"", ""1"": ""fixed"", ""2"": ""fixed"", ""3"": ""fixed""}","[0, 1, 2, 3, 4, 5, 6, 7, 8, 9, 10, 11, 12, 13, 14, 15]",[],[],False,full_key_unique,True,uf_axiom,
MC_9__ARK_1,MC_9,ARK_1,MC-ARK,0,0,0,1,1,0,1,0,0,0,0,0,weak_same_column,actual_core384_gap,MC_9__ARK_1,0,192,2,differential,sat,unsat,0.011737644672393799,171.7069414164871,edf43a9a19e4a3f3bf1eec668bd00cf6,edf43a9a19e4a3f3bf1eec668bd00cf6,,True,sat,False,False,False,,"{""0"": ""fixed"", ""1"": ""fixed"", ""10"": ""fixed"", ""11"": ""fixed"", ""12"": ""fixed"", ""13"": ""fixed"", ""14"": ""fixed"", ""15"": ""fixed"", ""2"": ""fixed"", ""3"": ""fixed"", ""4"": ""fixed"", ""5"": ""fixed"", ""6"": ""fixed"", ""7"": ""fixed"", ""8"": ""fixed"", ""9"": ""fixed""}","{""0"": ""fixed"", ""1"": ""fixed"", ""2"": ""fixed"", ""3"": ""fixed""}","[0, 1, 2, 3, 4, 5, 6, 7, 8, 9, 10, 11, 12, 13, 14, 15]",[],[],False,full_key_unique,True,uf_axiom,
SR_110__ARK_34,SR_110,ARK_34,SR-ARK,0,0,0,0,0,0,0,0,0,0,1,0,early_late_mixed,actual_core384_gap,SR_110__ARK_34,2,192,2,differential,sat,unsat,0.010813497006893158,447.6929553505033,a66f651322597191ab9f8f8af4c2db61,a66f651322597191ab9f8f8af4c2db61,,True,sat,False,False,False,,"{""0"": ""fixed"", ""1"": ""fixed"", ""10"": ""fixed"", ""11"": ""fixed"", ""12"": ""fixed"", ""13"": ""fixed"", ""14"": ""fixed"", ""15"": ""fixed"", ""2"": ""fixed"", ""3"": ""fixed"", ""4"": ""fixed"", ""5"": ""fixed"", ""6"": ""fixed"", ""7"": ""fixed"", ""8"": ""fixed"", ""9"": ""fixed""}","{""0"": ""fixed"", ""1"": ""fixed"", ""2"": ""fixed"", ""3"": ""fixed""}","[0, 1, 2, 3, 4, 5, 6, 7, 8, 9, 10, 11, 12, 13, 14, 15]",[],[],False,full_key_unique,True,uf_axiom,
MC_57__ARK_50,MC_57,ARK_50,MC-ARK,0,0,0,1,0,0,0,1,0,0,0,0,weak_same_column,actual_core384_gap,MC_57__ARK_50,0,96,2,differential,sat,unsat,0.004837982356548309,201.19456890411675,edf43a9a19e4a3f3bf1eec668bd00cf6,edf43a9a19e4a3f3bf1eec668bd00cf6,,True,sat,False,False,False,,"{""0"": ""fixed"", ""1"": ""fixed"", ""10"": ""fixed"", ""11"": ""fixed"", ""12"": ""fixed"", ""13"": ""fixed"", ""14"": ""fixed"", ""15"": ""fixed"", ""2"": ""fixed"", ""3"": ""fixed"", ""4"": ""fixed"", ""5"": ""fixed"", ""6"": ""fixed"", ""7"": ""fixed"", ""8"": ""fixed"", ""9"": ""fixed""}","{""0"": ""fixed"", ""1"": ""fixed"", ""2"": ""fixed"", ""3"": ""fixed""}","[0, 1, 2, 3, 4, 5, 6, 7, 8, 9, 10, 11, 12, 13, 14, 15]",[],[],False,full_key_unique,True,uf_axiom,
MC_52__ARK_117,MC_52,ARK_117,MC-ARK,0,0,1,0,0,0,0,0,1,0,0,0,late_only,actual_core384_gap,MC_52__ARK_117,2,128,2,differential,sat,unsat,0.013729948550462723,180.05047810450196,a66f651322597191ab9f8f8af4c2db61,a66f651322597191ab9f8f8af4c2db61,,True,sat,False,False,False,,"{""0"": ""fixed"", ""1"": ""fixed"", ""10"": ""fixed"", ""11"": ""fixed"", ""12"": ""fixed"", ""13"": ""fixed"", ""14"": ""fixed"", ""15"": ""fixed"", ""2"": ""fixed"", ""3"": ""fixed"", ""4"": ""fixed"", ""5"": ""fixed"", ""6"": ""fixed"", ""7"": ""fixed"", ""8"": ""fixed"", ""9"": ""fixed""}","{""0"": ""fixed"", ""1"": ""fixed"", ""2"": ""fixed"", ""3"": ""fixed""}","[0, 1, 2, 3, 4, 5, 6, 7, 8, 9, 10, 11, 12, 13, 14, 15]",[],[],False,full_key_unique,True,uf_axiom,
SR_80__ARK_47,SR_80,ARK_47,SR-ARK,0,0,0,0,0,0,0,0,0,0,1,0,early_late_mixed,actual_core384_gap,SR_80__ARK_47,0,192,2,differential,sat,unsat,0.0099253598600626,370.6940415110439,edf43a9a19e4a3f3bf1eec668bd00cf6,edf43a9a19e4a3f3bf1eec668bd00cf6,,True,sat,False,False,False,,"{""0"": ""fixed"", ""1"": ""fixed"", ""10"": ""fixed"", ""11"": ""fixed"", ""12"": ""fixed"", ""13"": ""fixed"", ""14"": ""fixed"", ""15"": ""fixed"", ""2"": ""fixed"", ""3"": ""fixed"", ""4"": ""fixed"", ""5"": ""fixed"", ""6"": ""fixed"", ""7"": ""fixed"", ""8"": ""fixed"", ""9"": ""fixed""}","{""0"": ""fixed"", ""1"": ""fixed"", ""2"": ""fixed"", ""3"": ""fixed""}","[0, 1, 2, 3, 4, 5, 6, 7, 8, 9, 10, 11, 12, 13, 14, 15]",[],[],False,full_key_unique,True,uf_axiom,
SR_14__ARK_8,SR_14,ARK_8,SR-ARK,0,1,1,1,0,0,0,0,0,0,0,0,early_late_mixed,actual_core384_gap,SR_14__ARK_8,1,192,2,differential,sat,unsat,0.008898656815290451,505.464989406988,99107579bc3c2c3b0d7a8a6fd1573606,99107579bc3c2c3b0d7a8a6fd1573606,,True,sat,False,False,False,,"{""0"": ""fixed"", ""1"": ""fixed"", ""10"": ""fixed"", ""11"": ""fixed"", ""12"": ""fixed"", ""13"": ""fixed"", ""14"": ""fixed"", ""15"": ""fixed"", ""2"": ""fixed"", ""3"": ""fixed"", ""4"": ""fixed"", ""5"": ""fixed"", ""6"": ""fixed"", ""7"": ""fixed"", ""8"": ""fixed"", ""9"": ""fixed""}","{""0"": ""fixed"", ""1"": ""fixed"", ""2"": ""fixed"", ""3"": ""fixed""}","[0, 1, 2, 3, 4, 5, 6, 7, 8, 9, 10, 11, 12, 13, 14, 15]",[],[],False,full_key_unique,True,uf_axiom,
MC_77__ARK_77,MC_77,ARK_77,MC-ARK,0,1,1,1,1,0,0,0,0,0,0,1,redundant_late,actual_core384_gap,MC_77__ARK_77,1,192,2,differential,sat,unsat,0.011655783280730247,374.3636538311839,99107579bc3c2c3b0d7a8a6fd1573606,99107579bc3c2c3b0d7a8a6fd1573606,,True,sat,False,False,False,,"{""0"": ""fixed"", ""1"": ""fixed"", ""10"": ""fixed"", ""11"": ""fixed"", ""12"": ""fixed"", ""13"": ""fixed"", ""14"": ""fixed"", ""15"": ""fixed"", ""2"": ""fixed"", ""3"": ""fixed"", ""4"": ""fixed"", ""5"": ""fixed"", ""6"": ""fixed"", ""7"": ""fixed"", ""8"": ""fixed"", ""9"": ""fixed""}","{""0"": ""fixed"", ""1"": ""fixed"", ""2"": ""fixed"", ""3"": ""fixed""}","[0, 1, 2, 3, 4, 5, 6, 7, 8, 9, 10, 11, 12, 13, 14, 15]",[],[],False,full_key_unique,True,uf_axiom,
SB_65__ARK_34,SB_65,ARK_34,SB-ARK,0,0,1,0,0,0,0,0,1,0,0,0,early_late_mixed,actual_core384_gap,SB_65__ARK_34,2,255,2,differential,sat,unsat,0.01562988944351673,396.55586946569383,a66f651322597191ab9f8f8af4c2db61,a66f651322597191ab9f8f8af4c2db61,,True,sat,False,False,False,,"{""0"": ""fixed"", ""1"": ""fixed"", ""10"": ""fixed"", ""11"": ""fixed"", ""12"": ""fixed"", ""13"": ""fixed"", ""14"": ""fixed"", ""15"": ""fixed"", ""2"": ""fixed"", ""3"": ""fixed"", ""4"": ""fixed"", ""5"": ""fixed"", ""6"": ""fixed"", ""7"": ""fixed"", ""8"": ""fixed"", ""9"": ""fixed""}","{""0"": ""fixed"", ""1"": ""fixed"", ""2"": ""fixed"", ""3"": ""fixed""}","[0, 1, 2, 3, 4, 5, 6, 7, 8, 9, 10, 11, 12, 13, 14, 15]",[],[],False,full_key_unique,True,uf_axiom,
ARK_66__ARK_73,ARK_66,ARK_73,ARK-ARK,1,0,0,1,0,0,0,1,0,0,0,0,weak_same_column,actual_core384_gap,ARK_66__ARK_73,2,96,2,differential,sat,unsat,0.007252758368849754,76.86973191983998,a66f651322597191ab9f8f8af4c2db61,a66f651322597191ab9f8f8af4c2db61,,True,sat,False,False,False,,"{""0"": ""fixed"", ""1"": ""fixed"", ""10"": ""fixed"", ""11"": ""fixed"", ""12"": ""fixed"", ""13"": ""fixed"", ""14"": ""fixed"", ""15"": ""fixed"", ""2"": ""fixed"", ""3"": ""fixed"", ""4"": ""fixed"", ""5"": ""fixed"", ""6"": ""fixed"", ""7"": ""fixed"", ""8"": ""fixed"", ""9"": ""fixed""}","{""0"": ""fixed"", ""1"": ""fixed"", ""2"": ""fixed"", ""3"": ""fixed""}","[0, 1, 2, 3, 4, 5, 6, 7, 8, 9, 10, 11, 12, 13, 14, 15]",[],[],False,full_key_unique,True,uf_axiom,
ARK_53__ARK_70,ARK_53,ARK_70,ARK-ARK,1,0,0,0,0,0,0,0,0,0,1,0,late_only,actual_core384_gap,ARK_53__ARK_70,2,64,2,differential,sat,unsat,0.005172787234187126,142.56606316193938,a66f651322597191ab9f8f8af4c2db61,a66f651322597191ab9f8f8af4c2db61,,True,sat,False,False,False,,"{""0"": ""fixed"", ""1"": ""fixed"", ""10"": ""fixed"", ""11"": ""fixed"", ""12"": ""fixed"", ""13"": ""fixed"", ""14"": ""fixed"", ""15"": ""fixed"", ""2"": ""fixed"", ""3"": ""fixed"", ""4"": ""fixed"", ""5"": ""fixed"", ""6"": ""fixed"", ""7"": ""fixed"", ""8"": ""fixed"", ""9"": ""fixed""}","{""0"": ""fixed"", ""1"": ""fixed"", ""2"": ""fixed"", ""3"": ""fixed""}","[0, 1, 2, 3, 4, 5, 6, 7, 8, 9, 10, 11, 12, 13, 14, 15]",[],[],False,full_key_unique,True,uf_axiom,
MC_33__ARK_33,MC_33,ARK_33,MC-ARK,0,1,1,1,1,0,0,0,0,0,0,1,redundant_late,actual_core384_gap,MC_33__ARK_33,0,192,2,differential,sat,unsat,0.009024916216731071,207.476478677243,edf43a9a19e4a3f3bf1eec668bd00cf6,edf43a9a19e4a3f3bf1eec668bd00cf6,,True,sat,False,False,False,,"{""0"": ""fixed"", ""1"": ""fixed"", ""10"": ""fixed"", ""11"": ""fixed"", ""12"": ""fixed"", ""13"": ""fixed"", ""14"": ""fixed"", ""15"": ""fixed"", ""2"": ""fixed"", ""3"": ""fixed"", ""4"": ""fixed"", ""5"": ""fixed"", ""6"": ""fixed"", ""7"": ""fixed"", ""8"": ""fixed"", ""9"": ""fixed""}","{""0"": ""fixed"", ""1"": ""fixed"", ""2"": ""fixed"", ""3"": ""fixed""}","[0, 1, 2, 3, 4, 5, 6, 7, 8, 9, 10, 11, 12, 13, 14, 15]",[],[],False,full_key_unique,True,uf_axiom,
MC_57__ARK_50,MC_57,ARK_50,MC-ARK,0,0,0,1,0,0,0,1,0,0,0,0,weak_same_column,actual_core384_gap,MC_57__ARK_50,2,128,2,differential,sat,unsat,0.006224963814020157,132.5855724196881,a66f651322597191ab9f8f8af4c2db61,a66f651322597191ab9f8f8af4c2db61,,True,sat,False,False,False,,"{""0"": ""fixed"", ""1"": ""fixed"", ""10"": ""fixed"", ""11"": ""fixed"", ""12"": ""fixed"", ""13"": ""fixed"", ""14"": ""fixed"", ""15"": ""fixed"", ""2"": ""fixed"", ""3"": ""fixed"", ""4"": ""fixed"", ""5"": ""fixed"", ""6"": ""fixed"", ""7"": ""fixed"", ""8"": ""fixed"", ""9"": ""fixed""}","{""0"": ""fixed"", ""1"": ""fixed"", ""2"": ""fixed"", ""3"": ""fixed""}","[0, 1, 2, 3, 4, 5, 6, 7, 8, 9, 10, 11, 12, 13, 14, 15]",[],[],False,full_key_unique,True,uf_axiom,
SR_6__ARK_5,SR_6,ARK_5,SR-ARK,0,1,1,1,0,0,0,0,0,0,0,0,early_late_mixed,actual_core384_gap,SR_6__ARK_5,0,255,2,differential,sat,unsat,0.01228942722082138,286.69528320617974,edf43a9a19e4a3f3bf1eec668bd00cf6,edf43a9a19e4a3f3bf1eec668bd00cf6,,True,sat,False,False,False,,"{""0"": ""fixed"", ""1"": ""fixed"", ""10"": ""fixed"", ""11"": ""fixed"", ""12"": ""fixed"", ""13"": ""fixed"", ""14"": ""fixed"", ""15"": ""fixed"", ""2"": ""fixed"", ""3"": ""fixed"", ""4"": ""fixed"", ""5"": ""fixed"", ""6"": ""fixed"", ""7"": ""fixed"", ""8"": ""fixed"", ""9"": ""fixed""}","{""0"": ""fixed"", ""1"": ""fixed"", ""2"": ""fixed"", ""3"": ""fixed""}","[0, 1, 2, 3, 4, 5, 6, 7, 8, 9, 10, 11, 12, 13, 14, 15]",[],[],False,full_key_unique,True,uf_axiom,
ARK_98__ARK_125,ARK_98,ARK_125,ARK-ARK,1,0,0,1,0,0,0,1,0,0,0,0,weak_same_column,actual_core384_gap,ARK_98__ARK_125,1,96,2,differential,sat,unsat,0.004709906876087189,261.40531590394676,99107579bc3c2c3b0d7a8a6fd1573606,99107579bc3c2c3b0d7a8a6fd1573606,,True,sat,False,False,False,,"{""0"": ""fixed"", ""1"": ""fixed"", ""10"": ""fixed"", ""11"": ""fixed"", ""12"": ""fixed"", ""13"": ""fixed"", ""14"": ""fixed"", ""15"": ""fixed"", ""2"": ""fixed"", ""3"": ""fixed"", ""4"": ""fixed"", ""5"": ""fixed"", ""6"": ""fixed"", ""7"": ""fixed"", ""8"": ""fixed"", ""9"": ""fixed""}","{""0"": ""fixed"", ""1"": ""fixed"", ""2"": ""fixed"", ""3"": ""fixed""}","[0, 1, 2, 3, 4, 5, 6, 7, 8, 9, 10, 11, 12, 13, 14, 15]",[],[],False,full_key_unique,True,uf_axiom,
ARK_66__ARK_73,ARK_66,ARK_73,ARK-ARK,1,0,0,1,0,0,0,1,0,0,0,0,weak_same_column,actual_core384_gap,ARK_66__ARK_73,1,96,2,differential,sat,unsat,0.00525098480284214,137.45949941687286,99107579bc3c2c3b0d7a8a6fd1573606,99107579bc3c2c3b0d7a8a6fd1573606,,True,sat,False,False,False,,"{""0"": ""fixed"", ""1"": ""fixed"", ""10"": ""fixed"", ""11"": ""fixed"", ""12"": ""fixed"", ""13"": ""fixed"", ""14"": ""fixed"", ""15"": ""fixed"", ""2"": ""fixed"", ""3"": ""fixed"", ""4"": ""fixed"", ""5"": ""fixed"", ""6"": ""fixed"", ""7"": ""fixed"", ""8"": ""fixed"", ""9"": ""fixed""}","{""0"": ""fixed"", ""1"": ""fixed"", ""2"": ""fixed"", ""3"": ""fixed""}","[0, 1, 2, 3, 4, 5, 6, 7, 8, 9, 10, 11, 12, 13, 14, 15]",[],[],False,full_key_unique,True,uf_axiom,
ARK_98__ARK_125,ARK_98,ARK_125,ARK-ARK,1,0,0,1,0,0,0,1,0,0,0,0,weak_same_column,actual_core384_gap,ARK_98__ARK_125,2,96,2,differential,sat,unsat,0.004535054787993431,135.0425366293639,a66f651322597191ab9f8f8af4c2db61,a66f651322597191ab9f8f8af4c2db61,,True,sat,False,False,False,,"{""0"": ""fixed"", ""1"": ""fixed"", ""10"": ""fixed"", ""11"": ""fixed"", ""12"": ""fixed"", ""13"": ""fixed"", ""14"": ""fixed"", ""15"": ""fixed"", ""2"": ""fixed"", ""3"": ""fixed"", ""4"": ""fixed"", ""5"": ""fixed"", ""6"": ""fixed"", ""7"": ""fixed"", ""8"": ""fixed"", ""9"": ""fixed""}","{""0"": ""fixed"", ""1"": ""fixed"", ""2"": ""fixed"", ""3"": ""fixed""}","[0, 1, 2, 3, 4, 5, 6, 7, 8, 9, 10, 11, 12, 13, 14, 15]",[],[],False,full_key_unique,True,uf_axiom,
SR_6__ARK_5,SR_6,ARK_5,SR-ARK,0,1,1,1,0,0,0,0,0,0,0,0,early_late_mixed,actual_core384_gap,SR_6__ARK_5,2,255,2,differential,sat,unsat,0.020984837785363197,266.7464337963611,a66f651322597191ab9f8f8af4c2db61,a66f651322597191ab9f8f8af4c2db61,,True,sat,False,False,False,,"{""0"": ""fixed"", ""1"": ""fixed"", ""10"": ""fixed"", ""11"": ""fixed"", ""12"": ""fixed"", ""13"": ""fixed"", ""14"": ""fixed"", ""15"": ""fixed"", ""2"": ""fixed"", ""3"": ""fixed"", ""4"": ""fixed"", ""5"": ""fixed"", ""6"": ""fixed"", ""7"": ""fixed"", ""8"": ""fixed"", ""9"": ""fixed""}","{""0"": ""fixed"", ""1"": ""fixed"", ""2"": ""fixed"", ""3"": ""fixed""}","[0, 1, 2, 3, 4, 5, 6, 7, 8, 9, 10, 11, 12, 13, 14, 15]",[],[],False,full_key_unique,True,uf_axiom,
MC_126__ARK_110,MC_126,ARK_110,MC-ARK,0,0,0,1,1,0,1,0,0,0,0,0,weak_same_column,actual_core384_gap,MC_126__ARK_110,1,128,2,differential,sat,unsat,0.007238555699586868,62.40091364458203,99107579bc3c2c3b0d7a8a6fd1573606,99107579bc3c2c3b0d7a8a6fd1573606,,True,sat,False,False,False,,"{""0"": ""fixed"", ""1"": ""fixed"", ""10"": ""fixed"", ""11"": ""fixed"", ""12"": ""fixed"", ""13"": ""fixed"", ""14"": ""fixed"", ""15"": ""fixed"", ""2"": ""fixed"", ""3"": ""fixed"", ""4"": ""fixed"", ""5"": ""fixed"", ""6"": ""fixed"", ""7"": ""fixed"", ""8"": ""fixed"", ""9"": ""fixed""}","{""0"": ""fixed"", ""1"": ""fixed"", ""2"": ""fixed"", ""3"": ""fixed""}","[0, 1, 2, 3, 4, 5, 6, 7, 8, 9, 10, 11, 12, 13, 14, 15]",[],[],False,full_key_unique,True,uf_axiom,
ARK_107__ARK_120,ARK_107,ARK_120,ARK-ARK,1,0,0,1,0,0,0,0,0,0,0,0,late_only,actual_core384_gap,ARK_107__ARK_120,1,96,2,differential,sat,unsat,0.004719167947769165,217.70820080675185,99107579bc3c2c3b0d7a8a6fd1573606,99107579bc3c2c3b0d7a8a6fd1573606,,True,sat,False,False,False,,"{""0"": ""fixed"", ""1"": ""fixed"", ""10"": ""fixed"", ""11"": ""fixed"", ""12"": ""fixed"", ""13"": ""fixed"", ""14"": ""fixed"", ""15"": ""fixed"", ""2"": ""fixed"", ""3"": ""fixed"", ""4"": ""fixed"", ""5"": ""fixed"", ""6"": ""fixed"", ""7"": ""fixed"", ""8"": ""fixed"", ""9"": ""fixed""}","{""0"": ""fixed"", ""1"": ""fixed"", ""2"": ""fixed"", ""3"": ""fixed""}","[0, 1, 2, 3, 4, 5, 6, 7, 8, 9, 10, 11, 12, 13, 14, 15]",[],[],False,full_key_unique,True,uf_axiom,
SR_96__ARK_98,SR_96,ARK_98,SR-ARK,0,1,1,1,0,0,0,0,0,0,0,0,early_late_mixed,actual_core384_gap,SR_96__ARK_98,0,255,2,differential,sat,unsat,0.011708971112966537,340.9992359429598,edf43a9a19e4a3f3bf1eec668bd00cf6,edf43a9a19e4a3f3bf1eec668bd00cf6,,True,sat,False,False,False,,"{""0"": ""fixed"", ""1"": ""fixed"", ""10"": ""fixed"", ""11"": ""fixed"", ""12"": ""fixed"", ""13"": ""fixed"", ""14"": ""fixed"", ""15"": ""fixed"", ""2"": ""fixed"", ""3"": ""fixed"", ""4"": ""fixed"", ""5"": ""fixed"", ""6"": ""fixed"", ""7"": ""fixed"", ""8"": ""fixed"", ""9"": ""fixed""}","{""0"": ""fixed"", ""1"": ""fixed"", ""2"": ""fixed"", ""3"": ""fixed""}","[0, 1, 2, 3, 4, 5, 6, 7, 8, 9, 10, 11, 12, 13, 14, 15]",[],[],False,full_key_unique,True,uf_axiom,
MC_52__ARK_117,MC_52,ARK_117,MC-ARK,0,0,1,0,0,0,0,0,1,0,0,0,late_only,actual_core384_gap,MC_52__ARK_117,0,192,2,differential,sat,unsat,0.019598456099629402,181.8725041039288,edf43a9a19e4a3f3bf1eec668bd00cf6,edf43a9a19e4a3f3bf1eec668bd00cf6,,True,sat,False,False,False,,"{""0"": ""fixed"", ""1"": ""fixed"", ""10"": ""fixed"", ""11"": ""fixed"", ""12"": ""fixed"", ""13"": ""fixed"", ""14"": ""fixed"", ""15"": ""fixed"", ""2"": ""fixed"", ""3"": ""fixed"", ""4"": ""fixed"", ""5"": ""fixed"", ""6"": ""fixed"", ""7"": ""fixed"", ""8"": ""fixed"", ""9"": ""fixed""}","{""0"": ""fixed"", ""1"": ""fixed"", ""2"": ""fixed"", ""3"": ""fixed""}","[0, 1, 2, 3, 4, 5, 6, 7, 8, 9, 10, 11, 12, 13, 14, 15]",[],[],False,full_key_unique,True,uf_axiom,
MC_126__ARK_110,MC_126,ARK_110,MC-ARK,0,0,0,1,1,0,1,0,0,0,0,0,weak_same_column,actual_core384_gap,MC_126__ARK_110,2,96,2,differential,sat,unsat,0.004459721967577934,196.01111980341375,a66f651322597191ab9f8f8af4c2db61,a66f651322597191ab9f8f8af4c2db61,,True,sat,False,False,False,,"{""0"": ""fixed"", ""1"": ""fixed"", ""10"": ""fixed"", ""11"": ""fixed"", ""12"": ""fixed"", ""13"": ""fixed"", ""14"": ""fixed"", ""15"": ""fixed"", ""2"": ""fixed"", ""3"": ""fixed"", ""4"": ""fixed"", ""5"": ""fixed"", ""6"": ""fixed"", ""7"": ""fixed"", ""8"": ""fixed"", ""9"": ""fixed""}","{""0"": ""fixed"", ""1"": ""fixed"", ""2"": ""fixed"", ""3"": ""fixed""}","[0, 1, 2, 3, 4, 5, 6, 7, 8, 9, 10, 11, 12, 13, 14, 15]",[],[],False,full_key_unique,True,uf_axiom,
ARK_107__ARK_120,ARK_107,ARK_120,ARK-ARK,1,0,0,1,0,0,0,0,0,0,0,0,late_only,actual_core384_gap,ARK_107__ARK_120,2,96,2,differential,sat,unsat,0.004638860002160072,225.35393765196204,a66f651322597191ab9f8f8af4c2db61,a66f651322597191ab9f8f8af4c2db61,,True,sat,False,False,False,,"{""0"": ""fixed"", ""1"": ""fixed"", ""10"": ""fixed"", ""11"": ""fixed"", ""12"": ""fixed"", ""13"": ""fixed"", ""14"": ""fixed"", ""15"": ""fixed"", ""2"": ""fixed"", ""3"": ""fixed"", ""4"": ""fixed"", ""5"": ""fixed"", ""6"": ""fixed"", ""7"": ""fixed"", ""8"": ""fixed"", ""9"": ""fixed""}","{""0"": ""fixed"", ""1"": ""fixed"", ""2"": ""fixed"", ""3"": ""fixed""}","[0, 1, 2, 3, 4, 5, 6, 7, 8, 9, 10, 11, 12, 13, 14, 15]",[],[],False,full_key_unique,True,uf_axiom,
ARK_98__ARK_125,ARK_98,ARK_125,ARK-ARK,1,0,0,1,0,0,0,1,0,0,0,0,weak_same_column,actual_core384_gap,ARK_98__ARK_125,0,128,2,differential,sat,unsat,0.007421601563692093,133.9270667079836,edf43a9a19e4a3f3bf1eec668bd00cf6,edf43a9a19e4a3f3bf1eec668bd00cf6,,True,sat,False,False,False,,"{""0"": ""fixed"", ""1"": ""fixed"", ""10"": ""fixed"", ""11"": ""fixed"", ""12"": ""fixed"", ""13"": ""fixed"", ""14"": ""fixed"", ""15"": ""fixed"", ""2"": ""fixed"", ""3"": ""fixed"", ""4"": ""fixed"", ""5"": ""fixed"", ""6"": ""fixed"", ""7"": ""fixed"", ""8"": ""fixed"", ""9"": ""fixed""}","{""0"": ""fixed"", ""1"": ""fixed"", ""2"": ""fixed"", ""3"": ""fixed""}","[0, 1, 2, 3, 4, 5, 6, 7, 8, 9, 10, 11, 12, 13, 14, 15]",[],[],False,full_key_unique,True,uf_axiom,
ARK_66__ARK_73,ARK_66,ARK_73,ARK-ARK,1,0,0,1,0,0,0,1,0,0,0,0,weak_same_column,actual_core384_gap,ARK_66__ARK_73,0,128,2,differential,sat,unsat,0.00610564649105072,99.12963033095002,edf43a9a19e4a3f3bf1eec668bd00cf6,edf43a9a19e4a3f3bf1eec668bd00cf6,,True,sat,False,False,False,,"{""0"": ""fixed"", ""1"": ""fixed"", ""10"": ""fixed"", ""11"": ""fixed"", ""12"": ""fixed"", ""13"": ""fixed"", ""14"": ""fixed"", ""15"": ""fixed"", ""2"": ""fixed"", ""3"": ""fixed"", ""4"": ""fixed"", ""5"": ""fixed"", ""6"": ""fixed"", ""7"": ""fixed"", ""8"": ""fixed"", ""9"": ""fixed""}","{""0"": ""fixed"", ""1"": ""fixed"", ""2"": ""fixed"", ""3"": ""fixed""}","[0, 1, 2, 3, 4, 5, 6, 7, 8, 9, 10, 11, 12, 13, 14, 15]",[],[],False,full_key_unique,True,uf_axiom,
MC_1__ARK_1,MC_1,ARK_1,MC-ARK,0,1,1,1,1,0,0,0,0,0,0,1,redundant_late,actual_core384_gap,MC_1__ARK_1,1,192,2,differential,sat,unsat,0.008194575086236,102.21456635557115,99107579bc3c2c3b0d7a8a6fd1573606,99107579bc3c2c3b0d7a8a6fd1573606,,True,sat,False,False,False,,"{""0"": ""fixed"", ""1"": ""fixed"", ""10"": ""fixed"", ""11"": ""fixed"", ""12"": ""fixed"", ""13"": ""fixed"", ""14"": ""fixed"", ""15"": ""fixed"", ""2"": ""fixed"", ""3"": ""fixed"", ""4"": ""fixed"", ""5"": ""fixed"", ""6"": ""fixed"", ""7"": ""fixed"", ""8"": ""fixed"", ""9"": ""fixed""}","{""0"": ""fixed"", ""1"": ""fixed"", ""2"": ""fixed"", ""3"": ""fixed""}","[0, 1, 2, 3, 4, 5, 6, 7, 8, 9, 10, 11, 12, 13, 14, 15]",[],[],False,full_key_unique,True,uf_axiom,
ARK_76__ARK_84,ARK_76,ARK_84,ARK-ARK,1,0,0,1,1,0,1,0,0,0,0,0,weak_same_column,actual_core384_gap,ARK_76__ARK_84,1,96,2,differential,sat,unsat,0.00791846215724945,196.72654686123133,99107579bc3c2c3b0d7a8a6fd1573606,99107579bc3c2c3b0d7a8a6fd1573606,,True,sat,False,False,False,,"{""0"": ""fixed"", ""1"": ""fixed"", ""10"": ""fixed"", ""11"": ""fixed"", ""12"": ""fixed"", ""13"": ""fixed"", ""14"": ""fixed"", ""15"": ""fixed"", ""2"": ""fixed"", ""3"": ""fixed"", ""4"": ""fixed"", ""5"": ""fixed"", ""6"": ""fixed"", ""7"": ""fixed"", ""8"": ""fixed"", ""9"": ""fixed""}","{""0"": ""fixed"", ""1"": ""fixed"", ""2"": ""fixed"", ""3"": ""fixed""}","[0, 1, 2, 3, 4, 5, 6, 7, 8, 9, 10, 11, 12, 13, 14, 15]",[],[],False,full_key_unique,True,uf_axiom,
ARK_74__ARK_79,ARK_74,ARK_79,ARK-ARK,1,1,1,1,0,0,0,0,0,0,0,0,late_only,actual_core384_gap,ARK_74__ARK_79,2,96,2,differential,sat,unsat,0.00787033885717392,95.57063613273203,a66f651322597191ab9f8f8af4c2db61,a66f651322597191ab9f8f8af4c2db61,,True,sat,False,False,False,,"{""0"": ""fixed"", ""1"": ""fixed"", ""10"": ""fixed"", ""11"": ""fixed"", ""12"": ""fixed"", ""13"": ""fixed"", ""14"": ""fixed"", ""15"": ""fixed"", ""2"": ""fixed"", ""3"": ""fixed"", ""4"": ""fixed"", ""5"": ""fixed"", ""6"": ""fixed"", ""7"": ""fixed"", ""8"": ""fixed"", ""9"": ""fixed""}","{""0"": ""fixed"", ""1"": ""fixed"", ""2"": ""fixed"", ""3"": ""fixed""}","[0, 1, 2, 3, 4, 5, 6, 7, 8, 9, 10, 11, 12, 13, 14, 15]",[],[],False,full_key_unique,True,uf_axiom,
ARK_72__ARK_90,ARK_72,ARK_90,ARK-ARK,1,0,0,1,0,0,0,1,0,0,0,0,weak_same_column,actual_core384_gap,ARK_72__ARK_90,2,96,2,differential,sat,unsat,0.004628011956810951,159.3705014679581,a66f651322597191ab9f8f8af4c2db61,a66f651322597191ab9f8f8af4c2db61,,True,sat,False,False,False,,"{""0"": ""fixed"", ""1"": ""fixed"", ""10"": ""fixed"", ""11"": ""fixed"", ""12"": ""fixed"", ""13"": ""fixed"", ""14"": ""fixed"", ""15"": ""fixed"", ""2"": ""fixed"", ""3"": ""fixed"", ""4"": ""fixed"", ""5"": ""fixed"", ""6"": ""fixed"", ""7"": ""fixed"", ""8"": ""fixed"", ""9"": ""fixed""}","{""0"": ""fixed"", ""1"": ""fixed"", ""2"": ""fixed"", ""3"": ""fixed""}","[0, 1, 2, 3, 4, 5, 6, 7, 8, 9, 10, 11, 12, 13, 14, 15]",[],[],False,full_key_unique,True,uf_axiom,
ARK_76__ARK_84,ARK_76,ARK_84,ARK-ARK,1,0,0,1,1,0,1,0,0,0,0,0,weak_same_column,actual_core384_gap,ARK_76__ARK_84,2,96,2,differential,sat,unsat,0.004759354516863823,295.9260843731463,a66f651322597191ab9f8f8af4c2db61,a66f651322597191ab9f8f8af4c2db61,,True,sat,False,False,False,,"{""0"": ""fixed"", ""1"": ""fixed"", ""10"": ""fixed"", ""11"": ""fixed"", ""12"": ""fixed"", ""13"": ""fixed"", ""14"": ""fixed"", ""15"": ""fixed"", ""2"": ""fixed"", ""3"": ""fixed"", ""4"": ""fixed"", ""5"": ""fixed"", ""6"": ""fixed"", ""7"": ""fixed"", ""8"": ""fixed"", ""9"": ""fixed""}","{""0"": ""fixed"", ""1"": ""fixed"", ""2"": ""fixed"", ""3"": ""fixed""}","[0, 1, 2, 3, 4, 5, 6, 7, 8, 9, 10, 11, 12, 13, 14, 15]",[],[],False,full_key_unique,True,uf_axiom,
ARK_11__ARK_29,ARK_11,ARK_29,ARK-ARK,1,0,0,1,0,0,0,1,0,0,0,0,weak_same_column,actual_core384_gap,ARK_11__ARK_29,0,96,2,differential,sat,unsat,0.004517877474427223,172.15874088183045,edf43a9a19e4a3f3bf1eec668bd00cf6,edf43a9a19e4a3f3bf1eec668bd00cf6,,True,sat,False,False,False,,"{""0"": ""fixed"", ""1"": ""fixed"", ""10"": ""fixed"", ""11"": ""fixed"", ""12"": ""fixed"", ""13"": ""fixed"", ""14"": ""fixed"", ""15"": ""fixed"", ""2"": ""fixed"", ""3"": ""fixed"", ""4"": ""fixed"", ""5"": ""fixed"", ""6"": ""fixed"", ""7"": ""fixed"", ""8"": ""fixed"", ""9"": ""fixed""}","{""0"": ""fixed"", ""1"": ""fixed"", ""2"": ""fixed"", ""3"": ""fixed""}","[0, 1, 2, 3, 4, 5, 6, 7, 8, 9, 10, 11, 12, 13, 14, 15]",[],[],False,full_key_unique,True,uf_axiom,
SR_19__ARK_77,SR_19,ARK_77,SR-ARK,0,0,0,0,0,0,0,0,0,0,1,0,early_late_mixed,actual_core384_gap,SR_19__ARK_77,0,255,2,differential,sat,unsat,0.013520630076527596,226.00623532757163,edf43a9a19e4a3f3bf1eec668bd00cf6,edf43a9a19e4a3f3bf1eec668bd00cf6,,True,sat,False,False,False,,"{""0"": ""fixed"", ""1"": ""fixed"", ""10"": ""fixed"", ""11"": ""fixed"", ""12"": ""fixed"", ""13"": ""fixed"", ""14"": ""fixed"", ""15"": ""fixed"", ""2"": ""fixed"", ""3"": ""fixed"", ""4"": ""fixed"", ""5"": ""fixed"", ""6"": ""fixed"", ""7"": ""fixed"", ""8"": ""fixed"", ""9"": ""fixed""}","{""0"": ""fixed"", ""1"": ""fixed"", ""2"": ""fixed"", ""3"": ""fixed""}","[0, 1, 2, 3, 4, 5, 6, 7, 8, 9, 10, 11, 12, 13, 14, 15]",[],[],False,full_key_unique,True,uf_axiom,
ARK_53__ARK_70,ARK_53,ARK_70,ARK-ARK,1,0,0,0,0,0,0,0,0,0,1,0,late_only,actual_core384_gap,ARK_53__ARK_70,0,96,2,differential,sat,unsat,0.007424592971801758,77.16729992069304,edf43a9a19e4a3f3bf1eec668bd00cf6,edf43a9a19e4a3f3bf1eec668bd00cf6,,True,sat,False,False,False,,"{""0"": ""fixed"", ""1"": ""fixed"", ""10"": ""fixed"", ""11"": ""fixed"", ""12"": ""fixed"", ""13"": ""fixed"", ""14"": ""fixed"", ""15"": ""fixed"", ""2"": ""fixed"", ""3"": ""fixed"", ""4"": ""fixed"", ""5"": ""fixed"", ""6"": ""fixed"", ""7"": ""fixed"", ""8"": ""fixed"", ""9"": ""fixed""}","{""0"": ""fixed"", ""1"": ""fixed"", ""2"": ""fixed"", ""3"": ""fixed""}","[0, 1, 2, 3, 4, 5, 6, 7, 8, 9, 10, 11, 12, 13, 14, 15]",[],[],False,full_key_unique,True,uf_axiom,
ARK_107__ARK_120,ARK_107,ARK_120,ARK-ARK,1,0,0,1,0,0,0,0,0,0,0,0,late_only,actual_core384_gap,ARK_107__ARK_120,0,128,2,differential,sat,unsat,0.007438324391841888,111.26311222463846,edf43a9a19e4a3f3bf1eec668bd00cf6,edf43a9a19e4a3f3bf1eec668bd00cf6,,True,sat,False,False,False,,"{""0"": ""fixed"", ""1"": ""fixed"", ""10"": ""fixed"", ""11"": ""fixed"", ""12"": ""fixed"", ""13"": ""fixed"", ""14"": ""fixed"", ""15"": ""fixed"", ""2"": ""fixed"", ""3"": ""fixed"", ""4"": ""fixed"", ""5"": ""fixed"", ""6"": ""fixed"", ""7"": ""fixed"", ""8"": ""fixed"", ""9"": ""fixed""}","{""0"": ""fixed"", ""1"": ""fixed"", ""2"": ""fixed"", ""3"": ""fixed""}","[0, 1, 2, 3, 4, 5, 6, 7, 8, 9, 10, 11, 12, 13, 14, 15]",[],[],False,full_key_unique,True,uf_axiom,
MC_15__ARK_50,MC_15,ARK_50,MC-ARK,0,0,0,0,0,0,0,0,0,0,1,0,late_only,actual_core384_gap,MC_15__ARK_50,0,128,2,differential,sat,unsat,0.009600762277841568,255.70849360711873,edf43a9a19e4a3f3bf1eec668bd00cf6,edf43a9a19e4a3f3bf1eec668bd00cf6,,True,sat,False,False,False,,"{""0"": ""fixed"", ""1"": ""fixed"", ""10"": ""fixed"", ""11"": ""fixed"", ""12"": ""fixed"", ""13"": ""fixed"", ""14"": ""fixed"", ""15"": ""fixed"", ""2"": ""fixed"", ""3"": ""fixed"", ""4"": ""fixed"", ""5"": ""fixed"", ""6"": ""fixed"", ""7"": ""fixed"", ""8"": ""fixed"", ""9"": ""fixed""}","{""0"": ""fixed"", ""1"": ""fixed"", ""2"": ""fixed"", ""3"": ""fixed""}","[0, 1, 2, 3, 4, 5, 6, 7, 8, 9, 10, 11, 12, 13, 14, 15]",[],[],False,full_key_unique,True,uf_axiom,
MC_52__ARK_117,MC_52,ARK_117,MC-ARK,0,0,1,0,0,0,0,0,1,0,0,0,late_only,actual_core384_gap,MC_52__ARK_117,1,192,2,differential,sat,unsat,0.03236626461148262,471.0190503410995,99107579bc3c2c3b0d7a8a6fd1573606,99107579bc3c2c3b0d7a8a6fd1573606,,True,sat,False,False,False,,"{""0"": ""fixed"", ""1"": ""fixed"", ""10"": ""fixed"", ""11"": ""fixed"", ""12"": ""fixed"", ""13"": ""fixed"", ""14"": ""fixed"", ""15"": ""fixed"", ""2"": ""fixed"", ""3"": ""fixed"", ""4"": ""fixed"", ""5"": ""fixed"", ""6"": ""fixed"", ""7"": ""fixed"", ""8"": ""fixed"", ""9"": ""fixed""}","{""0"": ""fixed"", ""1"": ""fixed"", ""2"": ""fixed"", ""3"": ""fixed""}","[0, 1, 2, 3, 4, 5, 6, 7, 8, 9, 10, 11, 12, 13, 14, 15]",[],[],False,full_key_unique,True,uf_axiom,
ARK_53__ARK_70,ARK_53,ARK_70,ARK-ARK,1,0,0,0,0,0,0,0,0,0,1,0,late_only,actual_core384_gap,ARK_53__ARK_70,1,96,2,differential,sat,unsat,0.007295830175280571,149.98725180886686,99107579bc3c2c3b0d7a8a6fd1573606,99107579bc3c2c3b0d7a8a6fd1573606,,True,sat,False,False,False,,"{""0"": ""fixed"", ""1"": ""fixed"", ""10"": ""fixed"", ""11"": ""fixed"", ""12"": ""fixed"", ""13"": ""fixed"", ""14"": ""fixed"", ""15"": ""fixed"", ""2"": ""fixed"", ""3"": ""fixed"", ""4"": ""fixed"", ""5"": ""fixed"", ""6"": ""fixed"", ""7"": ""fixed"", ""8"": ""fixed"", ""9"": ""fixed""}","{""0"": ""fixed"", ""1"": ""fixed"", ""2"": ""fixed"", ""3"": ""fixed""}","[0, 1, 2, 3, 4, 5, 6, 7, 8, 9, 10, 11, 12, 13, 14, 15]",[],[],False,full_key_unique,True,uf_axiom,
ARK_68__ARK_77,ARK_68,ARK_77,ARK-ARK,1,0,0,1,0,0,0,1,0,0,0,0,weak_same_column,actual_core384_gap,ARK_68__ARK_77,2,96,2,differential,sat,unsat,0.00440191850066185,176.9320978038013,a66f651322597191ab9f8f8af4c2db61,a66f651322597191ab9f8f8af4c2db61,,True,sat,False,False,False,,"{""0"": ""fixed"", ""1"": ""fixed"", ""10"": ""fixed"", ""11"": ""fixed"", ""12"": ""fixed"", ""13"": ""fixed"", ""14"": ""fixed"", ""15"": ""fixed"", ""2"": ""fixed"", ""3"": ""fixed"", ""4"": ""fixed"", ""5"": ""fixed"", ""6"": ""fixed"", ""7"": ""fixed"", ""8"": ""fixed"", ""9"": ""fixed""}","{""0"": ""fixed"", ""1"": ""fixed"", ""2"": ""fixed"", ""3"": ""fixed""}","[0, 1, 2, 3, 4, 5, 6, 7, 8, 9, 10, 11, 12, 13, 14, 15]",[],[],False,full_key_unique,True,uf_axiom,
MC_33__ARK_33,MC_33,ARK_33,MC-ARK,0,1,1,1,1,0,0,0,0,0,0,1,redundant_late,actual_core384_gap,MC_33__ARK_33,1,192,2,differential,sat,unsat,0.009235361590981483,549.7015435993671,99107579bc3c2c3b0d7a8a6fd1573606,99107579bc3c2c3b0d7a8a6fd1573606,,True,sat,False,False,False,,"{""0"": ""fixed"", ""1"": ""fixed"", ""10"": ""fixed"", ""11"": ""fixed"", ""12"": ""fixed"", ""13"": ""fixed"", ""14"": ""fixed"", ""15"": ""fixed"", ""2"": ""fixed"", ""3"": ""fixed"", ""4"": ""fixed"", ""5"": ""fixed"", ""6"": ""fixed"", ""7"": ""fixed"", ""8"": ""fixed"", ""9"": ""fixed""}","{""0"": ""fixed"", ""1"": ""fixed"", ""2"": ""fixed"", ""3"": ""fixed""}","[0, 1, 2, 3, 4, 5, 6, 7, 8, 9, 10, 11, 12, 13, 14, 15]",[],[],False,full_key_unique,True,uf_axiom,
ARK_74__ARK_79,ARK_74,ARK_79,ARK-ARK,1,1,1,1,0,0,0,0,0,0,0,0,late_only,actual_core384_gap,ARK_74__ARK_79,1,96,2,differential,sat,unsat,0.005032464861869812,106.52440323680639,99107579bc3c2c3b0d7a8a6fd1573606,99107579bc3c2c3b0d7a8a6fd1573606,,True,sat,False,False,False,,"{""0"": ""fixed"", ""1"": ""fixed"", ""10"": ""fixed"", ""11"": ""fixed"", ""12"": ""fixed"", ""13"": ""fixed"", ""14"": ""fixed"", ""15"": ""fixed"", ""2"": ""fixed"", ""3"": ""fixed"", ""4"": ""fixed"", ""5"": ""fixed"", ""6"": ""fixed"", ""7"": ""fixed"", ""8"": ""fixed"", ""9"": ""fixed""}","{""0"": ""fixed"", ""1"": ""fixed"", ""2"": ""fixed"", ""3"": ""fixed""}","[0, 1, 2, 3, 4, 5, 6, 7, 8, 9, 10, 11, 12, 13, 14, 15]",[],[],False,full_key_unique,True,uf_axiom,
ARK_68__ARK_77,ARK_68,ARK_77,ARK-ARK,1,0,0,1,0,0,0,1,0,0,0,0,weak_same_column,actual_core384_gap,ARK_68__ARK_77,1,96,2,differential,sat,unsat,0.004571257159113884,109.39394071698189,99107579bc3c2c3b0d7a8a6fd1573606,99107579bc3c2c3b0d7a8a6fd1573606,,True,sat,False,False,False,,"{""0"": ""fixed"", ""1"": ""fixed"", ""10"": ""fixed"", ""11"": ""fixed"", ""12"": ""fixed"", ""13"": ""fixed"", ""14"": ""fixed"", ""15"": ""fixed"", ""2"": ""fixed"", ""3"": ""fixed"", ""4"": ""fixed"", ""5"": ""fixed"", ""6"": ""fixed"", ""7"": ""fixed"", ""8"": ""fixed"", ""9"": ""fixed""}","{""0"": ""fixed"", ""1"": ""fixed"", ""2"": ""fixed"", ""3"": ""fixed""}","[0, 1, 2, 3, 4, 5, 6, 7, 8, 9, 10, 11, 12, 13, 14, 15]",[],[],False,full_key_unique,True,uf_axiom,
ARK_107__ARK_116,ARK_107,ARK_116,ARK-ARK,1,0,0,1,0,0,0,1,0,0,0,0,weak_same_column,actual_core384_gap,ARK_107__ARK_116,0,128,2,differential,sat,unsat,0.014246603474020958,178.46094772405922,edf43a9a19e4a3f3bf1eec668bd00cf6,edf43a9a19e4a3f3bf1eec668bd00cf6,,True,sat,False,False,False,,"{""0"": ""fixed"", ""1"": ""fixed"", ""10"": ""fixed"", ""11"": ""fixed"", ""12"": ""fixed"", ""13"": ""fixed"", ""14"": ""fixed"", ""15"": ""fixed"", ""2"": ""fixed"", ""3"": ""fixed"", ""4"": ""fixed"", ""5"": ""fixed"", ""6"": ""fixed"", ""7"": ""fixed"", ""8"": ""fixed"", ""9"": ""fixed""}","{""0"": ""fixed"", ""1"": ""fixed"", ""2"": ""fixed"", ""3"": ""fixed""}","[0, 1, 2, 3, 4, 5, 6, 7, 8, 9, 10, 11, 12, 13, 14, 15]",[],[],False,full_key_unique,True,uf_axiom,
ARK_11__ARK_29,ARK_11,ARK_29,ARK-ARK,1,0,0,1,0,0,0,1,0,0,0,0,weak_same_column,actual_core384_gap,ARK_11__ARK_29,1,96,2,differential,sat,unsat,0.004731981083750725,166.31987357884645,99107579bc3c2c3b0d7a8a6fd1573606,99107579bc3c2c3b0d7a8a6fd1573606,,True,sat,False,False,False,,"{""0"": ""fixed"", ""1"": ""fixed"", ""10"": ""fixed"", ""11"": ""fixed"", ""12"": ""fixed"", ""13"": ""fixed"", ""14"": ""fixed"", ""15"": ""fixed"", ""2"": ""fixed"", ""3"": ""fixed"", ""4"": ""fixed"", ""5"": ""fixed"", ""6"": ""fixed"", ""7"": ""fixed"", ""8"": ""fixed"", ""9"": ""fixed""}","{""0"": ""fixed"", ""1"": ""fixed"", ""2"": ""fixed"", ""3"": ""fixed""}","[0, 1, 2, 3, 4, 5, 6, 7, 8, 9, 10, 11, 12, 13, 14, 15]",[],[],False,full_key_unique,True,uf_axiom,
ARK_107__ARK_116,ARK_107,ARK_116,ARK-ARK,1,0,0,1,0,0,0,1,0,0,0,0,weak_same_column,actual_core384_gap,ARK_107__ARK_116,1,128,2,differential,sat,unsat,0.009586159139871597,171.75214376859367,99107579bc3c2c3b0d7a8a6fd1573606,99107579bc3c2c3b0d7a8a6fd1573606,,True,sat,False,False,False,,"{""0"": ""fixed"", ""1"": ""fixed"", ""10"": ""fixed"", ""11"": ""fixed"", ""12"": ""fixed"", ""13"": ""fixed"", ""14"": ""fixed"", ""15"": ""fixed"", ""2"": ""fixed"", ""3"": ""fixed"", ""4"": ""fixed"", ""5"": ""fixed"", ""6"": ""fixed"", ""7"": ""fixed"", ""8"": ""fixed"", ""9"": ""fixed""}","{""0"": ""fixed"", ""1"": ""fixed"", ""2"": ""fixed"", ""3"": ""fixed""}","[0, 1, 2, 3, 4, 5, 6, 7, 8, 9, 10, 11, 12, 13, 14, 15]",[],[],False,full_key_unique,True,uf_axiom,
MC_1__ARK_1,MC_1,ARK_1,MC-ARK,0,1,1,1,1,0,0,0,0,0,0,1,redundant_late,actual_core384_gap,MC_1__ARK_1,0,192,2,differential,sat,unsat,0.008749056607484818,295.8534052539617,edf43a9a19e4a3f3bf1eec668bd00cf6,edf43a9a19e4a3f3bf1eec668bd00cf6,,True,sat,False,False,False,,"{""0"": ""fixed"", ""1"": ""fixed"", ""10"": ""fixed"", ""11"": ""fixed"", ""12"": ""fixed"", ""13"": ""fixed"", ""14"": ""fixed"", ""15"": ""fixed"", ""2"": ""fixed"", ""3"": ""fixed"", ""4"": ""fixed"", ""5"": ""fixed"", ""6"": ""fixed"", ""7"": ""fixed"", ""8"": ""fixed"", ""9"": ""fixed""}","{""0"": ""fixed"", ""1"": ""fixed"", ""2"": ""fixed"", ""3"": ""fixed""}","[0, 1, 2, 3, 4, 5, 6, 7, 8, 9, 10, 11, 12, 13, 14, 15]",[],[],False,full_key_unique,True,uf_axiom,
ARK_72__ARK_90,ARK_72,ARK_90,ARK-ARK,1,0,0,1,0,0,0,1,0,0,0,0,weak_same_column,actual_core384_gap,ARK_72__ARK_90,1,96,2,differential,sat,unsat,0.0055000558495521545,106.40477366000414,99107579bc3c2c3b0d7a8a6fd1573606,99107579bc3c2c3b0d7a8a6fd1573606,,True,sat,False,False,False,,"{""0"": ""fixed"", ""1"": ""fixed"", ""10"": ""fixed"", ""11"": ""fixed"", ""12"": ""fixed"", ""13"": ""fixed"", ""14"": ""fixed"", ""15"": ""fixed"", ""2"": ""fixed"", ""3"": ""fixed"", ""4"": ""fixed"", ""5"": ""fixed"", ""6"": ""fixed"", ""7"": ""fixed"", ""8"": ""fixed"", ""9"": ""fixed""}","{""0"": ""fixed"", ""1"": ""fixed"", ""2"": ""fixed"", ""3"": ""fixed""}","[0, 1, 2, 3, 4, 5, 6, 7, 8, 9, 10, 11, 12, 13, 14, 15]",[],[],False,full_key_unique,True,uf_axiom,
ARK_107__ARK_116,ARK_107,ARK_116,ARK-ARK,1,0,0,1,0,0,0,1,0,0,0,0,weak_same_column,actual_core384_gap,ARK_107__ARK_116,2,128,2,differential,sat,unsat,0.0065925586968660355,119.16972414404154,a66f651322597191ab9f8f8af4c2db61,a66f651322597191ab9f8f8af4c2db61,,True,sat,False,False,False,,"{""0"": ""fixed"", ""1"": ""fixed"", ""10"": ""fixed"", ""11"": ""fixed"", ""12"": ""fixed"", ""13"": ""fixed"", ""14"": ""fixed"", ""15"": ""fixed"", ""2"": ""fixed"", ""3"": ""fixed"", ""4"": ""fixed"", ""5"": ""fixed"", ""6"": ""fixed"", ""7"": ""fixed"", ""8"": ""fixed"", ""9"": ""fixed""}","{""0"": ""fixed"", ""1"": ""fixed"", ""2"": ""fixed"", ""3"": ""fixed""}","[0, 1, 2, 3, 4, 5, 6, 7, 8, 9, 10, 11, 12, 13, 14, 15]",[],[],False,full_key_unique,True,uf_axiom,
ARK_76__ARK_84,ARK_76,ARK_84,ARK-ARK,1,0,0,1,1,0,1,0,0,0,0,0,weak_same_column,actual_core384_gap,ARK_76__ARK_84,0,128,2,differential,sat,unsat,0.0064530521631240845,100.1489591486752,edf43a9a19e4a3f3bf1eec668bd00cf6,edf43a9a19e4a3f3bf1eec668bd00cf6,,True,sat,False,False,False,,"{""0"": ""fixed"", ""1"": ""fixed"", ""10"": ""fixed"", ""11"": ""fixed"", ""12"": ""fixed"", ""13"": ""fixed"", ""14"": ""fixed"", ""15"": ""fixed"", ""2"": ""fixed"", ""3"": ""fixed"", ""4"": ""fixed"", ""5"": ""fixed"", ""6"": ""fixed"", ""7"": ""fixed"", ""8"": ""fixed"", ""9"": ""fixed""}","{""0"": ""fixed"", ""1"": ""fixed"", ""2"": ""fixed"", ""3"": ""fixed""}","[0, 1, 2, 3, 4, 5, 6, 7, 8, 9, 10, 11, 12, 13, 14, 15]",[],[],False,full_key_unique,True,uf_axiom,
MC_73__ARK_102,MC_73,ARK_102,MC-ARK,0,0,0,0,0,0,0,0,0,0,1,0,late_only,actual_core384_gap,MC_73__ARK_102,1,192,2,differential,sat,unsat,0.0185270756483078,163.77337240055203,99107579bc3c2c3b0d7a8a6fd1573606,99107579bc3c2c3b0d7a8a6fd1573606,,True,sat,False,False,False,,"{""0"": ""fixed"", ""1"": ""fixed"", ""10"": ""fixed"", ""11"": ""fixed"", ""12"": ""fixed"", ""13"": ""fixed"", ""14"": ""fixed"", ""15"": ""fixed"", ""2"": ""fixed"", ""3"": ""fixed"", ""4"": ""fixed"", ""5"": ""fixed"", ""6"": ""fixed"", ""7"": ""fixed"", ""8"": ""fixed"", ""9"": ""fixed""}","{""0"": ""fixed"", ""1"": ""fixed"", ""2"": ""fixed"", ""3"": ""fixed""}","[0, 1, 2, 3, 4, 5, 6, 7, 8, 9, 10, 11, 12, 13, 14, 15]",[],[],False,full_key_unique,True,uf_axiom,
MC_126__ARK_110,MC_126,ARK_110,MC-ARK,0,0,0,1,1,0,1,0,0,0,0,0,weak_same_column,actual_core384_gap,MC_126__ARK_110,0,192,2,differential,sat,unsat,0.00875287689268589,84.04035490192473,edf43a9a19e4a3f3bf1eec668bd00cf6,edf43a9a19e4a3f3bf1eec668bd00cf6,,True,sat,False,False,False,,"{""0"": ""fixed"", ""1"": ""fixed"", ""10"": ""fixed"", ""11"": ""fixed"", ""12"": ""fixed"", ""13"": ""fixed"", ""14"": ""fixed"", ""15"": ""fixed"", ""2"": ""fixed"", ""3"": ""fixed"", ""4"": ""fixed"", ""5"": ""fixed"", ""6"": ""fixed"", ""7"": ""fixed"", ""8"": ""fixed"", ""9"": ""fixed""}","{""0"": ""fixed"", ""1"": ""fixed"", ""2"": ""fixed"", ""3"": ""fixed""}","[0, 1, 2, 3, 4, 5, 6, 7, 8, 9, 10, 11, 12, 13, 14, 15]",[],[],False,full_key_unique,True,uf_axiom,
ARK_11__ARK_29,ARK_11,ARK_29,ARK-ARK,1,0,0,1,0,0,0,1,0,0,0,0,weak_same_column,actual_core384_gap,ARK_11__ARK_29,2,96,2,differential,sat,unsat,0.005382249131798744,273.3424724433571,a66f651322597191ab9f8f8af4c2db61,a66f651322597191ab9f8f8af4c2db61,,True,sat,False,False,False,,"{""0"": ""fixed"", ""1"": ""fixed"", ""10"": ""fixed"", ""11"": ""fixed"", ""12"": ""fixed"", ""13"": ""fixed"", ""14"": ""fixed"", ""15"": ""fixed"", ""2"": ""fixed"", ""3"": ""fixed"", ""4"": ""fixed"", ""5"": ""fixed"", ""6"": ""fixed"", ""7"": ""fixed"", ""8"": ""fixed"", ""9"": ""fixed""}","{""0"": ""fixed"", ""1"": ""fixed"", ""2"": ""fixed"", ""3"": ""fixed""}","[0, 1, 2, 3, 4, 5, 6, 7, 8, 9, 10, 11, 12, 13, 14, 15]",[],[],False,full_key_unique,True,uf_axiom,
ARK_85__ARK_127,ARK_85,ARK_127,ARK-ARK,1,0,0,0,0,0,0,0,0,0,1,0,late_only,actual_core384_gap,ARK_85__ARK_127,1,128,2,differential,sat,unsat,0.00993424840271473,84.15713154524565,99107579bc3c2c3b0d7a8a6fd1573606,99107579bc3c2c3b0d7a8a6fd1573606,,True,sat,False,False,False,,"{""0"": ""fixed"", ""1"": ""fixed"", ""10"": ""fixed"", ""11"": ""fixed"", ""12"": ""fixed"", ""13"": ""fixed"", ""14"": ""fixed"", ""15"": ""fixed"", ""2"": ""fixed"", ""3"": ""fixed"", ""4"": ""fixed"", ""5"": ""fixed"", ""6"": ""fixed"", ""7"": ""fixed"", ""8"": ""fixed"", ""9"": ""fixed""}","{""0"": ""fixed"", ""1"": ""fixed"", ""2"": ""fixed"", ""3"": ""fixed""}","[0, 1, 2, 3, 4, 5, 6, 7, 8, 9, 10, 11, 12, 13, 14, 15]",[],[],False,full_key_unique,True,uf_axiom,
ARK_74__ARK_79,ARK_74,ARK_79,ARK-ARK,1,1,1,1,0,0,0,0,0,0,0,0,late_only,actual_core384_gap,ARK_74__ARK_79,0,96,2,differential,sat,unsat,0.004604203626513481,191.93394801951945,edf43a9a19e4a3f3bf1eec668bd00cf6,edf43a9a19e4a3f3bf1eec668bd00cf6,,True,sat,False,False,False,,"{""0"": ""fixed"", ""1"": ""fixed"", ""10"": ""fixed"", ""11"": ""fixed"", ""12"": ""fixed"", ""13"": ""fixed"", ""14"": ""fixed"", ""15"": ""fixed"", ""2"": ""fixed"", ""3"": ""fixed"", ""4"": ""fixed"", ""5"": ""fixed"", ""6"": ""fixed"", ""7"": ""fixed"", ""8"": ""fixed"", ""9"": ""fixed""}","{""0"": ""fixed"", ""1"": ""fixed"", ""2"": ""fixed"", ""3"": ""fixed""}","[0, 1, 2, 3, 4, 5, 6, 7, 8, 9, 10, 11, 12, 13, 14, 15]",[],[],False,full_key_unique,True,uf_axiom,
MC_73__ARK_102,MC_73,ARK_102,MC-ARK,0,0,0,0,0,0,0,0,0,0,1,0,late_only,actual_core384_gap,MC_73__ARK_102,2,192,2,differential,sat,unsat,0.021934853866696358,128.59394687600434,a66f651322597191ab9f8f8af4c2db61,a66f651322597191ab9f8f8af4c2db61,,True,sat,False,False,False,,"{""0"": ""fixed"", ""1"": ""fixed"", ""10"": ""fixed"", ""11"": ""fixed"", ""12"": ""fixed"", ""13"": ""fixed"", ""14"": ""fixed"", ""15"": ""fixed"", ""2"": ""fixed"", ""3"": ""fixed"", ""4"": ""fixed"", ""5"": ""fixed"", ""6"": ""fixed"", ""7"": ""fixed"", ""8"": ""fixed"", ""9"": ""fixed""}","{""0"": ""fixed"", ""1"": ""fixed"", ""2"": ""fixed"", ""3"": ""fixed""}","[0, 1, 2, 3, 4, 5, 6, 7, 8, 9, 10, 11, 12, 13, 14, 15]",[],[],False,full_key_unique,True,uf_axiom,
MC_15__ARK_50,MC_15,ARK_50,MC-ARK,0,0,0,0,0,0,0,0,0,0,1,0,late_only,actual_core384_gap,MC_15__ARK_50,1,192,2,differential,sat,unsat,0.018086155876517296,122.61059845611453,99107579bc3c2c3b0d7a8a6fd1573606,99107579bc3c2c3b0d7a8a6fd1573606,,True,sat,False,False,False,,"{""0"": ""fixed"", ""1"": ""fixed"", ""10"": ""fixed"", ""11"": ""fixed"", ""12"": ""fixed"", ""13"": ""fixed"", ""14"": ""fixed"", ""15"": ""fixed"", ""2"": ""fixed"", ""3"": ""fixed"", ""4"": ""fixed"", ""5"": ""fixed"", ""6"": ""fixed"", ""7"": ""fixed"", ""8"": ""fixed"", ""9"": ""fixed""}","{""0"": ""fixed"", ""1"": ""fixed"", ""2"": ""fixed"", ""3"": ""fixed""}","[0, 1, 2, 3, 4, 5, 6, 7, 8, 9, 10, 11, 12, 13, 14, 15]",[],[],False,full_key_unique,True,uf_axiom,
MC_39__ARK_39,MC_39,ARK_39,MC-ARK,0,1,1,1,1,0,0,0,0,0,0,1,redundant_late,actual_core384_gap,MC_39__ARK_39,0,192,2,differential,sat,unsat,0.012075778096914291,396.9240981247276,edf43a9a19e4a3f3bf1eec668bd00cf6,edf43a9a19e4a3f3bf1eec668bd00cf6,,True,sat,False,False,False,,"{""0"": ""fixed"", ""1"": ""fixed"", ""10"": ""fixed"", ""11"": ""fixed"", ""12"": ""fixed"", ""13"": ""fixed"", ""14"": ""fixed"", ""15"": ""fixed"", ""2"": ""fixed"", ""3"": ""fixed"", ""4"": ""fixed"", ""5"": ""fixed"", ""6"": ""fixed"", ""7"": ""fixed"", ""8"": ""fixed"", ""9"": ""fixed""}","{""0"": ""fixed"", ""1"": ""fixed"", ""2"": ""fixed"", ""3"": ""fixed""}","[0, 1, 2, 3, 4, 5, 6, 7, 8, 9, 10, 11, 12, 13, 14, 15]",[],[],False,full_key_unique,True,uf_axiom,
MC_116__ARK_116,MC_116,ARK_116,MC-ARK,0,1,1,1,1,0,0,0,0,0,0,1,redundant_late,actual_core384_gap,MC_116__ARK_116,0,192,2,differential,sat,unsat,0.008993975818157196,521.6361836511642,edf43a9a19e4a3f3bf1eec668bd00cf6,edf43a9a19e4a3f3bf1eec668bd00cf6,,True,sat,False,False,False,,"{""0"": ""fixed"", ""1"": ""fixed"", ""10"": ""fixed"", ""11"": ""fixed"", ""12"": ""fixed"", ""13"": ""fixed"", ""14"": ""fixed"", ""15"": ""fixed"", ""2"": ""fixed"", ""3"": ""fixed"", ""4"": ""fixed"", ""5"": ""fixed"", ""6"": ""fixed"", ""7"": ""fixed"", ""8"": ""fixed"", ""9"": ""fixed""}","{""0"": ""fixed"", ""1"": ""fixed"", ""2"": ""fixed"", ""3"": ""fixed""}","[0, 1, 2, 3, 4, 5, 6, 7, 8, 9, 10, 11, 12, 13, 14, 15]",[],[],False,full_key_unique,True,uf_axiom,
ARK_68__ARK_77,ARK_68,ARK_77,ARK-ARK,1,0,0,1,0,0,0,1,0,0,0,0,weak_same_column,actual_core384_gap,ARK_68__ARK_77,0,128,2,differential,sat,unsat,0.007939940318465233,79.79535586759448,edf43a9a19e4a3f3bf1eec668bd00cf6,edf43a9a19e4a3f3bf1eec668bd00cf6,,True,sat,False,False,False,,"{""0"": ""fixed"", ""1"": ""fixed"", ""10"": ""fixed"", ""11"": ""fixed"", ""12"": ""fixed"", ""13"": ""fixed"", ""14"": ""fixed"", ""15"": ""fixed"", ""2"": ""fixed"", ""3"": ""fixed"", ""4"": ""fixed"", ""5"": ""fixed"", ""6"": ""fixed"", ""7"": ""fixed"", ""8"": ""fixed"", ""9"": ""fixed""}","{""0"": ""fixed"", ""1"": ""fixed"", ""2"": ""fixed"", ""3"": ""fixed""}","[0, 1, 2, 3, 4, 5, 6, 7, 8, 9, 10, 11, 12, 13, 14, 15]",[],[],False,full_key_unique,True,uf_axiom,
MC_1__ARK_1,MC_1,ARK_1,MC-ARK,0,1,1,1,1,0,0,0,0,0,0,1,redundant_late,actual_core384_gap,MC_1__ARK_1,2,192,2,differential,sat,unsat,0.010805604979395866,356.934179360047,a66f651322597191ab9f8f8af4c2db61,a66f651322597191ab9f8f8af4c2db61,,True,sat,False,False,False,,"{""0"": ""fixed"", ""1"": ""fixed"", ""10"": ""fixed"", ""11"": ""fixed"", ""12"": ""fixed"", ""13"": ""fixed"", ""14"": ""fixed"", ""15"": ""fixed"", ""2"": ""fixed"", ""3"": ""fixed"", ""4"": ""fixed"", ""5"": ""fixed"", ""6"": ""fixed"", ""7"": ""fixed"", ""8"": ""fixed"", ""9"": ""fixed""}","{""0"": ""fixed"", ""1"": ""fixed"", ""2"": ""fixed"", ""3"": ""fixed""}","[0, 1, 2, 3, 4, 5, 6, 7, 8, 9, 10, 11, 12, 13, 14, 15]",[],[],False,full_key_unique,True,uf_axiom,
MC_15__ARK_50,MC_15,ARK_50,MC-ARK,0,0,0,0,0,0,0,0,0,0,1,0,late_only,actual_core384_gap,MC_15__ARK_50,2,192,2,differential,sat,unsat,0.019958844408392906,178.275954939425,a66f651322597191ab9f8f8af4c2db61,a66f651322597191ab9f8f8af4c2db61,,True,sat,False,False,False,,"{""0"": ""fixed"", ""1"": ""fixed"", ""10"": ""fixed"", ""11"": ""fixed"", ""12"": ""fixed"", ""13"": ""fixed"", ""14"": ""fixed"", ""15"": ""fixed"", ""2"": ""fixed"", ""3"": ""fixed"", ""4"": ""fixed"", ""5"": ""fixed"", ""6"": ""fixed"", ""7"": ""fixed"", ""8"": ""fixed"", ""9"": ""fixed""}","{""0"": ""fixed"", ""1"": ""fixed"", ""2"": ""fixed"", ""3"": ""fixed""}","[0, 1, 2, 3, 4, 5, 6, 7, 8, 9, 10, 11, 12, 13, 14, 15]",[],[],False,full_key_unique,True,uf_axiom,
ARK_72__ARK_90,ARK_72,ARK_90,ARK-ARK,1,0,0,1,0,0,0,1,0,0,0,0,weak_same_column,actual_core384_gap,ARK_72__ARK_90,0,128,2,differential,sat,unsat,0.004707498475909233,62.54155386984348,edf43a9a19e4a3f3bf1eec668bd00cf6,edf43a9a19e4a3f3bf1eec668bd00cf6,,True,sat,False,False,False,,"{""0"": ""fixed"", ""1"": ""fixed"", ""10"": ""fixed"", ""11"": ""fixed"", ""12"": ""fixed"", ""13"": ""fixed"", ""14"": ""fixed"", ""15"": ""fixed"", ""2"": ""fixed"", ""3"": ""fixed"", ""4"": ""fixed"", ""5"": ""fixed"", ""6"": ""fixed"", ""7"": ""fixed"", ""8"": ""fixed"", ""9"": ""fixed""}","{""0"": ""fixed"", ""1"": ""fixed"", ""2"": ""fixed"", ""3"": ""fixed""}","[0, 1, 2, 3, 4, 5, 6, 7, 8, 9, 10, 11, 12, 13, 14, 15]",[],[],False,full_key_unique,True,uf_axiom,
ARK_1__ARK_50,ARK_1,ARK_50,ARK-ARK,1,0,0,0,0,0,0,0,0,0,1,0,late_only,actual_core384_gap,ARK_1__ARK_50,0,96,2,differential,sat,unsat,0.006464499980211258,105.57015851326287,edf43a9a19e4a3f3bf1eec668bd00cf6,edf43a9a19e4a3f3bf1eec668bd00cf6,,True,sat,False,False,False,,"{""0"": ""fixed"", ""1"": ""fixed"", ""10"": ""fixed"", ""11"": ""fixed"", ""12"": ""fixed"", ""13"": ""fixed"", ""14"": ""fixed"", ""15"": ""fixed"", ""2"": ""fixed"", ""3"": ""fixed"", ""4"": ""fixed"", ""5"": ""fixed"", ""6"": ""fixed"", ""7"": ""fixed"", ""8"": ""fixed"", ""9"": ""fixed""}","{""0"": ""fixed"", ""1"": ""fixed"", ""2"": ""fixed"", ""3"": ""fixed""}","[0, 1, 2, 3, 4, 5, 6, 7, 8, 9, 10, 11, 12, 13, 14, 15]",[],[],False,full_key_unique,True,uf_axiom,
ARK_28__ARK_41,ARK_28,ARK_41,ARK-ARK,1,0,0,0,0,0,0,0,0,0,1,0,late_only,actual_core384_gap,ARK_28__ARK_41,2,128,2,differential,sat,unsat,0.011946167796850204,145.10443457588553,a66f651322597191ab9f8f8af4c2db61,a66f651322597191ab9f8f8af4c2db61,,True,sat,False,False,False,,"{""0"": ""fixed"", ""1"": ""fixed"", ""10"": ""fixed"", ""11"": ""fixed"", ""12"": ""fixed"", ""13"": ""fixed"", ""14"": ""fixed"", ""15"": ""fixed"", ""2"": ""fixed"", ""3"": ""fixed"", ""4"": ""fixed"", ""5"": ""fixed"", ""6"": ""fixed"", ""7"": ""fixed"", ""8"": ""fixed"", ""9"": ""fixed""}","{""0"": ""fixed"", ""1"": ""fixed"", ""2"": ""fixed"", ""3"": ""fixed""}","[0, 1, 2, 3, 4, 5, 6, 7, 8, 9, 10, 11, 12, 13, 14, 15]",[],[],False,full_key_unique,True,uf_axiom,
ARK_39__ARK_115,ARK_39,ARK_115,ARK-ARK,1,0,0,0,0,0,0,0,0,0,1,0,late_only,actual_core384_gap,ARK_39__ARK_115,2,192,2,differential,sat,unsat,0.012447863817214966,252.56383071653545,a66f651322597191ab9f8f8af4c2db61,a66f651322597191ab9f8f8af4c2db61,,True,sat,False,False,False,,"{""0"": ""fixed"", ""1"": ""fixed"", ""10"": ""fixed"", ""11"": ""fixed"", ""12"": ""fixed"", ""13"": ""fixed"", ""14"": ""fixed"", ""15"": ""fixed"", ""2"": ""fixed"", ""3"": ""fixed"", ""4"": ""fixed"", ""5"": ""fixed"", ""6"": ""fixed"", ""7"": ""fixed"", ""8"": ""fixed"", ""9"": ""fixed""}","{""0"": ""fixed"", ""1"": ""fixed"", ""2"": ""fixed"", ""3"": ""fixed""}","[0, 1, 2, 3, 4, 5, 6, 7, 8, 9, 10, 11, 12, 13, 14, 15]",[],[],False,full_key_unique,True,uf_axiom,
ARK_1__ARK_50,ARK_1,ARK_50,ARK-ARK,1,0,0,0,0,0,0,0,0,0,1,0,late_only,actual_core384_gap,ARK_1__ARK_50,1,96,2,differential,sat,unsat,0.005599550902843475,242.4077690653503,99107579bc3c2c3b0d7a8a6fd1573606,99107579bc3c2c3b0d7a8a6fd1573606,,True,sat,False,False,False,,"{""0"": ""fixed"", ""1"": ""fixed"", ""10"": ""fixed"", ""11"": ""fixed"", ""12"": ""fixed"", ""13"": ""fixed"", ""14"": ""fixed"", ""15"": ""fixed"", ""2"": ""fixed"", ""3"": ""fixed"", ""4"": ""fixed"", ""5"": ""fixed"", ""6"": ""fixed"", ""7"": ""fixed"", ""8"": ""fixed"", ""9"": ""fixed""}","{""0"": ""fixed"", ""1"": ""fixed"", ""2"": ""fixed"", ""3"": ""fixed""}","[0, 1, 2, 3, 4, 5, 6, 7, 8, 9, 10, 11, 12, 13, 14, 15]",[],[],False,full_key_unique,True,uf_axiom,
ARK_28__ARK_41,ARK_28,ARK_41,ARK-ARK,1,0,0,0,0,0,0,0,0,0,1,0,late_only,actual_core384_gap,ARK_28__ARK_41,1,128,2,differential,sat,unsat,0.012519273906946182,213.98638281039894,99107579bc3c2c3b0d7a8a6fd1573606,99107579bc3c2c3b0d7a8a6fd1573606,,True,sat,False,False,False,,"{""0"": ""fixed"", ""1"": ""fixed"", ""10"": ""fixed"", ""11"": ""fixed"", ""12"": ""fixed"", ""13"": ""fixed"", ""14"": ""fixed"", ""15"": ""fixed"", ""2"": ""fixed"", ""3"": ""fixed"", ""4"": ""fixed"", ""5"": ""fixed"", ""6"": ""fixed"", ""7"": ""fixed"", ""8"": ""fixed"", ""9"": ""fixed""}","{""0"": ""fixed"", ""1"": ""fixed"", ""2"": ""fixed"", ""3"": ""fixed""}","[0, 1, 2, 3, 4, 5, 6, 7, 8, 9, 10, 11, 12, 13, 14, 15]",[],[],False,full_key_unique,True,uf_axiom,
ARK_39__ARK_115,ARK_39,ARK_115,ARK-ARK,1,0,0,0,0,0,0,0,0,0,1,0,late_only,actual_core384_gap,ARK_39__ARK_115,1,192,2,differential,sat,unsat,0.012699536979198456,338.9990412518382,99107579bc3c2c3b0d7a8a6fd1573606,99107579bc3c2c3b0d7a8a6fd1573606,,True,sat,False,False,False,,"{""0"": ""fixed"", ""1"": ""fixed"", ""10"": ""fixed"", ""11"": ""fixed"", ""12"": ""fixed"", ""13"": ""fixed"", ""14"": ""fixed"", ""15"": ""fixed"", ""2"": ""fixed"", ""3"": ""fixed"", ""4"": ""fixed"", ""5"": ""fixed"", ""6"": ""fixed"", ""7"": ""fixed"", ""8"": ""fixed"", ""9"": ""fixed""}","{""0"": ""fixed"", ""1"": ""fixed"", ""2"": ""fixed"", ""3"": ""fixed""}","[0, 1, 2, 3, 4, 5, 6, 7, 8, 9, 10, 11, 12, 13, 14, 15]",[],[],False,full_key_unique,True,uf_axiom,
MC_116__ARK_116,MC_116,ARK_116,MC-ARK,0,1,1,1,1,0,0,0,0,0,0,1,redundant_late,actual_core384_gap,MC_116__ARK_116,1,255,2,differential,sat,unsat,0.00986817292869091,493.30216752924025,99107579bc3c2c3b0d7a8a6fd1573606,99107579bc3c2c3b0d7a8a6fd1573606,,True,sat,False,False,False,,"{""0"": ""fixed"", ""1"": ""fixed"", ""10"": ""fixed"", ""11"": ""fixed"", ""12"": ""fixed"", ""13"": ""fixed"", ""14"": ""fixed"", ""15"": ""fixed"", ""2"": ""fixed"", ""3"": ""fixed"", ""4"": ""fixed"", ""5"": ""fixed"", ""6"": ""fixed"", ""7"": ""fixed"", ""8"": ""fixed"", ""9"": ""fixed""}","{""0"": ""fixed"", ""1"": ""fixed"", ""2"": ""fixed"", ""3"": ""fixed""}","[0, 1, 2, 3, 4, 5, 6, 7, 8, 9, 10, 11, 12, 13, 14, 15]",[],[],False,full_key_unique,True,uf_axiom,
MC_33__ARK_33,MC_33,ARK_33,MC-ARK,0,1,1,1,1,0,0,0,0,0,0,1,redundant_late,actual_core384_gap,MC_33__ARK_33,2,255,2,differential,sat,unknown,0.012823373079299927,600.0002569388598,a66f651322597191ab9f8f8af4c2db61,a66f651322597191ab9f8f8af4c2db61,,True,sat,False,True,True,canceled,"{""0"": ""unknown"", ""1"": ""unknown"", ""10"": ""unknown"", ""11"": ""unknown"", ""12"": ""unknown"", ""13"": ""unknown"", ""14"": ""unknown"", ""15"": ""unknown"", ""2"": ""unknown"", ""3"": ""unknown"", ""4"": ""unknown"", ""5"": ""unknown"", ""6"": ""unknown"", ""7"": ""unknown"", ""8"": ""unknown"", ""9"": ""unknown""}","{""0"": ""unknown"", ""1"": ""unknown"", ""2"": ""unknown"", ""3"": ""unknown""}",[],[],"[0, 1, 2, 3, 4, 5, 6, 7, 8, 9, 10, 11, 12, 13, 14, 15]",False,full_key_unique,False,uf_axiom,
ARK_39__ARK_115,ARK_39,ARK_115,ARK-ARK,1,0,0,0,0,0,0,0,0,0,1,0,late_only,actual_core384_gap,ARK_39__ARK_115,0,192,2,differential,sat,unsat,0.018245035782456398,487.9821092672646,edf43a9a19e4a3f3bf1eec668bd00cf6,edf43a9a19e4a3f3bf1eec668bd00cf6,,True,sat,False,False,False,,"{""0"": ""fixed"", ""1"": ""fixed"", ""10"": ""fixed"", ""11"": ""fixed"", ""12"": ""fixed"", ""13"": ""fixed"", ""14"": ""fixed"", ""15"": ""fixed"", ""2"": ""fixed"", ""3"": ""fixed"", ""4"": ""fixed"", ""5"": ""fixed"", ""6"": ""fixed"", ""7"": ""fixed"", ""8"": ""fixed"", ""9"": ""fixed""}","{""0"": ""fixed"", ""1"": ""fixed"", ""2"": ""fixed"", ""3"": ""fixed""}","[0, 1, 2, 3, 4, 5, 6, 7, 8, 9, 10, 11, 12, 13, 14, 15]",[],[],False,full_key_unique,True,uf_axiom,
MC_116__ARK_116,MC_116,ARK_116,MC-ARK,0,1,1,1,1,0,0,0,0,0,0,1,redundant_late,actual_core384_gap,MC_116__ARK_116,2,255,2,differential,sat,unsat,0.009947240352630615,346.21370712667704,a66f651322597191ab9f8f8af4c2db61,a66f651322597191ab9f8f8af4c2db61,,True,sat,False,False,False,,"{""0"": ""fixed"", ""1"": ""fixed"", ""10"": ""fixed"", ""11"": ""fixed"", ""12"": ""fixed"", ""13"": ""fixed"", ""14"": ""fixed"", ""15"": ""fixed"", ""2"": ""fixed"", ""3"": ""fixed"", ""4"": ""fixed"", ""5"": ""fixed"", ""6"": ""fixed"", ""7"": ""fixed"", ""8"": ""fixed"", ""9"": ""fixed""}","{""0"": ""fixed"", ""1"": ""fixed"", ""2"": ""fixed"", ""3"": ""fixed""}","[0, 1, 2, 3, 4, 5, 6, 7, 8, 9, 10, 11, 12, 13, 14, 15]",[],[],False,full_key_unique,True,uf_axiom,
MC_39__ARK_39,MC_39,ARK_39,MC-ARK,0,1,1,1,1,0,0,0,0,0,0,1,redundant_late,actual_core384_gap,MC_39__ARK_39,2,255,2,differential,sat,unsat,0.013374660164117813,338.90438579954207,a66f651322597191ab9f8f8af4c2db61,a66f651322597191ab9f8f8af4c2db61,,True,sat,False,False,False,,"{""0"": ""fixed"", ""1"": ""fixed"", ""10"": ""fixed"", ""11"": ""fixed"", ""12"": ""fixed"", ""13"": ""fixed"", ""14"": ""fixed"", ""15"": ""fixed"", ""2"": ""fixed"", ""3"": ""fixed"", ""4"": ""fixed"", ""5"": ""fixed"", ""6"": ""fixed"", ""7"": ""fixed"", ""8"": ""fixed"", ""9"": ""fixed""}","{""0"": ""fixed"", ""1"": ""fixed"", ""2"": ""fixed"", ""3"": ""fixed""}","[0, 1, 2, 3, 4, 5, 6, 7, 8, 9, 10, 11, 12, 13, 14, 15]",[],[],False,full_key_unique,True,uf_axiom,
ARK_85__ARK_127,ARK_85,ARK_127,ARK-ARK,1,0,0,0,0,0,0,0,0,0,1,0,late_only,actual_core384_gap,ARK_85__ARK_127,2,192,2,differential,sat,unsat,0.01639736071228981,310.30025783739984,a66f651322597191ab9f8f8af4c2db61,a66f651322597191ab9f8f8af4c2db61,,True,sat,False,False,False,,"{""0"": ""fixed"", ""1"": ""fixed"", ""10"": ""fixed"", ""11"": ""fixed"", ""12"": ""fixed"", ""13"": ""fixed"", ""14"": ""fixed"", ""15"": ""fixed"", ""2"": ""fixed"", ""3"": ""fixed"", ""4"": ""fixed"", ""5"": ""fixed"", ""6"": ""fixed"", ""7"": ""fixed"", ""8"": ""fixed"", ""9"": ""fixed""}","{""0"": ""fixed"", ""1"": ""fixed"", ""2"": ""fixed"", ""3"": ""fixed""}","[0, 1, 2, 3, 4, 5, 6, 7, 8, 9, 10, 11, 12, 13, 14, 15]",[],[],False,full_key_unique,True,uf_axiom,
ARK_85__ARK_127,ARK_85,ARK_127,ARK-ARK,1,0,0,0,0,0,0,0,0,0,1,0,late_only,actual_core384_gap,ARK_85__ARK_127,0,192,2,differential,sat,unsat,0.011225530877709389,194.84526753239334,edf43a9a19e4a3f3bf1eec668bd00cf6,edf43a9a19e4a3f3bf1eec668bd00cf6,,True,sat,False,False,False,,"{""0"": ""fixed"", ""1"": ""fixed"", ""10"": ""fixed"", ""11"": ""fixed"", ""12"": ""fixed"", ""13"": ""fixed"", ""14"": ""fixed"", ""15"": ""fixed"", ""2"": ""fixed"", ""3"": ""fixed"", ""4"": ""fixed"", ""5"": ""fixed"", ""6"": ""fixed"", ""7"": ""fixed"", ""8"": ""fixed"", ""9"": ""fixed""}","{""0"": ""fixed"", ""1"": ""fixed"", ""2"": ""fixed"", ""3"": ""fixed""}","[0, 1, 2, 3, 4, 5, 6, 7, 8, 9, 10, 11, 12, 13, 14, 15]",[],[],False,full_key_unique,True,uf_axiom,
ARK_28__ARK_41,ARK_28,ARK_41,ARK-ARK,1,0,0,0,0,0,0,0,0,0,1,0,late_only,actual_core384_gap,ARK_28__ARK_41,0,192,2,differential,sat,unsat,0.01697804033756256,131.4715630542487,edf43a9a19e4a3f3bf1eec668bd00cf6,edf43a9a19e4a3f3bf1eec668bd00cf6,,True,sat,False,False,False,,"{""0"": ""fixed"", ""1"": ""fixed"", ""10"": ""fixed"", ""11"": ""fixed"", ""12"": ""fixed"", ""13"": ""fixed"", ""14"": ""fixed"", ""15"": ""fixed"", ""2"": ""fixed"", ""3"": ""fixed"", ""4"": ""fixed"", ""5"": ""fixed"", ""6"": ""fixed"", ""7"": ""fixed"", ""8"": ""fixed"", ""9"": ""fixed""}","{""0"": ""fixed"", ""1"": ""fixed"", ""2"": ""fixed"", ""3"": ""fixed""}","[0, 1, 2, 3, 4, 5, 6, 7, 8, 9, 10, 11, 12, 13, 14, 15]",[],[],False,full_key_unique,True,uf_axiom,
ARK_24__ARK_35,ARK_24,ARK_35,ARK-ARK,1,0,0,0,0,0,0,0,0,0,1,0,late_only,actual_core384_gap,ARK_24__ARK_35,0,128,2,differential,sat,unsat,0.006968377158045769,195.21466106921434,edf43a9a19e4a3f3bf1eec668bd00cf6,edf43a9a19e4a3f3bf1eec668bd00cf6,,True,sat,False,False,False,,"{""0"": ""fixed"", ""1"": ""fixed"", ""10"": ""fixed"", ""11"": ""fixed"", ""12"": ""fixed"", ""13"": ""fixed"", ""14"": ""fixed"", ""15"": ""fixed"", ""2"": ""fixed"", ""3"": ""fixed"", ""4"": ""fixed"", ""5"": ""fixed"", ""6"": ""fixed"", ""7"": ""fixed"", ""8"": ""fixed"", ""9"": ""fixed""}","{""0"": ""fixed"", ""1"": ""fixed"", ""2"": ""fixed"", ""3"": ""fixed""}","[0, 1, 2, 3, 4, 5, 6, 7, 8, 9, 10, 11, 12, 13, 14, 15]",[],[],False,full_key_unique,True,uf_axiom,
MC_57__ARK_50,MC_57,ARK_50,MC-ARK,0,0,0,1,0,0,0,1,0,0,0,0,weak_same_column,actual_core384_gap,MC_57__ARK_50,1,255,2,differential,sat,unsat,0.00941610336303711,195.54387498274446,99107579bc3c2c3b0d7a8a6fd1573606,99107579bc3c2c3b0d7a8a6fd1573606,,True,sat,False,False,False,,"{""0"": ""fixed"", ""1"": ""fixed"", ""10"": ""fixed"", ""11"": ""fixed"", ""12"": ""fixed"", ""13"": ""fixed"", ""14"": ""fixed"", ""15"": ""fixed"", ""2"": ""fixed"", ""3"": ""fixed"", ""4"": ""fixed"", ""5"": ""fixed"", ""6"": ""fixed"", ""7"": ""fixed"", ""8"": ""fixed"", ""9"": ""fixed""}","{""0"": ""fixed"", ""1"": ""fixed"", ""2"": ""fixed"", ""3"": ""fixed""}","[0, 1, 2, 3, 4, 5, 6, 7, 8, 9, 10, 11, 12, 13, 14, 15]",[],[],False,full_key_unique,True,uf_axiom,
MC_39__ARK_39,MC_39,ARK_39,MC-ARK,0,1,1,1,1,0,0,0,0,0,0,1,redundant_late,actual_core384_gap,MC_39__ARK_39,1,255,2,differential,sat,unsat,0.013654792681336403,344.522441374138,99107579bc3c2c3b0d7a8a6fd1573606,99107579bc3c2c3b0d7a8a6fd1573606,,True,sat,False,False,False,,"{""0"": ""fixed"", ""1"": ""fixed"", ""10"": ""fixed"", ""11"": ""fixed"", ""12"": ""fixed"", ""13"": ""fixed"", ""14"": ""fixed"", ""15"": ""fixed"", ""2"": ""fixed"", ""3"": ""fixed"", ""4"": ""fixed"", ""5"": ""fixed"", ""6"": ""fixed"", ""7"": ""fixed"", ""8"": ""fixed"", ""9"": ""fixed""}","{""0"": ""fixed"", ""1"": ""fixed"", ""2"": ""fixed"", ""3"": ""fixed""}","[0, 1, 2, 3, 4, 5, 6, 7, 8, 9, 10, 11, 12, 13, 14, 15]",[],[],False,full_key_unique,True,uf_axiom,
ARK_1__ARK_50,ARK_1,ARK_50,ARK-ARK,1,0,0,0,0,0,0,0,0,0,1,0,late_only,actual_core384_gap,ARK_1__ARK_50,2,128,2,differential,sat,unsat,0.007969681173563004,282.2850948907435,a66f651322597191ab9f8f8af4c2db61,a66f651322597191ab9f8f8af4c2db61,,True,sat,False,False,False,,"{""0"": ""fixed"", ""1"": ""fixed"", ""10"": ""fixed"", ""11"": ""fixed"", ""12"": ""fixed"", ""13"": ""fixed"", ""14"": ""fixed"", ""15"": ""fixed"", ""2"": ""fixed"", ""3"": ""fixed"", ""4"": ""fixed"", ""5"": ""fixed"", ""6"": ""fixed"", ""7"": ""fixed"", ""8"": ""fixed"", ""9"": ""fixed""}","{""0"": ""fixed"", ""1"": ""fixed"", ""2"": ""fixed"", ""3"": ""fixed""}","[0, 1, 2, 3, 4, 5, 6, 7, 8, 9, 10, 11, 12, 13, 14, 15]",[],[],False,full_key_unique,True,uf_axiom,
ARK_24__ARK_35,ARK_24,ARK_35,ARK-ARK,1,0,0,0,0,0,0,0,0,0,1,0,late_only,actual_core384_gap,ARK_24__ARK_35,2,192,2,differential,sat,unsat,0.012314355000853539,163.7371846307069,a66f651322597191ab9f8f8af4c2db61,a66f651322597191ab9f8f8af4c2db61,,True,sat,False,False,False,,"{""0"": ""fixed"", ""1"": ""fixed"", ""10"": ""fixed"", ""11"": ""fixed"", ""12"": ""fixed"", ""13"": ""fixed"", ""14"": ""fixed"", ""15"": ""fixed"", ""2"": ""fixed"", ""3"": ""fixed"", ""4"": ""fixed"", ""5"": ""fixed"", ""6"": ""fixed"", ""7"": ""fixed"", ""8"": ""fixed"", ""9"": ""fixed""}","{""0"": ""fixed"", ""1"": ""fixed"", ""2"": ""fixed"", ""3"": ""fixed""}","[0, 1, 2, 3, 4, 5, 6, 7, 8, 9, 10, 11, 12, 13, 14, 15]",[],[],False,full_key_unique,True,uf_axiom,
ARK_24__ARK_35,ARK_24,ARK_35,ARK-ARK,1,0,0,0,0,0,0,0,0,0,1,0,late_only,actual_core384_gap,ARK_24__ARK_35,1,192,2,differential,sat,unsat,0.011757975444197655,392.2207067422569,99107579bc3c2c3b0d7a8a6fd1573606,99107579bc3c2c3b0d7a8a6fd1573606,,True,sat,False,False,False,,"{""0"": ""fixed"", ""1"": ""fixed"", ""10"": ""fixed"", ""11"": ""fixed"", ""12"": ""fixed"", ""13"": ""fixed"", ""14"": ""fixed"", ""15"": ""fixed"", ""2"": ""fixed"", ""3"": ""fixed"", ""4"": ""fixed"", ""5"": ""fixed"", ""6"": ""fixed"", ""7"": ""fixed"", ""8"": ""fixed"", ""9"": ""fixed""}","{""0"": ""fixed"", ""1"": ""fixed"", ""2"": ""fixed"", ""3"": ""fixed""}","[0, 1, 2, 3, 4, 5, 6, 7, 8, 9, 10, 11, 12, 13, 14, 15]",[],[],False,full_key_unique,True,uf_axiom,
