candidate_id,stage,bit_index,round,observation_mode,structural_k0_bit_count,structural_k0_bits_json,structural_k0_bytes_json,structural_plaintext_bit_count,structural_plaintext_bits_json,structural_plaintext_bytes_json,differential_equivalence_class,support_status
ARK_0,ARK,0,1,differential,32,"[0, 1, 2, 3, 4, 5, 6, 7, 40, 41, 42, 43, 44, 45, 46, 47, 80, 81, 82, 83, 84, 85, 86, 87, 120, 121, 122, 123, 124, 125, 126, 127]","[0, 5, 10, 15]",32,"[0, 1, 2, 3, 4, 5, 6, 7, 40, 41, 42, 43, 44, 45, 46, 47, 80, 81, 82, 83, 84, 85, 86, 87, 120, 121, 122, 123, 124, 125, 126, 127]","[0, 5, 10, 15]",DIFF_MC_ARK_0,structural_overapprox_mode_simplified
ARK_0,ARK,0,2,differential,128,"[0, 1, 2, 3, 4, 5, 6, 7, 8, 9, 10, 11, 12, 13, 14, 15, 16, 17, 18, 19, 20, 21, 22, 23, 24, 25, 26, 27, 28, 29, 30, 31, 32, 33, 34, 35, 36, 37, 38, 39, 40, 41, 42, 43, 44, 45, 46, 47, 48, 49, 50, 51, 52, 53, 54, 55, 56, 57, 58, 59, 60, 61, 62, 63, 64, 65, 66, 67, 68, 69, 70, 71, 72, 73, 74, 75, 76, 77, 78, 79, 80, 81, 82, 83, 84, 85, 86, 87, 88, 89, 90, 91, 92, 93, 94, 95, 96, 97, 98, 99, 100, 101, 102, 103, 104, 105, 106, 107, 108, 109, 110, 111, 112, 113, 114, 115, 116, 117, 118, 119, 120, 121, 122, 123, 124, 125, 126, 127]","[0, 1, 2, 3, 4, 5, 6, 7, 8, 9, 10, 11, 12, 13, 14, 15]",128,"[0, 1, 2, 3, 4, 5, 6, 7, 8, 9, 10, 11, 12, 13, 14, 15, 16, 17, 18, 19, 20, 21, 22, 23, 24, 25, 26, 27, 28, 29, 30, 31, 32, 33, 34, 35, 36, 37, 38, 39, 40, 41, 42, 43, 44, 45, 46, 47, 48, 49, 50, 51, 52, 53, 54, 55, 56, 57, 58, 59, 60, 61, 62, 63, 64, 65, 66, 67, 68, 69, 70, 71, 72, 73, 74, 75, 76, 77, 78, 79, 80, 81, 82, 83, 84, 85, 86, 87, 88, 89, 90, 91, 92, 93, 94, 95, 96, 97, 98, 99, 100, 101, 102, 103, 104, 105, 106, 107, 108, 109, 110, 111, 112, 113, 114, 115, 116, 117, 118, 119, 120, 121, 122, 123, 124, 125, 126, 127]","[0, 1, 2, 3, 4, 5, 6, 7, 8, 9, 10, 11, 12, 13, 14, 15]",DIFF_MC_ARK_0,structural_overapprox_mode_simplified
ARK_1,ARK,1,1,differential,32,"[0, 1, 2, 3, 4, 5, 6, 7, 40, 41, 42, 43, 44, 45, 46, 47, 80, 81, 82, 83, 84, 85, 86, 87, 120, 121, 122, 123, 124, 125, 126, 127]","[0, 5, 10, 15]",32,"[0, 1, 2, 3, 4, 5, 6, 7, 40, 41, 42, 43, 44, 45, 46, 47, 80, 81, 82, 83, 84, 85, 86, 87, 120, 121, 122, 123, 124, 125, 126, 127]","[0, 5, 10, 15]",DIFF_MC_ARK_1,structural_overapprox_mode_simplified
ARK_1,ARK,1,2,differential,128,"[0, 1, 2, 3, 4, 5, 6, 7, 8, 9, 10, 11, 12, 13, 14, 15, 16, 17, 18, 19, 20, 21, 22, 23, 24, 25, 26, 27, 28, 29, 30, 31, 32, 33, 34, 35, 36, 37, 38, 39, 40, 41, 42, 43, 44, 45, 46, 47, 48, 49, 50, 51, 52, 53, 54, 55, 56, 57, 58, 59, 60, 61, 62, 63, 64, 65, 66, 67, 68, 69, 70, 71, 72, 73, 74, 75, 76, 77, 78, 79, 80, 81, 82, 83, 84, 85, 86, 87, 88, 89, 90, 91, 92, 93, 94, 95, 96, 97, 98, 99, 100, 101, 102, 103, 104, 105, 106, 107, 108, 109, 110, 111, 112, 113, 114, 115, 116, 117, 118, 119, 120, 121, 122, 123, 124, 125, 126, 127]","[0, 1, 2, 3, 4, 5, 6, 7, 8, 9, 10, 11, 12, 13, 14, 15]",128,"[0, 1, 2, 3, 4, 5, 6, 7, 8, 9, 10, 11, 12, 13, 14, 15, 16, 17, 18, 19, 20, 21, 22, 23, 24, 25, 26, 27, 28, 29, 30, 31, 32, 33, 34, 35, 36, 37, 38, 39, 40, 41, 42, 43, 44, 45, 46, 47, 48, 49, 50, 51, 52, 53, 54, 55, 56, 57, 58, 59, 60, 61, 62, 63, 64, 65, 66, 67, 68, 69, 70, 71, 72, 73, 74, 75, 76, 77, 78, 79, 80, 81, 82, 83, 84, 85, 86, 87, 88, 89, 90, 91, 92, 93, 94, 95, 96, 97, 98, 99, 100, 101, 102, 103, 104, 105, 106, 107, 108, 109, 110, 111, 112, 113, 114, 115, 116, 117, 118, 119, 120, 121, 122, 123, 124, 125, 126, 127]","[0, 1, 2, 3, 4, 5, 6, 7, 8, 9, 10, 11, 12, 13, 14, 15]",DIFF_MC_ARK_1,structural_overapprox_mode_simplified
ARK_101,ARK,101,1,differential,32,"[8, 9, 10, 11, 12, 13, 14, 15, 48, 49, 50, 51, 52, 53, 54, 55, 88, 89, 90, 91, 92, 93, 94, 95, 96, 97, 98, 99, 100, 101, 102, 103]","[1, 6, 11, 12]",32,"[8, 9, 10, 11, 12, 13, 14, 15, 48, 49, 50, 51, 52, 53, 54, 55, 88, 89, 90, 91, 92, 93, 94, 95, 96, 97, 98, 99, 100, 101, 102, 103]","[1, 6, 11, 12]",DIFF_MC_ARK_101,structural_overapprox_mode_simplified
ARK_101,ARK,101,2,differential,128,"[0, 1, 2, 3, 4, 5, 6, 7, 8, 9, 10, 11, 12, 13, 14, 15, 16, 17, 18, 19, 20, 21, 22, 23, 24, 25, 26, 27, 28, 29, 30, 31, 32, 33, 34, 35, 36, 37, 38, 39, 40, 41, 42, 43, 44, 45, 46, 47, 48, 49, 50, 51, 52, 53, 54, 55, 56, 57, 58, 59, 60, 61, 62, 63, 64, 65, 66, 67, 68, 69, 70, 71, 72, 73, 74, 75, 76, 77, 78, 79, 80, 81, 82, 83, 84, 85, 86, 87, 88, 89, 90, 91, 92, 93, 94, 95, 96, 97, 98, 99, 100, 101, 102, 103, 104, 105, 106, 107, 108, 109, 110, 111, 112, 113, 114, 115, 116, 117, 118, 119, 120, 121, 122, 123, 124, 125, 126, 127]","[0, 1, 2, 3, 4, 5, 6, 7, 8, 9, 10, 11, 12, 13, 14, 15]",128,"[0, 1, 2, 3, 4, 5, 6, 7, 8, 9, 10, 11, 12, 13, 14, 15, 16, 17, 18, 19, 20, 21, 22, 23, 24, 25, 26, 27, 28, 29, 30, 31, 32, 33, 34, 35, 36, 37, 38, 39, 40, 41, 42, 43, 44, 45, 46, 47, 48, 49, 50, 51, 52, 53, 54, 55, 56, 57, 58, 59, 60, 61, 62, 63, 64, 65, 66, 67, 68, 69, 70, 71, 72, 73, 74, 75, 76, 77, 78, 79, 80, 81, 82, 83, 84, 85, 86, 87, 88, 89, 90, 91, 92, 93, 94, 95, 96, 97, 98, 99, 100, 101, 102, 103, 104, 105, 106, 107, 108, 109, 110, 111, 112, 113, 114, 115, 116, 117, 118, 119, 120, 121, 122, 123, 124, 125, 126, 127]","[0, 1, 2, 3, 4, 5, 6, 7, 8, 9, 10, 11, 12, 13, 14, 15]",DIFF_MC_ARK_101,structural_overapprox_mode_simplified
ARK_102,ARK,102,1,differential,32,"[8, 9, 10, 11, 12, 13, 14, 15, 48, 49, 50, 51, 52, 53, 54, 55, 88, 89, 90, 91, 92, 93, 94, 95, 96, 97, 98, 99, 100, 101, 102, 103]","[1, 6, 11, 12]",32,"[8, 9, 10, 11, 12, 13, 14, 15, 48, 49, 50, 51, 52, 53, 54, 55, 88, 89, 90, 91, 92, 93, 94, 95, 96, 97, 98, 99, 100, 101, 102, 103]","[1, 6, 11, 12]",DIFF_MC_ARK_102,structural_overapprox_mode_simplified
ARK_102,ARK,102,2,differential,128,"[0, 1, 2, 3, 4, 5, 6, 7, 8, 9, 10, 11, 12, 13, 14, 15, 16, 17, 18, 19, 20, 21, 22, 23, 24, 25, 26, 27, 28, 29, 30, 31, 32, 33, 34, 35, 36, 37, 38, 39, 40, 41, 42, 43, 44, 45, 46, 47, 48, 49, 50, 51, 52, 53, 54, 55, 56, 57, 58, 59, 60, 61, 62, 63, 64, 65, 66, 67, 68, 69, 70, 71, 72, 73, 74, 75, 76, 77, 78, 79, 80, 81, 82, 83, 84, 85, 86, 87, 88, 89, 90, 91, 92, 93, 94, 95, 96, 97, 98, 99, 100, 101, 102, 103, 104, 105, 106, 107, 108, 109, 110, 111, 112, 113, 114, 115, 116, 117, 118, 119, 120, 121, 122, 123, 124, 125, 126, 127]","[0, 1, 2, 3, 4, 5, 6, 7, 8, 9, 10, 11, 12, 13, 14, 15]",128,"[0, 1, 2, 3, 4, 5, 6, 7, 8, 9, 10, 11, 12, 13, 14, 15, 16, 17, 18, 19, 20, 21, 22, 23, 24, 25, 26, 27, 28, 29, 30, 31, 32, 33, 34, 35, 36, 37, 38, 39, 40, 41, 42, 43, 44, 45, 46, 47, 48, 49, 50, 51, 52, 53, 54, 55, 56, 57, 58, 59, 60, 61, 62, 63, 64, 65, 66, 67, 68, 69, 70, 71, 72, 73, 74, 75, 76, 77, 78, 79, 80, 81, 82, 83, 84, 85, 86, 87, 88, 89, 90, 91, 92, 93, 94, 95, 96, 97, 98, 99, 100, 101, 102, 103, 104, 105, 106, 107, 108, 109, 110, 111, 112, 113, 114, 115, 116, 117, 118, 119, 120, 121, 122, 123, 124, 125, 126, 127]","[0, 1, 2, 3, 4, 5, 6, 7, 8, 9, 10, 11, 12, 13, 14, 15]",DIFF_MC_ARK_102,structural_overapprox_mode_simplified
ARK_105,ARK,105,1,differential,32,"[8, 9, 10, 11, 12, 13, 14, 15, 48, 49, 50, 51, 52, 53, 54, 55, 88, 89, 90, 91, 92, 93, 94, 95, 96, 97, 98, 99, 100, 101, 102, 103]","[1, 6, 11, 12]",32,"[8, 9, 10, 11, 12, 13, 14, 15, 48, 49, 50, 51, 52, 53, 54, 55, 88, 89, 90, 91, 92, 93, 94, 95, 96, 97, 98, 99, 100, 101, 102, 103]","[1, 6, 11, 12]",DIFF_MC_ARK_105,structural_overapprox_mode_simplified
ARK_105,ARK,105,2,differential,128,"[0, 1, 2, 3, 4, 5, 6, 7, 8, 9, 10, 11, 12, 13, 14, 15, 16, 17, 18, 19, 20, 21, 22, 23, 24, 25, 26, 27, 28, 29, 30, 31, 32, 33, 34, 35, 36, 37, 38, 39, 40, 41, 42, 43, 44, 45, 46, 47, 48, 49, 50, 51, 52, 53, 54, 55, 56, 57, 58, 59, 60, 61, 62, 63, 64, 65, 66, 67, 68, 69, 70, 71, 72, 73, 74, 75, 76, 77, 78, 79, 80, 81, 82, 83, 84, 85, 86, 87, 88, 89, 90, 91, 92, 93, 94, 95, 96, 97, 98, 99, 100, 101, 102, 103, 104, 105, 106, 107, 108, 109, 110, 111, 112, 113, 114, 115, 116, 117, 118, 119, 120, 121, 122, 123, 124, 125, 126, 127]","[0, 1, 2, 3, 4, 5, 6, 7, 8, 9, 10, 11, 12, 13, 14, 15]",128,"[0, 1, 2, 3, 4, 5, 6, 7, 8, 9, 10, 11, 12, 13, 14, 15, 16, 17, 18, 19, 20, 21, 22, 23, 24, 25, 26, 27, 28, 29, 30, 31, 32, 33, 34, 35, 36, 37, 38, 39, 40, 41, 42, 43, 44, 45, 46, 47, 48, 49, 50, 51, 52, 53, 54, 55, 56, 57, 58, 59, 60, 61, 62, 63, 64, 65, 66, 67, 68, 69, 70, 71, 72, 73, 74, 75, 76, 77, 78, 79, 80, 81, 82, 83, 84, 85, 86, 87, 88, 89, 90, 91, 92, 93, 94, 95, 96, 97, 98, 99, 100, 101, 102, 103, 104, 105, 106, 107, 108, 109, 110, 111, 112, 113, 114, 115, 116, 117, 118, 119, 120, 121, 122, 123, 124, 125, 126, 127]","[0, 1, 2, 3, 4, 5, 6, 7, 8, 9, 10, 11, 12, 13, 14, 15]",DIFF_MC_ARK_105,structural_overapprox_mode_simplified
ARK_106,ARK,106,1,differential,32,"[8, 9, 10, 11, 12, 13, 14, 15, 48, 49, 50, 51, 52, 53, 54, 55, 88, 89, 90, 91, 92, 93, 94, 95, 96, 97, 98, 99, 100, 101, 102, 103]","[1, 6, 11, 12]",32,"[8, 9, 10, 11, 12, 13, 14, 15, 48, 49, 50, 51, 52, 53, 54, 55, 88, 89, 90, 91, 92, 93, 94, 95, 96, 97, 98, 99, 100, 101, 102, 103]","[1, 6, 11, 12]",DIFF_MC_ARK_106,structural_overapprox_mode_simplified
ARK_106,ARK,106,2,differential,128,"[0, 1, 2, 3, 4, 5, 6, 7, 8, 9, 10, 11, 12, 13, 14, 15, 16, 17, 18, 19, 20, 21, 22, 23, 24, 25, 26, 27, 28, 29, 30, 31, 32, 33, 34, 35, 36, 37, 38, 39, 40, 41, 42, 43, 44, 45, 46, 47, 48, 49, 50, 51, 52, 53, 54, 55, 56, 57, 58, 59, 60, 61, 62, 63, 64, 65, 66, 67, 68, 69, 70, 71, 72, 73, 74, 75, 76, 77, 78, 79, 80, 81, 82, 83, 84, 85, 86, 87, 88, 89, 90, 91, 92, 93, 94, 95, 96, 97, 98, 99, 100, 101, 102, 103, 104, 105, 106, 107, 108, 109, 110, 111, 112, 113, 114, 115, 116, 117, 118, 119, 120, 121, 122, 123, 124, 125, 126, 127]","[0, 1, 2, 3, 4, 5, 6, 7, 8, 9, 10, 11, 12, 13, 14, 15]",128,"[0, 1, 2, 3, 4, 5, 6, 7, 8, 9, 10, 11, 12, 13, 14, 15, 16, 17, 18, 19, 20, 21, 22, 23, 24, 25, 26, 27, 28, 29, 30, 31, 32, 33, 34, 35, 36, 37, 38, 39, 40, 41, 42, 43, 44, 45, 46, 47, 48, 49, 50, 51, 52, 53, 54, 55, 56, 57, 58, 59, 60, 61, 62, 63, 64, 65, 66, 67, 68, 69, 70, 71, 72, 73, 74, 75, 76, 77, 78, 79, 80, 81, 82, 83, 84, 85, 86, 87, 88, 89, 90, 91, 92, 93, 94, 95, 96, 97, 98, 99, 100, 101, 102, 103, 104, 105, 106, 107, 108, 109, 110, 111, 112, 113, 114, 115, 116, 117, 118, 119, 120, 121, 122, 123, 124, 125, 126, 127]","[0, 1, 2, 3, 4, 5, 6, 7, 8, 9, 10, 11, 12, 13, 14, 15]",DIFF_MC_ARK_106,structural_overapprox_mode_simplified
ARK_108,ARK,108,1,differential,32,"[8, 9, 10, 11, 12, 13, 14, 15, 48, 49, 50, 51, 52, 53, 54, 55, 88, 89, 90, 91, 92, 93, 94, 95, 96, 97, 98, 99, 100, 101, 102, 103]","[1, 6, 11, 12]",32,"[8, 9, 10, 11, 12, 13, 14, 15, 48, 49, 50, 51, 52, 53, 54, 55, 88, 89, 90, 91, 92, 93, 94, 95, 96, 97, 98, 99, 100, 101, 102, 103]","[1, 6, 11, 12]",DIFF_MC_ARK_108,structural_overapprox_mode_simplified
ARK_108,ARK,108,2,differential,128,"[0, 1, 2, 3, 4, 5, 6, 7, 8, 9, 10, 11, 12, 13, 14, 15, 16, 17, 18, 19, 20, 21, 22, 23, 24, 25, 26, 27, 28, 29, 30, 31, 32, 33, 34, 35, 36, 37, 38, 39, 40, 41, 42, 43, 44, 45, 46, 47, 48, 49, 50, 51, 52, 53, 54, 55, 56, 57, 58, 59, 60, 61, 62, 63, 64, 65, 66, 67, 68, 69, 70, 71, 72, 73, 74, 75, 76, 77, 78, 79, 80, 81, 82, 83, 84, 85, 86, 87, 88, 89, 90, 91, 92, 93, 94, 95, 96, 97, 98, 99, 100, 101, 102, 103, 104, 105, 106, 107, 108, 109, 110, 111, 112, 113, 114, 115, 116, 117, 118, 119, 120, 121, 122, 123, 124, 125, 126, 127]","[0, 1, 2, 3, 4, 5, 6, 7, 8, 9, 10, 11, 12, 13, 14, 15]",128,"[0, 1, 2, 3, 4, 5, 6, 7, 8, 9, 10, 11, 12, 13, 14, 15, 16, 17, 18, 19, 20, 21, 22, 23, 24, 25, 26, 27, 28, 29, 30, 31, 32, 33, 34, 35, 36, 37, 38, 39, 40, 41, 42, 43, 44, 45, 46, 47, 48, 49, 50, 51, 52, 53, 54, 55, 56, 57, 58, 59, 60, 61, 62, 63, 64, 65, 66, 67, 68, 69, 70, 71, 72, 73, 74, 75, 76, 77, 78, 79, 80, 81, 82, 83, 84, 85, 86, 87, 88, 89, 90, 91, 92, 93, 94, 95, 96, 97, 98, 99, 100, 101, 102, 103, 104, 105, 106, 107, 108, 109, 110, 111, 112, 113, 114, 115, 116, 117, 118, 119, 120, 121, 122, 123, 124, 125, 126, 127]","[0, 1, 2, 3, 4, 5, 6, 7, 8, 9, 10, 11, 12, 13, 14, 15]",DIFF_MC_ARK_108,structural_overapprox_mode_simplified
ARK_111,ARK,111,1,differential,32,"[8, 9, 10, 11, 12, 13, 14, 15, 48, 49, 50, 51, 52, 53, 54, 55, 88, 89, 90, 91, 92, 93, 94, 95, 96, 97, 98, 99, 100, 101, 102, 103]","[1, 6, 11, 12]",32,"[8, 9, 10, 11, 12, 13, 14, 15, 48, 49, 50, 51, 52, 53, 54, 55, 88, 89, 90, 91, 92, 93, 94, 95, 96, 97, 98, 99, 100, 101, 102, 103]","[1, 6, 11, 12]",DIFF_MC_ARK_111,structural_overapprox_mode_simplified
ARK_111,ARK,111,2,differential,128,"[0, 1, 2, 3, 4, 5, 6, 7, 8, 9, 10, 11, 12, 13, 14, 15, 16, 17, 18, 19, 20, 21, 22, 23, 24, 25, 26, 27, 28, 29, 30, 31, 32, 33, 34, 35, 36, 37, 38, 39, 40, 41, 42, 43, 44, 45, 46, 47, 48, 49, 50, 51, 52, 53, 54, 55, 56, 57, 58, 59, 60, 61, 62, 63, 64, 65, 66, 67, 68, 69, 70, 71, 72, 73, 74, 75, 76, 77, 78, 79, 80, 81, 82, 83, 84, 85, 86, 87, 88, 89, 90, 91, 92, 93, 94, 95, 96, 97, 98, 99, 100, 101, 102, 103, 104, 105, 106, 107, 108, 109, 110, 111, 112, 113, 114, 115, 116, 117, 118, 119, 120, 121, 122, 123, 124, 125, 126, 127]","[0, 1, 2, 3, 4, 5, 6, 7, 8, 9, 10, 11, 12, 13, 14, 15]",128,"[0, 1, 2, 3, 4, 5, 6, 7, 8, 9, 10, 11, 12, 13, 14, 15, 16, 17, 18, 19, 20, 21, 22, 23, 24, 25, 26, 27, 28, 29, 30, 31, 32, 33, 34, 35, 36, 37, 38, 39, 40, 41, 42, 43, 44, 45, 46, 47, 48, 49, 50, 51, 52, 53, 54, 55, 56, 57, 58, 59, 60, 61, 62, 63, 64, 65, 66, 67, 68, 69, 70, 71, 72, 73, 74, 75, 76, 77, 78, 79, 80, 81, 82, 83, 84, 85, 86, 87, 88, 89, 90, 91, 92, 93, 94, 95, 96, 97, 98, 99, 100, 101, 102, 103, 104, 105, 106, 107, 108, 109, 110, 111, 112, 113, 114, 115, 116, 117, 118, 119, 120, 121, 122, 123, 124, 125, 126, 127]","[0, 1, 2, 3, 4, 5, 6, 7, 8, 9, 10, 11, 12, 13, 14, 15]",DIFF_MC_ARK_111,structural_overapprox_mode_simplified
ARK_115,ARK,115,1,differential,32,"[8, 9, 10, 11, 12, 13, 14, 15, 48, 49, 50, 51, 52, 53, 54, 55, 88, 89, 90, 91, 92, 93, 94, 95, 96, 97, 98, 99, 100, 101, 102, 103]","[1, 6, 11, 12]",32,"[8, 9, 10, 11, 12, 13, 14, 15, 48, 49, 50, 51, 52, 53, 54, 55, 88, 89, 90, 91, 92, 93, 94, 95, 96, 97, 98, 99, 100, 101, 102, 103]","[1, 6, 11, 12]",DIFF_MC_ARK_115,structural_overapprox_mode_simplified
ARK_115,ARK,115,2,differential,128,"[0, 1, 2, 3, 4, 5, 6, 7, 8, 9, 10, 11, 12, 13, 14, 15, 16, 17, 18, 19, 20, 21, 22, 23, 24, 25, 26, 27, 28, 29, 30, 31, 32, 33, 34, 35, 36, 37, 38, 39, 40, 41, 42, 43, 44, 45, 46, 47, 48, 49, 50, 51, 52, 53, 54, 55, 56, 57, 58, 59, 60, 61, 62, 63, 64, 65, 66, 67, 68, 69, 70, 71, 72, 73, 74, 75, 76, 77, 78, 79, 80, 81, 82, 83, 84, 85, 86, 87, 88, 89, 90, 91, 92, 93, 94, 95, 96, 97, 98, 99, 100, 101, 102, 103, 104, 105, 106, 107, 108, 109, 110, 111, 112, 113, 114, 115, 116, 117, 118, 119, 120, 121, 122, 123, 124, 125, 126, 127]","[0, 1, 2, 3, 4, 5, 6, 7, 8, 9, 10, 11, 12, 13, 14, 15]",128,"[0, 1, 2, 3, 4, 5, 6, 7, 8, 9, 10, 11, 12, 13, 14, 15, 16, 17, 18, 19, 20, 21, 22, 23, 24, 25, 26, 27, 28, 29, 30, 31, 32, 33, 34, 35, 36, 37, 38, 39, 40, 41, 42, 43, 44, 45, 46, 47, 48, 49, 50, 51, 52, 53, 54, 55, 56, 57, 58, 59, 60, 61, 62, 63, 64, 65, 66, 67, 68, 69, 70, 71, 72, 73, 74, 75, 76, 77, 78, 79, 80, 81, 82, 83, 84, 85, 86, 87, 88, 89, 90, 91, 92, 93, 94, 95, 96, 97, 98, 99, 100, 101, 102, 103, 104, 105, 106, 107, 108, 109, 110, 111, 112, 113, 114, 115, 116, 117, 118, 119, 120, 121, 122, 123, 124, 125, 126, 127]","[0, 1, 2, 3, 4, 5, 6, 7, 8, 9, 10, 11, 12, 13, 14, 15]",DIFF_MC_ARK_115,structural_overapprox_mode_simplified
ARK_120,ARK,120,1,differential,32,"[8, 9, 10, 11, 12, 13, 14, 15, 48, 49, 50, 51, 52, 53, 54, 55, 88, 89, 90, 91, 92, 93, 94, 95, 96, 97, 98, 99, 100, 101, 102, 103]","[1, 6, 11, 12]",32,"[8, 9, 10, 11, 12, 13, 14, 15, 48, 49, 50, 51, 52, 53, 54, 55, 88, 89, 90, 91, 92, 93, 94, 95, 96, 97, 98, 99, 100, 101, 102, 103]","[1, 6, 11, 12]",DIFF_MC_ARK_120,structural_overapprox_mode_simplified
ARK_120,ARK,120,2,differential,128,"[0, 1, 2, 3, 4, 5, 6, 7, 8, 9, 10, 11, 12, 13, 14, 15, 16, 17, 18, 19, 20, 21, 22, 23, 24, 25, 26, 27, 28, 29, 30, 31, 32, 33, 34, 35, 36, 37, 38, 39, 40, 41, 42, 43, 44, 45, 46, 47, 48, 49, 50, 51, 52, 53, 54, 55, 56, 57, 58, 59, 60, 61, 62, 63, 64, 65, 66, 67, 68, 69, 70, 71, 72, 73, 74, 75, 76, 77, 78, 79, 80, 81, 82, 83, 84, 85, 86, 87, 88, 89, 90, 91, 92, 93, 94, 95, 96, 97, 98, 99, 100, 101, 102, 103, 104, 105, 106, 107, 108, 109, 110, 111, 112, 113, 114, 115, 116, 117, 118, 119, 120, 121, 122, 123, 124, 125, 126, 127]","[0, 1, 2, 3, 4, 5, 6, 7, 8, 9, 10, 11, 12, 13, 14, 15]",128,"[0, 1, 2, 3, 4, 5, 6, 7, 8, 9, 10, 11, 12, 13, 14, 15, 16, 17, 18, 19, 20, 21, 22, 23, 24, 25, 26, 27, 28, 29, 30, 31, 32, 33, 34, 35, 36, 37, 38, 39, 40, 41, 42, 43, 44, 45, 46, 47, 48, 49, 50, 51, 52, 53, 54, 55, 56, 57, 58, 59, 60, 61, 62, 63, 64, 65, 66, 67, 68, 69, 70, 71, 72, 73, 74, 75, 76, 77, 78, 79, 80, 81, 82, 83, 84, 85, 86, 87, 88, 89, 90, 91, 92, 93, 94, 95, 96, 97, 98, 99, 100, 101, 102, 103, 104, 105, 106, 107, 108, 109, 110, 111, 112, 113, 114, 115, 116, 117, 118, 119, 120, 121, 122, 123, 124, 125, 126, 127]","[0, 1, 2, 3, 4, 5, 6, 7, 8, 9, 10, 11, 12, 13, 14, 15]",DIFF_MC_ARK_120,structural_overapprox_mode_simplified
ARK_121,ARK,121,1,differential,32,"[8, 9, 10, 11, 12, 13, 14, 15, 48, 49, 50, 51, 52, 53, 54, 55, 88, 89, 90, 91, 92, 93, 94, 95, 96, 97, 98, 99, 100, 101, 102, 103]","[1, 6, 11, 12]",32,"[8, 9, 10, 11, 12, 13, 14, 15, 48, 49, 50, 51, 52, 53, 54, 55, 88, 89, 90, 91, 92, 93, 94, 95, 96, 97, 98, 99, 100, 101, 102, 103]","[1, 6, 11, 12]",DIFF_MC_ARK_121,structural_overapprox_mode_simplified
ARK_121,ARK,121,2,differential,128,"[0, 1, 2, 3, 4, 5, 6, 7, 8, 9, 10, 11, 12, 13, 14, 15, 16, 17, 18, 19, 20, 21, 22, 23, 24, 25, 26, 27, 28, 29, 30, 31, 32, 33, 34, 35, 36, 37, 38, 39, 40, 41, 42, 43, 44, 45, 46, 47, 48, 49, 50, 51, 52, 53, 54, 55, 56, 57, 58, 59, 60, 61, 62, 63, 64, 65, 66, 67, 68, 69, 70, 71, 72, 73, 74, 75, 76, 77, 78, 79, 80, 81, 82, 83, 84, 85, 86, 87, 88, 89, 90, 91, 92, 93, 94, 95, 96, 97, 98, 99, 100, 101, 102, 103, 104, 105, 106, 107, 108, 109, 110, 111, 112, 113, 114, 115, 116, 117, 118, 119, 120, 121, 122, 123, 124, 125, 126, 127]","[0, 1, 2, 3, 4, 5, 6, 7, 8, 9, 10, 11, 12, 13, 14, 15]",128,"[0, 1, 2, 3, 4, 5, 6, 7, 8, 9, 10, 11, 12, 13, 14, 15, 16, 17, 18, 19, 20, 21, 22, 23, 24, 25, 26, 27, 28, 29, 30, 31, 32, 33, 34, 35, 36, 37, 38, 39, 40, 41, 42, 43, 44, 45, 46, 47, 48, 49, 50, 51, 52, 53, 54, 55, 56, 57, 58, 59, 60, 61, 62, 63, 64, 65, 66, 67, 68, 69, 70, 71, 72, 73, 74, 75, 76, 77, 78, 79, 80, 81, 82, 83, 84, 85, 86, 87, 88, 89, 90, 91, 92, 93, 94, 95, 96, 97, 98, 99, 100, 101, 102, 103, 104, 105, 106, 107, 108, 109, 110, 111, 112, 113, 114, 115, 116, 117, 118, 119, 120, 121, 122, 123, 124, 125, 126, 127]","[0, 1, 2, 3, 4, 5, 6, 7, 8, 9, 10, 11, 12, 13, 14, 15]",DIFF_MC_ARK_121,structural_overapprox_mode_simplified
ARK_122,ARK,122,1,differential,32,"[8, 9, 10, 11, 12, 13, 14, 15, 48, 49, 50, 51, 52, 53, 54, 55, 88, 89, 90, 91, 92, 93, 94, 95, 96, 97, 98, 99, 100, 101, 102, 103]","[1, 6, 11, 12]",32,"[8, 9, 10, 11, 12, 13, 14, 15, 48, 49, 50, 51, 52, 53, 54, 55, 88, 89, 90, 91, 92, 93, 94, 95, 96, 97, 98, 99, 100, 101, 102, 103]","[1, 6, 11, 12]",DIFF_MC_ARK_122,structural_overapprox_mode_simplified
ARK_122,ARK,122,2,differential,128,"[0, 1, 2, 3, 4, 5, 6, 7, 8, 9, 10, 11, 12, 13, 14, 15, 16, 17, 18, 19, 20, 21, 22, 23, 24, 25, 26, 27, 28, 29, 30, 31, 32, 33, 34, 35, 36, 37, 38, 39, 40, 41, 42, 43, 44, 45, 46, 47, 48, 49, 50, 51, 52, 53, 54, 55, 56, 57, 58, 59, 60, 61, 62, 63, 64, 65, 66, 67, 68, 69, 70, 71, 72, 73, 74, 75, 76, 77, 78, 79, 80, 81, 82, 83, 84, 85, 86, 87, 88, 89, 90, 91, 92, 93, 94, 95, 96, 97, 98, 99, 100, 101, 102, 103, 104, 105, 106, 107, 108, 109, 110, 111, 112, 113, 114, 115, 116, 117, 118, 119, 120, 121, 122, 123, 124, 125, 126, 127]","[0, 1, 2, 3, 4, 5, 6, 7, 8, 9, 10, 11, 12, 13, 14, 15]",128,"[0, 1, 2, 3, 4, 5, 6, 7, 8, 9, 10, 11, 12, 13, 14, 15, 16, 17, 18, 19, 20, 21, 22, 23, 24, 25, 26, 27, 28, 29, 30, 31, 32, 33, 34, 35, 36, 37, 38, 39, 40, 41, 42, 43, 44, 45, 46, 47, 48, 49, 50, 51, 52, 53, 54, 55, 56, 57, 58, 59, 60, 61, 62, 63, 64, 65, 66, 67, 68, 69, 70, 71, 72, 73, 74, 75, 76, 77, 78, 79, 80, 81, 82, 83, 84, 85, 86, 87, 88, 89, 90, 91, 92, 93, 94, 95, 96, 97, 98, 99, 100, 101, 102, 103, 104, 105, 106, 107, 108, 109, 110, 111, 112, 113, 114, 115, 116, 117, 118, 119, 120, 121, 122, 123, 124, 125, 126, 127]","[0, 1, 2, 3, 4, 5, 6, 7, 8, 9, 10, 11, 12, 13, 14, 15]",DIFF_MC_ARK_122,structural_overapprox_mode_simplified
ARK_124,ARK,124,1,differential,32,"[8, 9, 10, 11, 12, 13, 14, 15, 48, 49, 50, 51, 52, 53, 54, 55, 88, 89, 90, 91, 92, 93, 94, 95, 96, 97, 98, 99, 100, 101, 102, 103]","[1, 6, 11, 12]",32,"[8, 9, 10, 11, 12, 13, 14, 15, 48, 49, 50, 51, 52, 53, 54, 55, 88, 89, 90, 91, 92, 93, 94, 95, 96, 97, 98, 99, 100, 101, 102, 103]","[1, 6, 11, 12]",DIFF_MC_ARK_124,structural_overapprox_mode_simplified
ARK_124,ARK,124,2,differential,128,"[0, 1, 2, 3, 4, 5, 6, 7, 8, 9, 10, 11, 12, 13, 14, 15, 16, 17, 18, 19, 20, 21, 22, 23, 24, 25, 26, 27, 28, 29, 30, 31, 32, 33, 34, 35, 36, 37, 38, 39, 40, 41, 42, 43, 44, 45, 46, 47, 48, 49, 50, 51, 52, 53, 54, 55, 56, 57, 58, 59, 60, 61, 62, 63, 64, 65, 66, 67, 68, 69, 70, 71, 72, 73, 74, 75, 76, 77, 78, 79, 80, 81, 82, 83, 84, 85, 86, 87, 88, 89, 90, 91, 92, 93, 94, 95, 96, 97, 98, 99, 100, 101, 102, 103, 104, 105, 106, 107, 108, 109, 110, 111, 112, 113, 114, 115, 116, 117, 118, 119, 120, 121, 122, 123, 124, 125, 126, 127]","[0, 1, 2, 3, 4, 5, 6, 7, 8, 9, 10, 11, 12, 13, 14, 15]",128,"[0, 1, 2, 3, 4, 5, 6, 7, 8, 9, 10, 11, 12, 13, 14, 15, 16, 17, 18, 19, 20, 21, 22, 23, 24, 25, 26, 27, 28, 29, 30, 31, 32, 33, 34, 35, 36, 37, 38, 39, 40, 41, 42, 43, 44, 45, 46, 47, 48, 49, 50, 51, 52, 53, 54, 55, 56, 57, 58, 59, 60, 61, 62, 63, 64, 65, 66, 67, 68, 69, 70, 71, 72, 73, 74, 75, 76, 77, 78, 79, 80, 81, 82, 83, 84, 85, 86, 87, 88, 89, 90, 91, 92, 93, 94, 95, 96, 97, 98, 99, 100, 101, 102, 103, 104, 105, 106, 107, 108, 109, 110, 111, 112, 113, 114, 115, 116, 117, 118, 119, 120, 121, 122, 123, 124, 125, 126, 127]","[0, 1, 2, 3, 4, 5, 6, 7, 8, 9, 10, 11, 12, 13, 14, 15]",DIFF_MC_ARK_124,structural_overapprox_mode_simplified
ARK_125,ARK,125,1,differential,32,"[8, 9, 10, 11, 12, 13, 14, 15, 48, 49, 50, 51, 52, 53, 54, 55, 88, 89, 90, 91, 92, 93, 94, 95, 96, 97, 98, 99, 100, 101, 102, 103]","[1, 6, 11, 12]",32,"[8, 9, 10, 11, 12, 13, 14, 15, 48, 49, 50, 51, 52, 53, 54, 55, 88, 89, 90, 91, 92, 93, 94, 95, 96, 97, 98, 99, 100, 101, 102, 103]","[1, 6, 11, 12]",DIFF_MC_ARK_125,structural_overapprox_mode_simplified
ARK_125,ARK,125,2,differential,128,"[0, 1, 2, 3, 4, 5, 6, 7, 8, 9, 10, 11, 12, 13, 14, 15, 16, 17, 18, 19, 20, 21, 22, 23, 24, 25, 26, 27, 28, 29, 30, 31, 32, 33, 34, 35, 36, 37, 38, 39, 40, 41, 42, 43, 44, 45, 46, 47, 48, 49, 50, 51, 52, 53, 54, 55, 56, 57, 58, 59, 60, 61, 62, 63, 64, 65, 66, 67, 68, 69, 70, 71, 72, 73, 74, 75, 76, 77, 78, 79, 80, 81, 82, 83, 84, 85, 86, 87, 88, 89, 90, 91, 92, 93, 94, 95, 96, 97, 98, 99, 100, 101, 102, 103, 104, 105, 106, 107, 108, 109, 110, 111, 112, 113, 114, 115, 116, 117, 118, 119, 120, 121, 122, 123, 124, 125, 126, 127]","[0, 1, 2, 3, 4, 5, 6, 7, 8, 9, 10, 11, 12, 13, 14, 15]",128,"[0, 1, 2, 3, 4, 5, 6, 7, 8, 9, 10, 11, 12, 13, 14, 15, 16, 17, 18, 19, 20, 21, 22, 23, 24, 25, 26, 27, 28, 29, 30, 31, 32, 33, 34, 35, 36, 37, 38, 39, 40, 41, 42, 43, 44, 45, 46, 47, 48, 49, 50, 51, 52, 53, 54, 55, 56, 57, 58, 59, 60, 61, 62, 63, 64, 65, 66, 67, 68, 69, 70, 71, 72, 73, 74, 75, 76, 77, 78, 79, 80, 81, 82, 83, 84, 85, 86, 87, 88, 89, 90, 91, 92, 93, 94, 95, 96, 97, 98, 99, 100, 101, 102, 103, 104, 105, 106, 107, 108, 109, 110, 111, 112, 113, 114, 115, 116, 117, 118, 119, 120, 121, 122, 123, 124, 125, 126, 127]","[0, 1, 2, 3, 4, 5, 6, 7, 8, 9, 10, 11, 12, 13, 14, 15]",DIFF_MC_ARK_125,structural_overapprox_mode_simplified
ARK_126,ARK,126,1,differential,32,"[8, 9, 10, 11, 12, 13, 14, 15, 48, 49, 50, 51, 52, 53, 54, 55, 88, 89, 90, 91, 92, 93, 94, 95, 96, 97, 98, 99, 100, 101, 102, 103]","[1, 6, 11, 12]",32,"[8, 9, 10, 11, 12, 13, 14, 15, 48, 49, 50, 51, 52, 53, 54, 55, 88, 89, 90, 91, 92, 93, 94, 95, 96, 97, 98, 99, 100, 101, 102, 103]","[1, 6, 11, 12]",DIFF_MC_ARK_126,structural_overapprox_mode_simplified
ARK_126,ARK,126,2,differential,128,"[0, 1, 2, 3, 4, 5, 6, 7, 8, 9, 10, 11, 12, 13, 14, 15, 16, 17, 18, 19, 20, 21, 22, 23, 24, 25, 26, 27, 28, 29, 30, 31, 32, 33, 34, 35, 36, 37, 38, 39, 40, 41, 42, 43, 44, 45, 46, 47, 48, 49, 50, 51, 52, 53, 54, 55, 56, 57, 58, 59, 60, 61, 62, 63, 64, 65, 66, 67, 68, 69, 70, 71, 72, 73, 74, 75, 76, 77, 78, 79, 80, 81, 82, 83, 84, 85, 86, 87, 88, 89, 90, 91, 92, 93, 94, 95, 96, 97, 98, 99, 100, 101, 102, 103, 104, 105, 106, 107, 108, 109, 110, 111, 112, 113, 114, 115, 116, 117, 118, 119, 120, 121, 122, 123, 124, 125, 126, 127]","[0, 1, 2, 3, 4, 5, 6, 7, 8, 9, 10, 11, 12, 13, 14, 15]",128,"[0, 1, 2, 3, 4, 5, 6, 7, 8, 9, 10, 11, 12, 13, 14, 15, 16, 17, 18, 19, 20, 21, 22, 23, 24, 25, 26, 27, 28, 29, 30, 31, 32, 33, 34, 35, 36, 37, 38, 39, 40, 41, 42, 43, 44, 45, 46, 47, 48, 49, 50, 51, 52, 53, 54, 55, 56, 57, 58, 59, 60, 61, 62, 63, 64, 65, 66, 67, 68, 69, 70, 71, 72, 73, 74, 75, 76, 77, 78, 79, 80, 81, 82, 83, 84, 85, 86, 87, 88, 89, 90, 91, 92, 93, 94, 95, 96, 97, 98, 99, 100, 101, 102, 103, 104, 105, 106, 107, 108, 109, 110, 111, 112, 113, 114, 115, 116, 117, 118, 119, 120, 121, 122, 123, 124, 125, 126, 127]","[0, 1, 2, 3, 4, 5, 6, 7, 8, 9, 10, 11, 12, 13, 14, 15]",DIFF_MC_ARK_126,structural_overapprox_mode_simplified
ARK_18,ARK,18,1,differential,32,"[0, 1, 2, 3, 4, 5, 6, 7, 40, 41, 42, 43, 44, 45, 46, 47, 80, 81, 82, 83, 84, 85, 86, 87, 120, 121, 122, 123, 124, 125, 126, 127]","[0, 5, 10, 15]",32,"[0, 1, 2, 3, 4, 5, 6, 7, 40, 41, 42, 43, 44, 45, 46, 47, 80, 81, 82, 83, 84, 85, 86, 87, 120, 121, 122, 123, 124, 125, 126, 127]","[0, 5, 10, 15]",DIFF_MC_ARK_18,structural_overapprox_mode_simplified
ARK_18,ARK,18,2,differential,128,"[0, 1, 2, 3, 4, 5, 6, 7, 8, 9, 10, 11, 12, 13, 14, 15, 16, 17, 18, 19, 20, 21, 22, 23, 24, 25, 26, 27, 28, 29, 30, 31, 32, 33, 34, 35, 36, 37, 38, 39, 40, 41, 42, 43, 44, 45, 46, 47, 48, 49, 50, 51, 52, 53, 54, 55, 56, 57, 58, 59, 60, 61, 62, 63, 64, 65, 66, 67, 68, 69, 70, 71, 72, 73, 74, 75, 76, 77, 78, 79, 80, 81, 82, 83, 84, 85, 86, 87, 88, 89, 90, 91, 92, 93, 94, 95, 96, 97, 98, 99, 100, 101, 102, 103, 104, 105, 106, 107, 108, 109, 110, 111, 112, 113, 114, 115, 116, 117, 118, 119, 120, 121, 122, 123, 124, 125, 126, 127]","[0, 1, 2, 3, 4, 5, 6, 7, 8, 9, 10, 11, 12, 13, 14, 15]",128,"[0, 1, 2, 3, 4, 5, 6, 7, 8, 9, 10, 11, 12, 13, 14, 15, 16, 17, 18, 19, 20, 21, 22, 23, 24, 25, 26, 27, 28, 29, 30, 31, 32, 33, 34, 35, 36, 37, 38, 39, 40, 41, 42, 43, 44, 45, 46, 47, 48, 49, 50, 51, 52, 53, 54, 55, 56, 57, 58, 59, 60, 61, 62, 63, 64, 65, 66, 67, 68, 69, 70, 71, 72, 73, 74, 75, 76, 77, 78, 79, 80, 81, 82, 83, 84, 85, 86, 87, 88, 89, 90, 91, 92, 93, 94, 95, 96, 97, 98, 99, 100, 101, 102, 103, 104, 105, 106, 107, 108, 109, 110, 111, 112, 113, 114, 115, 116, 117, 118, 119, 120, 121, 122, 123, 124, 125, 126, 127]","[0, 1, 2, 3, 4, 5, 6, 7, 8, 9, 10, 11, 12, 13, 14, 15]",DIFF_MC_ARK_18,structural_overapprox_mode_simplified
ARK_2,ARK,2,1,differential,32,"[0, 1, 2, 3, 4, 5, 6, 7, 40, 41, 42, 43, 44, 45, 46, 47, 80, 81, 82, 83, 84, 85, 86, 87, 120, 121, 122, 123, 124, 125, 126, 127]","[0, 5, 10, 15]",32,"[0, 1, 2, 3, 4, 5, 6, 7, 40, 41, 42, 43, 44, 45, 46, 47, 80, 81, 82, 83, 84, 85, 86, 87, 120, 121, 122, 123, 124, 125, 126, 127]","[0, 5, 10, 15]",DIFF_MC_ARK_2,structural_overapprox_mode_simplified
ARK_2,ARK,2,2,differential,128,"[0, 1, 2, 3, 4, 5, 6, 7, 8, 9, 10, 11, 12, 13, 14, 15, 16, 17, 18, 19, 20, 21, 22, 23, 24, 25, 26, 27, 28, 29, 30, 31, 32, 33, 34, 35, 36, 37, 38, 39, 40, 41, 42, 43, 44, 45, 46, 47, 48, 49, 50, 51, 52, 53, 54, 55, 56, 57, 58, 59, 60, 61, 62, 63, 64, 65, 66, 67, 68, 69, 70, 71, 72, 73, 74, 75, 76, 77, 78, 79, 80, 81, 82, 83, 84, 85, 86, 87, 88, 89, 90, 91, 92, 93, 94, 95, 96, 97, 98, 99, 100, 101, 102, 103, 104, 105, 106, 107, 108, 109, 110, 111, 112, 113, 114, 115, 116, 117, 118, 119, 120, 121, 122, 123, 124, 125, 126, 127]","[0, 1, 2, 3, 4, 5, 6, 7, 8, 9, 10, 11, 12, 13, 14, 15]",128,"[0, 1, 2, 3, 4, 5, 6, 7, 8, 9, 10, 11, 12, 13, 14, 15, 16, 17, 18, 19, 20, 21, 22, 23, 24, 25, 26, 27, 28, 29, 30, 31, 32, 33, 34, 35, 36, 37, 38, 39, 40, 41, 42, 43, 44, 45, 46, 47, 48, 49, 50, 51, 52, 53, 54, 55, 56, 57, 58, 59, 60, 61, 62, 63, 64, 65, 66, 67, 68, 69, 70, 71, 72, 73, 74, 75, 76, 77, 78, 79, 80, 81, 82, 83, 84, 85, 86, 87, 88, 89, 90, 91, 92, 93, 94, 95, 96, 97, 98, 99, 100, 101, 102, 103, 104, 105, 106, 107, 108, 109, 110, 111, 112, 113, 114, 115, 116, 117, 118, 119, 120, 121, 122, 123, 124, 125, 126, 127]","[0, 1, 2, 3, 4, 5, 6, 7, 8, 9, 10, 11, 12, 13, 14, 15]",DIFF_MC_ARK_2,structural_overapprox_mode_simplified
ARK_20,ARK,20,1,differential,32,"[0, 1, 2, 3, 4, 5, 6, 7, 40, 41, 42, 43, 44, 45, 46, 47, 80, 81, 82, 83, 84, 85, 86, 87, 120, 121, 122, 123, 124, 125, 126, 127]","[0, 5, 10, 15]",32,"[0, 1, 2, 3, 4, 5, 6, 7, 40, 41, 42, 43, 44, 45, 46, 47, 80, 81, 82, 83, 84, 85, 86, 87, 120, 121, 122, 123, 124, 125, 126, 127]","[0, 5, 10, 15]",DIFF_MC_ARK_20,structural_overapprox_mode_simplified
ARK_20,ARK,20,2,differential,128,"[0, 1, 2, 3, 4, 5, 6, 7, 8, 9, 10, 11, 12, 13, 14, 15, 16, 17, 18, 19, 20, 21, 22, 23, 24, 25, 26, 27, 28, 29, 30, 31, 32, 33, 34, 35, 36, 37, 38, 39, 40, 41, 42, 43, 44, 45, 46, 47, 48, 49, 50, 51, 52, 53, 54, 55, 56, 57, 58, 59, 60, 61, 62, 63, 64, 65, 66, 67, 68, 69, 70, 71, 72, 73, 74, 75, 76, 77, 78, 79, 80, 81, 82, 83, 84, 85, 86, 87, 88, 89, 90, 91, 92, 93, 94, 95, 96, 97, 98, 99, 100, 101, 102, 103, 104, 105, 106, 107, 108, 109, 110, 111, 112, 113, 114, 115, 116, 117, 118, 119, 120, 121, 122, 123, 124, 125, 126, 127]","[0, 1, 2, 3, 4, 5, 6, 7, 8, 9, 10, 11, 12, 13, 14, 15]",128,"[0, 1, 2, 3, 4, 5, 6, 7, 8, 9, 10, 11, 12, 13, 14, 15, 16, 17, 18, 19, 20, 21, 22, 23, 24, 25, 26, 27, 28, 29, 30, 31, 32, 33, 34, 35, 36, 37, 38, 39, 40, 41, 42, 43, 44, 45, 46, 47, 48, 49, 50, 51, 52, 53, 54, 55, 56, 57, 58, 59, 60, 61, 62, 63, 64, 65, 66, 67, 68, 69, 70, 71, 72, 73, 74, 75, 76, 77, 78, 79, 80, 81, 82, 83, 84, 85, 86, 87, 88, 89, 90, 91, 92, 93, 94, 95, 96, 97, 98, 99, 100, 101, 102, 103, 104, 105, 106, 107, 108, 109, 110, 111, 112, 113, 114, 115, 116, 117, 118, 119, 120, 121, 122, 123, 124, 125, 126, 127]","[0, 1, 2, 3, 4, 5, 6, 7, 8, 9, 10, 11, 12, 13, 14, 15]",DIFF_MC_ARK_20,structural_overapprox_mode_simplified
ARK_25,ARK,25,1,differential,32,"[0, 1, 2, 3, 4, 5, 6, 7, 40, 41, 42, 43, 44, 45, 46, 47, 80, 81, 82, 83, 84, 85, 86, 87, 120, 121, 122, 123, 124, 125, 126, 127]","[0, 5, 10, 15]",32,"[0, 1, 2, 3, 4, 5, 6, 7, 40, 41, 42, 43, 44, 45, 46, 47, 80, 81, 82, 83, 84, 85, 86, 87, 120, 121, 122, 123, 124, 125, 126, 127]","[0, 5, 10, 15]",DIFF_MC_ARK_25,structural_overapprox_mode_simplified
ARK_25,ARK,25,2,differential,128,"[0, 1, 2, 3, 4, 5, 6, 7, 8, 9, 10, 11, 12, 13, 14, 15, 16, 17, 18, 19, 20, 21, 22, 23, 24, 25, 26, 27, 28, 29, 30, 31, 32, 33, 34, 35, 36, 37, 38, 39, 40, 41, 42, 43, 44, 45, 46, 47, 48, 49, 50, 51, 52, 53, 54, 55, 56, 57, 58, 59, 60, 61, 62, 63, 64, 65, 66, 67, 68, 69, 70, 71, 72, 73, 74, 75, 76, 77, 78, 79, 80, 81, 82, 83, 84, 85, 86, 87, 88, 89, 90, 91, 92, 93, 94, 95, 96, 97, 98, 99, 100, 101, 102, 103, 104, 105, 106, 107, 108, 109, 110, 111, 112, 113, 114, 115, 116, 117, 118, 119, 120, 121, 122, 123, 124, 125, 126, 127]","[0, 1, 2, 3, 4, 5, 6, 7, 8, 9, 10, 11, 12, 13, 14, 15]",128,"[0, 1, 2, 3, 4, 5, 6, 7, 8, 9, 10, 11, 12, 13, 14, 15, 16, 17, 18, 19, 20, 21, 22, 23, 24, 25, 26, 27, 28, 29, 30, 31, 32, 33, 34, 35, 36, 37, 38, 39, 40, 41, 42, 43, 44, 45, 46, 47, 48, 49, 50, 51, 52, 53, 54, 55, 56, 57, 58, 59, 60, 61, 62, 63, 64, 65, 66, 67, 68, 69, 70, 71, 72, 73, 74, 75, 76, 77, 78, 79, 80, 81, 82, 83, 84, 85, 86, 87, 88, 89, 90, 91, 92, 93, 94, 95, 96, 97, 98, 99, 100, 101, 102, 103, 104, 105, 106, 107, 108, 109, 110, 111, 112, 113, 114, 115, 116, 117, 118, 119, 120, 121, 122, 123, 124, 125, 126, 127]","[0, 1, 2, 3, 4, 5, 6, 7, 8, 9, 10, 11, 12, 13, 14, 15]",DIFF_MC_ARK_25,structural_overapprox_mode_simplified
ARK_26,ARK,26,1,differential,32,"[0, 1, 2, 3, 4, 5, 6, 7, 40, 41, 42, 43, 44, 45, 46, 47, 80, 81, 82, 83, 84, 85, 86, 87, 120, 121, 122, 123, 124, 125, 126, 127]","[0, 5, 10, 15]",32,"[0, 1, 2, 3, 4, 5, 6, 7, 40, 41, 42, 43, 44, 45, 46, 47, 80, 81, 82, 83, 84, 85, 86, 87, 120, 121, 122, 123, 124, 125, 126, 127]","[0, 5, 10, 15]",DIFF_MC_ARK_26,structural_overapprox_mode_simplified
ARK_26,ARK,26,2,differential,128,"[0, 1, 2, 3, 4, 5, 6, 7, 8, 9, 10, 11, 12, 13, 14, 15, 16, 17, 18, 19, 20, 21, 22, 23, 24, 25, 26, 27, 28, 29, 30, 31, 32, 33, 34, 35, 36, 37, 38, 39, 40, 41, 42, 43, 44, 45, 46, 47, 48, 49, 50, 51, 52, 53, 54, 55, 56, 57, 58, 59, 60, 61, 62, 63, 64, 65, 66, 67, 68, 69, 70, 71, 72, 73, 74, 75, 76, 77, 78, 79, 80, 81, 82, 83, 84, 85, 86, 87, 88, 89, 90, 91, 92, 93, 94, 95, 96, 97, 98, 99, 100, 101, 102, 103, 104, 105, 106, 107, 108, 109, 110, 111, 112, 113, 114, 115, 116, 117, 118, 119, 120, 121, 122, 123, 124, 125, 126, 127]","[0, 1, 2, 3, 4, 5, 6, 7, 8, 9, 10, 11, 12, 13, 14, 15]",128,"[0, 1, 2, 3, 4, 5, 6, 7, 8, 9, 10, 11, 12, 13, 14, 15, 16, 17, 18, 19, 20, 21, 22, 23, 24, 25, 26, 27, 28, 29, 30, 31, 32, 33, 34, 35, 36, 37, 38, 39, 40, 41, 42, 43, 44, 45, 46, 47, 48, 49, 50, 51, 52, 53, 54, 55, 56, 57, 58, 59, 60, 61, 62, 63, 64, 65, 66, 67, 68, 69, 70, 71, 72, 73, 74, 75, 76, 77, 78, 79, 80, 81, 82, 83, 84, 85, 86, 87, 88, 89, 90, 91, 92, 93, 94, 95, 96, 97, 98, 99, 100, 101, 102, 103, 104, 105, 106, 107, 108, 109, 110, 111, 112, 113, 114, 115, 116, 117, 118, 119, 120, 121, 122, 123, 124, 125, 126, 127]","[0, 1, 2, 3, 4, 5, 6, 7, 8, 9, 10, 11, 12, 13, 14, 15]",DIFF_MC_ARK_26,structural_overapprox_mode_simplified
ARK_28,ARK,28,1,differential,32,"[0, 1, 2, 3, 4, 5, 6, 7, 40, 41, 42, 43, 44, 45, 46, 47, 80, 81, 82, 83, 84, 85, 86, 87, 120, 121, 122, 123, 124, 125, 126, 127]","[0, 5, 10, 15]",32,"[0, 1, 2, 3, 4, 5, 6, 7, 40, 41, 42, 43, 44, 45, 46, 47, 80, 81, 82, 83, 84, 85, 86, 87, 120, 121, 122, 123, 124, 125, 126, 127]","[0, 5, 10, 15]",DIFF_MC_ARK_28,structural_overapprox_mode_simplified
ARK_28,ARK,28,2,differential,128,"[0, 1, 2, 3, 4, 5, 6, 7, 8, 9, 10, 11, 12, 13, 14, 15, 16, 17, 18, 19, 20, 21, 22, 23, 24, 25, 26, 27, 28, 29, 30, 31, 32, 33, 34, 35, 36, 37, 38, 39, 40, 41, 42, 43, 44, 45, 46, 47, 48, 49, 50, 51, 52, 53, 54, 55, 56, 57, 58, 59, 60, 61, 62, 63, 64, 65, 66, 67, 68, 69, 70, 71, 72, 73, 74, 75, 76, 77, 78, 79, 80, 81, 82, 83, 84, 85, 86, 87, 88, 89, 90, 91, 92, 93, 94, 95, 96, 97, 98, 99, 100, 101, 102, 103, 104, 105, 106, 107, 108, 109, 110, 111, 112, 113, 114, 115, 116, 117, 118, 119, 120, 121, 122, 123, 124, 125, 126, 127]","[0, 1, 2, 3, 4, 5, 6, 7, 8, 9, 10, 11, 12, 13, 14, 15]",128,"[0, 1, 2, 3, 4, 5, 6, 7, 8, 9, 10, 11, 12, 13, 14, 15, 16, 17, 18, 19, 20, 21, 22, 23, 24, 25, 26, 27, 28, 29, 30, 31, 32, 33, 34, 35, 36, 37, 38, 39, 40, 41, 42, 43, 44, 45, 46, 47, 48, 49, 50, 51, 52, 53, 54, 55, 56, 57, 58, 59, 60, 61, 62, 63, 64, 65, 66, 67, 68, 69, 70, 71, 72, 73, 74, 75, 76, 77, 78, 79, 80, 81, 82, 83, 84, 85, 86, 87, 88, 89, 90, 91, 92, 93, 94, 95, 96, 97, 98, 99, 100, 101, 102, 103, 104, 105, 106, 107, 108, 109, 110, 111, 112, 113, 114, 115, 116, 117, 118, 119, 120, 121, 122, 123, 124, 125, 126, 127]","[0, 1, 2, 3, 4, 5, 6, 7, 8, 9, 10, 11, 12, 13, 14, 15]",DIFF_MC_ARK_28,structural_overapprox_mode_simplified
ARK_29,ARK,29,1,differential,32,"[0, 1, 2, 3, 4, 5, 6, 7, 40, 41, 42, 43, 44, 45, 46, 47, 80, 81, 82, 83, 84, 85, 86, 87, 120, 121, 122, 123, 124, 125, 126, 127]","[0, 5, 10, 15]",32,"[0, 1, 2, 3, 4, 5, 6, 7, 40, 41, 42, 43, 44, 45, 46, 47, 80, 81, 82, 83, 84, 85, 86, 87, 120, 121, 122, 123, 124, 125, 126, 127]","[0, 5, 10, 15]",DIFF_MC_ARK_29,structural_overapprox_mode_simplified
ARK_29,ARK,29,2,differential,128,"[0, 1, 2, 3, 4, 5, 6, 7, 8, 9, 10, 11, 12, 13, 14, 15, 16, 17, 18, 19, 20, 21, 22, 23, 24, 25, 26, 27, 28, 29, 30, 31, 32, 33, 34, 35, 36, 37, 38, 39, 40, 41, 42, 43, 44, 45, 46, 47, 48, 49, 50, 51, 52, 53, 54, 55, 56, 57, 58, 59, 60, 61, 62, 63, 64, 65, 66, 67, 68, 69, 70, 71, 72, 73, 74, 75, 76, 77, 78, 79, 80, 81, 82, 83, 84, 85, 86, 87, 88, 89, 90, 91, 92, 93, 94, 95, 96, 97, 98, 99, 100, 101, 102, 103, 104, 105, 106, 107, 108, 109, 110, 111, 112, 113, 114, 115, 116, 117, 118, 119, 120, 121, 122, 123, 124, 125, 126, 127]","[0, 1, 2, 3, 4, 5, 6, 7, 8, 9, 10, 11, 12, 13, 14, 15]",128,"[0, 1, 2, 3, 4, 5, 6, 7, 8, 9, 10, 11, 12, 13, 14, 15, 16, 17, 18, 19, 20, 21, 22, 23, 24, 25, 26, 27, 28, 29, 30, 31, 32, 33, 34, 35, 36, 37, 38, 39, 40, 41, 42, 43, 44, 45, 46, 47, 48, 49, 50, 51, 52, 53, 54, 55, 56, 57, 58, 59, 60, 61, 62, 63, 64, 65, 66, 67, 68, 69, 70, 71, 72, 73, 74, 75, 76, 77, 78, 79, 80, 81, 82, 83, 84, 85, 86, 87, 88, 89, 90, 91, 92, 93, 94, 95, 96, 97, 98, 99, 100, 101, 102, 103, 104, 105, 106, 107, 108, 109, 110, 111, 112, 113, 114, 115, 116, 117, 118, 119, 120, 121, 122, 123, 124, 125, 126, 127]","[0, 1, 2, 3, 4, 5, 6, 7, 8, 9, 10, 11, 12, 13, 14, 15]",DIFF_MC_ARK_29,structural_overapprox_mode_simplified
ARK_3,ARK,3,1,differential,32,"[0, 1, 2, 3, 4, 5, 6, 7, 40, 41, 42, 43, 44, 45, 46, 47, 80, 81, 82, 83, 84, 85, 86, 87, 120, 121, 122, 123, 124, 125, 126, 127]","[0, 5, 10, 15]",32,"[0, 1, 2, 3, 4, 5, 6, 7, 40, 41, 42, 43, 44, 45, 46, 47, 80, 81, 82, 83, 84, 85, 86, 87, 120, 121, 122, 123, 124, 125, 126, 127]","[0, 5, 10, 15]",DIFF_MC_ARK_3,structural_overapprox_mode_simplified
ARK_3,ARK,3,2,differential,128,"[0, 1, 2, 3, 4, 5, 6, 7, 8, 9, 10, 11, 12, 13, 14, 15, 16, 17, 18, 19, 20, 21, 22, 23, 24, 25, 26, 27, 28, 29, 30, 31, 32, 33, 34, 35, 36, 37, 38, 39, 40, 41, 42, 43, 44, 45, 46, 47, 48, 49, 50, 51, 52, 53, 54, 55, 56, 57, 58, 59, 60, 61, 62, 63, 64, 65, 66, 67, 68, 69, 70, 71, 72, 73, 74, 75, 76, 77, 78, 79, 80, 81, 82, 83, 84, 85, 86, 87, 88, 89, 90, 91, 92, 93, 94, 95, 96, 97, 98, 99, 100, 101, 102, 103, 104, 105, 106, 107, 108, 109, 110, 111, 112, 113, 114, 115, 116, 117, 118, 119, 120, 121, 122, 123, 124, 125, 126, 127]","[0, 1, 2, 3, 4, 5, 6, 7, 8, 9, 10, 11, 12, 13, 14, 15]",128,"[0, 1, 2, 3, 4, 5, 6, 7, 8, 9, 10, 11, 12, 13, 14, 15, 16, 17, 18, 19, 20, 21, 22, 23, 24, 25, 26, 27, 28, 29, 30, 31, 32, 33, 34, 35, 36, 37, 38, 39, 40, 41, 42, 43, 44, 45, 46, 47, 48, 49, 50, 51, 52, 53, 54, 55, 56, 57, 58, 59, 60, 61, 62, 63, 64, 65, 66, 67, 68, 69, 70, 71, 72, 73, 74, 75, 76, 77, 78, 79, 80, 81, 82, 83, 84, 85, 86, 87, 88, 89, 90, 91, 92, 93, 94, 95, 96, 97, 98, 99, 100, 101, 102, 103, 104, 105, 106, 107, 108, 109, 110, 111, 112, 113, 114, 115, 116, 117, 118, 119, 120, 121, 122, 123, 124, 125, 126, 127]","[0, 1, 2, 3, 4, 5, 6, 7, 8, 9, 10, 11, 12, 13, 14, 15]",DIFF_MC_ARK_3,structural_overapprox_mode_simplified
ARK_30,ARK,30,1,differential,32,"[0, 1, 2, 3, 4, 5, 6, 7, 40, 41, 42, 43, 44, 45, 46, 47, 80, 81, 82, 83, 84, 85, 86, 87, 120, 121, 122, 123, 124, 125, 126, 127]","[0, 5, 10, 15]",32,"[0, 1, 2, 3, 4, 5, 6, 7, 40, 41, 42, 43, 44, 45, 46, 47, 80, 81, 82, 83, 84, 85, 86, 87, 120, 121, 122, 123, 124, 125, 126, 127]","[0, 5, 10, 15]",DIFF_MC_ARK_30,structural_overapprox_mode_simplified
ARK_30,ARK,30,2,differential,128,"[0, 1, 2, 3, 4, 5, 6, 7, 8, 9, 10, 11, 12, 13, 14, 15, 16, 17, 18, 19, 20, 21, 22, 23, 24, 25, 26, 27, 28, 29, 30, 31, 32, 33, 34, 35, 36, 37, 38, 39, 40, 41, 42, 43, 44, 45, 46, 47, 48, 49, 50, 51, 52, 53, 54, 55, 56, 57, 58, 59, 60, 61, 62, 63, 64, 65, 66, 67, 68, 69, 70, 71, 72, 73, 74, 75, 76, 77, 78, 79, 80, 81, 82, 83, 84, 85, 86, 87, 88, 89, 90, 91, 92, 93, 94, 95, 96, 97, 98, 99, 100, 101, 102, 103, 104, 105, 106, 107, 108, 109, 110, 111, 112, 113, 114, 115, 116, 117, 118, 119, 120, 121, 122, 123, 124, 125, 126, 127]","[0, 1, 2, 3, 4, 5, 6, 7, 8, 9, 10, 11, 12, 13, 14, 15]",128,"[0, 1, 2, 3, 4, 5, 6, 7, 8, 9, 10, 11, 12, 13, 14, 15, 16, 17, 18, 19, 20, 21, 22, 23, 24, 25, 26, 27, 28, 29, 30, 31, 32, 33, 34, 35, 36, 37, 38, 39, 40, 41, 42, 43, 44, 45, 46, 47, 48, 49, 50, 51, 52, 53, 54, 55, 56, 57, 58, 59, 60, 61, 62, 63, 64, 65, 66, 67, 68, 69, 70, 71, 72, 73, 74, 75, 76, 77, 78, 79, 80, 81, 82, 83, 84, 85, 86, 87, 88, 89, 90, 91, 92, 93, 94, 95, 96, 97, 98, 99, 100, 101, 102, 103, 104, 105, 106, 107, 108, 109, 110, 111, 112, 113, 114, 115, 116, 117, 118, 119, 120, 121, 122, 123, 124, 125, 126, 127]","[0, 1, 2, 3, 4, 5, 6, 7, 8, 9, 10, 11, 12, 13, 14, 15]",DIFF_MC_ARK_30,structural_overapprox_mode_simplified
ARK_34,ARK,34,1,differential,32,"[24, 25, 26, 27, 28, 29, 30, 31, 32, 33, 34, 35, 36, 37, 38, 39, 72, 73, 74, 75, 76, 77, 78, 79, 112, 113, 114, 115, 116, 117, 118, 119]","[3, 4, 9, 14]",32,"[24, 25, 26, 27, 28, 29, 30, 31, 32, 33, 34, 35, 36, 37, 38, 39, 72, 73, 74, 75, 76, 77, 78, 79, 112, 113, 114, 115, 116, 117, 118, 119]","[3, 4, 9, 14]",DIFF_MC_ARK_34,structural_overapprox_mode_simplified
ARK_34,ARK,34,2,differential,128,"[0, 1, 2, 3, 4, 5, 6, 7, 8, 9, 10, 11, 12, 13, 14, 15, 16, 17, 18, 19, 20, 21, 22, 23, 24, 25, 26, 27, 28, 29, 30, 31, 32, 33, 34, 35, 36, 37, 38, 39, 40, 41, 42, 43, 44, 45, 46, 47, 48, 49, 50, 51, 52, 53, 54, 55, 56, 57, 58, 59, 60, 61, 62, 63, 64, 65, 66, 67, 68, 69, 70, 71, 72, 73, 74, 75, 76, 77, 78, 79, 80, 81, 82, 83, 84, 85, 86, 87, 88, 89, 90, 91, 92, 93, 94, 95, 96, 97, 98, 99, 100, 101, 102, 103, 104, 105, 106, 107, 108, 109, 110, 111, 112, 113, 114, 115, 116, 117, 118, 119, 120, 121, 122, 123, 124, 125, 126, 127]","[0, 1, 2, 3, 4, 5, 6, 7, 8, 9, 10, 11, 12, 13, 14, 15]",128,"[0, 1, 2, 3, 4, 5, 6, 7, 8, 9, 10, 11, 12, 13, 14, 15, 16, 17, 18, 19, 20, 21, 22, 23, 24, 25, 26, 27, 28, 29, 30, 31, 32, 33, 34, 35, 36, 37, 38, 39, 40, 41, 42, 43, 44, 45, 46, 47, 48, 49, 50, 51, 52, 53, 54, 55, 56, 57, 58, 59, 60, 61, 62, 63, 64, 65, 66, 67, 68, 69, 70, 71, 72, 73, 74, 75, 76, 77, 78, 79, 80, 81, 82, 83, 84, 85, 86, 87, 88, 89, 90, 91, 92, 93, 94, 95, 96, 97, 98, 99, 100, 101, 102, 103, 104, 105, 106, 107, 108, 109, 110, 111, 112, 113, 114, 115, 116, 117, 118, 119, 120, 121, 122, 123, 124, 125, 126, 127]","[0, 1, 2, 3, 4, 5, 6, 7, 8, 9, 10, 11, 12, 13, 14, 15]",DIFF_MC_ARK_34,structural_overapprox_mode_simplified
ARK_38,ARK,38,1,differential,32,"[24, 25, 26, 27, 28, 29, 30, 31, 32, 33, 34, 35, 36, 37, 38, 39, 72, 73, 74, 75, 76, 77, 78, 79, 112, 113, 114, 115, 116, 117, 118, 119]","[3, 4, 9, 14]",32,"[24, 25, 26, 27, 28, 29, 30, 31, 32, 33, 34, 35, 36, 37, 38, 39, 72, 73, 74, 75, 76, 77, 78, 79, 112, 113, 114, 115, 116, 117, 118, 119]","[3, 4, 9, 14]",DIFF_MC_ARK_38,structural_overapprox_mode_simplified
ARK_38,ARK,38,2,differential,128,"[0, 1, 2, 3, 4, 5, 6, 7, 8, 9, 10, 11, 12, 13, 14, 15, 16, 17, 18, 19, 20, 21, 22, 23, 24, 25, 26, 27, 28, 29, 30, 31, 32, 33, 34, 35, 36, 37, 38, 39, 40, 41, 42, 43, 44, 45, 46, 47, 48, 49, 50, 51, 52, 53, 54, 55, 56, 57, 58, 59, 60, 61, 62, 63, 64, 65, 66, 67, 68, 69, 70, 71, 72, 73, 74, 75, 76, 77, 78, 79, 80, 81, 82, 83, 84, 85, 86, 87, 88, 89, 90, 91, 92, 93, 94, 95, 96, 97, 98, 99, 100, 101, 102, 103, 104, 105, 106, 107, 108, 109, 110, 111, 112, 113, 114, 115, 116, 117, 118, 119, 120, 121, 122, 123, 124, 125, 126, 127]","[0, 1, 2, 3, 4, 5, 6, 7, 8, 9, 10, 11, 12, 13, 14, 15]",128,"[0, 1, 2, 3, 4, 5, 6, 7, 8, 9, 10, 11, 12, 13, 14, 15, 16, 17, 18, 19, 20, 21, 22, 23, 24, 25, 26, 27, 28, 29, 30, 31, 32, 33, 34, 35, 36, 37, 38, 39, 40, 41, 42, 43, 44, 45, 46, 47, 48, 49, 50, 51, 52, 53, 54, 55, 56, 57, 58, 59, 60, 61, 62, 63, 64, 65, 66, 67, 68, 69, 70, 71, 72, 73, 74, 75, 76, 77, 78, 79, 80, 81, 82, 83, 84, 85, 86, 87, 88, 89, 90, 91, 92, 93, 94, 95, 96, 97, 98, 99, 100, 101, 102, 103, 104, 105, 106, 107, 108, 109, 110, 111, 112, 113, 114, 115, 116, 117, 118, 119, 120, 121, 122, 123, 124, 125, 126, 127]","[0, 1, 2, 3, 4, 5, 6, 7, 8, 9, 10, 11, 12, 13, 14, 15]",DIFF_MC_ARK_38,structural_overapprox_mode_simplified
ARK_48,ARK,48,1,differential,32,"[24, 25, 26, 27, 28, 29, 30, 31, 32, 33, 34, 35, 36, 37, 38, 39, 72, 73, 74, 75, 76, 77, 78, 79, 112, 113, 114, 115, 116, 117, 118, 119]","[3, 4, 9, 14]",32,"[24, 25, 26, 27, 28, 29, 30, 31, 32, 33, 34, 35, 36, 37, 38, 39, 72, 73, 74, 75, 76, 77, 78, 79, 112, 113, 114, 115, 116, 117, 118, 119]","[3, 4, 9, 14]",DIFF_MC_ARK_48,structural_overapprox_mode_simplified
ARK_48,ARK,48,2,differential,128,"[0, 1, 2, 3, 4, 5, 6, 7, 8, 9, 10, 11, 12, 13, 14, 15, 16, 17, 18, 19, 20, 21, 22, 23, 24, 25, 26, 27, 28, 29, 30, 31, 32, 33, 34, 35, 36, 37, 38, 39, 40, 41, 42, 43, 44, 45, 46, 47, 48, 49, 50, 51, 52, 53, 54, 55, 56, 57, 58, 59, 60, 61, 62, 63, 64, 65, 66, 67, 68, 69, 70, 71, 72, 73, 74, 75, 76, 77, 78, 79, 80, 81, 82, 83, 84, 85, 86, 87, 88, 89, 90, 91, 92, 93, 94, 95, 96, 97, 98, 99, 100, 101, 102, 103, 104, 105, 106, 107, 108, 109, 110, 111, 112, 113, 114, 115, 116, 117, 118, 119, 120, 121, 122, 123, 124, 125, 126, 127]","[0, 1, 2, 3, 4, 5, 6, 7, 8, 9, 10, 11, 12, 13, 14, 15]",128,"[0, 1, 2, 3, 4, 5, 6, 7, 8, 9, 10, 11, 12, 13, 14, 15, 16, 17, 18, 19, 20, 21, 22, 23, 24, 25, 26, 27, 28, 29, 30, 31, 32, 33, 34, 35, 36, 37, 38, 39, 40, 41, 42, 43, 44, 45, 46, 47, 48, 49, 50, 51, 52, 53, 54, 55, 56, 57, 58, 59, 60, 61, 62, 63, 64, 65, 66, 67, 68, 69, 70, 71, 72, 73, 74, 75, 76, 77, 78, 79, 80, 81, 82, 83, 84, 85, 86, 87, 88, 89, 90, 91, 92, 93, 94, 95, 96, 97, 98, 99, 100, 101, 102, 103, 104, 105, 106, 107, 108, 109, 110, 111, 112, 113, 114, 115, 116, 117, 118, 119, 120, 121, 122, 123, 124, 125, 126, 127]","[0, 1, 2, 3, 4, 5, 6, 7, 8, 9, 10, 11, 12, 13, 14, 15]",DIFF_MC_ARK_48,structural_overapprox_mode_simplified
ARK_52,ARK,52,1,differential,32,"[24, 25, 26, 27, 28, 29, 30, 31, 32, 33, 34, 35, 36, 37, 38, 39, 72, 73, 74, 75, 76, 77, 78, 79, 112, 113, 114, 115, 116, 117, 118, 119]","[3, 4, 9, 14]",32,"[24, 25, 26, 27, 28, 29, 30, 31, 32, 33, 34, 35, 36, 37, 38, 39, 72, 73, 74, 75, 76, 77, 78, 79, 112, 113, 114, 115, 116, 117, 118, 119]","[3, 4, 9, 14]",DIFF_MC_ARK_52,structural_overapprox_mode_simplified
ARK_52,ARK,52,2,differential,128,"[0, 1, 2, 3, 4, 5, 6, 7, 8, 9, 10, 11, 12, 13, 14, 15, 16, 17, 18, 19, 20, 21, 22, 23, 24, 25, 26, 27, 28, 29, 30, 31, 32, 33, 34, 35, 36, 37, 38, 39, 40, 41, 42, 43, 44, 45, 46, 47, 48, 49, 50, 51, 52, 53, 54, 55, 56, 57, 58, 59, 60, 61, 62, 63, 64, 65, 66, 67, 68, 69, 70, 71, 72, 73, 74, 75, 76, 77, 78, 79, 80, 81, 82, 83, 84, 85, 86, 87, 88, 89, 90, 91, 92, 93, 94, 95, 96, 97, 98, 99, 100, 101, 102, 103, 104, 105, 106, 107, 108, 109, 110, 111, 112, 113, 114, 115, 116, 117, 118, 119, 120, 121, 122, 123, 124, 125, 126, 127]","[0, 1, 2, 3, 4, 5, 6, 7, 8, 9, 10, 11, 12, 13, 14, 15]",128,"[0, 1, 2, 3, 4, 5, 6, 7, 8, 9, 10, 11, 12, 13, 14, 15, 16, 17, 18, 19, 20, 21, 22, 23, 24, 25, 26, 27, 28, 29, 30, 31, 32, 33, 34, 35, 36, 37, 38, 39, 40, 41, 42, 43, 44, 45, 46, 47, 48, 49, 50, 51, 52, 53, 54, 55, 56, 57, 58, 59, 60, 61, 62, 63, 64, 65, 66, 67, 68, 69, 70, 71, 72, 73, 74, 75, 76, 77, 78, 79, 80, 81, 82, 83, 84, 85, 86, 87, 88, 89, 90, 91, 92, 93, 94, 95, 96, 97, 98, 99, 100, 101, 102, 103, 104, 105, 106, 107, 108, 109, 110, 111, 112, 113, 114, 115, 116, 117, 118, 119, 120, 121, 122, 123, 124, 125, 126, 127]","[0, 1, 2, 3, 4, 5, 6, 7, 8, 9, 10, 11, 12, 13, 14, 15]",DIFF_MC_ARK_52,structural_overapprox_mode_simplified
ARK_56,ARK,56,1,differential,32,"[24, 25, 26, 27, 28, 29, 30, 31, 32, 33, 34, 35, 36, 37, 38, 39, 72, 73, 74, 75, 76, 77, 78, 79, 112, 113, 114, 115, 116, 117, 118, 119]","[3, 4, 9, 14]",32,"[24, 25, 26, 27, 28, 29, 30, 31, 32, 33, 34, 35, 36, 37, 38, 39, 72, 73, 74, 75, 76, 77, 78, 79, 112, 113, 114, 115, 116, 117, 118, 119]","[3, 4, 9, 14]",DIFF_MC_ARK_56,structural_overapprox_mode_simplified
ARK_56,ARK,56,2,differential,128,"[0, 1, 2, 3, 4, 5, 6, 7, 8, 9, 10, 11, 12, 13, 14, 15, 16, 17, 18, 19, 20, 21, 22, 23, 24, 25, 26, 27, 28, 29, 30, 31, 32, 33, 34, 35, 36, 37, 38, 39, 40, 41, 42, 43, 44, 45, 46, 47, 48, 49, 50, 51, 52, 53, 54, 55, 56, 57, 58, 59, 60, 61, 62, 63, 64, 65, 66, 67, 68, 69, 70, 71, 72, 73, 74, 75, 76, 77, 78, 79, 80, 81, 82, 83, 84, 85, 86, 87, 88, 89, 90, 91, 92, 93, 94, 95, 96, 97, 98, 99, 100, 101, 102, 103, 104, 105, 106, 107, 108, 109, 110, 111, 112, 113, 114, 115, 116, 117, 118, 119, 120, 121, 122, 123, 124, 125, 126, 127]","[0, 1, 2, 3, 4, 5, 6, 7, 8, 9, 10, 11, 12, 13, 14, 15]",128,"[0, 1, 2, 3, 4, 5, 6, 7, 8, 9, 10, 11, 12, 13, 14, 15, 16, 17, 18, 19, 20, 21, 22, 23, 24, 25, 26, 27, 28, 29, 30, 31, 32, 33, 34, 35, 36, 37, 38, 39, 40, 41, 42, 43, 44, 45, 46, 47, 48, 49, 50, 51, 52, 53, 54, 55, 56, 57, 58, 59, 60, 61, 62, 63, 64, 65, 66, 67, 68, 69, 70, 71, 72, 73, 74, 75, 76, 77, 78, 79, 80, 81, 82, 83, 84, 85, 86, 87, 88, 89, 90, 91, 92, 93, 94, 95, 96, 97, 98, 99, 100, 101, 102, 103, 104, 105, 106, 107, 108, 109, 110, 111, 112, 113, 114, 115, 116, 117, 118, 119, 120, 121, 122, 123, 124, 125, 126, 127]","[0, 1, 2, 3, 4, 5, 6, 7, 8, 9, 10, 11, 12, 13, 14, 15]",DIFF_MC_ARK_56,structural_overapprox_mode_simplified
ARK_58,ARK,58,1,differential,32,"[24, 25, 26, 27, 28, 29, 30, 31, 32, 33, 34, 35, 36, 37, 38, 39, 72, 73, 74, 75, 76, 77, 78, 79, 112, 113, 114, 115, 116, 117, 118, 119]","[3, 4, 9, 14]",32,"[24, 25, 26, 27, 28, 29, 30, 31, 32, 33, 34, 35, 36, 37, 38, 39, 72, 73, 74, 75, 76, 77, 78, 79, 112, 113, 114, 115, 116, 117, 118, 119]","[3, 4, 9, 14]",DIFF_MC_ARK_58,structural_overapprox_mode_simplified
ARK_58,ARK,58,2,differential,128,"[0, 1, 2, 3, 4, 5, 6, 7, 8, 9, 10, 11, 12, 13, 14, 15, 16, 17, 18, 19, 20, 21, 22, 23, 24, 25, 26, 27, 28, 29, 30, 31, 32, 33, 34, 35, 36, 37, 38, 39, 40, 41, 42, 43, 44, 45, 46, 47, 48, 49, 50, 51, 52, 53, 54, 55, 56, 57, 58, 59, 60, 61, 62, 63, 64, 65, 66, 67, 68, 69, 70, 71, 72, 73, 74, 75, 76, 77, 78, 79, 80, 81, 82, 83, 84, 85, 86, 87, 88, 89, 90, 91, 92, 93, 94, 95, 96, 97, 98, 99, 100, 101, 102, 103, 104, 105, 106, 107, 108, 109, 110, 111, 112, 113, 114, 115, 116, 117, 118, 119, 120, 121, 122, 123, 124, 125, 126, 127]","[0, 1, 2, 3, 4, 5, 6, 7, 8, 9, 10, 11, 12, 13, 14, 15]",128,"[0, 1, 2, 3, 4, 5, 6, 7, 8, 9, 10, 11, 12, 13, 14, 15, 16, 17, 18, 19, 20, 21, 22, 23, 24, 25, 26, 27, 28, 29, 30, 31, 32, 33, 34, 35, 36, 37, 38, 39, 40, 41, 42, 43, 44, 45, 46, 47, 48, 49, 50, 51, 52, 53, 54, 55, 56, 57, 58, 59, 60, 61, 62, 63, 64, 65, 66, 67, 68, 69, 70, 71, 72, 73, 74, 75, 76, 77, 78, 79, 80, 81, 82, 83, 84, 85, 86, 87, 88, 89, 90, 91, 92, 93, 94, 95, 96, 97, 98, 99, 100, 101, 102, 103, 104, 105, 106, 107, 108, 109, 110, 111, 112, 113, 114, 115, 116, 117, 118, 119, 120, 121, 122, 123, 124, 125, 126, 127]","[0, 1, 2, 3, 4, 5, 6, 7, 8, 9, 10, 11, 12, 13, 14, 15]",DIFF_MC_ARK_58,structural_overapprox_mode_simplified
ARK_59,ARK,59,1,differential,32,"[24, 25, 26, 27, 28, 29, 30, 31, 32, 33, 34, 35, 36, 37, 38, 39, 72, 73, 74, 75, 76, 77, 78, 79, 112, 113, 114, 115, 116, 117, 118, 119]","[3, 4, 9, 14]",32,"[24, 25, 26, 27, 28, 29, 30, 31, 32, 33, 34, 35, 36, 37, 38, 39, 72, 73, 74, 75, 76, 77, 78, 79, 112, 113, 114, 115, 116, 117, 118, 119]","[3, 4, 9, 14]",DIFF_MC_ARK_59,structural_overapprox_mode_simplified
ARK_59,ARK,59,2,differential,128,"[0, 1, 2, 3, 4, 5, 6, 7, 8, 9, 10, 11, 12, 13, 14, 15, 16, 17, 18, 19, 20, 21, 22, 23, 24, 25, 26, 27, 28, 29, 30, 31, 32, 33, 34, 35, 36, 37, 38, 39, 40, 41, 42, 43, 44, 45, 46, 47, 48, 49, 50, 51, 52, 53, 54, 55, 56, 57, 58, 59, 60, 61, 62, 63, 64, 65, 66, 67, 68, 69, 70, 71, 72, 73, 74, 75, 76, 77, 78, 79, 80, 81, 82, 83, 84, 85, 86, 87, 88, 89, 90, 91, 92, 93, 94, 95, 96, 97, 98, 99, 100, 101, 102, 103, 104, 105, 106, 107, 108, 109, 110, 111, 112, 113, 114, 115, 116, 117, 118, 119, 120, 121, 122, 123, 124, 125, 126, 127]","[0, 1, 2, 3, 4, 5, 6, 7, 8, 9, 10, 11, 12, 13, 14, 15]",128,"[0, 1, 2, 3, 4, 5, 6, 7, 8, 9, 10, 11, 12, 13, 14, 15, 16, 17, 18, 19, 20, 21, 22, 23, 24, 25, 26, 27, 28, 29, 30, 31, 32, 33, 34, 35, 36, 37, 38, 39, 40, 41, 42, 43, 44, 45, 46, 47, 48, 49, 50, 51, 52, 53, 54, 55, 56, 57, 58, 59, 60, 61, 62, 63, 64, 65, 66, 67, 68, 69, 70, 71, 72, 73, 74, 75, 76, 77, 78, 79, 80, 81, 82, 83, 84, 85, 86, 87, 88, 89, 90, 91, 92, 93, 94, 95, 96, 97, 98, 99, 100, 101, 102, 103, 104, 105, 106, 107, 108, 109, 110, 111, 112, 113, 114, 115, 116, 117, 118, 119, 120, 121, 122, 123, 124, 125, 126, 127]","[0, 1, 2, 3, 4, 5, 6, 7, 8, 9, 10, 11, 12, 13, 14, 15]",DIFF_MC_ARK_59,structural_overapprox_mode_simplified
ARK_63,ARK,63,1,differential,32,"[24, 25, 26, 27, 28, 29, 30, 31, 32, 33, 34, 35, 36, 37, 38, 39, 72, 73, 74, 75, 76, 77, 78, 79, 112, 113, 114, 115, 116, 117, 118, 119]","[3, 4, 9, 14]",32,"[24, 25, 26, 27, 28, 29, 30, 31, 32, 33, 34, 35, 36, 37, 38, 39, 72, 73, 74, 75, 76, 77, 78, 79, 112, 113, 114, 115, 116, 117, 118, 119]","[3, 4, 9, 14]",DIFF_MC_ARK_63,structural_overapprox_mode_simplified
ARK_63,ARK,63,2,differential,128,"[0, 1, 2, 3, 4, 5, 6, 7, 8, 9, 10, 11, 12, 13, 14, 15, 16, 17, 18, 19, 20, 21, 22, 23, 24, 25, 26, 27, 28, 29, 30, 31, 32, 33, 34, 35, 36, 37, 38, 39, 40, 41, 42, 43, 44, 45, 46, 47, 48, 49, 50, 51, 52, 53, 54, 55, 56, 57, 58, 59, 60, 61, 62, 63, 64, 65, 66, 67, 68, 69, 70, 71, 72, 73, 74, 75, 76, 77, 78, 79, 80, 81, 82, 83, 84, 85, 86, 87, 88, 89, 90, 91, 92, 93, 94, 95, 96, 97, 98, 99, 100, 101, 102, 103, 104, 105, 106, 107, 108, 109, 110, 111, 112, 113, 114, 115, 116, 117, 118, 119, 120, 121, 122, 123, 124, 125, 126, 127]","[0, 1, 2, 3, 4, 5, 6, 7, 8, 9, 10, 11, 12, 13, 14, 15]",128,"[0, 1, 2, 3, 4, 5, 6, 7, 8, 9, 10, 11, 12, 13, 14, 15, 16, 17, 18, 19, 20, 21, 22, 23, 24, 25, 26, 27, 28, 29, 30, 31, 32, 33, 34, 35, 36, 37, 38, 39, 40, 41, 42, 43, 44, 45, 46, 47, 48, 49, 50, 51, 52, 53, 54, 55, 56, 57, 58, 59, 60, 61, 62, 63, 64, 65, 66, 67, 68, 69, 70, 71, 72, 73, 74, 75, 76, 77, 78, 79, 80, 81, 82, 83, 84, 85, 86, 87, 88, 89, 90, 91, 92, 93, 94, 95, 96, 97, 98, 99, 100, 101, 102, 103, 104, 105, 106, 107, 108, 109, 110, 111, 112, 113, 114, 115, 116, 117, 118, 119, 120, 121, 122, 123, 124, 125, 126, 127]","[0, 1, 2, 3, 4, 5, 6, 7, 8, 9, 10, 11, 12, 13, 14, 15]",DIFF_MC_ARK_63,structural_overapprox_mode_simplified
ARK_64,ARK,64,1,differential,32,"[16, 17, 18, 19, 20, 21, 22, 23, 56, 57, 58, 59, 60, 61, 62, 63, 64, 65, 66, 67, 68, 69, 70, 71, 104, 105, 106, 107, 108, 109, 110, 111]","[2, 7, 8, 13]",32,"[16, 17, 18, 19, 20, 21, 22, 23, 56, 57, 58, 59, 60, 61, 62, 63, 64, 65, 66, 67, 68, 69, 70, 71, 104, 105, 106, 107, 108, 109, 110, 111]","[2, 7, 8, 13]",DIFF_MC_ARK_64,structural_overapprox_mode_simplified
ARK_64,ARK,64,2,differential,128,"[0, 1, 2, 3, 4, 5, 6, 7, 8, 9, 10, 11, 12, 13, 14, 15, 16, 17, 18, 19, 20, 21, 22, 23, 24, 25, 26, 27, 28, 29, 30, 31, 32, 33, 34, 35, 36, 37, 38, 39, 40, 41, 42, 43, 44, 45, 46, 47, 48, 49, 50, 51, 52, 53, 54, 55, 56, 57, 58, 59, 60, 61, 62, 63, 64, 65, 66, 67, 68, 69, 70, 71, 72, 73, 74, 75, 76, 77, 78, 79, 80, 81, 82, 83, 84, 85, 86, 87, 88, 89, 90, 91, 92, 93, 94, 95, 96, 97, 98, 99, 100, 101, 102, 103, 104, 105, 106, 107, 108, 109, 110, 111, 112, 113, 114, 115, 116, 117, 118, 119, 120, 121, 122, 123, 124, 125, 126, 127]","[0, 1, 2, 3, 4, 5, 6, 7, 8, 9, 10, 11, 12, 13, 14, 15]",128,"[0, 1, 2, 3, 4, 5, 6, 7, 8, 9, 10, 11, 12, 13, 14, 15, 16, 17, 18, 19, 20, 21, 22, 23, 24, 25, 26, 27, 28, 29, 30, 31, 32, 33, 34, 35, 36, 37, 38, 39, 40, 41, 42, 43, 44, 45, 46, 47, 48, 49, 50, 51, 52, 53, 54, 55, 56, 57, 58, 59, 60, 61, 62, 63, 64, 65, 66, 67, 68, 69, 70, 71, 72, 73, 74, 75, 76, 77, 78, 79, 80, 81, 82, 83, 84, 85, 86, 87, 88, 89, 90, 91, 92, 93, 94, 95, 96, 97, 98, 99, 100, 101, 102, 103, 104, 105, 106, 107, 108, 109, 110, 111, 112, 113, 114, 115, 116, 117, 118, 119, 120, 121, 122, 123, 124, 125, 126, 127]","[0, 1, 2, 3, 4, 5, 6, 7, 8, 9, 10, 11, 12, 13, 14, 15]",DIFF_MC_ARK_64,structural_overapprox_mode_simplified
ARK_65,ARK,65,1,differential,32,"[16, 17, 18, 19, 20, 21, 22, 23, 56, 57, 58, 59, 60, 61, 62, 63, 64, 65, 66, 67, 68, 69, 70, 71, 104, 105, 106, 107, 108, 109, 110, 111]","[2, 7, 8, 13]",32,"[16, 17, 18, 19, 20, 21, 22, 23, 56, 57, 58, 59, 60, 61, 62, 63, 64, 65, 66, 67, 68, 69, 70, 71, 104, 105, 106, 107, 108, 109, 110, 111]","[2, 7, 8, 13]",DIFF_MC_ARK_65,structural_overapprox_mode_simplified
ARK_65,ARK,65,2,differential,128,"[0, 1, 2, 3, 4, 5, 6, 7, 8, 9, 10, 11, 12, 13, 14, 15, 16, 17, 18, 19, 20, 21, 22, 23, 24, 25, 26, 27, 28, 29, 30, 31, 32, 33, 34, 35, 36, 37, 38, 39, 40, 41, 42, 43, 44, 45, 46, 47, 48, 49, 50, 51, 52, 53, 54, 55, 56, 57, 58, 59, 60, 61, 62, 63, 64, 65, 66, 67, 68, 69, 70, 71, 72, 73, 74, 75, 76, 77, 78, 79, 80, 81, 82, 83, 84, 85, 86, 87, 88, 89, 90, 91, 92, 93, 94, 95, 96, 97, 98, 99, 100, 101, 102, 103, 104, 105, 106, 107, 108, 109, 110, 111, 112, 113, 114, 115, 116, 117, 118, 119, 120, 121, 122, 123, 124, 125, 126, 127]","[0, 1, 2, 3, 4, 5, 6, 7, 8, 9, 10, 11, 12, 13, 14, 15]",128,"[0, 1, 2, 3, 4, 5, 6, 7, 8, 9, 10, 11, 12, 13, 14, 15, 16, 17, 18, 19, 20, 21, 22, 23, 24, 25, 26, 27, 28, 29, 30, 31, 32, 33, 34, 35, 36, 37, 38, 39, 40, 41, 42, 43, 44, 45, 46, 47, 48, 49, 50, 51, 52, 53, 54, 55, 56, 57, 58, 59, 60, 61, 62, 63, 64, 65, 66, 67, 68, 69, 70, 71, 72, 73, 74, 75, 76, 77, 78, 79, 80, 81, 82, 83, 84, 85, 86, 87, 88, 89, 90, 91, 92, 93, 94, 95, 96, 97, 98, 99, 100, 101, 102, 103, 104, 105, 106, 107, 108, 109, 110, 111, 112, 113, 114, 115, 116, 117, 118, 119, 120, 121, 122, 123, 124, 125, 126, 127]","[0, 1, 2, 3, 4, 5, 6, 7, 8, 9, 10, 11, 12, 13, 14, 15]",DIFF_MC_ARK_65,structural_overapprox_mode_simplified
ARK_66,ARK,66,1,differential,32,"[16, 17, 18, 19, 20, 21, 22, 23, 56, 57, 58, 59, 60, 61, 62, 63, 64, 65, 66, 67, 68, 69, 70, 71, 104, 105, 106, 107, 108, 109, 110, 111]","[2, 7, 8, 13]",32,"[16, 17, 18, 19, 20, 21, 22, 23, 56, 57, 58, 59, 60, 61, 62, 63, 64, 65, 66, 67, 68, 69, 70, 71, 104, 105, 106, 107, 108, 109, 110, 111]","[2, 7, 8, 13]",DIFF_MC_ARK_66,structural_overapprox_mode_simplified
ARK_66,ARK,66,2,differential,128,"[0, 1, 2, 3, 4, 5, 6, 7, 8, 9, 10, 11, 12, 13, 14, 15, 16, 17, 18, 19, 20, 21, 22, 23, 24, 25, 26, 27, 28, 29, 30, 31, 32, 33, 34, 35, 36, 37, 38, 39, 40, 41, 42, 43, 44, 45, 46, 47, 48, 49, 50, 51, 52, 53, 54, 55, 56, 57, 58, 59, 60, 61, 62, 63, 64, 65, 66, 67, 68, 69, 70, 71, 72, 73, 74, 75, 76, 77, 78, 79, 80, 81, 82, 83, 84, 85, 86, 87, 88, 89, 90, 91, 92, 93, 94, 95, 96, 97, 98, 99, 100, 101, 102, 103, 104, 105, 106, 107, 108, 109, 110, 111, 112, 113, 114, 115, 116, 117, 118, 119, 120, 121, 122, 123, 124, 125, 126, 127]","[0, 1, 2, 3, 4, 5, 6, 7, 8, 9, 10, 11, 12, 13, 14, 15]",128,"[0, 1, 2, 3, 4, 5, 6, 7, 8, 9, 10, 11, 12, 13, 14, 15, 16, 17, 18, 19, 20, 21, 22, 23, 24, 25, 26, 27, 28, 29, 30, 31, 32, 33, 34, 35, 36, 37, 38, 39, 40, 41, 42, 43, 44, 45, 46, 47, 48, 49, 50, 51, 52, 53, 54, 55, 56, 57, 58, 59, 60, 61, 62, 63, 64, 65, 66, 67, 68, 69, 70, 71, 72, 73, 74, 75, 76, 77, 78, 79, 80, 81, 82, 83, 84, 85, 86, 87, 88, 89, 90, 91, 92, 93, 94, 95, 96, 97, 98, 99, 100, 101, 102, 103, 104, 105, 106, 107, 108, 109, 110, 111, 112, 113, 114, 115, 116, 117, 118, 119, 120, 121, 122, 123, 124, 125, 126, 127]","[0, 1, 2, 3, 4, 5, 6, 7, 8, 9, 10, 11, 12, 13, 14, 15]",DIFF_MC_ARK_66,structural_overapprox_mode_simplified
ARK_68,ARK,68,1,differential,32,"[16, 17, 18, 19, 20, 21, 22, 23, 56, 57, 58, 59, 60, 61, 62, 63, 64, 65, 66, 67, 68, 69, 70, 71, 104, 105, 106, 107, 108, 109, 110, 111]","[2, 7, 8, 13]",32,"[16, 17, 18, 19, 20, 21, 22, 23, 56, 57, 58, 59, 60, 61, 62, 63, 64, 65, 66, 67, 68, 69, 70, 71, 104, 105, 106, 107, 108, 109, 110, 111]","[2, 7, 8, 13]",DIFF_MC_ARK_68,structural_overapprox_mode_simplified
ARK_68,ARK,68,2,differential,128,"[0, 1, 2, 3, 4, 5, 6, 7, 8, 9, 10, 11, 12, 13, 14, 15, 16, 17, 18, 19, 20, 21, 22, 23, 24, 25, 26, 27, 28, 29, 30, 31, 32, 33, 34, 35, 36, 37, 38, 39, 40, 41, 42, 43, 44, 45, 46, 47, 48, 49, 50, 51, 52, 53, 54, 55, 56, 57, 58, 59, 60, 61, 62, 63, 64, 65, 66, 67, 68, 69, 70, 71, 72, 73, 74, 75, 76, 77, 78, 79, 80, 81, 82, 83, 84, 85, 86, 87, 88, 89, 90, 91, 92, 93, 94, 95, 96, 97, 98, 99, 100, 101, 102, 103, 104, 105, 106, 107, 108, 109, 110, 111, 112, 113, 114, 115, 116, 117, 118, 119, 120, 121, 122, 123, 124, 125, 126, 127]","[0, 1, 2, 3, 4, 5, 6, 7, 8, 9, 10, 11, 12, 13, 14, 15]",128,"[0, 1, 2, 3, 4, 5, 6, 7, 8, 9, 10, 11, 12, 13, 14, 15, 16, 17, 18, 19, 20, 21, 22, 23, 24, 25, 26, 27, 28, 29, 30, 31, 32, 33, 34, 35, 36, 37, 38, 39, 40, 41, 42, 43, 44, 45, 46, 47, 48, 49, 50, 51, 52, 53, 54, 55, 56, 57, 58, 59, 60, 61, 62, 63, 64, 65, 66, 67, 68, 69, 70, 71, 72, 73, 74, 75, 76, 77, 78, 79, 80, 81, 82, 83, 84, 85, 86, 87, 88, 89, 90, 91, 92, 93, 94, 95, 96, 97, 98, 99, 100, 101, 102, 103, 104, 105, 106, 107, 108, 109, 110, 111, 112, 113, 114, 115, 116, 117, 118, 119, 120, 121, 122, 123, 124, 125, 126, 127]","[0, 1, 2, 3, 4, 5, 6, 7, 8, 9, 10, 11, 12, 13, 14, 15]",DIFF_MC_ARK_68,structural_overapprox_mode_simplified
ARK_7,ARK,7,1,differential,32,"[0, 1, 2, 3, 4, 5, 6, 7, 40, 41, 42, 43, 44, 45, 46, 47, 80, 81, 82, 83, 84, 85, 86, 87, 120, 121, 122, 123, 124, 125, 126, 127]","[0, 5, 10, 15]",32,"[0, 1, 2, 3, 4, 5, 6, 7, 40, 41, 42, 43, 44, 45, 46, 47, 80, 81, 82, 83, 84, 85, 86, 87, 120, 121, 122, 123, 124, 125, 126, 127]","[0, 5, 10, 15]",DIFF_MC_ARK_7,structural_overapprox_mode_simplified
ARK_7,ARK,7,2,differential,128,"[0, 1, 2, 3, 4, 5, 6, 7, 8, 9, 10, 11, 12, 13, 14, 15, 16, 17, 18, 19, 20, 21, 22, 23, 24, 25, 26, 27, 28, 29, 30, 31, 32, 33, 34, 35, 36, 37, 38, 39, 40, 41, 42, 43, 44, 45, 46, 47, 48, 49, 50, 51, 52, 53, 54, 55, 56, 57, 58, 59, 60, 61, 62, 63, 64, 65, 66, 67, 68, 69, 70, 71, 72, 73, 74, 75, 76, 77, 78, 79, 80, 81, 82, 83, 84, 85, 86, 87, 88, 89, 90, 91, 92, 93, 94, 95, 96, 97, 98, 99, 100, 101, 102, 103, 104, 105, 106, 107, 108, 109, 110, 111, 112, 113, 114, 115, 116, 117, 118, 119, 120, 121, 122, 123, 124, 125, 126, 127]","[0, 1, 2, 3, 4, 5, 6, 7, 8, 9, 10, 11, 12, 13, 14, 15]",128,"[0, 1, 2, 3, 4, 5, 6, 7, 8, 9, 10, 11, 12, 13, 14, 15, 16, 17, 18, 19, 20, 21, 22, 23, 24, 25, 26, 27, 28, 29, 30, 31, 32, 33, 34, 35, 36, 37, 38, 39, 40, 41, 42, 43, 44, 45, 46, 47, 48, 49, 50, 51, 52, 53, 54, 55, 56, 57, 58, 59, 60, 61, 62, 63, 64, 65, 66, 67, 68, 69, 70, 71, 72, 73, 74, 75, 76, 77, 78, 79, 80, 81, 82, 83, 84, 85, 86, 87, 88, 89, 90, 91, 92, 93, 94, 95, 96, 97, 98, 99, 100, 101, 102, 103, 104, 105, 106, 107, 108, 109, 110, 111, 112, 113, 114, 115, 116, 117, 118, 119, 120, 121, 122, 123, 124, 125, 126, 127]","[0, 1, 2, 3, 4, 5, 6, 7, 8, 9, 10, 11, 12, 13, 14, 15]",DIFF_MC_ARK_7,structural_overapprox_mode_simplified
ARK_70,ARK,70,1,differential,32,"[16, 17, 18, 19, 20, 21, 22, 23, 56, 57, 58, 59, 60, 61, 62, 63, 64, 65, 66, 67, 68, 69, 70, 71, 104, 105, 106, 107, 108, 109, 110, 111]","[2, 7, 8, 13]",32,"[16, 17, 18, 19, 20, 21, 22, 23, 56, 57, 58, 59, 60, 61, 62, 63, 64, 65, 66, 67, 68, 69, 70, 71, 104, 105, 106, 107, 108, 109, 110, 111]","[2, 7, 8, 13]",DIFF_MC_ARK_70,structural_overapprox_mode_simplified
ARK_70,ARK,70,2,differential,128,"[0, 1, 2, 3, 4, 5, 6, 7, 8, 9, 10, 11, 12, 13, 14, 15, 16, 17, 18, 19, 20, 21, 22, 23, 24, 25, 26, 27, 28, 29, 30, 31, 32, 33, 34, 35, 36, 37, 38, 39, 40, 41, 42, 43, 44, 45, 46, 47, 48, 49, 50, 51, 52, 53, 54, 55, 56, 57, 58, 59, 60, 61, 62, 63, 64, 65, 66, 67, 68, 69, 70, 71, 72, 73, 74, 75, 76, 77, 78, 79, 80, 81, 82, 83, 84, 85, 86, 87, 88, 89, 90, 91, 92, 93, 94, 95, 96, 97, 98, 99, 100, 101, 102, 103, 104, 105, 106, 107, 108, 109, 110, 111, 112, 113, 114, 115, 116, 117, 118, 119, 120, 121, 122, 123, 124, 125, 126, 127]","[0, 1, 2, 3, 4, 5, 6, 7, 8, 9, 10, 11, 12, 13, 14, 15]",128,"[0, 1, 2, 3, 4, 5, 6, 7, 8, 9, 10, 11, 12, 13, 14, 15, 16, 17, 18, 19, 20, 21, 22, 23, 24, 25, 26, 27, 28, 29, 30, 31, 32, 33, 34, 35, 36, 37, 38, 39, 40, 41, 42, 43, 44, 45, 46, 47, 48, 49, 50, 51, 52, 53, 54, 55, 56, 57, 58, 59, 60, 61, 62, 63, 64, 65, 66, 67, 68, 69, 70, 71, 72, 73, 74, 75, 76, 77, 78, 79, 80, 81, 82, 83, 84, 85, 86, 87, 88, 89, 90, 91, 92, 93, 94, 95, 96, 97, 98, 99, 100, 101, 102, 103, 104, 105, 106, 107, 108, 109, 110, 111, 112, 113, 114, 115, 116, 117, 118, 119, 120, 121, 122, 123, 124, 125, 126, 127]","[0, 1, 2, 3, 4, 5, 6, 7, 8, 9, 10, 11, 12, 13, 14, 15]",DIFF_MC_ARK_70,structural_overapprox_mode_simplified
ARK_71,ARK,71,1,differential,32,"[16, 17, 18, 19, 20, 21, 22, 23, 56, 57, 58, 59, 60, 61, 62, 63, 64, 65, 66, 67, 68, 69, 70, 71, 104, 105, 106, 107, 108, 109, 110, 111]","[2, 7, 8, 13]",32,"[16, 17, 18, 19, 20, 21, 22, 23, 56, 57, 58, 59, 60, 61, 62, 63, 64, 65, 66, 67, 68, 69, 70, 71, 104, 105, 106, 107, 108, 109, 110, 111]","[2, 7, 8, 13]",DIFF_MC_ARK_71,structural_overapprox_mode_simplified
ARK_71,ARK,71,2,differential,128,"[0, 1, 2, 3, 4, 5, 6, 7, 8, 9, 10, 11, 12, 13, 14, 15, 16, 17, 18, 19, 20, 21, 22, 23, 24, 25, 26, 27, 28, 29, 30, 31, 32, 33, 34, 35, 36, 37, 38, 39, 40, 41, 42, 43, 44, 45, 46, 47, 48, 49, 50, 51, 52, 53, 54, 55, 56, 57, 58, 59, 60, 61, 62, 63, 64, 65, 66, 67, 68, 69, 70, 71, 72, 73, 74, 75, 76, 77, 78, 79, 80, 81, 82, 83, 84, 85, 86, 87, 88, 89, 90, 91, 92, 93, 94, 95, 96, 97, 98, 99, 100, 101, 102, 103, 104, 105, 106, 107, 108, 109, 110, 111, 112, 113, 114, 115, 116, 117, 118, 119, 120, 121, 122, 123, 124, 125, 126, 127]","[0, 1, 2, 3, 4, 5, 6, 7, 8, 9, 10, 11, 12, 13, 14, 15]",128,"[0, 1, 2, 3, 4, 5, 6, 7, 8, 9, 10, 11, 12, 13, 14, 15, 16, 17, 18, 19, 20, 21, 22, 23, 24, 25, 26, 27, 28, 29, 30, 31, 32, 33, 34, 35, 36, 37, 38, 39, 40, 41, 42, 43, 44, 45, 46, 47, 48, 49, 50, 51, 52, 53, 54, 55, 56, 57, 58, 59, 60, 61, 62, 63, 64, 65, 66, 67, 68, 69, 70, 71, 72, 73, 74, 75, 76, 77, 78, 79, 80, 81, 82, 83, 84, 85, 86, 87, 88, 89, 90, 91, 92, 93, 94, 95, 96, 97, 98, 99, 100, 101, 102, 103, 104, 105, 106, 107, 108, 109, 110, 111, 112, 113, 114, 115, 116, 117, 118, 119, 120, 121, 122, 123, 124, 125, 126, 127]","[0, 1, 2, 3, 4, 5, 6, 7, 8, 9, 10, 11, 12, 13, 14, 15]",DIFF_MC_ARK_71,structural_overapprox_mode_simplified
ARK_72,ARK,72,1,differential,32,"[16, 17, 18, 19, 20, 21, 22, 23, 56, 57, 58, 59, 60, 61, 62, 63, 64, 65, 66, 67, 68, 69, 70, 71, 104, 105, 106, 107, 108, 109, 110, 111]","[2, 7, 8, 13]",32,"[16, 17, 18, 19, 20, 21, 22, 23, 56, 57, 58, 59, 60, 61, 62, 63, 64, 65, 66, 67, 68, 69, 70, 71, 104, 105, 106, 107, 108, 109, 110, 111]","[2, 7, 8, 13]",DIFF_MC_ARK_72,structural_overapprox_mode_simplified
ARK_72,ARK,72,2,differential,128,"[0, 1, 2, 3, 4, 5, 6, 7, 8, 9, 10, 11, 12, 13, 14, 15, 16, 17, 18, 19, 20, 21, 22, 23, 24, 25, 26, 27, 28, 29, 30, 31, 32, 33, 34, 35, 36, 37, 38, 39, 40, 41, 42, 43, 44, 45, 46, 47, 48, 49, 50, 51, 52, 53, 54, 55, 56, 57, 58, 59, 60, 61, 62, 63, 64, 65, 66, 67, 68, 69, 70, 71, 72, 73, 74, 75, 76, 77, 78, 79, 80, 81, 82, 83, 84, 85, 86, 87, 88, 89, 90, 91, 92, 93, 94, 95, 96, 97, 98, 99, 100, 101, 102, 103, 104, 105, 106, 107, 108, 109, 110, 111, 112, 113, 114, 115, 116, 117, 118, 119, 120, 121, 122, 123, 124, 125, 126, 127]","[0, 1, 2, 3, 4, 5, 6, 7, 8, 9, 10, 11, 12, 13, 14, 15]",128,"[0, 1, 2, 3, 4, 5, 6, 7, 8, 9, 10, 11, 12, 13, 14, 15, 16, 17, 18, 19, 20, 21, 22, 23, 24, 25, 26, 27, 28, 29, 30, 31, 32, 33, 34, 35, 36, 37, 38, 39, 40, 41, 42, 43, 44, 45, 46, 47, 48, 49, 50, 51, 52, 53, 54, 55, 56, 57, 58, 59, 60, 61, 62, 63, 64, 65, 66, 67, 68, 69, 70, 71, 72, 73, 74, 75, 76, 77, 78, 79, 80, 81, 82, 83, 84, 85, 86, 87, 88, 89, 90, 91, 92, 93, 94, 95, 96, 97, 98, 99, 100, 101, 102, 103, 104, 105, 106, 107, 108, 109, 110, 111, 112, 113, 114, 115, 116, 117, 118, 119, 120, 121, 122, 123, 124, 125, 126, 127]","[0, 1, 2, 3, 4, 5, 6, 7, 8, 9, 10, 11, 12, 13, 14, 15]",DIFF_MC_ARK_72,structural_overapprox_mode_simplified
ARK_75,ARK,75,1,differential,32,"[16, 17, 18, 19, 20, 21, 22, 23, 56, 57, 58, 59, 60, 61, 62, 63, 64, 65, 66, 67, 68, 69, 70, 71, 104, 105, 106, 107, 108, 109, 110, 111]","[2, 7, 8, 13]",32,"[16, 17, 18, 19, 20, 21, 22, 23, 56, 57, 58, 59, 60, 61, 62, 63, 64, 65, 66, 67, 68, 69, 70, 71, 104, 105, 106, 107, 108, 109, 110, 111]","[2, 7, 8, 13]",DIFF_MC_ARK_75,structural_overapprox_mode_simplified
ARK_75,ARK,75,2,differential,128,"[0, 1, 2, 3, 4, 5, 6, 7, 8, 9, 10, 11, 12, 13, 14, 15, 16, 17, 18, 19, 20, 21, 22, 23, 24, 25, 26, 27, 28, 29, 30, 31, 32, 33, 34, 35, 36, 37, 38, 39, 40, 41, 42, 43, 44, 45, 46, 47, 48, 49, 50, 51, 52, 53, 54, 55, 56, 57, 58, 59, 60, 61, 62, 63, 64, 65, 66, 67, 68, 69, 70, 71, 72, 73, 74, 75, 76, 77, 78, 79, 80, 81, 82, 83, 84, 85, 86, 87, 88, 89, 90, 91, 92, 93, 94, 95, 96, 97, 98, 99, 100, 101, 102, 103, 104, 105, 106, 107, 108, 109, 110, 111, 112, 113, 114, 115, 116, 117, 118, 119, 120, 121, 122, 123, 124, 125, 126, 127]","[0, 1, 2, 3, 4, 5, 6, 7, 8, 9, 10, 11, 12, 13, 14, 15]",128,"[0, 1, 2, 3, 4, 5, 6, 7, 8, 9, 10, 11, 12, 13, 14, 15, 16, 17, 18, 19, 20, 21, 22, 23, 24, 25, 26, 27, 28, 29, 30, 31, 32, 33, 34, 35, 36, 37, 38, 39, 40, 41, 42, 43, 44, 45, 46, 47, 48, 49, 50, 51, 52, 53, 54, 55, 56, 57, 58, 59, 60, 61, 62, 63, 64, 65, 66, 67, 68, 69, 70, 71, 72, 73, 74, 75, 76, 77, 78, 79, 80, 81, 82, 83, 84, 85, 86, 87, 88, 89, 90, 91, 92, 93, 94, 95, 96, 97, 98, 99, 100, 101, 102, 103, 104, 105, 106, 107, 108, 109, 110, 111, 112, 113, 114, 115, 116, 117, 118, 119, 120, 121, 122, 123, 124, 125, 126, 127]","[0, 1, 2, 3, 4, 5, 6, 7, 8, 9, 10, 11, 12, 13, 14, 15]",DIFF_MC_ARK_75,structural_overapprox_mode_simplified
ARK_81,ARK,81,1,differential,32,"[16, 17, 18, 19, 20, 21, 22, 23, 56, 57, 58, 59, 60, 61, 62, 63, 64, 65, 66, 67, 68, 69, 70, 71, 104, 105, 106, 107, 108, 109, 110, 111]","[2, 7, 8, 13]",32,"[16, 17, 18, 19, 20, 21, 22, 23, 56, 57, 58, 59, 60, 61, 62, 63, 64, 65, 66, 67, 68, 69, 70, 71, 104, 105, 106, 107, 108, 109, 110, 111]","[2, 7, 8, 13]",DIFF_MC_ARK_81,structural_overapprox_mode_simplified
ARK_81,ARK,81,2,differential,128,"[0, 1, 2, 3, 4, 5, 6, 7, 8, 9, 10, 11, 12, 13, 14, 15, 16, 17, 18, 19, 20, 21, 22, 23, 24, 25, 26, 27, 28, 29, 30, 31, 32, 33, 34, 35, 36, 37, 38, 39, 40, 41, 42, 43, 44, 45, 46, 47, 48, 49, 50, 51, 52, 53, 54, 55, 56, 57, 58, 59, 60, 61, 62, 63, 64, 65, 66, 67, 68, 69, 70, 71, 72, 73, 74, 75, 76, 77, 78, 79, 80, 81, 82, 83, 84, 85, 86, 87, 88, 89, 90, 91, 92, 93, 94, 95, 96, 97, 98, 99, 100, 101, 102, 103, 104, 105, 106, 107, 108, 109, 110, 111, 112, 113, 114, 115, 116, 117, 118, 119, 120, 121, 122, 123, 124, 125, 126, 127]","[0, 1, 2, 3, 4, 5, 6, 7, 8, 9, 10, 11, 12, 13, 14, 15]",128,"[0, 1, 2, 3, 4, 5, 6, 7, 8, 9, 10, 11, 12, 13, 14, 15, 16, 17, 18, 19, 20, 21, 22, 23, 24, 25, 26, 27, 28, 29, 30, 31, 32, 33, 34, 35, 36, 37, 38, 39, 40, 41, 42, 43, 44, 45, 46, 47, 48, 49, 50, 51, 52, 53, 54, 55, 56, 57, 58, 59, 60, 61, 62, 63, 64, 65, 66, 67, 68, 69, 70, 71, 72, 73, 74, 75, 76, 77, 78, 79, 80, 81, 82, 83, 84, 85, 86, 87, 88, 89, 90, 91, 92, 93, 94, 95, 96, 97, 98, 99, 100, 101, 102, 103, 104, 105, 106, 107, 108, 109, 110, 111, 112, 113, 114, 115, 116, 117, 118, 119, 120, 121, 122, 123, 124, 125, 126, 127]","[0, 1, 2, 3, 4, 5, 6, 7, 8, 9, 10, 11, 12, 13, 14, 15]",DIFF_MC_ARK_81,structural_overapprox_mode_simplified
ARK_86,ARK,86,1,differential,32,"[16, 17, 18, 19, 20, 21, 22, 23, 56, 57, 58, 59, 60, 61, 62, 63, 64, 65, 66, 67, 68, 69, 70, 71, 104, 105, 106, 107, 108, 109, 110, 111]","[2, 7, 8, 13]",32,"[16, 17, 18, 19, 20, 21, 22, 23, 56, 57, 58, 59, 60, 61, 62, 63, 64, 65, 66, 67, 68, 69, 70, 71, 104, 105, 106, 107, 108, 109, 110, 111]","[2, 7, 8, 13]",DIFF_MC_ARK_86,structural_overapprox_mode_simplified
ARK_86,ARK,86,2,differential,128,"[0, 1, 2, 3, 4, 5, 6, 7, 8, 9, 10, 11, 12, 13, 14, 15, 16, 17, 18, 19, 20, 21, 22, 23, 24, 25, 26, 27, 28, 29, 30, 31, 32, 33, 34, 35, 36, 37, 38, 39, 40, 41, 42, 43, 44, 45, 46, 47, 48, 49, 50, 51, 52, 53, 54, 55, 56, 57, 58, 59, 60, 61, 62, 63, 64, 65, 66, 67, 68, 69, 70, 71, 72, 73, 74, 75, 76, 77, 78, 79, 80, 81, 82, 83, 84, 85, 86, 87, 88, 89, 90, 91, 92, 93, 94, 95, 96, 97, 98, 99, 100, 101, 102, 103, 104, 105, 106, 107, 108, 109, 110, 111, 112, 113, 114, 115, 116, 117, 118, 119, 120, 121, 122, 123, 124, 125, 126, 127]","[0, 1, 2, 3, 4, 5, 6, 7, 8, 9, 10, 11, 12, 13, 14, 15]",128,"[0, 1, 2, 3, 4, 5, 6, 7, 8, 9, 10, 11, 12, 13, 14, 15, 16, 17, 18, 19, 20, 21, 22, 23, 24, 25, 26, 27, 28, 29, 30, 31, 32, 33, 34, 35, 36, 37, 38, 39, 40, 41, 42, 43, 44, 45, 46, 47, 48, 49, 50, 51, 52, 53, 54, 55, 56, 57, 58, 59, 60, 61, 62, 63, 64, 65, 66, 67, 68, 69, 70, 71, 72, 73, 74, 75, 76, 77, 78, 79, 80, 81, 82, 83, 84, 85, 86, 87, 88, 89, 90, 91, 92, 93, 94, 95, 96, 97, 98, 99, 100, 101, 102, 103, 104, 105, 106, 107, 108, 109, 110, 111, 112, 113, 114, 115, 116, 117, 118, 119, 120, 121, 122, 123, 124, 125, 126, 127]","[0, 1, 2, 3, 4, 5, 6, 7, 8, 9, 10, 11, 12, 13, 14, 15]",DIFF_MC_ARK_86,structural_overapprox_mode_simplified
ARK_87,ARK,87,1,differential,32,"[16, 17, 18, 19, 20, 21, 22, 23, 56, 57, 58, 59, 60, 61, 62, 63, 64, 65, 66, 67, 68, 69, 70, 71, 104, 105, 106, 107, 108, 109, 110, 111]","[2, 7, 8, 13]",32,"[16, 17, 18, 19, 20, 21, 22, 23, 56, 57, 58, 59, 60, 61, 62, 63, 64, 65, 66, 67, 68, 69, 70, 71, 104, 105, 106, 107, 108, 109, 110, 111]","[2, 7, 8, 13]",DIFF_MC_ARK_87,structural_overapprox_mode_simplified
ARK_87,ARK,87,2,differential,128,"[0, 1, 2, 3, 4, 5, 6, 7, 8, 9, 10, 11, 12, 13, 14, 15, 16, 17, 18, 19, 20, 21, 22, 23, 24, 25, 26, 27, 28, 29, 30, 31, 32, 33, 34, 35, 36, 37, 38, 39, 40, 41, 42, 43, 44, 45, 46, 47, 48, 49, 50, 51, 52, 53, 54, 55, 56, 57, 58, 59, 60, 61, 62, 63, 64, 65, 66, 67, 68, 69, 70, 71, 72, 73, 74, 75, 76, 77, 78, 79, 80, 81, 82, 83, 84, 85, 86, 87, 88, 89, 90, 91, 92, 93, 94, 95, 96, 97, 98, 99, 100, 101, 102, 103, 104, 105, 106, 107, 108, 109, 110, 111, 112, 113, 114, 115, 116, 117, 118, 119, 120, 121, 122, 123, 124, 125, 126, 127]","[0, 1, 2, 3, 4, 5, 6, 7, 8, 9, 10, 11, 12, 13, 14, 15]",128,"[0, 1, 2, 3, 4, 5, 6, 7, 8, 9, 10, 11, 12, 13, 14, 15, 16, 17, 18, 19, 20, 21, 22, 23, 24, 25, 26, 27, 28, 29, 30, 31, 32, 33, 34, 35, 36, 37, 38, 39, 40, 41, 42, 43, 44, 45, 46, 47, 48, 49, 50, 51, 52, 53, 54, 55, 56, 57, 58, 59, 60, 61, 62, 63, 64, 65, 66, 67, 68, 69, 70, 71, 72, 73, 74, 75, 76, 77, 78, 79, 80, 81, 82, 83, 84, 85, 86, 87, 88, 89, 90, 91, 92, 93, 94, 95, 96, 97, 98, 99, 100, 101, 102, 103, 104, 105, 106, 107, 108, 109, 110, 111, 112, 113, 114, 115, 116, 117, 118, 119, 120, 121, 122, 123, 124, 125, 126, 127]","[0, 1, 2, 3, 4, 5, 6, 7, 8, 9, 10, 11, 12, 13, 14, 15]",DIFF_MC_ARK_87,structural_overapprox_mode_simplified
ARK_89,ARK,89,1,differential,32,"[16, 17, 18, 19, 20, 21, 22, 23, 56, 57, 58, 59, 60, 61, 62, 63, 64, 65, 66, 67, 68, 69, 70, 71, 104, 105, 106, 107, 108, 109, 110, 111]","[2, 7, 8, 13]",32,"[16, 17, 18, 19, 20, 21, 22, 23, 56, 57, 58, 59, 60, 61, 62, 63, 64, 65, 66, 67, 68, 69, 70, 71, 104, 105, 106, 107, 108, 109, 110, 111]","[2, 7, 8, 13]",DIFF_MC_ARK_89,structural_overapprox_mode_simplified
ARK_89,ARK,89,2,differential,128,"[0, 1, 2, 3, 4, 5, 6, 7, 8, 9, 10, 11, 12, 13, 14, 15, 16, 17, 18, 19, 20, 21, 22, 23, 24, 25, 26, 27, 28, 29, 30, 31, 32, 33, 34, 35, 36, 37, 38, 39, 40, 41, 42, 43, 44, 45, 46, 47, 48, 49, 50, 51, 52, 53, 54, 55, 56, 57, 58, 59, 60, 61, 62, 63, 64, 65, 66, 67, 68, 69, 70, 71, 72, 73, 74, 75, 76, 77, 78, 79, 80, 81, 82, 83, 84, 85, 86, 87, 88, 89, 90, 91, 92, 93, 94, 95, 96, 97, 98, 99, 100, 101, 102, 103, 104, 105, 106, 107, 108, 109, 110, 111, 112, 113, 114, 115, 116, 117, 118, 119, 120, 121, 122, 123, 124, 125, 126, 127]","[0, 1, 2, 3, 4, 5, 6, 7, 8, 9, 10, 11, 12, 13, 14, 15]",128,"[0, 1, 2, 3, 4, 5, 6, 7, 8, 9, 10, 11, 12, 13, 14, 15, 16, 17, 18, 19, 20, 21, 22, 23, 24, 25, 26, 27, 28, 29, 30, 31, 32, 33, 34, 35, 36, 37, 38, 39, 40, 41, 42, 43, 44, 45, 46, 47, 48, 49, 50, 51, 52, 53, 54, 55, 56, 57, 58, 59, 60, 61, 62, 63, 64, 65, 66, 67, 68, 69, 70, 71, 72, 73, 74, 75, 76, 77, 78, 79, 80, 81, 82, 83, 84, 85, 86, 87, 88, 89, 90, 91, 92, 93, 94, 95, 96, 97, 98, 99, 100, 101, 102, 103, 104, 105, 106, 107, 108, 109, 110, 111, 112, 113, 114, 115, 116, 117, 118, 119, 120, 121, 122, 123, 124, 125, 126, 127]","[0, 1, 2, 3, 4, 5, 6, 7, 8, 9, 10, 11, 12, 13, 14, 15]",DIFF_MC_ARK_89,structural_overapprox_mode_simplified
ARK_91,ARK,91,1,differential,32,"[16, 17, 18, 19, 20, 21, 22, 23, 56, 57, 58, 59, 60, 61, 62, 63, 64, 65, 66, 67, 68, 69, 70, 71, 104, 105, 106, 107, 108, 109, 110, 111]","[2, 7, 8, 13]",32,"[16, 17, 18, 19, 20, 21, 22, 23, 56, 57, 58, 59, 60, 61, 62, 63, 64, 65, 66, 67, 68, 69, 70, 71, 104, 105, 106, 107, 108, 109, 110, 111]","[2, 7, 8, 13]",DIFF_MC_ARK_91,structural_overapprox_mode_simplified
ARK_91,ARK,91,2,differential,128,"[0, 1, 2, 3, 4, 5, 6, 7, 8, 9, 10, 11, 12, 13, 14, 15, 16, 17, 18, 19, 20, 21, 22, 23, 24, 25, 26, 27, 28, 29, 30, 31, 32, 33, 34, 35, 36, 37, 38, 39, 40, 41, 42, 43, 44, 45, 46, 47, 48, 49, 50, 51, 52, 53, 54, 55, 56, 57, 58, 59, 60, 61, 62, 63, 64, 65, 66, 67, 68, 69, 70, 71, 72, 73, 74, 75, 76, 77, 78, 79, 80, 81, 82, 83, 84, 85, 86, 87, 88, 89, 90, 91, 92, 93, 94, 95, 96, 97, 98, 99, 100, 101, 102, 103, 104, 105, 106, 107, 108, 109, 110, 111, 112, 113, 114, 115, 116, 117, 118, 119, 120, 121, 122, 123, 124, 125, 126, 127]","[0, 1, 2, 3, 4, 5, 6, 7, 8, 9, 10, 11, 12, 13, 14, 15]",128,"[0, 1, 2, 3, 4, 5, 6, 7, 8, 9, 10, 11, 12, 13, 14, 15, 16, 17, 18, 19, 20, 21, 22, 23, 24, 25, 26, 27, 28, 29, 30, 31, 32, 33, 34, 35, 36, 37, 38, 39, 40, 41, 42, 43, 44, 45, 46, 47, 48, 49, 50, 51, 52, 53, 54, 55, 56, 57, 58, 59, 60, 61, 62, 63, 64, 65, 66, 67, 68, 69, 70, 71, 72, 73, 74, 75, 76, 77, 78, 79, 80, 81, 82, 83, 84, 85, 86, 87, 88, 89, 90, 91, 92, 93, 94, 95, 96, 97, 98, 99, 100, 101, 102, 103, 104, 105, 106, 107, 108, 109, 110, 111, 112, 113, 114, 115, 116, 117, 118, 119, 120, 121, 122, 123, 124, 125, 126, 127]","[0, 1, 2, 3, 4, 5, 6, 7, 8, 9, 10, 11, 12, 13, 14, 15]",DIFF_MC_ARK_91,structural_overapprox_mode_simplified
ARK_92,ARK,92,1,differential,32,"[16, 17, 18, 19, 20, 21, 22, 23, 56, 57, 58, 59, 60, 61, 62, 63, 64, 65, 66, 67, 68, 69, 70, 71, 104, 105, 106, 107, 108, 109, 110, 111]","[2, 7, 8, 13]",32,"[16, 17, 18, 19, 20, 21, 22, 23, 56, 57, 58, 59, 60, 61, 62, 63, 64, 65, 66, 67, 68, 69, 70, 71, 104, 105, 106, 107, 108, 109, 110, 111]","[2, 7, 8, 13]",DIFF_MC_ARK_92,structural_overapprox_mode_simplified
ARK_92,ARK,92,2,differential,128,"[0, 1, 2, 3, 4, 5, 6, 7, 8, 9, 10, 11, 12, 13, 14, 15, 16, 17, 18, 19, 20, 21, 22, 23, 24, 25, 26, 27, 28, 29, 30, 31, 32, 33, 34, 35, 36, 37, 38, 39, 40, 41, 42, 43, 44, 45, 46, 47, 48, 49, 50, 51, 52, 53, 54, 55, 56, 57, 58, 59, 60, 61, 62, 63, 64, 65, 66, 67, 68, 69, 70, 71, 72, 73, 74, 75, 76, 77, 78, 79, 80, 81, 82, 83, 84, 85, 86, 87, 88, 89, 90, 91, 92, 93, 94, 95, 96, 97, 98, 99, 100, 101, 102, 103, 104, 105, 106, 107, 108, 109, 110, 111, 112, 113, 114, 115, 116, 117, 118, 119, 120, 121, 122, 123, 124, 125, 126, 127]","[0, 1, 2, 3, 4, 5, 6, 7, 8, 9, 10, 11, 12, 13, 14, 15]",128,"[0, 1, 2, 3, 4, 5, 6, 7, 8, 9, 10, 11, 12, 13, 14, 15, 16, 17, 18, 19, 20, 21, 22, 23, 24, 25, 26, 27, 28, 29, 30, 31, 32, 33, 34, 35, 36, 37, 38, 39, 40, 41, 42, 43, 44, 45, 46, 47, 48, 49, 50, 51, 52, 53, 54, 55, 56, 57, 58, 59, 60, 61, 62, 63, 64, 65, 66, 67, 68, 69, 70, 71, 72, 73, 74, 75, 76, 77, 78, 79, 80, 81, 82, 83, 84, 85, 86, 87, 88, 89, 90, 91, 92, 93, 94, 95, 96, 97, 98, 99, 100, 101, 102, 103, 104, 105, 106, 107, 108, 109, 110, 111, 112, 113, 114, 115, 116, 117, 118, 119, 120, 121, 122, 123, 124, 125, 126, 127]","[0, 1, 2, 3, 4, 5, 6, 7, 8, 9, 10, 11, 12, 13, 14, 15]",DIFF_MC_ARK_92,structural_overapprox_mode_simplified
ARK_93,ARK,93,1,differential,32,"[16, 17, 18, 19, 20, 21, 22, 23, 56, 57, 58, 59, 60, 61, 62, 63, 64, 65, 66, 67, 68, 69, 70, 71, 104, 105, 106, 107, 108, 109, 110, 111]","[2, 7, 8, 13]",32,"[16, 17, 18, 19, 20, 21, 22, 23, 56, 57, 58, 59, 60, 61, 62, 63, 64, 65, 66, 67, 68, 69, 70, 71, 104, 105, 106, 107, 108, 109, 110, 111]","[2, 7, 8, 13]",DIFF_MC_ARK_93,structural_overapprox_mode_simplified
ARK_93,ARK,93,2,differential,128,"[0, 1, 2, 3, 4, 5, 6, 7, 8, 9, 10, 11, 12, 13, 14, 15, 16, 17, 18, 19, 20, 21, 22, 23, 24, 25, 26, 27, 28, 29, 30, 31, 32, 33, 34, 35, 36, 37, 38, 39, 40, 41, 42, 43, 44, 45, 46, 47, 48, 49, 50, 51, 52, 53, 54, 55, 56, 57, 58, 59, 60, 61, 62, 63, 64, 65, 66, 67, 68, 69, 70, 71, 72, 73, 74, 75, 76, 77, 78, 79, 80, 81, 82, 83, 84, 85, 86, 87, 88, 89, 90, 91, 92, 93, 94, 95, 96, 97, 98, 99, 100, 101, 102, 103, 104, 105, 106, 107, 108, 109, 110, 111, 112, 113, 114, 115, 116, 117, 118, 119, 120, 121, 122, 123, 124, 125, 126, 127]","[0, 1, 2, 3, 4, 5, 6, 7, 8, 9, 10, 11, 12, 13, 14, 15]",128,"[0, 1, 2, 3, 4, 5, 6, 7, 8, 9, 10, 11, 12, 13, 14, 15, 16, 17, 18, 19, 20, 21, 22, 23, 24, 25, 26, 27, 28, 29, 30, 31, 32, 33, 34, 35, 36, 37, 38, 39, 40, 41, 42, 43, 44, 45, 46, 47, 48, 49, 50, 51, 52, 53, 54, 55, 56, 57, 58, 59, 60, 61, 62, 63, 64, 65, 66, 67, 68, 69, 70, 71, 72, 73, 74, 75, 76, 77, 78, 79, 80, 81, 82, 83, 84, 85, 86, 87, 88, 89, 90, 91, 92, 93, 94, 95, 96, 97, 98, 99, 100, 101, 102, 103, 104, 105, 106, 107, 108, 109, 110, 111, 112, 113, 114, 115, 116, 117, 118, 119, 120, 121, 122, 123, 124, 125, 126, 127]","[0, 1, 2, 3, 4, 5, 6, 7, 8, 9, 10, 11, 12, 13, 14, 15]",DIFF_MC_ARK_93,structural_overapprox_mode_simplified
ARK_96,ARK,96,1,differential,32,"[8, 9, 10, 11, 12, 13, 14, 15, 48, 49, 50, 51, 52, 53, 54, 55, 88, 89, 90, 91, 92, 93, 94, 95, 96, 97, 98, 99, 100, 101, 102, 103]","[1, 6, 11, 12]",32,"[8, 9, 10, 11, 12, 13, 14, 15, 48, 49, 50, 51, 52, 53, 54, 55, 88, 89, 90, 91, 92, 93, 94, 95, 96, 97, 98, 99, 100, 101, 102, 103]","[1, 6, 11, 12]",DIFF_MC_ARK_96,structural_overapprox_mode_simplified
ARK_96,ARK,96,2,differential,128,"[0, 1, 2, 3, 4, 5, 6, 7, 8, 9, 10, 11, 12, 13, 14, 15, 16, 17, 18, 19, 20, 21, 22, 23, 24, 25, 26, 27, 28, 29, 30, 31, 32, 33, 34, 35, 36, 37, 38, 39, 40, 41, 42, 43, 44, 45, 46, 47, 48, 49, 50, 51, 52, 53, 54, 55, 56, 57, 58, 59, 60, 61, 62, 63, 64, 65, 66, 67, 68, 69, 70, 71, 72, 73, 74, 75, 76, 77, 78, 79, 80, 81, 82, 83, 84, 85, 86, 87, 88, 89, 90, 91, 92, 93, 94, 95, 96, 97, 98, 99, 100, 101, 102, 103, 104, 105, 106, 107, 108, 109, 110, 111, 112, 113, 114, 115, 116, 117, 118, 119, 120, 121, 122, 123, 124, 125, 126, 127]","[0, 1, 2, 3, 4, 5, 6, 7, 8, 9, 10, 11, 12, 13, 14, 15]",128,"[0, 1, 2, 3, 4, 5, 6, 7, 8, 9, 10, 11, 12, 13, 14, 15, 16, 17, 18, 19, 20, 21, 22, 23, 24, 25, 26, 27, 28, 29, 30, 31, 32, 33, 34, 35, 36, 37, 38, 39, 40, 41, 42, 43, 44, 45, 46, 47, 48, 49, 50, 51, 52, 53, 54, 55, 56, 57, 58, 59, 60, 61, 62, 63, 64, 65, 66, 67, 68, 69, 70, 71, 72, 73, 74, 75, 76, 77, 78, 79, 80, 81, 82, 83, 84, 85, 86, 87, 88, 89, 90, 91, 92, 93, 94, 95, 96, 97, 98, 99, 100, 101, 102, 103, 104, 105, 106, 107, 108, 109, 110, 111, 112, 113, 114, 115, 116, 117, 118, 119, 120, 121, 122, 123, 124, 125, 126, 127]","[0, 1, 2, 3, 4, 5, 6, 7, 8, 9, 10, 11, 12, 13, 14, 15]",DIFF_MC_ARK_96,structural_overapprox_mode_simplified
ARK_97,ARK,97,1,differential,32,"[8, 9, 10, 11, 12, 13, 14, 15, 48, 49, 50, 51, 52, 53, 54, 55, 88, 89, 90, 91, 92, 93, 94, 95, 96, 97, 98, 99, 100, 101, 102, 103]","[1, 6, 11, 12]",32,"[8, 9, 10, 11, 12, 13, 14, 15, 48, 49, 50, 51, 52, 53, 54, 55, 88, 89, 90, 91, 92, 93, 94, 95, 96, 97, 98, 99, 100, 101, 102, 103]","[1, 6, 11, 12]",DIFF_MC_ARK_97,structural_overapprox_mode_simplified
ARK_97,ARK,97,2,differential,128,"[0, 1, 2, 3, 4, 5, 6, 7, 8, 9, 10, 11, 12, 13, 14, 15, 16, 17, 18, 19, 20, 21, 22, 23, 24, 25, 26, 27, 28, 29, 30, 31, 32, 33, 34, 35, 36, 37, 38, 39, 40, 41, 42, 43, 44, 45, 46, 47, 48, 49, 50, 51, 52, 53, 54, 55, 56, 57, 58, 59, 60, 61, 62, 63, 64, 65, 66, 67, 68, 69, 70, 71, 72, 73, 74, 75, 76, 77, 78, 79, 80, 81, 82, 83, 84, 85, 86, 87, 88, 89, 90, 91, 92, 93, 94, 95, 96, 97, 98, 99, 100, 101, 102, 103, 104, 105, 106, 107, 108, 109, 110, 111, 112, 113, 114, 115, 116, 117, 118, 119, 120, 121, 122, 123, 124, 125, 126, 127]","[0, 1, 2, 3, 4, 5, 6, 7, 8, 9, 10, 11, 12, 13, 14, 15]",128,"[0, 1, 2, 3, 4, 5, 6, 7, 8, 9, 10, 11, 12, 13, 14, 15, 16, 17, 18, 19, 20, 21, 22, 23, 24, 25, 26, 27, 28, 29, 30, 31, 32, 33, 34, 35, 36, 37, 38, 39, 40, 41, 42, 43, 44, 45, 46, 47, 48, 49, 50, 51, 52, 53, 54, 55, 56, 57, 58, 59, 60, 61, 62, 63, 64, 65, 66, 67, 68, 69, 70, 71, 72, 73, 74, 75, 76, 77, 78, 79, 80, 81, 82, 83, 84, 85, 86, 87, 88, 89, 90, 91, 92, 93, 94, 95, 96, 97, 98, 99, 100, 101, 102, 103, 104, 105, 106, 107, 108, 109, 110, 111, 112, 113, 114, 115, 116, 117, 118, 119, 120, 121, 122, 123, 124, 125, 126, 127]","[0, 1, 2, 3, 4, 5, 6, 7, 8, 9, 10, 11, 12, 13, 14, 15]",DIFF_MC_ARK_97,structural_overapprox_mode_simplified
ARK_99,ARK,99,1,differential,32,"[8, 9, 10, 11, 12, 13, 14, 15, 48, 49, 50, 51, 52, 53, 54, 55, 88, 89, 90, 91, 92, 93, 94, 95, 96, 97, 98, 99, 100, 101, 102, 103]","[1, 6, 11, 12]",32,"[8, 9, 10, 11, 12, 13, 14, 15, 48, 49, 50, 51, 52, 53, 54, 55, 88, 89, 90, 91, 92, 93, 94, 95, 96, 97, 98, 99, 100, 101, 102, 103]","[1, 6, 11, 12]",DIFF_MC_ARK_99,structural_overapprox_mode_simplified
ARK_99,ARK,99,2,differential,128,"[0, 1, 2, 3, 4, 5, 6, 7, 8, 9, 10, 11, 12, 13, 14, 15, 16, 17, 18, 19, 20, 21, 22, 23, 24, 25, 26, 27, 28, 29, 30, 31, 32, 33, 34, 35, 36, 37, 38, 39, 40, 41, 42, 43, 44, 45, 46, 47, 48, 49, 50, 51, 52, 53, 54, 55, 56, 57, 58, 59, 60, 61, 62, 63, 64, 65, 66, 67, 68, 69, 70, 71, 72, 73, 74, 75, 76, 77, 78, 79, 80, 81, 82, 83, 84, 85, 86, 87, 88, 89, 90, 91, 92, 93, 94, 95, 96, 97, 98, 99, 100, 101, 102, 103, 104, 105, 106, 107, 108, 109, 110, 111, 112, 113, 114, 115, 116, 117, 118, 119, 120, 121, 122, 123, 124, 125, 126, 127]","[0, 1, 2, 3, 4, 5, 6, 7, 8, 9, 10, 11, 12, 13, 14, 15]",128,"[0, 1, 2, 3, 4, 5, 6, 7, 8, 9, 10, 11, 12, 13, 14, 15, 16, 17, 18, 19, 20, 21, 22, 23, 24, 25, 26, 27, 28, 29, 30, 31, 32, 33, 34, 35, 36, 37, 38, 39, 40, 41, 42, 43, 44, 45, 46, 47, 48, 49, 50, 51, 52, 53, 54, 55, 56, 57, 58, 59, 60, 61, 62, 63, 64, 65, 66, 67, 68, 69, 70, 71, 72, 73, 74, 75, 76, 77, 78, 79, 80, 81, 82, 83, 84, 85, 86, 87, 88, 89, 90, 91, 92, 93, 94, 95, 96, 97, 98, 99, 100, 101, 102, 103, 104, 105, 106, 107, 108, 109, 110, 111, 112, 113, 114, 115, 116, 117, 118, 119, 120, 121, 122, 123, 124, 125, 126, 127]","[0, 1, 2, 3, 4, 5, 6, 7, 8, 9, 10, 11, 12, 13, 14, 15]",DIFF_MC_ARK_99,structural_overapprox_mode_simplified
MC_0,MC,0,1,differential,32,"[0, 1, 2, 3, 4, 5, 6, 7, 40, 41, 42, 43, 44, 45, 46, 47, 80, 81, 82, 83, 84, 85, 86, 87, 120, 121, 122, 123, 124, 125, 126, 127]","[0, 5, 10, 15]",32,"[0, 1, 2, 3, 4, 5, 6, 7, 40, 41, 42, 43, 44, 45, 46, 47, 80, 81, 82, 83, 84, 85, 86, 87, 120, 121, 122, 123, 124, 125, 126, 127]","[0, 5, 10, 15]",DIFF_MC_ARK_0,structural_overapprox_mode_simplified
MC_0,MC,0,2,differential,128,"[0, 1, 2, 3, 4, 5, 6, 7, 8, 9, 10, 11, 12, 13, 14, 15, 16, 17, 18, 19, 20, 21, 22, 23, 24, 25, 26, 27, 28, 29, 30, 31, 32, 33, 34, 35, 36, 37, 38, 39, 40, 41, 42, 43, 44, 45, 46, 47, 48, 49, 50, 51, 52, 53, 54, 55, 56, 57, 58, 59, 60, 61, 62, 63, 64, 65, 66, 67, 68, 69, 70, 71, 72, 73, 74, 75, 76, 77, 78, 79, 80, 81, 82, 83, 84, 85, 86, 87, 88, 89, 90, 91, 92, 93, 94, 95, 96, 97, 98, 99, 100, 101, 102, 103, 104, 105, 106, 107, 108, 109, 110, 111, 112, 113, 114, 115, 116, 117, 118, 119, 120, 121, 122, 123, 124, 125, 126, 127]","[0, 1, 2, 3, 4, 5, 6, 7, 8, 9, 10, 11, 12, 13, 14, 15]",128,"[0, 1, 2, 3, 4, 5, 6, 7, 8, 9, 10, 11, 12, 13, 14, 15, 16, 17, 18, 19, 20, 21, 22, 23, 24, 25, 26, 27, 28, 29, 30, 31, 32, 33, 34, 35, 36, 37, 38, 39, 40, 41, 42, 43, 44, 45, 46, 47, 48, 49, 50, 51, 52, 53, 54, 55, 56, 57, 58, 59, 60, 61, 62, 63, 64, 65, 66, 67, 68, 69, 70, 71, 72, 73, 74, 75, 76, 77, 78, 79, 80, 81, 82, 83, 84, 85, 86, 87, 88, 89, 90, 91, 92, 93, 94, 95, 96, 97, 98, 99, 100, 101, 102, 103, 104, 105, 106, 107, 108, 109, 110, 111, 112, 113, 114, 115, 116, 117, 118, 119, 120, 121, 122, 123, 124, 125, 126, 127]","[0, 1, 2, 3, 4, 5, 6, 7, 8, 9, 10, 11, 12, 13, 14, 15]",DIFF_MC_ARK_0,structural_overapprox_mode_simplified
MC_1,MC,1,1,differential,32,"[0, 1, 2, 3, 4, 5, 6, 7, 40, 41, 42, 43, 44, 45, 46, 47, 80, 81, 82, 83, 84, 85, 86, 87, 120, 121, 122, 123, 124, 125, 126, 127]","[0, 5, 10, 15]",32,"[0, 1, 2, 3, 4, 5, 6, 7, 40, 41, 42, 43, 44, 45, 46, 47, 80, 81, 82, 83, 84, 85, 86, 87, 120, 121, 122, 123, 124, 125, 126, 127]","[0, 5, 10, 15]",DIFF_MC_ARK_1,structural_overapprox_mode_simplified
MC_1,MC,1,2,differential,128,"[0, 1, 2, 3, 4, 5, 6, 7, 8, 9, 10, 11, 12, 13, 14, 15, 16, 17, 18, 19, 20, 21, 22, 23, 24, 25, 26, 27, 28, 29, 30, 31, 32, 33, 34, 35, 36, 37, 38, 39, 40, 41, 42, 43, 44, 45, 46, 47, 48, 49, 50, 51, 52, 53, 54, 55, 56, 57, 58, 59, 60, 61, 62, 63, 64, 65, 66, 67, 68, 69, 70, 71, 72, 73, 74, 75, 76, 77, 78, 79, 80, 81, 82, 83, 84, 85, 86, 87, 88, 89, 90, 91, 92, 93, 94, 95, 96, 97, 98, 99, 100, 101, 102, 103, 104, 105, 106, 107, 108, 109, 110, 111, 112, 113, 114, 115, 116, 117, 118, 119, 120, 121, 122, 123, 124, 125, 126, 127]","[0, 1, 2, 3, 4, 5, 6, 7, 8, 9, 10, 11, 12, 13, 14, 15]",128,"[0, 1, 2, 3, 4, 5, 6, 7, 8, 9, 10, 11, 12, 13, 14, 15, 16, 17, 18, 19, 20, 21, 22, 23, 24, 25, 26, 27, 28, 29, 30, 31, 32, 33, 34, 35, 36, 37, 38, 39, 40, 41, 42, 43, 44, 45, 46, 47, 48, 49, 50, 51, 52, 53, 54, 55, 56, 57, 58, 59, 60, 61, 62, 63, 64, 65, 66, 67, 68, 69, 70, 71, 72, 73, 74, 75, 76, 77, 78, 79, 80, 81, 82, 83, 84, 85, 86, 87, 88, 89, 90, 91, 92, 93, 94, 95, 96, 97, 98, 99, 100, 101, 102, 103, 104, 105, 106, 107, 108, 109, 110, 111, 112, 113, 114, 115, 116, 117, 118, 119, 120, 121, 122, 123, 124, 125, 126, 127]","[0, 1, 2, 3, 4, 5, 6, 7, 8, 9, 10, 11, 12, 13, 14, 15]",DIFF_MC_ARK_1,structural_overapprox_mode_simplified
MC_101,MC,101,1,differential,32,"[8, 9, 10, 11, 12, 13, 14, 15, 48, 49, 50, 51, 52, 53, 54, 55, 88, 89, 90, 91, 92, 93, 94, 95, 96, 97, 98, 99, 100, 101, 102, 103]","[1, 6, 11, 12]",32,"[8, 9, 10, 11, 12, 13, 14, 15, 48, 49, 50, 51, 52, 53, 54, 55, 88, 89, 90, 91, 92, 93, 94, 95, 96, 97, 98, 99, 100, 101, 102, 103]","[1, 6, 11, 12]",DIFF_MC_ARK_101,structural_overapprox_mode_simplified
MC_101,MC,101,2,differential,128,"[0, 1, 2, 3, 4, 5, 6, 7, 8, 9, 10, 11, 12, 13, 14, 15, 16, 17, 18, 19, 20, 21, 22, 23, 24, 25, 26, 27, 28, 29, 30, 31, 32, 33, 34, 35, 36, 37, 38, 39, 40, 41, 42, 43, 44, 45, 46, 47, 48, 49, 50, 51, 52, 53, 54, 55, 56, 57, 58, 59, 60, 61, 62, 63, 64, 65, 66, 67, 68, 69, 70, 71, 72, 73, 74, 75, 76, 77, 78, 79, 80, 81, 82, 83, 84, 85, 86, 87, 88, 89, 90, 91, 92, 93, 94, 95, 96, 97, 98, 99, 100, 101, 102, 103, 104, 105, 106, 107, 108, 109, 110, 111, 112, 113, 114, 115, 116, 117, 118, 119, 120, 121, 122, 123, 124, 125, 126, 127]","[0, 1, 2, 3, 4, 5, 6, 7, 8, 9, 10, 11, 12, 13, 14, 15]",128,"[0, 1, 2, 3, 4, 5, 6, 7, 8, 9, 10, 11, 12, 13, 14, 15, 16, 17, 18, 19, 20, 21, 22, 23, 24, 25, 26, 27, 28, 29, 30, 31, 32, 33, 34, 35, 36, 37, 38, 39, 40, 41, 42, 43, 44, 45, 46, 47, 48, 49, 50, 51, 52, 53, 54, 55, 56, 57, 58, 59, 60, 61, 62, 63, 64, 65, 66, 67, 68, 69, 70, 71, 72, 73, 74, 75, 76, 77, 78, 79, 80, 81, 82, 83, 84, 85, 86, 87, 88, 89, 90, 91, 92, 93, 94, 95, 96, 97, 98, 99, 100, 101, 102, 103, 104, 105, 106, 107, 108, 109, 110, 111, 112, 113, 114, 115, 116, 117, 118, 119, 120, 121, 122, 123, 124, 125, 126, 127]","[0, 1, 2, 3, 4, 5, 6, 7, 8, 9, 10, 11, 12, 13, 14, 15]",DIFF_MC_ARK_101,structural_overapprox_mode_simplified
MC_102,MC,102,1,differential,32,"[8, 9, 10, 11, 12, 13, 14, 15, 48, 49, 50, 51, 52, 53, 54, 55, 88, 89, 90, 91, 92, 93, 94, 95, 96, 97, 98, 99, 100, 101, 102, 103]","[1, 6, 11, 12]",32,"[8, 9, 10, 11, 12, 13, 14, 15, 48, 49, 50, 51, 52, 53, 54, 55, 88, 89, 90, 91, 92, 93, 94, 95, 96, 97, 98, 99, 100, 101, 102, 103]","[1, 6, 11, 12]",DIFF_MC_ARK_102,structural_overapprox_mode_simplified
MC_102,MC,102,2,differential,128,"[0, 1, 2, 3, 4, 5, 6, 7, 8, 9, 10, 11, 12, 13, 14, 15, 16, 17, 18, 19, 20, 21, 22, 23, 24, 25, 26, 27, 28, 29, 30, 31, 32, 33, 34, 35, 36, 37, 38, 39, 40, 41, 42, 43, 44, 45, 46, 47, 48, 49, 50, 51, 52, 53, 54, 55, 56, 57, 58, 59, 60, 61, 62, 63, 64, 65, 66, 67, 68, 69, 70, 71, 72, 73, 74, 75, 76, 77, 78, 79, 80, 81, 82, 83, 84, 85, 86, 87, 88, 89, 90, 91, 92, 93, 94, 95, 96, 97, 98, 99, 100, 101, 102, 103, 104, 105, 106, 107, 108, 109, 110, 111, 112, 113, 114, 115, 116, 117, 118, 119, 120, 121, 122, 123, 124, 125, 126, 127]","[0, 1, 2, 3, 4, 5, 6, 7, 8, 9, 10, 11, 12, 13, 14, 15]",128,"[0, 1, 2, 3, 4, 5, 6, 7, 8, 9, 10, 11, 12, 13, 14, 15, 16, 17, 18, 19, 20, 21, 22, 23, 24, 25, 26, 27, 28, 29, 30, 31, 32, 33, 34, 35, 36, 37, 38, 39, 40, 41, 42, 43, 44, 45, 46, 47, 48, 49, 50, 51, 52, 53, 54, 55, 56, 57, 58, 59, 60, 61, 62, 63, 64, 65, 66, 67, 68, 69, 70, 71, 72, 73, 74, 75, 76, 77, 78, 79, 80, 81, 82, 83, 84, 85, 86, 87, 88, 89, 90, 91, 92, 93, 94, 95, 96, 97, 98, 99, 100, 101, 102, 103, 104, 105, 106, 107, 108, 109, 110, 111, 112, 113, 114, 115, 116, 117, 118, 119, 120, 121, 122, 123, 124, 125, 126, 127]","[0, 1, 2, 3, 4, 5, 6, 7, 8, 9, 10, 11, 12, 13, 14, 15]",DIFF_MC_ARK_102,structural_overapprox_mode_simplified
MC_103,MC,103,1,differential,32,"[8, 9, 10, 11, 12, 13, 14, 15, 48, 49, 50, 51, 52, 53, 54, 55, 88, 89, 90, 91, 92, 93, 94, 95, 96, 97, 98, 99, 100, 101, 102, 103]","[1, 6, 11, 12]",32,"[8, 9, 10, 11, 12, 13, 14, 15, 48, 49, 50, 51, 52, 53, 54, 55, 88, 89, 90, 91, 92, 93, 94, 95, 96, 97, 98, 99, 100, 101, 102, 103]","[1, 6, 11, 12]",DIFF_MC_ARK_103,structural_overapprox_mode_simplified
MC_103,MC,103,2,differential,128,"[0, 1, 2, 3, 4, 5, 6, 7, 8, 9, 10, 11, 12, 13, 14, 15, 16, 17, 18, 19, 20, 21, 22, 23, 24, 25, 26, 27, 28, 29, 30, 31, 32, 33, 34, 35, 36, 37, 38, 39, 40, 41, 42, 43, 44, 45, 46, 47, 48, 49, 50, 51, 52, 53, 54, 55, 56, 57, 58, 59, 60, 61, 62, 63, 64, 65, 66, 67, 68, 69, 70, 71, 72, 73, 74, 75, 76, 77, 78, 79, 80, 81, 82, 83, 84, 85, 86, 87, 88, 89, 90, 91, 92, 93, 94, 95, 96, 97, 98, 99, 100, 101, 102, 103, 104, 105, 106, 107, 108, 109, 110, 111, 112, 113, 114, 115, 116, 117, 118, 119, 120, 121, 122, 123, 124, 125, 126, 127]","[0, 1, 2, 3, 4, 5, 6, 7, 8, 9, 10, 11, 12, 13, 14, 15]",128,"[0, 1, 2, 3, 4, 5, 6, 7, 8, 9, 10, 11, 12, 13, 14, 15, 16, 17, 18, 19, 20, 21, 22, 23, 24, 25, 26, 27, 28, 29, 30, 31, 32, 33, 34, 35, 36, 37, 38, 39, 40, 41, 42, 43, 44, 45, 46, 47, 48, 49, 50, 51, 52, 53, 54, 55, 56, 57, 58, 59, 60, 61, 62, 63, 64, 65, 66, 67, 68, 69, 70, 71, 72, 73, 74, 75, 76, 77, 78, 79, 80, 81, 82, 83, 84, 85, 86, 87, 88, 89, 90, 91, 92, 93, 94, 95, 96, 97, 98, 99, 100, 101, 102, 103, 104, 105, 106, 107, 108, 109, 110, 111, 112, 113, 114, 115, 116, 117, 118, 119, 120, 121, 122, 123, 124, 125, 126, 127]","[0, 1, 2, 3, 4, 5, 6, 7, 8, 9, 10, 11, 12, 13, 14, 15]",DIFF_MC_ARK_103,structural_overapprox_mode_simplified
MC_105,MC,105,1,differential,32,"[8, 9, 10, 11, 12, 13, 14, 15, 48, 49, 50, 51, 52, 53, 54, 55, 88, 89, 90, 91, 92, 93, 94, 95, 96, 97, 98, 99, 100, 101, 102, 103]","[1, 6, 11, 12]",32,"[8, 9, 10, 11, 12, 13, 14, 15, 48, 49, 50, 51, 52, 53, 54, 55, 88, 89, 90, 91, 92, 93, 94, 95, 96, 97, 98, 99, 100, 101, 102, 103]","[1, 6, 11, 12]",DIFF_MC_ARK_105,structural_overapprox_mode_simplified
MC_105,MC,105,2,differential,128,"[0, 1, 2, 3, 4, 5, 6, 7, 8, 9, 10, 11, 12, 13, 14, 15, 16, 17, 18, 19, 20, 21, 22, 23, 24, 25, 26, 27, 28, 29, 30, 31, 32, 33, 34, 35, 36, 37, 38, 39, 40, 41, 42, 43, 44, 45, 46, 47, 48, 49, 50, 51, 52, 53, 54, 55, 56, 57, 58, 59, 60, 61, 62, 63, 64, 65, 66, 67, 68, 69, 70, 71, 72, 73, 74, 75, 76, 77, 78, 79, 80, 81, 82, 83, 84, 85, 86, 87, 88, 89, 90, 91, 92, 93, 94, 95, 96, 97, 98, 99, 100, 101, 102, 103, 104, 105, 106, 107, 108, 109, 110, 111, 112, 113, 114, 115, 116, 117, 118, 119, 120, 121, 122, 123, 124, 125, 126, 127]","[0, 1, 2, 3, 4, 5, 6, 7, 8, 9, 10, 11, 12, 13, 14, 15]",128,"[0, 1, 2, 3, 4, 5, 6, 7, 8, 9, 10, 11, 12, 13, 14, 15, 16, 17, 18, 19, 20, 21, 22, 23, 24, 25, 26, 27, 28, 29, 30, 31, 32, 33, 34, 35, 36, 37, 38, 39, 40, 41, 42, 43, 44, 45, 46, 47, 48, 49, 50, 51, 52, 53, 54, 55, 56, 57, 58, 59, 60, 61, 62, 63, 64, 65, 66, 67, 68, 69, 70, 71, 72, 73, 74, 75, 76, 77, 78, 79, 80, 81, 82, 83, 84, 85, 86, 87, 88, 89, 90, 91, 92, 93, 94, 95, 96, 97, 98, 99, 100, 101, 102, 103, 104, 105, 106, 107, 108, 109, 110, 111, 112, 113, 114, 115, 116, 117, 118, 119, 120, 121, 122, 123, 124, 125, 126, 127]","[0, 1, 2, 3, 4, 5, 6, 7, 8, 9, 10, 11, 12, 13, 14, 15]",DIFF_MC_ARK_105,structural_overapprox_mode_simplified
MC_11,MC,11,1,differential,32,"[0, 1, 2, 3, 4, 5, 6, 7, 40, 41, 42, 43, 44, 45, 46, 47, 80, 81, 82, 83, 84, 85, 86, 87, 120, 121, 122, 123, 124, 125, 126, 127]","[0, 5, 10, 15]",32,"[0, 1, 2, 3, 4, 5, 6, 7, 40, 41, 42, 43, 44, 45, 46, 47, 80, 81, 82, 83, 84, 85, 86, 87, 120, 121, 122, 123, 124, 125, 126, 127]","[0, 5, 10, 15]",DIFF_MC_ARK_11,structural_overapprox_mode_simplified
MC_11,MC,11,2,differential,128,"[0, 1, 2, 3, 4, 5, 6, 7, 8, 9, 10, 11, 12, 13, 14, 15, 16, 17, 18, 19, 20, 21, 22, 23, 24, 25, 26, 27, 28, 29, 30, 31, 32, 33, 34, 35, 36, 37, 38, 39, 40, 41, 42, 43, 44, 45, 46, 47, 48, 49, 50, 51, 52, 53, 54, 55, 56, 57, 58, 59, 60, 61, 62, 63, 64, 65, 66, 67, 68, 69, 70, 71, 72, 73, 74, 75, 76, 77, 78, 79, 80, 81, 82, 83, 84, 85, 86, 87, 88, 89, 90, 91, 92, 93, 94, 95, 96, 97, 98, 99, 100, 101, 102, 103, 104, 105, 106, 107, 108, 109, 110, 111, 112, 113, 114, 115, 116, 117, 118, 119, 120, 121, 122, 123, 124, 125, 126, 127]","[0, 1, 2, 3, 4, 5, 6, 7, 8, 9, 10, 11, 12, 13, 14, 15]",128,"[0, 1, 2, 3, 4, 5, 6, 7, 8, 9, 10, 11, 12, 13, 14, 15, 16, 17, 18, 19, 20, 21, 22, 23, 24, 25, 26, 27, 28, 29, 30, 31, 32, 33, 34, 35, 36, 37, 38, 39, 40, 41, 42, 43, 44, 45, 46, 47, 48, 49, 50, 51, 52, 53, 54, 55, 56, 57, 58, 59, 60, 61, 62, 63, 64, 65, 66, 67, 68, 69, 70, 71, 72, 73, 74, 75, 76, 77, 78, 79, 80, 81, 82, 83, 84, 85, 86, 87, 88, 89, 90, 91, 92, 93, 94, 95, 96, 97, 98, 99, 100, 101, 102, 103, 104, 105, 106, 107, 108, 109, 110, 111, 112, 113, 114, 115, 116, 117, 118, 119, 120, 121, 122, 123, 124, 125, 126, 127]","[0, 1, 2, 3, 4, 5, 6, 7, 8, 9, 10, 11, 12, 13, 14, 15]",DIFF_MC_ARK_11,structural_overapprox_mode_simplified
MC_112,MC,112,1,differential,32,"[8, 9, 10, 11, 12, 13, 14, 15, 48, 49, 50, 51, 52, 53, 54, 55, 88, 89, 90, 91, 92, 93, 94, 95, 96, 97, 98, 99, 100, 101, 102, 103]","[1, 6, 11, 12]",32,"[8, 9, 10, 11, 12, 13, 14, 15, 48, 49, 50, 51, 52, 53, 54, 55, 88, 89, 90, 91, 92, 93, 94, 95, 96, 97, 98, 99, 100, 101, 102, 103]","[1, 6, 11, 12]",DIFF_MC_ARK_112,structural_overapprox_mode_simplified
MC_112,MC,112,2,differential,128,"[0, 1, 2, 3, 4, 5, 6, 7, 8, 9, 10, 11, 12, 13, 14, 15, 16, 17, 18, 19, 20, 21, 22, 23, 24, 25, 26, 27, 28, 29, 30, 31, 32, 33, 34, 35, 36, 37, 38, 39, 40, 41, 42, 43, 44, 45, 46, 47, 48, 49, 50, 51, 52, 53, 54, 55, 56, 57, 58, 59, 60, 61, 62, 63, 64, 65, 66, 67, 68, 69, 70, 71, 72, 73, 74, 75, 76, 77, 78, 79, 80, 81, 82, 83, 84, 85, 86, 87, 88, 89, 90, 91, 92, 93, 94, 95, 96, 97, 98, 99, 100, 101, 102, 103, 104, 105, 106, 107, 108, 109, 110, 111, 112, 113, 114, 115, 116, 117, 118, 119, 120, 121, 122, 123, 124, 125, 126, 127]","[0, 1, 2, 3, 4, 5, 6, 7, 8, 9, 10, 11, 12, 13, 14, 15]",128,"[0, 1, 2, 3, 4, 5, 6, 7, 8, 9, 10, 11, 12, 13, 14, 15, 16, 17, 18, 19, 20, 21, 22, 23, 24, 25, 26, 27, 28, 29, 30, 31, 32, 33, 34, 35, 36, 37, 38, 39, 40, 41, 42, 43, 44, 45, 46, 47, 48, 49, 50, 51, 52, 53, 54, 55, 56, 57, 58, 59, 60, 61, 62, 63, 64, 65, 66, 67, 68, 69, 70, 71, 72, 73, 74, 75, 76, 77, 78, 79, 80, 81, 82, 83, 84, 85, 86, 87, 88, 89, 90, 91, 92, 93, 94, 95, 96, 97, 98, 99, 100, 101, 102, 103, 104, 105, 106, 107, 108, 109, 110, 111, 112, 113, 114, 115, 116, 117, 118, 119, 120, 121, 122, 123, 124, 125, 126, 127]","[0, 1, 2, 3, 4, 5, 6, 7, 8, 9, 10, 11, 12, 13, 14, 15]",DIFF_MC_ARK_112,structural_overapprox_mode_simplified
MC_114,MC,114,1,differential,32,"[8, 9, 10, 11, 12, 13, 14, 15, 48, 49, 50, 51, 52, 53, 54, 55, 88, 89, 90, 91, 92, 93, 94, 95, 96, 97, 98, 99, 100, 101, 102, 103]","[1, 6, 11, 12]",32,"[8, 9, 10, 11, 12, 13, 14, 15, 48, 49, 50, 51, 52, 53, 54, 55, 88, 89, 90, 91, 92, 93, 94, 95, 96, 97, 98, 99, 100, 101, 102, 103]","[1, 6, 11, 12]",DIFF_MC_ARK_114,structural_overapprox_mode_simplified
MC_114,MC,114,2,differential,128,"[0, 1, 2, 3, 4, 5, 6, 7, 8, 9, 10, 11, 12, 13, 14, 15, 16, 17, 18, 19, 20, 21, 22, 23, 24, 25, 26, 27, 28, 29, 30, 31, 32, 33, 34, 35, 36, 37, 38, 39, 40, 41, 42, 43, 44, 45, 46, 47, 48, 49, 50, 51, 52, 53, 54, 55, 56, 57, 58, 59, 60, 61, 62, 63, 64, 65, 66, 67, 68, 69, 70, 71, 72, 73, 74, 75, 76, 77, 78, 79, 80, 81, 82, 83, 84, 85, 86, 87, 88, 89, 90, 91, 92, 93, 94, 95, 96, 97, 98, 99, 100, 101, 102, 103, 104, 105, 106, 107, 108, 109, 110, 111, 112, 113, 114, 115, 116, 117, 118, 119, 120, 121, 122, 123, 124, 125, 126, 127]","[0, 1, 2, 3, 4, 5, 6, 7, 8, 9, 10, 11, 12, 13, 14, 15]",128,"[0, 1, 2, 3, 4, 5, 6, 7, 8, 9, 10, 11, 12, 13, 14, 15, 16, 17, 18, 19, 20, 21, 22, 23, 24, 25, 26, 27, 28, 29, 30, 31, 32, 33, 34, 35, 36, 37, 38, 39, 40, 41, 42, 43, 44, 45, 46, 47, 48, 49, 50, 51, 52, 53, 54, 55, 56, 57, 58, 59, 60, 61, 62, 63, 64, 65, 66, 67, 68, 69, 70, 71, 72, 73, 74, 75, 76, 77, 78, 79, 80, 81, 82, 83, 84, 85, 86, 87, 88, 89, 90, 91, 92, 93, 94, 95, 96, 97, 98, 99, 100, 101, 102, 103, 104, 105, 106, 107, 108, 109, 110, 111, 112, 113, 114, 115, 116, 117, 118, 119, 120, 121, 122, 123, 124, 125, 126, 127]","[0, 1, 2, 3, 4, 5, 6, 7, 8, 9, 10, 11, 12, 13, 14, 15]",DIFF_MC_ARK_114,structural_overapprox_mode_simplified
MC_117,MC,117,1,differential,32,"[8, 9, 10, 11, 12, 13, 14, 15, 48, 49, 50, 51, 52, 53, 54, 55, 88, 89, 90, 91, 92, 93, 94, 95, 96, 97, 98, 99, 100, 101, 102, 103]","[1, 6, 11, 12]",32,"[8, 9, 10, 11, 12, 13, 14, 15, 48, 49, 50, 51, 52, 53, 54, 55, 88, 89, 90, 91, 92, 93, 94, 95, 96, 97, 98, 99, 100, 101, 102, 103]","[1, 6, 11, 12]",DIFF_MC_ARK_117,structural_overapprox_mode_simplified
MC_117,MC,117,2,differential,128,"[0, 1, 2, 3, 4, 5, 6, 7, 8, 9, 10, 11, 12, 13, 14, 15, 16, 17, 18, 19, 20, 21, 22, 23, 24, 25, 26, 27, 28, 29, 30, 31, 32, 33, 34, 35, 36, 37, 38, 39, 40, 41, 42, 43, 44, 45, 46, 47, 48, 49, 50, 51, 52, 53, 54, 55, 56, 57, 58, 59, 60, 61, 62, 63, 64, 65, 66, 67, 68, 69, 70, 71, 72, 73, 74, 75, 76, 77, 78, 79, 80, 81, 82, 83, 84, 85, 86, 87, 88, 89, 90, 91, 92, 93, 94, 95, 96, 97, 98, 99, 100, 101, 102, 103, 104, 105, 106, 107, 108, 109, 110, 111, 112, 113, 114, 115, 116, 117, 118, 119, 120, 121, 122, 123, 124, 125, 126, 127]","[0, 1, 2, 3, 4, 5, 6, 7, 8, 9, 10, 11, 12, 13, 14, 15]",128,"[0, 1, 2, 3, 4, 5, 6, 7, 8, 9, 10, 11, 12, 13, 14, 15, 16, 17, 18, 19, 20, 21, 22, 23, 24, 25, 26, 27, 28, 29, 30, 31, 32, 33, 34, 35, 36, 37, 38, 39, 40, 41, 42, 43, 44, 45, 46, 47, 48, 49, 50, 51, 52, 53, 54, 55, 56, 57, 58, 59, 60, 61, 62, 63, 64, 65, 66, 67, 68, 69, 70, 71, 72, 73, 74, 75, 76, 77, 78, 79, 80, 81, 82, 83, 84, 85, 86, 87, 88, 89, 90, 91, 92, 93, 94, 95, 96, 97, 98, 99, 100, 101, 102, 103, 104, 105, 106, 107, 108, 109, 110, 111, 112, 113, 114, 115, 116, 117, 118, 119, 120, 121, 122, 123, 124, 125, 126, 127]","[0, 1, 2, 3, 4, 5, 6, 7, 8, 9, 10, 11, 12, 13, 14, 15]",DIFF_MC_ARK_117,structural_overapprox_mode_simplified
MC_122,MC,122,1,differential,32,"[8, 9, 10, 11, 12, 13, 14, 15, 48, 49, 50, 51, 52, 53, 54, 55, 88, 89, 90, 91, 92, 93, 94, 95, 96, 97, 98, 99, 100, 101, 102, 103]","[1, 6, 11, 12]",32,"[8, 9, 10, 11, 12, 13, 14, 15, 48, 49, 50, 51, 52, 53, 54, 55, 88, 89, 90, 91, 92, 93, 94, 95, 96, 97, 98, 99, 100, 101, 102, 103]","[1, 6, 11, 12]",DIFF_MC_ARK_122,structural_overapprox_mode_simplified
MC_122,MC,122,2,differential,128,"[0, 1, 2, 3, 4, 5, 6, 7, 8, 9, 10, 11, 12, 13, 14, 15, 16, 17, 18, 19, 20, 21, 22, 23, 24, 25, 26, 27, 28, 29, 30, 31, 32, 33, 34, 35, 36, 37, 38, 39, 40, 41, 42, 43, 44, 45, 46, 47, 48, 49, 50, 51, 52, 53, 54, 55, 56, 57, 58, 59, 60, 61, 62, 63, 64, 65, 66, 67, 68, 69, 70, 71, 72, 73, 74, 75, 76, 77, 78, 79, 80, 81, 82, 83, 84, 85, 86, 87, 88, 89, 90, 91, 92, 93, 94, 95, 96, 97, 98, 99, 100, 101, 102, 103, 104, 105, 106, 107, 108, 109, 110, 111, 112, 113, 114, 115, 116, 117, 118, 119, 120, 121, 122, 123, 124, 125, 126, 127]","[0, 1, 2, 3, 4, 5, 6, 7, 8, 9, 10, 11, 12, 13, 14, 15]",128,"[0, 1, 2, 3, 4, 5, 6, 7, 8, 9, 10, 11, 12, 13, 14, 15, 16, 17, 18, 19, 20, 21, 22, 23, 24, 25, 26, 27, 28, 29, 30, 31, 32, 33, 34, 35, 36, 37, 38, 39, 40, 41, 42, 43, 44, 45, 46, 47, 48, 49, 50, 51, 52, 53, 54, 55, 56, 57, 58, 59, 60, 61, 62, 63, 64, 65, 66, 67, 68, 69, 70, 71, 72, 73, 74, 75, 76, 77, 78, 79, 80, 81, 82, 83, 84, 85, 86, 87, 88, 89, 90, 91, 92, 93, 94, 95, 96, 97, 98, 99, 100, 101, 102, 103, 104, 105, 106, 107, 108, 109, 110, 111, 112, 113, 114, 115, 116, 117, 118, 119, 120, 121, 122, 123, 124, 125, 126, 127]","[0, 1, 2, 3, 4, 5, 6, 7, 8, 9, 10, 11, 12, 13, 14, 15]",DIFF_MC_ARK_122,structural_overapprox_mode_simplified
MC_123,MC,123,1,differential,32,"[8, 9, 10, 11, 12, 13, 14, 15, 48, 49, 50, 51, 52, 53, 54, 55, 88, 89, 90, 91, 92, 93, 94, 95, 96, 97, 98, 99, 100, 101, 102, 103]","[1, 6, 11, 12]",32,"[8, 9, 10, 11, 12, 13, 14, 15, 48, 49, 50, 51, 52, 53, 54, 55, 88, 89, 90, 91, 92, 93, 94, 95, 96, 97, 98, 99, 100, 101, 102, 103]","[1, 6, 11, 12]",DIFF_MC_ARK_123,structural_overapprox_mode_simplified
MC_123,MC,123,2,differential,128,"[0, 1, 2, 3, 4, 5, 6, 7, 8, 9, 10, 11, 12, 13, 14, 15, 16, 17, 18, 19, 20, 21, 22, 23, 24, 25, 26, 27, 28, 29, 30, 31, 32, 33, 34, 35, 36, 37, 38, 39, 40, 41, 42, 43, 44, 45, 46, 47, 48, 49, 50, 51, 52, 53, 54, 55, 56, 57, 58, 59, 60, 61, 62, 63, 64, 65, 66, 67, 68, 69, 70, 71, 72, 73, 74, 75, 76, 77, 78, 79, 80, 81, 82, 83, 84, 85, 86, 87, 88, 89, 90, 91, 92, 93, 94, 95, 96, 97, 98, 99, 100, 101, 102, 103, 104, 105, 106, 107, 108, 109, 110, 111, 112, 113, 114, 115, 116, 117, 118, 119, 120, 121, 122, 123, 124, 125, 126, 127]","[0, 1, 2, 3, 4, 5, 6, 7, 8, 9, 10, 11, 12, 13, 14, 15]",128,"[0, 1, 2, 3, 4, 5, 6, 7, 8, 9, 10, 11, 12, 13, 14, 15, 16, 17, 18, 19, 20, 21, 22, 23, 24, 25, 26, 27, 28, 29, 30, 31, 32, 33, 34, 35, 36, 37, 38, 39, 40, 41, 42, 43, 44, 45, 46, 47, 48, 49, 50, 51, 52, 53, 54, 55, 56, 57, 58, 59, 60, 61, 62, 63, 64, 65, 66, 67, 68, 69, 70, 71, 72, 73, 74, 75, 76, 77, 78, 79, 80, 81, 82, 83, 84, 85, 86, 87, 88, 89, 90, 91, 92, 93, 94, 95, 96, 97, 98, 99, 100, 101, 102, 103, 104, 105, 106, 107, 108, 109, 110, 111, 112, 113, 114, 115, 116, 117, 118, 119, 120, 121, 122, 123, 124, 125, 126, 127]","[0, 1, 2, 3, 4, 5, 6, 7, 8, 9, 10, 11, 12, 13, 14, 15]",DIFF_MC_ARK_123,structural_overapprox_mode_simplified
MC_127,MC,127,1,differential,32,"[8, 9, 10, 11, 12, 13, 14, 15, 48, 49, 50, 51, 52, 53, 54, 55, 88, 89, 90, 91, 92, 93, 94, 95, 96, 97, 98, 99, 100, 101, 102, 103]","[1, 6, 11, 12]",32,"[8, 9, 10, 11, 12, 13, 14, 15, 48, 49, 50, 51, 52, 53, 54, 55, 88, 89, 90, 91, 92, 93, 94, 95, 96, 97, 98, 99, 100, 101, 102, 103]","[1, 6, 11, 12]",DIFF_MC_ARK_127,structural_overapprox_mode_simplified
MC_127,MC,127,2,differential,128,"[0, 1, 2, 3, 4, 5, 6, 7, 8, 9, 10, 11, 12, 13, 14, 15, 16, 17, 18, 19, 20, 21, 22, 23, 24, 25, 26, 27, 28, 29, 30, 31, 32, 33, 34, 35, 36, 37, 38, 39, 40, 41, 42, 43, 44, 45, 46, 47, 48, 49, 50, 51, 52, 53, 54, 55, 56, 57, 58, 59, 60, 61, 62, 63, 64, 65, 66, 67, 68, 69, 70, 71, 72, 73, 74, 75, 76, 77, 78, 79, 80, 81, 82, 83, 84, 85, 86, 87, 88, 89, 90, 91, 92, 93, 94, 95, 96, 97, 98, 99, 100, 101, 102, 103, 104, 105, 106, 107, 108, 109, 110, 111, 112, 113, 114, 115, 116, 117, 118, 119, 120, 121, 122, 123, 124, 125, 126, 127]","[0, 1, 2, 3, 4, 5, 6, 7, 8, 9, 10, 11, 12, 13, 14, 15]",128,"[0, 1, 2, 3, 4, 5, 6, 7, 8, 9, 10, 11, 12, 13, 14, 15, 16, 17, 18, 19, 20, 21, 22, 23, 24, 25, 26, 27, 28, 29, 30, 31, 32, 33, 34, 35, 36, 37, 38, 39, 40, 41, 42, 43, 44, 45, 46, 47, 48, 49, 50, 51, 52, 53, 54, 55, 56, 57, 58, 59, 60, 61, 62, 63, 64, 65, 66, 67, 68, 69, 70, 71, 72, 73, 74, 75, 76, 77, 78, 79, 80, 81, 82, 83, 84, 85, 86, 87, 88, 89, 90, 91, 92, 93, 94, 95, 96, 97, 98, 99, 100, 101, 102, 103, 104, 105, 106, 107, 108, 109, 110, 111, 112, 113, 114, 115, 116, 117, 118, 119, 120, 121, 122, 123, 124, 125, 126, 127]","[0, 1, 2, 3, 4, 5, 6, 7, 8, 9, 10, 11, 12, 13, 14, 15]",DIFF_MC_ARK_127,structural_overapprox_mode_simplified
MC_22,MC,22,1,differential,32,"[0, 1, 2, 3, 4, 5, 6, 7, 40, 41, 42, 43, 44, 45, 46, 47, 80, 81, 82, 83, 84, 85, 86, 87, 120, 121, 122, 123, 124, 125, 126, 127]","[0, 5, 10, 15]",32,"[0, 1, 2, 3, 4, 5, 6, 7, 40, 41, 42, 43, 44, 45, 46, 47, 80, 81, 82, 83, 84, 85, 86, 87, 120, 121, 122, 123, 124, 125, 126, 127]","[0, 5, 10, 15]",DIFF_MC_ARK_22,structural_overapprox_mode_simplified
MC_22,MC,22,2,differential,128,"[0, 1, 2, 3, 4, 5, 6, 7, 8, 9, 10, 11, 12, 13, 14, 15, 16, 17, 18, 19, 20, 21, 22, 23, 24, 25, 26, 27, 28, 29, 30, 31, 32, 33, 34, 35, 36, 37, 38, 39, 40, 41, 42, 43, 44, 45, 46, 47, 48, 49, 50, 51, 52, 53, 54, 55, 56, 57, 58, 59, 60, 61, 62, 63, 64, 65, 66, 67, 68, 69, 70, 71, 72, 73, 74, 75, 76, 77, 78, 79, 80, 81, 82, 83, 84, 85, 86, 87, 88, 89, 90, 91, 92, 93, 94, 95, 96, 97, 98, 99, 100, 101, 102, 103, 104, 105, 106, 107, 108, 109, 110, 111, 112, 113, 114, 115, 116, 117, 118, 119, 120, 121, 122, 123, 124, 125, 126, 127]","[0, 1, 2, 3, 4, 5, 6, 7, 8, 9, 10, 11, 12, 13, 14, 15]",128,"[0, 1, 2, 3, 4, 5, 6, 7, 8, 9, 10, 11, 12, 13, 14, 15, 16, 17, 18, 19, 20, 21, 22, 23, 24, 25, 26, 27, 28, 29, 30, 31, 32, 33, 34, 35, 36, 37, 38, 39, 40, 41, 42, 43, 44, 45, 46, 47, 48, 49, 50, 51, 52, 53, 54, 55, 56, 57, 58, 59, 60, 61, 62, 63, 64, 65, 66, 67, 68, 69, 70, 71, 72, 73, 74, 75, 76, 77, 78, 79, 80, 81, 82, 83, 84, 85, 86, 87, 88, 89, 90, 91, 92, 93, 94, 95, 96, 97, 98, 99, 100, 101, 102, 103, 104, 105, 106, 107, 108, 109, 110, 111, 112, 113, 114, 115, 116, 117, 118, 119, 120, 121, 122, 123, 124, 125, 126, 127]","[0, 1, 2, 3, 4, 5, 6, 7, 8, 9, 10, 11, 12, 13, 14, 15]",DIFF_MC_ARK_22,structural_overapprox_mode_simplified
MC_23,MC,23,1,differential,32,"[0, 1, 2, 3, 4, 5, 6, 7, 40, 41, 42, 43, 44, 45, 46, 47, 80, 81, 82, 83, 84, 85, 86, 87, 120, 121, 122, 123, 124, 125, 126, 127]","[0, 5, 10, 15]",32,"[0, 1, 2, 3, 4, 5, 6, 7, 40, 41, 42, 43, 44, 45, 46, 47, 80, 81, 82, 83, 84, 85, 86, 87, 120, 121, 122, 123, 124, 125, 126, 127]","[0, 5, 10, 15]",DIFF_MC_ARK_23,structural_overapprox_mode_simplified
MC_23,MC,23,2,differential,128,"[0, 1, 2, 3, 4, 5, 6, 7, 8, 9, 10, 11, 12, 13, 14, 15, 16, 17, 18, 19, 20, 21, 22, 23, 24, 25, 26, 27, 28, 29, 30, 31, 32, 33, 34, 35, 36, 37, 38, 39, 40, 41, 42, 43, 44, 45, 46, 47, 48, 49, 50, 51, 52, 53, 54, 55, 56, 57, 58, 59, 60, 61, 62, 63, 64, 65, 66, 67, 68, 69, 70, 71, 72, 73, 74, 75, 76, 77, 78, 79, 80, 81, 82, 83, 84, 85, 86, 87, 88, 89, 90, 91, 92, 93, 94, 95, 96, 97, 98, 99, 100, 101, 102, 103, 104, 105, 106, 107, 108, 109, 110, 111, 112, 113, 114, 115, 116, 117, 118, 119, 120, 121, 122, 123, 124, 125, 126, 127]","[0, 1, 2, 3, 4, 5, 6, 7, 8, 9, 10, 11, 12, 13, 14, 15]",128,"[0, 1, 2, 3, 4, 5, 6, 7, 8, 9, 10, 11, 12, 13, 14, 15, 16, 17, 18, 19, 20, 21, 22, 23, 24, 25, 26, 27, 28, 29, 30, 31, 32, 33, 34, 35, 36, 37, 38, 39, 40, 41, 42, 43, 44, 45, 46, 47, 48, 49, 50, 51, 52, 53, 54, 55, 56, 57, 58, 59, 60, 61, 62, 63, 64, 65, 66, 67, 68, 69, 70, 71, 72, 73, 74, 75, 76, 77, 78, 79, 80, 81, 82, 83, 84, 85, 86, 87, 88, 89, 90, 91, 92, 93, 94, 95, 96, 97, 98, 99, 100, 101, 102, 103, 104, 105, 106, 107, 108, 109, 110, 111, 112, 113, 114, 115, 116, 117, 118, 119, 120, 121, 122, 123, 124, 125, 126, 127]","[0, 1, 2, 3, 4, 5, 6, 7, 8, 9, 10, 11, 12, 13, 14, 15]",DIFF_MC_ARK_23,structural_overapprox_mode_simplified
MC_24,MC,24,1,differential,32,"[0, 1, 2, 3, 4, 5, 6, 7, 40, 41, 42, 43, 44, 45, 46, 47, 80, 81, 82, 83, 84, 85, 86, 87, 120, 121, 122, 123, 124, 125, 126, 127]","[0, 5, 10, 15]",32,"[0, 1, 2, 3, 4, 5, 6, 7, 40, 41, 42, 43, 44, 45, 46, 47, 80, 81, 82, 83, 84, 85, 86, 87, 120, 121, 122, 123, 124, 125, 126, 127]","[0, 5, 10, 15]",DIFF_MC_ARK_24,structural_overapprox_mode_simplified
MC_24,MC,24,2,differential,128,"[0, 1, 2, 3, 4, 5, 6, 7, 8, 9, 10, 11, 12, 13, 14, 15, 16, 17, 18, 19, 20, 21, 22, 23, 24, 25, 26, 27, 28, 29, 30, 31, 32, 33, 34, 35, 36, 37, 38, 39, 40, 41, 42, 43, 44, 45, 46, 47, 48, 49, 50, 51, 52, 53, 54, 55, 56, 57, 58, 59, 60, 61, 62, 63, 64, 65, 66, 67, 68, 69, 70, 71, 72, 73, 74, 75, 76, 77, 78, 79, 80, 81, 82, 83, 84, 85, 86, 87, 88, 89, 90, 91, 92, 93, 94, 95, 96, 97, 98, 99, 100, 101, 102, 103, 104, 105, 106, 107, 108, 109, 110, 111, 112, 113, 114, 115, 116, 117, 118, 119, 120, 121, 122, 123, 124, 125, 126, 127]","[0, 1, 2, 3, 4, 5, 6, 7, 8, 9, 10, 11, 12, 13, 14, 15]",128,"[0, 1, 2, 3, 4, 5, 6, 7, 8, 9, 10, 11, 12, 13, 14, 15, 16, 17, 18, 19, 20, 21, 22, 23, 24, 25, 26, 27, 28, 29, 30, 31, 32, 33, 34, 35, 36, 37, 38, 39, 40, 41, 42, 43, 44, 45, 46, 47, 48, 49, 50, 51, 52, 53, 54, 55, 56, 57, 58, 59, 60, 61, 62, 63, 64, 65, 66, 67, 68, 69, 70, 71, 72, 73, 74, 75, 76, 77, 78, 79, 80, 81, 82, 83, 84, 85, 86, 87, 88, 89, 90, 91, 92, 93, 94, 95, 96, 97, 98, 99, 100, 101, 102, 103, 104, 105, 106, 107, 108, 109, 110, 111, 112, 113, 114, 115, 116, 117, 118, 119, 120, 121, 122, 123, 124, 125, 126, 127]","[0, 1, 2, 3, 4, 5, 6, 7, 8, 9, 10, 11, 12, 13, 14, 15]",DIFF_MC_ARK_24,structural_overapprox_mode_simplified
MC_26,MC,26,1,differential,32,"[0, 1, 2, 3, 4, 5, 6, 7, 40, 41, 42, 43, 44, 45, 46, 47, 80, 81, 82, 83, 84, 85, 86, 87, 120, 121, 122, 123, 124, 125, 126, 127]","[0, 5, 10, 15]",32,"[0, 1, 2, 3, 4, 5, 6, 7, 40, 41, 42, 43, 44, 45, 46, 47, 80, 81, 82, 83, 84, 85, 86, 87, 120, 121, 122, 123, 124, 125, 126, 127]","[0, 5, 10, 15]",DIFF_MC_ARK_26,structural_overapprox_mode_simplified
MC_26,MC,26,2,differential,128,"[0, 1, 2, 3, 4, 5, 6, 7, 8, 9, 10, 11, 12, 13, 14, 15, 16, 17, 18, 19, 20, 21, 22, 23, 24, 25, 26, 27, 28, 29, 30, 31, 32, 33, 34, 35, 36, 37, 38, 39, 40, 41, 42, 43, 44, 45, 46, 47, 48, 49, 50, 51, 52, 53, 54, 55, 56, 57, 58, 59, 60, 61, 62, 63, 64, 65, 66, 67, 68, 69, 70, 71, 72, 73, 74, 75, 76, 77, 78, 79, 80, 81, 82, 83, 84, 85, 86, 87, 88, 89, 90, 91, 92, 93, 94, 95, 96, 97, 98, 99, 100, 101, 102, 103, 104, 105, 106, 107, 108, 109, 110, 111, 112, 113, 114, 115, 116, 117, 118, 119, 120, 121, 122, 123, 124, 125, 126, 127]","[0, 1, 2, 3, 4, 5, 6, 7, 8, 9, 10, 11, 12, 13, 14, 15]",128,"[0, 1, 2, 3, 4, 5, 6, 7, 8, 9, 10, 11, 12, 13, 14, 15, 16, 17, 18, 19, 20, 21, 22, 23, 24, 25, 26, 27, 28, 29, 30, 31, 32, 33, 34, 35, 36, 37, 38, 39, 40, 41, 42, 43, 44, 45, 46, 47, 48, 49, 50, 51, 52, 53, 54, 55, 56, 57, 58, 59, 60, 61, 62, 63, 64, 65, 66, 67, 68, 69, 70, 71, 72, 73, 74, 75, 76, 77, 78, 79, 80, 81, 82, 83, 84, 85, 86, 87, 88, 89, 90, 91, 92, 93, 94, 95, 96, 97, 98, 99, 100, 101, 102, 103, 104, 105, 106, 107, 108, 109, 110, 111, 112, 113, 114, 115, 116, 117, 118, 119, 120, 121, 122, 123, 124, 125, 126, 127]","[0, 1, 2, 3, 4, 5, 6, 7, 8, 9, 10, 11, 12, 13, 14, 15]",DIFF_MC_ARK_26,structural_overapprox_mode_simplified
MC_27,MC,27,1,differential,32,"[0, 1, 2, 3, 4, 5, 6, 7, 40, 41, 42, 43, 44, 45, 46, 47, 80, 81, 82, 83, 84, 85, 86, 87, 120, 121, 122, 123, 124, 125, 126, 127]","[0, 5, 10, 15]",32,"[0, 1, 2, 3, 4, 5, 6, 7, 40, 41, 42, 43, 44, 45, 46, 47, 80, 81, 82, 83, 84, 85, 86, 87, 120, 121, 122, 123, 124, 125, 126, 127]","[0, 5, 10, 15]",DIFF_MC_ARK_27,structural_overapprox_mode_simplified
MC_27,MC,27,2,differential,128,"[0, 1, 2, 3, 4, 5, 6, 7, 8, 9, 10, 11, 12, 13, 14, 15, 16, 17, 18, 19, 20, 21, 22, 23, 24, 25, 26, 27, 28, 29, 30, 31, 32, 33, 34, 35, 36, 37, 38, 39, 40, 41, 42, 43, 44, 45, 46, 47, 48, 49, 50, 51, 52, 53, 54, 55, 56, 57, 58, 59, 60, 61, 62, 63, 64, 65, 66, 67, 68, 69, 70, 71, 72, 73, 74, 75, 76, 77, 78, 79, 80, 81, 82, 83, 84, 85, 86, 87, 88, 89, 90, 91, 92, 93, 94, 95, 96, 97, 98, 99, 100, 101, 102, 103, 104, 105, 106, 107, 108, 109, 110, 111, 112, 113, 114, 115, 116, 117, 118, 119, 120, 121, 122, 123, 124, 125, 126, 127]","[0, 1, 2, 3, 4, 5, 6, 7, 8, 9, 10, 11, 12, 13, 14, 15]",128,"[0, 1, 2, 3, 4, 5, 6, 7, 8, 9, 10, 11, 12, 13, 14, 15, 16, 17, 18, 19, 20, 21, 22, 23, 24, 25, 26, 27, 28, 29, 30, 31, 32, 33, 34, 35, 36, 37, 38, 39, 40, 41, 42, 43, 44, 45, 46, 47, 48, 49, 50, 51, 52, 53, 54, 55, 56, 57, 58, 59, 60, 61, 62, 63, 64, 65, 66, 67, 68, 69, 70, 71, 72, 73, 74, 75, 76, 77, 78, 79, 80, 81, 82, 83, 84, 85, 86, 87, 88, 89, 90, 91, 92, 93, 94, 95, 96, 97, 98, 99, 100, 101, 102, 103, 104, 105, 106, 107, 108, 109, 110, 111, 112, 113, 114, 115, 116, 117, 118, 119, 120, 121, 122, 123, 124, 125, 126, 127]","[0, 1, 2, 3, 4, 5, 6, 7, 8, 9, 10, 11, 12, 13, 14, 15]",DIFF_MC_ARK_27,structural_overapprox_mode_simplified
MC_28,MC,28,1,differential,32,"[0, 1, 2, 3, 4, 5, 6, 7, 40, 41, 42, 43, 44, 45, 46, 47, 80, 81, 82, 83, 84, 85, 86, 87, 120, 121, 122, 123, 124, 125, 126, 127]","[0, 5, 10, 15]",32,"[0, 1, 2, 3, 4, 5, 6, 7, 40, 41, 42, 43, 44, 45, 46, 47, 80, 81, 82, 83, 84, 85, 86, 87, 120, 121, 122, 123, 124, 125, 126, 127]","[0, 5, 10, 15]",DIFF_MC_ARK_28,structural_overapprox_mode_simplified
MC_28,MC,28,2,differential,128,"[0, 1, 2, 3, 4, 5, 6, 7, 8, 9, 10, 11, 12, 13, 14, 15, 16, 17, 18, 19, 20, 21, 22, 23, 24, 25, 26, 27, 28, 29, 30, 31, 32, 33, 34, 35, 36, 37, 38, 39, 40, 41, 42, 43, 44, 45, 46, 47, 48, 49, 50, 51, 52, 53, 54, 55, 56, 57, 58, 59, 60, 61, 62, 63, 64, 65, 66, 67, 68, 69, 70, 71, 72, 73, 74, 75, 76, 77, 78, 79, 80, 81, 82, 83, 84, 85, 86, 87, 88, 89, 90, 91, 92, 93, 94, 95, 96, 97, 98, 99, 100, 101, 102, 103, 104, 105, 106, 107, 108, 109, 110, 111, 112, 113, 114, 115, 116, 117, 118, 119, 120, 121, 122, 123, 124, 125, 126, 127]","[0, 1, 2, 3, 4, 5, 6, 7, 8, 9, 10, 11, 12, 13, 14, 15]",128,"[0, 1, 2, 3, 4, 5, 6, 7, 8, 9, 10, 11, 12, 13, 14, 15, 16, 17, 18, 19, 20, 21, 22, 23, 24, 25, 26, 27, 28, 29, 30, 31, 32, 33, 34, 35, 36, 37, 38, 39, 40, 41, 42, 43, 44, 45, 46, 47, 48, 49, 50, 51, 52, 53, 54, 55, 56, 57, 58, 59, 60, 61, 62, 63, 64, 65, 66, 67, 68, 69, 70, 71, 72, 73, 74, 75, 76, 77, 78, 79, 80, 81, 82, 83, 84, 85, 86, 87, 88, 89, 90, 91, 92, 93, 94, 95, 96, 97, 98, 99, 100, 101, 102, 103, 104, 105, 106, 107, 108, 109, 110, 111, 112, 113, 114, 115, 116, 117, 118, 119, 120, 121, 122, 123, 124, 125, 126, 127]","[0, 1, 2, 3, 4, 5, 6, 7, 8, 9, 10, 11, 12, 13, 14, 15]",DIFF_MC_ARK_28,structural_overapprox_mode_simplified
MC_29,MC,29,1,differential,32,"[0, 1, 2, 3, 4, 5, 6, 7, 40, 41, 42, 43, 44, 45, 46, 47, 80, 81, 82, 83, 84, 85, 86, 87, 120, 121, 122, 123, 124, 125, 126, 127]","[0, 5, 10, 15]",32,"[0, 1, 2, 3, 4, 5, 6, 7, 40, 41, 42, 43, 44, 45, 46, 47, 80, 81, 82, 83, 84, 85, 86, 87, 120, 121, 122, 123, 124, 125, 126, 127]","[0, 5, 10, 15]",DIFF_MC_ARK_29,structural_overapprox_mode_simplified
MC_29,MC,29,2,differential,128,"[0, 1, 2, 3, 4, 5, 6, 7, 8, 9, 10, 11, 12, 13, 14, 15, 16, 17, 18, 19, 20, 21, 22, 23, 24, 25, 26, 27, 28, 29, 30, 31, 32, 33, 34, 35, 36, 37, 38, 39, 40, 41, 42, 43, 44, 45, 46, 47, 48, 49, 50, 51, 52, 53, 54, 55, 56, 57, 58, 59, 60, 61, 62, 63, 64, 65, 66, 67, 68, 69, 70, 71, 72, 73, 74, 75, 76, 77, 78, 79, 80, 81, 82, 83, 84, 85, 86, 87, 88, 89, 90, 91, 92, 93, 94, 95, 96, 97, 98, 99, 100, 101, 102, 103, 104, 105, 106, 107, 108, 109, 110, 111, 112, 113, 114, 115, 116, 117, 118, 119, 120, 121, 122, 123, 124, 125, 126, 127]","[0, 1, 2, 3, 4, 5, 6, 7, 8, 9, 10, 11, 12, 13, 14, 15]",128,"[0, 1, 2, 3, 4, 5, 6, 7, 8, 9, 10, 11, 12, 13, 14, 15, 16, 17, 18, 19, 20, 21, 22, 23, 24, 25, 26, 27, 28, 29, 30, 31, 32, 33, 34, 35, 36, 37, 38, 39, 40, 41, 42, 43, 44, 45, 46, 47, 48, 49, 50, 51, 52, 53, 54, 55, 56, 57, 58, 59, 60, 61, 62, 63, 64, 65, 66, 67, 68, 69, 70, 71, 72, 73, 74, 75, 76, 77, 78, 79, 80, 81, 82, 83, 84, 85, 86, 87, 88, 89, 90, 91, 92, 93, 94, 95, 96, 97, 98, 99, 100, 101, 102, 103, 104, 105, 106, 107, 108, 109, 110, 111, 112, 113, 114, 115, 116, 117, 118, 119, 120, 121, 122, 123, 124, 125, 126, 127]","[0, 1, 2, 3, 4, 5, 6, 7, 8, 9, 10, 11, 12, 13, 14, 15]",DIFF_MC_ARK_29,structural_overapprox_mode_simplified
MC_31,MC,31,1,differential,32,"[0, 1, 2, 3, 4, 5, 6, 7, 40, 41, 42, 43, 44, 45, 46, 47, 80, 81, 82, 83, 84, 85, 86, 87, 120, 121, 122, 123, 124, 125, 126, 127]","[0, 5, 10, 15]",32,"[0, 1, 2, 3, 4, 5, 6, 7, 40, 41, 42, 43, 44, 45, 46, 47, 80, 81, 82, 83, 84, 85, 86, 87, 120, 121, 122, 123, 124, 125, 126, 127]","[0, 5, 10, 15]",DIFF_MC_ARK_31,structural_overapprox_mode_simplified
MC_31,MC,31,2,differential,128,"[0, 1, 2, 3, 4, 5, 6, 7, 8, 9, 10, 11, 12, 13, 14, 15, 16, 17, 18, 19, 20, 21, 22, 23, 24, 25, 26, 27, 28, 29, 30, 31, 32, 33, 34, 35, 36, 37, 38, 39, 40, 41, 42, 43, 44, 45, 46, 47, 48, 49, 50, 51, 52, 53, 54, 55, 56, 57, 58, 59, 60, 61, 62, 63, 64, 65, 66, 67, 68, 69, 70, 71, 72, 73, 74, 75, 76, 77, 78, 79, 80, 81, 82, 83, 84, 85, 86, 87, 88, 89, 90, 91, 92, 93, 94, 95, 96, 97, 98, 99, 100, 101, 102, 103, 104, 105, 106, 107, 108, 109, 110, 111, 112, 113, 114, 115, 116, 117, 118, 119, 120, 121, 122, 123, 124, 125, 126, 127]","[0, 1, 2, 3, 4, 5, 6, 7, 8, 9, 10, 11, 12, 13, 14, 15]",128,"[0, 1, 2, 3, 4, 5, 6, 7, 8, 9, 10, 11, 12, 13, 14, 15, 16, 17, 18, 19, 20, 21, 22, 23, 24, 25, 26, 27, 28, 29, 30, 31, 32, 33, 34, 35, 36, 37, 38, 39, 40, 41, 42, 43, 44, 45, 46, 47, 48, 49, 50, 51, 52, 53, 54, 55, 56, 57, 58, 59, 60, 61, 62, 63, 64, 65, 66, 67, 68, 69, 70, 71, 72, 73, 74, 75, 76, 77, 78, 79, 80, 81, 82, 83, 84, 85, 86, 87, 88, 89, 90, 91, 92, 93, 94, 95, 96, 97, 98, 99, 100, 101, 102, 103, 104, 105, 106, 107, 108, 109, 110, 111, 112, 113, 114, 115, 116, 117, 118, 119, 120, 121, 122, 123, 124, 125, 126, 127]","[0, 1, 2, 3, 4, 5, 6, 7, 8, 9, 10, 11, 12, 13, 14, 15]",DIFF_MC_ARK_31,structural_overapprox_mode_simplified
MC_33,MC,33,1,differential,32,"[24, 25, 26, 27, 28, 29, 30, 31, 32, 33, 34, 35, 36, 37, 38, 39, 72, 73, 74, 75, 76, 77, 78, 79, 112, 113, 114, 115, 116, 117, 118, 119]","[3, 4, 9, 14]",32,"[24, 25, 26, 27, 28, 29, 30, 31, 32, 33, 34, 35, 36, 37, 38, 39, 72, 73, 74, 75, 76, 77, 78, 79, 112, 113, 114, 115, 116, 117, 118, 119]","[3, 4, 9, 14]",DIFF_MC_ARK_33,structural_overapprox_mode_simplified
MC_33,MC,33,2,differential,128,"[0, 1, 2, 3, 4, 5, 6, 7, 8, 9, 10, 11, 12, 13, 14, 15, 16, 17, 18, 19, 20, 21, 22, 23, 24, 25, 26, 27, 28, 29, 30, 31, 32, 33, 34, 35, 36, 37, 38, 39, 40, 41, 42, 43, 44, 45, 46, 47, 48, 49, 50, 51, 52, 53, 54, 55, 56, 57, 58, 59, 60, 61, 62, 63, 64, 65, 66, 67, 68, 69, 70, 71, 72, 73, 74, 75, 76, 77, 78, 79, 80, 81, 82, 83, 84, 85, 86, 87, 88, 89, 90, 91, 92, 93, 94, 95, 96, 97, 98, 99, 100, 101, 102, 103, 104, 105, 106, 107, 108, 109, 110, 111, 112, 113, 114, 115, 116, 117, 118, 119, 120, 121, 122, 123, 124, 125, 126, 127]","[0, 1, 2, 3, 4, 5, 6, 7, 8, 9, 10, 11, 12, 13, 14, 15]",128,"[0, 1, 2, 3, 4, 5, 6, 7, 8, 9, 10, 11, 12, 13, 14, 15, 16, 17, 18, 19, 20, 21, 22, 23, 24, 25, 26, 27, 28, 29, 30, 31, 32, 33, 34, 35, 36, 37, 38, 39, 40, 41, 42, 43, 44, 45, 46, 47, 48, 49, 50, 51, 52, 53, 54, 55, 56, 57, 58, 59, 60, 61, 62, 63, 64, 65, 66, 67, 68, 69, 70, 71, 72, 73, 74, 75, 76, 77, 78, 79, 80, 81, 82, 83, 84, 85, 86, 87, 88, 89, 90, 91, 92, 93, 94, 95, 96, 97, 98, 99, 100, 101, 102, 103, 104, 105, 106, 107, 108, 109, 110, 111, 112, 113, 114, 115, 116, 117, 118, 119, 120, 121, 122, 123, 124, 125, 126, 127]","[0, 1, 2, 3, 4, 5, 6, 7, 8, 9, 10, 11, 12, 13, 14, 15]",DIFF_MC_ARK_33,structural_overapprox_mode_simplified
MC_34,MC,34,1,differential,32,"[24, 25, 26, 27, 28, 29, 30, 31, 32, 33, 34, 35, 36, 37, 38, 39, 72, 73, 74, 75, 76, 77, 78, 79, 112, 113, 114, 115, 116, 117, 118, 119]","[3, 4, 9, 14]",32,"[24, 25, 26, 27, 28, 29, 30, 31, 32, 33, 34, 35, 36, 37, 38, 39, 72, 73, 74, 75, 76, 77, 78, 79, 112, 113, 114, 115, 116, 117, 118, 119]","[3, 4, 9, 14]",DIFF_MC_ARK_34,structural_overapprox_mode_simplified
MC_34,MC,34,2,differential,128,"[0, 1, 2, 3, 4, 5, 6, 7, 8, 9, 10, 11, 12, 13, 14, 15, 16, 17, 18, 19, 20, 21, 22, 23, 24, 25, 26, 27, 28, 29, 30, 31, 32, 33, 34, 35, 36, 37, 38, 39, 40, 41, 42, 43, 44, 45, 46, 47, 48, 49, 50, 51, 52, 53, 54, 55, 56, 57, 58, 59, 60, 61, 62, 63, 64, 65, 66, 67, 68, 69, 70, 71, 72, 73, 74, 75, 76, 77, 78, 79, 80, 81, 82, 83, 84, 85, 86, 87, 88, 89, 90, 91, 92, 93, 94, 95, 96, 97, 98, 99, 100, 101, 102, 103, 104, 105, 106, 107, 108, 109, 110, 111, 112, 113, 114, 115, 116, 117, 118, 119, 120, 121, 122, 123, 124, 125, 126, 127]","[0, 1, 2, 3, 4, 5, 6, 7, 8, 9, 10, 11, 12, 13, 14, 15]",128,"[0, 1, 2, 3, 4, 5, 6, 7, 8, 9, 10, 11, 12, 13, 14, 15, 16, 17, 18, 19, 20, 21, 22, 23, 24, 25, 26, 27, 28, 29, 30, 31, 32, 33, 34, 35, 36, 37, 38, 39, 40, 41, 42, 43, 44, 45, 46, 47, 48, 49, 50, 51, 52, 53, 54, 55, 56, 57, 58, 59, 60, 61, 62, 63, 64, 65, 66, 67, 68, 69, 70, 71, 72, 73, 74, 75, 76, 77, 78, 79, 80, 81, 82, 83, 84, 85, 86, 87, 88, 89, 90, 91, 92, 93, 94, 95, 96, 97, 98, 99, 100, 101, 102, 103, 104, 105, 106, 107, 108, 109, 110, 111, 112, 113, 114, 115, 116, 117, 118, 119, 120, 121, 122, 123, 124, 125, 126, 127]","[0, 1, 2, 3, 4, 5, 6, 7, 8, 9, 10, 11, 12, 13, 14, 15]",DIFF_MC_ARK_34,structural_overapprox_mode_simplified
MC_39,MC,39,1,differential,32,"[24, 25, 26, 27, 28, 29, 30, 31, 32, 33, 34, 35, 36, 37, 38, 39, 72, 73, 74, 75, 76, 77, 78, 79, 112, 113, 114, 115, 116, 117, 118, 119]","[3, 4, 9, 14]",32,"[24, 25, 26, 27, 28, 29, 30, 31, 32, 33, 34, 35, 36, 37, 38, 39, 72, 73, 74, 75, 76, 77, 78, 79, 112, 113, 114, 115, 116, 117, 118, 119]","[3, 4, 9, 14]",DIFF_MC_ARK_39,structural_overapprox_mode_simplified
MC_39,MC,39,2,differential,128,"[0, 1, 2, 3, 4, 5, 6, 7, 8, 9, 10, 11, 12, 13, 14, 15, 16, 17, 18, 19, 20, 21, 22, 23, 24, 25, 26, 27, 28, 29, 30, 31, 32, 33, 34, 35, 36, 37, 38, 39, 40, 41, 42, 43, 44, 45, 46, 47, 48, 49, 50, 51, 52, 53, 54, 55, 56, 57, 58, 59, 60, 61, 62, 63, 64, 65, 66, 67, 68, 69, 70, 71, 72, 73, 74, 75, 76, 77, 78, 79, 80, 81, 82, 83, 84, 85, 86, 87, 88, 89, 90, 91, 92, 93, 94, 95, 96, 97, 98, 99, 100, 101, 102, 103, 104, 105, 106, 107, 108, 109, 110, 111, 112, 113, 114, 115, 116, 117, 118, 119, 120, 121, 122, 123, 124, 125, 126, 127]","[0, 1, 2, 3, 4, 5, 6, 7, 8, 9, 10, 11, 12, 13, 14, 15]",128,"[0, 1, 2, 3, 4, 5, 6, 7, 8, 9, 10, 11, 12, 13, 14, 15, 16, 17, 18, 19, 20, 21, 22, 23, 24, 25, 26, 27, 28, 29, 30, 31, 32, 33, 34, 35, 36, 37, 38, 39, 40, 41, 42, 43, 44, 45, 46, 47, 48, 49, 50, 51, 52, 53, 54, 55, 56, 57, 58, 59, 60, 61, 62, 63, 64, 65, 66, 67, 68, 69, 70, 71, 72, 73, 74, 75, 76, 77, 78, 79, 80, 81, 82, 83, 84, 85, 86, 87, 88, 89, 90, 91, 92, 93, 94, 95, 96, 97, 98, 99, 100, 101, 102, 103, 104, 105, 106, 107, 108, 109, 110, 111, 112, 113, 114, 115, 116, 117, 118, 119, 120, 121, 122, 123, 124, 125, 126, 127]","[0, 1, 2, 3, 4, 5, 6, 7, 8, 9, 10, 11, 12, 13, 14, 15]",DIFF_MC_ARK_39,structural_overapprox_mode_simplified
MC_40,MC,40,1,differential,32,"[24, 25, 26, 27, 28, 29, 30, 31, 32, 33, 34, 35, 36, 37, 38, 39, 72, 73, 74, 75, 76, 77, 78, 79, 112, 113, 114, 115, 116, 117, 118, 119]","[3, 4, 9, 14]",32,"[24, 25, 26, 27, 28, 29, 30, 31, 32, 33, 34, 35, 36, 37, 38, 39, 72, 73, 74, 75, 76, 77, 78, 79, 112, 113, 114, 115, 116, 117, 118, 119]","[3, 4, 9, 14]",DIFF_MC_ARK_40,structural_overapprox_mode_simplified
MC_40,MC,40,2,differential,128,"[0, 1, 2, 3, 4, 5, 6, 7, 8, 9, 10, 11, 12, 13, 14, 15, 16, 17, 18, 19, 20, 21, 22, 23, 24, 25, 26, 27, 28, 29, 30, 31, 32, 33, 34, 35, 36, 37, 38, 39, 40, 41, 42, 43, 44, 45, 46, 47, 48, 49, 50, 51, 52, 53, 54, 55, 56, 57, 58, 59, 60, 61, 62, 63, 64, 65, 66, 67, 68, 69, 70, 71, 72, 73, 74, 75, 76, 77, 78, 79, 80, 81, 82, 83, 84, 85, 86, 87, 88, 89, 90, 91, 92, 93, 94, 95, 96, 97, 98, 99, 100, 101, 102, 103, 104, 105, 106, 107, 108, 109, 110, 111, 112, 113, 114, 115, 116, 117, 118, 119, 120, 121, 122, 123, 124, 125, 126, 127]","[0, 1, 2, 3, 4, 5, 6, 7, 8, 9, 10, 11, 12, 13, 14, 15]",128,"[0, 1, 2, 3, 4, 5, 6, 7, 8, 9, 10, 11, 12, 13, 14, 15, 16, 17, 18, 19, 20, 21, 22, 23, 24, 25, 26, 27, 28, 29, 30, 31, 32, 33, 34, 35, 36, 37, 38, 39, 40, 41, 42, 43, 44, 45, 46, 47, 48, 49, 50, 51, 52, 53, 54, 55, 56, 57, 58, 59, 60, 61, 62, 63, 64, 65, 66, 67, 68, 69, 70, 71, 72, 73, 74, 75, 76, 77, 78, 79, 80, 81, 82, 83, 84, 85, 86, 87, 88, 89, 90, 91, 92, 93, 94, 95, 96, 97, 98, 99, 100, 101, 102, 103, 104, 105, 106, 107, 108, 109, 110, 111, 112, 113, 114, 115, 116, 117, 118, 119, 120, 121, 122, 123, 124, 125, 126, 127]","[0, 1, 2, 3, 4, 5, 6, 7, 8, 9, 10, 11, 12, 13, 14, 15]",DIFF_MC_ARK_40,structural_overapprox_mode_simplified
MC_42,MC,42,1,differential,32,"[24, 25, 26, 27, 28, 29, 30, 31, 32, 33, 34, 35, 36, 37, 38, 39, 72, 73, 74, 75, 76, 77, 78, 79, 112, 113, 114, 115, 116, 117, 118, 119]","[3, 4, 9, 14]",32,"[24, 25, 26, 27, 28, 29, 30, 31, 32, 33, 34, 35, 36, 37, 38, 39, 72, 73, 74, 75, 76, 77, 78, 79, 112, 113, 114, 115, 116, 117, 118, 119]","[3, 4, 9, 14]",DIFF_MC_ARK_42,structural_overapprox_mode_simplified
MC_42,MC,42,2,differential,128,"[0, 1, 2, 3, 4, 5, 6, 7, 8, 9, 10, 11, 12, 13, 14, 15, 16, 17, 18, 19, 20, 21, 22, 23, 24, 25, 26, 27, 28, 29, 30, 31, 32, 33, 34, 35, 36, 37, 38, 39, 40, 41, 42, 43, 44, 45, 46, 47, 48, 49, 50, 51, 52, 53, 54, 55, 56, 57, 58, 59, 60, 61, 62, 63, 64, 65, 66, 67, 68, 69, 70, 71, 72, 73, 74, 75, 76, 77, 78, 79, 80, 81, 82, 83, 84, 85, 86, 87, 88, 89, 90, 91, 92, 93, 94, 95, 96, 97, 98, 99, 100, 101, 102, 103, 104, 105, 106, 107, 108, 109, 110, 111, 112, 113, 114, 115, 116, 117, 118, 119, 120, 121, 122, 123, 124, 125, 126, 127]","[0, 1, 2, 3, 4, 5, 6, 7, 8, 9, 10, 11, 12, 13, 14, 15]",128,"[0, 1, 2, 3, 4, 5, 6, 7, 8, 9, 10, 11, 12, 13, 14, 15, 16, 17, 18, 19, 20, 21, 22, 23, 24, 25, 26, 27, 28, 29, 30, 31, 32, 33, 34, 35, 36, 37, 38, 39, 40, 41, 42, 43, 44, 45, 46, 47, 48, 49, 50, 51, 52, 53, 54, 55, 56, 57, 58, 59, 60, 61, 62, 63, 64, 65, 66, 67, 68, 69, 70, 71, 72, 73, 74, 75, 76, 77, 78, 79, 80, 81, 82, 83, 84, 85, 86, 87, 88, 89, 90, 91, 92, 93, 94, 95, 96, 97, 98, 99, 100, 101, 102, 103, 104, 105, 106, 107, 108, 109, 110, 111, 112, 113, 114, 115, 116, 117, 118, 119, 120, 121, 122, 123, 124, 125, 126, 127]","[0, 1, 2, 3, 4, 5, 6, 7, 8, 9, 10, 11, 12, 13, 14, 15]",DIFF_MC_ARK_42,structural_overapprox_mode_simplified
MC_45,MC,45,1,differential,32,"[24, 25, 26, 27, 28, 29, 30, 31, 32, 33, 34, 35, 36, 37, 38, 39, 72, 73, 74, 75, 76, 77, 78, 79, 112, 113, 114, 115, 116, 117, 118, 119]","[3, 4, 9, 14]",32,"[24, 25, 26, 27, 28, 29, 30, 31, 32, 33, 34, 35, 36, 37, 38, 39, 72, 73, 74, 75, 76, 77, 78, 79, 112, 113, 114, 115, 116, 117, 118, 119]","[3, 4, 9, 14]",DIFF_MC_ARK_45,structural_overapprox_mode_simplified
MC_45,MC,45,2,differential,128,"[0, 1, 2, 3, 4, 5, 6, 7, 8, 9, 10, 11, 12, 13, 14, 15, 16, 17, 18, 19, 20, 21, 22, 23, 24, 25, 26, 27, 28, 29, 30, 31, 32, 33, 34, 35, 36, 37, 38, 39, 40, 41, 42, 43, 44, 45, 46, 47, 48, 49, 50, 51, 52, 53, 54, 55, 56, 57, 58, 59, 60, 61, 62, 63, 64, 65, 66, 67, 68, 69, 70, 71, 72, 73, 74, 75, 76, 77, 78, 79, 80, 81, 82, 83, 84, 85, 86, 87, 88, 89, 90, 91, 92, 93, 94, 95, 96, 97, 98, 99, 100, 101, 102, 103, 104, 105, 106, 107, 108, 109, 110, 111, 112, 113, 114, 115, 116, 117, 118, 119, 120, 121, 122, 123, 124, 125, 126, 127]","[0, 1, 2, 3, 4, 5, 6, 7, 8, 9, 10, 11, 12, 13, 14, 15]",128,"[0, 1, 2, 3, 4, 5, 6, 7, 8, 9, 10, 11, 12, 13, 14, 15, 16, 17, 18, 19, 20, 21, 22, 23, 24, 25, 26, 27, 28, 29, 30, 31, 32, 33, 34, 35, 36, 37, 38, 39, 40, 41, 42, 43, 44, 45, 46, 47, 48, 49, 50, 51, 52, 53, 54, 55, 56, 57, 58, 59, 60, 61, 62, 63, 64, 65, 66, 67, 68, 69, 70, 71, 72, 73, 74, 75, 76, 77, 78, 79, 80, 81, 82, 83, 84, 85, 86, 87, 88, 89, 90, 91, 92, 93, 94, 95, 96, 97, 98, 99, 100, 101, 102, 103, 104, 105, 106, 107, 108, 109, 110, 111, 112, 113, 114, 115, 116, 117, 118, 119, 120, 121, 122, 123, 124, 125, 126, 127]","[0, 1, 2, 3, 4, 5, 6, 7, 8, 9, 10, 11, 12, 13, 14, 15]",DIFF_MC_ARK_45,structural_overapprox_mode_simplified
MC_46,MC,46,1,differential,32,"[24, 25, 26, 27, 28, 29, 30, 31, 32, 33, 34, 35, 36, 37, 38, 39, 72, 73, 74, 75, 76, 77, 78, 79, 112, 113, 114, 115, 116, 117, 118, 119]","[3, 4, 9, 14]",32,"[24, 25, 26, 27, 28, 29, 30, 31, 32, 33, 34, 35, 36, 37, 38, 39, 72, 73, 74, 75, 76, 77, 78, 79, 112, 113, 114, 115, 116, 117, 118, 119]","[3, 4, 9, 14]",DIFF_MC_ARK_46,structural_overapprox_mode_simplified
MC_46,MC,46,2,differential,128,"[0, 1, 2, 3, 4, 5, 6, 7, 8, 9, 10, 11, 12, 13, 14, 15, 16, 17, 18, 19, 20, 21, 22, 23, 24, 25, 26, 27, 28, 29, 30, 31, 32, 33, 34, 35, 36, 37, 38, 39, 40, 41, 42, 43, 44, 45, 46, 47, 48, 49, 50, 51, 52, 53, 54, 55, 56, 57, 58, 59, 60, 61, 62, 63, 64, 65, 66, 67, 68, 69, 70, 71, 72, 73, 74, 75, 76, 77, 78, 79, 80, 81, 82, 83, 84, 85, 86, 87, 88, 89, 90, 91, 92, 93, 94, 95, 96, 97, 98, 99, 100, 101, 102, 103, 104, 105, 106, 107, 108, 109, 110, 111, 112, 113, 114, 115, 116, 117, 118, 119, 120, 121, 122, 123, 124, 125, 126, 127]","[0, 1, 2, 3, 4, 5, 6, 7, 8, 9, 10, 11, 12, 13, 14, 15]",128,"[0, 1, 2, 3, 4, 5, 6, 7, 8, 9, 10, 11, 12, 13, 14, 15, 16, 17, 18, 19, 20, 21, 22, 23, 24, 25, 26, 27, 28, 29, 30, 31, 32, 33, 34, 35, 36, 37, 38, 39, 40, 41, 42, 43, 44, 45, 46, 47, 48, 49, 50, 51, 52, 53, 54, 55, 56, 57, 58, 59, 60, 61, 62, 63, 64, 65, 66, 67, 68, 69, 70, 71, 72, 73, 74, 75, 76, 77, 78, 79, 80, 81, 82, 83, 84, 85, 86, 87, 88, 89, 90, 91, 92, 93, 94, 95, 96, 97, 98, 99, 100, 101, 102, 103, 104, 105, 106, 107, 108, 109, 110, 111, 112, 113, 114, 115, 116, 117, 118, 119, 120, 121, 122, 123, 124, 125, 126, 127]","[0, 1, 2, 3, 4, 5, 6, 7, 8, 9, 10, 11, 12, 13, 14, 15]",DIFF_MC_ARK_46,structural_overapprox_mode_simplified
MC_49,MC,49,1,differential,32,"[24, 25, 26, 27, 28, 29, 30, 31, 32, 33, 34, 35, 36, 37, 38, 39, 72, 73, 74, 75, 76, 77, 78, 79, 112, 113, 114, 115, 116, 117, 118, 119]","[3, 4, 9, 14]",32,"[24, 25, 26, 27, 28, 29, 30, 31, 32, 33, 34, 35, 36, 37, 38, 39, 72, 73, 74, 75, 76, 77, 78, 79, 112, 113, 114, 115, 116, 117, 118, 119]","[3, 4, 9, 14]",DIFF_MC_ARK_49,structural_overapprox_mode_simplified
MC_49,MC,49,2,differential,128,"[0, 1, 2, 3, 4, 5, 6, 7, 8, 9, 10, 11, 12, 13, 14, 15, 16, 17, 18, 19, 20, 21, 22, 23, 24, 25, 26, 27, 28, 29, 30, 31, 32, 33, 34, 35, 36, 37, 38, 39, 40, 41, 42, 43, 44, 45, 46, 47, 48, 49, 50, 51, 52, 53, 54, 55, 56, 57, 58, 59, 60, 61, 62, 63, 64, 65, 66, 67, 68, 69, 70, 71, 72, 73, 74, 75, 76, 77, 78, 79, 80, 81, 82, 83, 84, 85, 86, 87, 88, 89, 90, 91, 92, 93, 94, 95, 96, 97, 98, 99, 100, 101, 102, 103, 104, 105, 106, 107, 108, 109, 110, 111, 112, 113, 114, 115, 116, 117, 118, 119, 120, 121, 122, 123, 124, 125, 126, 127]","[0, 1, 2, 3, 4, 5, 6, 7, 8, 9, 10, 11, 12, 13, 14, 15]",128,"[0, 1, 2, 3, 4, 5, 6, 7, 8, 9, 10, 11, 12, 13, 14, 15, 16, 17, 18, 19, 20, 21, 22, 23, 24, 25, 26, 27, 28, 29, 30, 31, 32, 33, 34, 35, 36, 37, 38, 39, 40, 41, 42, 43, 44, 45, 46, 47, 48, 49, 50, 51, 52, 53, 54, 55, 56, 57, 58, 59, 60, 61, 62, 63, 64, 65, 66, 67, 68, 69, 70, 71, 72, 73, 74, 75, 76, 77, 78, 79, 80, 81, 82, 83, 84, 85, 86, 87, 88, 89, 90, 91, 92, 93, 94, 95, 96, 97, 98, 99, 100, 101, 102, 103, 104, 105, 106, 107, 108, 109, 110, 111, 112, 113, 114, 115, 116, 117, 118, 119, 120, 121, 122, 123, 124, 125, 126, 127]","[0, 1, 2, 3, 4, 5, 6, 7, 8, 9, 10, 11, 12, 13, 14, 15]",DIFF_MC_ARK_49,structural_overapprox_mode_simplified
MC_52,MC,52,1,differential,32,"[24, 25, 26, 27, 28, 29, 30, 31, 32, 33, 34, 35, 36, 37, 38, 39, 72, 73, 74, 75, 76, 77, 78, 79, 112, 113, 114, 115, 116, 117, 118, 119]","[3, 4, 9, 14]",32,"[24, 25, 26, 27, 28, 29, 30, 31, 32, 33, 34, 35, 36, 37, 38, 39, 72, 73, 74, 75, 76, 77, 78, 79, 112, 113, 114, 115, 116, 117, 118, 119]","[3, 4, 9, 14]",DIFF_MC_ARK_52,structural_overapprox_mode_simplified
MC_52,MC,52,2,differential,128,"[0, 1, 2, 3, 4, 5, 6, 7, 8, 9, 10, 11, 12, 13, 14, 15, 16, 17, 18, 19, 20, 21, 22, 23, 24, 25, 26, 27, 28, 29, 30, 31, 32, 33, 34, 35, 36, 37, 38, 39, 40, 41, 42, 43, 44, 45, 46, 47, 48, 49, 50, 51, 52, 53, 54, 55, 56, 57, 58, 59, 60, 61, 62, 63, 64, 65, 66, 67, 68, 69, 70, 71, 72, 73, 74, 75, 76, 77, 78, 79, 80, 81, 82, 83, 84, 85, 86, 87, 88, 89, 90, 91, 92, 93, 94, 95, 96, 97, 98, 99, 100, 101, 102, 103, 104, 105, 106, 107, 108, 109, 110, 111, 112, 113, 114, 115, 116, 117, 118, 119, 120, 121, 122, 123, 124, 125, 126, 127]","[0, 1, 2, 3, 4, 5, 6, 7, 8, 9, 10, 11, 12, 13, 14, 15]",128,"[0, 1, 2, 3, 4, 5, 6, 7, 8, 9, 10, 11, 12, 13, 14, 15, 16, 17, 18, 19, 20, 21, 22, 23, 24, 25, 26, 27, 28, 29, 30, 31, 32, 33, 34, 35, 36, 37, 38, 39, 40, 41, 42, 43, 44, 45, 46, 47, 48, 49, 50, 51, 52, 53, 54, 55, 56, 57, 58, 59, 60, 61, 62, 63, 64, 65, 66, 67, 68, 69, 70, 71, 72, 73, 74, 75, 76, 77, 78, 79, 80, 81, 82, 83, 84, 85, 86, 87, 88, 89, 90, 91, 92, 93, 94, 95, 96, 97, 98, 99, 100, 101, 102, 103, 104, 105, 106, 107, 108, 109, 110, 111, 112, 113, 114, 115, 116, 117, 118, 119, 120, 121, 122, 123, 124, 125, 126, 127]","[0, 1, 2, 3, 4, 5, 6, 7, 8, 9, 10, 11, 12, 13, 14, 15]",DIFF_MC_ARK_52,structural_overapprox_mode_simplified
MC_54,MC,54,1,differential,32,"[24, 25, 26, 27, 28, 29, 30, 31, 32, 33, 34, 35, 36, 37, 38, 39, 72, 73, 74, 75, 76, 77, 78, 79, 112, 113, 114, 115, 116, 117, 118, 119]","[3, 4, 9, 14]",32,"[24, 25, 26, 27, 28, 29, 30, 31, 32, 33, 34, 35, 36, 37, 38, 39, 72, 73, 74, 75, 76, 77, 78, 79, 112, 113, 114, 115, 116, 117, 118, 119]","[3, 4, 9, 14]",DIFF_MC_ARK_54,structural_overapprox_mode_simplified
MC_54,MC,54,2,differential,128,"[0, 1, 2, 3, 4, 5, 6, 7, 8, 9, 10, 11, 12, 13, 14, 15, 16, 17, 18, 19, 20, 21, 22, 23, 24, 25, 26, 27, 28, 29, 30, 31, 32, 33, 34, 35, 36, 37, 38, 39, 40, 41, 42, 43, 44, 45, 46, 47, 48, 49, 50, 51, 52, 53, 54, 55, 56, 57, 58, 59, 60, 61, 62, 63, 64, 65, 66, 67, 68, 69, 70, 71, 72, 73, 74, 75, 76, 77, 78, 79, 80, 81, 82, 83, 84, 85, 86, 87, 88, 89, 90, 91, 92, 93, 94, 95, 96, 97, 98, 99, 100, 101, 102, 103, 104, 105, 106, 107, 108, 109, 110, 111, 112, 113, 114, 115, 116, 117, 118, 119, 120, 121, 122, 123, 124, 125, 126, 127]","[0, 1, 2, 3, 4, 5, 6, 7, 8, 9, 10, 11, 12, 13, 14, 15]",128,"[0, 1, 2, 3, 4, 5, 6, 7, 8, 9, 10, 11, 12, 13, 14, 15, 16, 17, 18, 19, 20, 21, 22, 23, 24, 25, 26, 27, 28, 29, 30, 31, 32, 33, 34, 35, 36, 37, 38, 39, 40, 41, 42, 43, 44, 45, 46, 47, 48, 49, 50, 51, 52, 53, 54, 55, 56, 57, 58, 59, 60, 61, 62, 63, 64, 65, 66, 67, 68, 69, 70, 71, 72, 73, 74, 75, 76, 77, 78, 79, 80, 81, 82, 83, 84, 85, 86, 87, 88, 89, 90, 91, 92, 93, 94, 95, 96, 97, 98, 99, 100, 101, 102, 103, 104, 105, 106, 107, 108, 109, 110, 111, 112, 113, 114, 115, 116, 117, 118, 119, 120, 121, 122, 123, 124, 125, 126, 127]","[0, 1, 2, 3, 4, 5, 6, 7, 8, 9, 10, 11, 12, 13, 14, 15]",DIFF_MC_ARK_54,structural_overapprox_mode_simplified
MC_55,MC,55,1,differential,32,"[24, 25, 26, 27, 28, 29, 30, 31, 32, 33, 34, 35, 36, 37, 38, 39, 72, 73, 74, 75, 76, 77, 78, 79, 112, 113, 114, 115, 116, 117, 118, 119]","[3, 4, 9, 14]",32,"[24, 25, 26, 27, 28, 29, 30, 31, 32, 33, 34, 35, 36, 37, 38, 39, 72, 73, 74, 75, 76, 77, 78, 79, 112, 113, 114, 115, 116, 117, 118, 119]","[3, 4, 9, 14]",DIFF_MC_ARK_55,structural_overapprox_mode_simplified
MC_55,MC,55,2,differential,128,"[0, 1, 2, 3, 4, 5, 6, 7, 8, 9, 10, 11, 12, 13, 14, 15, 16, 17, 18, 19, 20, 21, 22, 23, 24, 25, 26, 27, 28, 29, 30, 31, 32, 33, 34, 35, 36, 37, 38, 39, 40, 41, 42, 43, 44, 45, 46, 47, 48, 49, 50, 51, 52, 53, 54, 55, 56, 57, 58, 59, 60, 61, 62, 63, 64, 65, 66, 67, 68, 69, 70, 71, 72, 73, 74, 75, 76, 77, 78, 79, 80, 81, 82, 83, 84, 85, 86, 87, 88, 89, 90, 91, 92, 93, 94, 95, 96, 97, 98, 99, 100, 101, 102, 103, 104, 105, 106, 107, 108, 109, 110, 111, 112, 113, 114, 115, 116, 117, 118, 119, 120, 121, 122, 123, 124, 125, 126, 127]","[0, 1, 2, 3, 4, 5, 6, 7, 8, 9, 10, 11, 12, 13, 14, 15]",128,"[0, 1, 2, 3, 4, 5, 6, 7, 8, 9, 10, 11, 12, 13, 14, 15, 16, 17, 18, 19, 20, 21, 22, 23, 24, 25, 26, 27, 28, 29, 30, 31, 32, 33, 34, 35, 36, 37, 38, 39, 40, 41, 42, 43, 44, 45, 46, 47, 48, 49, 50, 51, 52, 53, 54, 55, 56, 57, 58, 59, 60, 61, 62, 63, 64, 65, 66, 67, 68, 69, 70, 71, 72, 73, 74, 75, 76, 77, 78, 79, 80, 81, 82, 83, 84, 85, 86, 87, 88, 89, 90, 91, 92, 93, 94, 95, 96, 97, 98, 99, 100, 101, 102, 103, 104, 105, 106, 107, 108, 109, 110, 111, 112, 113, 114, 115, 116, 117, 118, 119, 120, 121, 122, 123, 124, 125, 126, 127]","[0, 1, 2, 3, 4, 5, 6, 7, 8, 9, 10, 11, 12, 13, 14, 15]",DIFF_MC_ARK_55,structural_overapprox_mode_simplified
MC_58,MC,58,1,differential,32,"[24, 25, 26, 27, 28, 29, 30, 31, 32, 33, 34, 35, 36, 37, 38, 39, 72, 73, 74, 75, 76, 77, 78, 79, 112, 113, 114, 115, 116, 117, 118, 119]","[3, 4, 9, 14]",32,"[24, 25, 26, 27, 28, 29, 30, 31, 32, 33, 34, 35, 36, 37, 38, 39, 72, 73, 74, 75, 76, 77, 78, 79, 112, 113, 114, 115, 116, 117, 118, 119]","[3, 4, 9, 14]",DIFF_MC_ARK_58,structural_overapprox_mode_simplified
MC_58,MC,58,2,differential,128,"[0, 1, 2, 3, 4, 5, 6, 7, 8, 9, 10, 11, 12, 13, 14, 15, 16, 17, 18, 19, 20, 21, 22, 23, 24, 25, 26, 27, 28, 29, 30, 31, 32, 33, 34, 35, 36, 37, 38, 39, 40, 41, 42, 43, 44, 45, 46, 47, 48, 49, 50, 51, 52, 53, 54, 55, 56, 57, 58, 59, 60, 61, 62, 63, 64, 65, 66, 67, 68, 69, 70, 71, 72, 73, 74, 75, 76, 77, 78, 79, 80, 81, 82, 83, 84, 85, 86, 87, 88, 89, 90, 91, 92, 93, 94, 95, 96, 97, 98, 99, 100, 101, 102, 103, 104, 105, 106, 107, 108, 109, 110, 111, 112, 113, 114, 115, 116, 117, 118, 119, 120, 121, 122, 123, 124, 125, 126, 127]","[0, 1, 2, 3, 4, 5, 6, 7, 8, 9, 10, 11, 12, 13, 14, 15]",128,"[0, 1, 2, 3, 4, 5, 6, 7, 8, 9, 10, 11, 12, 13, 14, 15, 16, 17, 18, 19, 20, 21, 22, 23, 24, 25, 26, 27, 28, 29, 30, 31, 32, 33, 34, 35, 36, 37, 38, 39, 40, 41, 42, 43, 44, 45, 46, 47, 48, 49, 50, 51, 52, 53, 54, 55, 56, 57, 58, 59, 60, 61, 62, 63, 64, 65, 66, 67, 68, 69, 70, 71, 72, 73, 74, 75, 76, 77, 78, 79, 80, 81, 82, 83, 84, 85, 86, 87, 88, 89, 90, 91, 92, 93, 94, 95, 96, 97, 98, 99, 100, 101, 102, 103, 104, 105, 106, 107, 108, 109, 110, 111, 112, 113, 114, 115, 116, 117, 118, 119, 120, 121, 122, 123, 124, 125, 126, 127]","[0, 1, 2, 3, 4, 5, 6, 7, 8, 9, 10, 11, 12, 13, 14, 15]",DIFF_MC_ARK_58,structural_overapprox_mode_simplified
MC_59,MC,59,1,differential,32,"[24, 25, 26, 27, 28, 29, 30, 31, 32, 33, 34, 35, 36, 37, 38, 39, 72, 73, 74, 75, 76, 77, 78, 79, 112, 113, 114, 115, 116, 117, 118, 119]","[3, 4, 9, 14]",32,"[24, 25, 26, 27, 28, 29, 30, 31, 32, 33, 34, 35, 36, 37, 38, 39, 72, 73, 74, 75, 76, 77, 78, 79, 112, 113, 114, 115, 116, 117, 118, 119]","[3, 4, 9, 14]",DIFF_MC_ARK_59,structural_overapprox_mode_simplified
MC_59,MC,59,2,differential,128,"[0, 1, 2, 3, 4, 5, 6, 7, 8, 9, 10, 11, 12, 13, 14, 15, 16, 17, 18, 19, 20, 21, 22, 23, 24, 25, 26, 27, 28, 29, 30, 31, 32, 33, 34, 35, 36, 37, 38, 39, 40, 41, 42, 43, 44, 45, 46, 47, 48, 49, 50, 51, 52, 53, 54, 55, 56, 57, 58, 59, 60, 61, 62, 63, 64, 65, 66, 67, 68, 69, 70, 71, 72, 73, 74, 75, 76, 77, 78, 79, 80, 81, 82, 83, 84, 85, 86, 87, 88, 89, 90, 91, 92, 93, 94, 95, 96, 97, 98, 99, 100, 101, 102, 103, 104, 105, 106, 107, 108, 109, 110, 111, 112, 113, 114, 115, 116, 117, 118, 119, 120, 121, 122, 123, 124, 125, 126, 127]","[0, 1, 2, 3, 4, 5, 6, 7, 8, 9, 10, 11, 12, 13, 14, 15]",128,"[0, 1, 2, 3, 4, 5, 6, 7, 8, 9, 10, 11, 12, 13, 14, 15, 16, 17, 18, 19, 20, 21, 22, 23, 24, 25, 26, 27, 28, 29, 30, 31, 32, 33, 34, 35, 36, 37, 38, 39, 40, 41, 42, 43, 44, 45, 46, 47, 48, 49, 50, 51, 52, 53, 54, 55, 56, 57, 58, 59, 60, 61, 62, 63, 64, 65, 66, 67, 68, 69, 70, 71, 72, 73, 74, 75, 76, 77, 78, 79, 80, 81, 82, 83, 84, 85, 86, 87, 88, 89, 90, 91, 92, 93, 94, 95, 96, 97, 98, 99, 100, 101, 102, 103, 104, 105, 106, 107, 108, 109, 110, 111, 112, 113, 114, 115, 116, 117, 118, 119, 120, 121, 122, 123, 124, 125, 126, 127]","[0, 1, 2, 3, 4, 5, 6, 7, 8, 9, 10, 11, 12, 13, 14, 15]",DIFF_MC_ARK_59,structural_overapprox_mode_simplified
MC_6,MC,6,1,differential,32,"[0, 1, 2, 3, 4, 5, 6, 7, 40, 41, 42, 43, 44, 45, 46, 47, 80, 81, 82, 83, 84, 85, 86, 87, 120, 121, 122, 123, 124, 125, 126, 127]","[0, 5, 10, 15]",32,"[0, 1, 2, 3, 4, 5, 6, 7, 40, 41, 42, 43, 44, 45, 46, 47, 80, 81, 82, 83, 84, 85, 86, 87, 120, 121, 122, 123, 124, 125, 126, 127]","[0, 5, 10, 15]",DIFF_MC_ARK_6,structural_overapprox_mode_simplified
MC_6,MC,6,2,differential,128,"[0, 1, 2, 3, 4, 5, 6, 7, 8, 9, 10, 11, 12, 13, 14, 15, 16, 17, 18, 19, 20, 21, 22, 23, 24, 25, 26, 27, 28, 29, 30, 31, 32, 33, 34, 35, 36, 37, 38, 39, 40, 41, 42, 43, 44, 45, 46, 47, 48, 49, 50, 51, 52, 53, 54, 55, 56, 57, 58, 59, 60, 61, 62, 63, 64, 65, 66, 67, 68, 69, 70, 71, 72, 73, 74, 75, 76, 77, 78, 79, 80, 81, 82, 83, 84, 85, 86, 87, 88, 89, 90, 91, 92, 93, 94, 95, 96, 97, 98, 99, 100, 101, 102, 103, 104, 105, 106, 107, 108, 109, 110, 111, 112, 113, 114, 115, 116, 117, 118, 119, 120, 121, 122, 123, 124, 125, 126, 127]","[0, 1, 2, 3, 4, 5, 6, 7, 8, 9, 10, 11, 12, 13, 14, 15]",128,"[0, 1, 2, 3, 4, 5, 6, 7, 8, 9, 10, 11, 12, 13, 14, 15, 16, 17, 18, 19, 20, 21, 22, 23, 24, 25, 26, 27, 28, 29, 30, 31, 32, 33, 34, 35, 36, 37, 38, 39, 40, 41, 42, 43, 44, 45, 46, 47, 48, 49, 50, 51, 52, 53, 54, 55, 56, 57, 58, 59, 60, 61, 62, 63, 64, 65, 66, 67, 68, 69, 70, 71, 72, 73, 74, 75, 76, 77, 78, 79, 80, 81, 82, 83, 84, 85, 86, 87, 88, 89, 90, 91, 92, 93, 94, 95, 96, 97, 98, 99, 100, 101, 102, 103, 104, 105, 106, 107, 108, 109, 110, 111, 112, 113, 114, 115, 116, 117, 118, 119, 120, 121, 122, 123, 124, 125, 126, 127]","[0, 1, 2, 3, 4, 5, 6, 7, 8, 9, 10, 11, 12, 13, 14, 15]",DIFF_MC_ARK_6,structural_overapprox_mode_simplified
MC_62,MC,62,1,differential,32,"[24, 25, 26, 27, 28, 29, 30, 31, 32, 33, 34, 35, 36, 37, 38, 39, 72, 73, 74, 75, 76, 77, 78, 79, 112, 113, 114, 115, 116, 117, 118, 119]","[3, 4, 9, 14]",32,"[24, 25, 26, 27, 28, 29, 30, 31, 32, 33, 34, 35, 36, 37, 38, 39, 72, 73, 74, 75, 76, 77, 78, 79, 112, 113, 114, 115, 116, 117, 118, 119]","[3, 4, 9, 14]",DIFF_MC_ARK_62,structural_overapprox_mode_simplified
MC_62,MC,62,2,differential,128,"[0, 1, 2, 3, 4, 5, 6, 7, 8, 9, 10, 11, 12, 13, 14, 15, 16, 17, 18, 19, 20, 21, 22, 23, 24, 25, 26, 27, 28, 29, 30, 31, 32, 33, 34, 35, 36, 37, 38, 39, 40, 41, 42, 43, 44, 45, 46, 47, 48, 49, 50, 51, 52, 53, 54, 55, 56, 57, 58, 59, 60, 61, 62, 63, 64, 65, 66, 67, 68, 69, 70, 71, 72, 73, 74, 75, 76, 77, 78, 79, 80, 81, 82, 83, 84, 85, 86, 87, 88, 89, 90, 91, 92, 93, 94, 95, 96, 97, 98, 99, 100, 101, 102, 103, 104, 105, 106, 107, 108, 109, 110, 111, 112, 113, 114, 115, 116, 117, 118, 119, 120, 121, 122, 123, 124, 125, 126, 127]","[0, 1, 2, 3, 4, 5, 6, 7, 8, 9, 10, 11, 12, 13, 14, 15]",128,"[0, 1, 2, 3, 4, 5, 6, 7, 8, 9, 10, 11, 12, 13, 14, 15, 16, 17, 18, 19, 20, 21, 22, 23, 24, 25, 26, 27, 28, 29, 30, 31, 32, 33, 34, 35, 36, 37, 38, 39, 40, 41, 42, 43, 44, 45, 46, 47, 48, 49, 50, 51, 52, 53, 54, 55, 56, 57, 58, 59, 60, 61, 62, 63, 64, 65, 66, 67, 68, 69, 70, 71, 72, 73, 74, 75, 76, 77, 78, 79, 80, 81, 82, 83, 84, 85, 86, 87, 88, 89, 90, 91, 92, 93, 94, 95, 96, 97, 98, 99, 100, 101, 102, 103, 104, 105, 106, 107, 108, 109, 110, 111, 112, 113, 114, 115, 116, 117, 118, 119, 120, 121, 122, 123, 124, 125, 126, 127]","[0, 1, 2, 3, 4, 5, 6, 7, 8, 9, 10, 11, 12, 13, 14, 15]",DIFF_MC_ARK_62,structural_overapprox_mode_simplified
MC_64,MC,64,1,differential,32,"[16, 17, 18, 19, 20, 21, 22, 23, 56, 57, 58, 59, 60, 61, 62, 63, 64, 65, 66, 67, 68, 69, 70, 71, 104, 105, 106, 107, 108, 109, 110, 111]","[2, 7, 8, 13]",32,"[16, 17, 18, 19, 20, 21, 22, 23, 56, 57, 58, 59, 60, 61, 62, 63, 64, 65, 66, 67, 68, 69, 70, 71, 104, 105, 106, 107, 108, 109, 110, 111]","[2, 7, 8, 13]",DIFF_MC_ARK_64,structural_overapprox_mode_simplified
MC_64,MC,64,2,differential,128,"[0, 1, 2, 3, 4, 5, 6, 7, 8, 9, 10, 11, 12, 13, 14, 15, 16, 17, 18, 19, 20, 21, 22, 23, 24, 25, 26, 27, 28, 29, 30, 31, 32, 33, 34, 35, 36, 37, 38, 39, 40, 41, 42, 43, 44, 45, 46, 47, 48, 49, 50, 51, 52, 53, 54, 55, 56, 57, 58, 59, 60, 61, 62, 63, 64, 65, 66, 67, 68, 69, 70, 71, 72, 73, 74, 75, 76, 77, 78, 79, 80, 81, 82, 83, 84, 85, 86, 87, 88, 89, 90, 91, 92, 93, 94, 95, 96, 97, 98, 99, 100, 101, 102, 103, 104, 105, 106, 107, 108, 109, 110, 111, 112, 113, 114, 115, 116, 117, 118, 119, 120, 121, 122, 123, 124, 125, 126, 127]","[0, 1, 2, 3, 4, 5, 6, 7, 8, 9, 10, 11, 12, 13, 14, 15]",128,"[0, 1, 2, 3, 4, 5, 6, 7, 8, 9, 10, 11, 12, 13, 14, 15, 16, 17, 18, 19, 20, 21, 22, 23, 24, 25, 26, 27, 28, 29, 30, 31, 32, 33, 34, 35, 36, 37, 38, 39, 40, 41, 42, 43, 44, 45, 46, 47, 48, 49, 50, 51, 52, 53, 54, 55, 56, 57, 58, 59, 60, 61, 62, 63, 64, 65, 66, 67, 68, 69, 70, 71, 72, 73, 74, 75, 76, 77, 78, 79, 80, 81, 82, 83, 84, 85, 86, 87, 88, 89, 90, 91, 92, 93, 94, 95, 96, 97, 98, 99, 100, 101, 102, 103, 104, 105, 106, 107, 108, 109, 110, 111, 112, 113, 114, 115, 116, 117, 118, 119, 120, 121, 122, 123, 124, 125, 126, 127]","[0, 1, 2, 3, 4, 5, 6, 7, 8, 9, 10, 11, 12, 13, 14, 15]",DIFF_MC_ARK_64,structural_overapprox_mode_simplified
MC_66,MC,66,1,differential,32,"[16, 17, 18, 19, 20, 21, 22, 23, 56, 57, 58, 59, 60, 61, 62, 63, 64, 65, 66, 67, 68, 69, 70, 71, 104, 105, 106, 107, 108, 109, 110, 111]","[2, 7, 8, 13]",32,"[16, 17, 18, 19, 20, 21, 22, 23, 56, 57, 58, 59, 60, 61, 62, 63, 64, 65, 66, 67, 68, 69, 70, 71, 104, 105, 106, 107, 108, 109, 110, 111]","[2, 7, 8, 13]",DIFF_MC_ARK_66,structural_overapprox_mode_simplified
MC_66,MC,66,2,differential,128,"[0, 1, 2, 3, 4, 5, 6, 7, 8, 9, 10, 11, 12, 13, 14, 15, 16, 17, 18, 19, 20, 21, 22, 23, 24, 25, 26, 27, 28, 29, 30, 31, 32, 33, 34, 35, 36, 37, 38, 39, 40, 41, 42, 43, 44, 45, 46, 47, 48, 49, 50, 51, 52, 53, 54, 55, 56, 57, 58, 59, 60, 61, 62, 63, 64, 65, 66, 67, 68, 69, 70, 71, 72, 73, 74, 75, 76, 77, 78, 79, 80, 81, 82, 83, 84, 85, 86, 87, 88, 89, 90, 91, 92, 93, 94, 95, 96, 97, 98, 99, 100, 101, 102, 103, 104, 105, 106, 107, 108, 109, 110, 111, 112, 113, 114, 115, 116, 117, 118, 119, 120, 121, 122, 123, 124, 125, 126, 127]","[0, 1, 2, 3, 4, 5, 6, 7, 8, 9, 10, 11, 12, 13, 14, 15]",128,"[0, 1, 2, 3, 4, 5, 6, 7, 8, 9, 10, 11, 12, 13, 14, 15, 16, 17, 18, 19, 20, 21, 22, 23, 24, 25, 26, 27, 28, 29, 30, 31, 32, 33, 34, 35, 36, 37, 38, 39, 40, 41, 42, 43, 44, 45, 46, 47, 48, 49, 50, 51, 52, 53, 54, 55, 56, 57, 58, 59, 60, 61, 62, 63, 64, 65, 66, 67, 68, 69, 70, 71, 72, 73, 74, 75, 76, 77, 78, 79, 80, 81, 82, 83, 84, 85, 86, 87, 88, 89, 90, 91, 92, 93, 94, 95, 96, 97, 98, 99, 100, 101, 102, 103, 104, 105, 106, 107, 108, 109, 110, 111, 112, 113, 114, 115, 116, 117, 118, 119, 120, 121, 122, 123, 124, 125, 126, 127]","[0, 1, 2, 3, 4, 5, 6, 7, 8, 9, 10, 11, 12, 13, 14, 15]",DIFF_MC_ARK_66,structural_overapprox_mode_simplified
MC_69,MC,69,1,differential,32,"[16, 17, 18, 19, 20, 21, 22, 23, 56, 57, 58, 59, 60, 61, 62, 63, 64, 65, 66, 67, 68, 69, 70, 71, 104, 105, 106, 107, 108, 109, 110, 111]","[2, 7, 8, 13]",32,"[16, 17, 18, 19, 20, 21, 22, 23, 56, 57, 58, 59, 60, 61, 62, 63, 64, 65, 66, 67, 68, 69, 70, 71, 104, 105, 106, 107, 108, 109, 110, 111]","[2, 7, 8, 13]",DIFF_MC_ARK_69,structural_overapprox_mode_simplified
MC_69,MC,69,2,differential,128,"[0, 1, 2, 3, 4, 5, 6, 7, 8, 9, 10, 11, 12, 13, 14, 15, 16, 17, 18, 19, 20, 21, 22, 23, 24, 25, 26, 27, 28, 29, 30, 31, 32, 33, 34, 35, 36, 37, 38, 39, 40, 41, 42, 43, 44, 45, 46, 47, 48, 49, 50, 51, 52, 53, 54, 55, 56, 57, 58, 59, 60, 61, 62, 63, 64, 65, 66, 67, 68, 69, 70, 71, 72, 73, 74, 75, 76, 77, 78, 79, 80, 81, 82, 83, 84, 85, 86, 87, 88, 89, 90, 91, 92, 93, 94, 95, 96, 97, 98, 99, 100, 101, 102, 103, 104, 105, 106, 107, 108, 109, 110, 111, 112, 113, 114, 115, 116, 117, 118, 119, 120, 121, 122, 123, 124, 125, 126, 127]","[0, 1, 2, 3, 4, 5, 6, 7, 8, 9, 10, 11, 12, 13, 14, 15]",128,"[0, 1, 2, 3, 4, 5, 6, 7, 8, 9, 10, 11, 12, 13, 14, 15, 16, 17, 18, 19, 20, 21, 22, 23, 24, 25, 26, 27, 28, 29, 30, 31, 32, 33, 34, 35, 36, 37, 38, 39, 40, 41, 42, 43, 44, 45, 46, 47, 48, 49, 50, 51, 52, 53, 54, 55, 56, 57, 58, 59, 60, 61, 62, 63, 64, 65, 66, 67, 68, 69, 70, 71, 72, 73, 74, 75, 76, 77, 78, 79, 80, 81, 82, 83, 84, 85, 86, 87, 88, 89, 90, 91, 92, 93, 94, 95, 96, 97, 98, 99, 100, 101, 102, 103, 104, 105, 106, 107, 108, 109, 110, 111, 112, 113, 114, 115, 116, 117, 118, 119, 120, 121, 122, 123, 124, 125, 126, 127]","[0, 1, 2, 3, 4, 5, 6, 7, 8, 9, 10, 11, 12, 13, 14, 15]",DIFF_MC_ARK_69,structural_overapprox_mode_simplified
MC_7,MC,7,1,differential,32,"[0, 1, 2, 3, 4, 5, 6, 7, 40, 41, 42, 43, 44, 45, 46, 47, 80, 81, 82, 83, 84, 85, 86, 87, 120, 121, 122, 123, 124, 125, 126, 127]","[0, 5, 10, 15]",32,"[0, 1, 2, 3, 4, 5, 6, 7, 40, 41, 42, 43, 44, 45, 46, 47, 80, 81, 82, 83, 84, 85, 86, 87, 120, 121, 122, 123, 124, 125, 126, 127]","[0, 5, 10, 15]",DIFF_MC_ARK_7,structural_overapprox_mode_simplified
MC_7,MC,7,2,differential,128,"[0, 1, 2, 3, 4, 5, 6, 7, 8, 9, 10, 11, 12, 13, 14, 15, 16, 17, 18, 19, 20, 21, 22, 23, 24, 25, 26, 27, 28, 29, 30, 31, 32, 33, 34, 35, 36, 37, 38, 39, 40, 41, 42, 43, 44, 45, 46, 47, 48, 49, 50, 51, 52, 53, 54, 55, 56, 57, 58, 59, 60, 61, 62, 63, 64, 65, 66, 67, 68, 69, 70, 71, 72, 73, 74, 75, 76, 77, 78, 79, 80, 81, 82, 83, 84, 85, 86, 87, 88, 89, 90, 91, 92, 93, 94, 95, 96, 97, 98, 99, 100, 101, 102, 103, 104, 105, 106, 107, 108, 109, 110, 111, 112, 113, 114, 115, 116, 117, 118, 119, 120, 121, 122, 123, 124, 125, 126, 127]","[0, 1, 2, 3, 4, 5, 6, 7, 8, 9, 10, 11, 12, 13, 14, 15]",128,"[0, 1, 2, 3, 4, 5, 6, 7, 8, 9, 10, 11, 12, 13, 14, 15, 16, 17, 18, 19, 20, 21, 22, 23, 24, 25, 26, 27, 28, 29, 30, 31, 32, 33, 34, 35, 36, 37, 38, 39, 40, 41, 42, 43, 44, 45, 46, 47, 48, 49, 50, 51, 52, 53, 54, 55, 56, 57, 58, 59, 60, 61, 62, 63, 64, 65, 66, 67, 68, 69, 70, 71, 72, 73, 74, 75, 76, 77, 78, 79, 80, 81, 82, 83, 84, 85, 86, 87, 88, 89, 90, 91, 92, 93, 94, 95, 96, 97, 98, 99, 100, 101, 102, 103, 104, 105, 106, 107, 108, 109, 110, 111, 112, 113, 114, 115, 116, 117, 118, 119, 120, 121, 122, 123, 124, 125, 126, 127]","[0, 1, 2, 3, 4, 5, 6, 7, 8, 9, 10, 11, 12, 13, 14, 15]",DIFF_MC_ARK_7,structural_overapprox_mode_simplified
MC_70,MC,70,1,differential,32,"[16, 17, 18, 19, 20, 21, 22, 23, 56, 57, 58, 59, 60, 61, 62, 63, 64, 65, 66, 67, 68, 69, 70, 71, 104, 105, 106, 107, 108, 109, 110, 111]","[2, 7, 8, 13]",32,"[16, 17, 18, 19, 20, 21, 22, 23, 56, 57, 58, 59, 60, 61, 62, 63, 64, 65, 66, 67, 68, 69, 70, 71, 104, 105, 106, 107, 108, 109, 110, 111]","[2, 7, 8, 13]",DIFF_MC_ARK_70,structural_overapprox_mode_simplified
MC_70,MC,70,2,differential,128,"[0, 1, 2, 3, 4, 5, 6, 7, 8, 9, 10, 11, 12, 13, 14, 15, 16, 17, 18, 19, 20, 21, 22, 23, 24, 25, 26, 27, 28, 29, 30, 31, 32, 33, 34, 35, 36, 37, 38, 39, 40, 41, 42, 43, 44, 45, 46, 47, 48, 49, 50, 51, 52, 53, 54, 55, 56, 57, 58, 59, 60, 61, 62, 63, 64, 65, 66, 67, 68, 69, 70, 71, 72, 73, 74, 75, 76, 77, 78, 79, 80, 81, 82, 83, 84, 85, 86, 87, 88, 89, 90, 91, 92, 93, 94, 95, 96, 97, 98, 99, 100, 101, 102, 103, 104, 105, 106, 107, 108, 109, 110, 111, 112, 113, 114, 115, 116, 117, 118, 119, 120, 121, 122, 123, 124, 125, 126, 127]","[0, 1, 2, 3, 4, 5, 6, 7, 8, 9, 10, 11, 12, 13, 14, 15]",128,"[0, 1, 2, 3, 4, 5, 6, 7, 8, 9, 10, 11, 12, 13, 14, 15, 16, 17, 18, 19, 20, 21, 22, 23, 24, 25, 26, 27, 28, 29, 30, 31, 32, 33, 34, 35, 36, 37, 38, 39, 40, 41, 42, 43, 44, 45, 46, 47, 48, 49, 50, 51, 52, 53, 54, 55, 56, 57, 58, 59, 60, 61, 62, 63, 64, 65, 66, 67, 68, 69, 70, 71, 72, 73, 74, 75, 76, 77, 78, 79, 80, 81, 82, 83, 84, 85, 86, 87, 88, 89, 90, 91, 92, 93, 94, 95, 96, 97, 98, 99, 100, 101, 102, 103, 104, 105, 106, 107, 108, 109, 110, 111, 112, 113, 114, 115, 116, 117, 118, 119, 120, 121, 122, 123, 124, 125, 126, 127]","[0, 1, 2, 3, 4, 5, 6, 7, 8, 9, 10, 11, 12, 13, 14, 15]",DIFF_MC_ARK_70,structural_overapprox_mode_simplified
MC_71,MC,71,1,differential,32,"[16, 17, 18, 19, 20, 21, 22, 23, 56, 57, 58, 59, 60, 61, 62, 63, 64, 65, 66, 67, 68, 69, 70, 71, 104, 105, 106, 107, 108, 109, 110, 111]","[2, 7, 8, 13]",32,"[16, 17, 18, 19, 20, 21, 22, 23, 56, 57, 58, 59, 60, 61, 62, 63, 64, 65, 66, 67, 68, 69, 70, 71, 104, 105, 106, 107, 108, 109, 110, 111]","[2, 7, 8, 13]",DIFF_MC_ARK_71,structural_overapprox_mode_simplified
MC_71,MC,71,2,differential,128,"[0, 1, 2, 3, 4, 5, 6, 7, 8, 9, 10, 11, 12, 13, 14, 15, 16, 17, 18, 19, 20, 21, 22, 23, 24, 25, 26, 27, 28, 29, 30, 31, 32, 33, 34, 35, 36, 37, 38, 39, 40, 41, 42, 43, 44, 45, 46, 47, 48, 49, 50, 51, 52, 53, 54, 55, 56, 57, 58, 59, 60, 61, 62, 63, 64, 65, 66, 67, 68, 69, 70, 71, 72, 73, 74, 75, 76, 77, 78, 79, 80, 81, 82, 83, 84, 85, 86, 87, 88, 89, 90, 91, 92, 93, 94, 95, 96, 97, 98, 99, 100, 101, 102, 103, 104, 105, 106, 107, 108, 109, 110, 111, 112, 113, 114, 115, 116, 117, 118, 119, 120, 121, 122, 123, 124, 125, 126, 127]","[0, 1, 2, 3, 4, 5, 6, 7, 8, 9, 10, 11, 12, 13, 14, 15]",128,"[0, 1, 2, 3, 4, 5, 6, 7, 8, 9, 10, 11, 12, 13, 14, 15, 16, 17, 18, 19, 20, 21, 22, 23, 24, 25, 26, 27, 28, 29, 30, 31, 32, 33, 34, 35, 36, 37, 38, 39, 40, 41, 42, 43, 44, 45, 46, 47, 48, 49, 50, 51, 52, 53, 54, 55, 56, 57, 58, 59, 60, 61, 62, 63, 64, 65, 66, 67, 68, 69, 70, 71, 72, 73, 74, 75, 76, 77, 78, 79, 80, 81, 82, 83, 84, 85, 86, 87, 88, 89, 90, 91, 92, 93, 94, 95, 96, 97, 98, 99, 100, 101, 102, 103, 104, 105, 106, 107, 108, 109, 110, 111, 112, 113, 114, 115, 116, 117, 118, 119, 120, 121, 122, 123, 124, 125, 126, 127]","[0, 1, 2, 3, 4, 5, 6, 7, 8, 9, 10, 11, 12, 13, 14, 15]",DIFF_MC_ARK_71,structural_overapprox_mode_simplified
MC_72,MC,72,1,differential,32,"[16, 17, 18, 19, 20, 21, 22, 23, 56, 57, 58, 59, 60, 61, 62, 63, 64, 65, 66, 67, 68, 69, 70, 71, 104, 105, 106, 107, 108, 109, 110, 111]","[2, 7, 8, 13]",32,"[16, 17, 18, 19, 20, 21, 22, 23, 56, 57, 58, 59, 60, 61, 62, 63, 64, 65, 66, 67, 68, 69, 70, 71, 104, 105, 106, 107, 108, 109, 110, 111]","[2, 7, 8, 13]",DIFF_MC_ARK_72,structural_overapprox_mode_simplified
MC_72,MC,72,2,differential,128,"[0, 1, 2, 3, 4, 5, 6, 7, 8, 9, 10, 11, 12, 13, 14, 15, 16, 17, 18, 19, 20, 21, 22, 23, 24, 25, 26, 27, 28, 29, 30, 31, 32, 33, 34, 35, 36, 37, 38, 39, 40, 41, 42, 43, 44, 45, 46, 47, 48, 49, 50, 51, 52, 53, 54, 55, 56, 57, 58, 59, 60, 61, 62, 63, 64, 65, 66, 67, 68, 69, 70, 71, 72, 73, 74, 75, 76, 77, 78, 79, 80, 81, 82, 83, 84, 85, 86, 87, 88, 89, 90, 91, 92, 93, 94, 95, 96, 97, 98, 99, 100, 101, 102, 103, 104, 105, 106, 107, 108, 109, 110, 111, 112, 113, 114, 115, 116, 117, 118, 119, 120, 121, 122, 123, 124, 125, 126, 127]","[0, 1, 2, 3, 4, 5, 6, 7, 8, 9, 10, 11, 12, 13, 14, 15]",128,"[0, 1, 2, 3, 4, 5, 6, 7, 8, 9, 10, 11, 12, 13, 14, 15, 16, 17, 18, 19, 20, 21, 22, 23, 24, 25, 26, 27, 28, 29, 30, 31, 32, 33, 34, 35, 36, 37, 38, 39, 40, 41, 42, 43, 44, 45, 46, 47, 48, 49, 50, 51, 52, 53, 54, 55, 56, 57, 58, 59, 60, 61, 62, 63, 64, 65, 66, 67, 68, 69, 70, 71, 72, 73, 74, 75, 76, 77, 78, 79, 80, 81, 82, 83, 84, 85, 86, 87, 88, 89, 90, 91, 92, 93, 94, 95, 96, 97, 98, 99, 100, 101, 102, 103, 104, 105, 106, 107, 108, 109, 110, 111, 112, 113, 114, 115, 116, 117, 118, 119, 120, 121, 122, 123, 124, 125, 126, 127]","[0, 1, 2, 3, 4, 5, 6, 7, 8, 9, 10, 11, 12, 13, 14, 15]",DIFF_MC_ARK_72,structural_overapprox_mode_simplified
MC_75,MC,75,1,differential,32,"[16, 17, 18, 19, 20, 21, 22, 23, 56, 57, 58, 59, 60, 61, 62, 63, 64, 65, 66, 67, 68, 69, 70, 71, 104, 105, 106, 107, 108, 109, 110, 111]","[2, 7, 8, 13]",32,"[16, 17, 18, 19, 20, 21, 22, 23, 56, 57, 58, 59, 60, 61, 62, 63, 64, 65, 66, 67, 68, 69, 70, 71, 104, 105, 106, 107, 108, 109, 110, 111]","[2, 7, 8, 13]",DIFF_MC_ARK_75,structural_overapprox_mode_simplified
MC_75,MC,75,2,differential,128,"[0, 1, 2, 3, 4, 5, 6, 7, 8, 9, 10, 11, 12, 13, 14, 15, 16, 17, 18, 19, 20, 21, 22, 23, 24, 25, 26, 27, 28, 29, 30, 31, 32, 33, 34, 35, 36, 37, 38, 39, 40, 41, 42, 43, 44, 45, 46, 47, 48, 49, 50, 51, 52, 53, 54, 55, 56, 57, 58, 59, 60, 61, 62, 63, 64, 65, 66, 67, 68, 69, 70, 71, 72, 73, 74, 75, 76, 77, 78, 79, 80, 81, 82, 83, 84, 85, 86, 87, 88, 89, 90, 91, 92, 93, 94, 95, 96, 97, 98, 99, 100, 101, 102, 103, 104, 105, 106, 107, 108, 109, 110, 111, 112, 113, 114, 115, 116, 117, 118, 119, 120, 121, 122, 123, 124, 125, 126, 127]","[0, 1, 2, 3, 4, 5, 6, 7, 8, 9, 10, 11, 12, 13, 14, 15]",128,"[0, 1, 2, 3, 4, 5, 6, 7, 8, 9, 10, 11, 12, 13, 14, 15, 16, 17, 18, 19, 20, 21, 22, 23, 24, 25, 26, 27, 28, 29, 30, 31, 32, 33, 34, 35, 36, 37, 38, 39, 40, 41, 42, 43, 44, 45, 46, 47, 48, 49, 50, 51, 52, 53, 54, 55, 56, 57, 58, 59, 60, 61, 62, 63, 64, 65, 66, 67, 68, 69, 70, 71, 72, 73, 74, 75, 76, 77, 78, 79, 80, 81, 82, 83, 84, 85, 86, 87, 88, 89, 90, 91, 92, 93, 94, 95, 96, 97, 98, 99, 100, 101, 102, 103, 104, 105, 106, 107, 108, 109, 110, 111, 112, 113, 114, 115, 116, 117, 118, 119, 120, 121, 122, 123, 124, 125, 126, 127]","[0, 1, 2, 3, 4, 5, 6, 7, 8, 9, 10, 11, 12, 13, 14, 15]",DIFF_MC_ARK_75,structural_overapprox_mode_simplified
MC_76,MC,76,1,differential,32,"[16, 17, 18, 19, 20, 21, 22, 23, 56, 57, 58, 59, 60, 61, 62, 63, 64, 65, 66, 67, 68, 69, 70, 71, 104, 105, 106, 107, 108, 109, 110, 111]","[2, 7, 8, 13]",32,"[16, 17, 18, 19, 20, 21, 22, 23, 56, 57, 58, 59, 60, 61, 62, 63, 64, 65, 66, 67, 68, 69, 70, 71, 104, 105, 106, 107, 108, 109, 110, 111]","[2, 7, 8, 13]",DIFF_MC_ARK_76,structural_overapprox_mode_simplified
MC_76,MC,76,2,differential,128,"[0, 1, 2, 3, 4, 5, 6, 7, 8, 9, 10, 11, 12, 13, 14, 15, 16, 17, 18, 19, 20, 21, 22, 23, 24, 25, 26, 27, 28, 29, 30, 31, 32, 33, 34, 35, 36, 37, 38, 39, 40, 41, 42, 43, 44, 45, 46, 47, 48, 49, 50, 51, 52, 53, 54, 55, 56, 57, 58, 59, 60, 61, 62, 63, 64, 65, 66, 67, 68, 69, 70, 71, 72, 73, 74, 75, 76, 77, 78, 79, 80, 81, 82, 83, 84, 85, 86, 87, 88, 89, 90, 91, 92, 93, 94, 95, 96, 97, 98, 99, 100, 101, 102, 103, 104, 105, 106, 107, 108, 109, 110, 111, 112, 113, 114, 115, 116, 117, 118, 119, 120, 121, 122, 123, 124, 125, 126, 127]","[0, 1, 2, 3, 4, 5, 6, 7, 8, 9, 10, 11, 12, 13, 14, 15]",128,"[0, 1, 2, 3, 4, 5, 6, 7, 8, 9, 10, 11, 12, 13, 14, 15, 16, 17, 18, 19, 20, 21, 22, 23, 24, 25, 26, 27, 28, 29, 30, 31, 32, 33, 34, 35, 36, 37, 38, 39, 40, 41, 42, 43, 44, 45, 46, 47, 48, 49, 50, 51, 52, 53, 54, 55, 56, 57, 58, 59, 60, 61, 62, 63, 64, 65, 66, 67, 68, 69, 70, 71, 72, 73, 74, 75, 76, 77, 78, 79, 80, 81, 82, 83, 84, 85, 86, 87, 88, 89, 90, 91, 92, 93, 94, 95, 96, 97, 98, 99, 100, 101, 102, 103, 104, 105, 106, 107, 108, 109, 110, 111, 112, 113, 114, 115, 116, 117, 118, 119, 120, 121, 122, 123, 124, 125, 126, 127]","[0, 1, 2, 3, 4, 5, 6, 7, 8, 9, 10, 11, 12, 13, 14, 15]",DIFF_MC_ARK_76,structural_overapprox_mode_simplified
MC_78,MC,78,1,differential,32,"[16, 17, 18, 19, 20, 21, 22, 23, 56, 57, 58, 59, 60, 61, 62, 63, 64, 65, 66, 67, 68, 69, 70, 71, 104, 105, 106, 107, 108, 109, 110, 111]","[2, 7, 8, 13]",32,"[16, 17, 18, 19, 20, 21, 22, 23, 56, 57, 58, 59, 60, 61, 62, 63, 64, 65, 66, 67, 68, 69, 70, 71, 104, 105, 106, 107, 108, 109, 110, 111]","[2, 7, 8, 13]",DIFF_MC_ARK_78,structural_overapprox_mode_simplified
MC_78,MC,78,2,differential,128,"[0, 1, 2, 3, 4, 5, 6, 7, 8, 9, 10, 11, 12, 13, 14, 15, 16, 17, 18, 19, 20, 21, 22, 23, 24, 25, 26, 27, 28, 29, 30, 31, 32, 33, 34, 35, 36, 37, 38, 39, 40, 41, 42, 43, 44, 45, 46, 47, 48, 49, 50, 51, 52, 53, 54, 55, 56, 57, 58, 59, 60, 61, 62, 63, 64, 65, 66, 67, 68, 69, 70, 71, 72, 73, 74, 75, 76, 77, 78, 79, 80, 81, 82, 83, 84, 85, 86, 87, 88, 89, 90, 91, 92, 93, 94, 95, 96, 97, 98, 99, 100, 101, 102, 103, 104, 105, 106, 107, 108, 109, 110, 111, 112, 113, 114, 115, 116, 117, 118, 119, 120, 121, 122, 123, 124, 125, 126, 127]","[0, 1, 2, 3, 4, 5, 6, 7, 8, 9, 10, 11, 12, 13, 14, 15]",128,"[0, 1, 2, 3, 4, 5, 6, 7, 8, 9, 10, 11, 12, 13, 14, 15, 16, 17, 18, 19, 20, 21, 22, 23, 24, 25, 26, 27, 28, 29, 30, 31, 32, 33, 34, 35, 36, 37, 38, 39, 40, 41, 42, 43, 44, 45, 46, 47, 48, 49, 50, 51, 52, 53, 54, 55, 56, 57, 58, 59, 60, 61, 62, 63, 64, 65, 66, 67, 68, 69, 70, 71, 72, 73, 74, 75, 76, 77, 78, 79, 80, 81, 82, 83, 84, 85, 86, 87, 88, 89, 90, 91, 92, 93, 94, 95, 96, 97, 98, 99, 100, 101, 102, 103, 104, 105, 106, 107, 108, 109, 110, 111, 112, 113, 114, 115, 116, 117, 118, 119, 120, 121, 122, 123, 124, 125, 126, 127]","[0, 1, 2, 3, 4, 5, 6, 7, 8, 9, 10, 11, 12, 13, 14, 15]",DIFF_MC_ARK_78,structural_overapprox_mode_simplified
MC_80,MC,80,1,differential,32,"[16, 17, 18, 19, 20, 21, 22, 23, 56, 57, 58, 59, 60, 61, 62, 63, 64, 65, 66, 67, 68, 69, 70, 71, 104, 105, 106, 107, 108, 109, 110, 111]","[2, 7, 8, 13]",32,"[16, 17, 18, 19, 20, 21, 22, 23, 56, 57, 58, 59, 60, 61, 62, 63, 64, 65, 66, 67, 68, 69, 70, 71, 104, 105, 106, 107, 108, 109, 110, 111]","[2, 7, 8, 13]",DIFF_MC_ARK_80,structural_overapprox_mode_simplified
MC_80,MC,80,2,differential,128,"[0, 1, 2, 3, 4, 5, 6, 7, 8, 9, 10, 11, 12, 13, 14, 15, 16, 17, 18, 19, 20, 21, 22, 23, 24, 25, 26, 27, 28, 29, 30, 31, 32, 33, 34, 35, 36, 37, 38, 39, 40, 41, 42, 43, 44, 45, 46, 47, 48, 49, 50, 51, 52, 53, 54, 55, 56, 57, 58, 59, 60, 61, 62, 63, 64, 65, 66, 67, 68, 69, 70, 71, 72, 73, 74, 75, 76, 77, 78, 79, 80, 81, 82, 83, 84, 85, 86, 87, 88, 89, 90, 91, 92, 93, 94, 95, 96, 97, 98, 99, 100, 101, 102, 103, 104, 105, 106, 107, 108, 109, 110, 111, 112, 113, 114, 115, 116, 117, 118, 119, 120, 121, 122, 123, 124, 125, 126, 127]","[0, 1, 2, 3, 4, 5, 6, 7, 8, 9, 10, 11, 12, 13, 14, 15]",128,"[0, 1, 2, 3, 4, 5, 6, 7, 8, 9, 10, 11, 12, 13, 14, 15, 16, 17, 18, 19, 20, 21, 22, 23, 24, 25, 26, 27, 28, 29, 30, 31, 32, 33, 34, 35, 36, 37, 38, 39, 40, 41, 42, 43, 44, 45, 46, 47, 48, 49, 50, 51, 52, 53, 54, 55, 56, 57, 58, 59, 60, 61, 62, 63, 64, 65, 66, 67, 68, 69, 70, 71, 72, 73, 74, 75, 76, 77, 78, 79, 80, 81, 82, 83, 84, 85, 86, 87, 88, 89, 90, 91, 92, 93, 94, 95, 96, 97, 98, 99, 100, 101, 102, 103, 104, 105, 106, 107, 108, 109, 110, 111, 112, 113, 114, 115, 116, 117, 118, 119, 120, 121, 122, 123, 124, 125, 126, 127]","[0, 1, 2, 3, 4, 5, 6, 7, 8, 9, 10, 11, 12, 13, 14, 15]",DIFF_MC_ARK_80,structural_overapprox_mode_simplified
MC_82,MC,82,1,differential,32,"[16, 17, 18, 19, 20, 21, 22, 23, 56, 57, 58, 59, 60, 61, 62, 63, 64, 65, 66, 67, 68, 69, 70, 71, 104, 105, 106, 107, 108, 109, 110, 111]","[2, 7, 8, 13]",32,"[16, 17, 18, 19, 20, 21, 22, 23, 56, 57, 58, 59, 60, 61, 62, 63, 64, 65, 66, 67, 68, 69, 70, 71, 104, 105, 106, 107, 108, 109, 110, 111]","[2, 7, 8, 13]",DIFF_MC_ARK_82,structural_overapprox_mode_simplified
MC_82,MC,82,2,differential,128,"[0, 1, 2, 3, 4, 5, 6, 7, 8, 9, 10, 11, 12, 13, 14, 15, 16, 17, 18, 19, 20, 21, 22, 23, 24, 25, 26, 27, 28, 29, 30, 31, 32, 33, 34, 35, 36, 37, 38, 39, 40, 41, 42, 43, 44, 45, 46, 47, 48, 49, 50, 51, 52, 53, 54, 55, 56, 57, 58, 59, 60, 61, 62, 63, 64, 65, 66, 67, 68, 69, 70, 71, 72, 73, 74, 75, 76, 77, 78, 79, 80, 81, 82, 83, 84, 85, 86, 87, 88, 89, 90, 91, 92, 93, 94, 95, 96, 97, 98, 99, 100, 101, 102, 103, 104, 105, 106, 107, 108, 109, 110, 111, 112, 113, 114, 115, 116, 117, 118, 119, 120, 121, 122, 123, 124, 125, 126, 127]","[0, 1, 2, 3, 4, 5, 6, 7, 8, 9, 10, 11, 12, 13, 14, 15]",128,"[0, 1, 2, 3, 4, 5, 6, 7, 8, 9, 10, 11, 12, 13, 14, 15, 16, 17, 18, 19, 20, 21, 22, 23, 24, 25, 26, 27, 28, 29, 30, 31, 32, 33, 34, 35, 36, 37, 38, 39, 40, 41, 42, 43, 44, 45, 46, 47, 48, 49, 50, 51, 52, 53, 54, 55, 56, 57, 58, 59, 60, 61, 62, 63, 64, 65, 66, 67, 68, 69, 70, 71, 72, 73, 74, 75, 76, 77, 78, 79, 80, 81, 82, 83, 84, 85, 86, 87, 88, 89, 90, 91, 92, 93, 94, 95, 96, 97, 98, 99, 100, 101, 102, 103, 104, 105, 106, 107, 108, 109, 110, 111, 112, 113, 114, 115, 116, 117, 118, 119, 120, 121, 122, 123, 124, 125, 126, 127]","[0, 1, 2, 3, 4, 5, 6, 7, 8, 9, 10, 11, 12, 13, 14, 15]",DIFF_MC_ARK_82,structural_overapprox_mode_simplified
MC_85,MC,85,1,differential,32,"[16, 17, 18, 19, 20, 21, 22, 23, 56, 57, 58, 59, 60, 61, 62, 63, 64, 65, 66, 67, 68, 69, 70, 71, 104, 105, 106, 107, 108, 109, 110, 111]","[2, 7, 8, 13]",32,"[16, 17, 18, 19, 20, 21, 22, 23, 56, 57, 58, 59, 60, 61, 62, 63, 64, 65, 66, 67, 68, 69, 70, 71, 104, 105, 106, 107, 108, 109, 110, 111]","[2, 7, 8, 13]",DIFF_MC_ARK_85,structural_overapprox_mode_simplified
MC_85,MC,85,2,differential,128,"[0, 1, 2, 3, 4, 5, 6, 7, 8, 9, 10, 11, 12, 13, 14, 15, 16, 17, 18, 19, 20, 21, 22, 23, 24, 25, 26, 27, 28, 29, 30, 31, 32, 33, 34, 35, 36, 37, 38, 39, 40, 41, 42, 43, 44, 45, 46, 47, 48, 49, 50, 51, 52, 53, 54, 55, 56, 57, 58, 59, 60, 61, 62, 63, 64, 65, 66, 67, 68, 69, 70, 71, 72, 73, 74, 75, 76, 77, 78, 79, 80, 81, 82, 83, 84, 85, 86, 87, 88, 89, 90, 91, 92, 93, 94, 95, 96, 97, 98, 99, 100, 101, 102, 103, 104, 105, 106, 107, 108, 109, 110, 111, 112, 113, 114, 115, 116, 117, 118, 119, 120, 121, 122, 123, 124, 125, 126, 127]","[0, 1, 2, 3, 4, 5, 6, 7, 8, 9, 10, 11, 12, 13, 14, 15]",128,"[0, 1, 2, 3, 4, 5, 6, 7, 8, 9, 10, 11, 12, 13, 14, 15, 16, 17, 18, 19, 20, 21, 22, 23, 24, 25, 26, 27, 28, 29, 30, 31, 32, 33, 34, 35, 36, 37, 38, 39, 40, 41, 42, 43, 44, 45, 46, 47, 48, 49, 50, 51, 52, 53, 54, 55, 56, 57, 58, 59, 60, 61, 62, 63, 64, 65, 66, 67, 68, 69, 70, 71, 72, 73, 74, 75, 76, 77, 78, 79, 80, 81, 82, 83, 84, 85, 86, 87, 88, 89, 90, 91, 92, 93, 94, 95, 96, 97, 98, 99, 100, 101, 102, 103, 104, 105, 106, 107, 108, 109, 110, 111, 112, 113, 114, 115, 116, 117, 118, 119, 120, 121, 122, 123, 124, 125, 126, 127]","[0, 1, 2, 3, 4, 5, 6, 7, 8, 9, 10, 11, 12, 13, 14, 15]",DIFF_MC_ARK_85,structural_overapprox_mode_simplified
MC_9,MC,9,1,differential,32,"[0, 1, 2, 3, 4, 5, 6, 7, 40, 41, 42, 43, 44, 45, 46, 47, 80, 81, 82, 83, 84, 85, 86, 87, 120, 121, 122, 123, 124, 125, 126, 127]","[0, 5, 10, 15]",32,"[0, 1, 2, 3, 4, 5, 6, 7, 40, 41, 42, 43, 44, 45, 46, 47, 80, 81, 82, 83, 84, 85, 86, 87, 120, 121, 122, 123, 124, 125, 126, 127]","[0, 5, 10, 15]",DIFF_MC_ARK_9,structural_overapprox_mode_simplified
MC_9,MC,9,2,differential,128,"[0, 1, 2, 3, 4, 5, 6, 7, 8, 9, 10, 11, 12, 13, 14, 15, 16, 17, 18, 19, 20, 21, 22, 23, 24, 25, 26, 27, 28, 29, 30, 31, 32, 33, 34, 35, 36, 37, 38, 39, 40, 41, 42, 43, 44, 45, 46, 47, 48, 49, 50, 51, 52, 53, 54, 55, 56, 57, 58, 59, 60, 61, 62, 63, 64, 65, 66, 67, 68, 69, 70, 71, 72, 73, 74, 75, 76, 77, 78, 79, 80, 81, 82, 83, 84, 85, 86, 87, 88, 89, 90, 91, 92, 93, 94, 95, 96, 97, 98, 99, 100, 101, 102, 103, 104, 105, 106, 107, 108, 109, 110, 111, 112, 113, 114, 115, 116, 117, 118, 119, 120, 121, 122, 123, 124, 125, 126, 127]","[0, 1, 2, 3, 4, 5, 6, 7, 8, 9, 10, 11, 12, 13, 14, 15]",128,"[0, 1, 2, 3, 4, 5, 6, 7, 8, 9, 10, 11, 12, 13, 14, 15, 16, 17, 18, 19, 20, 21, 22, 23, 24, 25, 26, 27, 28, 29, 30, 31, 32, 33, 34, 35, 36, 37, 38, 39, 40, 41, 42, 43, 44, 45, 46, 47, 48, 49, 50, 51, 52, 53, 54, 55, 56, 57, 58, 59, 60, 61, 62, 63, 64, 65, 66, 67, 68, 69, 70, 71, 72, 73, 74, 75, 76, 77, 78, 79, 80, 81, 82, 83, 84, 85, 86, 87, 88, 89, 90, 91, 92, 93, 94, 95, 96, 97, 98, 99, 100, 101, 102, 103, 104, 105, 106, 107, 108, 109, 110, 111, 112, 113, 114, 115, 116, 117, 118, 119, 120, 121, 122, 123, 124, 125, 126, 127]","[0, 1, 2, 3, 4, 5, 6, 7, 8, 9, 10, 11, 12, 13, 14, 15]",DIFF_MC_ARK_9,structural_overapprox_mode_simplified
MC_91,MC,91,1,differential,32,"[16, 17, 18, 19, 20, 21, 22, 23, 56, 57, 58, 59, 60, 61, 62, 63, 64, 65, 66, 67, 68, 69, 70, 71, 104, 105, 106, 107, 108, 109, 110, 111]","[2, 7, 8, 13]",32,"[16, 17, 18, 19, 20, 21, 22, 23, 56, 57, 58, 59, 60, 61, 62, 63, 64, 65, 66, 67, 68, 69, 70, 71, 104, 105, 106, 107, 108, 109, 110, 111]","[2, 7, 8, 13]",DIFF_MC_ARK_91,structural_overapprox_mode_simplified
MC_91,MC,91,2,differential,128,"[0, 1, 2, 3, 4, 5, 6, 7, 8, 9, 10, 11, 12, 13, 14, 15, 16, 17, 18, 19, 20, 21, 22, 23, 24, 25, 26, 27, 28, 29, 30, 31, 32, 33, 34, 35, 36, 37, 38, 39, 40, 41, 42, 43, 44, 45, 46, 47, 48, 49, 50, 51, 52, 53, 54, 55, 56, 57, 58, 59, 60, 61, 62, 63, 64, 65, 66, 67, 68, 69, 70, 71, 72, 73, 74, 75, 76, 77, 78, 79, 80, 81, 82, 83, 84, 85, 86, 87, 88, 89, 90, 91, 92, 93, 94, 95, 96, 97, 98, 99, 100, 101, 102, 103, 104, 105, 106, 107, 108, 109, 110, 111, 112, 113, 114, 115, 116, 117, 118, 119, 120, 121, 122, 123, 124, 125, 126, 127]","[0, 1, 2, 3, 4, 5, 6, 7, 8, 9, 10, 11, 12, 13, 14, 15]",128,"[0, 1, 2, 3, 4, 5, 6, 7, 8, 9, 10, 11, 12, 13, 14, 15, 16, 17, 18, 19, 20, 21, 22, 23, 24, 25, 26, 27, 28, 29, 30, 31, 32, 33, 34, 35, 36, 37, 38, 39, 40, 41, 42, 43, 44, 45, 46, 47, 48, 49, 50, 51, 52, 53, 54, 55, 56, 57, 58, 59, 60, 61, 62, 63, 64, 65, 66, 67, 68, 69, 70, 71, 72, 73, 74, 75, 76, 77, 78, 79, 80, 81, 82, 83, 84, 85, 86, 87, 88, 89, 90, 91, 92, 93, 94, 95, 96, 97, 98, 99, 100, 101, 102, 103, 104, 105, 106, 107, 108, 109, 110, 111, 112, 113, 114, 115, 116, 117, 118, 119, 120, 121, 122, 123, 124, 125, 126, 127]","[0, 1, 2, 3, 4, 5, 6, 7, 8, 9, 10, 11, 12, 13, 14, 15]",DIFF_MC_ARK_91,structural_overapprox_mode_simplified
MC_94,MC,94,1,differential,32,"[16, 17, 18, 19, 20, 21, 22, 23, 56, 57, 58, 59, 60, 61, 62, 63, 64, 65, 66, 67, 68, 69, 70, 71, 104, 105, 106, 107, 108, 109, 110, 111]","[2, 7, 8, 13]",32,"[16, 17, 18, 19, 20, 21, 22, 23, 56, 57, 58, 59, 60, 61, 62, 63, 64, 65, 66, 67, 68, 69, 70, 71, 104, 105, 106, 107, 108, 109, 110, 111]","[2, 7, 8, 13]",DIFF_MC_ARK_94,structural_overapprox_mode_simplified
MC_94,MC,94,2,differential,128,"[0, 1, 2, 3, 4, 5, 6, 7, 8, 9, 10, 11, 12, 13, 14, 15, 16, 17, 18, 19, 20, 21, 22, 23, 24, 25, 26, 27, 28, 29, 30, 31, 32, 33, 34, 35, 36, 37, 38, 39, 40, 41, 42, 43, 44, 45, 46, 47, 48, 49, 50, 51, 52, 53, 54, 55, 56, 57, 58, 59, 60, 61, 62, 63, 64, 65, 66, 67, 68, 69, 70, 71, 72, 73, 74, 75, 76, 77, 78, 79, 80, 81, 82, 83, 84, 85, 86, 87, 88, 89, 90, 91, 92, 93, 94, 95, 96, 97, 98, 99, 100, 101, 102, 103, 104, 105, 106, 107, 108, 109, 110, 111, 112, 113, 114, 115, 116, 117, 118, 119, 120, 121, 122, 123, 124, 125, 126, 127]","[0, 1, 2, 3, 4, 5, 6, 7, 8, 9, 10, 11, 12, 13, 14, 15]",128,"[0, 1, 2, 3, 4, 5, 6, 7, 8, 9, 10, 11, 12, 13, 14, 15, 16, 17, 18, 19, 20, 21, 22, 23, 24, 25, 26, 27, 28, 29, 30, 31, 32, 33, 34, 35, 36, 37, 38, 39, 40, 41, 42, 43, 44, 45, 46, 47, 48, 49, 50, 51, 52, 53, 54, 55, 56, 57, 58, 59, 60, 61, 62, 63, 64, 65, 66, 67, 68, 69, 70, 71, 72, 73, 74, 75, 76, 77, 78, 79, 80, 81, 82, 83, 84, 85, 86, 87, 88, 89, 90, 91, 92, 93, 94, 95, 96, 97, 98, 99, 100, 101, 102, 103, 104, 105, 106, 107, 108, 109, 110, 111, 112, 113, 114, 115, 116, 117, 118, 119, 120, 121, 122, 123, 124, 125, 126, 127]","[0, 1, 2, 3, 4, 5, 6, 7, 8, 9, 10, 11, 12, 13, 14, 15]",DIFF_MC_ARK_94,structural_overapprox_mode_simplified
MC_95,MC,95,1,differential,32,"[16, 17, 18, 19, 20, 21, 22, 23, 56, 57, 58, 59, 60, 61, 62, 63, 64, 65, 66, 67, 68, 69, 70, 71, 104, 105, 106, 107, 108, 109, 110, 111]","[2, 7, 8, 13]",32,"[16, 17, 18, 19, 20, 21, 22, 23, 56, 57, 58, 59, 60, 61, 62, 63, 64, 65, 66, 67, 68, 69, 70, 71, 104, 105, 106, 107, 108, 109, 110, 111]","[2, 7, 8, 13]",DIFF_MC_ARK_95,structural_overapprox_mode_simplified
MC_95,MC,95,2,differential,128,"[0, 1, 2, 3, 4, 5, 6, 7, 8, 9, 10, 11, 12, 13, 14, 15, 16, 17, 18, 19, 20, 21, 22, 23, 24, 25, 26, 27, 28, 29, 30, 31, 32, 33, 34, 35, 36, 37, 38, 39, 40, 41, 42, 43, 44, 45, 46, 47, 48, 49, 50, 51, 52, 53, 54, 55, 56, 57, 58, 59, 60, 61, 62, 63, 64, 65, 66, 67, 68, 69, 70, 71, 72, 73, 74, 75, 76, 77, 78, 79, 80, 81, 82, 83, 84, 85, 86, 87, 88, 89, 90, 91, 92, 93, 94, 95, 96, 97, 98, 99, 100, 101, 102, 103, 104, 105, 106, 107, 108, 109, 110, 111, 112, 113, 114, 115, 116, 117, 118, 119, 120, 121, 122, 123, 124, 125, 126, 127]","[0, 1, 2, 3, 4, 5, 6, 7, 8, 9, 10, 11, 12, 13, 14, 15]",128,"[0, 1, 2, 3, 4, 5, 6, 7, 8, 9, 10, 11, 12, 13, 14, 15, 16, 17, 18, 19, 20, 21, 22, 23, 24, 25, 26, 27, 28, 29, 30, 31, 32, 33, 34, 35, 36, 37, 38, 39, 40, 41, 42, 43, 44, 45, 46, 47, 48, 49, 50, 51, 52, 53, 54, 55, 56, 57, 58, 59, 60, 61, 62, 63, 64, 65, 66, 67, 68, 69, 70, 71, 72, 73, 74, 75, 76, 77, 78, 79, 80, 81, 82, 83, 84, 85, 86, 87, 88, 89, 90, 91, 92, 93, 94, 95, 96, 97, 98, 99, 100, 101, 102, 103, 104, 105, 106, 107, 108, 109, 110, 111, 112, 113, 114, 115, 116, 117, 118, 119, 120, 121, 122, 123, 124, 125, 126, 127]","[0, 1, 2, 3, 4, 5, 6, 7, 8, 9, 10, 11, 12, 13, 14, 15]",DIFF_MC_ARK_95,structural_overapprox_mode_simplified
MC_99,MC,99,1,differential,32,"[8, 9, 10, 11, 12, 13, 14, 15, 48, 49, 50, 51, 52, 53, 54, 55, 88, 89, 90, 91, 92, 93, 94, 95, 96, 97, 98, 99, 100, 101, 102, 103]","[1, 6, 11, 12]",32,"[8, 9, 10, 11, 12, 13, 14, 15, 48, 49, 50, 51, 52, 53, 54, 55, 88, 89, 90, 91, 92, 93, 94, 95, 96, 97, 98, 99, 100, 101, 102, 103]","[1, 6, 11, 12]",DIFF_MC_ARK_99,structural_overapprox_mode_simplified
MC_99,MC,99,2,differential,128,"[0, 1, 2, 3, 4, 5, 6, 7, 8, 9, 10, 11, 12, 13, 14, 15, 16, 17, 18, 19, 20, 21, 22, 23, 24, 25, 26, 27, 28, 29, 30, 31, 32, 33, 34, 35, 36, 37, 38, 39, 40, 41, 42, 43, 44, 45, 46, 47, 48, 49, 50, 51, 52, 53, 54, 55, 56, 57, 58, 59, 60, 61, 62, 63, 64, 65, 66, 67, 68, 69, 70, 71, 72, 73, 74, 75, 76, 77, 78, 79, 80, 81, 82, 83, 84, 85, 86, 87, 88, 89, 90, 91, 92, 93, 94, 95, 96, 97, 98, 99, 100, 101, 102, 103, 104, 105, 106, 107, 108, 109, 110, 111, 112, 113, 114, 115, 116, 117, 118, 119, 120, 121, 122, 123, 124, 125, 126, 127]","[0, 1, 2, 3, 4, 5, 6, 7, 8, 9, 10, 11, 12, 13, 14, 15]",128,"[0, 1, 2, 3, 4, 5, 6, 7, 8, 9, 10, 11, 12, 13, 14, 15, 16, 17, 18, 19, 20, 21, 22, 23, 24, 25, 26, 27, 28, 29, 30, 31, 32, 33, 34, 35, 36, 37, 38, 39, 40, 41, 42, 43, 44, 45, 46, 47, 48, 49, 50, 51, 52, 53, 54, 55, 56, 57, 58, 59, 60, 61, 62, 63, 64, 65, 66, 67, 68, 69, 70, 71, 72, 73, 74, 75, 76, 77, 78, 79, 80, 81, 82, 83, 84, 85, 86, 87, 88, 89, 90, 91, 92, 93, 94, 95, 96, 97, 98, 99, 100, 101, 102, 103, 104, 105, 106, 107, 108, 109, 110, 111, 112, 113, 114, 115, 116, 117, 118, 119, 120, 121, 122, 123, 124, 125, 126, 127]","[0, 1, 2, 3, 4, 5, 6, 7, 8, 9, 10, 11, 12, 13, 14, 15]",DIFF_MC_ARK_99,structural_overapprox_mode_simplified
SB_0,SB,0,1,differential,8,"[0, 1, 2, 3, 4, 5, 6, 7]",[0],8,"[0, 1, 2, 3, 4, 5, 6, 7]",[0],DIFF_SB_SR_0,structural_overapprox_mode_simplified
SB_0,SB,0,2,differential,40,"[0, 1, 2, 3, 4, 5, 6, 7, 40, 41, 42, 43, 44, 45, 46, 47, 80, 81, 82, 83, 84, 85, 86, 87, 104, 105, 106, 107, 108, 109, 110, 111, 120, 121, 122, 123, 124, 125, 126, 127]","[0, 5, 10, 13, 15]",32,"[0, 1, 2, 3, 4, 5, 6, 7, 40, 41, 42, 43, 44, 45, 46, 47, 80, 81, 82, 83, 84, 85, 86, 87, 120, 121, 122, 123, 124, 125, 126, 127]","[0, 5, 10, 15]",DIFF_SB_SR_0,structural_overapprox_mode_simplified
SB_1,SB,1,1,differential,8,"[0, 1, 2, 3, 4, 5, 6, 7]",[0],8,"[0, 1, 2, 3, 4, 5, 6, 7]",[0],DIFF_SB_SR_1,structural_overapprox_mode_simplified
SB_1,SB,1,2,differential,40,"[0, 1, 2, 3, 4, 5, 6, 7, 40, 41, 42, 43, 44, 45, 46, 47, 80, 81, 82, 83, 84, 85, 86, 87, 104, 105, 106, 107, 108, 109, 110, 111, 120, 121, 122, 123, 124, 125, 126, 127]","[0, 5, 10, 13, 15]",32,"[0, 1, 2, 3, 4, 5, 6, 7, 40, 41, 42, 43, 44, 45, 46, 47, 80, 81, 82, 83, 84, 85, 86, 87, 120, 121, 122, 123, 124, 125, 126, 127]","[0, 5, 10, 15]",DIFF_SB_SR_1,structural_overapprox_mode_simplified
SB_100,SB,100,1,differential,8,"[96, 97, 98, 99, 100, 101, 102, 103]",[12],8,"[96, 97, 98, 99, 100, 101, 102, 103]",[12],DIFF_SB_SR_100,structural_overapprox_mode_simplified
SB_100,SB,100,2,differential,64,"[0, 1, 2, 3, 4, 5, 6, 7, 8, 9, 10, 11, 12, 13, 14, 15, 32, 33, 34, 35, 36, 37, 38, 39, 48, 49, 50, 51, 52, 53, 54, 55, 64, 65, 66, 67, 68, 69, 70, 71, 88, 89, 90, 91, 92, 93, 94, 95, 96, 97, 98, 99, 100, 101, 102, 103, 104, 105, 106, 107, 108, 109, 110, 111]","[0, 1, 4, 6, 8, 11, 12, 13]",32,"[8, 9, 10, 11, 12, 13, 14, 15, 48, 49, 50, 51, 52, 53, 54, 55, 88, 89, 90, 91, 92, 93, 94, 95, 96, 97, 98, 99, 100, 101, 102, 103]","[1, 6, 11, 12]",DIFF_SB_SR_100,structural_overapprox_mode_simplified
SB_102,SB,102,1,differential,8,"[96, 97, 98, 99, 100, 101, 102, 103]",[12],8,"[96, 97, 98, 99, 100, 101, 102, 103]",[12],DIFF_SB_SR_102,structural_overapprox_mode_simplified
SB_102,SB,102,2,differential,64,"[0, 1, 2, 3, 4, 5, 6, 7, 8, 9, 10, 11, 12, 13, 14, 15, 32, 33, 34, 35, 36, 37, 38, 39, 48, 49, 50, 51, 52, 53, 54, 55, 64, 65, 66, 67, 68, 69, 70, 71, 88, 89, 90, 91, 92, 93, 94, 95, 96, 97, 98, 99, 100, 101, 102, 103, 104, 105, 106, 107, 108, 109, 110, 111]","[0, 1, 4, 6, 8, 11, 12, 13]",32,"[8, 9, 10, 11, 12, 13, 14, 15, 48, 49, 50, 51, 52, 53, 54, 55, 88, 89, 90, 91, 92, 93, 94, 95, 96, 97, 98, 99, 100, 101, 102, 103]","[1, 6, 11, 12]",DIFF_SB_SR_102,structural_overapprox_mode_simplified
SB_103,SB,103,1,differential,8,"[96, 97, 98, 99, 100, 101, 102, 103]",[12],8,"[96, 97, 98, 99, 100, 101, 102, 103]",[12],DIFF_SB_SR_103,structural_overapprox_mode_simplified
SB_103,SB,103,2,differential,64,"[0, 1, 2, 3, 4, 5, 6, 7, 8, 9, 10, 11, 12, 13, 14, 15, 32, 33, 34, 35, 36, 37, 38, 39, 48, 49, 50, 51, 52, 53, 54, 55, 64, 65, 66, 67, 68, 69, 70, 71, 88, 89, 90, 91, 92, 93, 94, 95, 96, 97, 98, 99, 100, 101, 102, 103, 104, 105, 106, 107, 108, 109, 110, 111]","[0, 1, 4, 6, 8, 11, 12, 13]",32,"[8, 9, 10, 11, 12, 13, 14, 15, 48, 49, 50, 51, 52, 53, 54, 55, 88, 89, 90, 91, 92, 93, 94, 95, 96, 97, 98, 99, 100, 101, 102, 103]","[1, 6, 11, 12]",DIFF_SB_SR_103,structural_overapprox_mode_simplified
SB_106,SB,106,1,differential,8,"[104, 105, 106, 107, 108, 109, 110, 111]",[13],8,"[104, 105, 106, 107, 108, 109, 110, 111]",[13],DIFF_SB_SR_106,structural_overapprox_mode_simplified
SB_106,SB,106,2,differential,64,"[8, 9, 10, 11, 12, 13, 14, 15, 40, 41, 42, 43, 44, 45, 46, 47, 48, 49, 50, 51, 52, 53, 54, 55, 72, 73, 74, 75, 76, 77, 78, 79, 88, 89, 90, 91, 92, 93, 94, 95, 96, 97, 98, 99, 100, 101, 102, 103, 104, 105, 106, 107, 108, 109, 110, 111, 112, 113, 114, 115, 116, 117, 118, 119]","[1, 5, 6, 9, 11, 12, 13, 14]",32,"[8, 9, 10, 11, 12, 13, 14, 15, 48, 49, 50, 51, 52, 53, 54, 55, 88, 89, 90, 91, 92, 93, 94, 95, 96, 97, 98, 99, 100, 101, 102, 103]","[1, 6, 11, 12]",DIFF_SB_SR_106,structural_overapprox_mode_simplified
SB_108,SB,108,1,differential,8,"[104, 105, 106, 107, 108, 109, 110, 111]",[13],8,"[104, 105, 106, 107, 108, 109, 110, 111]",[13],DIFF_SB_SR_108,structural_overapprox_mode_simplified
SB_108,SB,108,2,differential,64,"[8, 9, 10, 11, 12, 13, 14, 15, 40, 41, 42, 43, 44, 45, 46, 47, 48, 49, 50, 51, 52, 53, 54, 55, 72, 73, 74, 75, 76, 77, 78, 79, 88, 89, 90, 91, 92, 93, 94, 95, 96, 97, 98, 99, 100, 101, 102, 103, 104, 105, 106, 107, 108, 109, 110, 111, 112, 113, 114, 115, 116, 117, 118, 119]","[1, 5, 6, 9, 11, 12, 13, 14]",32,"[8, 9, 10, 11, 12, 13, 14, 15, 48, 49, 50, 51, 52, 53, 54, 55, 88, 89, 90, 91, 92, 93, 94, 95, 96, 97, 98, 99, 100, 101, 102, 103]","[1, 6, 11, 12]",DIFF_SB_SR_108,structural_overapprox_mode_simplified
SB_110,SB,110,1,differential,8,"[104, 105, 106, 107, 108, 109, 110, 111]",[13],8,"[104, 105, 106, 107, 108, 109, 110, 111]",[13],DIFF_SB_SR_110,structural_overapprox_mode_simplified
SB_110,SB,110,2,differential,64,"[8, 9, 10, 11, 12, 13, 14, 15, 40, 41, 42, 43, 44, 45, 46, 47, 48, 49, 50, 51, 52, 53, 54, 55, 72, 73, 74, 75, 76, 77, 78, 79, 88, 89, 90, 91, 92, 93, 94, 95, 96, 97, 98, 99, 100, 101, 102, 103, 104, 105, 106, 107, 108, 109, 110, 111, 112, 113, 114, 115, 116, 117, 118, 119]","[1, 5, 6, 9, 11, 12, 13, 14]",32,"[8, 9, 10, 11, 12, 13, 14, 15, 48, 49, 50, 51, 52, 53, 54, 55, 88, 89, 90, 91, 92, 93, 94, 95, 96, 97, 98, 99, 100, 101, 102, 103]","[1, 6, 11, 12]",DIFF_SB_SR_110,structural_overapprox_mode_simplified
SB_113,SB,113,1,differential,8,"[112, 113, 114, 115, 116, 117, 118, 119]",[14],8,"[112, 113, 114, 115, 116, 117, 118, 119]",[14],DIFF_SB_SR_113,structural_overapprox_mode_simplified
SB_113,SB,113,2,differential,64,"[8, 9, 10, 11, 12, 13, 14, 15, 16, 17, 18, 19, 20, 21, 22, 23, 48, 49, 50, 51, 52, 53, 54, 55, 80, 81, 82, 83, 84, 85, 86, 87, 88, 89, 90, 91, 92, 93, 94, 95, 96, 97, 98, 99, 100, 101, 102, 103, 112, 113, 114, 115, 116, 117, 118, 119, 120, 121, 122, 123, 124, 125, 126, 127]","[1, 2, 6, 10, 11, 12, 14, 15]",32,"[8, 9, 10, 11, 12, 13, 14, 15, 48, 49, 50, 51, 52, 53, 54, 55, 88, 89, 90, 91, 92, 93, 94, 95, 96, 97, 98, 99, 100, 101, 102, 103]","[1, 6, 11, 12]",DIFF_SB_SR_113,structural_overapprox_mode_simplified
SB_114,SB,114,1,differential,8,"[112, 113, 114, 115, 116, 117, 118, 119]",[14],8,"[112, 113, 114, 115, 116, 117, 118, 119]",[14],DIFF_SB_SR_114,structural_overapprox_mode_simplified
SB_114,SB,114,2,differential,64,"[8, 9, 10, 11, 12, 13, 14, 15, 16, 17, 18, 19, 20, 21, 22, 23, 48, 49, 50, 51, 52, 53, 54, 55, 80, 81, 82, 83, 84, 85, 86, 87, 88, 89, 90, 91, 92, 93, 94, 95, 96, 97, 98, 99, 100, 101, 102, 103, 112, 113, 114, 115, 116, 117, 118, 119, 120, 121, 122, 123, 124, 125, 126, 127]","[1, 2, 6, 10, 11, 12, 14, 15]",32,"[8, 9, 10, 11, 12, 13, 14, 15, 48, 49, 50, 51, 52, 53, 54, 55, 88, 89, 90, 91, 92, 93, 94, 95, 96, 97, 98, 99, 100, 101, 102, 103]","[1, 6, 11, 12]",DIFF_SB_SR_114,structural_overapprox_mode_simplified
SB_115,SB,115,1,differential,8,"[112, 113, 114, 115, 116, 117, 118, 119]",[14],8,"[112, 113, 114, 115, 116, 117, 118, 119]",[14],DIFF_SB_SR_115,structural_overapprox_mode_simplified
SB_115,SB,115,2,differential,64,"[8, 9, 10, 11, 12, 13, 14, 15, 16, 17, 18, 19, 20, 21, 22, 23, 48, 49, 50, 51, 52, 53, 54, 55, 80, 81, 82, 83, 84, 85, 86, 87, 88, 89, 90, 91, 92, 93, 94, 95, 96, 97, 98, 99, 100, 101, 102, 103, 112, 113, 114, 115, 116, 117, 118, 119, 120, 121, 122, 123, 124, 125, 126, 127]","[1, 2, 6, 10, 11, 12, 14, 15]",32,"[8, 9, 10, 11, 12, 13, 14, 15, 48, 49, 50, 51, 52, 53, 54, 55, 88, 89, 90, 91, 92, 93, 94, 95, 96, 97, 98, 99, 100, 101, 102, 103]","[1, 6, 11, 12]",DIFF_SB_SR_115,structural_overapprox_mode_simplified
SB_116,SB,116,1,differential,8,"[112, 113, 114, 115, 116, 117, 118, 119]",[14],8,"[112, 113, 114, 115, 116, 117, 118, 119]",[14],DIFF_SB_SR_116,structural_overapprox_mode_simplified
SB_116,SB,116,2,differential,64,"[8, 9, 10, 11, 12, 13, 14, 15, 16, 17, 18, 19, 20, 21, 22, 23, 48, 49, 50, 51, 52, 53, 54, 55, 80, 81, 82, 83, 84, 85, 86, 87, 88, 89, 90, 91, 92, 93, 94, 95, 96, 97, 98, 99, 100, 101, 102, 103, 112, 113, 114, 115, 116, 117, 118, 119, 120, 121, 122, 123, 124, 125, 126, 127]","[1, 2, 6, 10, 11, 12, 14, 15]",32,"[8, 9, 10, 11, 12, 13, 14, 15, 48, 49, 50, 51, 52, 53, 54, 55, 88, 89, 90, 91, 92, 93, 94, 95, 96, 97, 98, 99, 100, 101, 102, 103]","[1, 6, 11, 12]",DIFF_SB_SR_116,structural_overapprox_mode_simplified
SB_12,SB,12,1,differential,8,"[8, 9, 10, 11, 12, 13, 14, 15]",[1],8,"[8, 9, 10, 11, 12, 13, 14, 15]",[1],DIFF_SB_SR_12,structural_overapprox_mode_simplified
SB_12,SB,12,2,differential,48,"[0, 1, 2, 3, 4, 5, 6, 7, 8, 9, 10, 11, 12, 13, 14, 15, 40, 41, 42, 43, 44, 45, 46, 47, 80, 81, 82, 83, 84, 85, 86, 87, 112, 113, 114, 115, 116, 117, 118, 119, 120, 121, 122, 123, 124, 125, 126, 127]","[0, 1, 5, 10, 14, 15]",32,"[0, 1, 2, 3, 4, 5, 6, 7, 40, 41, 42, 43, 44, 45, 46, 47, 80, 81, 82, 83, 84, 85, 86, 87, 120, 121, 122, 123, 124, 125, 126, 127]","[0, 5, 10, 15]",DIFF_SB_SR_12,structural_overapprox_mode_simplified
SB_120,SB,120,1,differential,8,"[120, 121, 122, 123, 124, 125, 126, 127]",[15],8,"[120, 121, 122, 123, 124, 125, 126, 127]",[15],DIFF_SB_SR_120,structural_overapprox_mode_simplified
SB_120,SB,120,2,differential,56,"[8, 9, 10, 11, 12, 13, 14, 15, 24, 25, 26, 27, 28, 29, 30, 31, 48, 49, 50, 51, 52, 53, 54, 55, 56, 57, 58, 59, 60, 61, 62, 63, 88, 89, 90, 91, 92, 93, 94, 95, 96, 97, 98, 99, 100, 101, 102, 103, 120, 121, 122, 123, 124, 125, 126, 127]","[1, 3, 6, 7, 11, 12, 15]",32,"[8, 9, 10, 11, 12, 13, 14, 15, 48, 49, 50, 51, 52, 53, 54, 55, 88, 89, 90, 91, 92, 93, 94, 95, 96, 97, 98, 99, 100, 101, 102, 103]","[1, 6, 11, 12]",DIFF_SB_SR_120,structural_overapprox_mode_simplified
SB_121,SB,121,1,differential,8,"[120, 121, 122, 123, 124, 125, 126, 127]",[15],8,"[120, 121, 122, 123, 124, 125, 126, 127]",[15],DIFF_SB_SR_121,structural_overapprox_mode_simplified
SB_121,SB,121,2,differential,56,"[8, 9, 10, 11, 12, 13, 14, 15, 24, 25, 26, 27, 28, 29, 30, 31, 48, 49, 50, 51, 52, 53, 54, 55, 56, 57, 58, 59, 60, 61, 62, 63, 88, 89, 90, 91, 92, 93, 94, 95, 96, 97, 98, 99, 100, 101, 102, 103, 120, 121, 122, 123, 124, 125, 126, 127]","[1, 3, 6, 7, 11, 12, 15]",32,"[8, 9, 10, 11, 12, 13, 14, 15, 48, 49, 50, 51, 52, 53, 54, 55, 88, 89, 90, 91, 92, 93, 94, 95, 96, 97, 98, 99, 100, 101, 102, 103]","[1, 6, 11, 12]",DIFF_SB_SR_121,structural_overapprox_mode_simplified
SB_123,SB,123,1,differential,8,"[120, 121, 122, 123, 124, 125, 126, 127]",[15],8,"[120, 121, 122, 123, 124, 125, 126, 127]",[15],DIFF_SB_SR_123,structural_overapprox_mode_simplified
SB_123,SB,123,2,differential,56,"[8, 9, 10, 11, 12, 13, 14, 15, 24, 25, 26, 27, 28, 29, 30, 31, 48, 49, 50, 51, 52, 53, 54, 55, 56, 57, 58, 59, 60, 61, 62, 63, 88, 89, 90, 91, 92, 93, 94, 95, 96, 97, 98, 99, 100, 101, 102, 103, 120, 121, 122, 123, 124, 125, 126, 127]","[1, 3, 6, 7, 11, 12, 15]",32,"[8, 9, 10, 11, 12, 13, 14, 15, 48, 49, 50, 51, 52, 53, 54, 55, 88, 89, 90, 91, 92, 93, 94, 95, 96, 97, 98, 99, 100, 101, 102, 103]","[1, 6, 11, 12]",DIFF_SB_SR_123,structural_overapprox_mode_simplified
SB_125,SB,125,1,differential,8,"[120, 121, 122, 123, 124, 125, 126, 127]",[15],8,"[120, 121, 122, 123, 124, 125, 126, 127]",[15],DIFF_SB_SR_125,structural_overapprox_mode_simplified
SB_125,SB,125,2,differential,56,"[8, 9, 10, 11, 12, 13, 14, 15, 24, 25, 26, 27, 28, 29, 30, 31, 48, 49, 50, 51, 52, 53, 54, 55, 56, 57, 58, 59, 60, 61, 62, 63, 88, 89, 90, 91, 92, 93, 94, 95, 96, 97, 98, 99, 100, 101, 102, 103, 120, 121, 122, 123, 124, 125, 126, 127]","[1, 3, 6, 7, 11, 12, 15]",32,"[8, 9, 10, 11, 12, 13, 14, 15, 48, 49, 50, 51, 52, 53, 54, 55, 88, 89, 90, 91, 92, 93, 94, 95, 96, 97, 98, 99, 100, 101, 102, 103]","[1, 6, 11, 12]",DIFF_SB_SR_125,structural_overapprox_mode_simplified
SB_127,SB,127,1,differential,8,"[120, 121, 122, 123, 124, 125, 126, 127]",[15],8,"[120, 121, 122, 123, 124, 125, 126, 127]",[15],DIFF_SB_SR_127,structural_overapprox_mode_simplified
SB_127,SB,127,2,differential,56,"[8, 9, 10, 11, 12, 13, 14, 15, 24, 25, 26, 27, 28, 29, 30, 31, 48, 49, 50, 51, 52, 53, 54, 55, 56, 57, 58, 59, 60, 61, 62, 63, 88, 89, 90, 91, 92, 93, 94, 95, 96, 97, 98, 99, 100, 101, 102, 103, 120, 121, 122, 123, 124, 125, 126, 127]","[1, 3, 6, 7, 11, 12, 15]",32,"[8, 9, 10, 11, 12, 13, 14, 15, 48, 49, 50, 51, 52, 53, 54, 55, 88, 89, 90, 91, 92, 93, 94, 95, 96, 97, 98, 99, 100, 101, 102, 103]","[1, 6, 11, 12]",DIFF_SB_SR_127,structural_overapprox_mode_simplified
SB_15,SB,15,1,differential,8,"[8, 9, 10, 11, 12, 13, 14, 15]",[1],8,"[8, 9, 10, 11, 12, 13, 14, 15]",[1],DIFF_SB_SR_15,structural_overapprox_mode_simplified
SB_15,SB,15,2,differential,48,"[0, 1, 2, 3, 4, 5, 6, 7, 8, 9, 10, 11, 12, 13, 14, 15, 40, 41, 42, 43, 44, 45, 46, 47, 80, 81, 82, 83, 84, 85, 86, 87, 112, 113, 114, 115, 116, 117, 118, 119, 120, 121, 122, 123, 124, 125, 126, 127]","[0, 1, 5, 10, 14, 15]",32,"[0, 1, 2, 3, 4, 5, 6, 7, 40, 41, 42, 43, 44, 45, 46, 47, 80, 81, 82, 83, 84, 85, 86, 87, 120, 121, 122, 123, 124, 125, 126, 127]","[0, 5, 10, 15]",DIFF_SB_SR_15,structural_overapprox_mode_simplified
SB_16,SB,16,1,differential,8,"[16, 17, 18, 19, 20, 21, 22, 23]",[2],8,"[16, 17, 18, 19, 20, 21, 22, 23]",[2],DIFF_SB_SR_16,structural_overapprox_mode_simplified
SB_16,SB,16,2,differential,40,"[0, 1, 2, 3, 4, 5, 6, 7, 16, 17, 18, 19, 20, 21, 22, 23, 40, 41, 42, 43, 44, 45, 46, 47, 80, 81, 82, 83, 84, 85, 86, 87, 120, 121, 122, 123, 124, 125, 126, 127]","[0, 2, 5, 10, 15]",32,"[0, 1, 2, 3, 4, 5, 6, 7, 40, 41, 42, 43, 44, 45, 46, 47, 80, 81, 82, 83, 84, 85, 86, 87, 120, 121, 122, 123, 124, 125, 126, 127]","[0, 5, 10, 15]",DIFF_SB_SR_16,structural_overapprox_mode_simplified
SB_19,SB,19,1,differential,8,"[16, 17, 18, 19, 20, 21, 22, 23]",[2],8,"[16, 17, 18, 19, 20, 21, 22, 23]",[2],DIFF_SB_SR_19,structural_overapprox_mode_simplified
SB_19,SB,19,2,differential,40,"[0, 1, 2, 3, 4, 5, 6, 7, 16, 17, 18, 19, 20, 21, 22, 23, 40, 41, 42, 43, 44, 45, 46, 47, 80, 81, 82, 83, 84, 85, 86, 87, 120, 121, 122, 123, 124, 125, 126, 127]","[0, 2, 5, 10, 15]",32,"[0, 1, 2, 3, 4, 5, 6, 7, 40, 41, 42, 43, 44, 45, 46, 47, 80, 81, 82, 83, 84, 85, 86, 87, 120, 121, 122, 123, 124, 125, 126, 127]","[0, 5, 10, 15]",DIFF_SB_SR_19,structural_overapprox_mode_simplified
SB_2,SB,2,1,differential,8,"[0, 1, 2, 3, 4, 5, 6, 7]",[0],8,"[0, 1, 2, 3, 4, 5, 6, 7]",[0],DIFF_SB_SR_2,structural_overapprox_mode_simplified
SB_2,SB,2,2,differential,40,"[0, 1, 2, 3, 4, 5, 6, 7, 40, 41, 42, 43, 44, 45, 46, 47, 80, 81, 82, 83, 84, 85, 86, 87, 104, 105, 106, 107, 108, 109, 110, 111, 120, 121, 122, 123, 124, 125, 126, 127]","[0, 5, 10, 13, 15]",32,"[0, 1, 2, 3, 4, 5, 6, 7, 40, 41, 42, 43, 44, 45, 46, 47, 80, 81, 82, 83, 84, 85, 86, 87, 120, 121, 122, 123, 124, 125, 126, 127]","[0, 5, 10, 15]",DIFF_SB_SR_2,structural_overapprox_mode_simplified
SB_24,SB,24,1,differential,8,"[24, 25, 26, 27, 28, 29, 30, 31]",[3],8,"[24, 25, 26, 27, 28, 29, 30, 31]",[3],DIFF_SB_SR_24,structural_overapprox_mode_simplified
SB_24,SB,24,2,differential,48,"[0, 1, 2, 3, 4, 5, 6, 7, 24, 25, 26, 27, 28, 29, 30, 31, 40, 41, 42, 43, 44, 45, 46, 47, 80, 81, 82, 83, 84, 85, 86, 87, 96, 97, 98, 99, 100, 101, 102, 103, 120, 121, 122, 123, 124, 125, 126, 127]","[0, 3, 5, 10, 12, 15]",32,"[0, 1, 2, 3, 4, 5, 6, 7, 40, 41, 42, 43, 44, 45, 46, 47, 80, 81, 82, 83, 84, 85, 86, 87, 120, 121, 122, 123, 124, 125, 126, 127]","[0, 5, 10, 15]",DIFF_SB_SR_24,structural_overapprox_mode_simplified
SB_25,SB,25,1,differential,8,"[24, 25, 26, 27, 28, 29, 30, 31]",[3],8,"[24, 25, 26, 27, 28, 29, 30, 31]",[3],DIFF_SB_SR_25,structural_overapprox_mode_simplified
SB_25,SB,25,2,differential,48,"[0, 1, 2, 3, 4, 5, 6, 7, 24, 25, 26, 27, 28, 29, 30, 31, 40, 41, 42, 43, 44, 45, 46, 47, 80, 81, 82, 83, 84, 85, 86, 87, 96, 97, 98, 99, 100, 101, 102, 103, 120, 121, 122, 123, 124, 125, 126, 127]","[0, 3, 5, 10, 12, 15]",32,"[0, 1, 2, 3, 4, 5, 6, 7, 40, 41, 42, 43, 44, 45, 46, 47, 80, 81, 82, 83, 84, 85, 86, 87, 120, 121, 122, 123, 124, 125, 126, 127]","[0, 5, 10, 15]",DIFF_SB_SR_25,structural_overapprox_mode_simplified
SB_26,SB,26,1,differential,8,"[24, 25, 26, 27, 28, 29, 30, 31]",[3],8,"[24, 25, 26, 27, 28, 29, 30, 31]",[3],DIFF_SB_SR_26,structural_overapprox_mode_simplified
SB_26,SB,26,2,differential,48,"[0, 1, 2, 3, 4, 5, 6, 7, 24, 25, 26, 27, 28, 29, 30, 31, 40, 41, 42, 43, 44, 45, 46, 47, 80, 81, 82, 83, 84, 85, 86, 87, 96, 97, 98, 99, 100, 101, 102, 103, 120, 121, 122, 123, 124, 125, 126, 127]","[0, 3, 5, 10, 12, 15]",32,"[0, 1, 2, 3, 4, 5, 6, 7, 40, 41, 42, 43, 44, 45, 46, 47, 80, 81, 82, 83, 84, 85, 86, 87, 120, 121, 122, 123, 124, 125, 126, 127]","[0, 5, 10, 15]",DIFF_SB_SR_26,structural_overapprox_mode_simplified
SB_27,SB,27,1,differential,8,"[24, 25, 26, 27, 28, 29, 30, 31]",[3],8,"[24, 25, 26, 27, 28, 29, 30, 31]",[3],DIFF_SB_SR_27,structural_overapprox_mode_simplified
SB_27,SB,27,2,differential,48,"[0, 1, 2, 3, 4, 5, 6, 7, 24, 25, 26, 27, 28, 29, 30, 31, 40, 41, 42, 43, 44, 45, 46, 47, 80, 81, 82, 83, 84, 85, 86, 87, 96, 97, 98, 99, 100, 101, 102, 103, 120, 121, 122, 123, 124, 125, 126, 127]","[0, 3, 5, 10, 12, 15]",32,"[0, 1, 2, 3, 4, 5, 6, 7, 40, 41, 42, 43, 44, 45, 46, 47, 80, 81, 82, 83, 84, 85, 86, 87, 120, 121, 122, 123, 124, 125, 126, 127]","[0, 5, 10, 15]",DIFF_SB_SR_27,structural_overapprox_mode_simplified
SB_28,SB,28,1,differential,8,"[24, 25, 26, 27, 28, 29, 30, 31]",[3],8,"[24, 25, 26, 27, 28, 29, 30, 31]",[3],DIFF_SB_SR_28,structural_overapprox_mode_simplified
SB_28,SB,28,2,differential,48,"[0, 1, 2, 3, 4, 5, 6, 7, 24, 25, 26, 27, 28, 29, 30, 31, 40, 41, 42, 43, 44, 45, 46, 47, 80, 81, 82, 83, 84, 85, 86, 87, 96, 97, 98, 99, 100, 101, 102, 103, 120, 121, 122, 123, 124, 125, 126, 127]","[0, 3, 5, 10, 12, 15]",32,"[0, 1, 2, 3, 4, 5, 6, 7, 40, 41, 42, 43, 44, 45, 46, 47, 80, 81, 82, 83, 84, 85, 86, 87, 120, 121, 122, 123, 124, 125, 126, 127]","[0, 5, 10, 15]",DIFF_SB_SR_28,structural_overapprox_mode_simplified
SB_29,SB,29,1,differential,8,"[24, 25, 26, 27, 28, 29, 30, 31]",[3],8,"[24, 25, 26, 27, 28, 29, 30, 31]",[3],DIFF_SB_SR_29,structural_overapprox_mode_simplified
SB_29,SB,29,2,differential,48,"[0, 1, 2, 3, 4, 5, 6, 7, 24, 25, 26, 27, 28, 29, 30, 31, 40, 41, 42, 43, 44, 45, 46, 47, 80, 81, 82, 83, 84, 85, 86, 87, 96, 97, 98, 99, 100, 101, 102, 103, 120, 121, 122, 123, 124, 125, 126, 127]","[0, 3, 5, 10, 12, 15]",32,"[0, 1, 2, 3, 4, 5, 6, 7, 40, 41, 42, 43, 44, 45, 46, 47, 80, 81, 82, 83, 84, 85, 86, 87, 120, 121, 122, 123, 124, 125, 126, 127]","[0, 5, 10, 15]",DIFF_SB_SR_29,structural_overapprox_mode_simplified
SB_3,SB,3,1,differential,8,"[0, 1, 2, 3, 4, 5, 6, 7]",[0],8,"[0, 1, 2, 3, 4, 5, 6, 7]",[0],DIFF_SB_SR_3,structural_overapprox_mode_simplified
SB_3,SB,3,2,differential,40,"[0, 1, 2, 3, 4, 5, 6, 7, 40, 41, 42, 43, 44, 45, 46, 47, 80, 81, 82, 83, 84, 85, 86, 87, 104, 105, 106, 107, 108, 109, 110, 111, 120, 121, 122, 123, 124, 125, 126, 127]","[0, 5, 10, 13, 15]",32,"[0, 1, 2, 3, 4, 5, 6, 7, 40, 41, 42, 43, 44, 45, 46, 47, 80, 81, 82, 83, 84, 85, 86, 87, 120, 121, 122, 123, 124, 125, 126, 127]","[0, 5, 10, 15]",DIFF_SB_SR_3,structural_overapprox_mode_simplified
SB_30,SB,30,1,differential,8,"[24, 25, 26, 27, 28, 29, 30, 31]",[3],8,"[24, 25, 26, 27, 28, 29, 30, 31]",[3],DIFF_SB_SR_30,structural_overapprox_mode_simplified
SB_30,SB,30,2,differential,48,"[0, 1, 2, 3, 4, 5, 6, 7, 24, 25, 26, 27, 28, 29, 30, 31, 40, 41, 42, 43, 44, 45, 46, 47, 80, 81, 82, 83, 84, 85, 86, 87, 96, 97, 98, 99, 100, 101, 102, 103, 120, 121, 122, 123, 124, 125, 126, 127]","[0, 3, 5, 10, 12, 15]",32,"[0, 1, 2, 3, 4, 5, 6, 7, 40, 41, 42, 43, 44, 45, 46, 47, 80, 81, 82, 83, 84, 85, 86, 87, 120, 121, 122, 123, 124, 125, 126, 127]","[0, 5, 10, 15]",DIFF_SB_SR_30,structural_overapprox_mode_simplified
SB_32,SB,32,1,differential,8,"[32, 33, 34, 35, 36, 37, 38, 39]",[4],8,"[32, 33, 34, 35, 36, 37, 38, 39]",[4],DIFF_SB_SR_32,structural_overapprox_mode_simplified
SB_32,SB,32,2,differential,48,"[0, 1, 2, 3, 4, 5, 6, 7, 24, 25, 26, 27, 28, 29, 30, 31, 32, 33, 34, 35, 36, 37, 38, 39, 72, 73, 74, 75, 76, 77, 78, 79, 104, 105, 106, 107, 108, 109, 110, 111, 112, 113, 114, 115, 116, 117, 118, 119]","[0, 3, 4, 9, 13, 14]",32,"[24, 25, 26, 27, 28, 29, 30, 31, 32, 33, 34, 35, 36, 37, 38, 39, 72, 73, 74, 75, 76, 77, 78, 79, 112, 113, 114, 115, 116, 117, 118, 119]","[3, 4, 9, 14]",DIFF_SB_SR_32,structural_overapprox_mode_simplified
SB_34,SB,34,1,differential,8,"[32, 33, 34, 35, 36, 37, 38, 39]",[4],8,"[32, 33, 34, 35, 36, 37, 38, 39]",[4],DIFF_SB_SR_34,structural_overapprox_mode_simplified
SB_34,SB,34,2,differential,48,"[0, 1, 2, 3, 4, 5, 6, 7, 24, 25, 26, 27, 28, 29, 30, 31, 32, 33, 34, 35, 36, 37, 38, 39, 72, 73, 74, 75, 76, 77, 78, 79, 104, 105, 106, 107, 108, 109, 110, 111, 112, 113, 114, 115, 116, 117, 118, 119]","[0, 3, 4, 9, 13, 14]",32,"[24, 25, 26, 27, 28, 29, 30, 31, 32, 33, 34, 35, 36, 37, 38, 39, 72, 73, 74, 75, 76, 77, 78, 79, 112, 113, 114, 115, 116, 117, 118, 119]","[3, 4, 9, 14]",DIFF_SB_SR_34,structural_overapprox_mode_simplified
SB_35,SB,35,1,differential,8,"[32, 33, 34, 35, 36, 37, 38, 39]",[4],8,"[32, 33, 34, 35, 36, 37, 38, 39]",[4],DIFF_SB_SR_35,structural_overapprox_mode_simplified
SB_35,SB,35,2,differential,48,"[0, 1, 2, 3, 4, 5, 6, 7, 24, 25, 26, 27, 28, 29, 30, 31, 32, 33, 34, 35, 36, 37, 38, 39, 72, 73, 74, 75, 76, 77, 78, 79, 104, 105, 106, 107, 108, 109, 110, 111, 112, 113, 114, 115, 116, 117, 118, 119]","[0, 3, 4, 9, 13, 14]",32,"[24, 25, 26, 27, 28, 29, 30, 31, 32, 33, 34, 35, 36, 37, 38, 39, 72, 73, 74, 75, 76, 77, 78, 79, 112, 113, 114, 115, 116, 117, 118, 119]","[3, 4, 9, 14]",DIFF_SB_SR_35,structural_overapprox_mode_simplified
SB_36,SB,36,1,differential,8,"[32, 33, 34, 35, 36, 37, 38, 39]",[4],8,"[32, 33, 34, 35, 36, 37, 38, 39]",[4],DIFF_SB_SR_36,structural_overapprox_mode_simplified
SB_36,SB,36,2,differential,48,"[0, 1, 2, 3, 4, 5, 6, 7, 24, 25, 26, 27, 28, 29, 30, 31, 32, 33, 34, 35, 36, 37, 38, 39, 72, 73, 74, 75, 76, 77, 78, 79, 104, 105, 106, 107, 108, 109, 110, 111, 112, 113, 114, 115, 116, 117, 118, 119]","[0, 3, 4, 9, 13, 14]",32,"[24, 25, 26, 27, 28, 29, 30, 31, 32, 33, 34, 35, 36, 37, 38, 39, 72, 73, 74, 75, 76, 77, 78, 79, 112, 113, 114, 115, 116, 117, 118, 119]","[3, 4, 9, 14]",DIFF_SB_SR_36,structural_overapprox_mode_simplified
SB_4,SB,4,1,differential,8,"[0, 1, 2, 3, 4, 5, 6, 7]",[0],8,"[0, 1, 2, 3, 4, 5, 6, 7]",[0],DIFF_SB_SR_4,structural_overapprox_mode_simplified
SB_4,SB,4,2,differential,40,"[0, 1, 2, 3, 4, 5, 6, 7, 40, 41, 42, 43, 44, 45, 46, 47, 80, 81, 82, 83, 84, 85, 86, 87, 104, 105, 106, 107, 108, 109, 110, 111, 120, 121, 122, 123, 124, 125, 126, 127]","[0, 5, 10, 13, 15]",32,"[0, 1, 2, 3, 4, 5, 6, 7, 40, 41, 42, 43, 44, 45, 46, 47, 80, 81, 82, 83, 84, 85, 86, 87, 120, 121, 122, 123, 124, 125, 126, 127]","[0, 5, 10, 15]",DIFF_SB_SR_4,structural_overapprox_mode_simplified
SB_41,SB,41,1,differential,8,"[40, 41, 42, 43, 44, 45, 46, 47]",[5],8,"[40, 41, 42, 43, 44, 45, 46, 47]",[5],DIFF_SB_SR_41,structural_overapprox_mode_simplified
SB_41,SB,41,2,differential,48,"[8, 9, 10, 11, 12, 13, 14, 15, 24, 25, 26, 27, 28, 29, 30, 31, 32, 33, 34, 35, 36, 37, 38, 39, 40, 41, 42, 43, 44, 45, 46, 47, 72, 73, 74, 75, 76, 77, 78, 79, 112, 113, 114, 115, 116, 117, 118, 119]","[1, 3, 4, 5, 9, 14]",32,"[24, 25, 26, 27, 28, 29, 30, 31, 32, 33, 34, 35, 36, 37, 38, 39, 72, 73, 74, 75, 76, 77, 78, 79, 112, 113, 114, 115, 116, 117, 118, 119]","[3, 4, 9, 14]",DIFF_SB_SR_41,structural_overapprox_mode_simplified
SB_42,SB,42,1,differential,8,"[40, 41, 42, 43, 44, 45, 46, 47]",[5],8,"[40, 41, 42, 43, 44, 45, 46, 47]",[5],DIFF_SB_SR_42,structural_overapprox_mode_simplified
SB_42,SB,42,2,differential,48,"[8, 9, 10, 11, 12, 13, 14, 15, 24, 25, 26, 27, 28, 29, 30, 31, 32, 33, 34, 35, 36, 37, 38, 39, 40, 41, 42, 43, 44, 45, 46, 47, 72, 73, 74, 75, 76, 77, 78, 79, 112, 113, 114, 115, 116, 117, 118, 119]","[1, 3, 4, 5, 9, 14]",32,"[24, 25, 26, 27, 28, 29, 30, 31, 32, 33, 34, 35, 36, 37, 38, 39, 72, 73, 74, 75, 76, 77, 78, 79, 112, 113, 114, 115, 116, 117, 118, 119]","[3, 4, 9, 14]",DIFF_SB_SR_42,structural_overapprox_mode_simplified
SB_43,SB,43,1,differential,8,"[40, 41, 42, 43, 44, 45, 46, 47]",[5],8,"[40, 41, 42, 43, 44, 45, 46, 47]",[5],DIFF_SB_SR_43,structural_overapprox_mode_simplified
SB_43,SB,43,2,differential,48,"[8, 9, 10, 11, 12, 13, 14, 15, 24, 25, 26, 27, 28, 29, 30, 31, 32, 33, 34, 35, 36, 37, 38, 39, 40, 41, 42, 43, 44, 45, 46, 47, 72, 73, 74, 75, 76, 77, 78, 79, 112, 113, 114, 115, 116, 117, 118, 119]","[1, 3, 4, 5, 9, 14]",32,"[24, 25, 26, 27, 28, 29, 30, 31, 32, 33, 34, 35, 36, 37, 38, 39, 72, 73, 74, 75, 76, 77, 78, 79, 112, 113, 114, 115, 116, 117, 118, 119]","[3, 4, 9, 14]",DIFF_SB_SR_43,structural_overapprox_mode_simplified
SB_46,SB,46,1,differential,8,"[40, 41, 42, 43, 44, 45, 46, 47]",[5],8,"[40, 41, 42, 43, 44, 45, 46, 47]",[5],DIFF_SB_SR_46,structural_overapprox_mode_simplified
SB_46,SB,46,2,differential,48,"[8, 9, 10, 11, 12, 13, 14, 15, 24, 25, 26, 27, 28, 29, 30, 31, 32, 33, 34, 35, 36, 37, 38, 39, 40, 41, 42, 43, 44, 45, 46, 47, 72, 73, 74, 75, 76, 77, 78, 79, 112, 113, 114, 115, 116, 117, 118, 119]","[1, 3, 4, 5, 9, 14]",32,"[24, 25, 26, 27, 28, 29, 30, 31, 32, 33, 34, 35, 36, 37, 38, 39, 72, 73, 74, 75, 76, 77, 78, 79, 112, 113, 114, 115, 116, 117, 118, 119]","[3, 4, 9, 14]",DIFF_SB_SR_46,structural_overapprox_mode_simplified
SB_47,SB,47,1,differential,8,"[40, 41, 42, 43, 44, 45, 46, 47]",[5],8,"[40, 41, 42, 43, 44, 45, 46, 47]",[5],DIFF_SB_SR_47,structural_overapprox_mode_simplified
SB_47,SB,47,2,differential,48,"[8, 9, 10, 11, 12, 13, 14, 15, 24, 25, 26, 27, 28, 29, 30, 31, 32, 33, 34, 35, 36, 37, 38, 39, 40, 41, 42, 43, 44, 45, 46, 47, 72, 73, 74, 75, 76, 77, 78, 79, 112, 113, 114, 115, 116, 117, 118, 119]","[1, 3, 4, 5, 9, 14]",32,"[24, 25, 26, 27, 28, 29, 30, 31, 32, 33, 34, 35, 36, 37, 38, 39, 72, 73, 74, 75, 76, 77, 78, 79, 112, 113, 114, 115, 116, 117, 118, 119]","[3, 4, 9, 14]",DIFF_SB_SR_47,structural_overapprox_mode_simplified
SB_49,SB,49,1,differential,8,"[48, 49, 50, 51, 52, 53, 54, 55]",[6],8,"[48, 49, 50, 51, 52, 53, 54, 55]",[6],DIFF_SB_SR_49,structural_overapprox_mode_simplified
SB_49,SB,49,2,differential,56,"[16, 17, 18, 19, 20, 21, 22, 23, 24, 25, 26, 27, 28, 29, 30, 31, 32, 33, 34, 35, 36, 37, 38, 39, 48, 49, 50, 51, 52, 53, 54, 55, 72, 73, 74, 75, 76, 77, 78, 79, 112, 113, 114, 115, 116, 117, 118, 119, 120, 121, 122, 123, 124, 125, 126, 127]","[2, 3, 4, 6, 9, 14, 15]",32,"[24, 25, 26, 27, 28, 29, 30, 31, 32, 33, 34, 35, 36, 37, 38, 39, 72, 73, 74, 75, 76, 77, 78, 79, 112, 113, 114, 115, 116, 117, 118, 119]","[3, 4, 9, 14]",DIFF_SB_SR_49,structural_overapprox_mode_simplified
SB_5,SB,5,1,differential,8,"[0, 1, 2, 3, 4, 5, 6, 7]",[0],8,"[0, 1, 2, 3, 4, 5, 6, 7]",[0],DIFF_SB_SR_5,structural_overapprox_mode_simplified
SB_5,SB,5,2,differential,40,"[0, 1, 2, 3, 4, 5, 6, 7, 40, 41, 42, 43, 44, 45, 46, 47, 80, 81, 82, 83, 84, 85, 86, 87, 104, 105, 106, 107, 108, 109, 110, 111, 120, 121, 122, 123, 124, 125, 126, 127]","[0, 5, 10, 13, 15]",32,"[0, 1, 2, 3, 4, 5, 6, 7, 40, 41, 42, 43, 44, 45, 46, 47, 80, 81, 82, 83, 84, 85, 86, 87, 120, 121, 122, 123, 124, 125, 126, 127]","[0, 5, 10, 15]",DIFF_SB_SR_5,structural_overapprox_mode_simplified
SB_50,SB,50,1,differential,8,"[48, 49, 50, 51, 52, 53, 54, 55]",[6],8,"[48, 49, 50, 51, 52, 53, 54, 55]",[6],DIFF_SB_SR_50,structural_overapprox_mode_simplified
SB_50,SB,50,2,differential,56,"[16, 17, 18, 19, 20, 21, 22, 23, 24, 25, 26, 27, 28, 29, 30, 31, 32, 33, 34, 35, 36, 37, 38, 39, 48, 49, 50, 51, 52, 53, 54, 55, 72, 73, 74, 75, 76, 77, 78, 79, 112, 113, 114, 115, 116, 117, 118, 119, 120, 121, 122, 123, 124, 125, 126, 127]","[2, 3, 4, 6, 9, 14, 15]",32,"[24, 25, 26, 27, 28, 29, 30, 31, 32, 33, 34, 35, 36, 37, 38, 39, 72, 73, 74, 75, 76, 77, 78, 79, 112, 113, 114, 115, 116, 117, 118, 119]","[3, 4, 9, 14]",DIFF_SB_SR_50,structural_overapprox_mode_simplified
SB_51,SB,51,1,differential,8,"[48, 49, 50, 51, 52, 53, 54, 55]",[6],8,"[48, 49, 50, 51, 52, 53, 54, 55]",[6],DIFF_SB_SR_51,structural_overapprox_mode_simplified
SB_51,SB,51,2,differential,56,"[16, 17, 18, 19, 20, 21, 22, 23, 24, 25, 26, 27, 28, 29, 30, 31, 32, 33, 34, 35, 36, 37, 38, 39, 48, 49, 50, 51, 52, 53, 54, 55, 72, 73, 74, 75, 76, 77, 78, 79, 112, 113, 114, 115, 116, 117, 118, 119, 120, 121, 122, 123, 124, 125, 126, 127]","[2, 3, 4, 6, 9, 14, 15]",32,"[24, 25, 26, 27, 28, 29, 30, 31, 32, 33, 34, 35, 36, 37, 38, 39, 72, 73, 74, 75, 76, 77, 78, 79, 112, 113, 114, 115, 116, 117, 118, 119]","[3, 4, 9, 14]",DIFF_SB_SR_51,structural_overapprox_mode_simplified
SB_53,SB,53,1,differential,8,"[48, 49, 50, 51, 52, 53, 54, 55]",[6],8,"[48, 49, 50, 51, 52, 53, 54, 55]",[6],DIFF_SB_SR_53,structural_overapprox_mode_simplified
SB_53,SB,53,2,differential,56,"[16, 17, 18, 19, 20, 21, 22, 23, 24, 25, 26, 27, 28, 29, 30, 31, 32, 33, 34, 35, 36, 37, 38, 39, 48, 49, 50, 51, 52, 53, 54, 55, 72, 73, 74, 75, 76, 77, 78, 79, 112, 113, 114, 115, 116, 117, 118, 119, 120, 121, 122, 123, 124, 125, 126, 127]","[2, 3, 4, 6, 9, 14, 15]",32,"[24, 25, 26, 27, 28, 29, 30, 31, 32, 33, 34, 35, 36, 37, 38, 39, 72, 73, 74, 75, 76, 77, 78, 79, 112, 113, 114, 115, 116, 117, 118, 119]","[3, 4, 9, 14]",DIFF_SB_SR_53,structural_overapprox_mode_simplified
SB_55,SB,55,1,differential,8,"[48, 49, 50, 51, 52, 53, 54, 55]",[6],8,"[48, 49, 50, 51, 52, 53, 54, 55]",[6],DIFF_SB_SR_55,structural_overapprox_mode_simplified
SB_55,SB,55,2,differential,56,"[16, 17, 18, 19, 20, 21, 22, 23, 24, 25, 26, 27, 28, 29, 30, 31, 32, 33, 34, 35, 36, 37, 38, 39, 48, 49, 50, 51, 52, 53, 54, 55, 72, 73, 74, 75, 76, 77, 78, 79, 112, 113, 114, 115, 116, 117, 118, 119, 120, 121, 122, 123, 124, 125, 126, 127]","[2, 3, 4, 6, 9, 14, 15]",32,"[24, 25, 26, 27, 28, 29, 30, 31, 32, 33, 34, 35, 36, 37, 38, 39, 72, 73, 74, 75, 76, 77, 78, 79, 112, 113, 114, 115, 116, 117, 118, 119]","[3, 4, 9, 14]",DIFF_SB_SR_55,structural_overapprox_mode_simplified
SB_56,SB,56,1,differential,8,"[56, 57, 58, 59, 60, 61, 62, 63]",[7],8,"[56, 57, 58, 59, 60, 61, 62, 63]",[7],DIFF_SB_SR_56,structural_overapprox_mode_simplified
SB_56,SB,56,2,differential,48,"[24, 25, 26, 27, 28, 29, 30, 31, 32, 33, 34, 35, 36, 37, 38, 39, 56, 57, 58, 59, 60, 61, 62, 63, 72, 73, 74, 75, 76, 77, 78, 79, 96, 97, 98, 99, 100, 101, 102, 103, 112, 113, 114, 115, 116, 117, 118, 119]","[3, 4, 7, 9, 12, 14]",32,"[24, 25, 26, 27, 28, 29, 30, 31, 32, 33, 34, 35, 36, 37, 38, 39, 72, 73, 74, 75, 76, 77, 78, 79, 112, 113, 114, 115, 116, 117, 118, 119]","[3, 4, 9, 14]",DIFF_SB_SR_56,structural_overapprox_mode_simplified
SB_57,SB,57,1,differential,8,"[56, 57, 58, 59, 60, 61, 62, 63]",[7],8,"[56, 57, 58, 59, 60, 61, 62, 63]",[7],DIFF_SB_SR_57,structural_overapprox_mode_simplified
SB_57,SB,57,2,differential,48,"[24, 25, 26, 27, 28, 29, 30, 31, 32, 33, 34, 35, 36, 37, 38, 39, 56, 57, 58, 59, 60, 61, 62, 63, 72, 73, 74, 75, 76, 77, 78, 79, 96, 97, 98, 99, 100, 101, 102, 103, 112, 113, 114, 115, 116, 117, 118, 119]","[3, 4, 7, 9, 12, 14]",32,"[24, 25, 26, 27, 28, 29, 30, 31, 32, 33, 34, 35, 36, 37, 38, 39, 72, 73, 74, 75, 76, 77, 78, 79, 112, 113, 114, 115, 116, 117, 118, 119]","[3, 4, 9, 14]",DIFF_SB_SR_57,structural_overapprox_mode_simplified
SB_59,SB,59,1,differential,8,"[56, 57, 58, 59, 60, 61, 62, 63]",[7],8,"[56, 57, 58, 59, 60, 61, 62, 63]",[7],DIFF_SB_SR_59,structural_overapprox_mode_simplified
SB_59,SB,59,2,differential,48,"[24, 25, 26, 27, 28, 29, 30, 31, 32, 33, 34, 35, 36, 37, 38, 39, 56, 57, 58, 59, 60, 61, 62, 63, 72, 73, 74, 75, 76, 77, 78, 79, 96, 97, 98, 99, 100, 101, 102, 103, 112, 113, 114, 115, 116, 117, 118, 119]","[3, 4, 7, 9, 12, 14]",32,"[24, 25, 26, 27, 28, 29, 30, 31, 32, 33, 34, 35, 36, 37, 38, 39, 72, 73, 74, 75, 76, 77, 78, 79, 112, 113, 114, 115, 116, 117, 118, 119]","[3, 4, 9, 14]",DIFF_SB_SR_59,structural_overapprox_mode_simplified
SB_6,SB,6,1,differential,8,"[0, 1, 2, 3, 4, 5, 6, 7]",[0],8,"[0, 1, 2, 3, 4, 5, 6, 7]",[0],DIFF_SB_SR_6,structural_overapprox_mode_simplified
SB_6,SB,6,2,differential,40,"[0, 1, 2, 3, 4, 5, 6, 7, 40, 41, 42, 43, 44, 45, 46, 47, 80, 81, 82, 83, 84, 85, 86, 87, 104, 105, 106, 107, 108, 109, 110, 111, 120, 121, 122, 123, 124, 125, 126, 127]","[0, 5, 10, 13, 15]",32,"[0, 1, 2, 3, 4, 5, 6, 7, 40, 41, 42, 43, 44, 45, 46, 47, 80, 81, 82, 83, 84, 85, 86, 87, 120, 121, 122, 123, 124, 125, 126, 127]","[0, 5, 10, 15]",DIFF_SB_SR_6,structural_overapprox_mode_simplified
SB_61,SB,61,1,differential,8,"[56, 57, 58, 59, 60, 61, 62, 63]",[7],8,"[56, 57, 58, 59, 60, 61, 62, 63]",[7],DIFF_SB_SR_61,structural_overapprox_mode_simplified
SB_61,SB,61,2,differential,48,"[24, 25, 26, 27, 28, 29, 30, 31, 32, 33, 34, 35, 36, 37, 38, 39, 56, 57, 58, 59, 60, 61, 62, 63, 72, 73, 74, 75, 76, 77, 78, 79, 96, 97, 98, 99, 100, 101, 102, 103, 112, 113, 114, 115, 116, 117, 118, 119]","[3, 4, 7, 9, 12, 14]",32,"[24, 25, 26, 27, 28, 29, 30, 31, 32, 33, 34, 35, 36, 37, 38, 39, 72, 73, 74, 75, 76, 77, 78, 79, 112, 113, 114, 115, 116, 117, 118, 119]","[3, 4, 9, 14]",DIFF_SB_SR_61,structural_overapprox_mode_simplified
SB_62,SB,62,1,differential,8,"[56, 57, 58, 59, 60, 61, 62, 63]",[7],8,"[56, 57, 58, 59, 60, 61, 62, 63]",[7],DIFF_SB_SR_62,structural_overapprox_mode_simplified
SB_62,SB,62,2,differential,48,"[24, 25, 26, 27, 28, 29, 30, 31, 32, 33, 34, 35, 36, 37, 38, 39, 56, 57, 58, 59, 60, 61, 62, 63, 72, 73, 74, 75, 76, 77, 78, 79, 96, 97, 98, 99, 100, 101, 102, 103, 112, 113, 114, 115, 116, 117, 118, 119]","[3, 4, 7, 9, 12, 14]",32,"[24, 25, 26, 27, 28, 29, 30, 31, 32, 33, 34, 35, 36, 37, 38, 39, 72, 73, 74, 75, 76, 77, 78, 79, 112, 113, 114, 115, 116, 117, 118, 119]","[3, 4, 9, 14]",DIFF_SB_SR_62,structural_overapprox_mode_simplified
SB_63,SB,63,1,differential,8,"[56, 57, 58, 59, 60, 61, 62, 63]",[7],8,"[56, 57, 58, 59, 60, 61, 62, 63]",[7],DIFF_SB_SR_63,structural_overapprox_mode_simplified
SB_63,SB,63,2,differential,48,"[24, 25, 26, 27, 28, 29, 30, 31, 32, 33, 34, 35, 36, 37, 38, 39, 56, 57, 58, 59, 60, 61, 62, 63, 72, 73, 74, 75, 76, 77, 78, 79, 96, 97, 98, 99, 100, 101, 102, 103, 112, 113, 114, 115, 116, 117, 118, 119]","[3, 4, 7, 9, 12, 14]",32,"[24, 25, 26, 27, 28, 29, 30, 31, 32, 33, 34, 35, 36, 37, 38, 39, 72, 73, 74, 75, 76, 77, 78, 79, 112, 113, 114, 115, 116, 117, 118, 119]","[3, 4, 9, 14]",DIFF_SB_SR_63,structural_overapprox_mode_simplified
SB_64,SB,64,1,differential,8,"[64, 65, 66, 67, 68, 69, 70, 71]",[8],8,"[64, 65, 66, 67, 68, 69, 70, 71]",[8],DIFF_SB_SR_64,structural_overapprox_mode_simplified
SB_64,SB,64,2,differential,48,"[0, 1, 2, 3, 4, 5, 6, 7, 16, 17, 18, 19, 20, 21, 22, 23, 32, 33, 34, 35, 36, 37, 38, 39, 56, 57, 58, 59, 60, 61, 62, 63, 64, 65, 66, 67, 68, 69, 70, 71, 104, 105, 106, 107, 108, 109, 110, 111]","[0, 2, 4, 7, 8, 13]",32,"[16, 17, 18, 19, 20, 21, 22, 23, 56, 57, 58, 59, 60, 61, 62, 63, 64, 65, 66, 67, 68, 69, 70, 71, 104, 105, 106, 107, 108, 109, 110, 111]","[2, 7, 8, 13]",DIFF_SB_SR_64,structural_overapprox_mode_simplified
SB_67,SB,67,1,differential,8,"[64, 65, 66, 67, 68, 69, 70, 71]",[8],8,"[64, 65, 66, 67, 68, 69, 70, 71]",[8],DIFF_SB_SR_67,structural_overapprox_mode_simplified
SB_67,SB,67,2,differential,48,"[0, 1, 2, 3, 4, 5, 6, 7, 16, 17, 18, 19, 20, 21, 22, 23, 32, 33, 34, 35, 36, 37, 38, 39, 56, 57, 58, 59, 60, 61, 62, 63, 64, 65, 66, 67, 68, 69, 70, 71, 104, 105, 106, 107, 108, 109, 110, 111]","[0, 2, 4, 7, 8, 13]",32,"[16, 17, 18, 19, 20, 21, 22, 23, 56, 57, 58, 59, 60, 61, 62, 63, 64, 65, 66, 67, 68, 69, 70, 71, 104, 105, 106, 107, 108, 109, 110, 111]","[2, 7, 8, 13]",DIFF_SB_SR_67,structural_overapprox_mode_simplified
SB_68,SB,68,1,differential,8,"[64, 65, 66, 67, 68, 69, 70, 71]",[8],8,"[64, 65, 66, 67, 68, 69, 70, 71]",[8],DIFF_SB_SR_68,structural_overapprox_mode_simplified
SB_68,SB,68,2,differential,48,"[0, 1, 2, 3, 4, 5, 6, 7, 16, 17, 18, 19, 20, 21, 22, 23, 32, 33, 34, 35, 36, 37, 38, 39, 56, 57, 58, 59, 60, 61, 62, 63, 64, 65, 66, 67, 68, 69, 70, 71, 104, 105, 106, 107, 108, 109, 110, 111]","[0, 2, 4, 7, 8, 13]",32,"[16, 17, 18, 19, 20, 21, 22, 23, 56, 57, 58, 59, 60, 61, 62, 63, 64, 65, 66, 67, 68, 69, 70, 71, 104, 105, 106, 107, 108, 109, 110, 111]","[2, 7, 8, 13]",DIFF_SB_SR_68,structural_overapprox_mode_simplified
SB_69,SB,69,1,differential,8,"[64, 65, 66, 67, 68, 69, 70, 71]",[8],8,"[64, 65, 66, 67, 68, 69, 70, 71]",[8],DIFF_SB_SR_69,structural_overapprox_mode_simplified
SB_69,SB,69,2,differential,48,"[0, 1, 2, 3, 4, 5, 6, 7, 16, 17, 18, 19, 20, 21, 22, 23, 32, 33, 34, 35, 36, 37, 38, 39, 56, 57, 58, 59, 60, 61, 62, 63, 64, 65, 66, 67, 68, 69, 70, 71, 104, 105, 106, 107, 108, 109, 110, 111]","[0, 2, 4, 7, 8, 13]",32,"[16, 17, 18, 19, 20, 21, 22, 23, 56, 57, 58, 59, 60, 61, 62, 63, 64, 65, 66, 67, 68, 69, 70, 71, 104, 105, 106, 107, 108, 109, 110, 111]","[2, 7, 8, 13]",DIFF_SB_SR_69,structural_overapprox_mode_simplified
SB_7,SB,7,1,differential,8,"[0, 1, 2, 3, 4, 5, 6, 7]",[0],8,"[0, 1, 2, 3, 4, 5, 6, 7]",[0],DIFF_SB_SR_7,structural_overapprox_mode_simplified
SB_7,SB,7,2,differential,40,"[0, 1, 2, 3, 4, 5, 6, 7, 40, 41, 42, 43, 44, 45, 46, 47, 80, 81, 82, 83, 84, 85, 86, 87, 104, 105, 106, 107, 108, 109, 110, 111, 120, 121, 122, 123, 124, 125, 126, 127]","[0, 5, 10, 13, 15]",32,"[0, 1, 2, 3, 4, 5, 6, 7, 40, 41, 42, 43, 44, 45, 46, 47, 80, 81, 82, 83, 84, 85, 86, 87, 120, 121, 122, 123, 124, 125, 126, 127]","[0, 5, 10, 15]",DIFF_SB_SR_7,structural_overapprox_mode_simplified
SB_70,SB,70,1,differential,8,"[64, 65, 66, 67, 68, 69, 70, 71]",[8],8,"[64, 65, 66, 67, 68, 69, 70, 71]",[8],DIFF_SB_SR_70,structural_overapprox_mode_simplified
SB_70,SB,70,2,differential,48,"[0, 1, 2, 3, 4, 5, 6, 7, 16, 17, 18, 19, 20, 21, 22, 23, 32, 33, 34, 35, 36, 37, 38, 39, 56, 57, 58, 59, 60, 61, 62, 63, 64, 65, 66, 67, 68, 69, 70, 71, 104, 105, 106, 107, 108, 109, 110, 111]","[0, 2, 4, 7, 8, 13]",32,"[16, 17, 18, 19, 20, 21, 22, 23, 56, 57, 58, 59, 60, 61, 62, 63, 64, 65, 66, 67, 68, 69, 70, 71, 104, 105, 106, 107, 108, 109, 110, 111]","[2, 7, 8, 13]",DIFF_SB_SR_70,structural_overapprox_mode_simplified
SB_71,SB,71,1,differential,8,"[64, 65, 66, 67, 68, 69, 70, 71]",[8],8,"[64, 65, 66, 67, 68, 69, 70, 71]",[8],DIFF_SB_SR_71,structural_overapprox_mode_simplified
SB_71,SB,71,2,differential,48,"[0, 1, 2, 3, 4, 5, 6, 7, 16, 17, 18, 19, 20, 21, 22, 23, 32, 33, 34, 35, 36, 37, 38, 39, 56, 57, 58, 59, 60, 61, 62, 63, 64, 65, 66, 67, 68, 69, 70, 71, 104, 105, 106, 107, 108, 109, 110, 111]","[0, 2, 4, 7, 8, 13]",32,"[16, 17, 18, 19, 20, 21, 22, 23, 56, 57, 58, 59, 60, 61, 62, 63, 64, 65, 66, 67, 68, 69, 70, 71, 104, 105, 106, 107, 108, 109, 110, 111]","[2, 7, 8, 13]",DIFF_SB_SR_71,structural_overapprox_mode_simplified
SB_73,SB,73,1,differential,8,"[72, 73, 74, 75, 76, 77, 78, 79]",[9],8,"[72, 73, 74, 75, 76, 77, 78, 79]",[9],DIFF_SB_SR_73,structural_overapprox_mode_simplified
SB_73,SB,73,2,differential,64,"[8, 9, 10, 11, 12, 13, 14, 15, 16, 17, 18, 19, 20, 21, 22, 23, 40, 41, 42, 43, 44, 45, 46, 47, 56, 57, 58, 59, 60, 61, 62, 63, 64, 65, 66, 67, 68, 69, 70, 71, 72, 73, 74, 75, 76, 77, 78, 79, 104, 105, 106, 107, 108, 109, 110, 111, 112, 113, 114, 115, 116, 117, 118, 119]","[1, 2, 5, 7, 8, 9, 13, 14]",32,"[16, 17, 18, 19, 20, 21, 22, 23, 56, 57, 58, 59, 60, 61, 62, 63, 64, 65, 66, 67, 68, 69, 70, 71, 104, 105, 106, 107, 108, 109, 110, 111]","[2, 7, 8, 13]",DIFF_SB_SR_73,structural_overapprox_mode_simplified
SB_74,SB,74,1,differential,8,"[72, 73, 74, 75, 76, 77, 78, 79]",[9],8,"[72, 73, 74, 75, 76, 77, 78, 79]",[9],DIFF_SB_SR_74,structural_overapprox_mode_simplified
SB_74,SB,74,2,differential,64,"[8, 9, 10, 11, 12, 13, 14, 15, 16, 17, 18, 19, 20, 21, 22, 23, 40, 41, 42, 43, 44, 45, 46, 47, 56, 57, 58, 59, 60, 61, 62, 63, 64, 65, 66, 67, 68, 69, 70, 71, 72, 73, 74, 75, 76, 77, 78, 79, 104, 105, 106, 107, 108, 109, 110, 111, 112, 113, 114, 115, 116, 117, 118, 119]","[1, 2, 5, 7, 8, 9, 13, 14]",32,"[16, 17, 18, 19, 20, 21, 22, 23, 56, 57, 58, 59, 60, 61, 62, 63, 64, 65, 66, 67, 68, 69, 70, 71, 104, 105, 106, 107, 108, 109, 110, 111]","[2, 7, 8, 13]",DIFF_SB_SR_74,structural_overapprox_mode_simplified
SB_77,SB,77,1,differential,8,"[72, 73, 74, 75, 76, 77, 78, 79]",[9],8,"[72, 73, 74, 75, 76, 77, 78, 79]",[9],DIFF_SB_SR_77,structural_overapprox_mode_simplified
SB_77,SB,77,2,differential,64,"[8, 9, 10, 11, 12, 13, 14, 15, 16, 17, 18, 19, 20, 21, 22, 23, 40, 41, 42, 43, 44, 45, 46, 47, 56, 57, 58, 59, 60, 61, 62, 63, 64, 65, 66, 67, 68, 69, 70, 71, 72, 73, 74, 75, 76, 77, 78, 79, 104, 105, 106, 107, 108, 109, 110, 111, 112, 113, 114, 115, 116, 117, 118, 119]","[1, 2, 5, 7, 8, 9, 13, 14]",32,"[16, 17, 18, 19, 20, 21, 22, 23, 56, 57, 58, 59, 60, 61, 62, 63, 64, 65, 66, 67, 68, 69, 70, 71, 104, 105, 106, 107, 108, 109, 110, 111]","[2, 7, 8, 13]",DIFF_SB_SR_77,structural_overapprox_mode_simplified
SB_79,SB,79,1,differential,8,"[72, 73, 74, 75, 76, 77, 78, 79]",[9],8,"[72, 73, 74, 75, 76, 77, 78, 79]",[9],DIFF_SB_SR_79,structural_overapprox_mode_simplified
SB_79,SB,79,2,differential,64,"[8, 9, 10, 11, 12, 13, 14, 15, 16, 17, 18, 19, 20, 21, 22, 23, 40, 41, 42, 43, 44, 45, 46, 47, 56, 57, 58, 59, 60, 61, 62, 63, 64, 65, 66, 67, 68, 69, 70, 71, 72, 73, 74, 75, 76, 77, 78, 79, 104, 105, 106, 107, 108, 109, 110, 111, 112, 113, 114, 115, 116, 117, 118, 119]","[1, 2, 5, 7, 8, 9, 13, 14]",32,"[16, 17, 18, 19, 20, 21, 22, 23, 56, 57, 58, 59, 60, 61, 62, 63, 64, 65, 66, 67, 68, 69, 70, 71, 104, 105, 106, 107, 108, 109, 110, 111]","[2, 7, 8, 13]",DIFF_SB_SR_79,structural_overapprox_mode_simplified
SB_82,SB,82,1,differential,8,"[80, 81, 82, 83, 84, 85, 86, 87]",[10],8,"[80, 81, 82, 83, 84, 85, 86, 87]",[10],DIFF_SB_SR_82,structural_overapprox_mode_simplified
SB_82,SB,82,2,differential,56,"[16, 17, 18, 19, 20, 21, 22, 23, 48, 49, 50, 51, 52, 53, 54, 55, 56, 57, 58, 59, 60, 61, 62, 63, 64, 65, 66, 67, 68, 69, 70, 71, 80, 81, 82, 83, 84, 85, 86, 87, 104, 105, 106, 107, 108, 109, 110, 111, 120, 121, 122, 123, 124, 125, 126, 127]","[2, 6, 7, 8, 10, 13, 15]",32,"[16, 17, 18, 19, 20, 21, 22, 23, 56, 57, 58, 59, 60, 61, 62, 63, 64, 65, 66, 67, 68, 69, 70, 71, 104, 105, 106, 107, 108, 109, 110, 111]","[2, 7, 8, 13]",DIFF_SB_SR_82,structural_overapprox_mode_simplified
SB_83,SB,83,1,differential,8,"[80, 81, 82, 83, 84, 85, 86, 87]",[10],8,"[80, 81, 82, 83, 84, 85, 86, 87]",[10],DIFF_SB_SR_83,structural_overapprox_mode_simplified
SB_83,SB,83,2,differential,56,"[16, 17, 18, 19, 20, 21, 22, 23, 48, 49, 50, 51, 52, 53, 54, 55, 56, 57, 58, 59, 60, 61, 62, 63, 64, 65, 66, 67, 68, 69, 70, 71, 80, 81, 82, 83, 84, 85, 86, 87, 104, 105, 106, 107, 108, 109, 110, 111, 120, 121, 122, 123, 124, 125, 126, 127]","[2, 6, 7, 8, 10, 13, 15]",32,"[16, 17, 18, 19, 20, 21, 22, 23, 56, 57, 58, 59, 60, 61, 62, 63, 64, 65, 66, 67, 68, 69, 70, 71, 104, 105, 106, 107, 108, 109, 110, 111]","[2, 7, 8, 13]",DIFF_SB_SR_83,structural_overapprox_mode_simplified
SB_87,SB,87,1,differential,8,"[80, 81, 82, 83, 84, 85, 86, 87]",[10],8,"[80, 81, 82, 83, 84, 85, 86, 87]",[10],DIFF_SB_SR_87,structural_overapprox_mode_simplified
SB_87,SB,87,2,differential,56,"[16, 17, 18, 19, 20, 21, 22, 23, 48, 49, 50, 51, 52, 53, 54, 55, 56, 57, 58, 59, 60, 61, 62, 63, 64, 65, 66, 67, 68, 69, 70, 71, 80, 81, 82, 83, 84, 85, 86, 87, 104, 105, 106, 107, 108, 109, 110, 111, 120, 121, 122, 123, 124, 125, 126, 127]","[2, 6, 7, 8, 10, 13, 15]",32,"[16, 17, 18, 19, 20, 21, 22, 23, 56, 57, 58, 59, 60, 61, 62, 63, 64, 65, 66, 67, 68, 69, 70, 71, 104, 105, 106, 107, 108, 109, 110, 111]","[2, 7, 8, 13]",DIFF_SB_SR_87,structural_overapprox_mode_simplified
SB_89,SB,89,1,differential,8,"[88, 89, 90, 91, 92, 93, 94, 95]",[11],8,"[88, 89, 90, 91, 92, 93, 94, 95]",[11],DIFF_SB_SR_89,structural_overapprox_mode_simplified
SB_89,SB,89,2,differential,56,"[16, 17, 18, 19, 20, 21, 22, 23, 24, 25, 26, 27, 28, 29, 30, 31, 56, 57, 58, 59, 60, 61, 62, 63, 64, 65, 66, 67, 68, 69, 70, 71, 88, 89, 90, 91, 92, 93, 94, 95, 96, 97, 98, 99, 100, 101, 102, 103, 104, 105, 106, 107, 108, 109, 110, 111]","[2, 3, 7, 8, 11, 12, 13]",32,"[16, 17, 18, 19, 20, 21, 22, 23, 56, 57, 58, 59, 60, 61, 62, 63, 64, 65, 66, 67, 68, 69, 70, 71, 104, 105, 106, 107, 108, 109, 110, 111]","[2, 7, 8, 13]",DIFF_SB_SR_89,structural_overapprox_mode_simplified
SB_9,SB,9,1,differential,8,"[8, 9, 10, 11, 12, 13, 14, 15]",[1],8,"[8, 9, 10, 11, 12, 13, 14, 15]",[1],DIFF_SB_SR_9,structural_overapprox_mode_simplified
SB_9,SB,9,2,differential,48,"[0, 1, 2, 3, 4, 5, 6, 7, 8, 9, 10, 11, 12, 13, 14, 15, 40, 41, 42, 43, 44, 45, 46, 47, 80, 81, 82, 83, 84, 85, 86, 87, 112, 113, 114, 115, 116, 117, 118, 119, 120, 121, 122, 123, 124, 125, 126, 127]","[0, 1, 5, 10, 14, 15]",32,"[0, 1, 2, 3, 4, 5, 6, 7, 40, 41, 42, 43, 44, 45, 46, 47, 80, 81, 82, 83, 84, 85, 86, 87, 120, 121, 122, 123, 124, 125, 126, 127]","[0, 5, 10, 15]",DIFF_SB_SR_9,structural_overapprox_mode_simplified
SB_90,SB,90,1,differential,8,"[88, 89, 90, 91, 92, 93, 94, 95]",[11],8,"[88, 89, 90, 91, 92, 93, 94, 95]",[11],DIFF_SB_SR_90,structural_overapprox_mode_simplified
SB_90,SB,90,2,differential,56,"[16, 17, 18, 19, 20, 21, 22, 23, 24, 25, 26, 27, 28, 29, 30, 31, 56, 57, 58, 59, 60, 61, 62, 63, 64, 65, 66, 67, 68, 69, 70, 71, 88, 89, 90, 91, 92, 93, 94, 95, 96, 97, 98, 99, 100, 101, 102, 103, 104, 105, 106, 107, 108, 109, 110, 111]","[2, 3, 7, 8, 11, 12, 13]",32,"[16, 17, 18, 19, 20, 21, 22, 23, 56, 57, 58, 59, 60, 61, 62, 63, 64, 65, 66, 67, 68, 69, 70, 71, 104, 105, 106, 107, 108, 109, 110, 111]","[2, 7, 8, 13]",DIFF_SB_SR_90,structural_overapprox_mode_simplified
SB_91,SB,91,1,differential,8,"[88, 89, 90, 91, 92, 93, 94, 95]",[11],8,"[88, 89, 90, 91, 92, 93, 94, 95]",[11],DIFF_SB_SR_91,structural_overapprox_mode_simplified
SB_91,SB,91,2,differential,56,"[16, 17, 18, 19, 20, 21, 22, 23, 24, 25, 26, 27, 28, 29, 30, 31, 56, 57, 58, 59, 60, 61, 62, 63, 64, 65, 66, 67, 68, 69, 70, 71, 88, 89, 90, 91, 92, 93, 94, 95, 96, 97, 98, 99, 100, 101, 102, 103, 104, 105, 106, 107, 108, 109, 110, 111]","[2, 3, 7, 8, 11, 12, 13]",32,"[16, 17, 18, 19, 20, 21, 22, 23, 56, 57, 58, 59, 60, 61, 62, 63, 64, 65, 66, 67, 68, 69, 70, 71, 104, 105, 106, 107, 108, 109, 110, 111]","[2, 7, 8, 13]",DIFF_SB_SR_91,structural_overapprox_mode_simplified
SB_92,SB,92,1,differential,8,"[88, 89, 90, 91, 92, 93, 94, 95]",[11],8,"[88, 89, 90, 91, 92, 93, 94, 95]",[11],DIFF_SB_SR_92,structural_overapprox_mode_simplified
SB_92,SB,92,2,differential,56,"[16, 17, 18, 19, 20, 21, 22, 23, 24, 25, 26, 27, 28, 29, 30, 31, 56, 57, 58, 59, 60, 61, 62, 63, 64, 65, 66, 67, 68, 69, 70, 71, 88, 89, 90, 91, 92, 93, 94, 95, 96, 97, 98, 99, 100, 101, 102, 103, 104, 105, 106, 107, 108, 109, 110, 111]","[2, 3, 7, 8, 11, 12, 13]",32,"[16, 17, 18, 19, 20, 21, 22, 23, 56, 57, 58, 59, 60, 61, 62, 63, 64, 65, 66, 67, 68, 69, 70, 71, 104, 105, 106, 107, 108, 109, 110, 111]","[2, 7, 8, 13]",DIFF_SB_SR_92,structural_overapprox_mode_simplified
SB_93,SB,93,1,differential,8,"[88, 89, 90, 91, 92, 93, 94, 95]",[11],8,"[88, 89, 90, 91, 92, 93, 94, 95]",[11],DIFF_SB_SR_93,structural_overapprox_mode_simplified
SB_93,SB,93,2,differential,56,"[16, 17, 18, 19, 20, 21, 22, 23, 24, 25, 26, 27, 28, 29, 30, 31, 56, 57, 58, 59, 60, 61, 62, 63, 64, 65, 66, 67, 68, 69, 70, 71, 88, 89, 90, 91, 92, 93, 94, 95, 96, 97, 98, 99, 100, 101, 102, 103, 104, 105, 106, 107, 108, 109, 110, 111]","[2, 3, 7, 8, 11, 12, 13]",32,"[16, 17, 18, 19, 20, 21, 22, 23, 56, 57, 58, 59, 60, 61, 62, 63, 64, 65, 66, 67, 68, 69, 70, 71, 104, 105, 106, 107, 108, 109, 110, 111]","[2, 7, 8, 13]",DIFF_SB_SR_93,structural_overapprox_mode_simplified
SB_94,SB,94,1,differential,8,"[88, 89, 90, 91, 92, 93, 94, 95]",[11],8,"[88, 89, 90, 91, 92, 93, 94, 95]",[11],DIFF_SB_SR_94,structural_overapprox_mode_simplified
SB_94,SB,94,2,differential,56,"[16, 17, 18, 19, 20, 21, 22, 23, 24, 25, 26, 27, 28, 29, 30, 31, 56, 57, 58, 59, 60, 61, 62, 63, 64, 65, 66, 67, 68, 69, 70, 71, 88, 89, 90, 91, 92, 93, 94, 95, 96, 97, 98, 99, 100, 101, 102, 103, 104, 105, 106, 107, 108, 109, 110, 111]","[2, 3, 7, 8, 11, 12, 13]",32,"[16, 17, 18, 19, 20, 21, 22, 23, 56, 57, 58, 59, 60, 61, 62, 63, 64, 65, 66, 67, 68, 69, 70, 71, 104, 105, 106, 107, 108, 109, 110, 111]","[2, 7, 8, 13]",DIFF_SB_SR_94,structural_overapprox_mode_simplified
SB_95,SB,95,1,differential,8,"[88, 89, 90, 91, 92, 93, 94, 95]",[11],8,"[88, 89, 90, 91, 92, 93, 94, 95]",[11],DIFF_SB_SR_95,structural_overapprox_mode_simplified
SB_95,SB,95,2,differential,56,"[16, 17, 18, 19, 20, 21, 22, 23, 24, 25, 26, 27, 28, 29, 30, 31, 56, 57, 58, 59, 60, 61, 62, 63, 64, 65, 66, 67, 68, 69, 70, 71, 88, 89, 90, 91, 92, 93, 94, 95, 96, 97, 98, 99, 100, 101, 102, 103, 104, 105, 106, 107, 108, 109, 110, 111]","[2, 3, 7, 8, 11, 12, 13]",32,"[16, 17, 18, 19, 20, 21, 22, 23, 56, 57, 58, 59, 60, 61, 62, 63, 64, 65, 66, 67, 68, 69, 70, 71, 104, 105, 106, 107, 108, 109, 110, 111]","[2, 7, 8, 13]",DIFF_SB_SR_95,structural_overapprox_mode_simplified
SB_96,SB,96,1,differential,8,"[96, 97, 98, 99, 100, 101, 102, 103]",[12],8,"[96, 97, 98, 99, 100, 101, 102, 103]",[12],DIFF_SB_SR_96,structural_overapprox_mode_simplified
SB_96,SB,96,2,differential,64,"[0, 1, 2, 3, 4, 5, 6, 7, 8, 9, 10, 11, 12, 13, 14, 15, 32, 33, 34, 35, 36, 37, 38, 39, 48, 49, 50, 51, 52, 53, 54, 55, 64, 65, 66, 67, 68, 69, 70, 71, 88, 89, 90, 91, 92, 93, 94, 95, 96, 97, 98, 99, 100, 101, 102, 103, 104, 105, 106, 107, 108, 109, 110, 111]","[0, 1, 4, 6, 8, 11, 12, 13]",32,"[8, 9, 10, 11, 12, 13, 14, 15, 48, 49, 50, 51, 52, 53, 54, 55, 88, 89, 90, 91, 92, 93, 94, 95, 96, 97, 98, 99, 100, 101, 102, 103]","[1, 6, 11, 12]",DIFF_SB_SR_96,structural_overapprox_mode_simplified
SB_97,SB,97,1,differential,8,"[96, 97, 98, 99, 100, 101, 102, 103]",[12],8,"[96, 97, 98, 99, 100, 101, 102, 103]",[12],DIFF_SB_SR_97,structural_overapprox_mode_simplified
SB_97,SB,97,2,differential,64,"[0, 1, 2, 3, 4, 5, 6, 7, 8, 9, 10, 11, 12, 13, 14, 15, 32, 33, 34, 35, 36, 37, 38, 39, 48, 49, 50, 51, 52, 53, 54, 55, 64, 65, 66, 67, 68, 69, 70, 71, 88, 89, 90, 91, 92, 93, 94, 95, 96, 97, 98, 99, 100, 101, 102, 103, 104, 105, 106, 107, 108, 109, 110, 111]","[0, 1, 4, 6, 8, 11, 12, 13]",32,"[8, 9, 10, 11, 12, 13, 14, 15, 48, 49, 50, 51, 52, 53, 54, 55, 88, 89, 90, 91, 92, 93, 94, 95, 96, 97, 98, 99, 100, 101, 102, 103]","[1, 6, 11, 12]",DIFF_SB_SR_97,structural_overapprox_mode_simplified
SB_98,SB,98,1,differential,8,"[96, 97, 98, 99, 100, 101, 102, 103]",[12],8,"[96, 97, 98, 99, 100, 101, 102, 103]",[12],DIFF_SB_SR_98,structural_overapprox_mode_simplified
SB_98,SB,98,2,differential,64,"[0, 1, 2, 3, 4, 5, 6, 7, 8, 9, 10, 11, 12, 13, 14, 15, 32, 33, 34, 35, 36, 37, 38, 39, 48, 49, 50, 51, 52, 53, 54, 55, 64, 65, 66, 67, 68, 69, 70, 71, 88, 89, 90, 91, 92, 93, 94, 95, 96, 97, 98, 99, 100, 101, 102, 103, 104, 105, 106, 107, 108, 109, 110, 111]","[0, 1, 4, 6, 8, 11, 12, 13]",32,"[8, 9, 10, 11, 12, 13, 14, 15, 48, 49, 50, 51, 52, 53, 54, 55, 88, 89, 90, 91, 92, 93, 94, 95, 96, 97, 98, 99, 100, 101, 102, 103]","[1, 6, 11, 12]",DIFF_SB_SR_98,structural_overapprox_mode_simplified
SR_0,SR,0,1,differential,8,"[0, 1, 2, 3, 4, 5, 6, 7]",[0],8,"[0, 1, 2, 3, 4, 5, 6, 7]",[0],DIFF_SB_SR_0,structural_overapprox_mode_simplified
SR_0,SR,0,2,differential,40,"[0, 1, 2, 3, 4, 5, 6, 7, 40, 41, 42, 43, 44, 45, 46, 47, 80, 81, 82, 83, 84, 85, 86, 87, 104, 105, 106, 107, 108, 109, 110, 111, 120, 121, 122, 123, 124, 125, 126, 127]","[0, 5, 10, 13, 15]",32,"[0, 1, 2, 3, 4, 5, 6, 7, 40, 41, 42, 43, 44, 45, 46, 47, 80, 81, 82, 83, 84, 85, 86, 87, 120, 121, 122, 123, 124, 125, 126, 127]","[0, 5, 10, 15]",DIFF_SB_SR_0,structural_overapprox_mode_simplified
SR_1,SR,1,1,differential,8,"[0, 1, 2, 3, 4, 5, 6, 7]",[0],8,"[0, 1, 2, 3, 4, 5, 6, 7]",[0],DIFF_SB_SR_1,structural_overapprox_mode_simplified
SR_1,SR,1,2,differential,40,"[0, 1, 2, 3, 4, 5, 6, 7, 40, 41, 42, 43, 44, 45, 46, 47, 80, 81, 82, 83, 84, 85, 86, 87, 104, 105, 106, 107, 108, 109, 110, 111, 120, 121, 122, 123, 124, 125, 126, 127]","[0, 5, 10, 13, 15]",32,"[0, 1, 2, 3, 4, 5, 6, 7, 40, 41, 42, 43, 44, 45, 46, 47, 80, 81, 82, 83, 84, 85, 86, 87, 120, 121, 122, 123, 124, 125, 126, 127]","[0, 5, 10, 15]",DIFF_SB_SR_1,structural_overapprox_mode_simplified
SR_10,SR,10,1,differential,8,"[40, 41, 42, 43, 44, 45, 46, 47]",[5],8,"[40, 41, 42, 43, 44, 45, 46, 47]",[5],DIFF_SB_SR_42,structural_overapprox_mode_simplified
SR_10,SR,10,2,differential,48,"[8, 9, 10, 11, 12, 13, 14, 15, 24, 25, 26, 27, 28, 29, 30, 31, 32, 33, 34, 35, 36, 37, 38, 39, 40, 41, 42, 43, 44, 45, 46, 47, 72, 73, 74, 75, 76, 77, 78, 79, 112, 113, 114, 115, 116, 117, 118, 119]","[1, 3, 4, 5, 9, 14]",32,"[24, 25, 26, 27, 28, 29, 30, 31, 32, 33, 34, 35, 36, 37, 38, 39, 72, 73, 74, 75, 76, 77, 78, 79, 112, 113, 114, 115, 116, 117, 118, 119]","[3, 4, 9, 14]",DIFF_SB_SR_42,structural_overapprox_mode_simplified
SR_100,SR,100,1,differential,8,"[96, 97, 98, 99, 100, 101, 102, 103]",[12],8,"[96, 97, 98, 99, 100, 101, 102, 103]",[12],DIFF_SB_SR_100,structural_overapprox_mode_simplified
SR_100,SR,100,2,differential,64,"[0, 1, 2, 3, 4, 5, 6, 7, 8, 9, 10, 11, 12, 13, 14, 15, 32, 33, 34, 35, 36, 37, 38, 39, 48, 49, 50, 51, 52, 53, 54, 55, 64, 65, 66, 67, 68, 69, 70, 71, 88, 89, 90, 91, 92, 93, 94, 95, 96, 97, 98, 99, 100, 101, 102, 103, 104, 105, 106, 107, 108, 109, 110, 111]","[0, 1, 4, 6, 8, 11, 12, 13]",32,"[8, 9, 10, 11, 12, 13, 14, 15, 48, 49, 50, 51, 52, 53, 54, 55, 88, 89, 90, 91, 92, 93, 94, 95, 96, 97, 98, 99, 100, 101, 102, 103]","[1, 6, 11, 12]",DIFF_SB_SR_100,structural_overapprox_mode_simplified
SR_101,SR,101,1,differential,8,"[96, 97, 98, 99, 100, 101, 102, 103]",[12],8,"[96, 97, 98, 99, 100, 101, 102, 103]",[12],DIFF_SB_SR_101,structural_overapprox_mode_simplified
SR_101,SR,101,2,differential,64,"[0, 1, 2, 3, 4, 5, 6, 7, 8, 9, 10, 11, 12, 13, 14, 15, 32, 33, 34, 35, 36, 37, 38, 39, 48, 49, 50, 51, 52, 53, 54, 55, 64, 65, 66, 67, 68, 69, 70, 71, 88, 89, 90, 91, 92, 93, 94, 95, 96, 97, 98, 99, 100, 101, 102, 103, 104, 105, 106, 107, 108, 109, 110, 111]","[0, 1, 4, 6, 8, 11, 12, 13]",32,"[8, 9, 10, 11, 12, 13, 14, 15, 48, 49, 50, 51, 52, 53, 54, 55, 88, 89, 90, 91, 92, 93, 94, 95, 96, 97, 98, 99, 100, 101, 102, 103]","[1, 6, 11, 12]",DIFF_SB_SR_101,structural_overapprox_mode_simplified
SR_102,SR,102,1,differential,8,"[96, 97, 98, 99, 100, 101, 102, 103]",[12],8,"[96, 97, 98, 99, 100, 101, 102, 103]",[12],DIFF_SB_SR_102,structural_overapprox_mode_simplified
SR_102,SR,102,2,differential,64,"[0, 1, 2, 3, 4, 5, 6, 7, 8, 9, 10, 11, 12, 13, 14, 15, 32, 33, 34, 35, 36, 37, 38, 39, 48, 49, 50, 51, 52, 53, 54, 55, 64, 65, 66, 67, 68, 69, 70, 71, 88, 89, 90, 91, 92, 93, 94, 95, 96, 97, 98, 99, 100, 101, 102, 103, 104, 105, 106, 107, 108, 109, 110, 111]","[0, 1, 4, 6, 8, 11, 12, 13]",32,"[8, 9, 10, 11, 12, 13, 14, 15, 48, 49, 50, 51, 52, 53, 54, 55, 88, 89, 90, 91, 92, 93, 94, 95, 96, 97, 98, 99, 100, 101, 102, 103]","[1, 6, 11, 12]",DIFF_SB_SR_102,structural_overapprox_mode_simplified
SR_103,SR,103,1,differential,8,"[96, 97, 98, 99, 100, 101, 102, 103]",[12],8,"[96, 97, 98, 99, 100, 101, 102, 103]",[12],DIFF_SB_SR_103,structural_overapprox_mode_simplified
SR_103,SR,103,2,differential,64,"[0, 1, 2, 3, 4, 5, 6, 7, 8, 9, 10, 11, 12, 13, 14, 15, 32, 33, 34, 35, 36, 37, 38, 39, 48, 49, 50, 51, 52, 53, 54, 55, 64, 65, 66, 67, 68, 69, 70, 71, 88, 89, 90, 91, 92, 93, 94, 95, 96, 97, 98, 99, 100, 101, 102, 103, 104, 105, 106, 107, 108, 109, 110, 111]","[0, 1, 4, 6, 8, 11, 12, 13]",32,"[8, 9, 10, 11, 12, 13, 14, 15, 48, 49, 50, 51, 52, 53, 54, 55, 88, 89, 90, 91, 92, 93, 94, 95, 96, 97, 98, 99, 100, 101, 102, 103]","[1, 6, 11, 12]",DIFF_SB_SR_103,structural_overapprox_mode_simplified
SR_104,SR,104,1,differential,8,"[8, 9, 10, 11, 12, 13, 14, 15]",[1],8,"[8, 9, 10, 11, 12, 13, 14, 15]",[1],DIFF_SB_SR_8,structural_overapprox_mode_simplified
SR_104,SR,104,2,differential,48,"[0, 1, 2, 3, 4, 5, 6, 7, 8, 9, 10, 11, 12, 13, 14, 15, 40, 41, 42, 43, 44, 45, 46, 47, 80, 81, 82, 83, 84, 85, 86, 87, 112, 113, 114, 115, 116, 117, 118, 119, 120, 121, 122, 123, 124, 125, 126, 127]","[0, 1, 5, 10, 14, 15]",32,"[0, 1, 2, 3, 4, 5, 6, 7, 40, 41, 42, 43, 44, 45, 46, 47, 80, 81, 82, 83, 84, 85, 86, 87, 120, 121, 122, 123, 124, 125, 126, 127]","[0, 5, 10, 15]",DIFF_SB_SR_8,structural_overapprox_mode_simplified
SR_107,SR,107,1,differential,8,"[8, 9, 10, 11, 12, 13, 14, 15]",[1],8,"[8, 9, 10, 11, 12, 13, 14, 15]",[1],DIFF_SB_SR_11,structural_overapprox_mode_simplified
SR_107,SR,107,2,differential,48,"[0, 1, 2, 3, 4, 5, 6, 7, 8, 9, 10, 11, 12, 13, 14, 15, 40, 41, 42, 43, 44, 45, 46, 47, 80, 81, 82, 83, 84, 85, 86, 87, 112, 113, 114, 115, 116, 117, 118, 119, 120, 121, 122, 123, 124, 125, 126, 127]","[0, 1, 5, 10, 14, 15]",32,"[0, 1, 2, 3, 4, 5, 6, 7, 40, 41, 42, 43, 44, 45, 46, 47, 80, 81, 82, 83, 84, 85, 86, 87, 120, 121, 122, 123, 124, 125, 126, 127]","[0, 5, 10, 15]",DIFF_SB_SR_11,structural_overapprox_mode_simplified
SR_108,SR,108,1,differential,8,"[8, 9, 10, 11, 12, 13, 14, 15]",[1],8,"[8, 9, 10, 11, 12, 13, 14, 15]",[1],DIFF_SB_SR_12,structural_overapprox_mode_simplified
SR_108,SR,108,2,differential,48,"[0, 1, 2, 3, 4, 5, 6, 7, 8, 9, 10, 11, 12, 13, 14, 15, 40, 41, 42, 43, 44, 45, 46, 47, 80, 81, 82, 83, 84, 85, 86, 87, 112, 113, 114, 115, 116, 117, 118, 119, 120, 121, 122, 123, 124, 125, 126, 127]","[0, 1, 5, 10, 14, 15]",32,"[0, 1, 2, 3, 4, 5, 6, 7, 40, 41, 42, 43, 44, 45, 46, 47, 80, 81, 82, 83, 84, 85, 86, 87, 120, 121, 122, 123, 124, 125, 126, 127]","[0, 5, 10, 15]",DIFF_SB_SR_12,structural_overapprox_mode_simplified
SR_109,SR,109,1,differential,8,"[8, 9, 10, 11, 12, 13, 14, 15]",[1],8,"[8, 9, 10, 11, 12, 13, 14, 15]",[1],DIFF_SB_SR_13,structural_overapprox_mode_simplified
SR_109,SR,109,2,differential,48,"[0, 1, 2, 3, 4, 5, 6, 7, 8, 9, 10, 11, 12, 13, 14, 15, 40, 41, 42, 43, 44, 45, 46, 47, 80, 81, 82, 83, 84, 85, 86, 87, 112, 113, 114, 115, 116, 117, 118, 119, 120, 121, 122, 123, 124, 125, 126, 127]","[0, 1, 5, 10, 14, 15]",32,"[0, 1, 2, 3, 4, 5, 6, 7, 40, 41, 42, 43, 44, 45, 46, 47, 80, 81, 82, 83, 84, 85, 86, 87, 120, 121, 122, 123, 124, 125, 126, 127]","[0, 5, 10, 15]",DIFF_SB_SR_13,structural_overapprox_mode_simplified
SR_112,SR,112,1,differential,8,"[48, 49, 50, 51, 52, 53, 54, 55]",[6],8,"[48, 49, 50, 51, 52, 53, 54, 55]",[6],DIFF_SB_SR_48,structural_overapprox_mode_simplified
SR_112,SR,112,2,differential,56,"[16, 17, 18, 19, 20, 21, 22, 23, 24, 25, 26, 27, 28, 29, 30, 31, 32, 33, 34, 35, 36, 37, 38, 39, 48, 49, 50, 51, 52, 53, 54, 55, 72, 73, 74, 75, 76, 77, 78, 79, 112, 113, 114, 115, 116, 117, 118, 119, 120, 121, 122, 123, 124, 125, 126, 127]","[2, 3, 4, 6, 9, 14, 15]",32,"[24, 25, 26, 27, 28, 29, 30, 31, 32, 33, 34, 35, 36, 37, 38, 39, 72, 73, 74, 75, 76, 77, 78, 79, 112, 113, 114, 115, 116, 117, 118, 119]","[3, 4, 9, 14]",DIFF_SB_SR_48,structural_overapprox_mode_simplified
SR_113,SR,113,1,differential,8,"[48, 49, 50, 51, 52, 53, 54, 55]",[6],8,"[48, 49, 50, 51, 52, 53, 54, 55]",[6],DIFF_SB_SR_49,structural_overapprox_mode_simplified
SR_113,SR,113,2,differential,56,"[16, 17, 18, 19, 20, 21, 22, 23, 24, 25, 26, 27, 28, 29, 30, 31, 32, 33, 34, 35, 36, 37, 38, 39, 48, 49, 50, 51, 52, 53, 54, 55, 72, 73, 74, 75, 76, 77, 78, 79, 112, 113, 114, 115, 116, 117, 118, 119, 120, 121, 122, 123, 124, 125, 126, 127]","[2, 3, 4, 6, 9, 14, 15]",32,"[24, 25, 26, 27, 28, 29, 30, 31, 32, 33, 34, 35, 36, 37, 38, 39, 72, 73, 74, 75, 76, 77, 78, 79, 112, 113, 114, 115, 116, 117, 118, 119]","[3, 4, 9, 14]",DIFF_SB_SR_49,structural_overapprox_mode_simplified
SR_114,SR,114,1,differential,8,"[48, 49, 50, 51, 52, 53, 54, 55]",[6],8,"[48, 49, 50, 51, 52, 53, 54, 55]",[6],DIFF_SB_SR_50,structural_overapprox_mode_simplified
SR_114,SR,114,2,differential,56,"[16, 17, 18, 19, 20, 21, 22, 23, 24, 25, 26, 27, 28, 29, 30, 31, 32, 33, 34, 35, 36, 37, 38, 39, 48, 49, 50, 51, 52, 53, 54, 55, 72, 73, 74, 75, 76, 77, 78, 79, 112, 113, 114, 115, 116, 117, 118, 119, 120, 121, 122, 123, 124, 125, 126, 127]","[2, 3, 4, 6, 9, 14, 15]",32,"[24, 25, 26, 27, 28, 29, 30, 31, 32, 33, 34, 35, 36, 37, 38, 39, 72, 73, 74, 75, 76, 77, 78, 79, 112, 113, 114, 115, 116, 117, 118, 119]","[3, 4, 9, 14]",DIFF_SB_SR_50,structural_overapprox_mode_simplified
SR_115,SR,115,1,differential,8,"[48, 49, 50, 51, 52, 53, 54, 55]",[6],8,"[48, 49, 50, 51, 52, 53, 54, 55]",[6],DIFF_SB_SR_51,structural_overapprox_mode_simplified
SR_115,SR,115,2,differential,56,"[16, 17, 18, 19, 20, 21, 22, 23, 24, 25, 26, 27, 28, 29, 30, 31, 32, 33, 34, 35, 36, 37, 38, 39, 48, 49, 50, 51, 52, 53, 54, 55, 72, 73, 74, 75, 76, 77, 78, 79, 112, 113, 114, 115, 116, 117, 118, 119, 120, 121, 122, 123, 124, 125, 126, 127]","[2, 3, 4, 6, 9, 14, 15]",32,"[24, 25, 26, 27, 28, 29, 30, 31, 32, 33, 34, 35, 36, 37, 38, 39, 72, 73, 74, 75, 76, 77, 78, 79, 112, 113, 114, 115, 116, 117, 118, 119]","[3, 4, 9, 14]",DIFF_SB_SR_51,structural_overapprox_mode_simplified
SR_118,SR,118,1,differential,8,"[48, 49, 50, 51, 52, 53, 54, 55]",[6],8,"[48, 49, 50, 51, 52, 53, 54, 55]",[6],DIFF_SB_SR_54,structural_overapprox_mode_simplified
SR_118,SR,118,2,differential,56,"[16, 17, 18, 19, 20, 21, 22, 23, 24, 25, 26, 27, 28, 29, 30, 31, 32, 33, 34, 35, 36, 37, 38, 39, 48, 49, 50, 51, 52, 53, 54, 55, 72, 73, 74, 75, 76, 77, 78, 79, 112, 113, 114, 115, 116, 117, 118, 119, 120, 121, 122, 123, 124, 125, 126, 127]","[2, 3, 4, 6, 9, 14, 15]",32,"[24, 25, 26, 27, 28, 29, 30, 31, 32, 33, 34, 35, 36, 37, 38, 39, 72, 73, 74, 75, 76, 77, 78, 79, 112, 113, 114, 115, 116, 117, 118, 119]","[3, 4, 9, 14]",DIFF_SB_SR_54,structural_overapprox_mode_simplified
SR_119,SR,119,1,differential,8,"[48, 49, 50, 51, 52, 53, 54, 55]",[6],8,"[48, 49, 50, 51, 52, 53, 54, 55]",[6],DIFF_SB_SR_55,structural_overapprox_mode_simplified
SR_119,SR,119,2,differential,56,"[16, 17, 18, 19, 20, 21, 22, 23, 24, 25, 26, 27, 28, 29, 30, 31, 32, 33, 34, 35, 36, 37, 38, 39, 48, 49, 50, 51, 52, 53, 54, 55, 72, 73, 74, 75, 76, 77, 78, 79, 112, 113, 114, 115, 116, 117, 118, 119, 120, 121, 122, 123, 124, 125, 126, 127]","[2, 3, 4, 6, 9, 14, 15]",32,"[24, 25, 26, 27, 28, 29, 30, 31, 32, 33, 34, 35, 36, 37, 38, 39, 72, 73, 74, 75, 76, 77, 78, 79, 112, 113, 114, 115, 116, 117, 118, 119]","[3, 4, 9, 14]",DIFF_SB_SR_55,structural_overapprox_mode_simplified
SR_120,SR,120,1,differential,8,"[88, 89, 90, 91, 92, 93, 94, 95]",[11],8,"[88, 89, 90, 91, 92, 93, 94, 95]",[11],DIFF_SB_SR_88,structural_overapprox_mode_simplified
SR_120,SR,120,2,differential,56,"[16, 17, 18, 19, 20, 21, 22, 23, 24, 25, 26, 27, 28, 29, 30, 31, 56, 57, 58, 59, 60, 61, 62, 63, 64, 65, 66, 67, 68, 69, 70, 71, 88, 89, 90, 91, 92, 93, 94, 95, 96, 97, 98, 99, 100, 101, 102, 103, 104, 105, 106, 107, 108, 109, 110, 111]","[2, 3, 7, 8, 11, 12, 13]",32,"[16, 17, 18, 19, 20, 21, 22, 23, 56, 57, 58, 59, 60, 61, 62, 63, 64, 65, 66, 67, 68, 69, 70, 71, 104, 105, 106, 107, 108, 109, 110, 111]","[2, 7, 8, 13]",DIFF_SB_SR_88,structural_overapprox_mode_simplified
SR_122,SR,122,1,differential,8,"[88, 89, 90, 91, 92, 93, 94, 95]",[11],8,"[88, 89, 90, 91, 92, 93, 94, 95]",[11],DIFF_SB_SR_90,structural_overapprox_mode_simplified
SR_122,SR,122,2,differential,56,"[16, 17, 18, 19, 20, 21, 22, 23, 24, 25, 26, 27, 28, 29, 30, 31, 56, 57, 58, 59, 60, 61, 62, 63, 64, 65, 66, 67, 68, 69, 70, 71, 88, 89, 90, 91, 92, 93, 94, 95, 96, 97, 98, 99, 100, 101, 102, 103, 104, 105, 106, 107, 108, 109, 110, 111]","[2, 3, 7, 8, 11, 12, 13]",32,"[16, 17, 18, 19, 20, 21, 22, 23, 56, 57, 58, 59, 60, 61, 62, 63, 64, 65, 66, 67, 68, 69, 70, 71, 104, 105, 106, 107, 108, 109, 110, 111]","[2, 7, 8, 13]",DIFF_SB_SR_90,structural_overapprox_mode_simplified
SR_125,SR,125,1,differential,8,"[88, 89, 90, 91, 92, 93, 94, 95]",[11],8,"[88, 89, 90, 91, 92, 93, 94, 95]",[11],DIFF_SB_SR_93,structural_overapprox_mode_simplified
SR_125,SR,125,2,differential,56,"[16, 17, 18, 19, 20, 21, 22, 23, 24, 25, 26, 27, 28, 29, 30, 31, 56, 57, 58, 59, 60, 61, 62, 63, 64, 65, 66, 67, 68, 69, 70, 71, 88, 89, 90, 91, 92, 93, 94, 95, 96, 97, 98, 99, 100, 101, 102, 103, 104, 105, 106, 107, 108, 109, 110, 111]","[2, 3, 7, 8, 11, 12, 13]",32,"[16, 17, 18, 19, 20, 21, 22, 23, 56, 57, 58, 59, 60, 61, 62, 63, 64, 65, 66, 67, 68, 69, 70, 71, 104, 105, 106, 107, 108, 109, 110, 111]","[2, 7, 8, 13]",DIFF_SB_SR_93,structural_overapprox_mode_simplified
SR_127,SR,127,1,differential,8,"[88, 89, 90, 91, 92, 93, 94, 95]",[11],8,"[88, 89, 90, 91, 92, 93, 94, 95]",[11],DIFF_SB_SR_95,structural_overapprox_mode_simplified
SR_127,SR,127,2,differential,56,"[16, 17, 18, 19, 20, 21, 22, 23, 24, 25, 26, 27, 28, 29, 30, 31, 56, 57, 58, 59, 60, 61, 62, 63, 64, 65, 66, 67, 68, 69, 70, 71, 88, 89, 90, 91, 92, 93, 94, 95, 96, 97, 98, 99, 100, 101, 102, 103, 104, 105, 106, 107, 108, 109, 110, 111]","[2, 3, 7, 8, 11, 12, 13]",32,"[16, 17, 18, 19, 20, 21, 22, 23, 56, 57, 58, 59, 60, 61, 62, 63, 64, 65, 66, 67, 68, 69, 70, 71, 104, 105, 106, 107, 108, 109, 110, 111]","[2, 7, 8, 13]",DIFF_SB_SR_95,structural_overapprox_mode_simplified
SR_13,SR,13,1,differential,8,"[40, 41, 42, 43, 44, 45, 46, 47]",[5],8,"[40, 41, 42, 43, 44, 45, 46, 47]",[5],DIFF_SB_SR_45,structural_overapprox_mode_simplified
SR_13,SR,13,2,differential,48,"[8, 9, 10, 11, 12, 13, 14, 15, 24, 25, 26, 27, 28, 29, 30, 31, 32, 33, 34, 35, 36, 37, 38, 39, 40, 41, 42, 43, 44, 45, 46, 47, 72, 73, 74, 75, 76, 77, 78, 79, 112, 113, 114, 115, 116, 117, 118, 119]","[1, 3, 4, 5, 9, 14]",32,"[24, 25, 26, 27, 28, 29, 30, 31, 32, 33, 34, 35, 36, 37, 38, 39, 72, 73, 74, 75, 76, 77, 78, 79, 112, 113, 114, 115, 116, 117, 118, 119]","[3, 4, 9, 14]",DIFF_SB_SR_45,structural_overapprox_mode_simplified
SR_14,SR,14,1,differential,8,"[40, 41, 42, 43, 44, 45, 46, 47]",[5],8,"[40, 41, 42, 43, 44, 45, 46, 47]",[5],DIFF_SB_SR_46,structural_overapprox_mode_simplified
SR_14,SR,14,2,differential,48,"[8, 9, 10, 11, 12, 13, 14, 15, 24, 25, 26, 27, 28, 29, 30, 31, 32, 33, 34, 35, 36, 37, 38, 39, 40, 41, 42, 43, 44, 45, 46, 47, 72, 73, 74, 75, 76, 77, 78, 79, 112, 113, 114, 115, 116, 117, 118, 119]","[1, 3, 4, 5, 9, 14]",32,"[24, 25, 26, 27, 28, 29, 30, 31, 32, 33, 34, 35, 36, 37, 38, 39, 72, 73, 74, 75, 76, 77, 78, 79, 112, 113, 114, 115, 116, 117, 118, 119]","[3, 4, 9, 14]",DIFF_SB_SR_46,structural_overapprox_mode_simplified
SR_15,SR,15,1,differential,8,"[40, 41, 42, 43, 44, 45, 46, 47]",[5],8,"[40, 41, 42, 43, 44, 45, 46, 47]",[5],DIFF_SB_SR_47,structural_overapprox_mode_simplified
SR_15,SR,15,2,differential,48,"[8, 9, 10, 11, 12, 13, 14, 15, 24, 25, 26, 27, 28, 29, 30, 31, 32, 33, 34, 35, 36, 37, 38, 39, 40, 41, 42, 43, 44, 45, 46, 47, 72, 73, 74, 75, 76, 77, 78, 79, 112, 113, 114, 115, 116, 117, 118, 119]","[1, 3, 4, 5, 9, 14]",32,"[24, 25, 26, 27, 28, 29, 30, 31, 32, 33, 34, 35, 36, 37, 38, 39, 72, 73, 74, 75, 76, 77, 78, 79, 112, 113, 114, 115, 116, 117, 118, 119]","[3, 4, 9, 14]",DIFF_SB_SR_47,structural_overapprox_mode_simplified
SR_16,SR,16,1,differential,8,"[80, 81, 82, 83, 84, 85, 86, 87]",[10],8,"[80, 81, 82, 83, 84, 85, 86, 87]",[10],DIFF_SB_SR_80,structural_overapprox_mode_simplified
SR_16,SR,16,2,differential,56,"[16, 17, 18, 19, 20, 21, 22, 23, 48, 49, 50, 51, 52, 53, 54, 55, 56, 57, 58, 59, 60, 61, 62, 63, 64, 65, 66, 67, 68, 69, 70, 71, 80, 81, 82, 83, 84, 85, 86, 87, 104, 105, 106, 107, 108, 109, 110, 111, 120, 121, 122, 123, 124, 125, 126, 127]","[2, 6, 7, 8, 10, 13, 15]",32,"[16, 17, 18, 19, 20, 21, 22, 23, 56, 57, 58, 59, 60, 61, 62, 63, 64, 65, 66, 67, 68, 69, 70, 71, 104, 105, 106, 107, 108, 109, 110, 111]","[2, 7, 8, 13]",DIFF_SB_SR_80,structural_overapprox_mode_simplified
SR_18,SR,18,1,differential,8,"[80, 81, 82, 83, 84, 85, 86, 87]",[10],8,"[80, 81, 82, 83, 84, 85, 86, 87]",[10],DIFF_SB_SR_82,structural_overapprox_mode_simplified
SR_18,SR,18,2,differential,56,"[16, 17, 18, 19, 20, 21, 22, 23, 48, 49, 50, 51, 52, 53, 54, 55, 56, 57, 58, 59, 60, 61, 62, 63, 64, 65, 66, 67, 68, 69, 70, 71, 80, 81, 82, 83, 84, 85, 86, 87, 104, 105, 106, 107, 108, 109, 110, 111, 120, 121, 122, 123, 124, 125, 126, 127]","[2, 6, 7, 8, 10, 13, 15]",32,"[16, 17, 18, 19, 20, 21, 22, 23, 56, 57, 58, 59, 60, 61, 62, 63, 64, 65, 66, 67, 68, 69, 70, 71, 104, 105, 106, 107, 108, 109, 110, 111]","[2, 7, 8, 13]",DIFF_SB_SR_82,structural_overapprox_mode_simplified
SR_19,SR,19,1,differential,8,"[80, 81, 82, 83, 84, 85, 86, 87]",[10],8,"[80, 81, 82, 83, 84, 85, 86, 87]",[10],DIFF_SB_SR_83,structural_overapprox_mode_simplified
SR_19,SR,19,2,differential,56,"[16, 17, 18, 19, 20, 21, 22, 23, 48, 49, 50, 51, 52, 53, 54, 55, 56, 57, 58, 59, 60, 61, 62, 63, 64, 65, 66, 67, 68, 69, 70, 71, 80, 81, 82, 83, 84, 85, 86, 87, 104, 105, 106, 107, 108, 109, 110, 111, 120, 121, 122, 123, 124, 125, 126, 127]","[2, 6, 7, 8, 10, 13, 15]",32,"[16, 17, 18, 19, 20, 21, 22, 23, 56, 57, 58, 59, 60, 61, 62, 63, 64, 65, 66, 67, 68, 69, 70, 71, 104, 105, 106, 107, 108, 109, 110, 111]","[2, 7, 8, 13]",DIFF_SB_SR_83,structural_overapprox_mode_simplified
SR_20,SR,20,1,differential,8,"[80, 81, 82, 83, 84, 85, 86, 87]",[10],8,"[80, 81, 82, 83, 84, 85, 86, 87]",[10],DIFF_SB_SR_84,structural_overapprox_mode_simplified
SR_20,SR,20,2,differential,56,"[16, 17, 18, 19, 20, 21, 22, 23, 48, 49, 50, 51, 52, 53, 54, 55, 56, 57, 58, 59, 60, 61, 62, 63, 64, 65, 66, 67, 68, 69, 70, 71, 80, 81, 82, 83, 84, 85, 86, 87, 104, 105, 106, 107, 108, 109, 110, 111, 120, 121, 122, 123, 124, 125, 126, 127]","[2, 6, 7, 8, 10, 13, 15]",32,"[16, 17, 18, 19, 20, 21, 22, 23, 56, 57, 58, 59, 60, 61, 62, 63, 64, 65, 66, 67, 68, 69, 70, 71, 104, 105, 106, 107, 108, 109, 110, 111]","[2, 7, 8, 13]",DIFF_SB_SR_84,structural_overapprox_mode_simplified
SR_21,SR,21,1,differential,8,"[80, 81, 82, 83, 84, 85, 86, 87]",[10],8,"[80, 81, 82, 83, 84, 85, 86, 87]",[10],DIFF_SB_SR_85,structural_overapprox_mode_simplified
SR_21,SR,21,2,differential,56,"[16, 17, 18, 19, 20, 21, 22, 23, 48, 49, 50, 51, 52, 53, 54, 55, 56, 57, 58, 59, 60, 61, 62, 63, 64, 65, 66, 67, 68, 69, 70, 71, 80, 81, 82, 83, 84, 85, 86, 87, 104, 105, 106, 107, 108, 109, 110, 111, 120, 121, 122, 123, 124, 125, 126, 127]","[2, 6, 7, 8, 10, 13, 15]",32,"[16, 17, 18, 19, 20, 21, 22, 23, 56, 57, 58, 59, 60, 61, 62, 63, 64, 65, 66, 67, 68, 69, 70, 71, 104, 105, 106, 107, 108, 109, 110, 111]","[2, 7, 8, 13]",DIFF_SB_SR_85,structural_overapprox_mode_simplified
SR_22,SR,22,1,differential,8,"[80, 81, 82, 83, 84, 85, 86, 87]",[10],8,"[80, 81, 82, 83, 84, 85, 86, 87]",[10],DIFF_SB_SR_86,structural_overapprox_mode_simplified
SR_22,SR,22,2,differential,56,"[16, 17, 18, 19, 20, 21, 22, 23, 48, 49, 50, 51, 52, 53, 54, 55, 56, 57, 58, 59, 60, 61, 62, 63, 64, 65, 66, 67, 68, 69, 70, 71, 80, 81, 82, 83, 84, 85, 86, 87, 104, 105, 106, 107, 108, 109, 110, 111, 120, 121, 122, 123, 124, 125, 126, 127]","[2, 6, 7, 8, 10, 13, 15]",32,"[16, 17, 18, 19, 20, 21, 22, 23, 56, 57, 58, 59, 60, 61, 62, 63, 64, 65, 66, 67, 68, 69, 70, 71, 104, 105, 106, 107, 108, 109, 110, 111]","[2, 7, 8, 13]",DIFF_SB_SR_86,structural_overapprox_mode_simplified
SR_24,SR,24,1,differential,8,"[120, 121, 122, 123, 124, 125, 126, 127]",[15],8,"[120, 121, 122, 123, 124, 125, 126, 127]",[15],DIFF_SB_SR_120,structural_overapprox_mode_simplified
SR_24,SR,24,2,differential,56,"[8, 9, 10, 11, 12, 13, 14, 15, 24, 25, 26, 27, 28, 29, 30, 31, 48, 49, 50, 51, 52, 53, 54, 55, 56, 57, 58, 59, 60, 61, 62, 63, 88, 89, 90, 91, 92, 93, 94, 95, 96, 97, 98, 99, 100, 101, 102, 103, 120, 121, 122, 123, 124, 125, 126, 127]","[1, 3, 6, 7, 11, 12, 15]",32,"[8, 9, 10, 11, 12, 13, 14, 15, 48, 49, 50, 51, 52, 53, 54, 55, 88, 89, 90, 91, 92, 93, 94, 95, 96, 97, 98, 99, 100, 101, 102, 103]","[1, 6, 11, 12]",DIFF_SB_SR_120,structural_overapprox_mode_simplified
SR_26,SR,26,1,differential,8,"[120, 121, 122, 123, 124, 125, 126, 127]",[15],8,"[120, 121, 122, 123, 124, 125, 126, 127]",[15],DIFF_SB_SR_122,structural_overapprox_mode_simplified
SR_26,SR,26,2,differential,56,"[8, 9, 10, 11, 12, 13, 14, 15, 24, 25, 26, 27, 28, 29, 30, 31, 48, 49, 50, 51, 52, 53, 54, 55, 56, 57, 58, 59, 60, 61, 62, 63, 88, 89, 90, 91, 92, 93, 94, 95, 96, 97, 98, 99, 100, 101, 102, 103, 120, 121, 122, 123, 124, 125, 126, 127]","[1, 3, 6, 7, 11, 12, 15]",32,"[8, 9, 10, 11, 12, 13, 14, 15, 48, 49, 50, 51, 52, 53, 54, 55, 88, 89, 90, 91, 92, 93, 94, 95, 96, 97, 98, 99, 100, 101, 102, 103]","[1, 6, 11, 12]",DIFF_SB_SR_122,structural_overapprox_mode_simplified
SR_3,SR,3,1,differential,8,"[0, 1, 2, 3, 4, 5, 6, 7]",[0],8,"[0, 1, 2, 3, 4, 5, 6, 7]",[0],DIFF_SB_SR_3,structural_overapprox_mode_simplified
SR_3,SR,3,2,differential,40,"[0, 1, 2, 3, 4, 5, 6, 7, 40, 41, 42, 43, 44, 45, 46, 47, 80, 81, 82, 83, 84, 85, 86, 87, 104, 105, 106, 107, 108, 109, 110, 111, 120, 121, 122, 123, 124, 125, 126, 127]","[0, 5, 10, 13, 15]",32,"[0, 1, 2, 3, 4, 5, 6, 7, 40, 41, 42, 43, 44, 45, 46, 47, 80, 81, 82, 83, 84, 85, 86, 87, 120, 121, 122, 123, 124, 125, 126, 127]","[0, 5, 10, 15]",DIFF_SB_SR_3,structural_overapprox_mode_simplified
SR_30,SR,30,1,differential,8,"[120, 121, 122, 123, 124, 125, 126, 127]",[15],8,"[120, 121, 122, 123, 124, 125, 126, 127]",[15],DIFF_SB_SR_126,structural_overapprox_mode_simplified
SR_30,SR,30,2,differential,56,"[8, 9, 10, 11, 12, 13, 14, 15, 24, 25, 26, 27, 28, 29, 30, 31, 48, 49, 50, 51, 52, 53, 54, 55, 56, 57, 58, 59, 60, 61, 62, 63, 88, 89, 90, 91, 92, 93, 94, 95, 96, 97, 98, 99, 100, 101, 102, 103, 120, 121, 122, 123, 124, 125, 126, 127]","[1, 3, 6, 7, 11, 12, 15]",32,"[8, 9, 10, 11, 12, 13, 14, 15, 48, 49, 50, 51, 52, 53, 54, 55, 88, 89, 90, 91, 92, 93, 94, 95, 96, 97, 98, 99, 100, 101, 102, 103]","[1, 6, 11, 12]",DIFF_SB_SR_126,structural_overapprox_mode_simplified
SR_32,SR,32,1,differential,8,"[32, 33, 34, 35, 36, 37, 38, 39]",[4],8,"[32, 33, 34, 35, 36, 37, 38, 39]",[4],DIFF_SB_SR_32,structural_overapprox_mode_simplified
SR_32,SR,32,2,differential,48,"[0, 1, 2, 3, 4, 5, 6, 7, 24, 25, 26, 27, 28, 29, 30, 31, 32, 33, 34, 35, 36, 37, 38, 39, 72, 73, 74, 75, 76, 77, 78, 79, 104, 105, 106, 107, 108, 109, 110, 111, 112, 113, 114, 115, 116, 117, 118, 119]","[0, 3, 4, 9, 13, 14]",32,"[24, 25, 26, 27, 28, 29, 30, 31, 32, 33, 34, 35, 36, 37, 38, 39, 72, 73, 74, 75, 76, 77, 78, 79, 112, 113, 114, 115, 116, 117, 118, 119]","[3, 4, 9, 14]",DIFF_SB_SR_32,structural_overapprox_mode_simplified
SR_33,SR,33,1,differential,8,"[32, 33, 34, 35, 36, 37, 38, 39]",[4],8,"[32, 33, 34, 35, 36, 37, 38, 39]",[4],DIFF_SB_SR_33,structural_overapprox_mode_simplified
SR_33,SR,33,2,differential,48,"[0, 1, 2, 3, 4, 5, 6, 7, 24, 25, 26, 27, 28, 29, 30, 31, 32, 33, 34, 35, 36, 37, 38, 39, 72, 73, 74, 75, 76, 77, 78, 79, 104, 105, 106, 107, 108, 109, 110, 111, 112, 113, 114, 115, 116, 117, 118, 119]","[0, 3, 4, 9, 13, 14]",32,"[24, 25, 26, 27, 28, 29, 30, 31, 32, 33, 34, 35, 36, 37, 38, 39, 72, 73, 74, 75, 76, 77, 78, 79, 112, 113, 114, 115, 116, 117, 118, 119]","[3, 4, 9, 14]",DIFF_SB_SR_33,structural_overapprox_mode_simplified
SR_36,SR,36,1,differential,8,"[32, 33, 34, 35, 36, 37, 38, 39]",[4],8,"[32, 33, 34, 35, 36, 37, 38, 39]",[4],DIFF_SB_SR_36,structural_overapprox_mode_simplified
SR_36,SR,36,2,differential,48,"[0, 1, 2, 3, 4, 5, 6, 7, 24, 25, 26, 27, 28, 29, 30, 31, 32, 33, 34, 35, 36, 37, 38, 39, 72, 73, 74, 75, 76, 77, 78, 79, 104, 105, 106, 107, 108, 109, 110, 111, 112, 113, 114, 115, 116, 117, 118, 119]","[0, 3, 4, 9, 13, 14]",32,"[24, 25, 26, 27, 28, 29, 30, 31, 32, 33, 34, 35, 36, 37, 38, 39, 72, 73, 74, 75, 76, 77, 78, 79, 112, 113, 114, 115, 116, 117, 118, 119]","[3, 4, 9, 14]",DIFF_SB_SR_36,structural_overapprox_mode_simplified
SR_38,SR,38,1,differential,8,"[32, 33, 34, 35, 36, 37, 38, 39]",[4],8,"[32, 33, 34, 35, 36, 37, 38, 39]",[4],DIFF_SB_SR_38,structural_overapprox_mode_simplified
SR_38,SR,38,2,differential,48,"[0, 1, 2, 3, 4, 5, 6, 7, 24, 25, 26, 27, 28, 29, 30, 31, 32, 33, 34, 35, 36, 37, 38, 39, 72, 73, 74, 75, 76, 77, 78, 79, 104, 105, 106, 107, 108, 109, 110, 111, 112, 113, 114, 115, 116, 117, 118, 119]","[0, 3, 4, 9, 13, 14]",32,"[24, 25, 26, 27, 28, 29, 30, 31, 32, 33, 34, 35, 36, 37, 38, 39, 72, 73, 74, 75, 76, 77, 78, 79, 112, 113, 114, 115, 116, 117, 118, 119]","[3, 4, 9, 14]",DIFF_SB_SR_38,structural_overapprox_mode_simplified
SR_39,SR,39,1,differential,8,"[32, 33, 34, 35, 36, 37, 38, 39]",[4],8,"[32, 33, 34, 35, 36, 37, 38, 39]",[4],DIFF_SB_SR_39,structural_overapprox_mode_simplified
SR_39,SR,39,2,differential,48,"[0, 1, 2, 3, 4, 5, 6, 7, 24, 25, 26, 27, 28, 29, 30, 31, 32, 33, 34, 35, 36, 37, 38, 39, 72, 73, 74, 75, 76, 77, 78, 79, 104, 105, 106, 107, 108, 109, 110, 111, 112, 113, 114, 115, 116, 117, 118, 119]","[0, 3, 4, 9, 13, 14]",32,"[24, 25, 26, 27, 28, 29, 30, 31, 32, 33, 34, 35, 36, 37, 38, 39, 72, 73, 74, 75, 76, 77, 78, 79, 112, 113, 114, 115, 116, 117, 118, 119]","[3, 4, 9, 14]",DIFF_SB_SR_39,structural_overapprox_mode_simplified
SR_4,SR,4,1,differential,8,"[0, 1, 2, 3, 4, 5, 6, 7]",[0],8,"[0, 1, 2, 3, 4, 5, 6, 7]",[0],DIFF_SB_SR_4,structural_overapprox_mode_simplified
SR_4,SR,4,2,differential,40,"[0, 1, 2, 3, 4, 5, 6, 7, 40, 41, 42, 43, 44, 45, 46, 47, 80, 81, 82, 83, 84, 85, 86, 87, 104, 105, 106, 107, 108, 109, 110, 111, 120, 121, 122, 123, 124, 125, 126, 127]","[0, 5, 10, 13, 15]",32,"[0, 1, 2, 3, 4, 5, 6, 7, 40, 41, 42, 43, 44, 45, 46, 47, 80, 81, 82, 83, 84, 85, 86, 87, 120, 121, 122, 123, 124, 125, 126, 127]","[0, 5, 10, 15]",DIFF_SB_SR_4,structural_overapprox_mode_simplified
SR_41,SR,41,1,differential,8,"[72, 73, 74, 75, 76, 77, 78, 79]",[9],8,"[72, 73, 74, 75, 76, 77, 78, 79]",[9],DIFF_SB_SR_73,structural_overapprox_mode_simplified
SR_41,SR,41,2,differential,64,"[8, 9, 10, 11, 12, 13, 14, 15, 16, 17, 18, 19, 20, 21, 22, 23, 40, 41, 42, 43, 44, 45, 46, 47, 56, 57, 58, 59, 60, 61, 62, 63, 64, 65, 66, 67, 68, 69, 70, 71, 72, 73, 74, 75, 76, 77, 78, 79, 104, 105, 106, 107, 108, 109, 110, 111, 112, 113, 114, 115, 116, 117, 118, 119]","[1, 2, 5, 7, 8, 9, 13, 14]",32,"[16, 17, 18, 19, 20, 21, 22, 23, 56, 57, 58, 59, 60, 61, 62, 63, 64, 65, 66, 67, 68, 69, 70, 71, 104, 105, 106, 107, 108, 109, 110, 111]","[2, 7, 8, 13]",DIFF_SB_SR_73,structural_overapprox_mode_simplified
SR_46,SR,46,1,differential,8,"[72, 73, 74, 75, 76, 77, 78, 79]",[9],8,"[72, 73, 74, 75, 76, 77, 78, 79]",[9],DIFF_SB_SR_78,structural_overapprox_mode_simplified
SR_46,SR,46,2,differential,64,"[8, 9, 10, 11, 12, 13, 14, 15, 16, 17, 18, 19, 20, 21, 22, 23, 40, 41, 42, 43, 44, 45, 46, 47, 56, 57, 58, 59, 60, 61, 62, 63, 64, 65, 66, 67, 68, 69, 70, 71, 72, 73, 74, 75, 76, 77, 78, 79, 104, 105, 106, 107, 108, 109, 110, 111, 112, 113, 114, 115, 116, 117, 118, 119]","[1, 2, 5, 7, 8, 9, 13, 14]",32,"[16, 17, 18, 19, 20, 21, 22, 23, 56, 57, 58, 59, 60, 61, 62, 63, 64, 65, 66, 67, 68, 69, 70, 71, 104, 105, 106, 107, 108, 109, 110, 111]","[2, 7, 8, 13]",DIFF_SB_SR_78,structural_overapprox_mode_simplified
SR_47,SR,47,1,differential,8,"[72, 73, 74, 75, 76, 77, 78, 79]",[9],8,"[72, 73, 74, 75, 76, 77, 78, 79]",[9],DIFF_SB_SR_79,structural_overapprox_mode_simplified
SR_47,SR,47,2,differential,64,"[8, 9, 10, 11, 12, 13, 14, 15, 16, 17, 18, 19, 20, 21, 22, 23, 40, 41, 42, 43, 44, 45, 46, 47, 56, 57, 58, 59, 60, 61, 62, 63, 64, 65, 66, 67, 68, 69, 70, 71, 72, 73, 74, 75, 76, 77, 78, 79, 104, 105, 106, 107, 108, 109, 110, 111, 112, 113, 114, 115, 116, 117, 118, 119]","[1, 2, 5, 7, 8, 9, 13, 14]",32,"[16, 17, 18, 19, 20, 21, 22, 23, 56, 57, 58, 59, 60, 61, 62, 63, 64, 65, 66, 67, 68, 69, 70, 71, 104, 105, 106, 107, 108, 109, 110, 111]","[2, 7, 8, 13]",DIFF_SB_SR_79,structural_overapprox_mode_simplified
SR_51,SR,51,1,differential,8,"[112, 113, 114, 115, 116, 117, 118, 119]",[14],8,"[112, 113, 114, 115, 116, 117, 118, 119]",[14],DIFF_SB_SR_115,structural_overapprox_mode_simplified
SR_51,SR,51,2,differential,64,"[8, 9, 10, 11, 12, 13, 14, 15, 16, 17, 18, 19, 20, 21, 22, 23, 48, 49, 50, 51, 52, 53, 54, 55, 80, 81, 82, 83, 84, 85, 86, 87, 88, 89, 90, 91, 92, 93, 94, 95, 96, 97, 98, 99, 100, 101, 102, 103, 112, 113, 114, 115, 116, 117, 118, 119, 120, 121, 122, 123, 124, 125, 126, 127]","[1, 2, 6, 10, 11, 12, 14, 15]",32,"[8, 9, 10, 11, 12, 13, 14, 15, 48, 49, 50, 51, 52, 53, 54, 55, 88, 89, 90, 91, 92, 93, 94, 95, 96, 97, 98, 99, 100, 101, 102, 103]","[1, 6, 11, 12]",DIFF_SB_SR_115,structural_overapprox_mode_simplified
SR_52,SR,52,1,differential,8,"[112, 113, 114, 115, 116, 117, 118, 119]",[14],8,"[112, 113, 114, 115, 116, 117, 118, 119]",[14],DIFF_SB_SR_116,structural_overapprox_mode_simplified
SR_52,SR,52,2,differential,64,"[8, 9, 10, 11, 12, 13, 14, 15, 16, 17, 18, 19, 20, 21, 22, 23, 48, 49, 50, 51, 52, 53, 54, 55, 80, 81, 82, 83, 84, 85, 86, 87, 88, 89, 90, 91, 92, 93, 94, 95, 96, 97, 98, 99, 100, 101, 102, 103, 112, 113, 114, 115, 116, 117, 118, 119, 120, 121, 122, 123, 124, 125, 126, 127]","[1, 2, 6, 10, 11, 12, 14, 15]",32,"[8, 9, 10, 11, 12, 13, 14, 15, 48, 49, 50, 51, 52, 53, 54, 55, 88, 89, 90, 91, 92, 93, 94, 95, 96, 97, 98, 99, 100, 101, 102, 103]","[1, 6, 11, 12]",DIFF_SB_SR_116,structural_overapprox_mode_simplified
SR_54,SR,54,1,differential,8,"[112, 113, 114, 115, 116, 117, 118, 119]",[14],8,"[112, 113, 114, 115, 116, 117, 118, 119]",[14],DIFF_SB_SR_118,structural_overapprox_mode_simplified
SR_54,SR,54,2,differential,64,"[8, 9, 10, 11, 12, 13, 14, 15, 16, 17, 18, 19, 20, 21, 22, 23, 48, 49, 50, 51, 52, 53, 54, 55, 80, 81, 82, 83, 84, 85, 86, 87, 88, 89, 90, 91, 92, 93, 94, 95, 96, 97, 98, 99, 100, 101, 102, 103, 112, 113, 114, 115, 116, 117, 118, 119, 120, 121, 122, 123, 124, 125, 126, 127]","[1, 2, 6, 10, 11, 12, 14, 15]",32,"[8, 9, 10, 11, 12, 13, 14, 15, 48, 49, 50, 51, 52, 53, 54, 55, 88, 89, 90, 91, 92, 93, 94, 95, 96, 97, 98, 99, 100, 101, 102, 103]","[1, 6, 11, 12]",DIFF_SB_SR_118,structural_overapprox_mode_simplified
SR_55,SR,55,1,differential,8,"[112, 113, 114, 115, 116, 117, 118, 119]",[14],8,"[112, 113, 114, 115, 116, 117, 118, 119]",[14],DIFF_SB_SR_119,structural_overapprox_mode_simplified
SR_55,SR,55,2,differential,64,"[8, 9, 10, 11, 12, 13, 14, 15, 16, 17, 18, 19, 20, 21, 22, 23, 48, 49, 50, 51, 52, 53, 54, 55, 80, 81, 82, 83, 84, 85, 86, 87, 88, 89, 90, 91, 92, 93, 94, 95, 96, 97, 98, 99, 100, 101, 102, 103, 112, 113, 114, 115, 116, 117, 118, 119, 120, 121, 122, 123, 124, 125, 126, 127]","[1, 2, 6, 10, 11, 12, 14, 15]",32,"[8, 9, 10, 11, 12, 13, 14, 15, 48, 49, 50, 51, 52, 53, 54, 55, 88, 89, 90, 91, 92, 93, 94, 95, 96, 97, 98, 99, 100, 101, 102, 103]","[1, 6, 11, 12]",DIFF_SB_SR_119,structural_overapprox_mode_simplified
SR_57,SR,57,1,differential,8,"[24, 25, 26, 27, 28, 29, 30, 31]",[3],8,"[24, 25, 26, 27, 28, 29, 30, 31]",[3],DIFF_SB_SR_25,structural_overapprox_mode_simplified
SR_57,SR,57,2,differential,48,"[0, 1, 2, 3, 4, 5, 6, 7, 24, 25, 26, 27, 28, 29, 30, 31, 40, 41, 42, 43, 44, 45, 46, 47, 80, 81, 82, 83, 84, 85, 86, 87, 96, 97, 98, 99, 100, 101, 102, 103, 120, 121, 122, 123, 124, 125, 126, 127]","[0, 3, 5, 10, 12, 15]",32,"[0, 1, 2, 3, 4, 5, 6, 7, 40, 41, 42, 43, 44, 45, 46, 47, 80, 81, 82, 83, 84, 85, 86, 87, 120, 121, 122, 123, 124, 125, 126, 127]","[0, 5, 10, 15]",DIFF_SB_SR_25,structural_overapprox_mode_simplified
SR_58,SR,58,1,differential,8,"[24, 25, 26, 27, 28, 29, 30, 31]",[3],8,"[24, 25, 26, 27, 28, 29, 30, 31]",[3],DIFF_SB_SR_26,structural_overapprox_mode_simplified
SR_58,SR,58,2,differential,48,"[0, 1, 2, 3, 4, 5, 6, 7, 24, 25, 26, 27, 28, 29, 30, 31, 40, 41, 42, 43, 44, 45, 46, 47, 80, 81, 82, 83, 84, 85, 86, 87, 96, 97, 98, 99, 100, 101, 102, 103, 120, 121, 122, 123, 124, 125, 126, 127]","[0, 3, 5, 10, 12, 15]",32,"[0, 1, 2, 3, 4, 5, 6, 7, 40, 41, 42, 43, 44, 45, 46, 47, 80, 81, 82, 83, 84, 85, 86, 87, 120, 121, 122, 123, 124, 125, 126, 127]","[0, 5, 10, 15]",DIFF_SB_SR_26,structural_overapprox_mode_simplified
SR_6,SR,6,1,differential,8,"[0, 1, 2, 3, 4, 5, 6, 7]",[0],8,"[0, 1, 2, 3, 4, 5, 6, 7]",[0],DIFF_SB_SR_6,structural_overapprox_mode_simplified
SR_6,SR,6,2,differential,40,"[0, 1, 2, 3, 4, 5, 6, 7, 40, 41, 42, 43, 44, 45, 46, 47, 80, 81, 82, 83, 84, 85, 86, 87, 104, 105, 106, 107, 108, 109, 110, 111, 120, 121, 122, 123, 124, 125, 126, 127]","[0, 5, 10, 13, 15]",32,"[0, 1, 2, 3, 4, 5, 6, 7, 40, 41, 42, 43, 44, 45, 46, 47, 80, 81, 82, 83, 84, 85, 86, 87, 120, 121, 122, 123, 124, 125, 126, 127]","[0, 5, 10, 15]",DIFF_SB_SR_6,structural_overapprox_mode_simplified
SR_60,SR,60,1,differential,8,"[24, 25, 26, 27, 28, 29, 30, 31]",[3],8,"[24, 25, 26, 27, 28, 29, 30, 31]",[3],DIFF_SB_SR_28,structural_overapprox_mode_simplified
SR_60,SR,60,2,differential,48,"[0, 1, 2, 3, 4, 5, 6, 7, 24, 25, 26, 27, 28, 29, 30, 31, 40, 41, 42, 43, 44, 45, 46, 47, 80, 81, 82, 83, 84, 85, 86, 87, 96, 97, 98, 99, 100, 101, 102, 103, 120, 121, 122, 123, 124, 125, 126, 127]","[0, 3, 5, 10, 12, 15]",32,"[0, 1, 2, 3, 4, 5, 6, 7, 40, 41, 42, 43, 44, 45, 46, 47, 80, 81, 82, 83, 84, 85, 86, 87, 120, 121, 122, 123, 124, 125, 126, 127]","[0, 5, 10, 15]",DIFF_SB_SR_28,structural_overapprox_mode_simplified
SR_61,SR,61,1,differential,8,"[24, 25, 26, 27, 28, 29, 30, 31]",[3],8,"[24, 25, 26, 27, 28, 29, 30, 31]",[3],DIFF_SB_SR_29,structural_overapprox_mode_simplified
SR_61,SR,61,2,differential,48,"[0, 1, 2, 3, 4, 5, 6, 7, 24, 25, 26, 27, 28, 29, 30, 31, 40, 41, 42, 43, 44, 45, 46, 47, 80, 81, 82, 83, 84, 85, 86, 87, 96, 97, 98, 99, 100, 101, 102, 103, 120, 121, 122, 123, 124, 125, 126, 127]","[0, 3, 5, 10, 12, 15]",32,"[0, 1, 2, 3, 4, 5, 6, 7, 40, 41, 42, 43, 44, 45, 46, 47, 80, 81, 82, 83, 84, 85, 86, 87, 120, 121, 122, 123, 124, 125, 126, 127]","[0, 5, 10, 15]",DIFF_SB_SR_29,structural_overapprox_mode_simplified
SR_62,SR,62,1,differential,8,"[24, 25, 26, 27, 28, 29, 30, 31]",[3],8,"[24, 25, 26, 27, 28, 29, 30, 31]",[3],DIFF_SB_SR_30,structural_overapprox_mode_simplified
SR_62,SR,62,2,differential,48,"[0, 1, 2, 3, 4, 5, 6, 7, 24, 25, 26, 27, 28, 29, 30, 31, 40, 41, 42, 43, 44, 45, 46, 47, 80, 81, 82, 83, 84, 85, 86, 87, 96, 97, 98, 99, 100, 101, 102, 103, 120, 121, 122, 123, 124, 125, 126, 127]","[0, 3, 5, 10, 12, 15]",32,"[0, 1, 2, 3, 4, 5, 6, 7, 40, 41, 42, 43, 44, 45, 46, 47, 80, 81, 82, 83, 84, 85, 86, 87, 120, 121, 122, 123, 124, 125, 126, 127]","[0, 5, 10, 15]",DIFF_SB_SR_30,structural_overapprox_mode_simplified
SR_63,SR,63,1,differential,8,"[24, 25, 26, 27, 28, 29, 30, 31]",[3],8,"[24, 25, 26, 27, 28, 29, 30, 31]",[3],DIFF_SB_SR_31,structural_overapprox_mode_simplified
SR_63,SR,63,2,differential,48,"[0, 1, 2, 3, 4, 5, 6, 7, 24, 25, 26, 27, 28, 29, 30, 31, 40, 41, 42, 43, 44, 45, 46, 47, 80, 81, 82, 83, 84, 85, 86, 87, 96, 97, 98, 99, 100, 101, 102, 103, 120, 121, 122, 123, 124, 125, 126, 127]","[0, 3, 5, 10, 12, 15]",32,"[0, 1, 2, 3, 4, 5, 6, 7, 40, 41, 42, 43, 44, 45, 46, 47, 80, 81, 82, 83, 84, 85, 86, 87, 120, 121, 122, 123, 124, 125, 126, 127]","[0, 5, 10, 15]",DIFF_SB_SR_31,structural_overapprox_mode_simplified
SR_64,SR,64,1,differential,8,"[64, 65, 66, 67, 68, 69, 70, 71]",[8],8,"[64, 65, 66, 67, 68, 69, 70, 71]",[8],DIFF_SB_SR_64,structural_overapprox_mode_simplified
SR_64,SR,64,2,differential,48,"[0, 1, 2, 3, 4, 5, 6, 7, 16, 17, 18, 19, 20, 21, 22, 23, 32, 33, 34, 35, 36, 37, 38, 39, 56, 57, 58, 59, 60, 61, 62, 63, 64, 65, 66, 67, 68, 69, 70, 71, 104, 105, 106, 107, 108, 109, 110, 111]","[0, 2, 4, 7, 8, 13]",32,"[16, 17, 18, 19, 20, 21, 22, 23, 56, 57, 58, 59, 60, 61, 62, 63, 64, 65, 66, 67, 68, 69, 70, 71, 104, 105, 106, 107, 108, 109, 110, 111]","[2, 7, 8, 13]",DIFF_SB_SR_64,structural_overapprox_mode_simplified
SR_65,SR,65,1,differential,8,"[64, 65, 66, 67, 68, 69, 70, 71]",[8],8,"[64, 65, 66, 67, 68, 69, 70, 71]",[8],DIFF_SB_SR_65,structural_overapprox_mode_simplified
SR_65,SR,65,2,differential,48,"[0, 1, 2, 3, 4, 5, 6, 7, 16, 17, 18, 19, 20, 21, 22, 23, 32, 33, 34, 35, 36, 37, 38, 39, 56, 57, 58, 59, 60, 61, 62, 63, 64, 65, 66, 67, 68, 69, 70, 71, 104, 105, 106, 107, 108, 109, 110, 111]","[0, 2, 4, 7, 8, 13]",32,"[16, 17, 18, 19, 20, 21, 22, 23, 56, 57, 58, 59, 60, 61, 62, 63, 64, 65, 66, 67, 68, 69, 70, 71, 104, 105, 106, 107, 108, 109, 110, 111]","[2, 7, 8, 13]",DIFF_SB_SR_65,structural_overapprox_mode_simplified
SR_66,SR,66,1,differential,8,"[64, 65, 66, 67, 68, 69, 70, 71]",[8],8,"[64, 65, 66, 67, 68, 69, 70, 71]",[8],DIFF_SB_SR_66,structural_overapprox_mode_simplified
SR_66,SR,66,2,differential,48,"[0, 1, 2, 3, 4, 5, 6, 7, 16, 17, 18, 19, 20, 21, 22, 23, 32, 33, 34, 35, 36, 37, 38, 39, 56, 57, 58, 59, 60, 61, 62, 63, 64, 65, 66, 67, 68, 69, 70, 71, 104, 105, 106, 107, 108, 109, 110, 111]","[0, 2, 4, 7, 8, 13]",32,"[16, 17, 18, 19, 20, 21, 22, 23, 56, 57, 58, 59, 60, 61, 62, 63, 64, 65, 66, 67, 68, 69, 70, 71, 104, 105, 106, 107, 108, 109, 110, 111]","[2, 7, 8, 13]",DIFF_SB_SR_66,structural_overapprox_mode_simplified
SR_67,SR,67,1,differential,8,"[64, 65, 66, 67, 68, 69, 70, 71]",[8],8,"[64, 65, 66, 67, 68, 69, 70, 71]",[8],DIFF_SB_SR_67,structural_overapprox_mode_simplified
SR_67,SR,67,2,differential,48,"[0, 1, 2, 3, 4, 5, 6, 7, 16, 17, 18, 19, 20, 21, 22, 23, 32, 33, 34, 35, 36, 37, 38, 39, 56, 57, 58, 59, 60, 61, 62, 63, 64, 65, 66, 67, 68, 69, 70, 71, 104, 105, 106, 107, 108, 109, 110, 111]","[0, 2, 4, 7, 8, 13]",32,"[16, 17, 18, 19, 20, 21, 22, 23, 56, 57, 58, 59, 60, 61, 62, 63, 64, 65, 66, 67, 68, 69, 70, 71, 104, 105, 106, 107, 108, 109, 110, 111]","[2, 7, 8, 13]",DIFF_SB_SR_67,structural_overapprox_mode_simplified
SR_68,SR,68,1,differential,8,"[64, 65, 66, 67, 68, 69, 70, 71]",[8],8,"[64, 65, 66, 67, 68, 69, 70, 71]",[8],DIFF_SB_SR_68,structural_overapprox_mode_simplified
SR_68,SR,68,2,differential,48,"[0, 1, 2, 3, 4, 5, 6, 7, 16, 17, 18, 19, 20, 21, 22, 23, 32, 33, 34, 35, 36, 37, 38, 39, 56, 57, 58, 59, 60, 61, 62, 63, 64, 65, 66, 67, 68, 69, 70, 71, 104, 105, 106, 107, 108, 109, 110, 111]","[0, 2, 4, 7, 8, 13]",32,"[16, 17, 18, 19, 20, 21, 22, 23, 56, 57, 58, 59, 60, 61, 62, 63, 64, 65, 66, 67, 68, 69, 70, 71, 104, 105, 106, 107, 108, 109, 110, 111]","[2, 7, 8, 13]",DIFF_SB_SR_68,structural_overapprox_mode_simplified
SR_7,SR,7,1,differential,8,"[0, 1, 2, 3, 4, 5, 6, 7]",[0],8,"[0, 1, 2, 3, 4, 5, 6, 7]",[0],DIFF_SB_SR_7,structural_overapprox_mode_simplified
SR_7,SR,7,2,differential,40,"[0, 1, 2, 3, 4, 5, 6, 7, 40, 41, 42, 43, 44, 45, 46, 47, 80, 81, 82, 83, 84, 85, 86, 87, 104, 105, 106, 107, 108, 109, 110, 111, 120, 121, 122, 123, 124, 125, 126, 127]","[0, 5, 10, 13, 15]",32,"[0, 1, 2, 3, 4, 5, 6, 7, 40, 41, 42, 43, 44, 45, 46, 47, 80, 81, 82, 83, 84, 85, 86, 87, 120, 121, 122, 123, 124, 125, 126, 127]","[0, 5, 10, 15]",DIFF_SB_SR_7,structural_overapprox_mode_simplified
SR_70,SR,70,1,differential,8,"[64, 65, 66, 67, 68, 69, 70, 71]",[8],8,"[64, 65, 66, 67, 68, 69, 70, 71]",[8],DIFF_SB_SR_70,structural_overapprox_mode_simplified
SR_70,SR,70,2,differential,48,"[0, 1, 2, 3, 4, 5, 6, 7, 16, 17, 18, 19, 20, 21, 22, 23, 32, 33, 34, 35, 36, 37, 38, 39, 56, 57, 58, 59, 60, 61, 62, 63, 64, 65, 66, 67, 68, 69, 70, 71, 104, 105, 106, 107, 108, 109, 110, 111]","[0, 2, 4, 7, 8, 13]",32,"[16, 17, 18, 19, 20, 21, 22, 23, 56, 57, 58, 59, 60, 61, 62, 63, 64, 65, 66, 67, 68, 69, 70, 71, 104, 105, 106, 107, 108, 109, 110, 111]","[2, 7, 8, 13]",DIFF_SB_SR_70,structural_overapprox_mode_simplified
SR_72,SR,72,1,differential,8,"[104, 105, 106, 107, 108, 109, 110, 111]",[13],8,"[104, 105, 106, 107, 108, 109, 110, 111]",[13],DIFF_SB_SR_104,structural_overapprox_mode_simplified
SR_72,SR,72,2,differential,64,"[8, 9, 10, 11, 12, 13, 14, 15, 40, 41, 42, 43, 44, 45, 46, 47, 48, 49, 50, 51, 52, 53, 54, 55, 72, 73, 74, 75, 76, 77, 78, 79, 88, 89, 90, 91, 92, 93, 94, 95, 96, 97, 98, 99, 100, 101, 102, 103, 104, 105, 106, 107, 108, 109, 110, 111, 112, 113, 114, 115, 116, 117, 118, 119]","[1, 5, 6, 9, 11, 12, 13, 14]",32,"[8, 9, 10, 11, 12, 13, 14, 15, 48, 49, 50, 51, 52, 53, 54, 55, 88, 89, 90, 91, 92, 93, 94, 95, 96, 97, 98, 99, 100, 101, 102, 103]","[1, 6, 11, 12]",DIFF_SB_SR_104,structural_overapprox_mode_simplified
SR_73,SR,73,1,differential,8,"[104, 105, 106, 107, 108, 109, 110, 111]",[13],8,"[104, 105, 106, 107, 108, 109, 110, 111]",[13],DIFF_SB_SR_105,structural_overapprox_mode_simplified
SR_73,SR,73,2,differential,64,"[8, 9, 10, 11, 12, 13, 14, 15, 40, 41, 42, 43, 44, 45, 46, 47, 48, 49, 50, 51, 52, 53, 54, 55, 72, 73, 74, 75, 76, 77, 78, 79, 88, 89, 90, 91, 92, 93, 94, 95, 96, 97, 98, 99, 100, 101, 102, 103, 104, 105, 106, 107, 108, 109, 110, 111, 112, 113, 114, 115, 116, 117, 118, 119]","[1, 5, 6, 9, 11, 12, 13, 14]",32,"[8, 9, 10, 11, 12, 13, 14, 15, 48, 49, 50, 51, 52, 53, 54, 55, 88, 89, 90, 91, 92, 93, 94, 95, 96, 97, 98, 99, 100, 101, 102, 103]","[1, 6, 11, 12]",DIFF_SB_SR_105,structural_overapprox_mode_simplified
SR_74,SR,74,1,differential,8,"[104, 105, 106, 107, 108, 109, 110, 111]",[13],8,"[104, 105, 106, 107, 108, 109, 110, 111]",[13],DIFF_SB_SR_106,structural_overapprox_mode_simplified
SR_74,SR,74,2,differential,64,"[8, 9, 10, 11, 12, 13, 14, 15, 40, 41, 42, 43, 44, 45, 46, 47, 48, 49, 50, 51, 52, 53, 54, 55, 72, 73, 74, 75, 76, 77, 78, 79, 88, 89, 90, 91, 92, 93, 94, 95, 96, 97, 98, 99, 100, 101, 102, 103, 104, 105, 106, 107, 108, 109, 110, 111, 112, 113, 114, 115, 116, 117, 118, 119]","[1, 5, 6, 9, 11, 12, 13, 14]",32,"[8, 9, 10, 11, 12, 13, 14, 15, 48, 49, 50, 51, 52, 53, 54, 55, 88, 89, 90, 91, 92, 93, 94, 95, 96, 97, 98, 99, 100, 101, 102, 103]","[1, 6, 11, 12]",DIFF_SB_SR_106,structural_overapprox_mode_simplified
SR_75,SR,75,1,differential,8,"[104, 105, 106, 107, 108, 109, 110, 111]",[13],8,"[104, 105, 106, 107, 108, 109, 110, 111]",[13],DIFF_SB_SR_107,structural_overapprox_mode_simplified
SR_75,SR,75,2,differential,64,"[8, 9, 10, 11, 12, 13, 14, 15, 40, 41, 42, 43, 44, 45, 46, 47, 48, 49, 50, 51, 52, 53, 54, 55, 72, 73, 74, 75, 76, 77, 78, 79, 88, 89, 90, 91, 92, 93, 94, 95, 96, 97, 98, 99, 100, 101, 102, 103, 104, 105, 106, 107, 108, 109, 110, 111, 112, 113, 114, 115, 116, 117, 118, 119]","[1, 5, 6, 9, 11, 12, 13, 14]",32,"[8, 9, 10, 11, 12, 13, 14, 15, 48, 49, 50, 51, 52, 53, 54, 55, 88, 89, 90, 91, 92, 93, 94, 95, 96, 97, 98, 99, 100, 101, 102, 103]","[1, 6, 11, 12]",DIFF_SB_SR_107,structural_overapprox_mode_simplified
SR_76,SR,76,1,differential,8,"[104, 105, 106, 107, 108, 109, 110, 111]",[13],8,"[104, 105, 106, 107, 108, 109, 110, 111]",[13],DIFF_SB_SR_108,structural_overapprox_mode_simplified
SR_76,SR,76,2,differential,64,"[8, 9, 10, 11, 12, 13, 14, 15, 40, 41, 42, 43, 44, 45, 46, 47, 48, 49, 50, 51, 52, 53, 54, 55, 72, 73, 74, 75, 76, 77, 78, 79, 88, 89, 90, 91, 92, 93, 94, 95, 96, 97, 98, 99, 100, 101, 102, 103, 104, 105, 106, 107, 108, 109, 110, 111, 112, 113, 114, 115, 116, 117, 118, 119]","[1, 5, 6, 9, 11, 12, 13, 14]",32,"[8, 9, 10, 11, 12, 13, 14, 15, 48, 49, 50, 51, 52, 53, 54, 55, 88, 89, 90, 91, 92, 93, 94, 95, 96, 97, 98, 99, 100, 101, 102, 103]","[1, 6, 11, 12]",DIFF_SB_SR_108,structural_overapprox_mode_simplified
SR_78,SR,78,1,differential,8,"[104, 105, 106, 107, 108, 109, 110, 111]",[13],8,"[104, 105, 106, 107, 108, 109, 110, 111]",[13],DIFF_SB_SR_110,structural_overapprox_mode_simplified
SR_78,SR,78,2,differential,64,"[8, 9, 10, 11, 12, 13, 14, 15, 40, 41, 42, 43, 44, 45, 46, 47, 48, 49, 50, 51, 52, 53, 54, 55, 72, 73, 74, 75, 76, 77, 78, 79, 88, 89, 90, 91, 92, 93, 94, 95, 96, 97, 98, 99, 100, 101, 102, 103, 104, 105, 106, 107, 108, 109, 110, 111, 112, 113, 114, 115, 116, 117, 118, 119]","[1, 5, 6, 9, 11, 12, 13, 14]",32,"[8, 9, 10, 11, 12, 13, 14, 15, 48, 49, 50, 51, 52, 53, 54, 55, 88, 89, 90, 91, 92, 93, 94, 95, 96, 97, 98, 99, 100, 101, 102, 103]","[1, 6, 11, 12]",DIFF_SB_SR_110,structural_overapprox_mode_simplified
SR_79,SR,79,1,differential,8,"[104, 105, 106, 107, 108, 109, 110, 111]",[13],8,"[104, 105, 106, 107, 108, 109, 110, 111]",[13],DIFF_SB_SR_111,structural_overapprox_mode_simplified
SR_79,SR,79,2,differential,64,"[8, 9, 10, 11, 12, 13, 14, 15, 40, 41, 42, 43, 44, 45, 46, 47, 48, 49, 50, 51, 52, 53, 54, 55, 72, 73, 74, 75, 76, 77, 78, 79, 88, 89, 90, 91, 92, 93, 94, 95, 96, 97, 98, 99, 100, 101, 102, 103, 104, 105, 106, 107, 108, 109, 110, 111, 112, 113, 114, 115, 116, 117, 118, 119]","[1, 5, 6, 9, 11, 12, 13, 14]",32,"[8, 9, 10, 11, 12, 13, 14, 15, 48, 49, 50, 51, 52, 53, 54, 55, 88, 89, 90, 91, 92, 93, 94, 95, 96, 97, 98, 99, 100, 101, 102, 103]","[1, 6, 11, 12]",DIFF_SB_SR_111,structural_overapprox_mode_simplified
SR_8,SR,8,1,differential,8,"[40, 41, 42, 43, 44, 45, 46, 47]",[5],8,"[40, 41, 42, 43, 44, 45, 46, 47]",[5],DIFF_SB_SR_40,structural_overapprox_mode_simplified
SR_8,SR,8,2,differential,48,"[8, 9, 10, 11, 12, 13, 14, 15, 24, 25, 26, 27, 28, 29, 30, 31, 32, 33, 34, 35, 36, 37, 38, 39, 40, 41, 42, 43, 44, 45, 46, 47, 72, 73, 74, 75, 76, 77, 78, 79, 112, 113, 114, 115, 116, 117, 118, 119]","[1, 3, 4, 5, 9, 14]",32,"[24, 25, 26, 27, 28, 29, 30, 31, 32, 33, 34, 35, 36, 37, 38, 39, 72, 73, 74, 75, 76, 77, 78, 79, 112, 113, 114, 115, 116, 117, 118, 119]","[3, 4, 9, 14]",DIFF_SB_SR_40,structural_overapprox_mode_simplified
SR_80,SR,80,1,differential,8,"[16, 17, 18, 19, 20, 21, 22, 23]",[2],8,"[16, 17, 18, 19, 20, 21, 22, 23]",[2],DIFF_SB_SR_16,structural_overapprox_mode_simplified
SR_80,SR,80,2,differential,40,"[0, 1, 2, 3, 4, 5, 6, 7, 16, 17, 18, 19, 20, 21, 22, 23, 40, 41, 42, 43, 44, 45, 46, 47, 80, 81, 82, 83, 84, 85, 86, 87, 120, 121, 122, 123, 124, 125, 126, 127]","[0, 2, 5, 10, 15]",32,"[0, 1, 2, 3, 4, 5, 6, 7, 40, 41, 42, 43, 44, 45, 46, 47, 80, 81, 82, 83, 84, 85, 86, 87, 120, 121, 122, 123, 124, 125, 126, 127]","[0, 5, 10, 15]",DIFF_SB_SR_16,structural_overapprox_mode_simplified
SR_81,SR,81,1,differential,8,"[16, 17, 18, 19, 20, 21, 22, 23]",[2],8,"[16, 17, 18, 19, 20, 21, 22, 23]",[2],DIFF_SB_SR_17,structural_overapprox_mode_simplified
SR_81,SR,81,2,differential,40,"[0, 1, 2, 3, 4, 5, 6, 7, 16, 17, 18, 19, 20, 21, 22, 23, 40, 41, 42, 43, 44, 45, 46, 47, 80, 81, 82, 83, 84, 85, 86, 87, 120, 121, 122, 123, 124, 125, 126, 127]","[0, 2, 5, 10, 15]",32,"[0, 1, 2, 3, 4, 5, 6, 7, 40, 41, 42, 43, 44, 45, 46, 47, 80, 81, 82, 83, 84, 85, 86, 87, 120, 121, 122, 123, 124, 125, 126, 127]","[0, 5, 10, 15]",DIFF_SB_SR_17,structural_overapprox_mode_simplified
SR_82,SR,82,1,differential,8,"[16, 17, 18, 19, 20, 21, 22, 23]",[2],8,"[16, 17, 18, 19, 20, 21, 22, 23]",[2],DIFF_SB_SR_18,structural_overapprox_mode_simplified
SR_82,SR,82,2,differential,40,"[0, 1, 2, 3, 4, 5, 6, 7, 16, 17, 18, 19, 20, 21, 22, 23, 40, 41, 42, 43, 44, 45, 46, 47, 80, 81, 82, 83, 84, 85, 86, 87, 120, 121, 122, 123, 124, 125, 126, 127]","[0, 2, 5, 10, 15]",32,"[0, 1, 2, 3, 4, 5, 6, 7, 40, 41, 42, 43, 44, 45, 46, 47, 80, 81, 82, 83, 84, 85, 86, 87, 120, 121, 122, 123, 124, 125, 126, 127]","[0, 5, 10, 15]",DIFF_SB_SR_18,structural_overapprox_mode_simplified
SR_85,SR,85,1,differential,8,"[16, 17, 18, 19, 20, 21, 22, 23]",[2],8,"[16, 17, 18, 19, 20, 21, 22, 23]",[2],DIFF_SB_SR_21,structural_overapprox_mode_simplified
SR_85,SR,85,2,differential,40,"[0, 1, 2, 3, 4, 5, 6, 7, 16, 17, 18, 19, 20, 21, 22, 23, 40, 41, 42, 43, 44, 45, 46, 47, 80, 81, 82, 83, 84, 85, 86, 87, 120, 121, 122, 123, 124, 125, 126, 127]","[0, 2, 5, 10, 15]",32,"[0, 1, 2, 3, 4, 5, 6, 7, 40, 41, 42, 43, 44, 45, 46, 47, 80, 81, 82, 83, 84, 85, 86, 87, 120, 121, 122, 123, 124, 125, 126, 127]","[0, 5, 10, 15]",DIFF_SB_SR_21,structural_overapprox_mode_simplified
SR_87,SR,87,1,differential,8,"[16, 17, 18, 19, 20, 21, 22, 23]",[2],8,"[16, 17, 18, 19, 20, 21, 22, 23]",[2],DIFF_SB_SR_23,structural_overapprox_mode_simplified
SR_87,SR,87,2,differential,40,"[0, 1, 2, 3, 4, 5, 6, 7, 16, 17, 18, 19, 20, 21, 22, 23, 40, 41, 42, 43, 44, 45, 46, 47, 80, 81, 82, 83, 84, 85, 86, 87, 120, 121, 122, 123, 124, 125, 126, 127]","[0, 2, 5, 10, 15]",32,"[0, 1, 2, 3, 4, 5, 6, 7, 40, 41, 42, 43, 44, 45, 46, 47, 80, 81, 82, 83, 84, 85, 86, 87, 120, 121, 122, 123, 124, 125, 126, 127]","[0, 5, 10, 15]",DIFF_SB_SR_23,structural_overapprox_mode_simplified
SR_88,SR,88,1,differential,8,"[56, 57, 58, 59, 60, 61, 62, 63]",[7],8,"[56, 57, 58, 59, 60, 61, 62, 63]",[7],DIFF_SB_SR_56,structural_overapprox_mode_simplified
SR_88,SR,88,2,differential,48,"[24, 25, 26, 27, 28, 29, 30, 31, 32, 33, 34, 35, 36, 37, 38, 39, 56, 57, 58, 59, 60, 61, 62, 63, 72, 73, 74, 75, 76, 77, 78, 79, 96, 97, 98, 99, 100, 101, 102, 103, 112, 113, 114, 115, 116, 117, 118, 119]","[3, 4, 7, 9, 12, 14]",32,"[24, 25, 26, 27, 28, 29, 30, 31, 32, 33, 34, 35, 36, 37, 38, 39, 72, 73, 74, 75, 76, 77, 78, 79, 112, 113, 114, 115, 116, 117, 118, 119]","[3, 4, 9, 14]",DIFF_SB_SR_56,structural_overapprox_mode_simplified
SR_9,SR,9,1,differential,8,"[40, 41, 42, 43, 44, 45, 46, 47]",[5],8,"[40, 41, 42, 43, 44, 45, 46, 47]",[5],DIFF_SB_SR_41,structural_overapprox_mode_simplified
SR_9,SR,9,2,differential,48,"[8, 9, 10, 11, 12, 13, 14, 15, 24, 25, 26, 27, 28, 29, 30, 31, 32, 33, 34, 35, 36, 37, 38, 39, 40, 41, 42, 43, 44, 45, 46, 47, 72, 73, 74, 75, 76, 77, 78, 79, 112, 113, 114, 115, 116, 117, 118, 119]","[1, 3, 4, 5, 9, 14]",32,"[24, 25, 26, 27, 28, 29, 30, 31, 32, 33, 34, 35, 36, 37, 38, 39, 72, 73, 74, 75, 76, 77, 78, 79, 112, 113, 114, 115, 116, 117, 118, 119]","[3, 4, 9, 14]",DIFF_SB_SR_41,structural_overapprox_mode_simplified
SR_94,SR,94,1,differential,8,"[56, 57, 58, 59, 60, 61, 62, 63]",[7],8,"[56, 57, 58, 59, 60, 61, 62, 63]",[7],DIFF_SB_SR_62,structural_overapprox_mode_simplified
SR_94,SR,94,2,differential,48,"[24, 25, 26, 27, 28, 29, 30, 31, 32, 33, 34, 35, 36, 37, 38, 39, 56, 57, 58, 59, 60, 61, 62, 63, 72, 73, 74, 75, 76, 77, 78, 79, 96, 97, 98, 99, 100, 101, 102, 103, 112, 113, 114, 115, 116, 117, 118, 119]","[3, 4, 7, 9, 12, 14]",32,"[24, 25, 26, 27, 28, 29, 30, 31, 32, 33, 34, 35, 36, 37, 38, 39, 72, 73, 74, 75, 76, 77, 78, 79, 112, 113, 114, 115, 116, 117, 118, 119]","[3, 4, 9, 14]",DIFF_SB_SR_62,structural_overapprox_mode_simplified
SR_95,SR,95,1,differential,8,"[56, 57, 58, 59, 60, 61, 62, 63]",[7],8,"[56, 57, 58, 59, 60, 61, 62, 63]",[7],DIFF_SB_SR_63,structural_overapprox_mode_simplified
SR_95,SR,95,2,differential,48,"[24, 25, 26, 27, 28, 29, 30, 31, 32, 33, 34, 35, 36, 37, 38, 39, 56, 57, 58, 59, 60, 61, 62, 63, 72, 73, 74, 75, 76, 77, 78, 79, 96, 97, 98, 99, 100, 101, 102, 103, 112, 113, 114, 115, 116, 117, 118, 119]","[3, 4, 7, 9, 12, 14]",32,"[24, 25, 26, 27, 28, 29, 30, 31, 32, 33, 34, 35, 36, 37, 38, 39, 72, 73, 74, 75, 76, 77, 78, 79, 112, 113, 114, 115, 116, 117, 118, 119]","[3, 4, 9, 14]",DIFF_SB_SR_63,structural_overapprox_mode_simplified
SR_96,SR,96,1,differential,8,"[96, 97, 98, 99, 100, 101, 102, 103]",[12],8,"[96, 97, 98, 99, 100, 101, 102, 103]",[12],DIFF_SB_SR_96,structural_overapprox_mode_simplified
SR_96,SR,96,2,differential,64,"[0, 1, 2, 3, 4, 5, 6, 7, 8, 9, 10, 11, 12, 13, 14, 15, 32, 33, 34, 35, 36, 37, 38, 39, 48, 49, 50, 51, 52, 53, 54, 55, 64, 65, 66, 67, 68, 69, 70, 71, 88, 89, 90, 91, 92, 93, 94, 95, 96, 97, 98, 99, 100, 101, 102, 103, 104, 105, 106, 107, 108, 109, 110, 111]","[0, 1, 4, 6, 8, 11, 12, 13]",32,"[8, 9, 10, 11, 12, 13, 14, 15, 48, 49, 50, 51, 52, 53, 54, 55, 88, 89, 90, 91, 92, 93, 94, 95, 96, 97, 98, 99, 100, 101, 102, 103]","[1, 6, 11, 12]",DIFF_SB_SR_96,structural_overapprox_mode_simplified
SR_97,SR,97,1,differential,8,"[96, 97, 98, 99, 100, 101, 102, 103]",[12],8,"[96, 97, 98, 99, 100, 101, 102, 103]",[12],DIFF_SB_SR_97,structural_overapprox_mode_simplified
SR_97,SR,97,2,differential,64,"[0, 1, 2, 3, 4, 5, 6, 7, 8, 9, 10, 11, 12, 13, 14, 15, 32, 33, 34, 35, 36, 37, 38, 39, 48, 49, 50, 51, 52, 53, 54, 55, 64, 65, 66, 67, 68, 69, 70, 71, 88, 89, 90, 91, 92, 93, 94, 95, 96, 97, 98, 99, 100, 101, 102, 103, 104, 105, 106, 107, 108, 109, 110, 111]","[0, 1, 4, 6, 8, 11, 12, 13]",32,"[8, 9, 10, 11, 12, 13, 14, 15, 48, 49, 50, 51, 52, 53, 54, 55, 88, 89, 90, 91, 92, 93, 94, 95, 96, 97, 98, 99, 100, 101, 102, 103]","[1, 6, 11, 12]",DIFF_SB_SR_97,structural_overapprox_mode_simplified
SR_98,SR,98,1,differential,8,"[96, 97, 98, 99, 100, 101, 102, 103]",[12],8,"[96, 97, 98, 99, 100, 101, 102, 103]",[12],DIFF_SB_SR_98,structural_overapprox_mode_simplified
SR_98,SR,98,2,differential,64,"[0, 1, 2, 3, 4, 5, 6, 7, 8, 9, 10, 11, 12, 13, 14, 15, 32, 33, 34, 35, 36, 37, 38, 39, 48, 49, 50, 51, 52, 53, 54, 55, 64, 65, 66, 67, 68, 69, 70, 71, 88, 89, 90, 91, 92, 93, 94, 95, 96, 97, 98, 99, 100, 101, 102, 103, 104, 105, 106, 107, 108, 109, 110, 111]","[0, 1, 4, 6, 8, 11, 12, 13]",32,"[8, 9, 10, 11, 12, 13, 14, 15, 48, 49, 50, 51, 52, 53, 54, 55, 88, 89, 90, 91, 92, 93, 94, 95, 96, 97, 98, 99, 100, 101, 102, 103]","[1, 6, 11, 12]",DIFF_SB_SR_98,structural_overapprox_mode_simplified
