case_id,cand_a,cand_b,cand_c,cand_d,topology_class,selection_reason,seed,query_count,depth,mode,attempt_count,attempts_json,first_result,second_result,first_time,second_time,first_model,first_model_hex,alternative_model,first_model_correct,true_key_satisfiable,true_key_timeout,second_timeout,timeout,z3_reason_unknown,byte_diagnostic_summary,column_diagnostic_summary,fixed_bytes,free_bytes,unknown_bytes,first_timeout,classification,confirmed_unique_candidate,sbox_encoding,domain_true_key_retained
3bit_gap_early__SB_5__SB_73__SR_82,SB_5,SB_73,SR_82,,early_only,gap_early_only_hard_case,1,32,2,differential,1,"[{""classification"": ""ambiguity"", ""elapsed"": 0.8538739457726479, ""first_result"": ""sat"", ""first_timeout_ms"": 60000, ""query_count"": 32, ""second_result"": ""sat"", ""second_timeout_ms"": 300000, ""z3_reason_unknown"": """"}]",sat,sat,0.0013358406722545624,0.29862374998629093,99107500003c003b0d7a8a0000573606,99107500003c003b0d7a8a0000573606,6e034400001e00485b80620000430098,False,sat,False,False,False,,"{""0"": ""free"", ""1"": ""free"", ""10"": ""free"", ""11"": ""free"", ""12"": ""free"", ""13"": ""free"", ""14"": ""free"", ""15"": ""free"", ""2"": ""free"", ""3"": ""free"", ""4"": ""free"", ""5"": ""free"", ""6"": ""free"", ""7"": ""free"", ""8"": ""free"", ""9"": ""free""}","{""0"": ""free"", ""1"": ""free"", ""2"": ""free"", ""3"": ""free""}",[],"[0, 1, 2, 3, 4, 5, 6, 7, 8, 9, 10, 11, 12, 13, 14, 15]",[],False,ambiguity,False,uf_axiom,
3bit_gap_early__SB_30__SR_102__SR_6,SB_30,SR_102,SR_6,,early_only,gap_early_only_hard_case,2,32,2,differential,1,"[{""classification"": ""ambiguity"", ""elapsed"": 0.9328672979027033, ""first_result"": ""sat"", ""first_timeout_ms"": 60000, ""query_count"": 32, ""second_result"": ""sat"", ""second_timeout_ms"": 300000, ""z3_reason_unknown"": """"}]",sat,sat,0.0017082281410694122,0.16761804930865765,a66f001322597100ab008f8af4c20061,a66f001322597100ab008f8af4c20061,3011008df400440014001f8088b80000,False,sat,False,False,False,,"{""0"": ""free"", ""1"": ""free"", ""10"": ""free"", ""11"": ""free"", ""12"": ""free"", ""13"": ""free"", ""14"": ""free"", ""15"": ""free"", ""2"": ""free"", ""3"": ""free"", ""4"": ""free"", ""5"": ""free"", ""6"": ""free"", ""7"": ""free"", ""8"": ""free"", ""9"": ""free""}","{""0"": ""free"", ""1"": ""free"", ""2"": ""free"", ""3"": ""free""}",[],"[0, 1, 2, 3, 4, 5, 6, 7, 8, 9, 10, 11, 12, 13, 14, 15]",[],False,ambiguity,False,uf_axiom,
3bit_gap_early__SB_26__SB_68__SR_62,SB_26,SB_68,SR_62,,early_only,gap_early_only_hard_case,1,32,2,differential,1,"[{""classification"": ""ambiguity"", ""elapsed"": 1.1319732908159494, ""first_result"": ""sat"", ""first_timeout_ms"": 60000, ""query_count"": 32, ""second_result"": ""sat"", ""second_timeout_ms"": 300000, ""z3_reason_unknown"": """"}]",sat,sat,0.0013235323131084442,0.3778677210211754,99007579bc3c003b0d008a00d1570006,99007579bc3c003b0d008a00d1570006,25000111dca200099000e900e40000d1,False,sat,False,False,False,,"{""0"": ""free"", ""1"": ""free"", ""10"": ""free"", ""11"": ""free"", ""12"": ""free"", ""13"": ""free"", ""14"": ""free"", ""15"": ""free"", ""2"": ""free"", ""3"": ""free"", ""4"": ""free"", ""5"": ""free"", ""6"": ""free"", ""7"": ""free"", ""8"": ""free"", ""9"": ""free""}","{""0"": ""free"", ""1"": ""free"", ""2"": ""free"", ""3"": ""free""}",[],"[0, 1, 2, 3, 4, 5, 6, 7, 8, 9, 10, 11, 12, 13, 14, 15]",[],False,ambiguity,False,uf_axiom,
3bit_gap_early__SB_24__SB_34__SB_38,SB_24,SB_34,SB_38,,early_only,gap_early_only_hard_case,0,32,2,differential,1,"[{""classification"": ""ambiguity"", ""elapsed"": 1.2022674456238747, ""first_result"": ""sat"", ""first_timeout_ms"": 60000, ""query_count"": 32, ""second_result"": ""sat"", ""second_timeout_ms"": 300000, ""z3_reason_unknown"": """"}]",sat,sat,0.001194823533296585,0.48681329376995564,ed00009a19e40000001eec008bd00cf6,ed00009a19e40000001eec008bd00cf6,1a00005aaa07000000b742003aa52563,False,sat,False,False,False,,"{""0"": ""free"", ""1"": ""free"", ""10"": ""free"", ""11"": ""free"", ""12"": ""free"", ""13"": ""free"", ""14"": ""free"", ""15"": ""free"", ""2"": ""free"", ""3"": ""free"", ""4"": ""free"", ""5"": ""free"", ""6"": ""free"", ""7"": ""free"", ""8"": ""free"", ""9"": ""free""}","{""0"": ""free"", ""1"": ""free"", ""2"": ""free"", ""3"": ""free""}",[],"[0, 1, 2, 3, 4, 5, 6, 7, 8, 9, 10, 11, 12, 13, 14, 15]",[],False,ambiguity,False,uf_axiom,
3bit_gap_early__SB_13__SB_62__SR_39,SB_13,SB_62,SR_39,,early_only,gap_early_only_hard_case,0,32,2,differential,1,"[{""classification"": ""ambiguity"", ""elapsed"": 1.2905143611133099, ""first_result"": ""sat"", ""first_timeout_ms"": 60000, ""query_count"": 32, ""second_result"": ""sat"", ""second_timeout_ms"": 300000, ""z3_reason_unknown"": """"}]",sat,sat,0.0015354473143815994,0.5547465533018112,edf4009a19e400f3001eec008bd00cf6,edf4009a19e400f3001eec008bd00cf6,10bf0022484000630098520052f8057b,False,sat,False,False,False,,"{""0"": ""free"", ""1"": ""free"", ""10"": ""free"", ""11"": ""free"", ""12"": ""free"", ""13"": ""free"", ""14"": ""free"", ""15"": ""free"", ""2"": ""free"", ""3"": ""free"", ""4"": ""free"", ""5"": ""free"", ""6"": ""free"", ""7"": ""free"", ""8"": ""free"", ""9"": ""free""}","{""0"": ""free"", ""1"": ""free"", ""2"": ""free"", ""3"": ""free""}",[],"[0, 1, 2, 3, 4, 5, 6, 7, 8, 9, 10, 11, 12, 13, 14, 15]",[],False,ambiguity,False,uf_axiom,
3bit_gap_early__SB_47__SB_50__SR_44,SB_47,SB_50,SR_44,,early_only,gap_early_only_hard_case,0,32,2,differential,1,"[{""classification"": ""ambiguity"", ""elapsed"": 1.2848733011633158, ""first_result"": ""sat"", ""first_timeout_ms"": 60000, ""query_count"": 32, ""second_result"": ""sat"", ""second_timeout_ms"": 300000, ""z3_reason_unknown"": """"}]",sat,sat,0.002371588721871376,0.5530669093132019,00f43a9a19e4a3f3bf1e000000d00cf6,00f43a9a19e4a3f3bf1e000000d00cf6,0080c2c2540800513871000000345b3a,False,sat,False,False,False,,"{""0"": ""free"", ""1"": ""free"", ""10"": ""free"", ""11"": ""free"", ""12"": ""free"", ""13"": ""free"", ""14"": ""free"", ""15"": ""free"", ""2"": ""free"", ""3"": ""free"", ""4"": ""free"", ""5"": ""free"", ""6"": ""free"", ""7"": ""free"", ""8"": ""free"", ""9"": ""free""}","{""0"": ""free"", ""1"": ""free"", ""2"": ""free"", ""3"": ""free""}",[],"[0, 1, 2, 3, 4, 5, 6, 7, 8, 9, 10, 11, 12, 13, 14, 15]",[],False,ambiguity,False,uf_axiom,
3bit_gap_early__SB_12__SR_127__SR_4,SB_12,SR_127,SR_4,,early_only,gap_early_only_hard_case,1,32,2,differential,1,"[{""classification"": ""ambiguity"", ""elapsed"": 2.623311575502157, ""first_result"": ""sat"", ""first_timeout_ms"": 60000, ""query_count"": 32, ""second_result"": ""sat"", ""second_timeout_ms"": 300000, ""z3_reason_unknown"": """"}]",sat,sat,0.0018115639686584473,1.8660153150558472,99107579003c003b0d008a6fd1573606,99107579003c003b0d008a6fd1573606,59365c4300fc00404300a3b0326cb2be,False,sat,False,False,False,,"{""0"": ""free"", ""1"": ""free"", ""10"": ""free"", ""11"": ""free"", ""12"": ""free"", ""13"": ""free"", ""14"": ""free"", ""15"": ""free"", ""2"": ""free"", ""3"": ""free"", ""4"": ""free"", ""5"": ""free"", ""6"": ""free"", ""7"": ""free"", ""8"": ""free"", ""9"": ""free""}","{""0"": ""free"", ""1"": ""free"", ""2"": ""free"", ""3"": ""free""}",[],"[0, 1, 2, 3, 4, 5, 6, 7, 8, 9, 10, 11, 12, 13, 14, 15]",[],False,ambiguity,False,uf_axiom,
3bit_gap_early__SB_0__SB_30__SB_89,SB_0,SB_30,SB_89,,early_only,gap_early_only_hard_case,1,32,2,differential,1,"[{""classification"": ""ambiguity"", ""elapsed"": 2.7343213967978954, ""first_result"": ""sat"", ""first_timeout_ms"": 60000, ""query_count"": 32, ""second_result"": ""sat"", ""second_timeout_ms"": 300000, ""z3_reason_unknown"": """"}]",sat,sat,0.0013350509107112885,2.182889012619853,99007579003c003b0d008a6fd1570006,99007579003c003b0d008a6fd1570006,97001d8e00640000dc0052f2d86f0000,False,sat,False,False,False,,"{""0"": ""free"", ""1"": ""free"", ""10"": ""free"", ""11"": ""free"", ""12"": ""free"", ""13"": ""free"", ""14"": ""free"", ""15"": ""free"", ""2"": ""free"", ""3"": ""free"", ""4"": ""free"", ""5"": ""free"", ""6"": ""free"", ""7"": ""free"", ""8"": ""free"", ""9"": ""free""}","{""0"": ""free"", ""1"": ""free"", ""2"": ""free"", ""3"": ""free""}",[],"[0, 1, 2, 3, 4, 5, 6, 7, 8, 9, 10, 11, 12, 13, 14, 15]",[],False,ambiguity,False,uf_axiom,
3bit_gap_early__SB_5__SR_106__SR_55,SB_5,SR_106,SR_55,,early_only,gap_early_only_hard_case,2,32,2,differential,1,"[{""classification"": ""ambiguity"", ""elapsed"": 3.0274268202483654, ""first_result"": ""sat"", ""first_timeout_ms"": 60000, ""query_count"": 32, ""second_result"": ""sat"", ""second_timeout_ms"": 300000, ""z3_reason_unknown"": """"}]",sat,sat,0.0016380734741687775,2.3809730038046837,a66f65000059710000008f8af4c2db61,a66f65000059710000008f8af4c2db61,8e6a1700009db1000000224767e18268,False,sat,False,False,False,,"{""0"": ""free"", ""1"": ""free"", ""10"": ""free"", ""11"": ""free"", ""12"": ""free"", ""13"": ""free"", ""14"": ""free"", ""15"": ""free"", ""2"": ""free"", ""3"": ""free"", ""4"": ""free"", ""5"": ""free"", ""6"": ""free"", ""7"": ""free"", ""8"": ""free"", ""9"": ""free""}","{""0"": ""free"", ""1"": ""free"", ""2"": ""free"", ""3"": ""free""}",[],"[0, 1, 2, 3, 4, 5, 6, 7, 8, 9, 10, 11, 12, 13, 14, 15]",[],False,ambiguity,False,uf_axiom,
3bit_gap_early__SR_21__SR_3__SR_67,SR_21,SR_3,SR_67,,early_only,gap_early_only_hard_case,1,32,2,differential,1,"[{""classification"": ""ambiguity"", ""elapsed"": 3.1974062882363796, ""first_result"": ""sat"", ""first_timeout_ms"": 60000, ""query_count"": 32, ""second_result"": ""sat"", ""second_timeout_ms"": 300000, ""z3_reason_unknown"": """"}]",sat,sat,0.001186136156320572,2.6014488749206066,99007500bc3c2c3b0d008a0000570006,99007500bc3c2c3b0d008a0000570006,221000004bea841909002100005800a2,False,sat,False,False,False,,"{""0"": ""free"", ""1"": ""free"", ""10"": ""free"", ""11"": ""free"", ""12"": ""free"", ""13"": ""free"", ""14"": ""free"", ""15"": ""free"", ""2"": ""free"", ""3"": ""free"", ""4"": ""free"", ""5"": ""free"", ""6"": ""free"", ""7"": ""free"", ""8"": ""free"", ""9"": ""free""}","{""0"": ""free"", ""1"": ""free"", ""2"": ""free"", ""3"": ""free""}",[],"[0, 1, 2, 3, 4, 5, 6, 7, 8, 9, 10, 11, 12, 13, 14, 15]",[],False,ambiguity,False,uf_axiom,
3bit_gap_early__SB_125__SB_48__SB_5,SB_125,SB_48,SB_5,,early_only,gap_early_only_hard_case,0,32,2,differential,1,"[{""classification"": ""ambiguity"", ""elapsed"": 3.2763513047248125, ""first_result"": ""sat"", ""first_timeout_ms"": 60000, ""query_count"": 32, ""second_result"": ""sat"", ""second_timeout_ms"": 300000, ""z3_reason_unknown"": """"}]",sat,sat,0.0019725561141967773,2.63086205907166,edf43a9a19e4a3f3001eec668bd00cf6,edf43a9a19e4a3f3001eec668bd00cf6,a424e51a972594da00808887f2520028,False,sat,False,False,False,,"{""0"": ""free"", ""1"": ""free"", ""10"": ""free"", ""11"": ""free"", ""12"": ""free"", ""13"": ""free"", ""14"": ""free"", ""15"": ""free"", ""2"": ""free"", ""3"": ""free"", ""4"": ""free"", ""5"": ""free"", ""6"": ""free"", ""7"": ""free"", ""8"": ""free"", ""9"": ""free""}","{""0"": ""free"", ""1"": ""free"", ""2"": ""free"", ""3"": ""free""}",[],"[0, 1, 2, 3, 4, 5, 6, 7, 8, 9, 10, 11, 12, 13, 14, 15]",[],False,ambiguity,False,uf_axiom,
3bit_gap_early__SB_26__SB_68__SR_62,SB_26,SB_68,SR_62,,early_only,gap_early_only_hard_case,0,32,2,differential,1,"[{""classification"": ""ambiguity"", ""elapsed"": 3.299416210502386, ""first_result"": ""sat"", ""first_timeout_ms"": 60000, ""query_count"": 32, ""second_result"": ""sat"", ""second_timeout_ms"": 300000, ""z3_reason_unknown"": """"}]",sat,sat,0.0015831366181373596,2.534289490431547,ed003a9a19e400f3bf00ec008bd000f6,ed003a9a19e400f3bf00ec008bd000f6,9700a0623800001046001900827a00fe,False,sat,False,False,False,,"{""0"": ""free"", ""1"": ""free"", ""10"": ""free"", ""11"": ""free"", ""12"": ""free"", ""13"": ""free"", ""14"": ""free"", ""15"": ""free"", ""2"": ""free"", ""3"": ""free"", ""4"": ""free"", ""5"": ""free"", ""6"": ""free"", ""7"": ""free"", ""8"": ""free"", ""9"": ""free""}","{""0"": ""free"", ""1"": ""free"", ""2"": ""free"", ""3"": ""free""}",[],"[0, 1, 2, 3, 4, 5, 6, 7, 8, 9, 10, 11, 12, 13, 14, 15]",[],False,ambiguity,False,uf_axiom,
3bit_gap_early__SB_5__SR_106__SR_55,SB_5,SR_106,SR_55,,early_only,gap_early_only_hard_case,0,32,2,differential,1,"[{""classification"": ""ambiguity"", ""elapsed"": 4.320358345285058, ""first_result"": ""sat"", ""first_timeout_ms"": 60000, ""query_count"": 32, ""second_result"": ""sat"", ""second_timeout_ms"": 300000, ""z3_reason_unknown"": """"}]",sat,sat,0.0018646493554115295,3.5590904131531715,edf43a0000e4a3000000ec668bd00cf6,edf43a0000e4a3000000ec668bd00cf6,06424c0000039800000072a058a52052,False,sat,False,False,False,,"{""0"": ""free"", ""1"": ""free"", ""10"": ""free"", ""11"": ""free"", ""12"": ""free"", ""13"": ""free"", ""14"": ""free"", ""15"": ""free"", ""2"": ""free"", ""3"": ""free"", ""4"": ""free"", ""5"": ""free"", ""6"": ""free"", ""7"": ""free"", ""8"": ""free"", ""9"": ""free""}","{""0"": ""free"", ""1"": ""free"", ""2"": ""free"", ""3"": ""free""}",[],"[0, 1, 2, 3, 4, 5, 6, 7, 8, 9, 10, 11, 12, 13, 14, 15]",[],False,ambiguity,False,uf_axiom,
3bit_gap_early__SB_28__SR_14__SR_65,SB_28,SR_14,SR_65,,early_only,gap_early_only_hard_case,1,32,2,differential,1,"[{""classification"": ""ambiguity"", ""elapsed"": 4.3396030236035585, ""first_result"": ""sat"", ""first_timeout_ms"": 60000, ""query_count"": 32, ""second_result"": ""sat"", ""second_timeout_ms"": 300000, ""z3_reason_unknown"": """"}]",sat,sat,0.0021039508283138275,3.554165242239833,99107579bc3c003b0d7a8a00d1573606,99107579bc3c003b0d7a8a00d1573606,74c1012dddc300101245d0007c3b01e3,False,sat,False,False,False,,"{""0"": ""free"", ""1"": ""free"", ""10"": ""free"", ""11"": ""free"", ""12"": ""free"", ""13"": ""free"", ""14"": ""free"", ""15"": ""free"", ""2"": ""free"", ""3"": ""free"", ""4"": ""free"", ""5"": ""free"", ""6"": ""free"", ""7"": ""free"", ""8"": ""free"", ""9"": ""free""}","{""0"": ""free"", ""1"": ""free"", ""2"": ""free"", ""3"": ""free""}",[],"[0, 1, 2, 3, 4, 5, 6, 7, 8, 9, 10, 11, 12, 13, 14, 15]",[],False,ambiguity,False,uf_axiom,
3bit_gap_early__SR_0__SR_51__SR_88,SR_0,SR_51,SR_88,,early_only,gap_early_only_hard_case,2,32,2,differential,1,"[{""classification"": ""ambiguity"", ""elapsed"": 4.377345211803913, ""first_result"": ""sat"", ""first_timeout_ms"": 60000, ""query_count"": 32, ""second_result"": ""sat"", ""second_timeout_ms"": 300000, ""z3_reason_unknown"": """"}]",sat,sat,0.0013485457748174667,3.6346383951604366,a66f651322597191009f8f8af4c2db61,a66f651322597191009f8f8af4c2db61,13897530bf15d31e00d1d3b40705da0c,False,sat,False,False,False,,"{""0"": ""free"", ""1"": ""free"", ""10"": ""free"", ""11"": ""free"", ""12"": ""free"", ""13"": ""free"", ""14"": ""free"", ""15"": ""free"", ""2"": ""free"", ""3"": ""free"", ""4"": ""free"", ""5"": ""free"", ""6"": ""free"", ""7"": ""free"", ""8"": ""free"", ""9"": ""free""}","{""0"": ""free"", ""1"": ""free"", ""2"": ""free"", ""3"": ""free""}",[],"[0, 1, 2, 3, 4, 5, 6, 7, 8, 9, 10, 11, 12, 13, 14, 15]",[],False,ambiguity,False,uf_axiom,
3bit_gap_early__SB_106__SR_1__SR_16,SB_106,SR_1,SR_16,,early_only,gap_early_only_hard_case,1,32,2,differential,1,"[{""classification"": ""ambiguity"", ""elapsed"": 5.26097846403718, ""first_result"": ""sat"", ""first_timeout_ms"": 60000, ""query_count"": 32, ""second_result"": ""sat"", ""second_timeout_ms"": 300000, ""z3_reason_unknown"": """"}]",sat,sat,0.0019843243062496185,4.5059132650494576,99107500003c2c3b0d7a8a6fd1573606,99107500003c2c3b0d7a8a6fd1573606,5485ab000020dc5229864bf15047ec8e,False,sat,False,False,False,,"{""0"": ""free"", ""1"": ""free"", ""10"": ""free"", ""11"": ""free"", ""12"": ""free"", ""13"": ""free"", ""14"": ""free"", ""15"": ""free"", ""2"": ""free"", ""3"": ""free"", ""4"": ""free"", ""5"": ""free"", ""6"": ""free"", ""7"": ""free"", ""8"": ""free"", ""9"": ""free""}","{""0"": ""free"", ""1"": ""free"", ""2"": ""free"", ""3"": ""free""}",[],"[0, 1, 2, 3, 4, 5, 6, 7, 8, 9, 10, 11, 12, 13, 14, 15]",[],False,ambiguity,False,uf_axiom,
3bit_gap_early__SB_5__SB_73__SR_82,SB_5,SB_73,SR_82,,early_only,gap_early_only_hard_case,0,32,2,differential,1,"[{""classification"": ""ambiguity"", ""elapsed"": 5.523553399369121, ""first_result"": ""sat"", ""first_timeout_ms"": 60000, ""query_count"": 32, ""second_result"": ""sat"", ""second_timeout_ms"": 300000, ""z3_reason_unknown"": """"}]",sat,sat,0.0018113534897565842,4.776622097939253,edf43a0000e400f3bf1eec0000d00cf6,edf43a0000e400f3bf1eec0000d00cf6,b4a68c0000000097300a331000284041,False,sat,False,False,False,,"{""0"": ""free"", ""1"": ""free"", ""10"": ""free"", ""11"": ""free"", ""12"": ""free"", ""13"": ""free"", ""14"": ""free"", ""15"": ""free"", ""2"": ""free"", ""3"": ""free"", ""4"": ""free"", ""5"": ""free"", ""6"": ""free"", ""7"": ""free"", ""8"": ""free"", ""9"": ""free""}","{""0"": ""free"", ""1"": ""free"", ""2"": ""free"", ""3"": ""free""}",[],"[0, 1, 2, 3, 4, 5, 6, 7, 8, 9, 10, 11, 12, 13, 14, 15]",[],False,ambiguity,False,uf_axiom,
3bit_gap_early__SB_13__SB_62__SR_39,SB_13,SB_62,SR_39,,early_only,gap_early_only_hard_case,2,32,2,differential,1,"[{""classification"": ""ambiguity"", ""elapsed"": 5.634498994797468, ""first_result"": ""sat"", ""first_timeout_ms"": 60000, ""query_count"": 32, ""second_result"": ""sat"", ""second_timeout_ms"": 300000, ""z3_reason_unknown"": """"}]",sat,sat,0.002079019322991371,4.874927680939436,a66f001322590091009f8f00f4c2db61,a66f001322590091009f8f00f4c2db61,8a460061c2890039006a1d00a2536af8,False,sat,False,False,False,,"{""0"": ""free"", ""1"": ""free"", ""10"": ""free"", ""11"": ""free"", ""12"": ""free"", ""13"": ""free"", ""14"": ""free"", ""15"": ""free"", ""2"": ""free"", ""3"": ""free"", ""4"": ""free"", ""5"": ""free"", ""6"": ""free"", ""7"": ""free"", ""8"": ""free"", ""9"": ""free""}","{""0"": ""free"", ""1"": ""free"", ""2"": ""free"", ""3"": ""free""}",[],"[0, 1, 2, 3, 4, 5, 6, 7, 8, 9, 10, 11, 12, 13, 14, 15]",[],False,ambiguity,False,uf_axiom,
3bit_gap_early__SB_0__SB_30__SB_89,SB_0,SB_30,SB_89,,early_only,gap_early_only_hard_case,2,32,2,differential,1,"[{""classification"": ""ambiguity"", ""elapsed"": 5.729013176634908, ""first_result"": ""sat"", ""first_timeout_ms"": 60000, ""query_count"": 32, ""second_result"": ""sat"", ""second_timeout_ms"": 300000, ""z3_reason_unknown"": """"}]",sat,sat,0.0013802703469991684,5.185921359807253,a600651300590091ab008f8af4c20061,a600651300590091ab008f8af4c20061,740056c0000000954000bff57bba00e6,False,sat,False,False,False,,"{""0"": ""free"", ""1"": ""free"", ""10"": ""free"", ""11"": ""free"", ""12"": ""free"", ""13"": ""free"", ""14"": ""free"", ""15"": ""free"", ""2"": ""free"", ""3"": ""free"", ""4"": ""free"", ""5"": ""free"", ""6"": ""free"", ""7"": ""free"", ""8"": ""free"", ""9"": ""free""}","{""0"": ""free"", ""1"": ""free"", ""2"": ""free"", ""3"": ""free""}",[],"[0, 1, 2, 3, 4, 5, 6, 7, 8, 9, 10, 11, 12, 13, 14, 15]",[],False,ambiguity,False,uf_axiom,
3bit_gap_early__SR_103__SR_36__SR_95,SR_103,SR_36,SR_95,,early_only,gap_early_only_hard_case,0,32,2,differential,1,"[{""classification"": ""ambiguity"", ""elapsed"": 6.00951480679214, ""first_result"": ""sat"", ""first_timeout_ms"": 60000, ""query_count"": 32, ""second_result"": ""sat"", ""second_timeout_ms"": 300000, ""z3_reason_unknown"": """"}]",sat,sat,0.0017412099987268448,5.218370728194714,edf4009a1900a3f3bf1e00668bd00c00,edf4009a1900a3f3bf1e00668bd00c00,0c09008d36003d0067e0004d0600ee00,False,sat,False,False,False,,"{""0"": ""free"", ""1"": ""free"", ""10"": ""free"", ""11"": ""free"", ""12"": ""free"", ""13"": ""free"", ""14"": ""free"", ""15"": ""free"", ""2"": ""free"", ""3"": ""free"", ""4"": ""free"", ""5"": ""free"", ""6"": ""free"", ""7"": ""free"", ""8"": ""free"", ""9"": ""free""}","{""0"": ""free"", ""1"": ""free"", ""2"": ""free"", ""3"": ""free""}",[],"[0, 1, 2, 3, 4, 5, 6, 7, 8, 9, 10, 11, 12, 13, 14, 15]",[],False,ambiguity,False,uf_axiom,
3bit_gap_early__SB_69__SB_90__SR_89,SB_69,SB_90,SR_89,,early_only,gap_early_only_hard_case,1,32,2,differential,1,"[{""classification"": ""ambiguity"", ""elapsed"": 5.989200130105019, ""first_result"": ""sat"", ""first_timeout_ms"": 60000, ""query_count"": 32, ""second_result"": ""sat"", ""second_timeout_ms"": 300000, ""z3_reason_unknown"": """"}]",sat,sat,0.0019712820649147034,4.009702336043119,99007579bc00003b0d7a006fd1573600,99007579bc00003b0d7a006fd1573600,35001602ed00000a96c0009f8cc42600,False,sat,False,False,False,,"{""0"": ""free"", ""1"": ""free"", ""10"": ""free"", ""11"": ""free"", ""12"": ""free"", ""13"": ""free"", ""14"": ""free"", ""15"": ""free"", ""2"": ""free"", ""3"": ""free"", ""4"": ""free"", ""5"": ""free"", ""6"": ""free"", ""7"": ""free"", ""8"": ""free"", ""9"": ""free""}","{""0"": ""free"", ""1"": ""free"", ""2"": ""free"", ""3"": ""free""}",[],"[0, 1, 2, 3, 4, 5, 6, 7, 8, 9, 10, 11, 12, 13, 14, 15]",[],False,ambiguity,False,uf_axiom,
3bit_gap_early__SB_30__SR_102__SR_38,SB_30,SR_102,SR_38,,early_only,gap_early_only_hard_case,2,32,2,differential,1,"[{""classification"": ""ambiguity"", ""elapsed"": 6.096104511991143, ""first_result"": ""sat"", ""first_timeout_ms"": 60000, ""query_count"": 32, ""second_result"": ""sat"", ""second_timeout_ms"": 300000, ""z3_reason_unknown"": """"}]",sat,sat,0.0011946335434913635,5.350591110065579,a66f001322597100ab9f8f8af4c2db61,a66f001322597100ab9f8f8af4c2db61,28f50012007440000d77d46ad03904d1,False,sat,False,False,False,,"{""0"": ""free"", ""1"": ""free"", ""10"": ""free"", ""11"": ""free"", ""12"": ""free"", ""13"": ""free"", ""14"": ""free"", ""15"": ""free"", ""2"": ""free"", ""3"": ""free"", ""4"": ""free"", ""5"": ""free"", ""6"": ""free"", ""7"": ""free"", ""8"": ""free"", ""9"": ""free""}","{""0"": ""free"", ""1"": ""free"", ""2"": ""free"", ""3"": ""free""}",[],"[0, 1, 2, 3, 4, 5, 6, 7, 8, 9, 10, 11, 12, 13, 14, 15]",[],False,ambiguity,False,uf_axiom,
3bit_gap_early__SB_26__SB_68__SR_62,SB_26,SB_68,SR_62,,early_only,gap_early_only_hard_case,2,32,2,differential,1,"[{""classification"": ""ambiguity"", ""elapsed"": 6.373874770477414, ""first_result"": ""sat"", ""first_timeout_ms"": 60000, ""query_count"": 32, ""second_result"": ""sat"", ""second_timeout_ms"": 300000, ""z3_reason_unknown"": """"}]",sat,sat,0.0017434917390346527,5.609530638903379,a600651322590091ab008f00f4c20061,a600651322590091ab008f00f4c20061,f200e59100a000122e00c5004c4a001f,False,sat,False,False,False,,"{""0"": ""free"", ""1"": ""free"", ""10"": ""free"", ""11"": ""free"", ""12"": ""free"", ""13"": ""free"", ""14"": ""free"", ""15"": ""free"", ""2"": ""free"", ""3"": ""free"", ""4"": ""free"", ""5"": ""free"", ""6"": ""free"", ""7"": ""free"", ""8"": ""free"", ""9"": ""free""}","{""0"": ""free"", ""1"": ""free"", ""2"": ""free"", ""3"": ""free""}",[],"[0, 1, 2, 3, 4, 5, 6, 7, 8, 9, 10, 11, 12, 13, 14, 15]",[],False,ambiguity,False,uf_axiom,
3bit_gap_early__SB_24__SB_34__SB_38,SB_24,SB_34,SB_38,,early_only,gap_early_only_hard_case,2,32,2,differential,1,"[{""classification"": ""ambiguity"", ""elapsed"": 6.441389285027981, ""first_result"": ""sat"", ""first_timeout_ms"": 60000, ""query_count"": 32, ""second_result"": ""sat"", ""second_timeout_ms"": 300000, ""z3_reason_unknown"": """"}]",sat,sat,0.0014677103608846664,5.69166474789381,a600001322590000009f8f00f4c2db61,a600001322590000009f8f00f4c2db61,090000f8202c000000815200c4e7346c,False,sat,False,False,False,,"{""0"": ""free"", ""1"": ""free"", ""10"": ""free"", ""11"": ""free"", ""12"": ""free"", ""13"": ""free"", ""14"": ""free"", ""15"": ""free"", ""2"": ""free"", ""3"": ""free"", ""4"": ""free"", ""5"": ""free"", ""6"": ""free"", ""7"": ""free"", ""8"": ""free"", ""9"": ""free""}","{""0"": ""free"", ""1"": ""free"", ""2"": ""free"", ""3"": ""free""}",[],"[0, 1, 2, 3, 4, 5, 6, 7, 8, 9, 10, 11, 12, 13, 14, 15]",[],False,ambiguity,False,uf_axiom,
3bit_gap_early__SB_30__SR_102__SR_6,SB_30,SR_102,SR_6,,early_only,gap_early_only_hard_case,1,32,2,differential,1,"[{""classification"": ""ambiguity"", ""elapsed"": 6.610088335350156, ""first_result"": ""sat"", ""first_timeout_ms"": 60000, ""query_count"": 32, ""second_result"": ""sat"", ""second_timeout_ms"": 300000, ""z3_reason_unknown"": """"}]",sat,sat,0.0020338743925094604,5.880170527845621,99100079bc3c2c000d008a6fd1570006,99100079bc3c2c000d008a6fd1570006,d212007af6efdf0010006a48003a002e,False,sat,False,False,False,,"{""0"": ""free"", ""1"": ""free"", ""10"": ""free"", ""11"": ""free"", ""12"": ""free"", ""13"": ""free"", ""14"": ""free"", ""15"": ""free"", ""2"": ""free"", ""3"": ""free"", ""4"": ""free"", ""5"": ""free"", ""6"": ""free"", ""7"": ""free"", ""8"": ""free"", ""9"": ""free""}","{""0"": ""free"", ""1"": ""free"", ""2"": ""free"", ""3"": ""free""}",[],"[0, 1, 2, 3, 4, 5, 6, 7, 8, 9, 10, 11, 12, 13, 14, 15]",[],False,ambiguity,False,uf_axiom,
3bit_gap_early__SR_103__SR_119__SR_81,SR_103,SR_119,SR_81,,early_only,gap_early_only_hard_case,0,32,2,differential,1,"[{""classification"": ""ambiguity"", ""elapsed"": 6.549590982496738, ""first_result"": ""sat"", ""first_timeout_ms"": 60000, ""query_count"": 32, ""second_result"": ""sat"", ""second_timeout_ms"": 300000, ""z3_reason_unknown"": """"}]",sat,sat,0.0012477990239858627,6.060355795547366,edf43a9a19e4a300bf1eec668bd00cf6,edf43a9a19e4a300bf1eec668bd00cf6,c072aec9b3f77000104bc2edc1d1c394,False,sat,False,False,False,,"{""0"": ""free"", ""1"": ""free"", ""10"": ""free"", ""11"": ""free"", ""12"": ""free"", ""13"": ""free"", ""14"": ""free"", ""15"": ""free"", ""2"": ""free"", ""3"": ""free"", ""4"": ""free"", ""5"": ""free"", ""6"": ""free"", ""7"": ""free"", ""8"": ""free"", ""9"": ""free""}","{""0"": ""free"", ""1"": ""free"", ""2"": ""free"", ""3"": ""free""}",[],"[0, 1, 2, 3, 4, 5, 6, 7, 8, 9, 10, 11, 12, 13, 14, 15]",[],False,ambiguity,False,uf_axiom,
3bit_gap_early__SB_30__SR_102__SR_6,SB_30,SR_102,SR_6,,early_only,gap_early_only_hard_case,0,32,2,differential,1,"[{""classification"": ""ambiguity"", ""elapsed"": 7.362284079194069, ""first_result"": ""sat"", ""first_timeout_ms"": 60000, ""query_count"": 32, ""second_result"": ""sat"", ""second_timeout_ms"": 300000, ""z3_reason_unknown"": """"}]",sat,sat,0.0019912850111722946,6.595696298405528,edf4009a19e4a300bf00ec668bd000f6,edf4009a19e4a300bf00ec668bd000f6,42520029020881002800813a1a800000,False,sat,False,False,False,,"{""0"": ""free"", ""1"": ""free"", ""10"": ""free"", ""11"": ""free"", ""12"": ""free"", ""13"": ""free"", ""14"": ""free"", ""15"": ""free"", ""2"": ""free"", ""3"": ""free"", ""4"": ""free"", ""5"": ""free"", ""6"": ""free"", ""7"": ""free"", ""8"": ""free"", ""9"": ""free""}","{""0"": ""free"", ""1"": ""free"", ""2"": ""free"", ""3"": ""free""}",[],"[0, 1, 2, 3, 4, 5, 6, 7, 8, 9, 10, 11, 12, 13, 14, 15]",[],False,ambiguity,False,uf_axiom,
3bit_gap_early__SB_5__SR_106__SR_55,SB_5,SR_106,SR_55,,early_only,gap_early_only_hard_case,1,32,2,differential,1,"[{""classification"": ""ambiguity"", ""elapsed"": 8.101488029584289, ""first_result"": ""sat"", ""first_timeout_ms"": 60000, ""query_count"": 32, ""second_result"": ""sat"", ""second_timeout_ms"": 300000, ""z3_reason_unknown"": """"}]",sat,sat,0.002005159854888916,7.357933294028044,99107500003c2c0000008a6fd1573606,99107500003c2c0000008a6fd1573606,c5529400004488000000c0000a810870,False,sat,False,False,False,,"{""0"": ""free"", ""1"": ""free"", ""10"": ""free"", ""11"": ""free"", ""12"": ""free"", ""13"": ""free"", ""14"": ""free"", ""15"": ""free"", ""2"": ""free"", ""3"": ""free"", ""4"": ""free"", ""5"": ""free"", ""6"": ""free"", ""7"": ""free"", ""8"": ""free"", ""9"": ""free""}","{""0"": ""free"", ""1"": ""free"", ""2"": ""free"", ""3"": ""free""}",[],"[0, 1, 2, 3, 4, 5, 6, 7, 8, 9, 10, 11, 12, 13, 14, 15]",[],False,ambiguity,False,uf_axiom,
3bit_gap_early__SB_101__SB_59__SB_67,SB_101,SB_59,SB_67,,early_only,gap_early_only_hard_case,2,32,2,differential,1,"[{""classification"": ""ambiguity"", ""elapsed"": 8.11131783016026, ""first_result"": ""sat"", ""first_timeout_ms"": 60000, ""query_count"": 32, ""second_result"": ""sat"", ""second_timeout_ms"": 300000, ""z3_reason_unknown"": """"}]",sat,sat,0.0021496377885341644,7.451720329001546,a66f651322007191ab9f008af4c2db00,a66f651322007191ab9f008af4c2db00,e02d10cd3100e6db9354007025941c00,False,sat,False,False,False,,"{""0"": ""free"", ""1"": ""free"", ""10"": ""free"", ""11"": ""free"", ""12"": ""free"", ""13"": ""free"", ""14"": ""free"", ""15"": ""free"", ""2"": ""free"", ""3"": ""free"", ""4"": ""free"", ""5"": ""free"", ""6"": ""free"", ""7"": ""free"", ""8"": ""free"", ""9"": ""free""}","{""0"": ""free"", ""1"": ""free"", ""2"": ""free"", ""3"": ""free""}",[],"[0, 1, 2, 3, 4, 5, 6, 7, 8, 9, 10, 11, 12, 13, 14, 15]",[],False,ambiguity,False,uf_axiom,
3bit_gap_early__SB_12__SR_127__SR_4,SB_12,SR_127,SR_4,,early_only,gap_early_only_hard_case,2,32,2,differential,1,"[{""classification"": ""ambiguity"", ""elapsed"": 8.205367969349027, ""first_result"": ""sat"", ""first_timeout_ms"": 60000, ""query_count"": 32, ""second_result"": ""sat"", ""second_timeout_ms"": 300000, ""z3_reason_unknown"": """"}]",sat,sat,0.0013090334832668304,7.54215507209301,a66f651300590091ab008f8af4c2db61,a66f651300590091ab008f8af4c2db61,de082e44007b00001000c32db1d75065,False,sat,False,False,False,,"{""0"": ""free"", ""1"": ""free"", ""10"": ""free"", ""11"": ""free"", ""12"": ""free"", ""13"": ""free"", ""14"": ""free"", ""15"": ""free"", ""2"": ""free"", ""3"": ""free"", ""4"": ""free"", ""5"": ""free"", ""6"": ""free"", ""7"": ""free"", ""8"": ""free"", ""9"": ""free""}","{""0"": ""free"", ""1"": ""free"", ""2"": ""free"", ""3"": ""free""}",[],"[0, 1, 2, 3, 4, 5, 6, 7, 8, 9, 10, 11, 12, 13, 14, 15]",[],False,ambiguity,False,uf_axiom,
3bit_gap_early__SR_103__SR_36__SR_95,SR_103,SR_36,SR_95,,early_only,gap_early_only_hard_case,1,32,2,differential,1,"[{""classification"": ""ambiguity"", ""elapsed"": 8.37925748899579, ""first_result"": ""sat"", ""first_timeout_ms"": 60000, ""query_count"": 32, ""second_result"": ""sat"", ""second_timeout_ms"": 300000, ""z3_reason_unknown"": """"}]",sat,sat,0.0019244123250246048,7.593027038499713,99100079bc002c3b0d7a006fd1573600,99100079bc002c3b0d7a006fd1573600,ea96003082008e89afb400a6d2174d00,False,sat,False,False,False,,"{""0"": ""free"", ""1"": ""free"", ""10"": ""free"", ""11"": ""free"", ""12"": ""free"", ""13"": ""free"", ""14"": ""free"", ""15"": ""free"", ""2"": ""free"", ""3"": ""free"", ""4"": ""free"", ""5"": ""free"", ""6"": ""free"", ""7"": ""free"", ""8"": ""free"", ""9"": ""free""}","{""0"": ""free"", ""1"": ""free"", ""2"": ""free"", ""3"": ""free""}",[],"[0, 1, 2, 3, 4, 5, 6, 7, 8, 9, 10, 11, 12, 13, 14, 15]",[],False,ambiguity,False,uf_axiom,
3bit_gap_early__SR_10__SR_67__SR_79,SR_10,SR_67,SR_79,,early_only,gap_early_only_hard_case,2,32,2,differential,1,"[{""classification"": ""ambiguity"", ""elapsed"": 8.47596769593656, ""first_result"": ""sat"", ""first_timeout_ms"": 60000, ""query_count"": 32, ""second_result"": ""sat"", ""second_timeout_ms"": 300000, ""z3_reason_unknown"": """"}]",sat,sat,0.0023050662130117416,7.719492435455322,a66f651322597191ab9f008af4c2db00,a66f651322597191ab9f008af4c2db00,ee05a6074798ec1002c7007a42b8ee00,False,sat,False,False,False,,"{""0"": ""free"", ""1"": ""free"", ""10"": ""free"", ""11"": ""free"", ""12"": ""free"", ""13"": ""free"", ""14"": ""free"", ""15"": ""free"", ""2"": ""free"", ""3"": ""free"", ""4"": ""free"", ""5"": ""free"", ""6"": ""free"", ""7"": ""free"", ""8"": ""free"", ""9"": ""free""}","{""0"": ""free"", ""1"": ""free"", ""2"": ""free"", ""3"": ""free""}",[],"[0, 1, 2, 3, 4, 5, 6, 7, 8, 9, 10, 11, 12, 13, 14, 15]",[],False,ambiguity,False,uf_axiom,
3bit_gap_early__SR_103__SR_119__SR_81,SR_103,SR_119,SR_81,,early_only,gap_early_only_hard_case,2,32,2,differential,1,"[{""classification"": ""ambiguity"", ""elapsed"": 8.559267999604344, ""first_result"": ""sat"", ""first_timeout_ms"": 60000, ""query_count"": 32, ""second_result"": ""sat"", ""second_timeout_ms"": 300000, ""z3_reason_unknown"": """"}]",sat,sat,0.0020439233630895615,5.276132168248296,a66f651322597100ab9f8f8af4c2db61,a66f651322597100ab9f8f8af4c2db61,e97cad47d50050004d884989a4017267,False,sat,False,False,False,,"{""0"": ""free"", ""1"": ""free"", ""10"": ""free"", ""11"": ""free"", ""12"": ""free"", ""13"": ""free"", ""14"": ""free"", ""15"": ""free"", ""2"": ""free"", ""3"": ""free"", ""4"": ""free"", ""5"": ""free"", ""6"": ""free"", ""7"": ""free"", ""8"": ""free"", ""9"": ""free""}","{""0"": ""free"", ""1"": ""free"", ""2"": ""free"", ""3"": ""free""}",[],"[0, 1, 2, 3, 4, 5, 6, 7, 8, 9, 10, 11, 12, 13, 14, 15]",[],False,ambiguity,False,uf_axiom,
3bit_gap_early__SB_12__SR_127__SR_4,SB_12,SR_127,SR_4,,early_only,gap_early_only_hard_case,0,32,2,differential,1,"[{""classification"": ""ambiguity"", ""elapsed"": 8.60247333906591, ""first_result"": ""sat"", ""first_timeout_ms"": 60000, ""query_count"": 32, ""second_result"": ""sat"", ""second_timeout_ms"": 300000, ""z3_reason_unknown"": """"}]",sat,sat,0.002097681164741516,7.844810152426362,edf43a9a00e400f3bf00ec668bd00cf6,edf43a9a00e400f3bf00ec668bd00cf6,6a04452800010010970051d89bf5094a,False,sat,False,False,False,,"{""0"": ""free"", ""1"": ""free"", ""10"": ""free"", ""11"": ""free"", ""12"": ""free"", ""13"": ""free"", ""14"": ""free"", ""15"": ""free"", ""2"": ""free"", ""3"": ""free"", ""4"": ""free"", ""5"": ""free"", ""6"": ""free"", ""7"": ""free"", ""8"": ""free"", ""9"": ""free""}","{""0"": ""free"", ""1"": ""free"", ""2"": ""free"", ""3"": ""free""}",[],"[0, 1, 2, 3, 4, 5, 6, 7, 8, 9, 10, 11, 12, 13, 14, 15]",[],False,ambiguity,False,uf_axiom,
3bit_gap_early__SB_47__SB_50__SR_44,SB_47,SB_50,SR_44,,early_only,gap_early_only_hard_case,1,32,2,differential,1,"[{""classification"": ""ambiguity"", ""elapsed"": 8.930462427437305, ""first_result"": ""sat"", ""first_timeout_ms"": 60000, ""query_count"": 32, ""second_result"": ""sat"", ""second_timeout_ms"": 300000, ""z3_reason_unknown"": """"}]",sat,sat,0.001296287402510643,8.461671724915504,00107579bc3c2c3b0d7a000000573606,00107579bc3c2c3b0d7a000000573606,002ff097e9048164314f000000722839,False,sat,False,False,False,,"{""0"": ""free"", ""1"": ""free"", ""10"": ""free"", ""11"": ""free"", ""12"": ""free"", ""13"": ""free"", ""14"": ""free"", ""15"": ""free"", ""2"": ""free"", ""3"": ""free"", ""4"": ""free"", ""5"": ""free"", ""6"": ""free"", ""7"": ""free"", ""8"": ""free"", ""9"": ""free""}","{""0"": ""free"", ""1"": ""free"", ""2"": ""free"", ""3"": ""free""}",[],"[0, 1, 2, 3, 4, 5, 6, 7, 8, 9, 10, 11, 12, 13, 14, 15]",[],False,ambiguity,False,uf_axiom,
3bit_gap_early__SB_30__SR_102__SR_38,SB_30,SR_102,SR_38,,early_only,gap_early_only_hard_case,0,32,2,differential,1,"[{""classification"": ""ambiguity"", ""elapsed"": 8.952827611938119, ""first_result"": ""sat"", ""first_timeout_ms"": 60000, ""query_count"": 32, ""second_result"": ""sat"", ""second_timeout_ms"": 300000, ""z3_reason_unknown"": """"}]",sat,sat,0.0013020318001508713,8.500712424516678,edf4009a19e4a300bf1eec668bd00cf6,edf4009a19e4a300bf1eec668bd00cf6,cfe70000006f0000c4007f56a0000052,False,sat,False,False,False,,"{""0"": ""free"", ""1"": ""free"", ""10"": ""free"", ""11"": ""free"", ""12"": ""free"", ""13"": ""free"", ""14"": ""free"", ""15"": ""free"", ""2"": ""free"", ""3"": ""free"", ""4"": ""free"", ""5"": ""free"", ""6"": ""free"", ""7"": ""free"", ""8"": ""free"", ""9"": ""free""}","{""0"": ""free"", ""1"": ""free"", ""2"": ""free"", ""3"": ""free""}",[],"[0, 1, 2, 3, 4, 5, 6, 7, 8, 9, 10, 11, 12, 13, 14, 15]",[],False,ambiguity,False,uf_axiom,
3bit_gap_early__SB_68__SB_96__SR_51,SB_68,SB_96,SR_51,,early_only,gap_early_only_hard_case,2,32,2,differential,1,"[{""classification"": ""ambiguity"", ""elapsed"": 9.104681111872196, ""first_result"": ""sat"", ""first_timeout_ms"": 60000, ""query_count"": 32, ""second_result"": ""sat"", ""second_timeout_ms"": 300000, ""z3_reason_unknown"": """"}]",sat,sat,0.0020955391228199005,8.42057416588068,a66f650022007191ab008f8af4c2db61,a66f650022007191ab008f8af4c2db61,881a7b001000a0779100566da95a8100,False,sat,False,False,False,,"{""0"": ""free"", ""1"": ""free"", ""10"": ""free"", ""11"": ""free"", ""12"": ""free"", ""13"": ""free"", ""14"": ""free"", ""15"": ""free"", ""2"": ""free"", ""3"": ""free"", ""4"": ""free"", ""5"": ""free"", ""6"": ""free"", ""7"": ""free"", ""8"": ""free"", ""9"": ""free""}","{""0"": ""free"", ""1"": ""free"", ""2"": ""free"", ""3"": ""free""}",[],"[0, 1, 2, 3, 4, 5, 6, 7, 8, 9, 10, 11, 12, 13, 14, 15]",[],False,ambiguity,False,uf_axiom,
3bit_gap_early__SB_28__SR_14__SR_65,SB_28,SR_14,SR_65,,early_only,gap_early_only_hard_case,0,32,2,differential,1,"[{""classification"": ""ambiguity"", ""elapsed"": 9.49260982684791, ""first_result"": ""sat"", ""first_timeout_ms"": 60000, ""query_count"": 32, ""second_result"": ""sat"", ""second_timeout_ms"": 300000, ""z3_reason_unknown"": """"}]",sat,sat,0.0020040497183799744,8.761560719460249,edf43a9a19e400f3bf1eec008bd00cf6,edf43a9a19e400f3bf1eec008bd00cf6,543c09632740001f22214d0000a2b400,False,sat,False,False,False,,"{""0"": ""free"", ""1"": ""free"", ""10"": ""free"", ""11"": ""free"", ""12"": ""free"", ""13"": ""free"", ""14"": ""free"", ""15"": ""free"", ""2"": ""free"", ""3"": ""free"", ""4"": ""free"", ""5"": ""free"", ""6"": ""free"", ""7"": ""free"", ""8"": ""free"", ""9"": ""free""}","{""0"": ""free"", ""1"": ""free"", ""2"": ""free"", ""3"": ""free""}",[],"[0, 1, 2, 3, 4, 5, 6, 7, 8, 9, 10, 11, 12, 13, 14, 15]",[],False,ambiguity,False,uf_axiom,
3bit_gap_early__SB_125__SB_48__SB_5,SB_125,SB_48,SB_5,,early_only,gap_early_only_hard_case,1,32,2,differential,1,"[{""classification"": ""ambiguity"", ""elapsed"": 9.631297932937741, ""first_result"": ""sat"", ""first_timeout_ms"": 60000, ""query_count"": 32, ""second_result"": ""sat"", ""second_timeout_ms"": 300000, ""z3_reason_unknown"": """"}]",sat,sat,0.002268292009830475,8.893967377021909,99107579bc3c2c3b007a8a6fd1573606,99107579bc3c2c3b007a8a6fd1573606,9243c9bc4d5440eb007832802f52c2b1,False,sat,False,False,False,,"{""0"": ""free"", ""1"": ""free"", ""10"": ""free"", ""11"": ""free"", ""12"": ""free"", ""13"": ""free"", ""14"": ""free"", ""15"": ""free"", ""2"": ""free"", ""3"": ""free"", ""4"": ""free"", ""5"": ""free"", ""6"": ""free"", ""7"": ""free"", ""8"": ""free"", ""9"": ""free""}","{""0"": ""free"", ""1"": ""free"", ""2"": ""free"", ""3"": ""free""}",[],"[0, 1, 2, 3, 4, 5, 6, 7, 8, 9, 10, 11, 12, 13, 14, 15]",[],False,ambiguity,False,uf_axiom,
3bit_gap_early__SR_21__SR_3__SR_67,SR_21,SR_3,SR_67,,early_only,gap_early_only_hard_case,0,32,2,differential,1,"[{""classification"": ""ambiguity"", ""elapsed"": 9.59329336322844, ""first_result"": ""sat"", ""first_timeout_ms"": 60000, ""query_count"": 32, ""second_result"": ""sat"", ""second_timeout_ms"": 300000, ""z3_reason_unknown"": """"}]",sat,sat,0.0015654433518648148,9.025065179914236,ed003a0019e4a3f3bf00ec0000d000f6,ed003a0019e4a3f3bf00ec0000d000f6,09009700072394810b00310000460098,False,sat,False,False,False,,"{""0"": ""free"", ""1"": ""free"", ""10"": ""free"", ""11"": ""free"", ""12"": ""free"", ""13"": ""free"", ""14"": ""free"", ""15"": ""free"", ""2"": ""free"", ""3"": ""free"", ""4"": ""free"", ""5"": ""free"", ""6"": ""free"", ""7"": ""free"", ""8"": ""free"", ""9"": ""free""}","{""0"": ""free"", ""1"": ""free"", ""2"": ""free"", ""3"": ""free""}",[],"[0, 1, 2, 3, 4, 5, 6, 7, 8, 9, 10, 11, 12, 13, 14, 15]",[],False,ambiguity,False,uf_axiom,
3bit_gap_early__SB_106__SR_1__SR_16,SB_106,SR_1,SR_16,,early_only,gap_early_only_hard_case,0,32,2,differential,1,"[{""classification"": ""ambiguity"", ""elapsed"": 9.652405193075538, ""first_result"": ""sat"", ""first_timeout_ms"": 60000, ""query_count"": 32, ""second_result"": ""sat"", ""second_timeout_ms"": 300000, ""z3_reason_unknown"": """"}]",sat,sat,0.0017997529357671738,9.117208391427994,edf43a0000e4a3f3bf1eec668bd00cf6,edf43a0000e4a3f3bf1eec668bd00cf6,268410000047b7dbfa01b943658000ce,False,sat,False,False,False,,"{""0"": ""free"", ""1"": ""free"", ""10"": ""free"", ""11"": ""free"", ""12"": ""free"", ""13"": ""free"", ""14"": ""free"", ""15"": ""free"", ""2"": ""free"", ""3"": ""free"", ""4"": ""free"", ""5"": ""free"", ""6"": ""free"", ""7"": ""free"", ""8"": ""free"", ""9"": ""free""}","{""0"": ""free"", ""1"": ""free"", ""2"": ""free"", ""3"": ""free""}",[],"[0, 1, 2, 3, 4, 5, 6, 7, 8, 9, 10, 11, 12, 13, 14, 15]",[],False,ambiguity,False,uf_axiom,
3bit_gap_early__SB_95__SR_114__SR_78,SB_95,SR_114,SR_78,,early_only,gap_early_only_hard_case,0,32,2,differential,1,"[{""classification"": ""ambiguity"", ""elapsed"": 9.836558824405074, ""first_result"": ""sat"", ""first_timeout_ms"": 60000, ""query_count"": 32, ""second_result"": ""sat"", ""second_timeout_ms"": 300000, ""z3_reason_unknown"": """"}]",sat,sat,0.0021865032613277435,9.099413989111781,00f43a9a19e4a3f3bf1e00668bd00cf6,00f43a9a19e4a3f3bf1e00668bd00cf6,001cd4d0bb5ba267d980009ecff7b53e,False,sat,False,False,False,,"{""0"": ""free"", ""1"": ""free"", ""10"": ""free"", ""11"": ""free"", ""12"": ""free"", ""13"": ""free"", ""14"": ""free"", ""15"": ""free"", ""2"": ""free"", ""3"": ""free"", ""4"": ""free"", ""5"": ""free"", ""6"": ""free"", ""7"": ""free"", ""8"": ""free"", ""9"": ""free""}","{""0"": ""free"", ""1"": ""free"", ""2"": ""free"", ""3"": ""free""}",[],"[0, 1, 2, 3, 4, 5, 6, 7, 8, 9, 10, 11, 12, 13, 14, 15]",[],False,ambiguity,False,uf_axiom,
3bit_gap_early__SB_101__SB_59__SB_67,SB_101,SB_59,SB_67,,early_only,gap_early_only_hard_case,1,32,2,differential,1,"[{""classification"": ""ambiguity"", ""elapsed"": 10.029249047860503, ""first_result"": ""sat"", ""first_timeout_ms"": 60000, ""query_count"": 32, ""second_result"": ""sat"", ""second_timeout_ms"": 300000, ""z3_reason_unknown"": """"}]",sat,sat,0.0013798922300338745,9.464571921154857,99107579bc002c3b0d7a006fd1573600,99107579bc002c3b0d7a006fd1573600,d752e12900007c40c40000107e8aac00,False,sat,False,False,False,,"{""0"": ""free"", ""1"": ""free"", ""10"": ""free"", ""11"": ""free"", ""12"": ""free"", ""13"": ""free"", ""14"": ""free"", ""15"": ""free"", ""2"": ""free"", ""3"": ""free"", ""4"": ""free"", ""5"": ""free"", ""6"": ""free"", ""7"": ""free"", ""8"": ""free"", ""9"": ""free""}","{""0"": ""free"", ""1"": ""free"", ""2"": ""free"", ""3"": ""free""}",[],"[0, 1, 2, 3, 4, 5, 6, 7, 8, 9, 10, 11, 12, 13, 14, 15]",[],False,ambiguity,False,uf_axiom,
3bit_gap_early__SR_10__SR_67__SR_79,SR_10,SR_67,SR_79,,early_only,gap_early_only_hard_case,1,32,2,differential,1,"[{""classification"": ""ambiguity"", ""elapsed"": 10.182793943211436, ""first_result"": ""sat"", ""first_timeout_ms"": 60000, ""query_count"": 32, ""second_result"": ""sat"", ""second_timeout_ms"": 300000, ""z3_reason_unknown"": """"}]",sat,sat,0.001410285010933876,9.454227345064282,99107579bc3c2c3b0d7a006fd1573600,99107579bc3c2c3b0d7a006fd1573600,4e8d60f86025d47e8118003eeb5b7e00,False,sat,False,False,False,,"{""0"": ""free"", ""1"": ""free"", ""10"": ""free"", ""11"": ""free"", ""12"": ""free"", ""13"": ""free"", ""14"": ""free"", ""15"": ""free"", ""2"": ""free"", ""3"": ""free"", ""4"": ""free"", ""5"": ""free"", ""6"": ""free"", ""7"": ""free"", ""8"": ""free"", ""9"": ""free""}","{""0"": ""free"", ""1"": ""free"", ""2"": ""free"", ""3"": ""free""}",[],"[0, 1, 2, 3, 4, 5, 6, 7, 8, 9, 10, 11, 12, 13, 14, 15]",[],False,ambiguity,False,uf_axiom,
3bit_gap_early__SB_68__SR_126__SR_52,SB_68,SR_126,SR_52,,early_only,gap_early_only_hard_case,1,32,2,differential,1,"[{""classification"": ""ambiguity"", ""elapsed"": 10.53234875202179, ""first_result"": ""sat"", ""first_timeout_ms"": 60000, ""query_count"": 32, ""second_result"": ""sat"", ""second_timeout_ms"": 300000, ""z3_reason_unknown"": """"}]",sat,sat,0.001956852152943611,9.821626393124461,99107579bc002c3b0d008a6fd1573606,99107579bc002c3b0d008a6fd1573606,4be40069200000a85200befc695d0094,False,sat,False,False,False,,"{""0"": ""free"", ""1"": ""free"", ""10"": ""free"", ""11"": ""free"", ""12"": ""free"", ""13"": ""free"", ""14"": ""free"", ""15"": ""free"", ""2"": ""free"", ""3"": ""free"", ""4"": ""free"", ""5"": ""free"", ""6"": ""free"", ""7"": ""free"", ""8"": ""free"", ""9"": ""free""}","{""0"": ""free"", ""1"": ""free"", ""2"": ""free"", ""3"": ""free""}",[],"[0, 1, 2, 3, 4, 5, 6, 7, 8, 9, 10, 11, 12, 13, 14, 15]",[],False,ambiguity,False,uf_axiom,
3bit_gap_early__SB_125__SB_48__SB_5,SB_125,SB_48,SB_5,,early_only,gap_early_only_hard_case,2,32,2,differential,1,"[{""classification"": ""ambiguity"", ""elapsed"": 11.081164594739676, ""first_result"": ""sat"", ""first_timeout_ms"": 60000, ""query_count"": 32, ""second_result"": ""sat"", ""second_timeout_ms"": 300000, ""z3_reason_unknown"": """"}]",sat,sat,0.003704845905303955,3.7686212323606014,a66f651322597191009f8f8af4c2db61,a66f651322597191009f8f8af4c2db61,46c6c7548bfc28090084d022e4940000,False,sat,False,False,False,,"{""0"": ""free"", ""1"": ""free"", ""10"": ""free"", ""11"": ""free"", ""12"": ""free"", ""13"": ""free"", ""14"": ""free"", ""15"": ""free"", ""2"": ""free"", ""3"": ""free"", ""4"": ""free"", ""5"": ""free"", ""6"": ""free"", ""7"": ""free"", ""8"": ""free"", ""9"": ""free""}","{""0"": ""free"", ""1"": ""free"", ""2"": ""free"", ""3"": ""free""}",[],"[0, 1, 2, 3, 4, 5, 6, 7, 8, 9, 10, 11, 12, 13, 14, 15]",[],False,ambiguity,False,uf_axiom,
3bit_gap_early__SB_13__SB_62__SR_39,SB_13,SB_62,SR_39,,early_only,gap_early_only_hard_case,1,32,2,differential,1,"[{""classification"": ""ambiguity"", ""elapsed"": 11.166287599131465, ""first_result"": ""sat"", ""first_timeout_ms"": 60000, ""query_count"": 32, ""second_result"": ""sat"", ""second_timeout_ms"": 300000, ""z3_reason_unknown"": """"}]",sat,sat,0.0015375912189483643,10.40835233218968,99100079bc3c003b007a8a00d1573606,99100079bc3c003b007a8a00d1573606,40150092cec10091004f3a00878e2ec5,False,sat,False,False,False,,"{""0"": ""free"", ""1"": ""free"", ""10"": ""free"", ""11"": ""free"", ""12"": ""free"", ""13"": ""free"", ""14"": ""free"", ""15"": ""free"", ""2"": ""free"", ""3"": ""free"", ""4"": ""free"", ""5"": ""free"", ""6"": ""free"", ""7"": ""free"", ""8"": ""free"", ""9"": ""free""}","{""0"": ""free"", ""1"": ""free"", ""2"": ""free"", ""3"": ""free""}",[],"[0, 1, 2, 3, 4, 5, 6, 7, 8, 9, 10, 11, 12, 13, 14, 15]",[],False,ambiguity,False,uf_axiom,
3bit_gap_early__SB_28__SR_14__SR_65,SB_28,SR_14,SR_65,,early_only,gap_early_only_hard_case,2,32,2,differential,1,"[{""classification"": ""ambiguity"", ""elapsed"": 11.201627543196082, ""first_result"": ""sat"", ""first_timeout_ms"": 60000, ""query_count"": 32, ""second_result"": ""sat"", ""second_timeout_ms"": 300000, ""z3_reason_unknown"": """"}]",sat,sat,0.002198653295636177,10.44287284463644,a66f651322590091ab9f8f00f4c2db61,a66f651322590091ab9f8f00f4c2db61,47df56d2f07300909472d4004bfe55a7,False,sat,False,False,False,,"{""0"": ""free"", ""1"": ""free"", ""10"": ""free"", ""11"": ""free"", ""12"": ""free"", ""13"": ""free"", ""14"": ""free"", ""15"": ""free"", ""2"": ""free"", ""3"": ""free"", ""4"": ""free"", ""5"": ""free"", ""6"": ""free"", ""7"": ""free"", ""8"": ""free"", ""9"": ""free""}","{""0"": ""free"", ""1"": ""free"", ""2"": ""free"", ""3"": ""free""}",[],"[0, 1, 2, 3, 4, 5, 6, 7, 8, 9, 10, 11, 12, 13, 14, 15]",[],False,ambiguity,False,uf_axiom,
3bit_gap_early__SB_120__SB_82__SR_47,SB_120,SB_82,SR_47,,early_only,gap_early_only_hard_case,1,32,2,differential,1,"[{""classification"": ""ambiguity"", ""elapsed"": 11.592181734740734, ""first_result"": ""sat"", ""first_timeout_ms"": 60000, ""query_count"": 32, ""second_result"": ""sat"", ""second_timeout_ms"": 300000, ""z3_reason_unknown"": """"}]",sat,sat,0.0020708590745925903,10.851525945588946,00107579003c2c3b0d7a8a6fd1573606,00107579003c2c3b0d7a8a6fd1573606,0071b33301bdab000020fa10478e5203,False,sat,False,False,False,,"{""0"": ""free"", ""1"": ""free"", ""10"": ""free"", ""11"": ""free"", ""12"": ""free"", ""13"": ""free"", ""14"": ""free"", ""15"": ""free"", ""2"": ""free"", ""3"": ""free"", ""4"": ""free"", ""5"": ""free"", ""6"": ""free"", ""7"": ""free"", ""8"": ""free"", ""9"": ""free""}","{""0"": ""free"", ""1"": ""free"", ""2"": ""free"", ""3"": ""free""}",[],"[0, 1, 2, 3, 4, 5, 6, 7, 8, 9, 10, 11, 12, 13, 14, 15]",[],False,ambiguity,False,uf_axiom,
3bit_gap_early__SB_30__SR_102__SR_38,SB_30,SR_102,SR_38,,early_only,gap_early_only_hard_case,1,32,2,differential,1,"[{""classification"": ""ambiguity"", ""elapsed"": 11.91724163107574, ""first_result"": ""sat"", ""first_timeout_ms"": 60000, ""query_count"": 32, ""second_result"": ""sat"", ""second_timeout_ms"": 300000, ""z3_reason_unknown"": """"}]",sat,sat,0.002241799607872963,11.163930850103498,99100079bc3c2c000d7a8a6fd1573606,99100079bc3c2c000d7a8a6fd1573606,e2900021803b11000082d8b2a372318d,False,sat,False,False,False,,"{""0"": ""free"", ""1"": ""free"", ""10"": ""free"", ""11"": ""free"", ""12"": ""free"", ""13"": ""free"", ""14"": ""free"", ""15"": ""free"", ""2"": ""free"", ""3"": ""free"", ""4"": ""free"", ""5"": ""free"", ""6"": ""free"", ""7"": ""free"", ""8"": ""free"", ""9"": ""free""}","{""0"": ""free"", ""1"": ""free"", ""2"": ""free"", ""3"": ""free""}",[],"[0, 1, 2, 3, 4, 5, 6, 7, 8, 9, 10, 11, 12, 13, 14, 15]",[],False,ambiguity,False,uf_axiom,
3bit_gap_early__SR_103__SR_36__SR_95,SR_103,SR_36,SR_95,,early_only,gap_early_only_hard_case,2,32,2,differential,1,"[{""classification"": ""ambiguity"", ""elapsed"": 12.57770767994225, ""first_result"": ""sat"", ""first_timeout_ms"": 60000, ""query_count"": 32, ""second_result"": ""sat"", ""second_timeout_ms"": 300000, ""z3_reason_unknown"": """"}]",sat,sat,0.001927679404616356,5.885673699900508,a66f001322007191ab9f008af4c2db00,a66f001322007191ab9f008af4c2db00,101100601d004d91074a004c941db200,False,sat,False,False,False,,"{""0"": ""free"", ""1"": ""free"", ""10"": ""free"", ""11"": ""free"", ""12"": ""free"", ""13"": ""free"", ""14"": ""free"", ""15"": ""free"", ""2"": ""free"", ""3"": ""free"", ""4"": ""free"", ""5"": ""free"", ""6"": ""free"", ""7"": ""free"", ""8"": ""free"", ""9"": ""free""}","{""0"": ""free"", ""1"": ""free"", ""2"": ""free"", ""3"": ""free""}",[],"[0, 1, 2, 3, 4, 5, 6, 7, 8, 9, 10, 11, 12, 13, 14, 15]",[],False,ambiguity,False,uf_axiom,
3bit_gap_early__SB_101__SB_59__SB_67,SB_101,SB_59,SB_67,,early_only,gap_early_only_hard_case,0,32,2,differential,1,"[{""classification"": ""ambiguity"", ""elapsed"": 13.456479484215379, ""first_result"": ""sat"", ""first_timeout_ms"": 60000, ""query_count"": 32, ""second_result"": ""sat"", ""second_timeout_ms"": 300000, ""z3_reason_unknown"": """"}]",sat,sat,0.0018530748784542084,12.744545532390475,edf43a9a1900a3f3bf1e00668bd00c00,edf43a9a1900a3f3bf1e00668bd00c00,6d5636939a0041100b010054167bc400,False,sat,False,False,False,,"{""0"": ""free"", ""1"": ""free"", ""10"": ""free"", ""11"": ""free"", ""12"": ""free"", ""13"": ""free"", ""14"": ""free"", ""15"": ""free"", ""2"": ""free"", ""3"": ""free"", ""4"": ""free"", ""5"": ""free"", ""6"": ""free"", ""7"": ""free"", ""8"": ""free"", ""9"": ""free""}","{""0"": ""free"", ""1"": ""free"", ""2"": ""free"", ""3"": ""free""}",[],"[0, 1, 2, 3, 4, 5, 6, 7, 8, 9, 10, 11, 12, 13, 14, 15]",[],False,ambiguity,False,uf_axiom,
3bit_gap_early__SB_69__SB_90__SR_89,SB_69,SB_90,SR_89,,early_only,gap_early_only_hard_case,2,32,2,differential,1,"[{""classification"": ""ambiguity"", ""elapsed"": 14.341143194586039, ""first_result"": ""sat"", ""first_timeout_ms"": 60000, ""query_count"": 32, ""second_result"": ""sat"", ""second_timeout_ms"": 300000, ""z3_reason_unknown"": """"}]",sat,sat,0.0013980753719806671,13.629924079403281,a600651322000091ab9f008af4c2db00,a600651322000091ab9f008af4c2db00,8100c4005a0000483144001954a54800,False,sat,False,False,False,,"{""0"": ""free"", ""1"": ""free"", ""10"": ""free"", ""11"": ""free"", ""12"": ""free"", ""13"": ""free"", ""14"": ""free"", ""15"": ""free"", ""2"": ""free"", ""3"": ""free"", ""4"": ""free"", ""5"": ""free"", ""6"": ""free"", ""7"": ""free"", ""8"": ""free"", ""9"": ""free""}","{""0"": ""free"", ""1"": ""free"", ""2"": ""free"", ""3"": ""free""}",[],"[0, 1, 2, 3, 4, 5, 6, 7, 8, 9, 10, 11, 12, 13, 14, 15]",[],False,ambiguity,False,uf_axiom,
3bit_gap_early__SR_0__SR_51__SR_88,SR_0,SR_51,SR_88,,early_only,gap_early_only_hard_case,0,32,2,differential,1,"[{""classification"": ""ambiguity"", ""elapsed"": 14.771227268502116, ""first_result"": ""sat"", ""first_timeout_ms"": 60000, ""query_count"": 32, ""second_result"": ""sat"", ""second_timeout_ms"": 300000, ""z3_reason_unknown"": """"}]",sat,sat,0.002018287777900696,14.04589818418026,edf43a9a19e4a3f3001eec668bd00cf6,edf43a9a19e4a3f3001eec668bd00cf6,d2bf0216432162e700f68a44bc195400,False,sat,False,False,False,,"{""0"": ""free"", ""1"": ""free"", ""10"": ""free"", ""11"": ""free"", ""12"": ""free"", ""13"": ""free"", ""14"": ""free"", ""15"": ""free"", ""2"": ""free"", ""3"": ""free"", ""4"": ""free"", ""5"": ""free"", ""6"": ""free"", ""7"": ""free"", ""8"": ""free"", ""9"": ""free""}","{""0"": ""free"", ""1"": ""free"", ""2"": ""free"", ""3"": ""free""}",[],"[0, 1, 2, 3, 4, 5, 6, 7, 8, 9, 10, 11, 12, 13, 14, 15]",[],False,ambiguity,False,uf_axiom,
3bit_gap_early__SB_68__SR_126__SR_52,SB_68,SR_126,SR_52,,early_only,gap_early_only_hard_case,2,32,2,differential,1,"[{""classification"": ""ambiguity"", ""elapsed"": 15.432460879907012, ""first_result"": ""sat"", ""first_timeout_ms"": 60000, ""query_count"": 32, ""second_result"": ""sat"", ""second_timeout_ms"": 300000, ""z3_reason_unknown"": """"}]",sat,sat,0.004684412851929665,14.834906188771129,a66f651322007191ab008f8af4c2db61,a66f651322007191ab008f8af4c2db61,0517f424010070b2a700ffa1945c273a,False,sat,False,False,False,,"{""0"": ""free"", ""1"": ""free"", ""10"": ""free"", ""11"": ""free"", ""12"": ""free"", ""13"": ""free"", ""14"": ""free"", ""15"": ""free"", ""2"": ""free"", ""3"": ""free"", ""4"": ""free"", ""5"": ""free"", ""6"": ""free"", ""7"": ""free"", ""8"": ""free"", ""9"": ""free""}","{""0"": ""free"", ""1"": ""free"", ""2"": ""free"", ""3"": ""free""}",[],"[0, 1, 2, 3, 4, 5, 6, 7, 8, 9, 10, 11, 12, 13, 14, 15]",[],False,ambiguity,False,uf_axiom,
3bit_gap_early__SB_0__SB_30__SB_89,SB_0,SB_30,SB_89,,early_only,gap_early_only_hard_case,0,32,2,differential,1,"[{""classification"": ""ambiguity"", ""elapsed"": 15.705760426819324, ""first_result"": ""sat"", ""first_timeout_ms"": 60000, ""query_count"": 32, ""second_result"": ""sat"", ""second_timeout_ms"": 300000, ""z3_reason_unknown"": """"}]",sat,sat,0.0019245576113462448,9.811307916417718,ed003a9a00e400f3bf00ec668bd000f6,ed003a9a00e400f3bf00ec668bd000f6,7400d92e0033010072009b54093300e4,False,sat,False,False,False,,"{""0"": ""free"", ""1"": ""free"", ""10"": ""free"", ""11"": ""free"", ""12"": ""free"", ""13"": ""free"", ""14"": ""free"", ""15"": ""free"", ""2"": ""free"", ""3"": ""free"", ""4"": ""free"", ""5"": ""free"", ""6"": ""free"", ""7"": ""free"", ""8"": ""free"", ""9"": ""free""}","{""0"": ""free"", ""1"": ""free"", ""2"": ""free"", ""3"": ""free""}",[],"[0, 1, 2, 3, 4, 5, 6, 7, 8, 9, 10, 11, 12, 13, 14, 15]",[],False,ambiguity,False,uf_axiom,
3bit_gap_early__SR_100__SR_109__SR_120,SR_100,SR_109,SR_120,,early_only,gap_early_only_hard_case,2,32,2,differential,1,"[{""classification"": ""ambiguity"", ""elapsed"": 16.162518557161093, ""first_result"": ""sat"", ""first_timeout_ms"": 60000, ""query_count"": 32, ""second_result"": ""sat"", ""second_timeout_ms"": 300000, ""z3_reason_unknown"": """"}]",sat,sat,0.0017490480095148087,15.539386235177517,a66f651322597191ab008f8af4c2db61,a66f651322597191ab008f8af4c2db61,a01264f331c34cac9b00113f7bff16c2,False,sat,False,False,False,,"{""0"": ""free"", ""1"": ""free"", ""10"": ""free"", ""11"": ""free"", ""12"": ""free"", ""13"": ""free"", ""14"": ""free"", ""15"": ""free"", ""2"": ""free"", ""3"": ""free"", ""4"": ""free"", ""5"": ""free"", ""6"": ""free"", ""7"": ""free"", ""8"": ""free"", ""9"": ""free""}","{""0"": ""free"", ""1"": ""free"", ""2"": ""free"", ""3"": ""free""}",[],"[0, 1, 2, 3, 4, 5, 6, 7, 8, 9, 10, 11, 12, 13, 14, 15]",[],False,ambiguity,False,uf_axiom,
3bit_gap_early__SB_69__SB_90__SR_89,SB_69,SB_90,SR_89,,early_only,gap_early_only_hard_case,0,32,2,differential,1,"[{""classification"": ""ambiguity"", ""elapsed"": 16.211650358512998, ""first_result"": ""sat"", ""first_timeout_ms"": 60000, ""query_count"": 32, ""second_result"": ""sat"", ""second_timeout_ms"": 300000, ""z3_reason_unknown"": """"}]",sat,sat,0.0020559411495923996,11.505844306200743,ed003a9a190000f3bf1e00668bd00c00,ed003a9a190000f3bf1e00668bd00c00,fd00a779650000f8909b00b8ea30dc00,False,sat,False,False,False,,"{""0"": ""free"", ""1"": ""free"", ""10"": ""free"", ""11"": ""free"", ""12"": ""free"", ""13"": ""free"", ""14"": ""free"", ""15"": ""free"", ""2"": ""free"", ""3"": ""free"", ""4"": ""free"", ""5"": ""free"", ""6"": ""free"", ""7"": ""free"", ""8"": ""free"", ""9"": ""free""}","{""0"": ""free"", ""1"": ""free"", ""2"": ""free"", ""3"": ""free""}",[],"[0, 1, 2, 3, 4, 5, 6, 7, 8, 9, 10, 11, 12, 13, 14, 15]",[],False,ambiguity,False,uf_axiom,
3bit_gap_early__SB_108__SB_121__SR_16,SB_108,SB_121,SR_16,,early_only,gap_early_only_hard_case,1,32,2,differential,1,"[{""classification"": ""ambiguity"", ""elapsed"": 16.205399964004755, ""first_result"": ""sat"", ""first_timeout_ms"": 60000, ""query_count"": 32, ""second_result"": ""sat"", ""second_timeout_ms"": 300000, ""z3_reason_unknown"": """"}]",sat,sat,0.0016419868916273117,5.4095317255705595,00107579003c2c3b0d7a8a6fd1573606,00107579003c2c3b0d7a8a6fd1573606,008008a80080dc283000132962000428,False,sat,False,False,False,,"{""0"": ""free"", ""1"": ""free"", ""10"": ""free"", ""11"": ""free"", ""12"": ""free"", ""13"": ""free"", ""14"": ""free"", ""15"": ""free"", ""2"": ""free"", ""3"": ""free"", ""4"": ""free"", ""5"": ""free"", ""6"": ""free"", ""7"": ""free"", ""8"": ""free"", ""9"": ""free""}","{""0"": ""free"", ""1"": ""free"", ""2"": ""free"", ""3"": ""free""}",[],"[0, 1, 2, 3, 4, 5, 6, 7, 8, 9, 10, 11, 12, 13, 14, 15]",[],False,ambiguity,False,uf_axiom,
3bit_gap_early__SB_47__SB_50__SR_44,SB_47,SB_50,SR_44,,early_only,gap_early_only_hard_case,2,32,2,differential,1,"[{""classification"": ""ambiguity"", ""elapsed"": 16.242981182411313, ""first_result"": ""sat"", ""first_timeout_ms"": 60000, ""query_count"": 32, ""second_result"": ""sat"", ""second_timeout_ms"": 300000, ""z3_reason_unknown"": """"}]",sat,sat,0.0014047250151634216,15.53457360342145,006f651322597191ab9f000000c2db61,006f651322597191ab9f000000c2db61,00d13f27a58e92c96b2000000030975e,False,sat,False,False,False,,"{""0"": ""free"", ""1"": ""free"", ""10"": ""free"", ""11"": ""free"", ""12"": ""free"", ""13"": ""free"", ""14"": ""free"", ""15"": ""free"", ""2"": ""free"", ""3"": ""free"", ""4"": ""free"", ""5"": ""free"", ""6"": ""free"", ""7"": ""free"", ""8"": ""free"", ""9"": ""free""}","{""0"": ""free"", ""1"": ""free"", ""2"": ""free"", ""3"": ""free""}",[],"[0, 1, 2, 3, 4, 5, 6, 7, 8, 9, 10, 11, 12, 13, 14, 15]",[],False,ambiguity,False,uf_axiom,
3bit_gap_early__SB_5__SB_73__SR_82,SB_5,SB_73,SR_82,,early_only,gap_early_only_hard_case,2,32,2,differential,1,"[{""classification"": ""ambiguity"", ""elapsed"": 18.16563926078379, ""first_result"": ""sat"", ""first_timeout_ms"": 60000, ""query_count"": 32, ""second_result"": ""sat"", ""second_timeout_ms"": 300000, ""z3_reason_unknown"": """"}]",sat,sat,0.0016187597066164017,17.54292518645525,a66f650000590091ab9f8f0000c2db61,a66f650000590091ab9f8f0000c2db61,8e386400002c00634050360000088308,False,sat,False,False,False,,"{""0"": ""free"", ""1"": ""free"", ""10"": ""free"", ""11"": ""free"", ""12"": ""free"", ""13"": ""free"", ""14"": ""free"", ""15"": ""free"", ""2"": ""free"", ""3"": ""free"", ""4"": ""free"", ""5"": ""free"", ""6"": ""free"", ""7"": ""free"", ""8"": ""free"", ""9"": ""free""}","{""0"": ""free"", ""1"": ""free"", ""2"": ""free"", ""3"": ""free""}",[],"[0, 1, 2, 3, 4, 5, 6, 7, 8, 9, 10, 11, 12, 13, 14, 15]",[],False,ambiguity,False,uf_axiom,
3bit_gap_early__SR_10__SR_67__SR_79,SR_10,SR_67,SR_79,,early_only,gap_early_only_hard_case,0,32,2,differential,1,"[{""classification"": ""ambiguity"", ""elapsed"": 19.2467124145478, ""first_result"": ""sat"", ""first_timeout_ms"": 60000, ""query_count"": 32, ""second_result"": ""sat"", ""second_timeout_ms"": 300000, ""z3_reason_unknown"": """"}]",sat,sat,0.001744704321026802,18.61831659823656,edf43a9a19e4a3f3bf1e00668bd00c00,edf43a9a19e4a3f3bf1e00668bd00c00,5f00621f8712bad50b0300e800060900,False,sat,False,False,False,,"{""0"": ""free"", ""1"": ""free"", ""10"": ""free"", ""11"": ""free"", ""12"": ""free"", ""13"": ""free"", ""14"": ""free"", ""15"": ""free"", ""2"": ""free"", ""3"": ""free"", ""4"": ""free"", ""5"": ""free"", ""6"": ""free"", ""7"": ""free"", ""8"": ""free"", ""9"": ""free""}","{""0"": ""free"", ""1"": ""free"", ""2"": ""free"", ""3"": ""free""}",[],"[0, 1, 2, 3, 4, 5, 6, 7, 8, 9, 10, 11, 12, 13, 14, 15]",[],False,ambiguity,False,uf_axiom,
3bit_gap_early__SB_108__SB_121__SR_16,SB_108,SB_121,SR_16,,early_only,gap_early_only_hard_case,2,32,2,differential,1,"[{""classification"": ""ambiguity"", ""elapsed"": 19.270180379971862, ""first_result"": ""sat"", ""first_timeout_ms"": 60000, ""query_count"": 32, ""second_result"": ""sat"", ""second_timeout_ms"": 300000, ""z3_reason_unknown"": """"}]",sat,sat,0.0018955320119857788,18.612619381397963,006f651300597191ab9f8f8af4c2db61,006f651300597191ab9f8f8af4c2db61,00d6b06b0047410ea9f402d3b14d04a4,False,sat,False,False,False,,"{""0"": ""free"", ""1"": ""free"", ""10"": ""free"", ""11"": ""free"", ""12"": ""free"", ""13"": ""free"", ""14"": ""free"", ""15"": ""free"", ""2"": ""free"", ""3"": ""free"", ""4"": ""free"", ""5"": ""free"", ""6"": ""free"", ""7"": ""free"", ""8"": ""free"", ""9"": ""free""}","{""0"": ""free"", ""1"": ""free"", ""2"": ""free"", ""3"": ""free""}",[],"[0, 1, 2, 3, 4, 5, 6, 7, 8, 9, 10, 11, 12, 13, 14, 15]",[],False,ambiguity,False,uf_axiom,
3bit_gap_early__SB_106__SR_1__SR_16,SB_106,SR_1,SR_16,,early_only,gap_early_only_hard_case,2,32,2,differential,1,"[{""classification"": ""ambiguity"", ""elapsed"": 19.219909144565463, ""first_result"": ""sat"", ""first_timeout_ms"": 60000, ""query_count"": 32, ""second_result"": ""sat"", ""second_timeout_ms"": 300000, ""z3_reason_unknown"": """"}]",sat,sat,0.001371484249830246,13.819533471018076,a66f650000597191ab9f8f8af4c2db61,a66f650000597191ab9f8f8af4c2db61,b60a340000231052b19f4059a1075cc4,False,sat,False,False,False,,"{""0"": ""free"", ""1"": ""free"", ""10"": ""free"", ""11"": ""free"", ""12"": ""free"", ""13"": ""free"", ""14"": ""free"", ""15"": ""free"", ""2"": ""free"", ""3"": ""free"", ""4"": ""free"", ""5"": ""free"", ""6"": ""free"", ""7"": ""free"", ""8"": ""free"", ""9"": ""free""}","{""0"": ""free"", ""1"": ""free"", ""2"": ""free"", ""3"": ""free""}",[],"[0, 1, 2, 3, 4, 5, 6, 7, 8, 9, 10, 11, 12, 13, 14, 15]",[],False,ambiguity,False,uf_axiom,
3bit_gap_early__SB_24__SB_34__SB_38,SB_24,SB_34,SB_38,,early_only,gap_early_only_hard_case,1,32,2,differential,1,"[{""classification"": ""ambiguity"", ""elapsed"": 20.648099100217223, ""first_result"": ""sat"", ""first_timeout_ms"": 60000, ""query_count"": 32, ""second_result"": ""sat"", ""second_timeout_ms"": 300000, ""z3_reason_unknown"": """"}]",sat,sat,0.0009838268160820007,11.93639237806201,99000079bc3c0000007a8a00d1573606,99000079bc3c0000007a8a00d1573606,0b00004e31f8000000d8a200720f5800,False,sat,False,False,False,,"{""0"": ""free"", ""1"": ""free"", ""10"": ""free"", ""11"": ""free"", ""12"": ""free"", ""13"": ""free"", ""14"": ""free"", ""15"": ""free"", ""2"": ""free"", ""3"": ""free"", ""4"": ""free"", ""5"": ""free"", ""6"": ""free"", ""7"": ""free"", ""8"": ""free"", ""9"": ""free""}","{""0"": ""free"", ""1"": ""free"", ""2"": ""free"", ""3"": ""free""}",[],"[0, 1, 2, 3, 4, 5, 6, 7, 8, 9, 10, 11, 12, 13, 14, 15]",[],False,ambiguity,False,uf_axiom,
3bit_gap_early__SB_95__SR_114__SR_78,SB_95,SR_114,SR_78,,early_only,gap_early_only_hard_case,2,32,2,differential,1,"[{""classification"": ""ambiguity"", ""elapsed"": 21.6808270085603, ""first_result"": ""sat"", ""first_timeout_ms"": 60000, ""query_count"": 32, ""second_result"": ""sat"", ""second_timeout_ms"": 300000, ""z3_reason_unknown"": """"}]",sat,sat,0.002331756055355072,20.938479524105787,006f651322597191ab9f008af4c2db61,006f651322597191ab9f008af4c2db61,0018c19e4e4f97fc2a1a00a16400a430,False,sat,False,False,False,,"{""0"": ""free"", ""1"": ""free"", ""10"": ""free"", ""11"": ""free"", ""12"": ""free"", ""13"": ""free"", ""14"": ""free"", ""15"": ""free"", ""2"": ""free"", ""3"": ""free"", ""4"": ""free"", ""5"": ""free"", ""6"": ""free"", ""7"": ""free"", ""8"": ""free"", ""9"": ""free""}","{""0"": ""free"", ""1"": ""free"", ""2"": ""free"", ""3"": ""free""}",[],"[0, 1, 2, 3, 4, 5, 6, 7, 8, 9, 10, 11, 12, 13, 14, 15]",[],False,ambiguity,False,uf_axiom,
3bit_gap_early__SR_103__SR_119__SR_81,SR_103,SR_119,SR_81,,early_only,gap_early_only_hard_case,1,32,2,differential,1,"[{""classification"": ""ambiguity"", ""elapsed"": 22.1990263517946, ""first_result"": ""sat"", ""first_timeout_ms"": 60000, ""query_count"": 32, ""second_result"": ""sat"", ""second_timeout_ms"": 300000, ""z3_reason_unknown"": """"}]",sat,sat,0.001985965296626091,21.68456107750535,99107579bc3c2c000d7a8a6fd1573606,99107579bc3c2c000d7a8a6fd1573606,800bedbf1ba87800900060f011fd81a4,False,sat,False,False,False,,"{""0"": ""free"", ""1"": ""free"", ""10"": ""free"", ""11"": ""free"", ""12"": ""free"", ""13"": ""free"", ""14"": ""free"", ""15"": ""free"", ""2"": ""free"", ""3"": ""free"", ""4"": ""free"", ""5"": ""free"", ""6"": ""free"", ""7"": ""free"", ""8"": ""free"", ""9"": ""free""}","{""0"": ""free"", ""1"": ""free"", ""2"": ""free"", ""3"": ""free""}",[],"[0, 1, 2, 3, 4, 5, 6, 7, 8, 9, 10, 11, 12, 13, 14, 15]",[],False,ambiguity,False,uf_axiom,
3bit_gap_early__SB_68__SR_126__SR_52,SB_68,SR_126,SR_52,,early_only,gap_early_only_hard_case,0,32,2,differential,1,"[{""classification"": ""ambiguity"", ""elapsed"": 22.674830678850412, ""first_result"": ""sat"", ""first_timeout_ms"": 60000, ""query_count"": 32, ""second_result"": ""sat"", ""second_timeout_ms"": 300000, ""z3_reason_unknown"": """"}]",sat,sat,0.002226179465651512,21.95789028890431,edf43a9a1900a3f3bf00ec668bd00cf6,edf43a9a1900a3f3bf00ec668bd00cf6,716424bad40081004600292da37eec4f,False,sat,False,False,False,,"{""0"": ""free"", ""1"": ""free"", ""10"": ""free"", ""11"": ""free"", ""12"": ""free"", ""13"": ""free"", ""14"": ""free"", ""15"": ""free"", ""2"": ""free"", ""3"": ""free"", ""4"": ""free"", ""5"": ""free"", ""6"": ""free"", ""7"": ""free"", ""8"": ""free"", ""9"": ""free""}","{""0"": ""free"", ""1"": ""free"", ""2"": ""free"", ""3"": ""free""}",[],"[0, 1, 2, 3, 4, 5, 6, 7, 8, 9, 10, 11, 12, 13, 14, 15]",[],False,ambiguity,False,uf_axiom,
3bit_gap_early__SB_68__SB_96__SR_51,SB_68,SB_96,SR_51,,early_only,gap_early_only_hard_case,1,32,2,differential,1,"[{""classification"": ""ambiguity"", ""elapsed"": 23.986998764798045, ""first_result"": ""sat"", ""first_timeout_ms"": 60000, ""query_count"": 32, ""second_result"": ""sat"", ""second_timeout_ms"": 300000, ""z3_reason_unknown"": """"}]",sat,sat,0.0022354144603013992,23.32731263898313,99107500bc002c3b0d008a6fd1573606,99107500bc002c3b0d008a6fd1573606,45a500006c202d843800d402854d169e,False,sat,False,False,False,,"{""0"": ""free"", ""1"": ""free"", ""10"": ""free"", ""11"": ""free"", ""12"": ""free"", ""13"": ""free"", ""14"": ""free"", ""15"": ""free"", ""2"": ""free"", ""3"": ""free"", ""4"": ""free"", ""5"": ""free"", ""6"": ""free"", ""7"": ""free"", ""8"": ""free"", ""9"": ""free""}","{""0"": ""free"", ""1"": ""free"", ""2"": ""free"", ""3"": ""free""}",[],"[0, 1, 2, 3, 4, 5, 6, 7, 8, 9, 10, 11, 12, 13, 14, 15]",[],False,ambiguity,False,uf_axiom,
3bit_gap_early__SB_108__SB_121__SR_16,SB_108,SB_121,SR_16,,early_only,gap_early_only_hard_case,0,32,2,differential,1,"[{""classification"": ""ambiguity"", ""elapsed"": 24.447845561429858, ""first_result"": ""sat"", ""first_timeout_ms"": 60000, ""query_count"": 32, ""second_result"": ""sat"", ""second_timeout_ms"": 300000, ""z3_reason_unknown"": """"}]",sat,sat,0.002514733001589775,23.700734732672572,00f43a9a00e4a3f3bf1eec668bd00cf6,00f43a9a00e4a3f3bf1eec668bd00cf6,08830030009c6d207980ddd814847600,False,sat,False,False,False,,"{""0"": ""free"", ""1"": ""free"", ""10"": ""free"", ""11"": ""free"", ""12"": ""free"", ""13"": ""free"", ""14"": ""free"", ""15"": ""free"", ""2"": ""free"", ""3"": ""free"", ""4"": ""free"", ""5"": ""free"", ""6"": ""free"", ""7"": ""free"", ""8"": ""free"", ""9"": ""free""}","{""0"": ""free"", ""1"": ""free"", ""2"": ""free"", ""3"": ""free""}",[],"[0, 1, 2, 3, 4, 5, 6, 7, 8, 9, 10, 11, 12, 13, 14, 15]",[],False,ambiguity,False,uf_axiom,
3bit_gap_early__SR_100__SR_109__SR_120,SR_100,SR_109,SR_120,,early_only,gap_early_only_hard_case,1,32,2,differential,1,"[{""classification"": ""ambiguity"", ""elapsed"": 24.878253061324358, ""first_result"": ""sat"", ""first_timeout_ms"": 60000, ""query_count"": 32, ""second_result"": ""sat"", ""second_timeout_ms"": 300000, ""z3_reason_unknown"": """"}]",sat,sat,0.002146795392036438,18.39073401130736,99107579bc3c2c3b0d008a6fd1573606,99107579bc3c2c3b0d008a6fd1573606,4c1c0a2b84cdf8000000ef6f30d48fdf,False,sat,False,False,False,,"{""0"": ""free"", ""1"": ""free"", ""10"": ""free"", ""11"": ""free"", ""12"": ""free"", ""13"": ""free"", ""14"": ""free"", ""15"": ""free"", ""2"": ""free"", ""3"": ""free"", ""4"": ""free"", ""5"": ""free"", ""6"": ""free"", ""7"": ""free"", ""8"": ""free"", ""9"": ""free""}","{""0"": ""free"", ""1"": ""free"", ""2"": ""free"", ""3"": ""free""}",[],"[0, 1, 2, 3, 4, 5, 6, 7, 8, 9, 10, 11, 12, 13, 14, 15]",[],False,ambiguity,False,uf_axiom,
3bit_gap_early__SB_95__SR_114__SR_78,SB_95,SR_114,SR_78,,early_only,gap_early_only_hard_case,1,32,2,differential,1,"[{""classification"": ""ambiguity"", ""elapsed"": 24.963241931051016, ""first_result"": ""sat"", ""first_timeout_ms"": 60000, ""query_count"": 32, ""second_result"": ""sat"", ""second_timeout_ms"": 300000, ""z3_reason_unknown"": """"}]",sat,sat,0.0021887440234422684,24.206630354747176,00107579bc3c2c3b0d7a006fd1573606,00107579bc3c2c3b0d7a006fd1573606,0061403a00905a091108004400000432,False,sat,False,False,False,,"{""0"": ""free"", ""1"": ""free"", ""10"": ""free"", ""11"": ""free"", ""12"": ""free"", ""13"": ""free"", ""14"": ""free"", ""15"": ""free"", ""2"": ""free"", ""3"": ""free"", ""4"": ""free"", ""5"": ""free"", ""6"": ""free"", ""7"": ""free"", ""8"": ""free"", ""9"": ""free""}","{""0"": ""free"", ""1"": ""free"", ""2"": ""free"", ""3"": ""free""}",[],"[0, 1, 2, 3, 4, 5, 6, 7, 8, 9, 10, 11, 12, 13, 14, 15]",[],False,ambiguity,False,uf_axiom,
3bit_gap_early__SR_21__SR_3__SR_67,SR_21,SR_3,SR_67,,early_only,gap_early_only_hard_case,2,32,2,differential,1,"[{""classification"": ""ambiguity"", ""elapsed"": 26.08839631639421, ""first_result"": ""sat"", ""first_timeout_ms"": 60000, ""query_count"": 32, ""second_result"": ""sat"", ""second_timeout_ms"": 300000, ""z3_reason_unknown"": """"}]",sat,sat,0.0022065434604883194,25.333977945148945,a600650022597191ab008f0000c20061,a600650022597191ab008f0000c20061,580006008d00575446002b0000390072,False,sat,False,False,False,,"{""0"": ""free"", ""1"": ""free"", ""10"": ""free"", ""11"": ""free"", ""12"": ""free"", ""13"": ""free"", ""14"": ""free"", ""15"": ""free"", ""2"": ""free"", ""3"": ""free"", ""4"": ""free"", ""5"": ""free"", ""6"": ""free"", ""7"": ""free"", ""8"": ""free"", ""9"": ""free""}","{""0"": ""free"", ""1"": ""free"", ""2"": ""free"", ""3"": ""free""}",[],"[0, 1, 2, 3, 4, 5, 6, 7, 8, 9, 10, 11, 12, 13, 14, 15]",[],False,ambiguity,False,uf_axiom,
3bit_gap_mixed__MC_80__SB_114__SR_125,MC_80,SB_114,SR_125,,early_late_mixed,gap_early_late_mixed_hard_case,2,32,2,differential,1,"[{""classification"": ""ambiguity"", ""elapsed"": 32.78893289528787, ""first_result"": ""sat"", ""first_timeout_ms"": 60000, ""query_count"": 32, ""second_result"": ""sat"", ""second_timeout_ms"": 300000, ""z3_reason_unknown"": """"}]",sat,sat,0.001916687935590744,32.18867422826588,a66f651322597191ab9f8f8af4c2db61,a66f651322597191ab9f8f8af4c2db61,b2182901540430466a3484a190524035,True,sat,False,False,False,,"{""0"": ""free"", ""1"": ""free"", ""10"": ""free"", ""11"": ""free"", ""12"": ""free"", ""13"": ""free"", ""14"": ""free"", ""15"": ""free"", ""2"": ""free"", ""3"": ""free"", ""4"": ""free"", ""5"": ""free"", ""6"": ""free"", ""7"": ""free"", ""8"": ""free"", ""9"": ""free""}","{""0"": ""free"", ""1"": ""free"", ""2"": ""free"", ""3"": ""free""}",[],"[0, 1, 2, 3, 4, 5, 6, 7, 8, 9, 10, 11, 12, 13, 14, 15]",[],False,ambiguity,False,uf_axiom,
3bit_gap_early__SR_100__SR_109__SR_120,SR_100,SR_109,SR_120,,early_only,gap_early_only_hard_case,0,32,2,differential,1,"[{""classification"": ""ambiguity"", ""elapsed"": 34.45371550321579, ""first_result"": ""sat"", ""first_timeout_ms"": 60000, ""query_count"": 32, ""second_result"": ""sat"", ""second_timeout_ms"": 300000, ""z3_reason_unknown"": """"}]",sat,sat,0.00248158723115921,33.696123607456684,edf43a9a19e4a3f3bf00ec668bd00cf6,edf43a9a19e4a3f3bf00ec668bd00cf6,02122f87d475d0820200687f1f6311c8,False,sat,False,False,False,,"{""0"": ""free"", ""1"": ""free"", ""10"": ""free"", ""11"": ""free"", ""12"": ""free"", ""13"": ""free"", ""14"": ""free"", ""15"": ""free"", ""2"": ""free"", ""3"": ""free"", ""4"": ""free"", ""5"": ""free"", ""6"": ""free"", ""7"": ""free"", ""8"": ""free"", ""9"": ""free""}","{""0"": ""free"", ""1"": ""free"", ""2"": ""free"", ""3"": ""free""}",[],"[0, 1, 2, 3, 4, 5, 6, 7, 8, 9, 10, 11, 12, 13, 14, 15]",[],False,ambiguity,False,uf_axiom,
3bit_gap_early__SR_0__SR_51__SR_88,SR_0,SR_51,SR_88,,early_only,gap_early_only_hard_case,1,32,2,differential,1,"[{""classification"": ""ambiguity"", ""elapsed"": 39.248503340408206, ""first_result"": ""sat"", ""first_timeout_ms"": 60000, ""query_count"": 32, ""second_result"": ""sat"", ""second_timeout_ms"": 300000, ""z3_reason_unknown"": """"}]",sat,sat,0.0022556371986865997,18.57503349520266,99107579bc3c2c3b007a8a6fd1573606,99107579bc3c2c3b007a8a6fd1573606,a1001e865200b13b00dba59626346472,False,sat,False,False,False,,"{""0"": ""free"", ""1"": ""free"", ""10"": ""free"", ""11"": ""free"", ""12"": ""free"", ""13"": ""free"", ""14"": ""free"", ""15"": ""free"", ""2"": ""free"", ""3"": ""free"", ""4"": ""free"", ""5"": ""free"", ""6"": ""free"", ""7"": ""free"", ""8"": ""free"", ""9"": ""free""}","{""0"": ""free"", ""1"": ""free"", ""2"": ""free"", ""3"": ""free""}",[],"[0, 1, 2, 3, 4, 5, 6, 7, 8, 9, 10, 11, 12, 13, 14, 15]",[],False,ambiguity,False,uf_axiom,
3bit_gap_early__SB_120__SB_82__SR_47,SB_120,SB_82,SR_47,,early_only,gap_early_only_hard_case,0,32,2,differential,1,"[{""classification"": ""ambiguity"", ""elapsed"": 51.141346491873264, ""first_result"": ""sat"", ""first_timeout_ms"": 60000, ""query_count"": 32, ""second_result"": ""sat"", ""second_timeout_ms"": 300000, ""z3_reason_unknown"": """"}]",sat,sat,0.0015474408864974976,31.147417690604925,00f43a9a00e4a3f3bf1eec668bd00cf6,00f43a9a00e4a3f3bf1eec668bd00cf6,0000005100c62a000140d32287a43235,False,sat,False,False,False,,"{""0"": ""free"", ""1"": ""free"", ""10"": ""free"", ""11"": ""free"", ""12"": ""free"", ""13"": ""free"", ""14"": ""free"", ""15"": ""free"", ""2"": ""free"", ""3"": ""free"", ""4"": ""free"", ""5"": ""free"", ""6"": ""free"", ""7"": ""free"", ""8"": ""free"", ""9"": ""free""}","{""0"": ""free"", ""1"": ""free"", ""2"": ""free"", ""3"": ""free""}",[],"[0, 1, 2, 3, 4, 5, 6, 7, 8, 9, 10, 11, 12, 13, 14, 15]",[],False,ambiguity,False,uf_axiom,
3bit_gap_early__SB_120__SB_82__SR_47,SB_120,SB_82,SR_47,,early_only,gap_early_only_hard_case,2,32,2,differential,1,"[{""classification"": ""ambiguity"", ""elapsed"": 57.05320549197495, ""first_result"": ""sat"", ""first_timeout_ms"": 60000, ""query_count"": 32, ""second_result"": ""sat"", ""second_timeout_ms"": 300000, ""z3_reason_unknown"": """"}]",sat,sat,0.0022614337503910065,26.29317555204034,006f651300597191ab9f8f8af4c2db61,006f651300597191ab9f8f8af4c2db61,018e93660082ac004208b62189100924,False,sat,False,False,False,,"{""0"": ""free"", ""1"": ""free"", ""10"": ""free"", ""11"": ""free"", ""12"": ""free"", ""13"": ""free"", ""14"": ""free"", ""15"": ""free"", ""2"": ""free"", ""3"": ""free"", ""4"": ""unknown"", ""5"": ""free"", ""6"": ""free"", ""7"": ""free"", ""8"": ""free"", ""9"": ""free""}","{""0"": ""free"", ""1"": ""free"", ""2"": ""free"", ""3"": ""free""}",[],"[0, 1, 2, 3, 5, 6, 7, 8, 9, 10, 11, 12, 13, 14, 15]",[4],False,ambiguity,False,uf_axiom,
3bit_gap_early__SB_68__SB_96__SR_51,SB_68,SB_96,SR_51,,early_only,gap_early_only_hard_case,0,32,2,differential,1,"[{""classification"": ""ambiguity"", ""elapsed"": 61.717990055680275, ""first_result"": ""sat"", ""first_timeout_ms"": 60000, ""query_count"": 32, ""second_result"": ""sat"", ""second_timeout_ms"": 300000, ""z3_reason_unknown"": """"}]",sat,sat,0.001603754237294197,31.10041039250791,edf43a001900a3f3bf00ec668bd00cf6,edf43a001900a3f3bf00ec668bd00cf6,c06c1f004202522c660010d449ba8801,False,sat,False,False,False,,"{""0"": ""free"", ""1"": ""free"", ""10"": ""free"", ""11"": ""free"", ""12"": ""free"", ""13"": ""free"", ""14"": ""free"", ""15"": ""free"", ""2"": ""free"", ""3"": ""unknown"", ""4"": ""free"", ""5"": ""free"", ""6"": ""free"", ""7"": ""free"", ""8"": ""free"", ""9"": ""unknown""}","{""0"": ""free"", ""1"": ""free"", ""2"": ""free"", ""3"": ""free""}",[],"[0, 1, 2, 4, 5, 6, 7, 8, 10, 11, 12, 13, 14, 15]","[3, 9]",False,ambiguity,False,uf_axiom,
3bit_gap_mixed__MC_54__SB_11__SR_68,MC_54,SB_11,SR_68,,early_late_mixed,gap_early_late_mixed_hard_case,2,32,2,differential,1,"[{""classification"": ""ambiguity"", ""elapsed"": 81.61184971220791, ""first_result"": ""sat"", ""first_timeout_ms"": 60000, ""query_count"": 32, ""second_result"": ""sat"", ""second_timeout_ms"": 300000, ""z3_reason_unknown"": """"}]",sat,sat,0.003787098452448845,80.98727676831186,a66f651322597191ab9f8f8af4c2db61,a66f651322597191ab9f8f8af4c2db61,034816e816516fa80a24dadbc5bca984,True,sat,False,False,False,,"{""0"": ""free"", ""1"": ""free"", ""10"": ""free"", ""11"": ""free"", ""12"": ""free"", ""13"": ""free"", ""14"": ""free"", ""15"": ""free"", ""2"": ""free"", ""3"": ""free"", ""4"": ""free"", ""5"": ""free"", ""6"": ""free"", ""7"": ""free"", ""8"": ""free"", ""9"": ""free""}","{""0"": ""free"", ""1"": ""free"", ""2"": ""free"", ""3"": ""free""}",[],"[0, 1, 2, 3, 4, 5, 6, 7, 8, 9, 10, 11, 12, 13, 14, 15]",[],False,ambiguity,False,uf_axiom,
3bit_gap_mixed__MC_54__SB_11__SR_68,MC_54,SB_11,SR_68,,early_late_mixed,gap_early_late_mixed_hard_case,0,32,2,differential,1,"[{""classification"": ""ambiguity"", ""elapsed"": 83.03847676329315, ""first_result"": ""sat"", ""first_timeout_ms"": 60000, ""query_count"": 32, ""second_result"": ""sat"", ""second_timeout_ms"": 300000, ""z3_reason_unknown"": """"}]",sat,sat,0.0024596061557531357,82.57310139387846,edf43a9a19e4a3f3bf1eec668bd00cf6,edf43a9a19e4a3f3bf1eec668bd00cf6,d5907494f063818466233052e3d70849,True,sat,False,False,False,,"{""0"": ""free"", ""1"": ""free"", ""10"": ""free"", ""11"": ""free"", ""12"": ""free"", ""13"": ""free"", ""14"": ""free"", ""15"": ""free"", ""2"": ""free"", ""3"": ""free"", ""4"": ""free"", ""5"": ""free"", ""6"": ""free"", ""7"": ""free"", ""8"": ""free"", ""9"": ""free""}","{""0"": ""free"", ""1"": ""free"", ""2"": ""free"", ""3"": ""free""}",[],"[0, 1, 2, 3, 4, 5, 6, 7, 8, 9, 10, 11, 12, 13, 14, 15]",[],False,ambiguity,False,uf_axiom,
3bit_gap_mixed__MC_54__SB_11__SR_68,MC_54,SB_11,SR_68,,early_late_mixed,gap_early_late_mixed_hard_case,1,32,2,differential,1,"[{""classification"": ""ambiguity"", ""elapsed"": 85.0876816175878, ""first_result"": ""sat"", ""first_timeout_ms"": 60000, ""query_count"": 32, ""second_result"": ""sat"", ""second_timeout_ms"": 300000, ""z3_reason_unknown"": """"}]",sat,sat,0.0027993544936180115,84.59435674548149,99107579bc3c2c3b0d7a8a6fd1573606,99107579bc3c2c3b0d7a8a6fd1573606,1088fac420160c0838be095d07d0eded,True,sat,False,False,False,,"{""0"": ""free"", ""1"": ""free"", ""10"": ""free"", ""11"": ""free"", ""12"": ""free"", ""13"": ""free"", ""14"": ""free"", ""15"": ""free"", ""2"": ""free"", ""3"": ""free"", ""4"": ""free"", ""5"": ""free"", ""6"": ""free"", ""7"": ""free"", ""8"": ""free"", ""9"": ""free""}","{""0"": ""free"", ""1"": ""free"", ""2"": ""free"", ""3"": ""free""}",[],"[0, 1, 2, 3, 4, 5, 6, 7, 8, 9, 10, 11, 12, 13, 14, 15]",[],False,ambiguity,False,uf_axiom,
3bit_gap_weak_late__ARK_28__MC_28__MC_7,ARK_28,MC_28,MC_7,,weak_same_column,gap_weak_same_column_hard_case,2,32,2,differential,1,"[{""classification"": ""ambiguity"", ""elapsed"": 96.82350881583989, ""first_result"": ""sat"", ""first_timeout_ms"": 60000, ""query_count"": 32, ""second_result"": ""sat"", ""second_timeout_ms"": 300000, ""z3_reason_unknown"": """"}]",sat,sat,0.002323070541024208,66.14567227102816,a66f651322597191ab9f8f8af4c2db61,a66f651322597191ab9f8f8af4c2db61,6345e9f143594b7bfea82ae0f86ba864,True,sat,False,False,False,,"{""0"": ""free"", ""1"": ""free"", ""10"": ""free"", ""11"": ""free"", ""12"": ""free"", ""13"": ""free"", ""14"": ""free"", ""15"": ""free"", ""2"": ""free"", ""3"": ""free"", ""4"": ""free"", ""5"": ""unknown"", ""6"": ""free"", ""7"": ""free"", ""8"": ""free"", ""9"": ""free""}","{""0"": ""free"", ""1"": ""free"", ""2"": ""free"", ""3"": ""free""}",[],"[0, 1, 2, 3, 4, 6, 7, 8, 9, 10, 11, 12, 13, 14, 15]",[5],False,ambiguity,False,uf_axiom,
3bit_gap_weak_late__ARK_28__MC_28__MC_7,ARK_28,MC_28,MC_7,,weak_same_column,gap_weak_same_column_hard_case,1,32,2,differential,1,"[{""classification"": ""ambiguity"", ""elapsed"": 118.5816485080868, ""first_result"": ""sat"", ""first_timeout_ms"": 60000, ""query_count"": 32, ""second_result"": ""sat"", ""second_timeout_ms"": 300000, ""z3_reason_unknown"": """"}]",sat,sat,0.003178488463163376,87.84162950702012,99107579bc3c2c3b0d7a8a6fd1573606,99107579bc3c2c3b0d7a8a6fd1573606,99b10074283c4181bdfd8e45046df206,True,sat,False,False,False,,"{""0"": ""unknown"", ""1"": ""free"", ""10"": ""free"", ""11"": ""free"", ""12"": ""free"", ""13"": ""free"", ""14"": ""free"", ""15"": ""unknown"", ""2"": ""free"", ""3"": ""free"", ""4"": ""free"", ""5"": ""unknown"", ""6"": ""free"", ""7"": ""free"", ""8"": ""free"", ""9"": ""free""}","{""0"": ""free"", ""1"": ""free"", ""2"": ""free"", ""3"": ""free""}",[],"[1, 2, 3, 4, 6, 7, 8, 9, 10, 11, 12, 13, 14]","[0, 5, 15]",False,ambiguity,False,uf_axiom,
3bit_gap_weak_late__ARK_30__ARK_70__MC_94,ARK_30,ARK_70,MC_94,,weak_same_column,gap_weak_same_column_hard_case,2,32,2,differential,1,"[{""classification"": ""ambiguity"", ""elapsed"": 122.25715187378228, ""first_result"": ""sat"", ""first_timeout_ms"": 60000, ""query_count"": 32, ""second_result"": ""sat"", ""second_timeout_ms"": 300000, ""z3_reason_unknown"": """"}]",sat,sat,0.003028562292456627,91.549954039976,a66f651322597191ab9f8f8af4c2db61,a66f651322597191ab9f8f8af4c2db61,b73b657d78e7ac916f921fd83ec2eff7,True,sat,False,False,False,,"{""0"": ""free"", ""1"": ""free"", ""10"": ""free"", ""11"": ""free"", ""12"": ""free"", ""13"": ""unknown"", ""14"": ""free"", ""15"": ""free"", ""2"": ""fixed"", ""3"": ""free"", ""4"": ""free"", ""5"": ""free"", ""6"": ""free"", ""7"": ""fixed"", ""8"": ""free"", ""9"": ""free""}","{""0"": ""free"", ""1"": ""free"", ""2"": ""free"", ""3"": ""free""}","[2, 7]","[0, 1, 3, 4, 5, 6, 8, 9, 10, 11, 12, 14, 15]",[13],False,ambiguity,False,uf_axiom,
3bit_gap_weak_late__ARK_28__MC_28__MC_7,ARK_28,MC_28,MC_7,,weak_same_column,gap_weak_same_column_hard_case,0,32,2,differential,1,"[{""classification"": ""ambiguity"", ""elapsed"": 161.5987813230604, ""first_result"": ""sat"", ""first_timeout_ms"": 60000, ""query_count"": 32, ""second_result"": ""sat"", ""second_timeout_ms"": 300000, ""z3_reason_unknown"": """"}]",sat,sat,0.0030405856668949127,160.9285945724696,edf43a9a19e4a3f3bf1eec668bd00cf6,edf43a9a19e4a3f3bf1eec668bd00cf6,b29200f833e3c49acd0267a191b14328,True,sat,False,False,False,,"{""0"": ""free"", ""1"": ""free"", ""10"": ""free"", ""11"": ""free"", ""12"": ""free"", ""13"": ""free"", ""14"": ""free"", ""15"": ""free"", ""2"": ""free"", ""3"": ""free"", ""4"": ""free"", ""5"": ""free"", ""6"": ""free"", ""7"": ""free"", ""8"": ""free"", ""9"": ""free""}","{""0"": ""free"", ""1"": ""free"", ""2"": ""free"", ""3"": ""free""}",[],"[0, 1, 2, 3, 4, 5, 6, 7, 8, 9, 10, 11, 12, 13, 14, 15]",[],False,ambiguity,False,uf_axiom,
3bit_gap_weak_late__ARK_2__ARK_26__MC_22,ARK_2,ARK_26,MC_22,,weak_same_column,gap_weak_same_column_hard_case,1,32,2,differential,1,"[{""classification"": ""ambiguity"", ""elapsed"": 181.83252973668277, ""first_result"": ""sat"", ""first_timeout_ms"": 60000, ""query_count"": 32, ""second_result"": ""sat"", ""second_timeout_ms"": 300000, ""z3_reason_unknown"": """"}]",sat,sat,0.0032552722841501236,151.0810115467757,99107579bc3c2c3b0d7a8a6fd1573606,99107579bc3c2c3b0d7a8a6fd1573606,99ec6d9fde3cd490cf9018fe38972006,True,sat,False,False,False,,"{""0"": ""unknown"", ""1"": ""free"", ""10"": ""free"", ""11"": ""free"", ""12"": ""free"", ""13"": ""free"", ""14"": ""free"", ""15"": ""unknown"", ""2"": ""free"", ""3"": ""free"", ""4"": ""free"", ""5"": ""unknown"", ""6"": ""free"", ""7"": ""free"", ""8"": ""free"", ""9"": ""free""}","{""0"": ""free"", ""1"": ""free"", ""2"": ""free"", ""3"": ""free""}",[],"[1, 2, 3, 4, 6, 7, 8, 9, 10, 11, 12, 13, 14]","[0, 5, 15]",False,ambiguity,False,uf_axiom,
3bit_gap_mixed__MC_80__SB_114__SR_125,MC_80,SB_114,SR_125,,early_late_mixed,gap_early_late_mixed_hard_case,1,32,2,differential,1,"[{""classification"": ""ambiguity"", ""elapsed"": 214.4858927950263, ""first_result"": ""sat"", ""first_timeout_ms"": 60000, ""query_count"": 32, ""second_result"": ""sat"", ""second_timeout_ms"": 300000, ""z3_reason_unknown"": """"}]",sat,sat,0.003248227760195732,213.75184823200107,99107579bc3c2c3b0d7a8a6fd1573606,99107579bc3c2c3b0d7a8a6fd1573606,090021f286c95f241a1098fee43e2646,True,sat,False,False,False,,"{""0"": ""free"", ""1"": ""free"", ""10"": ""free"", ""11"": ""free"", ""12"": ""free"", ""13"": ""free"", ""14"": ""free"", ""15"": ""free"", ""2"": ""free"", ""3"": ""free"", ""4"": ""free"", ""5"": ""free"", ""6"": ""free"", ""7"": ""free"", ""8"": ""free"", ""9"": ""free""}","{""0"": ""free"", ""1"": ""free"", ""2"": ""free"", ""3"": ""free""}",[],"[0, 1, 2, 3, 4, 5, 6, 7, 8, 9, 10, 11, 12, 13, 14, 15]",[],False,ambiguity,False,uf_axiom,
3bit_gap_mixed__MC_80__SB_114__SR_125,MC_80,SB_114,SR_125,,early_late_mixed,gap_early_late_mixed_hard_case,0,32,2,differential,1,"[{""classification"": ""ambiguity"", ""elapsed"": 270.7521099280566, ""first_result"": ""sat"", ""first_timeout_ms"": 60000, ""query_count"": 32, ""second_result"": ""sat"", ""second_timeout_ms"": 300000, ""z3_reason_unknown"": """"}]",sat,sat,0.004327816888689995,270.2446733340621,edf43a9a19e4a3f3bf1eec668bd00cf6,edf43a9a19e4a3f3bf1eec668bd00cf6,b3641444c903008ecba64894c35167bc,True,sat,False,False,False,,"{""0"": ""free"", ""1"": ""free"", ""10"": ""free"", ""11"": ""free"", ""12"": ""free"", ""13"": ""free"", ""14"": ""free"", ""15"": ""free"", ""2"": ""free"", ""3"": ""free"", ""4"": ""free"", ""5"": ""free"", ""6"": ""free"", ""7"": ""free"", ""8"": ""free"", ""9"": ""free""}","{""0"": ""free"", ""1"": ""free"", ""2"": ""free"", ""3"": ""free""}",[],"[0, 1, 2, 3, 4, 5, 6, 7, 8, 9, 10, 11, 12, 13, 14, 15]",[],False,ambiguity,False,uf_axiom,
3bit_gap_weak_late__ARK_2__ARK_26__MC_22,ARK_2,ARK_26,MC_22,,weak_same_column,gap_weak_same_column_hard_case,2,32,2,differential,1,"[{""classification"": ""ambiguity"", ""elapsed"": 292.6765014529228, ""first_result"": ""sat"", ""first_timeout_ms"": 60000, ""query_count"": 32, ""second_result"": ""sat"", ""second_timeout_ms"": 300000, ""z3_reason_unknown"": """"}]",sat,sat,0.003180539235472679,262.08710990287364,a66f651322597191ab9f8f8af4c2db61,a66f651322597191ab9f8f8af4c2db61,a62905320359d6dab1ad1c19fb107761,True,sat,False,False,False,,"{""0"": ""fixed"", ""1"": ""free"", ""10"": ""free"", ""11"": ""free"", ""12"": ""free"", ""13"": ""free"", ""14"": ""free"", ""15"": ""unknown"", ""2"": ""free"", ""3"": ""free"", ""4"": ""free"", ""5"": ""fixed"", ""6"": ""free"", ""7"": ""free"", ""8"": ""free"", ""9"": ""free""}","{""0"": ""free"", ""1"": ""free"", ""2"": ""free"", ""3"": ""free""}","[0, 5]","[1, 2, 3, 4, 6, 7, 8, 9, 10, 11, 12, 13, 14]",[15],False,ambiguity,False,uf_axiom,
3bit_gap_weak_late__ARK_2__ARK_26__MC_22,ARK_2,ARK_26,MC_22,,weak_same_column,gap_weak_same_column_hard_case,0,32,2,differential,1,"[{""classification"": ""ambiguity"", ""elapsed"": 307.7054749298841, ""first_result"": ""sat"", ""first_timeout_ms"": 60000, ""query_count"": 32, ""second_result"": ""sat"", ""second_timeout_ms"": 300000, ""z3_reason_unknown"": """"}]",sat,sat,0.0019111502915620804,277.0331256072968,edf43a9a19e4a3f3bf1eec668bd00cf6,edf43a9a19e4a3f3bf1eec668bd00cf6,ed5676fd27985d34c08eec7a3d0972f6,True,sat,False,False,False,,"{""0"": ""unknown"", ""1"": ""free"", ""10"": ""unknown"", ""11"": ""free"", ""12"": ""free"", ""13"": ""free"", ""14"": ""free"", ""15"": ""unknown"", ""2"": ""free"", ""3"": ""free"", ""4"": ""free"", ""5"": ""free"", ""6"": ""free"", ""7"": ""free"", ""8"": ""free"", ""9"": ""free""}","{""0"": ""free"", ""1"": ""free"", ""2"": ""free"", ""3"": ""free""}",[],"[1, 2, 3, 4, 5, 6, 7, 8, 9, 11, 12, 13, 14]","[0, 10, 15]",False,ambiguity,False,uf_axiom,
3bit_gap_weak_late__ARK_71__ARK_8__ARK_87,ARK_71,ARK_8,ARK_87,,weak_same_column,gap_weak_same_column_hard_case,2,64,2,differential,2,"[{""classification"": ""undecided"", ""elapsed"": 330.7827448192984, ""first_result"": ""sat"", ""first_timeout_ms"": 60000, ""query_count"": 32, ""second_result"": ""unknown"", ""second_timeout_ms"": 300000, ""z3_reason_unknown"": ""canceled""}, {""classification"": ""full_key_unique"", ""elapsed"": 148.62889044173062, ""first_result"": ""sat"", ""first_timeout_ms"": 60000, ""query_count"": 64, ""second_result"": ""unsat"", ""second_timeout_ms"": 300000, ""z3_reason_unknown"": """"}]",sat,unsat,0.005666511133313179,147.87685990147293,a66f651322597191ab9f8f8af4c2db61,a66f651322597191ab9f8f8af4c2db61,,True,sat,False,False,False,,"{""0"": ""fixed"", ""1"": ""fixed"", ""10"": ""fixed"", ""11"": ""fixed"", ""12"": ""fixed"", ""13"": ""fixed"", ""14"": ""fixed"", ""15"": ""fixed"", ""2"": ""fixed"", ""3"": ""fixed"", ""4"": ""fixed"", ""5"": ""fixed"", ""6"": ""fixed"", ""7"": ""fixed"", ""8"": ""fixed"", ""9"": ""fixed""}","{""0"": ""fixed"", ""1"": ""fixed"", ""2"": ""fixed"", ""3"": ""fixed""}","[0, 1, 2, 3, 4, 5, 6, 7, 8, 9, 10, 11, 12, 13, 14, 15]",[],[],False,full_key_unique,True,uf_axiom,
3bit_gap_weak_late__ARK_71__ARK_8__ARK_87,ARK_71,ARK_8,ARK_87,,weak_same_column,gap_weak_same_column_hard_case,1,96,2,differential,3,"[{""classification"": ""undecided"", ""elapsed"": 330.47262157686055, ""first_result"": ""sat"", ""first_timeout_ms"": 60000, ""query_count"": 32, ""second_result"": ""unknown"", ""second_timeout_ms"": 300000, ""z3_reason_unknown"": ""canceled""}, {""classification"": ""undecided"", ""elapsed"": 330.748297739774, ""first_result"": ""sat"", ""first_timeout_ms"": 60000, ""query_count"": 64, ""second_result"": ""unknown"", ""second_timeout_ms"": 300000, ""z3_reason_unknown"": ""canceled""}, {""classification"": ""full_key_unique"", ""elapsed"": 47.65291275642812, ""first_result"": ""sat"", ""first_timeout_ms"": 60000, ""query_count"": 96, ""second_result"": ""unsat"", ""second_timeout_ms"": 300000, ""z3_reason_unknown"": """"}]",sat,unsat,0.005600696429610252,47.051608610898256,99107579bc3c2c3b0d7a8a6fd1573606,99107579bc3c2c3b0d7a8a6fd1573606,,True,sat,False,False,False,,"{""0"": ""fixed"", ""1"": ""fixed"", ""10"": ""fixed"", ""11"": ""fixed"", ""12"": ""fixed"", ""13"": ""fixed"", ""14"": ""fixed"", ""15"": ""fixed"", ""2"": ""fixed"", ""3"": ""fixed"", ""4"": ""fixed"", ""5"": ""fixed"", ""6"": ""fixed"", ""7"": ""fixed"", ""8"": ""fixed"", ""9"": ""fixed""}","{""0"": ""fixed"", ""1"": ""fixed"", ""2"": ""fixed"", ""3"": ""fixed""}","[0, 1, 2, 3, 4, 5, 6, 7, 8, 9, 10, 11, 12, 13, 14, 15]",[],[],False,full_key_unique,True,uf_axiom,
3bit_gap_weak_late__ARK_30__ARK_70__MC_94,ARK_30,ARK_70,MC_94,,weak_same_column,gap_weak_same_column_hard_case,1,96,2,differential,3,"[{""classification"": ""undecided"", ""elapsed"": 330.595651531592, ""first_result"": ""sat"", ""first_timeout_ms"": 60000, ""query_count"": 32, ""second_result"": ""unknown"", ""second_timeout_ms"": 300000, ""z3_reason_unknown"": ""canceled""}, {""classification"": ""undecided"", ""elapsed"": 330.75642927736044, ""first_result"": ""sat"", ""first_timeout_ms"": 60000, ""query_count"": 64, ""second_result"": ""unknown"", ""second_timeout_ms"": 300000, ""z3_reason_unknown"": ""canceled""}, {""classification"": ""full_key_unique"", ""elapsed"": 130.84520400688052, ""first_result"": ""sat"", ""first_timeout_ms"": 60000, ""query_count"": 96, ""second_result"": ""unsat"", ""second_timeout_ms"": 300000, ""z3_reason_unknown"": """"}]",sat,unsat,0.008406329900026321,129.6089933477342,99107579bc3c2c3b0d7a8a6fd1573606,99107579bc3c2c3b0d7a8a6fd1573606,,True,sat,False,False,False,,"{""0"": ""fixed"", ""1"": ""fixed"", ""10"": ""fixed"", ""11"": ""fixed"", ""12"": ""fixed"", ""13"": ""fixed"", ""14"": ""fixed"", ""15"": ""fixed"", ""2"": ""fixed"", ""3"": ""fixed"", ""4"": ""fixed"", ""5"": ""fixed"", ""6"": ""fixed"", ""7"": ""fixed"", ""8"": ""fixed"", ""9"": ""fixed""}","{""0"": ""fixed"", ""1"": ""fixed"", ""2"": ""fixed"", ""3"": ""fixed""}","[0, 1, 2, 3, 4, 5, 6, 7, 8, 9, 10, 11, 12, 13, 14, 15]",[],[],False,full_key_unique,True,uf_axiom,
3bit_gap_weak_late__ARK_30__ARK_70__MC_94,ARK_30,ARK_70,MC_94,,weak_same_column,gap_weak_same_column_hard_case,0,96,2,differential,3,"[{""classification"": ""undecided"", ""elapsed"": 330.73282131552696, ""first_result"": ""sat"", ""first_timeout_ms"": 60000, ""query_count"": 32, ""second_result"": ""unknown"", ""second_timeout_ms"": 300000, ""z3_reason_unknown"": ""canceled""}, {""classification"": ""undecided"", ""elapsed"": 330.42990928143263, ""first_result"": ""sat"", ""first_timeout_ms"": 60000, ""query_count"": 64, ""second_result"": ""unknown"", ""second_timeout_ms"": 300000, ""z3_reason_unknown"": ""canceled""}, {""classification"": ""full_key_unique"", ""elapsed"": 175.4303858410567, ""first_result"": ""sat"", ""first_timeout_ms"": 60000, ""query_count"": 96, ""second_result"": ""unsat"", ""second_timeout_ms"": 300000, ""z3_reason_unknown"": """"}]",sat,unsat,0.00494903139770031,174.81933834403753,edf43a9a19e4a3f3bf1eec668bd00cf6,edf43a9a19e4a3f3bf1eec668bd00cf6,,True,sat,False,False,False,,"{""0"": ""fixed"", ""1"": ""fixed"", ""10"": ""fixed"", ""11"": ""fixed"", ""12"": ""fixed"", ""13"": ""fixed"", ""14"": ""fixed"", ""15"": ""fixed"", ""2"": ""fixed"", ""3"": ""fixed"", ""4"": ""fixed"", ""5"": ""fixed"", ""6"": ""fixed"", ""7"": ""fixed"", ""8"": ""fixed"", ""9"": ""fixed""}","{""0"": ""fixed"", ""1"": ""fixed"", ""2"": ""fixed"", ""3"": ""fixed""}","[0, 1, 2, 3, 4, 5, 6, 7, 8, 9, 10, 11, 12, 13, 14, 15]",[],[],False,full_key_unique,True,uf_axiom,
3bit_gap_weak_late__ARK_71__ARK_8__ARK_87,ARK_71,ARK_8,ARK_87,,weak_same_column,gap_weak_same_column_hard_case,0,128,2,differential,4,"[{""classification"": ""undecided"", ""elapsed"": 330.761519536376, ""first_result"": ""sat"", ""first_timeout_ms"": 60000, ""query_count"": 32, ""second_result"": ""unknown"", ""second_timeout_ms"": 300000, ""z3_reason_unknown"": ""canceled""}, {""classification"": ""undecided"", ""elapsed"": 330.74392635561526, ""first_result"": ""sat"", ""first_timeout_ms"": 60000, ""query_count"": 64, ""second_result"": ""unknown"", ""second_timeout_ms"": 300000, ""z3_reason_unknown"": ""canceled""}, {""classification"": ""undecided"", ""elapsed"": 330.61651096865535, ""first_result"": ""sat"", ""first_timeout_ms"": 60000, ""query_count"": 96, ""second_result"": ""unknown"", ""second_timeout_ms"": 300000, ""z3_reason_unknown"": ""canceled""}, {""classification"": ""full_key_unique"", ""elapsed"": 67.47759622335434, ""first_result"": ""sat"", ""first_timeout_ms"": 60000, ""query_count"": 128, ""second_result"": ""unsat"", ""second_timeout_ms"": 300000, ""z3_reason_unknown"": """"}]",sat,unsat,0.012024113908410072,65.95061709545553,edf43a9a19e4a3f3bf1eec668bd00cf6,edf43a9a19e4a3f3bf1eec668bd00cf6,,True,sat,False,False,False,,"{""0"": ""fixed"", ""1"": ""fixed"", ""10"": ""fixed"", ""11"": ""fixed"", ""12"": ""fixed"", ""13"": ""fixed"", ""14"": ""fixed"", ""15"": ""fixed"", ""2"": ""fixed"", ""3"": ""fixed"", ""4"": ""fixed"", ""5"": ""fixed"", ""6"": ""fixed"", ""7"": ""fixed"", ""8"": ""fixed"", ""9"": ""fixed""}","{""0"": ""fixed"", ""1"": ""fixed"", ""2"": ""fixed"", ""3"": ""fixed""}","[0, 1, 2, 3, 4, 5, 6, 7, 8, 9, 10, 11, 12, 13, 14, 15]",[],[],False,full_key_unique,True,uf_axiom,
3bit_gap_mixed__ARK_121__ARK_99__SR_102,ARK_121,ARK_99,SR_102,,early_late_mixed,gap_early_late_mixed_hard_case,1,32,2,differential,1,"[{""classification"": ""ambiguity"", ""elapsed"": 24.793552711606026, ""first_result"": ""sat"", ""first_timeout_ms"": 60000, ""query_count"": 32, ""second_result"": ""sat"", ""second_timeout_ms"": 300000, ""z3_reason_unknown"": """"}]",sat,sat,0.0020363163203001022,9.215003252029419,99107579bc3c2c3b0d7a8a6fd1573606,99107579bc3c2c3b0d7a8a6fd1573606,ff1000400cbf00045278296fd11f462a,True,sat,False,False,False,,"{""0"": ""free"", ""1"": ""fixed"", ""10"": ""free"", ""11"": ""fixed"", ""12"": ""fixed"", ""13"": ""free"", ""14"": ""free"", ""15"": ""free"", ""2"": ""free"", ""3"": ""free"", ""4"": ""free"", ""5"": ""free"", ""6"": ""free"", ""7"": ""free"", ""8"": ""free"", ""9"": ""free""}","{""0"": ""free"", ""1"": ""free"", ""2"": ""free"", ""3"": ""free""}","[1, 11, 12]","[0, 2, 3, 4, 5, 6, 7, 8, 9, 10, 13, 14, 15]",[],False,ambiguity,False,uf_axiom,
3bit_gap_mixed__MC_22__SB_23__SR_4,MC_22,SB_23,SR_4,,early_late_mixed,gap_early_late_mixed_hard_case,0,32,2,differential,1,"[{""classification"": ""ambiguity"", ""elapsed"": 32.51685050316155, ""first_result"": ""sat"", ""first_timeout_ms"": 60000, ""query_count"": 32, ""second_result"": ""sat"", ""second_timeout_ms"": 300000, ""z3_reason_unknown"": """"}]",sat,sat,0.0019718334078788757,31.911054162308574,edf43a9a19e4a3f3bf1eec668bd00cf6,edf43a9a19e4a3f3bf1eec668bd00cf6,989ea020900918373afaa77889e87900,True,sat,False,False,False,,"{""0"": ""free"", ""1"": ""free"", ""10"": ""free"", ""11"": ""free"", ""12"": ""free"", ""13"": ""free"", ""14"": ""free"", ""15"": ""free"", ""2"": ""free"", ""3"": ""free"", ""4"": ""free"", ""5"": ""free"", ""6"": ""free"", ""7"": ""free"", ""8"": ""free"", ""9"": ""free""}","{""0"": ""free"", ""1"": ""free"", ""2"": ""free"", ""3"": ""free""}",[],"[0, 1, 2, 3, 4, 5, 6, 7, 8, 9, 10, 11, 12, 13, 14, 15]",[],False,ambiguity,False,uf_axiom,
3bit_gap_mixed__ARK_34__SB_106__SB_115,ARK_34,SB_106,SB_115,,early_late_mixed,gap_early_late_mixed_hard_case,2,32,2,differential,1,"[{""classification"": ""ambiguity"", ""elapsed"": 34.13186405785382, ""first_result"": ""sat"", ""first_timeout_ms"": 60000, ""query_count"": 32, ""second_result"": ""sat"", ""second_timeout_ms"": 300000, ""z3_reason_unknown"": """"}]",sat,sat,0.0031980983912944794,33.41825534962118,a66f651322597191ab9f8f8af4c2db61,a66f651322597191ab9f8f8af4c2db61,e4a0045ce5c215aa348499d6c164941a,True,sat,False,False,False,,"{""0"": ""free"", ""1"": ""free"", ""10"": ""free"", ""11"": ""free"", ""12"": ""free"", ""13"": ""free"", ""14"": ""free"", ""15"": ""free"", ""2"": ""free"", ""3"": ""free"", ""4"": ""free"", ""5"": ""free"", ""6"": ""free"", ""7"": ""free"", ""8"": ""free"", ""9"": ""free""}","{""0"": ""free"", ""1"": ""free"", ""2"": ""free"", ""3"": ""free""}",[],"[0, 1, 2, 3, 4, 5, 6, 7, 8, 9, 10, 11, 12, 13, 14, 15]",[],False,ambiguity,False,uf_axiom,
3bit_gap_mixed__ARK_11__MC_22__SB_127,ARK_11,MC_22,SB_127,,early_late_mixed,gap_early_late_mixed_hard_case,2,32,2,differential,1,"[{""classification"": ""ambiguity"", ""elapsed"": 35.8156789727509, ""first_result"": ""sat"", ""first_timeout_ms"": 60000, ""query_count"": 32, ""second_result"": ""sat"", ""second_timeout_ms"": 300000, ""z3_reason_unknown"": """"}]",sat,sat,0.001972038298845291,34.07247413881123,a66f651322597191ab9f8f8af4c2db61,a66f651322597191ab9f8f8af4c2db61,a64bbc141c5933009a7f0200b545cf47,True,sat,False,False,False,,"{""0"": ""fixed"", ""1"": ""free"", ""10"": ""free"", ""11"": ""free"", ""12"": ""free"", ""13"": ""free"", ""14"": ""free"", ""15"": ""free"", ""2"": ""free"", ""3"": ""free"", ""4"": ""free"", ""5"": ""fixed"", ""6"": ""free"", ""7"": ""free"", ""8"": ""free"", ""9"": ""free""}","{""0"": ""free"", ""1"": ""free"", ""2"": ""free"", ""3"": ""free""}","[0, 5]","[1, 2, 3, 4, 6, 7, 8, 9, 10, 11, 12, 13, 14, 15]",[],False,ambiguity,False,uf_axiom,
3bit_gap_mixed__ARK_96__SB_50__SR_58,ARK_96,SB_50,SR_58,,early_late_mixed,gap_early_late_mixed_hard_case,1,32,2,differential,1,"[{""classification"": ""ambiguity"", ""elapsed"": 46.70488281548023, ""first_result"": ""sat"", ""first_timeout_ms"": 60000, ""query_count"": 32, ""second_result"": ""sat"", ""second_timeout_ms"": 300000, ""z3_reason_unknown"": """"}]",sat,sat,0.0031907837837934494,46.002783643081784,99107579bc3c2c3b0d7a8a6fd1573606,99107579bc3c2c3b0d7a8a6fd1573606,0116d0a28eaac901401c2329a0687c3c,True,sat,False,False,False,,"{""0"": ""free"", ""1"": ""free"", ""10"": ""free"", ""11"": ""free"", ""12"": ""free"", ""13"": ""free"", ""14"": ""free"", ""15"": ""free"", ""2"": ""free"", ""3"": ""free"", ""4"": ""free"", ""5"": ""free"", ""6"": ""free"", ""7"": ""free"", ""8"": ""free"", ""9"": ""free""}","{""0"": ""free"", ""1"": ""free"", ""2"": ""free"", ""3"": ""free""}",[],"[0, 1, 2, 3, 4, 5, 6, 7, 8, 9, 10, 11, 12, 13, 14, 15]",[],False,ambiguity,False,uf_axiom,
3bit_gap_mixed__ARK_18__SR_33__SR_75,ARK_18,SR_33,SR_75,,early_late_mixed,gap_early_late_mixed_hard_case,0,32,2,differential,1,"[{""classification"": ""ambiguity"", ""elapsed"": 49.31884488835931, ""first_result"": ""sat"", ""first_timeout_ms"": 60000, ""query_count"": 32, ""second_result"": ""sat"", ""second_timeout_ms"": 300000, ""z3_reason_unknown"": """"}]",sat,sat,0.003579111769795418,48.562198428437114,edf43a9a19e4a3f3bf1eec668bd00cf6,edf43a9a19e4a3f3bf1eec668bd00cf6,a719543c431595066c384271880a9d4c,True,sat,False,False,False,,"{""0"": ""free"", ""1"": ""free"", ""10"": ""free"", ""11"": ""free"", ""12"": ""free"", ""13"": ""free"", ""14"": ""free"", ""15"": ""free"", ""2"": ""free"", ""3"": ""free"", ""4"": ""free"", ""5"": ""free"", ""6"": ""free"", ""7"": ""free"", ""8"": ""free"", ""9"": ""free""}","{""0"": ""free"", ""1"": ""free"", ""2"": ""free"", ""3"": ""free""}",[],"[0, 1, 2, 3, 4, 5, 6, 7, 8, 9, 10, 11, 12, 13, 14, 15]",[],False,ambiguity,False,uf_axiom,
3bit_gap_mixed__MC_71__MC_94__SB_59,MC_71,MC_94,SB_59,,early_late_mixed,gap_early_late_mixed_hard_case,0,32,2,differential,1,"[{""classification"": ""ambiguity"", ""elapsed"": 55.27291780896485, ""first_result"": ""sat"", ""first_timeout_ms"": 60000, ""query_count"": 32, ""second_result"": ""sat"", ""second_timeout_ms"": 300000, ""z3_reason_unknown"": """"}]",sat,sat,0.003067178651690483,51.94278501905501,edf43a9a19e4a3f3bf1eec668bd00cf6,edf43a9a19e4a3f3bf1eec668bd00cf6,c2813329a3c1429fbf40a12db7d080e3,True,sat,False,False,False,,"{""0"": ""free"", ""1"": ""free"", ""10"": ""free"", ""11"": ""free"", ""12"": ""free"", ""13"": ""fixed"", ""14"": ""free"", ""15"": ""free"", ""2"": ""free"", ""3"": ""free"", ""4"": ""free"", ""5"": ""free"", ""6"": ""free"", ""7"": ""free"", ""8"": ""fixed"", ""9"": ""free""}","{""0"": ""free"", ""1"": ""free"", ""2"": ""free"", ""3"": ""free""}","[8, 13]","[0, 1, 2, 3, 4, 5, 6, 7, 9, 10, 11, 12, 14, 15]",[],False,ambiguity,False,uf_axiom,
3bit_gap_mixed__ARK_78__MC_64__SR_87,ARK_78,MC_64,SR_87,,early_late_mixed,gap_early_late_mixed_hard_case,2,32,2,differential,1,"[{""classification"": ""ambiguity"", ""elapsed"": 58.8594113625586, ""first_result"": ""sat"", ""first_timeout_ms"": 60000, ""query_count"": 32, ""second_result"": ""sat"", ""second_timeout_ms"": 300000, ""z3_reason_unknown"": """"}]",sat,sat,0.0018490944057703018,48.13726243749261,a66f651322597191ab9f8f8af4c2db61,a66f651322597191ab9f8f8af4c2db61,b809658aae3be191bda7f0cda66b2318,True,sat,False,False,False,,"{""0"": ""free"", ""1"": ""free"", ""10"": ""free"", ""11"": ""free"", ""12"": ""free"", ""13"": ""free"", ""14"": ""free"", ""15"": ""free"", ""2"": ""fixed"", ""3"": ""free"", ""4"": ""free"", ""5"": ""free"", ""6"": ""free"", ""7"": ""fixed"", ""8"": ""free"", ""9"": ""free""}","{""0"": ""free"", ""1"": ""free"", ""2"": ""free"", ""3"": ""free""}","[2, 7]","[0, 1, 3, 4, 5, 6, 8, 9, 10, 11, 12, 13, 14, 15]",[],False,ambiguity,False,uf_axiom,
3bit_gap_mixed__ARK_96__SB_50__SR_58,ARK_96,SB_50,SR_58,,early_late_mixed,gap_early_late_mixed_hard_case,0,32,2,differential,1,"[{""classification"": ""ambiguity"", ""elapsed"": 60.05287740379572, ""first_result"": ""sat"", ""first_timeout_ms"": 60000, ""query_count"": 32, ""second_result"": ""sat"", ""second_timeout_ms"": 300000, ""z3_reason_unknown"": """"}]",sat,sat,0.0031246617436408997,59.298940351232886,edf43a9a19e4a3f3bf1eec668bd00cf6,edf43a9a19e4a3f3bf1eec668bd00cf6,692e01f12e91138073a4d6e85ec176d4,True,sat,False,False,False,,"{""0"": ""free"", ""1"": ""free"", ""10"": ""free"", ""11"": ""free"", ""12"": ""free"", ""13"": ""free"", ""14"": ""free"", ""15"": ""free"", ""2"": ""free"", ""3"": ""free"", ""4"": ""free"", ""5"": ""free"", ""6"": ""free"", ""7"": ""free"", ""8"": ""free"", ""9"": ""free""}","{""0"": ""free"", ""1"": ""free"", ""2"": ""free"", ""3"": ""free""}",[],"[0, 1, 2, 3, 4, 5, 6, 7, 8, 9, 10, 11, 12, 13, 14, 15]",[],False,ambiguity,False,uf_axiom,
3bit_gap_mixed__ARK_66__MC_91__SR_98,ARK_66,MC_91,SR_98,,early_late_mixed,gap_early_late_mixed_hard_case,0,32,2,differential,1,"[{""classification"": ""ambiguity"", ""elapsed"": 64.41014030575752, ""first_result"": ""sat"", ""first_timeout_ms"": 60000, ""query_count"": 32, ""second_result"": ""sat"", ""second_timeout_ms"": 300000, ""z3_reason_unknown"": """"}]",sat,sat,0.0035742614418268204,62.529883252456784,edf43a9a19e4a3f3bf1eec668bd00cf6,edf43a9a19e4a3f3bf1eec668bd00cf6,7497ed4507022084bff7c05f8dd09a12,True,sat,False,False,False,,"{""0"": ""free"", ""1"": ""free"", ""10"": ""free"", ""11"": ""free"", ""12"": ""free"", ""13"": ""fixed"", ""14"": ""free"", ""15"": ""free"", ""2"": ""free"", ""3"": ""free"", ""4"": ""free"", ""5"": ""free"", ""6"": ""free"", ""7"": ""free"", ""8"": ""fixed"", ""9"": ""free""}","{""0"": ""free"", ""1"": ""free"", ""2"": ""free"", ""3"": ""free""}","[8, 13]","[0, 1, 2, 3, 4, 5, 6, 7, 9, 10, 11, 12, 14, 15]",[],False,ambiguity,False,uf_axiom,
3bit_gap_mixed__ARK_78__MC_64__SR_87,ARK_78,MC_64,SR_87,,early_late_mixed,gap_early_late_mixed_hard_case,0,32,2,differential,1,"[{""classification"": ""ambiguity"", ""elapsed"": 64.77557878941298, ""first_result"": ""sat"", ""first_timeout_ms"": 60000, ""query_count"": 32, ""second_result"": ""sat"", ""second_timeout_ms"": 300000, ""z3_reason_unknown"": """"}]",sat,sat,0.003099655732512474,34.09369549155235,edf43a9a19e4a3f3bf1eec668bd00cf6,edf43a9a19e4a3f3bf1eec668bd00cf6,6c003a753ea3830ebfb07d2671d09e09,True,sat,False,False,False,,"{""0"": ""free"", ""1"": ""free"", ""10"": ""free"", ""11"": ""free"", ""12"": ""free"", ""13"": ""unknown"", ""14"": ""free"", ""15"": ""free"", ""2"": ""unknown"", ""3"": ""free"", ""4"": ""free"", ""5"": ""free"", ""6"": ""free"", ""7"": ""free"", ""8"": ""unknown"", ""9"": ""free""}","{""0"": ""free"", ""1"": ""free"", ""2"": ""free"", ""3"": ""free""}",[],"[0, 1, 3, 4, 5, 6, 7, 9, 10, 11, 12, 14, 15]","[2, 8, 13]",False,ambiguity,False,uf_axiom,
3bit_gap_mixed__ARK_121__ARK_99__SR_102,ARK_121,ARK_99,SR_102,,early_late_mixed,gap_early_late_mixed_hard_case,0,32,2,differential,1,"[{""classification"": ""ambiguity"", ""elapsed"": 65.51407835446298, ""first_result"": ""sat"", ""first_timeout_ms"": 60000, ""query_count"": 32, ""second_result"": ""sat"", ""second_timeout_ms"": 300000, ""z3_reason_unknown"": """"}]",sat,sat,0.0025983862578868866,51.982899103313684,edf43a9a19e4a3f3bf1eec668bd00cf6,edf43a9a19e4a3f3bf1eec668bd00cf6,2af42863940ea34215beb5668b967683,True,sat,False,False,False,,"{""0"": ""free"", ""1"": ""fixed"", ""10"": ""free"", ""11"": ""fixed"", ""12"": ""fixed"", ""13"": ""free"", ""14"": ""free"", ""15"": ""free"", ""2"": ""free"", ""3"": ""free"", ""4"": ""free"", ""5"": ""free"", ""6"": ""fixed"", ""7"": ""free"", ""8"": ""free"", ""9"": ""free""}","{""0"": ""free"", ""1"": ""free"", ""2"": ""free"", ""3"": ""free""}","[1, 6, 11, 12]","[0, 2, 3, 4, 5, 7, 8, 9, 10, 13, 14, 15]",[],False,ambiguity,False,uf_axiom,
3bit_gap_mixed__ARK_122__MC_127__SR_13,ARK_122,MC_127,SR_13,,early_late_mixed,gap_early_late_mixed_hard_case,0,32,2,differential,1,"[{""classification"": ""ambiguity"", ""elapsed"": 66.83970439247787, ""first_result"": ""sat"", ""first_timeout_ms"": 60000, ""query_count"": 32, ""second_result"": ""sat"", ""second_timeout_ms"": 300000, ""z3_reason_unknown"": """"}]",sat,sat,0.002004779875278473,51.55856986530125,edf43a9a19e4a3f3bf1eec668bd00cf6,edf43a9a19e4a3f3bf1eec668bd00cf6,807b6f056c76a3366aa7eb668b30092c,True,sat,False,False,False,,"{""0"": ""free"", ""1"": ""free"", ""10"": ""free"", ""11"": ""fixed"", ""12"": ""fixed"", ""13"": ""free"", ""14"": ""free"", ""15"": ""free"", ""2"": ""free"", ""3"": ""free"", ""4"": ""free"", ""5"": ""free"", ""6"": ""fixed"", ""7"": ""free"", ""8"": ""free"", ""9"": ""free""}","{""0"": ""free"", ""1"": ""free"", ""2"": ""free"", ""3"": ""free""}","[6, 11, 12]","[0, 1, 2, 3, 4, 5, 7, 8, 9, 10, 13, 14, 15]",[],False,ambiguity,False,uf_axiom,
3bit_gap_mixed__ARK_38__SB_117__SB_28,ARK_38,SB_117,SB_28,,early_late_mixed,gap_early_late_mixed_hard_case,1,32,2,differential,1,"[{""classification"": ""ambiguity"", ""elapsed"": 67.19816281273961, ""first_result"": ""sat"", ""first_timeout_ms"": 60000, ""query_count"": 32, ""second_result"": ""sat"", ""second_timeout_ms"": 300000, ""z3_reason_unknown"": """"}]",sat,sat,0.0028932001441717148,66.46517545729876,99107579bc3c2c3b0d7a8a6fd1573606,99107579bc3c2c3b0d7a8a6fd1573606,6d1e704cc2330127bc58822ef1766368,True,sat,False,False,False,,"{""0"": ""free"", ""1"": ""free"", ""10"": ""free"", ""11"": ""free"", ""12"": ""free"", ""13"": ""free"", ""14"": ""free"", ""15"": ""free"", ""2"": ""free"", ""3"": ""free"", ""4"": ""free"", ""5"": ""free"", ""6"": ""free"", ""7"": ""free"", ""8"": ""free"", ""9"": ""free""}","{""0"": ""free"", ""1"": ""free"", ""2"": ""free"", ""3"": ""free""}",[],"[0, 1, 2, 3, 4, 5, 6, 7, 8, 9, 10, 11, 12, 13, 14, 15]",[],False,ambiguity,False,uf_axiom,
3bit_gap_mixed__ARK_68__MC_78__SB_93,ARK_68,MC_78,SB_93,,early_late_mixed,gap_early_late_mixed_hard_case,2,32,2,differential,1,"[{""classification"": ""ambiguity"", ""elapsed"": 69.76452597044408, ""first_result"": ""sat"", ""first_timeout_ms"": 60000, ""query_count"": 32, ""second_result"": ""sat"", ""second_timeout_ms"": 300000, ""z3_reason_unknown"": """"}]",sat,sat,0.003518812358379364,39.01401085220277,a66f651322597191ab9f8f8af4c2db61,a66f651322597191ab9f8f8af4c2db61,476065ceb51feb91ab9b730439e95df6,True,sat,False,False,False,,"{""0"": ""free"", ""1"": ""free"", ""10"": ""free"", ""11"": ""free"", ""12"": ""free"", ""13"": ""free"", ""14"": ""free"", ""15"": ""free"", ""2"": ""fixed"", ""3"": ""free"", ""4"": ""free"", ""5"": ""free"", ""6"": ""free"", ""7"": ""fixed"", ""8"": ""unknown"", ""9"": ""free""}","{""0"": ""free"", ""1"": ""free"", ""2"": ""free"", ""3"": ""free""}","[2, 7]","[0, 1, 3, 4, 5, 6, 9, 10, 11, 12, 13, 14, 15]",[8],False,ambiguity,False,uf_axiom,
3bit_gap_mixed__MC_71__MC_94__SB_59,MC_71,MC_94,SB_59,,early_late_mixed,gap_early_late_mixed_hard_case,2,32,2,differential,1,"[{""classification"": ""ambiguity"", ""elapsed"": 38.37341193668544, ""first_result"": ""sat"", ""first_timeout_ms"": 60000, ""query_count"": 32, ""second_result"": ""sat"", ""second_timeout_ms"": 300000, ""z3_reason_unknown"": """"}]",sat,sat,0.0017884355038404465,13.316267719492316,a66f651322597191ab9f8f8af4c2db61,a66f651322597191ab9f8f8af4c2db61,377765337880fc9127fccbbaeac29768,True,sat,False,False,False,,"{""0"": ""free"", ""1"": ""free"", ""10"": ""free"", ""11"": ""free"", ""12"": ""free"", ""13"": ""fixed"", ""14"": ""free"", ""15"": ""free"", ""2"": ""fixed"", ""3"": ""free"", ""4"": ""free"", ""5"": ""free"", ""6"": ""free"", ""7"": ""fixed"", ""8"": ""free"", ""9"": ""free""}","{""0"": ""free"", ""1"": ""free"", ""2"": ""free"", ""3"": ""free""}","[2, 7, 13]","[0, 1, 3, 4, 5, 6, 8, 9, 10, 11, 12, 14, 15]",[],False,ambiguity,False,uf_axiom,
3bit_gap_mixed__ARK_75__SB_88__SR_9,ARK_75,SB_88,SR_9,,early_late_mixed,gap_early_late_mixed_hard_case,2,32,2,differential,1,"[{""classification"": ""ambiguity"", ""elapsed"": 73.27904569916427, ""first_result"": ""sat"", ""first_timeout_ms"": 60000, ""query_count"": 32, ""second_result"": ""sat"", ""second_timeout_ms"": 300000, ""z3_reason_unknown"": """"}]",sat,sat,0.0024576187133789062,72.8143695294857,a66f651322597191ab9f8f8af4c2db61,a66f651322597191ab9f8f8af4c2db61,e6cdc7a084849d48a93da6a7673a7230,True,sat,False,False,False,,"{""0"": ""free"", ""1"": ""free"", ""10"": ""free"", ""11"": ""free"", ""12"": ""free"", ""13"": ""free"", ""14"": ""free"", ""15"": ""free"", ""2"": ""free"", ""3"": ""free"", ""4"": ""free"", ""5"": ""free"", ""6"": ""free"", ""7"": ""free"", ""8"": ""free"", ""9"": ""free""}","{""0"": ""free"", ""1"": ""free"", ""2"": ""free"", ""3"": ""free""}",[],"[0, 1, 2, 3, 4, 5, 6, 7, 8, 9, 10, 11, 12, 13, 14, 15]",[],False,ambiguity,False,uf_axiom,
3bit_gap_mixed__ARK_38__SB_117__SB_28,ARK_38,SB_117,SB_28,,early_late_mixed,gap_early_late_mixed_hard_case,0,32,2,differential,1,"[{""classification"": ""ambiguity"", ""elapsed"": 75.21745199151337, ""first_result"": ""sat"", ""first_timeout_ms"": 60000, ""query_count"": 32, ""second_result"": ""sat"", ""second_timeout_ms"": 300000, ""z3_reason_unknown"": """"}]",sat,sat,0.0029056761413812637,74.51520457305014,edf43a9a19e4a3f3bf1eec668bd00cf6,edf43a9a19e4a3f3bf1eec668bd00cf6,3e5d91e01b130a010752d17751d69b17,True,sat,False,False,False,,"{""0"": ""free"", ""1"": ""free"", ""10"": ""free"", ""11"": ""free"", ""12"": ""free"", ""13"": ""free"", ""14"": ""free"", ""15"": ""free"", ""2"": ""free"", ""3"": ""free"", ""4"": ""free"", ""5"": ""free"", ""6"": ""free"", ""7"": ""free"", ""8"": ""free"", ""9"": ""free""}","{""0"": ""free"", ""1"": ""free"", ""2"": ""free"", ""3"": ""free""}",[],"[0, 1, 2, 3, 4, 5, 6, 7, 8, 9, 10, 11, 12, 13, 14, 15]",[],False,ambiguity,False,uf_axiom,
3bit_gap_mixed__ARK_38__SB_117__SB_28,ARK_38,SB_117,SB_28,,early_late_mixed,gap_early_late_mixed_hard_case,2,32,2,differential,1,"[{""classification"": ""ambiguity"", ""elapsed"": 78.07175926491618, ""first_result"": ""sat"", ""first_timeout_ms"": 60000, ""query_count"": 32, ""second_result"": ""sat"", ""second_timeout_ms"": 300000, ""z3_reason_unknown"": """"}]",sat,sat,0.0019385777413845062,47.616166489198804,a66f651322597191ab9f8f8af4c2db61,a66f651322597191ab9f8f8af4c2db61,33926513b7137869f8aada07bb0267d4,True,sat,False,False,False,,"{""0"": ""free"", ""1"": ""free"", ""10"": ""free"", ""11"": ""free"", ""12"": ""free"", ""13"": ""free"", ""14"": ""free"", ""15"": ""free"", ""2"": ""unknown"", ""3"": ""unknown"", ""4"": ""free"", ""5"": ""free"", ""6"": ""free"", ""7"": ""free"", ""8"": ""free"", ""9"": ""free""}","{""0"": ""free"", ""1"": ""free"", ""2"": ""free"", ""3"": ""free""}",[],"[0, 1, 4, 5, 6, 7, 8, 9, 10, 11, 12, 13, 14, 15]","[2, 3]",False,ambiguity,False,uf_axiom,
3bit_gap_mixed__ARK_36__ARK_48__SR_55,ARK_36,ARK_48,SR_55,,early_late_mixed,gap_early_late_mixed_hard_case,1,32,2,differential,1,"[{""classification"": ""ambiguity"", ""elapsed"": 80.32476847246289, ""first_result"": ""sat"", ""first_timeout_ms"": 60000, ""query_count"": 32, ""second_result"": ""sat"", ""second_timeout_ms"": 300000, ""z3_reason_unknown"": """"}]",sat,sat,0.0020112283527851105,49.64214566349983,99107579bc3c2c3b0d7a8a6fd1573606,99107579bc3c2c3b0d7a8a6fd1573606,8f235010bc5560d2807af1db282e362d,True,sat,False,False,False,,"{""0"": ""free"", ""1"": ""free"", ""10"": ""free"", ""11"": ""free"", ""12"": ""free"", ""13"": ""free"", ""14"": ""unknown"", ""15"": ""free"", ""2"": ""free"", ""3"": ""free"", ""4"": ""unknown"", ""5"": ""free"", ""6"": ""free"", ""7"": ""free"", ""8"": ""free"", ""9"": ""unknown""}","{""0"": ""free"", ""1"": ""free"", ""2"": ""free"", ""3"": ""free""}",[],"[0, 1, 2, 3, 5, 6, 7, 8, 10, 11, 12, 13, 15]","[4, 9, 14]",False,ambiguity,False,uf_axiom,
3bit_gap_mixed__MC_64__SR_109__SR_125,MC_64,SR_109,SR_125,,early_late_mixed,gap_early_late_mixed_hard_case,2,32,2,differential,1,"[{""classification"": ""ambiguity"", ""elapsed"": 84.98101722076535, ""first_result"": ""sat"", ""first_timeout_ms"": 60000, ""query_count"": 32, ""second_result"": ""sat"", ""second_timeout_ms"": 300000, ""z3_reason_unknown"": """"}]",sat,sat,0.0034499019384384155,84.35113167017698,a66f651322597191ab9f8f8af4c2db61,a66f651322597191ab9f8f8af4c2db61,c7086c6030ce64567420970a974ce104,True,sat,False,False,False,,"{""0"": ""free"", ""1"": ""free"", ""10"": ""free"", ""11"": ""free"", ""12"": ""free"", ""13"": ""free"", ""14"": ""free"", ""15"": ""free"", ""2"": ""free"", ""3"": ""free"", ""4"": ""free"", ""5"": ""free"", ""6"": ""free"", ""7"": ""free"", ""8"": ""free"", ""9"": ""free""}","{""0"": ""free"", ""1"": ""free"", ""2"": ""free"", ""3"": ""free""}",[],"[0, 1, 2, 3, 4, 5, 6, 7, 8, 9, 10, 11, 12, 13, 14, 15]",[],False,ambiguity,False,uf_axiom,
3bit_gap_mixed__MC_64__SR_109__SR_125,MC_64,SR_109,SR_125,,early_late_mixed,gap_early_late_mixed_hard_case,1,32,2,differential,1,"[{""classification"": ""ambiguity"", ""elapsed"": 89.53371918387711, ""first_result"": ""sat"", ""first_timeout_ms"": 60000, ""query_count"": 32, ""second_result"": ""sat"", ""second_timeout_ms"": 300000, ""z3_reason_unknown"": """"}]",sat,sat,0.0033073797821998596,88.84753676317632,99107579bc3c2c3b0d7a8a6fd1573606,99107579bc3c2c3b0d7a8a6fd1573606,4408a3e0e84c3b4494006f814674aaff,True,sat,False,False,False,,"{""0"": ""free"", ""1"": ""free"", ""10"": ""free"", ""11"": ""free"", ""12"": ""free"", ""13"": ""free"", ""14"": ""free"", ""15"": ""free"", ""2"": ""free"", ""3"": ""free"", ""4"": ""free"", ""5"": ""free"", ""6"": ""free"", ""7"": ""free"", ""8"": ""free"", ""9"": ""free""}","{""0"": ""free"", ""1"": ""free"", ""2"": ""free"", ""3"": ""free""}",[],"[0, 1, 2, 3, 4, 5, 6, 7, 8, 9, 10, 11, 12, 13, 14, 15]",[],False,ambiguity,False,uf_axiom,
3bit_gap_mixed__ARK_59__SB_106__SR_64,ARK_59,SB_106,SR_64,,early_late_mixed,gap_early_late_mixed_hard_case,2,32,2,differential,1,"[{""classification"": ""ambiguity"", ""elapsed"": 89.9585227444768, ""first_result"": ""sat"", ""first_timeout_ms"": 60000, ""query_count"": 32, ""second_result"": ""sat"", ""second_timeout_ms"": 300000, ""z3_reason_unknown"": """"}]",sat,sat,0.00237366184592247,89.40740032680333,a66f651322597191ab9f8f8af4c2db61,a66f651322597191ab9f8f8af4c2db61,2245bb722680f1ae0e6a5e887250a6e6,True,sat,False,False,False,,"{""0"": ""free"", ""1"": ""free"", ""10"": ""free"", ""11"": ""free"", ""12"": ""free"", ""13"": ""free"", ""14"": ""free"", ""15"": ""free"", ""2"": ""free"", ""3"": ""free"", ""4"": ""free"", ""5"": ""free"", ""6"": ""free"", ""7"": ""free"", ""8"": ""free"", ""9"": ""free""}","{""0"": ""free"", ""1"": ""free"", ""2"": ""free"", ""3"": ""free""}",[],"[0, 1, 2, 3, 4, 5, 6, 7, 8, 9, 10, 11, 12, 13, 14, 15]",[],False,ambiguity,False,uf_axiom,
3bit_gap_mixed__MC_123__SB_5__SR_12,MC_123,SB_5,SR_12,,early_late_mixed,gap_early_late_mixed_hard_case,1,32,2,differential,1,"[{""classification"": ""ambiguity"", ""elapsed"": 90.42217780463398, ""first_result"": ""sat"", ""first_timeout_ms"": 60000, ""query_count"": 32, ""second_result"": ""sat"", ""second_timeout_ms"": 300000, ""z3_reason_unknown"": """"}]",sat,sat,0.002373667433857918,59.96235376596451,99107579bc3c2c3b0d7a8a6fd1573606,99107579bc3c2c3b0d7a8a6fd1573606,08f84b6c303bd0000c99286f020a87fe,True,sat,False,False,False,,"{""0"": ""free"", ""1"": ""free"", ""10"": ""free"", ""11"": ""unknown"", ""12"": ""free"", ""13"": ""free"", ""14"": ""free"", ""15"": ""free"", ""2"": ""free"", ""3"": ""free"", ""4"": ""free"", ""5"": ""free"", ""6"": ""free"", ""7"": ""free"", ""8"": ""free"", ""9"": ""free""}","{""0"": ""free"", ""1"": ""free"", ""2"": ""free"", ""3"": ""free""}",[],"[0, 1, 2, 3, 4, 5, 6, 7, 8, 9, 10, 12, 13, 14, 15]",[11],False,ambiguity,False,uf_axiom,
3bit_gap_mixed__ARK_20__SB_58__SR_98,ARK_20,SB_58,SR_98,,early_late_mixed,gap_early_late_mixed_hard_case,2,32,2,differential,1,"[{""classification"": ""ambiguity"", ""elapsed"": 94.20380741544068, ""first_result"": ""sat"", ""first_timeout_ms"": 60000, ""query_count"": 32, ""second_result"": ""sat"", ""second_timeout_ms"": 300000, ""z3_reason_unknown"": """"}]",sat,sat,0.003725821152329445,63.49582589045167,a66f651322597191ab9f8f8af4c2db61,a66f651322597191ab9f8f8af4c2db61,d3b908b6e5591e093ebb28a4ab9102c8,True,sat,False,False,False,,"{""0"": ""free"", ""1"": ""free"", ""10"": ""free"", ""11"": ""free"", ""12"": ""free"", ""13"": ""free"", ""14"": ""free"", ""15"": ""free"", ""2"": ""free"", ""3"": ""free"", ""4"": ""free"", ""5"": ""unknown"", ""6"": ""free"", ""7"": ""free"", ""8"": ""free"", ""9"": ""free""}","{""0"": ""free"", ""1"": ""free"", ""2"": ""free"", ""3"": ""free""}",[],"[0, 1, 2, 3, 4, 6, 7, 8, 9, 10, 11, 12, 13, 14, 15]",[5],False,ambiguity,False,uf_axiom,
3bit_gap_mixed__ARK_99__SR_124__SR_24,ARK_99,SR_124,SR_24,,early_late_mixed,gap_early_late_mixed_hard_case,1,32,2,differential,1,"[{""classification"": ""ambiguity"", ""elapsed"": 101.72576286457479, ""first_result"": ""sat"", ""first_timeout_ms"": 60000, ""query_count"": 32, ""second_result"": ""sat"", ""second_timeout_ms"": 300000, ""z3_reason_unknown"": """"}]",sat,sat,0.003544813022017479,71.07453810982406,99107579bc3c2c3b0d7a8a6fd1573606,99107579bc3c2c3b0d7a8a6fd1573606,083517f34a446200601d2d6f3b2691e6,True,sat,False,False,False,,"{""0"": ""free"", ""1"": ""free"", ""10"": ""free"", ""11"": ""unknown"", ""12"": ""free"", ""13"": ""free"", ""14"": ""free"", ""15"": ""free"", ""2"": ""free"", ""3"": ""free"", ""4"": ""free"", ""5"": ""free"", ""6"": ""free"", ""7"": ""free"", ""8"": ""free"", ""9"": ""free""}","{""0"": ""free"", ""1"": ""free"", ""2"": ""free"", ""3"": ""free""}",[],"[0, 1, 2, 3, 4, 5, 6, 7, 8, 9, 10, 12, 13, 14, 15]",[11],False,ambiguity,False,uf_axiom,
3bit_gap_mixed__ARK_68__MC_78__SB_93,ARK_68,MC_78,SB_93,,early_late_mixed,gap_early_late_mixed_hard_case,0,32,2,differential,1,"[{""classification"": ""ambiguity"", ""elapsed"": 102.41986537910998, ""first_result"": ""sat"", ""first_timeout_ms"": 60000, ""query_count"": 32, ""second_result"": ""sat"", ""second_timeout_ms"": 300000, ""z3_reason_unknown"": """"}]",sat,sat,0.0036624837666749954,71.66467778757215,edf43a9a19e4a3f3bf1eec668bd00cf6,edf43a9a19e4a3f3bf1eec668bd00cf6,9840c6ec3eb3fe05bf89a26668d034ba,True,sat,False,False,False,,"{""0"": ""free"", ""1"": ""free"", ""10"": ""free"", ""11"": ""unknown"", ""12"": ""free"", ""13"": ""unknown"", ""14"": ""free"", ""15"": ""free"", ""2"": ""free"", ""3"": ""free"", ""4"": ""free"", ""5"": ""free"", ""6"": ""free"", ""7"": ""free"", ""8"": ""fixed"", ""9"": ""free""}","{""0"": ""free"", ""1"": ""free"", ""2"": ""free"", ""3"": ""free""}",[8],"[0, 1, 2, 3, 4, 5, 6, 7, 9, 10, 12, 14, 15]","[11, 13]",False,ambiguity,False,uf_axiom,
3bit_gap_mixed__MC_22__SB_23__SR_4,MC_22,SB_23,SR_4,,early_late_mixed,gap_early_late_mixed_hard_case,1,32,2,differential,1,"[{""classification"": ""ambiguity"", ""elapsed"": 103.90752516500652, ""first_result"": ""sat"", ""first_timeout_ms"": 60000, ""query_count"": 32, ""second_result"": ""sat"", ""second_timeout_ms"": 300000, ""z3_reason_unknown"": """"}]",sat,sat,0.0030562151223421097,103.21704225055873,99107579bc3c2c3b0d7a8a6fd1573606,99107579bc3c2c3b0d7a8a6fd1573606,9ed604bb8108853adc8571561c541405,True,sat,False,False,False,,"{""0"": ""free"", ""1"": ""free"", ""10"": ""free"", ""11"": ""free"", ""12"": ""free"", ""13"": ""free"", ""14"": ""free"", ""15"": ""free"", ""2"": ""free"", ""3"": ""free"", ""4"": ""free"", ""5"": ""free"", ""6"": ""free"", ""7"": ""free"", ""8"": ""free"", ""9"": ""free""}","{""0"": ""free"", ""1"": ""free"", ""2"": ""free"", ""3"": ""free""}",[],"[0, 1, 2, 3, 4, 5, 6, 7, 8, 9, 10, 11, 12, 13, 14, 15]",[],False,ambiguity,False,uf_axiom,
3bit_gap_mixed__ARK_18__SR_33__SR_75,ARK_18,SR_33,SR_75,,early_late_mixed,gap_early_late_mixed_hard_case,2,32,2,differential,1,"[{""classification"": ""ambiguity"", ""elapsed"": 104.19750536419451, ""first_result"": ""sat"", ""first_timeout_ms"": 60000, ""query_count"": 32, ""second_result"": ""sat"", ""second_timeout_ms"": 300000, ""z3_reason_unknown"": """"}]",sat,sat,0.00227966345846653,103.51041540876031,a66f651322597191ab9f8f8af4c2db61,a66f651322597191ab9f8f8af4c2db61,80a7dac183038cb3e5f111ee5fbf06d5,True,sat,False,False,False,,"{""0"": ""free"", ""1"": ""free"", ""10"": ""free"", ""11"": ""free"", ""12"": ""free"", ""13"": ""free"", ""14"": ""free"", ""15"": ""free"", ""2"": ""free"", ""3"": ""free"", ""4"": ""free"", ""5"": ""free"", ""6"": ""free"", ""7"": ""free"", ""8"": ""free"", ""9"": ""free""}","{""0"": ""free"", ""1"": ""free"", ""2"": ""free"", ""3"": ""free""}",[],"[0, 1, 2, 3, 4, 5, 6, 7, 8, 9, 10, 11, 12, 13, 14, 15]",[],False,ambiguity,False,uf_axiom,
3bit_gap_mixed__ARK_101__MC_110__SR_33,ARK_101,MC_110,SR_33,,early_late_mixed,gap_early_late_mixed_hard_case,0,32,2,differential,1,"[{""classification"": ""ambiguity"", ""elapsed"": 106.03210333921015, ""first_result"": ""sat"", ""first_timeout_ms"": 60000, ""query_count"": 32, ""second_result"": ""sat"", ""second_timeout_ms"": 300000, ""z3_reason_unknown"": """"}]",sat,sat,0.003081534057855606,75.30526828952134,edf43a9a19e4a3f3bf1eec668bd00cf6,edf43a9a19e4a3f3bf1eec668bd00cf6,d6a400df2d19a3e061c698668b47361d,True,sat,False,False,False,,"{""0"": ""free"", ""1"": ""free"", ""10"": ""free"", ""11"": ""unknown"", ""12"": ""unknown"", ""13"": ""free"", ""14"": ""free"", ""15"": ""free"", ""2"": ""free"", ""3"": ""free"", ""4"": ""free"", ""5"": ""free"", ""6"": ""unknown"", ""7"": ""free"", ""8"": ""free"", ""9"": ""free""}","{""0"": ""free"", ""1"": ""free"", ""2"": ""free"", ""3"": ""free""}",[],"[0, 1, 2, 3, 4, 5, 7, 8, 9, 10, 13, 14, 15]","[6, 11, 12]",False,ambiguity,False,uf_axiom,
3bit_gap_mixed__ARK_36__ARK_48__SR_55,ARK_36,ARK_48,SR_55,,early_late_mixed,gap_early_late_mixed_hard_case,0,32,2,differential,1,"[{""classification"": ""ambiguity"", ""elapsed"": 107.60279107838869, ""first_result"": ""sat"", ""first_timeout_ms"": 60000, ""query_count"": 32, ""second_result"": ""sat"", ""second_timeout_ms"": 300000, ""z3_reason_unknown"": """"}]",sat,sat,0.003145035356283188,107.0373444892466,edf43a9a19e4a3f3bf1eec668bd00cf6,edf43a9a19e4a3f3bf1eec668bd00cf6,db5104198cf2125f15edb0eb4455b8f2,True,sat,False,False,False,,"{""0"": ""free"", ""1"": ""free"", ""10"": ""free"", ""11"": ""free"", ""12"": ""free"", ""13"": ""free"", ""14"": ""free"", ""15"": ""free"", ""2"": ""free"", ""3"": ""free"", ""4"": ""free"", ""5"": ""free"", ""6"": ""free"", ""7"": ""free"", ""8"": ""free"", ""9"": ""free""}","{""0"": ""free"", ""1"": ""free"", ""2"": ""free"", ""3"": ""free""}",[],"[0, 1, 2, 3, 4, 5, 6, 7, 8, 9, 10, 11, 12, 13, 14, 15]",[],False,ambiguity,False,uf_axiom,
3bit_gap_mixed__ARK_18__SR_33__SR_75,ARK_18,SR_33,SR_75,,early_late_mixed,gap_early_late_mixed_hard_case,1,32,2,differential,1,"[{""classification"": ""ambiguity"", ""elapsed"": 108.26782029122114, ""first_result"": ""sat"", ""first_timeout_ms"": 60000, ""query_count"": 32, ""second_result"": ""sat"", ""second_timeout_ms"": 300000, ""z3_reason_unknown"": """"}]",sat,sat,0.002517564222216606,107.8021260779351,99107579bc3c2c3b0d7a8a6fd1573606,99107579bc3c2c3b0d7a8a6fd1573606,1d3659aa0025172a2f9af754891ac880,True,sat,False,False,False,,"{""0"": ""free"", ""1"": ""free"", ""10"": ""free"", ""11"": ""free"", ""12"": ""free"", ""13"": ""free"", ""14"": ""free"", ""15"": ""free"", ""2"": ""free"", ""3"": ""free"", ""4"": ""free"", ""5"": ""free"", ""6"": ""free"", ""7"": ""free"", ""8"": ""free"", ""9"": ""free""}","{""0"": ""free"", ""1"": ""free"", ""2"": ""free"", ""3"": ""free""}",[],"[0, 1, 2, 3, 4, 5, 6, 7, 8, 9, 10, 11, 12, 13, 14, 15]",[],False,ambiguity,False,uf_axiom,
3bit_gap_mixed__ARK_24__MC_34__SB_27,ARK_24,MC_34,SB_27,,early_late_mixed,gap_early_late_mixed_hard_case,0,32,2,differential,1,"[{""classification"": ""ambiguity"", ""elapsed"": 111.71707187965512, ""first_result"": ""sat"", ""first_timeout_ms"": 60000, ""query_count"": 32, ""second_result"": ""sat"", ""second_timeout_ms"": 300000, ""z3_reason_unknown"": """"}]",sat,sat,0.0030706487596035004,111.26872915774584,edf43a9a19e4a3f3bf1eec668bd00cf6,edf43a9a19e4a3f3bf1eec668bd00cf6,91fedc69ca49a4d69548a14fe5b6f098,True,sat,False,False,False,,"{""0"": ""free"", ""1"": ""free"", ""10"": ""free"", ""11"": ""free"", ""12"": ""free"", ""13"": ""free"", ""14"": ""free"", ""15"": ""free"", ""2"": ""free"", ""3"": ""free"", ""4"": ""free"", ""5"": ""free"", ""6"": ""free"", ""7"": ""free"", ""8"": ""free"", ""9"": ""free""}","{""0"": ""free"", ""1"": ""free"", ""2"": ""free"", ""3"": ""free""}",[],"[0, 1, 2, 3, 4, 5, 6, 7, 8, 9, 10, 11, 12, 13, 14, 15]",[],False,ambiguity,False,uf_axiom,
3bit_gap_mixed__ARK_96__SB_50__SR_58,ARK_96,SB_50,SR_58,,early_late_mixed,gap_early_late_mixed_hard_case,2,32,2,differential,1,"[{""classification"": ""ambiguity"", ""elapsed"": 114.28676066920161, ""first_result"": ""sat"", ""first_timeout_ms"": 60000, ""query_count"": 32, ""second_result"": ""sat"", ""second_timeout_ms"": 300000, ""z3_reason_unknown"": """"}]",sat,sat,0.003225153312087059,83.6068255752325,a66f651322597191ab9f8f8af4c2db61,a66f651322597191ab9f8f8af4c2db61,a62b62c69a2bc8846c8cc312ea432090,True,sat,False,False,False,,"{""0"": ""unknown"", ""1"": ""free"", ""10"": ""free"", ""11"": ""free"", ""12"": ""free"", ""13"": ""free"", ""14"": ""free"", ""15"": ""free"", ""2"": ""free"", ""3"": ""free"", ""4"": ""free"", ""5"": ""free"", ""6"": ""free"", ""7"": ""free"", ""8"": ""free"", ""9"": ""free""}","{""0"": ""free"", ""1"": ""free"", ""2"": ""free"", ""3"": ""free""}",[],"[1, 2, 3, 4, 5, 6, 7, 8, 9, 10, 11, 12, 13, 14, 15]",[0],False,ambiguity,False,uf_axiom,
3bit_gap_mixed__ARK_34__SB_106__SB_115,ARK_34,SB_106,SB_115,,early_late_mixed,gap_early_late_mixed_hard_case,1,32,2,differential,1,"[{""classification"": ""ambiguity"", ""elapsed"": 120.45263714529574, ""first_result"": ""sat"", ""first_timeout_ms"": 60000, ""query_count"": 32, ""second_result"": ""sat"", ""second_timeout_ms"": 300000, ""z3_reason_unknown"": """"}]",sat,sat,0.0017913766205310822,120.01007871329784,99107579bc3c2c3b0d7a8a6fd1573606,99107579bc3c2c3b0d7a8a6fd1573606,059eca6afbb090455c52b4f50a90975b,True,sat,False,False,False,,"{""0"": ""free"", ""1"": ""free"", ""10"": ""free"", ""11"": ""free"", ""12"": ""free"", ""13"": ""free"", ""14"": ""free"", ""15"": ""free"", ""2"": ""free"", ""3"": ""free"", ""4"": ""free"", ""5"": ""free"", ""6"": ""free"", ""7"": ""free"", ""8"": ""free"", ""9"": ""free""}","{""0"": ""free"", ""1"": ""free"", ""2"": ""free"", ""3"": ""free""}",[],"[0, 1, 2, 3, 4, 5, 6, 7, 8, 9, 10, 11, 12, 13, 14, 15]",[],False,ambiguity,False,uf_axiom,
3bit_gap_mixed__MC_123__SB_5__SR_12,MC_123,SB_5,SR_12,,early_late_mixed,gap_early_late_mixed_hard_case,0,32,2,differential,1,"[{""classification"": ""ambiguity"", ""elapsed"": 126.89086052775383, ""first_result"": ""sat"", ""first_timeout_ms"": 60000, ""query_count"": 32, ""second_result"": ""sat"", ""second_timeout_ms"": 300000, ""z3_reason_unknown"": """"}]",sat,sat,0.0034838560968637466,126.21003155596554,edf43a9a19e4a3f3bf1eec668bd00cf6,edf43a9a19e4a3f3bf1eec668bd00cf6,a140d6c5a29c3083c800214cb8d3b3fa,True,sat,False,False,False,,"{""0"": ""free"", ""1"": ""free"", ""10"": ""free"", ""11"": ""free"", ""12"": ""free"", ""13"": ""free"", ""14"": ""free"", ""15"": ""free"", ""2"": ""free"", ""3"": ""free"", ""4"": ""free"", ""5"": ""free"", ""6"": ""free"", ""7"": ""free"", ""8"": ""free"", ""9"": ""free""}","{""0"": ""free"", ""1"": ""free"", ""2"": ""free"", ""3"": ""free""}",[],"[0, 1, 2, 3, 4, 5, 6, 7, 8, 9, 10, 11, 12, 13, 14, 15]",[],False,ambiguity,False,uf_axiom,
3bit_gap_mixed__ARK_66__MC_91__SR_98,ARK_66,MC_91,SR_98,,early_late_mixed,gap_early_late_mixed_hard_case,2,32,2,differential,1,"[{""classification"": ""ambiguity"", ""elapsed"": 127.47447776794434, ""first_result"": ""sat"", ""first_timeout_ms"": 60000, ""query_count"": 32, ""second_result"": ""sat"", ""second_timeout_ms"": 300000, ""z3_reason_unknown"": """"}]",sat,sat,0.00325646810233593,96.82091471366584,a66f651322597191ab9f8f8af4c2db61,a66f651322597191ab9f8f8af4c2db61,bcb1656c586e5291abe5dffcab2f29b4,True,sat,False,False,False,,"{""0"": ""free"", ""1"": ""free"", ""10"": ""free"", ""11"": ""free"", ""12"": ""free"", ""13"": ""free"", ""14"": ""free"", ""15"": ""free"", ""2"": ""fixed"", ""3"": ""free"", ""4"": ""free"", ""5"": ""free"", ""6"": ""free"", ""7"": ""fixed"", ""8"": ""unknown"", ""9"": ""free""}","{""0"": ""free"", ""1"": ""free"", ""2"": ""free"", ""3"": ""free""}","[2, 7]","[0, 1, 3, 4, 5, 6, 9, 10, 11, 12, 13, 14, 15]",[8],False,ambiguity,False,uf_axiom,
3bit_gap_mixed__ARK_122__MC_111__SB_5,ARK_122,MC_111,SB_5,,early_late_mixed,gap_early_late_mixed_hard_case,1,32,2,differential,1,"[{""classification"": ""ambiguity"", ""elapsed"": 128.92275192774832, ""first_result"": ""sat"", ""first_timeout_ms"": 60000, ""query_count"": 32, ""second_result"": ""sat"", ""second_timeout_ms"": 300000, ""z3_reason_unknown"": """"}]",sat,sat,0.0020776204764842987,116.68915557861328,99107579bc3c2c3b0d7a8a6fd1573606,99107579bc3c2c3b0d7a8a6fd1573606,54100fda85b15f609d00506fd19115a3,True,sat,False,False,False,,"{""0"": ""free"", ""1"": ""fixed"", ""10"": ""free"", ""11"": ""fixed"", ""12"": ""fixed"", ""13"": ""free"", ""14"": ""free"", ""15"": ""free"", ""2"": ""free"", ""3"": ""free"", ""4"": ""free"", ""5"": ""free"", ""6"": ""free"", ""7"": ""free"", ""8"": ""free"", ""9"": ""free""}","{""0"": ""free"", ""1"": ""free"", ""2"": ""free"", ""3"": ""free""}","[1, 11, 12]","[0, 2, 3, 4, 5, 6, 7, 8, 9, 10, 13, 14, 15]",[],False,ambiguity,False,uf_axiom,
3bit_gap_mixed__ARK_99__SR_124__SR_24,ARK_99,SR_124,SR_24,,early_late_mixed,gap_early_late_mixed_hard_case,0,32,2,differential,1,"[{""classification"": ""ambiguity"", ""elapsed"": 133.29322469048202, ""first_result"": ""sat"", ""first_timeout_ms"": 60000, ""query_count"": 32, ""second_result"": ""sat"", ""second_timeout_ms"": 300000, ""z3_reason_unknown"": """"}]",sat,sat,0.003695674240589142,132.54652877524495,edf43a9a19e4a3f3bf1eec668bd00cf6,edf43a9a19e4a3f3bf1eec668bd00cf6,4da047eb48b1d601802826806fd3e776,True,sat,False,False,False,,"{""0"": ""free"", ""1"": ""free"", ""10"": ""free"", ""11"": ""free"", ""12"": ""free"", ""13"": ""free"", ""14"": ""free"", ""15"": ""free"", ""2"": ""free"", ""3"": ""free"", ""4"": ""free"", ""5"": ""free"", ""6"": ""free"", ""7"": ""free"", ""8"": ""free"", ""9"": ""free""}","{""0"": ""free"", ""1"": ""free"", ""2"": ""free"", ""3"": ""free""}",[],"[0, 1, 2, 3, 4, 5, 6, 7, 8, 9, 10, 11, 12, 13, 14, 15]",[],False,ambiguity,False,uf_axiom,
3bit_gap_mixed__ARK_36__ARK_48__SR_55,ARK_36,ARK_48,SR_55,,early_late_mixed,gap_early_late_mixed_hard_case,2,32,2,differential,1,"[{""classification"": ""ambiguity"", ""elapsed"": 136.93955181911588, ""first_result"": ""sat"", ""first_timeout_ms"": 60000, ""query_count"": 32, ""second_result"": ""sat"", ""second_timeout_ms"": 300000, ""z3_reason_unknown"": """"}]",sat,sat,0.0030854158103466034,106.19666415452957,a66f651322597191ab9f8f8af4c2db61,a66f651322597191ab9f8f8af4c2db61,000b41b4226c4a08dfbf866bf22abf4a,True,sat,False,False,False,,"{""0"": ""free"", ""1"": ""free"", ""10"": ""free"", ""11"": ""free"", ""12"": ""free"", ""13"": ""free"", ""14"": ""free"", ""15"": ""free"", ""2"": ""free"", ""3"": ""free"", ""4"": ""unknown"", ""5"": ""free"", ""6"": ""free"", ""7"": ""free"", ""8"": ""free"", ""9"": ""free""}","{""0"": ""free"", ""1"": ""free"", ""2"": ""free"", ""3"": ""free""}",[],"[0, 1, 2, 3, 5, 6, 7, 8, 9, 10, 11, 12, 13, 14, 15]",[4],False,ambiguity,False,uf_axiom,
3bit_gap_mixed__MC_71__MC_94__SB_59,MC_71,MC_94,SB_59,,early_late_mixed,gap_early_late_mixed_hard_case,1,32,2,differential,1,"[{""classification"": ""ambiguity"", ""elapsed"": 113.29141207225621, ""first_result"": ""sat"", ""first_timeout_ms"": 60000, ""query_count"": 32, ""second_result"": ""sat"", ""second_timeout_ms"": 300000, ""z3_reason_unknown"": """"}]",sat,sat,0.0017694514244794846,112.757338963449,99107579bc3c2c3b0d7a8a6fd1573606,99107579bc3c2c3b0d7a8a6fd1573606,209a5f6a0cce86ea48d7ec5fa5ad2cd6,True,sat,False,False,False,,"{""0"": ""free"", ""1"": ""free"", ""10"": ""free"", ""11"": ""free"", ""12"": ""free"", ""13"": ""free"", ""14"": ""free"", ""15"": ""free"", ""2"": ""free"", ""3"": ""free"", ""4"": ""free"", ""5"": ""free"", ""6"": ""free"", ""7"": ""free"", ""8"": ""free"", ""9"": ""free""}","{""0"": ""free"", ""1"": ""free"", ""2"": ""free"", ""3"": ""free""}",[],"[0, 1, 2, 3, 4, 5, 6, 7, 8, 9, 10, 11, 12, 13, 14, 15]",[],False,ambiguity,False,uf_axiom,
3bit_gap_mixed__ARK_75__SB_88__SR_9,ARK_75,SB_88,SR_9,,early_late_mixed,gap_early_late_mixed_hard_case,1,32,2,differential,1,"[{""classification"": ""ambiguity"", ""elapsed"": 140.26559385843575, ""first_result"": ""sat"", ""first_timeout_ms"": 60000, ""query_count"": 32, ""second_result"": ""sat"", ""second_timeout_ms"": 300000, ""z3_reason_unknown"": """"}]",sat,sat,0.0022969599813222885,109.56408384628594,99107579bc3c2c3b0d7a8a6fd1573606,99107579bc3c2c3b0d7a8a6fd1573606,7f37c7c84660913354d15b6f1fca9b91,True,sat,False,False,False,,"{""0"": ""free"", ""1"": ""free"", ""10"": ""free"", ""11"": ""unknown"", ""12"": ""free"", ""13"": ""free"", ""14"": ""free"", ""15"": ""free"", ""2"": ""free"", ""3"": ""free"", ""4"": ""free"", ""5"": ""free"", ""6"": ""free"", ""7"": ""free"", ""8"": ""free"", ""9"": ""free""}","{""0"": ""free"", ""1"": ""free"", ""2"": ""free"", ""3"": ""free""}",[],"[0, 1, 2, 3, 4, 5, 6, 7, 8, 9, 10, 12, 13, 14, 15]",[11],False,ambiguity,False,uf_axiom,
3bit_gap_mixed__ARK_34__SB_106__SB_115,ARK_34,SB_106,SB_115,,early_late_mixed,gap_early_late_mixed_hard_case,0,32,2,differential,1,"[{""classification"": ""ambiguity"", ""elapsed"": 141.67710283957422, ""first_result"": ""sat"", ""first_timeout_ms"": 60000, ""query_count"": 32, ""second_result"": ""sat"", ""second_timeout_ms"": 300000, ""z3_reason_unknown"": """"}]",sat,sat,0.003479497507214546,141.06522066891193,edf43a9a19e4a3f3bf1eec668bd00cf6,edf43a9a19e4a3f3bf1eec668bd00cf6,604d9328b68a57cf6b3797248e12a8d1,True,sat,False,False,False,,"{""0"": ""free"", ""1"": ""free"", ""10"": ""free"", ""11"": ""free"", ""12"": ""free"", ""13"": ""free"", ""14"": ""free"", ""15"": ""free"", ""2"": ""free"", ""3"": ""free"", ""4"": ""free"", ""5"": ""free"", ""6"": ""free"", ""7"": ""free"", ""8"": ""free"", ""9"": ""free""}","{""0"": ""free"", ""1"": ""free"", ""2"": ""free"", ""3"": ""free""}",[],"[0, 1, 2, 3, 4, 5, 6, 7, 8, 9, 10, 11, 12, 13, 14, 15]",[],False,ambiguity,False,uf_axiom,
3bit_gap_mixed__MC_22__SB_23__SR_4,MC_22,SB_23,SR_4,,early_late_mixed,gap_early_late_mixed_hard_case,2,32,2,differential,1,"[{""classification"": ""ambiguity"", ""elapsed"": 142.02009710855782, ""first_result"": ""sat"", ""first_timeout_ms"": 60000, ""query_count"": 32, ""second_result"": ""sat"", ""second_timeout_ms"": 300000, ""z3_reason_unknown"": """"}]",sat,sat,0.003067862242460251,111.34850042685866,a66f651322597191ab9f8f8af4c2db61,a66f651322597191ab9f8f8af4c2db61,a6247351614ccd13d6866c8ecac1adaa,True,sat,False,False,False,,"{""0"": ""unknown"", ""1"": ""free"", ""10"": ""free"", ""11"": ""free"", ""12"": ""free"", ""13"": ""free"", ""14"": ""free"", ""15"": ""free"", ""2"": ""free"", ""3"": ""free"", ""4"": ""free"", ""5"": ""free"", ""6"": ""free"", ""7"": ""free"", ""8"": ""free"", ""9"": ""free""}","{""0"": ""free"", ""1"": ""free"", ""2"": ""free"", ""3"": ""free""}",[],"[1, 2, 3, 4, 5, 6, 7, 8, 9, 10, 11, 12, 13, 14, 15]",[0],False,ambiguity,False,uf_axiom,
3bit_gap_mixed__MC_91__MC_97__SR_67,MC_91,MC_97,SR_67,,early_late_mixed,gap_early_late_mixed_hard_case,2,32,2,differential,1,"[{""classification"": ""ambiguity"", ""elapsed"": 144.56319769658148, ""first_result"": ""sat"", ""first_timeout_ms"": 60000, ""query_count"": 32, ""second_result"": ""sat"", ""second_timeout_ms"": 300000, ""z3_reason_unknown"": """"}]",sat,sat,0.003077453002333641,143.94829064793885,a66f651322597191ab9f8f8af4c2db61,a66f651322597191ab9f8f8af4c2db61,d808d8b0a392121e27f9d9caa30311f8,True,sat,False,False,False,,"{""0"": ""free"", ""1"": ""free"", ""10"": ""free"", ""11"": ""free"", ""12"": ""free"", ""13"": ""free"", ""14"": ""free"", ""15"": ""free"", ""2"": ""free"", ""3"": ""free"", ""4"": ""free"", ""5"": ""free"", ""6"": ""free"", ""7"": ""free"", ""8"": ""free"", ""9"": ""free""}","{""0"": ""free"", ""1"": ""free"", ""2"": ""free"", ""3"": ""free""}",[],"[0, 1, 2, 3, 4, 5, 6, 7, 8, 9, 10, 11, 12, 13, 14, 15]",[],False,ambiguity,False,uf_axiom,
3bit_gap_mixed__MC_43__MC_82__SB_67,MC_43,MC_82,SB_67,,early_late_mixed,gap_early_late_mixed_hard_case,2,32,2,differential,1,"[{""classification"": ""ambiguity"", ""elapsed"": 152.0314917936921, ""first_result"": ""sat"", ""first_timeout_ms"": 60000, ""query_count"": 32, ""second_result"": ""sat"", ""second_timeout_ms"": 300000, ""z3_reason_unknown"": """"}]",sat,sat,0.004520151764154434,121.25770261697471,a66f651322597191ab9f8f8af4c2db61,a66f651322597191ab9f8f8af4c2db61,031c3740228a8f22bd9b23363d8f63d4,True,sat,False,False,False,,"{""0"": ""free"", ""1"": ""free"", ""10"": ""free"", ""11"": ""free"", ""12"": ""free"", ""13"": ""free"", ""14"": ""free"", ""15"": ""free"", ""2"": ""free"", ""3"": ""free"", ""4"": ""unknown"", ""5"": ""free"", ""6"": ""free"", ""7"": ""free"", ""8"": ""free"", ""9"": ""free""}","{""0"": ""free"", ""1"": ""free"", ""2"": ""free"", ""3"": ""free""}",[],"[0, 1, 2, 3, 5, 6, 7, 8, 9, 10, 11, 12, 13, 14, 15]",[4],False,ambiguity,False,uf_axiom,
3bit_gap_mixed__ARK_101__MC_110__SR_33,ARK_101,MC_110,SR_33,,early_late_mixed,gap_early_late_mixed_hard_case,1,32,2,differential,1,"[{""classification"": ""ambiguity"", ""elapsed"": 158.04894876852632, ""first_result"": ""sat"", ""first_timeout_ms"": 60000, ""query_count"": 32, ""second_result"": ""sat"", ""second_timeout_ms"": 300000, ""z3_reason_unknown"": """"}]",sat,sat,0.003324223682284355,148.24929354712367,99107579bc3c2c3b0d7a8a6fd1573606,99107579bc3c2c3b0d7a8a6fd1573606,e1101cd4093133d5aa72416fd141c5d8,True,sat,False,False,False,,"{""0"": ""free"", ""1"": ""fixed"", ""10"": ""free"", ""11"": ""fixed"", ""12"": ""fixed"", ""13"": ""free"", ""14"": ""free"", ""15"": ""free"", ""2"": ""free"", ""3"": ""free"", ""4"": ""free"", ""5"": ""free"", ""6"": ""free"", ""7"": ""free"", ""8"": ""free"", ""9"": ""free""}","{""0"": ""free"", ""1"": ""free"", ""2"": ""free"", ""3"": ""free""}","[1, 11, 12]","[0, 2, 3, 4, 5, 6, 7, 8, 9, 10, 13, 14, 15]",[],False,ambiguity,False,uf_axiom,
3bit_gap_mixed__ARK_20__SB_58__SR_98,ARK_20,SB_58,SR_98,,early_late_mixed,gap_early_late_mixed_hard_case,0,32,2,differential,1,"[{""classification"": ""ambiguity"", ""elapsed"": 159.1215402353555, ""first_result"": ""sat"", ""first_timeout_ms"": 60000, ""query_count"": 32, ""second_result"": ""sat"", ""second_timeout_ms"": 300000, ""z3_reason_unknown"": """"}]",sat,sat,0.003768784925341606,128.3527860995382,edf43a9a19e4a3f3bf1eec668bd00cf6,edf43a9a19e4a3f3bf1eec668bd00cf6,c90082cf1980434c8a61e68852a40757,True,sat,False,False,False,,"{""0"": ""free"", ""1"": ""free"", ""10"": ""free"", ""11"": ""free"", ""12"": ""free"", ""13"": ""free"", ""14"": ""free"", ""15"": ""free"", ""2"": ""free"", ""3"": ""free"", ""4"": ""unknown"", ""5"": ""free"", ""6"": ""free"", ""7"": ""free"", ""8"": ""free"", ""9"": ""free""}","{""0"": ""free"", ""1"": ""free"", ""2"": ""free"", ""3"": ""free""}",[],"[0, 1, 2, 3, 5, 6, 7, 8, 9, 10, 11, 12, 13, 14, 15]",[4],False,ambiguity,False,uf_axiom,
3bit_gap_mixed__MC_64__SR_109__SR_125,MC_64,SR_109,SR_125,,early_late_mixed,gap_early_late_mixed_hard_case,0,32,2,differential,1,"[{""classification"": ""ambiguity"", ""elapsed"": 164.17789674922824, ""first_result"": ""sat"", ""first_timeout_ms"": 60000, ""query_count"": 32, ""second_result"": ""sat"", ""second_timeout_ms"": 300000, ""z3_reason_unknown"": """"}]",sat,sat,0.0023199860006570816,163.64045476540923,edf43a9a19e4a3f3bf1eec668bd00cf6,edf43a9a19e4a3f3bf1eec668bd00cf6,a7495e1e671ecf9404fc9e4040c68530,True,sat,False,False,False,,"{""0"": ""free"", ""1"": ""free"", ""10"": ""free"", ""11"": ""free"", ""12"": ""free"", ""13"": ""free"", ""14"": ""free"", ""15"": ""free"", ""2"": ""free"", ""3"": ""free"", ""4"": ""free"", ""5"": ""free"", ""6"": ""free"", ""7"": ""free"", ""8"": ""free"", ""9"": ""free""}","{""0"": ""free"", ""1"": ""free"", ""2"": ""free"", ""3"": ""free""}",[],"[0, 1, 2, 3, 4, 5, 6, 7, 8, 9, 10, 11, 12, 13, 14, 15]",[],False,ambiguity,False,uf_axiom,
3bit_gap_mixed__ARK_75__SB_88__SR_9,ARK_75,SB_88,SR_9,,early_late_mixed,gap_early_late_mixed_hard_case,0,32,2,differential,1,"[{""classification"": ""ambiguity"", ""elapsed"": 170.8330699801445, ""first_result"": ""sat"", ""first_timeout_ms"": 60000, ""query_count"": 32, ""second_result"": ""sat"", ""second_timeout_ms"": 300000, ""z3_reason_unknown"": """"}]",sat,sat,0.0023875609040260315,140.11937783285975,edf43a9a19e4a3f3bf1eec668bd00cf6,edf43a9a19e4a3f3bf1eec668bd00cf6,cf001ad1ad0a5000647262eb1fd05471,True,sat,False,False,False,,"{""0"": ""free"", ""1"": ""free"", ""10"": ""free"", ""11"": ""free"", ""12"": ""free"", ""13"": ""unknown"", ""14"": ""free"", ""15"": ""free"", ""2"": ""free"", ""3"": ""free"", ""4"": ""free"", ""5"": ""free"", ""6"": ""free"", ""7"": ""free"", ""8"": ""free"", ""9"": ""free""}","{""0"": ""free"", ""1"": ""free"", ""2"": ""free"", ""3"": ""free""}",[],"[0, 1, 2, 3, 4, 5, 6, 7, 8, 9, 10, 11, 12, 14, 15]",[13],False,ambiguity,False,uf_axiom,
3bit_gap_mixed__ARK_101__MC_110__SR_33,ARK_101,MC_110,SR_33,,early_late_mixed,gap_early_late_mixed_hard_case,2,32,2,differential,1,"[{""classification"": ""ambiguity"", ""elapsed"": 173.4856844842434, ""first_result"": ""sat"", ""first_timeout_ms"": 60000, ""query_count"": 32, ""second_result"": ""sat"", ""second_timeout_ms"": 300000, ""z3_reason_unknown"": """"}]",sat,sat,0.002129890024662018,173.02531429566443,a66f651322597191ab9f8f8af4c2db61,a66f651322597191ab9f8f8af4c2db61,82d9172b72c6260b014733f9aa1ddc8b,True,sat,False,False,False,,"{""0"": ""free"", ""1"": ""free"", ""10"": ""free"", ""11"": ""free"", ""12"": ""free"", ""13"": ""free"", ""14"": ""free"", ""15"": ""free"", ""2"": ""free"", ""3"": ""free"", ""4"": ""free"", ""5"": ""free"", ""6"": ""free"", ""7"": ""free"", ""8"": ""free"", ""9"": ""free""}","{""0"": ""free"", ""1"": ""free"", ""2"": ""free"", ""3"": ""free""}",[],"[0, 1, 2, 3, 4, 5, 6, 7, 8, 9, 10, 11, 12, 13, 14, 15]",[],False,ambiguity,False,uf_axiom,
3bit_gap_mixed__ARK_122__MC_111__SB_5,ARK_122,MC_111,SB_5,,early_late_mixed,gap_early_late_mixed_hard_case,0,32,2,differential,1,"[{""classification"": ""ambiguity"", ""elapsed"": 177.95011499896646, ""first_result"": ""sat"", ""first_timeout_ms"": 60000, ""query_count"": 32, ""second_result"": ""sat"", ""second_timeout_ms"": 300000, ""z3_reason_unknown"": """"}]",sat,sat,0.0032594632357358932,147.32420576363802,edf43a9a19e4a3f3bf1eec668bd00cf6,edf43a9a19e4a3f3bf1eec668bd00cf6,30f4f640e893a3d86b7307668b97667a,True,sat,False,False,False,,"{""0"": ""free"", ""1"": ""fixed"", ""10"": ""free"", ""11"": ""unknown"", ""12"": ""unknown"", ""13"": ""free"", ""14"": ""free"", ""15"": ""free"", ""2"": ""free"", ""3"": ""free"", ""4"": ""free"", ""5"": ""free"", ""6"": ""fixed"", ""7"": ""free"", ""8"": ""free"", ""9"": ""free""}","{""0"": ""free"", ""1"": ""free"", ""2"": ""free"", ""3"": ""free""}","[1, 6]","[0, 2, 3, 4, 5, 7, 8, 9, 10, 13, 14, 15]","[11, 12]",False,ambiguity,False,uf_axiom,
3bit_gap_mixed__ARK_56__MC_49__SR_96,ARK_56,MC_49,SR_96,,early_late_mixed,gap_early_late_mixed_hard_case,2,32,2,differential,1,"[{""classification"": ""ambiguity"", ""elapsed"": 185.6205185316503, ""first_result"": ""sat"", ""first_timeout_ms"": 60000, ""query_count"": 32, ""second_result"": ""sat"", ""second_timeout_ms"": 300000, ""z3_reason_unknown"": """"}]",sat,sat,0.0033265557140111923,154.8574167639017,a66f651322597191ab9f8f8af4c2db61,a66f651322597191ab9f8f8af4c2db61,5aeb0968229833a8e994150e1a63db1b,True,sat,False,False,False,,"{""0"": ""free"", ""1"": ""free"", ""10"": ""free"", ""11"": ""free"", ""12"": ""free"", ""13"": ""free"", ""14"": ""unknown"", ""15"": ""free"", ""2"": ""free"", ""3"": ""free"", ""4"": ""unknown"", ""5"": ""free"", ""6"": ""free"", ""7"": ""free"", ""8"": ""free"", ""9"": ""free""}","{""0"": ""free"", ""1"": ""free"", ""2"": ""free"", ""3"": ""free""}",[],"[0, 1, 2, 3, 5, 6, 7, 8, 9, 10, 11, 12, 13, 15]","[4, 14]",False,ambiguity,False,uf_axiom,
3bit_gap_mixed__ARK_121__ARK_99__SR_102,ARK_121,ARK_99,SR_102,,early_late_mixed,gap_early_late_mixed_hard_case,2,32,2,differential,1,"[{""classification"": ""ambiguity"", ""elapsed"": 192.14578375965357, ""first_result"": ""sat"", ""first_timeout_ms"": 60000, ""query_count"": 32, ""second_result"": ""sat"", ""second_timeout_ms"": 300000, ""z3_reason_unknown"": """"}]",sat,sat,0.0032222606241703033,191.2156282439828,a66f651322597191ab9f8f8af4c2db61,a66f651322597191ab9f8f8af4c2db61,97739acbf2c7c63e17773119f4aa00f6,True,sat,False,False,False,,"{""0"": ""free"", ""1"": ""free"", ""10"": ""free"", ""11"": ""free"", ""12"": ""fixed"", ""13"": ""free"", ""14"": ""free"", ""15"": ""free"", ""2"": ""free"", ""3"": ""free"", ""4"": ""free"", ""5"": ""free"", ""6"": ""free"", ""7"": ""free"", ""8"": ""free"", ""9"": ""free""}","{""0"": ""free"", ""1"": ""free"", ""2"": ""free"", ""3"": ""free""}",[12],"[0, 1, 2, 3, 4, 5, 6, 7, 8, 9, 10, 11, 13, 14, 15]",[],False,ambiguity,False,uf_axiom,
3bit_gap_mixed__ARK_99__SR_124__SR_24,ARK_99,SR_124,SR_24,,early_late_mixed,gap_early_late_mixed_hard_case,2,32,2,differential,1,"[{""classification"": ""ambiguity"", ""elapsed"": 203.33807955868542, ""first_result"": ""sat"", ""first_timeout_ms"": 60000, ""query_count"": 32, ""second_result"": ""sat"", ""second_timeout_ms"": 300000, ""z3_reason_unknown"": """"}]",sat,sat,0.0021737683564424515,202.89482629299164,a66f651322597191ab9f8f8af4c2db61,a66f651322597191ab9f8f8af4c2db61,26754a8839fe8008dd6756ca0011c334,True,sat,False,False,False,,"{""0"": ""free"", ""1"": ""free"", ""10"": ""free"", ""11"": ""free"", ""12"": ""free"", ""13"": ""free"", ""14"": ""free"", ""15"": ""free"", ""2"": ""free"", ""3"": ""free"", ""4"": ""free"", ""5"": ""free"", ""6"": ""free"", ""7"": ""free"", ""8"": ""free"", ""9"": ""free""}","{""0"": ""free"", ""1"": ""free"", ""2"": ""free"", ""3"": ""free""}",[],"[0, 1, 2, 3, 4, 5, 6, 7, 8, 9, 10, 11, 12, 13, 14, 15]",[],False,ambiguity,False,uf_axiom,
3bit_gap_mixed__ARK_20__SB_58__SR_98,ARK_20,SB_58,SR_98,,early_late_mixed,gap_early_late_mixed_hard_case,1,32,2,differential,1,"[{""classification"": ""ambiguity"", ""elapsed"": 210.5768124870956, ""first_result"": ""sat"", ""first_timeout_ms"": 60000, ""query_count"": 32, ""second_result"": ""sat"", ""second_timeout_ms"": 300000, ""z3_reason_unknown"": """"}]",sat,sat,0.002638762816786766,209.83246086910367,99107579bc3c2c3b0d7a8a6fd1573606,99107579bc3c2c3b0d7a8a6fd1573606,11d29bb60a86ab819aea124abd3af0d0,True,sat,False,False,False,,"{""0"": ""free"", ""1"": ""free"", ""10"": ""free"", ""11"": ""free"", ""12"": ""free"", ""13"": ""free"", ""14"": ""free"", ""15"": ""free"", ""2"": ""free"", ""3"": ""free"", ""4"": ""free"", ""5"": ""free"", ""6"": ""free"", ""7"": ""free"", ""8"": ""free"", ""9"": ""free""}","{""0"": ""free"", ""1"": ""free"", ""2"": ""free"", ""3"": ""free""}",[],"[0, 1, 2, 3, 4, 5, 6, 7, 8, 9, 10, 11, 12, 13, 14, 15]",[],False,ambiguity,False,uf_axiom,
3bit_gap_mixed__ARK_78__MC_64__SR_87,ARK_78,MC_64,SR_87,,early_late_mixed,gap_early_late_mixed_hard_case,1,32,2,differential,1,"[{""classification"": ""ambiguity"", ""elapsed"": 210.67910602129996, ""first_result"": ""sat"", ""first_timeout_ms"": 60000, ""query_count"": 32, ""second_result"": ""sat"", ""second_timeout_ms"": 300000, ""z3_reason_unknown"": """"}]",sat,sat,0.002737579867243767,209.9647289905697,99107579bc3c2c3b0d7a8a6fd1573606,99107579bc3c2c3b0d7a8a6fd1573606,1a088fa611f153819c91c1d0fad1fd7e,True,sat,False,False,False,,"{""0"": ""free"", ""1"": ""free"", ""10"": ""free"", ""11"": ""free"", ""12"": ""free"", ""13"": ""free"", ""14"": ""free"", ""15"": ""free"", ""2"": ""free"", ""3"": ""free"", ""4"": ""free"", ""5"": ""free"", ""6"": ""free"", ""7"": ""free"", ""8"": ""free"", ""9"": ""free""}","{""0"": ""free"", ""1"": ""free"", ""2"": ""free"", ""3"": ""free""}",[],"[0, 1, 2, 3, 4, 5, 6, 7, 8, 9, 10, 11, 12, 13, 14, 15]",[],False,ambiguity,False,uf_axiom,
3bit_gap_mixed__ARK_56__MC_49__SR_96,ARK_56,MC_49,SR_96,,early_late_mixed,gap_early_late_mixed_hard_case,1,32,2,differential,1,"[{""classification"": ""ambiguity"", ""elapsed"": 234.32726925425231, ""first_result"": ""sat"", ""first_timeout_ms"": 60000, ""query_count"": 32, ""second_result"": ""sat"", ""second_timeout_ms"": 300000, ""z3_reason_unknown"": """"}]",sat,sat,0.00235026516020298,229.10409469529986,99107579bc3c2c3b0d7a8a6fd1573606,99107579bc3c2c3b0d7a8a6fd1573606,39a201ac7b404565abc5052e379b36ef,True,sat,False,False,False,,"{""0"": ""free"", ""1"": ""free"", ""10"": ""free"", ""11"": ""free"", ""12"": ""free"", ""13"": ""free"", ""14"": ""fixed"", ""15"": ""free"", ""2"": ""free"", ""3"": ""free"", ""4"": ""free"", ""5"": ""free"", ""6"": ""free"", ""7"": ""free"", ""8"": ""free"", ""9"": ""free""}","{""0"": ""free"", ""1"": ""free"", ""2"": ""free"", ""3"": ""free""}",[14],"[0, 1, 2, 3, 4, 5, 6, 7, 8, 9, 10, 11, 12, 13, 15]",[],False,ambiguity,False,uf_axiom,
3bit_gap_mixed__ARK_68__MC_78__SB_93,ARK_68,MC_78,SB_93,,early_late_mixed,gap_early_late_mixed_hard_case,1,32,2,differential,1,"[{""classification"": ""ambiguity"", ""elapsed"": 240.06862462684512, ""first_result"": ""sat"", ""first_timeout_ms"": 60000, ""query_count"": 32, ""second_result"": ""sat"", ""second_timeout_ms"": 300000, ""z3_reason_unknown"": """"}]",sat,sat,0.0021598171442747116,209.6041842661798,99107579bc3c2c3b0d7a8a6fd1573606,99107579bc3c2c3b0d7a8a6fd1573606,faf5df62c1618ea09cd1969c62574474,True,sat,False,False,False,,"{""0"": ""free"", ""1"": ""free"", ""10"": ""free"", ""11"": ""free"", ""12"": ""free"", ""13"": ""unknown"", ""14"": ""free"", ""15"": ""free"", ""2"": ""free"", ""3"": ""free"", ""4"": ""free"", ""5"": ""free"", ""6"": ""free"", ""7"": ""free"", ""8"": ""free"", ""9"": ""free""}","{""0"": ""free"", ""1"": ""free"", ""2"": ""free"", ""3"": ""free""}",[],"[0, 1, 2, 3, 4, 5, 6, 7, 8, 9, 10, 11, 12, 14, 15]",[13],False,ambiguity,False,uf_axiom,
3bit_gap_mixed__ARK_125__MC_27__SB_102,ARK_125,MC_27,SB_102,,early_late_mixed,gap_early_late_mixed_hard_case,0,32,2,differential,1,"[{""classification"": ""ambiguity"", ""elapsed"": 242.52662159316242, ""first_result"": ""sat"", ""first_timeout_ms"": 60000, ""query_count"": 32, ""second_result"": ""sat"", ""second_timeout_ms"": 300000, ""z3_reason_unknown"": """"}]",sat,sat,0.0029002316296100616,241.9737596269697,edf43a9a19e4a3f3bf1eec668bd00cf6,edf43a9a19e4a3f3bf1eec668bd00cf6,6ebfae9194d075052024e855e62dc214,True,sat,False,False,False,,"{""0"": ""free"", ""1"": ""free"", ""10"": ""free"", ""11"": ""free"", ""12"": ""free"", ""13"": ""free"", ""14"": ""free"", ""15"": ""free"", ""2"": ""free"", ""3"": ""free"", ""4"": ""free"", ""5"": ""free"", ""6"": ""free"", ""7"": ""free"", ""8"": ""free"", ""9"": ""free""}","{""0"": ""free"", ""1"": ""free"", ""2"": ""free"", ""3"": ""free""}",[],"[0, 1, 2, 3, 4, 5, 6, 7, 8, 9, 10, 11, 12, 13, 14, 15]",[],False,ambiguity,False,uf_axiom,
3bit_gap_mixed__ARK_122__MC_127__SR_13,ARK_122,MC_127,SR_13,,early_late_mixed,gap_early_late_mixed_hard_case,1,32,2,differential,1,"[{""classification"": ""ambiguity"", ""elapsed"": 245.28322867304087, ""first_result"": ""sat"", ""first_timeout_ms"": 60000, ""query_count"": 32, ""second_result"": ""sat"", ""second_timeout_ms"": 300000, ""z3_reason_unknown"": """"}]",sat,sat,0.002156417816877365,236.42080298252404,99107579bc3c2c3b0d7a8a6fd1573606,99107579bc3c2c3b0d7a8a6fd1573606,6d105be644fa12751956406fd163d8aa,True,sat,False,False,False,,"{""0"": ""free"", ""1"": ""fixed"", ""10"": ""free"", ""11"": ""fixed"", ""12"": ""fixed"", ""13"": ""free"", ""14"": ""free"", ""15"": ""free"", ""2"": ""free"", ""3"": ""free"", ""4"": ""free"", ""5"": ""free"", ""6"": ""free"", ""7"": ""free"", ""8"": ""free"", ""9"": ""free""}","{""0"": ""free"", ""1"": ""free"", ""2"": ""free"", ""3"": ""free""}","[1, 11, 12]","[0, 2, 3, 4, 5, 6, 7, 8, 9, 10, 13, 14, 15]",[],False,ambiguity,False,uf_axiom,
3bit_gap_mixed__MC_91__MC_97__SR_67,MC_91,MC_97,SR_67,,early_late_mixed,gap_early_late_mixed_hard_case,0,32,2,differential,1,"[{""classification"": ""ambiguity"", ""elapsed"": 251.51399924233556, ""first_result"": ""sat"", ""first_timeout_ms"": 60000, ""query_count"": 32, ""second_result"": ""sat"", ""second_timeout_ms"": 300000, ""z3_reason_unknown"": """"}]",sat,sat,0.0031291507184505463,220.78272993676364,edf43a9a19e4a3f3bf1eec668bd00cf6,edf43a9a19e4a3f3bf1eec668bd00cf6,12548077e7609bf8bf90b8543ad092eb,True,sat,False,False,False,,"{""0"": ""free"", ""1"": ""free"", ""10"": ""free"", ""11"": ""free"", ""12"": ""free"", ""13"": ""unknown"", ""14"": ""free"", ""15"": ""free"", ""2"": ""free"", ""3"": ""free"", ""4"": ""free"", ""5"": ""free"", ""6"": ""free"", ""7"": ""free"", ""8"": ""unknown"", ""9"": ""free""}","{""0"": ""free"", ""1"": ""free"", ""2"": ""free"", ""3"": ""free""}",[],"[0, 1, 2, 3, 4, 5, 6, 7, 9, 10, 11, 12, 14, 15]","[8, 13]",False,ambiguity,False,uf_axiom,
3bit_gap_mixed__MC_91__MC_97__SR_67,MC_91,MC_97,SR_67,,early_late_mixed,gap_early_late_mixed_hard_case,1,32,2,differential,1,"[{""classification"": ""ambiguity"", ""elapsed"": 257.4820408411324, ""first_result"": ""sat"", ""first_timeout_ms"": 60000, ""query_count"": 32, ""second_result"": ""sat"", ""second_timeout_ms"": 300000, ""z3_reason_unknown"": """"}]",sat,sat,0.002980940043926239,257.02325320616364,99107579bc3c2c3b0d7a8a6fd1573606,99107579bc3c2c3b0d7a8a6fd1573606,49f15f119c7ffcf503415b78d0bd475b,True,sat,False,False,False,,"{""0"": ""free"", ""1"": ""free"", ""10"": ""free"", ""11"": ""free"", ""12"": ""free"", ""13"": ""free"", ""14"": ""free"", ""15"": ""free"", ""2"": ""free"", ""3"": ""free"", ""4"": ""free"", ""5"": ""free"", ""6"": ""free"", ""7"": ""free"", ""8"": ""free"", ""9"": ""free""}","{""0"": ""free"", ""1"": ""free"", ""2"": ""free"", ""3"": ""free""}",[],"[0, 1, 2, 3, 4, 5, 6, 7, 8, 9, 10, 11, 12, 13, 14, 15]",[],False,ambiguity,False,uf_axiom,
3bit_gap_mixed__ARK_59__SB_106__SR_64,ARK_59,SB_106,SR_64,,early_late_mixed,gap_early_late_mixed_hard_case,1,32,2,differential,1,"[{""classification"": ""ambiguity"", ""elapsed"": 265.2261351328343, ""first_result"": ""sat"", ""first_timeout_ms"": 60000, ""query_count"": 32, ""second_result"": ""sat"", ""second_timeout_ms"": 300000, ""z3_reason_unknown"": """"}]",sat,sat,0.003646155819296837,264.7106603551656,99107579bc3c2c3b0d7a8a6fd1573606,99107579bc3c2c3b0d7a8a6fd1573606,871a41580c59c06f4c1ace906fe06423,True,sat,False,False,False,,"{""0"": ""free"", ""1"": ""free"", ""10"": ""free"", ""11"": ""free"", ""12"": ""free"", ""13"": ""free"", ""14"": ""free"", ""15"": ""free"", ""2"": ""free"", ""3"": ""free"", ""4"": ""free"", ""5"": ""free"", ""6"": ""free"", ""7"": ""free"", ""8"": ""free"", ""9"": ""free""}","{""0"": ""free"", ""1"": ""free"", ""2"": ""free"", ""3"": ""free""}",[],"[0, 1, 2, 3, 4, 5, 6, 7, 8, 9, 10, 11, 12, 13, 14, 15]",[],False,ambiguity,False,uf_axiom,
3bit_gap_mixed__MC_123__SB_5__SR_12,MC_123,SB_5,SR_12,,early_late_mixed,gap_early_late_mixed_hard_case,2,32,2,differential,1,"[{""classification"": ""ambiguity"", ""elapsed"": 269.2147908527404, ""first_result"": ""sat"", ""first_timeout_ms"": 60000, ""query_count"": 32, ""second_result"": ""sat"", ""second_timeout_ms"": 300000, ""z3_reason_unknown"": """"}]",sat,sat,0.0026106052100658417,268.77848620712757,a66f651322597191ab9f8f8af4c2db61,a66f651322597191ab9f8f8af4c2db61,584e2f508c52b405f307ad751e708050,True,sat,False,False,False,,"{""0"": ""free"", ""1"": ""free"", ""10"": ""free"", ""11"": ""free"", ""12"": ""free"", ""13"": ""free"", ""14"": ""free"", ""15"": ""free"", ""2"": ""free"", ""3"": ""free"", ""4"": ""free"", ""5"": ""free"", ""6"": ""free"", ""7"": ""free"", ""8"": ""free"", ""9"": ""free""}","{""0"": ""free"", ""1"": ""free"", ""2"": ""free"", ""3"": ""free""}",[],"[0, 1, 2, 3, 4, 5, 6, 7, 8, 9, 10, 11, 12, 13, 14, 15]",[],False,ambiguity,False,uf_axiom,
3bit_gap_mixed__ARK_11__MC_22__SB_127,ARK_11,MC_22,SB_127,,early_late_mixed,gap_early_late_mixed_hard_case,0,32,2,differential,1,"[{""classification"": ""ambiguity"", ""elapsed"": 272.01485794968903, ""first_result"": ""sat"", ""first_timeout_ms"": 60000, ""query_count"": 32, ""second_result"": ""sat"", ""second_timeout_ms"": 300000, ""z3_reason_unknown"": """"}]",sat,sat,0.0029534269124269485,271.2798897475004,edf43a9a19e4a3f3bf1eec668bd00cf6,edf43a9a19e4a3f3bf1eec668bd00cf6,721b754c029a480384a8d87c6764dddb,True,sat,False,False,False,,"{""0"": ""free"", ""1"": ""free"", ""10"": ""free"", ""11"": ""free"", ""12"": ""free"", ""13"": ""free"", ""14"": ""free"", ""15"": ""free"", ""2"": ""free"", ""3"": ""free"", ""4"": ""free"", ""5"": ""free"", ""6"": ""free"", ""7"": ""free"", ""8"": ""free"", ""9"": ""free""}","{""0"": ""free"", ""1"": ""free"", ""2"": ""free"", ""3"": ""free""}",[],"[0, 1, 2, 3, 4, 5, 6, 7, 8, 9, 10, 11, 12, 13, 14, 15]",[],False,ambiguity,False,uf_axiom,
3bit_gap_mixed__ARK_66__MC_91__SR_98,ARK_66,MC_91,SR_98,,early_late_mixed,gap_early_late_mixed_hard_case,1,32,2,differential,1,"[{""classification"": ""ambiguity"", ""elapsed"": 288.8048854563385, ""first_result"": ""sat"", ""first_timeout_ms"": 60000, ""query_count"": 32, ""second_result"": ""sat"", ""second_timeout_ms"": 300000, ""z3_reason_unknown"": """"}]",sat,sat,0.0022988244891166687,288.3577994722873,99107579bc3c2c3b0d7a8a6fd1573606,99107579bc3c2c3b0d7a8a6fd1573606,5fdca182fc34f6f405a78b19acd5e7a1,True,sat,False,False,False,,"{""0"": ""free"", ""1"": ""free"", ""10"": ""free"", ""11"": ""free"", ""12"": ""free"", ""13"": ""free"", ""14"": ""free"", ""15"": ""free"", ""2"": ""free"", ""3"": ""free"", ""4"": ""free"", ""5"": ""free"", ""6"": ""free"", ""7"": ""free"", ""8"": ""free"", ""9"": ""free""}","{""0"": ""free"", ""1"": ""free"", ""2"": ""free"", ""3"": ""free""}",[],"[0, 1, 2, 3, 4, 5, 6, 7, 8, 9, 10, 11, 12, 13, 14, 15]",[],False,ambiguity,False,uf_axiom,
3bit_gap_mixed__ARK_11__MC_22__SB_127,ARK_11,MC_22,SB_127,,early_late_mixed,gap_early_late_mixed_hard_case,1,32,2,differential,1,"[{""classification"": ""ambiguity"", ""elapsed"": 298.1775631569326, ""first_result"": ""sat"", ""first_timeout_ms"": 60000, ""query_count"": 32, ""second_result"": ""sat"", ""second_timeout_ms"": 300000, ""z3_reason_unknown"": """"}]",sat,sat,0.0021215789020061493,267.7306887693703,99107579bc3c2c3b0d7a8a6fd1573606,99107579bc3c2c3b0d7a8a6fd1573606,a71094ec9fc600bc00b5816fd1ac2c06,True,sat,False,False,False,,"{""0"": ""free"", ""1"": ""unknown"", ""10"": ""free"", ""11"": ""unknown"", ""12"": ""unknown"", ""13"": ""free"", ""14"": ""free"", ""15"": ""unknown"", ""2"": ""free"", ""3"": ""free"", ""4"": ""free"", ""5"": ""free"", ""6"": ""free"", ""7"": ""free"", ""8"": ""free"", ""9"": ""free""}","{""0"": ""free"", ""1"": ""free"", ""2"": ""free"", ""3"": ""free""}",[],"[0, 2, 3, 4, 5, 6, 7, 8, 9, 10, 13, 14]","[1, 11, 12, 15]",False,ambiguity,False,uf_axiom,
3bit_gap_mixed__ARK_122__MC_127__SR_13,ARK_122,MC_127,SR_13,,early_late_mixed,gap_early_late_mixed_hard_case,2,64,2,differential,2,"[{""classification"": ""undecided"", ""elapsed"": 330.63169186748564, ""first_result"": ""sat"", ""first_timeout_ms"": 60000, ""query_count"": 32, ""second_result"": ""unknown"", ""second_timeout_ms"": 300000, ""z3_reason_unknown"": ""canceled""}, {""classification"": ""full_key_unique"", ""elapsed"": 135.21025957353413, ""first_result"": ""sat"", ""first_timeout_ms"": 60000, ""query_count"": 64, ""second_result"": ""unsat"", ""second_timeout_ms"": 300000, ""z3_reason_unknown"": """"}]",sat,unsat,0.002634940668940544,134.59392288513482,a66f651322597191ab9f8f8af4c2db61,a66f651322597191ab9f8f8af4c2db61,,True,sat,False,False,False,,"{""0"": ""fixed"", ""1"": ""fixed"", ""10"": ""fixed"", ""11"": ""fixed"", ""12"": ""fixed"", ""13"": ""fixed"", ""14"": ""fixed"", ""15"": ""fixed"", ""2"": ""fixed"", ""3"": ""fixed"", ""4"": ""fixed"", ""5"": ""fixed"", ""6"": ""fixed"", ""7"": ""fixed"", ""8"": ""fixed"", ""9"": ""fixed""}","{""0"": ""fixed"", ""1"": ""fixed"", ""2"": ""fixed"", ""3"": ""fixed""}","[0, 1, 2, 3, 4, 5, 6, 7, 8, 9, 10, 11, 12, 13, 14, 15]",[],[],False,full_key_unique,True,uf_axiom,
3bit_gap_mixed__ARK_8__MC_75__SR_63,ARK_8,MC_75,SR_63,,early_late_mixed,gap_early_late_mixed_hard_case,2,64,2,differential,2,"[{""classification"": ""undecided"", ""elapsed"": 330.77737297676504, ""first_result"": ""sat"", ""first_timeout_ms"": 60000, ""query_count"": 32, ""second_result"": ""unknown"", ""second_timeout_ms"": 300000, ""z3_reason_unknown"": ""canceled""}, {""classification"": ""full_key_unique"", ""elapsed"": 145.50645006075501, ""first_result"": ""sat"", ""first_timeout_ms"": 60000, ""query_count"": 64, ""second_result"": ""unsat"", ""second_timeout_ms"": 300000, ""z3_reason_unknown"": """"}]",sat,unsat,0.003767644986510277,145.0270484406501,a66f651322597191ab9f8f8af4c2db61,a66f651322597191ab9f8f8af4c2db61,,True,sat,False,False,False,,"{""0"": ""fixed"", ""1"": ""fixed"", ""10"": ""fixed"", ""11"": ""fixed"", ""12"": ""fixed"", ""13"": ""fixed"", ""14"": ""fixed"", ""15"": ""fixed"", ""2"": ""fixed"", ""3"": ""fixed"", ""4"": ""fixed"", ""5"": ""fixed"", ""6"": ""fixed"", ""7"": ""fixed"", ""8"": ""fixed"", ""9"": ""fixed""}","{""0"": ""fixed"", ""1"": ""fixed"", ""2"": ""fixed"", ""3"": ""fixed""}","[0, 1, 2, 3, 4, 5, 6, 7, 8, 9, 10, 11, 12, 13, 14, 15]",[],[],False,full_key_unique,True,uf_axiom,
3bit_gap_mixed__MC_43__MC_82__SB_67,MC_43,MC_82,SB_67,,early_late_mixed,gap_early_late_mixed_hard_case,1,64,2,differential,2,"[{""classification"": ""undecided"", ""elapsed"": 330.7370514217764, ""first_result"": ""sat"", ""first_timeout_ms"": 60000, ""query_count"": 32, ""second_result"": ""unknown"", ""second_timeout_ms"": 300000, ""z3_reason_unknown"": ""canceled""}, {""classification"": ""full_key_unique"", ""elapsed"": 162.14096621982753, ""first_result"": ""sat"", ""first_timeout_ms"": 60000, ""query_count"": 64, ""second_result"": ""unsat"", ""second_timeout_ms"": 300000, ""z3_reason_unknown"": """"}]",sat,unsat,0.003617776557803154,161.71177157573402,99107579bc3c2c3b0d7a8a6fd1573606,99107579bc3c2c3b0d7a8a6fd1573606,,True,sat,False,False,False,,"{""0"": ""fixed"", ""1"": ""fixed"", ""10"": ""fixed"", ""11"": ""fixed"", ""12"": ""fixed"", ""13"": ""fixed"", ""14"": ""fixed"", ""15"": ""fixed"", ""2"": ""fixed"", ""3"": ""fixed"", ""4"": ""fixed"", ""5"": ""fixed"", ""6"": ""fixed"", ""7"": ""fixed"", ""8"": ""fixed"", ""9"": ""fixed""}","{""0"": ""fixed"", ""1"": ""fixed"", ""2"": ""fixed"", ""3"": ""fixed""}","[0, 1, 2, 3, 4, 5, 6, 7, 8, 9, 10, 11, 12, 13, 14, 15]",[],[],False,full_key_unique,True,uf_axiom,
3bit_gap_mixed__ARK_90__MC_62__SR_118,ARK_90,MC_62,SR_118,,early_late_mixed,gap_early_late_mixed_hard_case,2,64,2,differential,2,"[{""classification"": ""undecided"", ""elapsed"": 330.6893097963184, ""first_result"": ""sat"", ""first_timeout_ms"": 60000, ""query_count"": 32, ""second_result"": ""unknown"", ""second_timeout_ms"": 300000, ""z3_reason_unknown"": ""canceled""}, {""classification"": ""full_key_unique"", ""elapsed"": 189.18352970667183, ""first_result"": ""sat"", ""first_timeout_ms"": 60000, ""query_count"": 64, ""second_result"": ""unsat"", ""second_timeout_ms"": 300000, ""z3_reason_unknown"": """"}]",sat,unsat,0.00400916300714016,188.71591296978295,a66f651322597191ab9f8f8af4c2db61,a66f651322597191ab9f8f8af4c2db61,,True,sat,False,False,False,,"{""0"": ""fixed"", ""1"": ""fixed"", ""10"": ""fixed"", ""11"": ""fixed"", ""12"": ""fixed"", ""13"": ""fixed"", ""14"": ""fixed"", ""15"": ""fixed"", ""2"": ""fixed"", ""3"": ""fixed"", ""4"": ""fixed"", ""5"": ""fixed"", ""6"": ""fixed"", ""7"": ""fixed"", ""8"": ""fixed"", ""9"": ""fixed""}","{""0"": ""fixed"", ""1"": ""fixed"", ""2"": ""fixed"", ""3"": ""fixed""}","[0, 1, 2, 3, 4, 5, 6, 7, 8, 9, 10, 11, 12, 13, 14, 15]",[],[],False,full_key_unique,True,uf_axiom,
3bit_gap_mixed__ARK_122__MC_111__SB_5,ARK_122,MC_111,SB_5,,early_late_mixed,gap_early_late_mixed_hard_case,2,64,2,differential,2,"[{""classification"": ""undecided"", ""elapsed"": 330.44951038993895, ""first_result"": ""sat"", ""first_timeout_ms"": 60000, ""query_count"": 32, ""second_result"": ""unknown"", ""second_timeout_ms"": 300000, ""z3_reason_unknown"": ""canceled""}, {""classification"": ""full_key_unique"", ""elapsed"": 211.66302021965384, ""first_result"": ""sat"", ""first_timeout_ms"": 60000, ""query_count"": 64, ""second_result"": ""unsat"", ""second_timeout_ms"": 300000, ""z3_reason_unknown"": """"}]",sat,unsat,0.0026102308183908463,211.23629917949438,a66f651322597191ab9f8f8af4c2db61,a66f651322597191ab9f8f8af4c2db61,,True,sat,False,False,False,,"{""0"": ""fixed"", ""1"": ""fixed"", ""10"": ""fixed"", ""11"": ""fixed"", ""12"": ""fixed"", ""13"": ""fixed"", ""14"": ""fixed"", ""15"": ""fixed"", ""2"": ""fixed"", ""3"": ""fixed"", ""4"": ""fixed"", ""5"": ""fixed"", ""6"": ""fixed"", ""7"": ""fixed"", ""8"": ""fixed"", ""9"": ""fixed""}","{""0"": ""fixed"", ""1"": ""fixed"", ""2"": ""fixed"", ""3"": ""fixed""}","[0, 1, 2, 3, 4, 5, 6, 7, 8, 9, 10, 11, 12, 13, 14, 15]",[],[],False,full_key_unique,True,uf_axiom,
3bit_gap_mixed__ARK_56__MC_49__SR_96,ARK_56,MC_49,SR_96,,early_late_mixed,gap_early_late_mixed_hard_case,0,64,2,differential,2,"[{""classification"": ""undecided"", ""elapsed"": 330.68150965310633, ""first_result"": ""sat"", ""first_timeout_ms"": 60000, ""query_count"": 32, ""second_result"": ""unknown"", ""second_timeout_ms"": 300000, ""z3_reason_unknown"": ""canceled""}, {""classification"": ""full_key_unique"", ""elapsed"": 211.597168372944, ""first_result"": ""sat"", ""first_timeout_ms"": 60000, ""query_count"": 64, ""second_result"": ""unsat"", ""second_timeout_ms"": 300000, ""z3_reason_unknown"": """"}]",sat,unsat,0.0026221219450235367,211.09391980618238,edf43a9a19e4a3f3bf1eec668bd00cf6,edf43a9a19e4a3f3bf1eec668bd00cf6,,True,sat,False,False,False,,"{""0"": ""fixed"", ""1"": ""fixed"", ""10"": ""fixed"", ""11"": ""fixed"", ""12"": ""fixed"", ""13"": ""fixed"", ""14"": ""fixed"", ""15"": ""fixed"", ""2"": ""fixed"", ""3"": ""fixed"", ""4"": ""fixed"", ""5"": ""fixed"", ""6"": ""fixed"", ""7"": ""fixed"", ""8"": ""fixed"", ""9"": ""fixed""}","{""0"": ""fixed"", ""1"": ""fixed"", ""2"": ""fixed"", ""3"": ""fixed""}","[0, 1, 2, 3, 4, 5, 6, 7, 8, 9, 10, 11, 12, 13, 14, 15]",[],[],False,full_key_unique,True,uf_axiom,
3bit_gap_mixed__MC_114__MC_59__SB_67,MC_114,MC_59,SB_67,,early_late_mixed,gap_early_late_mixed_hard_case,2,64,2,differential,2,"[{""classification"": ""undecided"", ""elapsed"": 330.5057758707553, ""first_result"": ""sat"", ""first_timeout_ms"": 60000, ""query_count"": 32, ""second_result"": ""unknown"", ""second_timeout_ms"": 300000, ""z3_reason_unknown"": ""canceled""}, {""classification"": ""full_key_unique"", ""elapsed"": 219.19998726062477, ""first_result"": ""sat"", ""first_timeout_ms"": 60000, ""query_count"": 64, ""second_result"": ""unsat"", ""second_timeout_ms"": 300000, ""z3_reason_unknown"": """"}]",sat,unsat,0.004251852631568909,218.62803212366998,a66f651322597191ab9f8f8af4c2db61,a66f651322597191ab9f8f8af4c2db61,,True,sat,False,False,False,,"{""0"": ""fixed"", ""1"": ""fixed"", ""10"": ""fixed"", ""11"": ""fixed"", ""12"": ""fixed"", ""13"": ""fixed"", ""14"": ""fixed"", ""15"": ""fixed"", ""2"": ""fixed"", ""3"": ""fixed"", ""4"": ""fixed"", ""5"": ""fixed"", ""6"": ""fixed"", ""7"": ""fixed"", ""8"": ""fixed"", ""9"": ""fixed""}","{""0"": ""fixed"", ""1"": ""fixed"", ""2"": ""fixed"", ""3"": ""fixed""}","[0, 1, 2, 3, 4, 5, 6, 7, 8, 9, 10, 11, 12, 13, 14, 15]",[],[],False,full_key_unique,True,uf_axiom,
3bit_gap_mixed__ARK_63__MC_102__SR_70,ARK_63,MC_102,SR_70,,early_late_mixed,gap_early_late_mixed_hard_case,2,64,2,differential,2,"[{""classification"": ""undecided"", ""elapsed"": 330.735227342695, ""first_result"": ""sat"", ""first_timeout_ms"": 60000, ""query_count"": 32, ""second_result"": ""unknown"", ""second_timeout_ms"": 300000, ""z3_reason_unknown"": ""canceled""}, {""classification"": ""full_key_unique"", ""elapsed"": 222.6672833878547, ""first_result"": ""sat"", ""first_timeout_ms"": 60000, ""query_count"": 64, ""second_result"": ""unsat"", ""second_timeout_ms"": 300000, ""z3_reason_unknown"": """"}]",sat,unsat,0.006894372403621674,221.85149089433253,a66f651322597191ab9f8f8af4c2db61,a66f651322597191ab9f8f8af4c2db61,,True,sat,False,False,False,,"{""0"": ""fixed"", ""1"": ""fixed"", ""10"": ""fixed"", ""11"": ""fixed"", ""12"": ""fixed"", ""13"": ""fixed"", ""14"": ""fixed"", ""15"": ""fixed"", ""2"": ""fixed"", ""3"": ""fixed"", ""4"": ""fixed"", ""5"": ""fixed"", ""6"": ""fixed"", ""7"": ""fixed"", ""8"": ""fixed"", ""9"": ""fixed""}","{""0"": ""fixed"", ""1"": ""fixed"", ""2"": ""fixed"", ""3"": ""fixed""}","[0, 1, 2, 3, 4, 5, 6, 7, 8, 9, 10, 11, 12, 13, 14, 15]",[],[],False,full_key_unique,True,uf_axiom,
3bit_gap_mixed__MC_103__MC_45__SB_125,MC_103,MC_45,SB_125,,early_late_mixed,gap_early_late_mixed_hard_case,1,64,2,differential,2,"[{""classification"": ""undecided"", ""elapsed"": 330.58230680786073, ""first_result"": ""sat"", ""first_timeout_ms"": 60000, ""query_count"": 32, ""second_result"": ""unknown"", ""second_timeout_ms"": 300000, ""z3_reason_unknown"": ""canceled""}, {""classification"": ""full_key_unique"", ""elapsed"": 267.1917841974646, ""first_result"": ""sat"", ""first_timeout_ms"": 60000, ""query_count"": 64, ""second_result"": ""unsat"", ""second_timeout_ms"": 300000, ""z3_reason_unknown"": """"}]",sat,unsat,0.004792904481291771,266.63743025437,99107579bc3c2c3b0d7a8a6fd1573606,99107579bc3c2c3b0d7a8a6fd1573606,,True,sat,False,False,False,,"{""0"": ""fixed"", ""1"": ""fixed"", ""10"": ""fixed"", ""11"": ""fixed"", ""12"": ""fixed"", ""13"": ""fixed"", ""14"": ""fixed"", ""15"": ""fixed"", ""2"": ""fixed"", ""3"": ""fixed"", ""4"": ""fixed"", ""5"": ""fixed"", ""6"": ""fixed"", ""7"": ""fixed"", ""8"": ""fixed"", ""9"": ""fixed""}","{""0"": ""fixed"", ""1"": ""fixed"", ""2"": ""fixed"", ""3"": ""fixed""}","[0, 1, 2, 3, 4, 5, 6, 7, 8, 9, 10, 11, 12, 13, 14, 15]",[],[],False,full_key_unique,True,uf_axiom,
3bit_gap_mixed__ARK_90__MC_62__SR_118,ARK_90,MC_62,SR_118,,early_late_mixed,gap_early_late_mixed_hard_case,1,64,2,differential,2,"[{""classification"": ""undecided"", ""elapsed"": 330.7794024888426, ""first_result"": ""sat"", ""first_timeout_ms"": 60000, ""query_count"": 32, ""second_result"": ""unknown"", ""second_timeout_ms"": 300000, ""z3_reason_unknown"": ""canceled""}, {""classification"": ""full_key_unique"", ""elapsed"": 285.4767877776176, ""first_result"": ""sat"", ""first_timeout_ms"": 60000, ""query_count"": 64, ""second_result"": ""unsat"", ""second_timeout_ms"": 300000, ""z3_reason_unknown"": """"}]",sat,unsat,0.006574844941496849,284.71719562634826,99107579bc3c2c3b0d7a8a6fd1573606,99107579bc3c2c3b0d7a8a6fd1573606,,True,sat,False,False,False,,"{""0"": ""fixed"", ""1"": ""fixed"", ""10"": ""fixed"", ""11"": ""fixed"", ""12"": ""fixed"", ""13"": ""fixed"", ""14"": ""fixed"", ""15"": ""fixed"", ""2"": ""fixed"", ""3"": ""fixed"", ""4"": ""fixed"", ""5"": ""fixed"", ""6"": ""fixed"", ""7"": ""fixed"", ""8"": ""fixed"", ""9"": ""fixed""}","{""0"": ""fixed"", ""1"": ""fixed"", ""2"": ""fixed"", ""3"": ""fixed""}","[0, 1, 2, 3, 4, 5, 6, 7, 8, 9, 10, 11, 12, 13, 14, 15]",[],[],False,full_key_unique,True,uf_axiom,
3bit_gap_mixed__ARK_8__MC_75__SR_63,ARK_8,MC_75,SR_63,,early_late_mixed,gap_early_late_mixed_hard_case,0,96,2,differential,3,"[{""classification"": ""undecided"", ""elapsed"": 330.66824821196496, ""first_result"": ""sat"", ""first_timeout_ms"": 60000, ""query_count"": 32, ""second_result"": ""unknown"", ""second_timeout_ms"": 300000, ""z3_reason_unknown"": ""canceled""}, {""classification"": ""undecided"", ""elapsed"": 330.6459568385035, ""first_result"": ""sat"", ""first_timeout_ms"": 60000, ""query_count"": 64, ""second_result"": ""unknown"", ""second_timeout_ms"": 300000, ""z3_reason_unknown"": ""canceled""}, {""classification"": ""full_key_unique"", ""elapsed"": 69.4743218459189, ""first_result"": ""sat"", ""first_timeout_ms"": 60000, ""query_count"": 96, ""second_result"": ""unsat"", ""second_timeout_ms"": 300000, ""z3_reason_unknown"": """"}]",sat,unsat,0.009621607139706612,68.2524515222758,edf43a9a19e4a3f3bf1eec668bd00cf6,edf43a9a19e4a3f3bf1eec668bd00cf6,,True,sat,False,False,False,,"{""0"": ""fixed"", ""1"": ""fixed"", ""10"": ""fixed"", ""11"": ""fixed"", ""12"": ""fixed"", ""13"": ""fixed"", ""14"": ""fixed"", ""15"": ""fixed"", ""2"": ""fixed"", ""3"": ""fixed"", ""4"": ""fixed"", ""5"": ""fixed"", ""6"": ""fixed"", ""7"": ""fixed"", ""8"": ""fixed"", ""9"": ""fixed""}","{""0"": ""fixed"", ""1"": ""fixed"", ""2"": ""fixed"", ""3"": ""fixed""}","[0, 1, 2, 3, 4, 5, 6, 7, 8, 9, 10, 11, 12, 13, 14, 15]",[],[],False,full_key_unique,True,uf_axiom,
3bit_gap_mixed__MC_103__MC_45__SB_125,MC_103,MC_45,SB_125,,early_late_mixed,gap_early_late_mixed_hard_case,0,96,2,differential,3,"[{""classification"": ""undecided"", ""elapsed"": 330.6838275846094, ""first_result"": ""sat"", ""first_timeout_ms"": 60000, ""query_count"": 32, ""second_result"": ""unknown"", ""second_timeout_ms"": 300000, ""z3_reason_unknown"": ""canceled""}, {""classification"": ""undecided"", ""elapsed"": 330.53011064231396, ""first_result"": ""sat"", ""first_timeout_ms"": 60000, ""query_count"": 64, ""second_result"": ""unknown"", ""second_timeout_ms"": 300000, ""z3_reason_unknown"": ""canceled""}, {""classification"": ""full_key_unique"", ""elapsed"": 87.44431978277862, ""first_result"": ""sat"", ""first_timeout_ms"": 60000, ""query_count"": 96, ""second_result"": ""unsat"", ""second_timeout_ms"": 300000, ""z3_reason_unknown"": """"}]",sat,unsat,0.006363824009895325,86.76954769343138,edf43a9a19e4a3f3bf1eec668bd00cf6,edf43a9a19e4a3f3bf1eec668bd00cf6,,True,sat,False,False,False,,"{""0"": ""fixed"", ""1"": ""fixed"", ""10"": ""fixed"", ""11"": ""fixed"", ""12"": ""fixed"", ""13"": ""fixed"", ""14"": ""fixed"", ""15"": ""fixed"", ""2"": ""fixed"", ""3"": ""fixed"", ""4"": ""fixed"", ""5"": ""fixed"", ""6"": ""fixed"", ""7"": ""fixed"", ""8"": ""fixed"", ""9"": ""fixed""}","{""0"": ""fixed"", ""1"": ""fixed"", ""2"": ""fixed"", ""3"": ""fixed""}","[0, 1, 2, 3, 4, 5, 6, 7, 8, 9, 10, 11, 12, 13, 14, 15]",[],[],False,full_key_unique,True,uf_axiom,
3bit_gap_mixed__ARK_125__MC_27__SB_102,ARK_125,MC_27,SB_102,,early_late_mixed,gap_early_late_mixed_hard_case,2,96,2,differential,3,"[{""classification"": ""undecided"", ""elapsed"": 330.7551720496267, ""first_result"": ""sat"", ""first_timeout_ms"": 60000, ""query_count"": 32, ""second_result"": ""unknown"", ""second_timeout_ms"": 300000, ""z3_reason_unknown"": ""canceled""}, {""classification"": ""undecided"", ""elapsed"": 330.7509982474148, ""first_result"": ""sat"", ""first_timeout_ms"": 60000, ""query_count"": 64, ""second_result"": ""unknown"", ""second_timeout_ms"": 300000, ""z3_reason_unknown"": ""canceled""}, {""classification"": ""full_key_unique"", ""elapsed"": 90.18512919172645, ""first_result"": ""sat"", ""first_timeout_ms"": 60000, ""query_count"": 96, ""second_result"": ""unsat"", ""second_timeout_ms"": 300000, ""z3_reason_unknown"": """"}]",sat,unsat,0.005649203434586525,89.56629602238536,a66f651322597191ab9f8f8af4c2db61,a66f651322597191ab9f8f8af4c2db61,,True,sat,False,False,False,,"{""0"": ""fixed"", ""1"": ""fixed"", ""10"": ""fixed"", ""11"": ""fixed"", ""12"": ""fixed"", ""13"": ""fixed"", ""14"": ""fixed"", ""15"": ""fixed"", ""2"": ""fixed"", ""3"": ""fixed"", ""4"": ""fixed"", ""5"": ""fixed"", ""6"": ""fixed"", ""7"": ""fixed"", ""8"": ""fixed"", ""9"": ""fixed""}","{""0"": ""fixed"", ""1"": ""fixed"", ""2"": ""fixed"", ""3"": ""fixed""}","[0, 1, 2, 3, 4, 5, 6, 7, 8, 9, 10, 11, 12, 13, 14, 15]",[],[],False,full_key_unique,True,uf_axiom,
3bit_gap_mixed__MC_114__MC_59__SB_67,MC_114,MC_59,SB_67,,early_late_mixed,gap_early_late_mixed_hard_case,0,96,2,differential,3,"[{""classification"": ""undecided"", ""elapsed"": 330.67666973918676, ""first_result"": ""sat"", ""first_timeout_ms"": 60000, ""query_count"": 32, ""second_result"": ""unknown"", ""second_timeout_ms"": 300000, ""z3_reason_unknown"": ""canceled""}, {""classification"": ""undecided"", ""elapsed"": 330.8814955763519, ""first_result"": ""sat"", ""first_timeout_ms"": 60000, ""query_count"": 64, ""second_result"": ""unknown"", ""second_timeout_ms"": 300000, ""z3_reason_unknown"": ""canceled""}, {""classification"": ""full_key_unique"", ""elapsed"": 100.9940505772829, ""first_result"": ""sat"", ""first_timeout_ms"": 60000, ""query_count"": 96, ""second_result"": ""unsat"", ""second_timeout_ms"": 300000, ""z3_reason_unknown"": """"}]",sat,unsat,0.006619878113269806,100.30271122418344,edf43a9a19e4a3f3bf1eec668bd00cf6,edf43a9a19e4a3f3bf1eec668bd00cf6,,True,sat,False,False,False,,"{""0"": ""fixed"", ""1"": ""fixed"", ""10"": ""fixed"", ""11"": ""fixed"", ""12"": ""fixed"", ""13"": ""fixed"", ""14"": ""fixed"", ""15"": ""fixed"", ""2"": ""fixed"", ""3"": ""fixed"", ""4"": ""fixed"", ""5"": ""fixed"", ""6"": ""fixed"", ""7"": ""fixed"", ""8"": ""fixed"", ""9"": ""fixed""}","{""0"": ""fixed"", ""1"": ""fixed"", ""2"": ""fixed"", ""3"": ""fixed""}","[0, 1, 2, 3, 4, 5, 6, 7, 8, 9, 10, 11, 12, 13, 14, 15]",[],[],False,full_key_unique,True,uf_axiom,
3bit_gap_mixed__ARK_90__MC_62__SR_118,ARK_90,MC_62,SR_118,,early_late_mixed,gap_early_late_mixed_hard_case,0,96,2,differential,3,"[{""classification"": ""undecided"", ""elapsed"": 330.78833366557956, ""first_result"": ""sat"", ""first_timeout_ms"": 60000, ""query_count"": 32, ""second_result"": ""unknown"", ""second_timeout_ms"": 300000, ""z3_reason_unknown"": ""canceled""}, {""classification"": ""undecided"", ""elapsed"": 330.8182319458574, ""first_result"": ""sat"", ""first_timeout_ms"": 60000, ""query_count"": 64, ""second_result"": ""unknown"", ""second_timeout_ms"": 300000, ""z3_reason_unknown"": ""canceled""}, {""classification"": ""full_key_unique"", ""elapsed"": 109.15133997425437, ""first_result"": ""sat"", ""first_timeout_ms"": 60000, ""query_count"": 96, ""second_result"": ""unsat"", ""second_timeout_ms"": 300000, ""z3_reason_unknown"": """"}]",sat,unsat,0.00957978330552578,108.00047292560339,edf43a9a19e4a3f3bf1eec668bd00cf6,edf43a9a19e4a3f3bf1eec668bd00cf6,,True,sat,False,False,False,,"{""0"": ""fixed"", ""1"": ""fixed"", ""10"": ""fixed"", ""11"": ""fixed"", ""12"": ""fixed"", ""13"": ""fixed"", ""14"": ""fixed"", ""15"": ""fixed"", ""2"": ""fixed"", ""3"": ""fixed"", ""4"": ""fixed"", ""5"": ""fixed"", ""6"": ""fixed"", ""7"": ""fixed"", ""8"": ""fixed"", ""9"": ""fixed""}","{""0"": ""fixed"", ""1"": ""fixed"", ""2"": ""fixed"", ""3"": ""fixed""}","[0, 1, 2, 3, 4, 5, 6, 7, 8, 9, 10, 11, 12, 13, 14, 15]",[],[],False,full_key_unique,True,uf_axiom,
3bit_gap_mixed__ARK_8__MC_75__SR_63,ARK_8,MC_75,SR_63,,early_late_mixed,gap_early_late_mixed_hard_case,1,96,2,differential,3,"[{""classification"": ""undecided"", ""elapsed"": 330.64703440479934, ""first_result"": ""sat"", ""first_timeout_ms"": 60000, ""query_count"": 32, ""second_result"": ""unknown"", ""second_timeout_ms"": 300000, ""z3_reason_unknown"": ""canceled""}, {""classification"": ""undecided"", ""elapsed"": 330.8936220109463, ""first_result"": ""sat"", ""first_timeout_ms"": 60000, ""query_count"": 64, ""second_result"": ""unknown"", ""second_timeout_ms"": 300000, ""z3_reason_unknown"": ""canceled""}, {""classification"": ""full_key_unique"", ""elapsed"": 118.74165848642588, ""first_result"": ""sat"", ""first_timeout_ms"": 60000, ""query_count"": 96, ""second_result"": ""unsat"", ""second_timeout_ms"": 300000, ""z3_reason_unknown"": """"}]",sat,unsat,0.010032599791884422,117.5391464419663,99107579bc3c2c3b0d7a8a6fd1573606,99107579bc3c2c3b0d7a8a6fd1573606,,True,sat,False,False,False,,"{""0"": ""fixed"", ""1"": ""fixed"", ""10"": ""fixed"", ""11"": ""fixed"", ""12"": ""fixed"", ""13"": ""fixed"", ""14"": ""fixed"", ""15"": ""fixed"", ""2"": ""fixed"", ""3"": ""fixed"", ""4"": ""fixed"", ""5"": ""fixed"", ""6"": ""fixed"", ""7"": ""fixed"", ""8"": ""fixed"", ""9"": ""fixed""}","{""0"": ""fixed"", ""1"": ""fixed"", ""2"": ""fixed"", ""3"": ""fixed""}","[0, 1, 2, 3, 4, 5, 6, 7, 8, 9, 10, 11, 12, 13, 14, 15]",[],[],False,full_key_unique,True,uf_axiom,
3bit_gap_mixed__MC_43__MC_82__SB_67,MC_43,MC_82,SB_67,,early_late_mixed,gap_early_late_mixed_hard_case,0,96,2,differential,3,"[{""classification"": ""undecided"", ""elapsed"": 330.77610502019525, ""first_result"": ""sat"", ""first_timeout_ms"": 60000, ""query_count"": 32, ""second_result"": ""unknown"", ""second_timeout_ms"": 300000, ""z3_reason_unknown"": ""canceled""}, {""classification"": ""undecided"", ""elapsed"": 330.42389472573996, ""first_result"": ""sat"", ""first_timeout_ms"": 60000, ""query_count"": 64, ""second_result"": ""unknown"", ""second_timeout_ms"": 300000, ""z3_reason_unknown"": ""canceled""}, {""classification"": ""full_key_unique"", ""elapsed"": 158.79400142095983, ""first_result"": ""sat"", ""first_timeout_ms"": 60000, ""query_count"": 96, ""second_result"": ""unsat"", ""second_timeout_ms"": 300000, ""z3_reason_unknown"": """"}]",sat,unsat,0.005342978984117508,158.14318004064262,edf43a9a19e4a3f3bf1eec668bd00cf6,edf43a9a19e4a3f3bf1eec668bd00cf6,,True,sat,False,False,False,,"{""0"": ""fixed"", ""1"": ""fixed"", ""10"": ""fixed"", ""11"": ""fixed"", ""12"": ""fixed"", ""13"": ""fixed"", ""14"": ""fixed"", ""15"": ""fixed"", ""2"": ""fixed"", ""3"": ""fixed"", ""4"": ""fixed"", ""5"": ""fixed"", ""6"": ""fixed"", ""7"": ""fixed"", ""8"": ""fixed"", ""9"": ""fixed""}","{""0"": ""fixed"", ""1"": ""fixed"", ""2"": ""fixed"", ""3"": ""fixed""}","[0, 1, 2, 3, 4, 5, 6, 7, 8, 9, 10, 11, 12, 13, 14, 15]",[],[],False,full_key_unique,True,uf_axiom,
3bit_gap_mixed__MC_114__MC_59__SB_67,MC_114,MC_59,SB_67,,early_late_mixed,gap_early_late_mixed_hard_case,1,96,2,differential,3,"[{""classification"": ""undecided"", ""elapsed"": 330.56277998909354, ""first_result"": ""sat"", ""first_timeout_ms"": 60000, ""query_count"": 32, ""second_result"": ""unknown"", ""second_timeout_ms"": 300000, ""z3_reason_unknown"": ""canceled""}, {""classification"": ""undecided"", ""elapsed"": 330.83299889974296, ""first_result"": ""sat"", ""first_timeout_ms"": 60000, ""query_count"": 64, ""second_result"": ""unknown"", ""second_timeout_ms"": 300000, ""z3_reason_unknown"": ""canceled""}, {""classification"": ""full_key_unique"", ""elapsed"": 168.19889933429658, ""first_result"": ""sat"", ""first_timeout_ms"": 60000, ""query_count"": 96, ""second_result"": ""unsat"", ""second_timeout_ms"": 300000, ""z3_reason_unknown"": """"}]",sat,unsat,0.01013270579278469,167.0326003730297,99107579bc3c2c3b0d7a8a6fd1573606,99107579bc3c2c3b0d7a8a6fd1573606,,True,sat,False,False,False,,"{""0"": ""fixed"", ""1"": ""fixed"", ""10"": ""fixed"", ""11"": ""fixed"", ""12"": ""fixed"", ""13"": ""fixed"", ""14"": ""fixed"", ""15"": ""fixed"", ""2"": ""fixed"", ""3"": ""fixed"", ""4"": ""fixed"", ""5"": ""fixed"", ""6"": ""fixed"", ""7"": ""fixed"", ""8"": ""fixed"", ""9"": ""fixed""}","{""0"": ""fixed"", ""1"": ""fixed"", ""2"": ""fixed"", ""3"": ""fixed""}","[0, 1, 2, 3, 4, 5, 6, 7, 8, 9, 10, 11, 12, 13, 14, 15]",[],[],False,full_key_unique,True,uf_axiom,
3bit_gap_mixed__ARK_15__MC_123__SB_63,ARK_15,MC_123,SB_63,,early_late_mixed,gap_early_late_mixed_hard_case,1,96,2,differential,3,"[{""classification"": ""undecided"", ""elapsed"": 330.73686229251325, ""first_result"": ""sat"", ""first_timeout_ms"": 60000, ""query_count"": 32, ""second_result"": ""unknown"", ""second_timeout_ms"": 300000, ""z3_reason_unknown"": ""canceled""}, {""classification"": ""undecided"", ""elapsed"": 330.7550273947418, ""first_result"": ""sat"", ""first_timeout_ms"": 60000, ""query_count"": 64, ""second_result"": ""unknown"", ""second_timeout_ms"": 300000, ""z3_reason_unknown"": ""canceled""}, {""classification"": ""full_key_unique"", ""elapsed"": 180.87105592526495, ""first_result"": ""sat"", ""first_timeout_ms"": 60000, ""query_count"": 96, ""second_result"": ""unsat"", ""second_timeout_ms"": 300000, ""z3_reason_unknown"": """"}]",sat,unsat,0.0065193772315979,180.20426966249943,99107579bc3c2c3b0d7a8a6fd1573606,99107579bc3c2c3b0d7a8a6fd1573606,,True,sat,False,False,False,,"{""0"": ""fixed"", ""1"": ""fixed"", ""10"": ""fixed"", ""11"": ""fixed"", ""12"": ""fixed"", ""13"": ""fixed"", ""14"": ""fixed"", ""15"": ""fixed"", ""2"": ""fixed"", ""3"": ""fixed"", ""4"": ""fixed"", ""5"": ""fixed"", ""6"": ""fixed"", ""7"": ""fixed"", ""8"": ""fixed"", ""9"": ""fixed""}","{""0"": ""fixed"", ""1"": ""fixed"", ""2"": ""fixed"", ""3"": ""fixed""}","[0, 1, 2, 3, 4, 5, 6, 7, 8, 9, 10, 11, 12, 13, 14, 15]",[],[],False,full_key_unique,True,uf_axiom,
3bit_gap_mixed__ARK_24__MC_34__SB_27,ARK_24,MC_34,SB_27,,early_late_mixed,gap_early_late_mixed_hard_case,2,96,2,differential,3,"[{""classification"": ""undecided"", ""elapsed"": 330.7377829439938, ""first_result"": ""sat"", ""first_timeout_ms"": 60000, ""query_count"": 32, ""second_result"": ""unknown"", ""second_timeout_ms"": 300000, ""z3_reason_unknown"": ""canceled""}, {""classification"": ""undecided"", ""elapsed"": 330.4850829709321, ""first_result"": ""sat"", ""first_timeout_ms"": 60000, ""query_count"": 64, ""second_result"": ""unknown"", ""second_timeout_ms"": 300000, ""z3_reason_unknown"": ""canceled""}, {""classification"": ""full_key_unique"", ""elapsed"": 241.93670008331537, ""first_result"": ""sat"", ""first_timeout_ms"": 60000, ""query_count"": 96, ""second_result"": ""unsat"", ""second_timeout_ms"": 300000, ""z3_reason_unknown"": """"}]",sat,unsat,0.008663872256875038,240.75267528742552,a66f651322597191ab9f8f8af4c2db61,a66f651322597191ab9f8f8af4c2db61,,True,sat,False,False,False,,"{""0"": ""fixed"", ""1"": ""fixed"", ""10"": ""fixed"", ""11"": ""fixed"", ""12"": ""fixed"", ""13"": ""fixed"", ""14"": ""fixed"", ""15"": ""fixed"", ""2"": ""fixed"", ""3"": ""fixed"", ""4"": ""fixed"", ""5"": ""fixed"", ""6"": ""fixed"", ""7"": ""fixed"", ""8"": ""fixed"", ""9"": ""fixed""}","{""0"": ""fixed"", ""1"": ""fixed"", ""2"": ""fixed"", ""3"": ""fixed""}","[0, 1, 2, 3, 4, 5, 6, 7, 8, 9, 10, 11, 12, 13, 14, 15]",[],[],False,full_key_unique,True,uf_axiom,
3bit_gap_mixed__ARK_15__MC_123__SB_63,ARK_15,MC_123,SB_63,,early_late_mixed,gap_early_late_mixed_hard_case,2,128,2,differential,4,"[{""classification"": ""undecided"", ""elapsed"": 330.7747893445194, ""first_result"": ""sat"", ""first_timeout_ms"": 60000, ""query_count"": 32, ""second_result"": ""unknown"", ""second_timeout_ms"": 300000, ""z3_reason_unknown"": ""canceled""}, {""classification"": ""undecided"", ""elapsed"": 330.42547255940735, ""first_result"": ""sat"", ""first_timeout_ms"": 60000, ""query_count"": 64, ""second_result"": ""unknown"", ""second_timeout_ms"": 300000, ""z3_reason_unknown"": ""canceled""}, {""classification"": ""undecided"", ""elapsed"": 331.12318072654307, ""first_result"": ""sat"", ""first_timeout_ms"": 60000, ""query_count"": 96, ""second_result"": ""unknown"", ""second_timeout_ms"": 300000, ""z3_reason_unknown"": ""canceled""}, {""classification"": ""full_key_unique"", ""elapsed"": 30.4205633867532, ""first_result"": ""sat"", ""first_timeout_ms"": 60000, ""query_count"": 128, ""second_result"": ""unsat"", ""second_timeout_ms"": 300000, ""z3_reason_unknown"": """"}]",sat,unsat,0.008445125073194504,29.63223690725863,a66f651322597191ab9f8f8af4c2db61,a66f651322597191ab9f8f8af4c2db61,,True,sat,False,False,False,,"{""0"": ""fixed"", ""1"": ""fixed"", ""10"": ""fixed"", ""11"": ""fixed"", ""12"": ""fixed"", ""13"": ""fixed"", ""14"": ""fixed"", ""15"": ""fixed"", ""2"": ""fixed"", ""3"": ""fixed"", ""4"": ""fixed"", ""5"": ""fixed"", ""6"": ""fixed"", ""7"": ""fixed"", ""8"": ""fixed"", ""9"": ""fixed""}","{""0"": ""fixed"", ""1"": ""fixed"", ""2"": ""fixed"", ""3"": ""fixed""}","[0, 1, 2, 3, 4, 5, 6, 7, 8, 9, 10, 11, 12, 13, 14, 15]",[],[],False,full_key_unique,True,uf_axiom,
3bit_gap_mixed__ARK_24__MC_34__SB_27,ARK_24,MC_34,SB_27,,early_late_mixed,gap_early_late_mixed_hard_case,1,128,2,differential,4,"[{""classification"": ""undecided"", ""elapsed"": 330.7033698298037, ""first_result"": ""sat"", ""first_timeout_ms"": 60000, ""query_count"": 32, ""second_result"": ""unknown"", ""second_timeout_ms"": 300000, ""z3_reason_unknown"": ""canceled""}, {""classification"": ""undecided"", ""elapsed"": 330.57336447387934, ""first_result"": ""sat"", ""first_timeout_ms"": 60000, ""query_count"": 64, ""second_result"": ""unknown"", ""second_timeout_ms"": 300000, ""z3_reason_unknown"": ""canceled""}, {""classification"": ""undecided"", ""elapsed"": 330.7190109398216, ""first_result"": ""sat"", ""first_timeout_ms"": 60000, ""query_count"": 96, ""second_result"": ""unknown"", ""second_timeout_ms"": 300000, ""z3_reason_unknown"": ""canceled""}, {""classification"": ""full_key_unique"", ""elapsed"": 46.92886087857187, ""first_result"": ""sat"", ""first_timeout_ms"": 60000, ""query_count"": 128, ""second_result"": ""unsat"", ""second_timeout_ms"": 300000, ""z3_reason_unknown"": """"}]",sat,unsat,0.007163248956203461,46.14529401063919,99107579bc3c2c3b0d7a8a6fd1573606,99107579bc3c2c3b0d7a8a6fd1573606,,True,sat,False,False,False,,"{""0"": ""fixed"", ""1"": ""fixed"", ""10"": ""fixed"", ""11"": ""fixed"", ""12"": ""fixed"", ""13"": ""fixed"", ""14"": ""fixed"", ""15"": ""fixed"", ""2"": ""fixed"", ""3"": ""fixed"", ""4"": ""fixed"", ""5"": ""fixed"", ""6"": ""fixed"", ""7"": ""fixed"", ""8"": ""fixed"", ""9"": ""fixed""}","{""0"": ""fixed"", ""1"": ""fixed"", ""2"": ""fixed"", ""3"": ""fixed""}","[0, 1, 2, 3, 4, 5, 6, 7, 8, 9, 10, 11, 12, 13, 14, 15]",[],[],False,full_key_unique,True,uf_axiom,
3bit_gap_mixed__ARK_63__MC_102__SR_70,ARK_63,MC_102,SR_70,,early_late_mixed,gap_early_late_mixed_hard_case,1,128,2,differential,4,"[{""classification"": ""undecided"", ""elapsed"": 330.7772532403469, ""first_result"": ""sat"", ""first_timeout_ms"": 60000, ""query_count"": 32, ""second_result"": ""unknown"", ""second_timeout_ms"": 300000, ""z3_reason_unknown"": ""canceled""}, {""classification"": ""undecided"", ""elapsed"": 330.43614668771625, ""first_result"": ""sat"", ""first_timeout_ms"": 60000, ""query_count"": 64, ""second_result"": ""unknown"", ""second_timeout_ms"": 300000, ""z3_reason_unknown"": ""canceled""}, {""classification"": ""undecided"", ""elapsed"": 330.7218721397221, ""first_result"": ""sat"", ""first_timeout_ms"": 60000, ""query_count"": 96, ""second_result"": ""unknown"", ""second_timeout_ms"": 300000, ""z3_reason_unknown"": ""canceled""}, {""classification"": ""full_key_unique"", ""elapsed"": 48.50699361972511, ""first_result"": ""sat"", ""first_timeout_ms"": 60000, ""query_count"": 128, ""second_result"": ""unsat"", ""second_timeout_ms"": 300000, ""z3_reason_unknown"": """"}]",sat,unsat,0.00811474584043026,47.71345408074558,99107579bc3c2c3b0d7a8a6fd1573606,99107579bc3c2c3b0d7a8a6fd1573606,,True,sat,False,False,False,,"{""0"": ""fixed"", ""1"": ""fixed"", ""10"": ""fixed"", ""11"": ""fixed"", ""12"": ""fixed"", ""13"": ""fixed"", ""14"": ""fixed"", ""15"": ""fixed"", ""2"": ""fixed"", ""3"": ""fixed"", ""4"": ""fixed"", ""5"": ""fixed"", ""6"": ""fixed"", ""7"": ""fixed"", ""8"": ""fixed"", ""9"": ""fixed""}","{""0"": ""fixed"", ""1"": ""fixed"", ""2"": ""fixed"", ""3"": ""fixed""}","[0, 1, 2, 3, 4, 5, 6, 7, 8, 9, 10, 11, 12, 13, 14, 15]",[],[],False,full_key_unique,True,uf_axiom,
3bit_gap_mixed__ARK_125__MC_27__SB_102,ARK_125,MC_27,SB_102,,early_late_mixed,gap_early_late_mixed_hard_case,1,128,2,differential,4,"[{""classification"": ""undecided"", ""elapsed"": 330.7121263165027, ""first_result"": ""sat"", ""first_timeout_ms"": 60000, ""query_count"": 32, ""second_result"": ""unknown"", ""second_timeout_ms"": 300000, ""z3_reason_unknown"": ""canceled""}, {""classification"": ""undecided"", ""elapsed"": 330.43075964413583, ""first_result"": ""sat"", ""first_timeout_ms"": 60000, ""query_count"": 64, ""second_result"": ""unknown"", ""second_timeout_ms"": 300000, ""z3_reason_unknown"": ""canceled""}, {""classification"": ""undecided"", ""elapsed"": 330.6629510074854, ""first_result"": ""sat"", ""first_timeout_ms"": 60000, ""query_count"": 96, ""second_result"": ""unknown"", ""second_timeout_ms"": 300000, ""z3_reason_unknown"": ""canceled""}, {""classification"": ""full_key_unique"", ""elapsed"": 73.2075075916946, ""first_result"": ""sat"", ""first_timeout_ms"": 60000, ""query_count"": 128, ""second_result"": ""unsat"", ""second_timeout_ms"": 300000, ""z3_reason_unknown"": """"}]",sat,unsat,0.011950697749853134,71.74299295991659,99107579bc3c2c3b0d7a8a6fd1573606,99107579bc3c2c3b0d7a8a6fd1573606,,True,sat,False,False,False,,"{""0"": ""fixed"", ""1"": ""fixed"", ""10"": ""fixed"", ""11"": ""fixed"", ""12"": ""fixed"", ""13"": ""fixed"", ""14"": ""fixed"", ""15"": ""fixed"", ""2"": ""fixed"", ""3"": ""fixed"", ""4"": ""fixed"", ""5"": ""fixed"", ""6"": ""fixed"", ""7"": ""fixed"", ""8"": ""fixed"", ""9"": ""fixed""}","{""0"": ""fixed"", ""1"": ""fixed"", ""2"": ""fixed"", ""3"": ""fixed""}","[0, 1, 2, 3, 4, 5, 6, 7, 8, 9, 10, 11, 12, 13, 14, 15]",[],[],False,full_key_unique,True,uf_axiom,
3bit_gap_mixed__ARK_63__MC_102__SR_70,ARK_63,MC_102,SR_70,,early_late_mixed,gap_early_late_mixed_hard_case,0,128,2,differential,4,"[{""classification"": ""undecided"", ""elapsed"": 330.78331938944757, ""first_result"": ""sat"", ""first_timeout_ms"": 60000, ""query_count"": 32, ""second_result"": ""unknown"", ""second_timeout_ms"": 300000, ""z3_reason_unknown"": ""canceled""}, {""classification"": ""undecided"", ""elapsed"": 330.4239784963429, ""first_result"": ""sat"", ""first_timeout_ms"": 60000, ""query_count"": 64, ""second_result"": ""unknown"", ""second_timeout_ms"": 300000, ""z3_reason_unknown"": ""canceled""}, {""classification"": ""undecided"", ""elapsed"": 331.2319701910019, ""first_result"": ""sat"", ""first_timeout_ms"": 60000, ""query_count"": 96, ""second_result"": ""unknown"", ""second_timeout_ms"": 300000, ""z3_reason_unknown"": ""canceled""}, {""classification"": ""full_key_unique"", ""elapsed"": 130.14351834729314, ""first_result"": ""sat"", ""first_timeout_ms"": 60000, ""query_count"": 128, ""second_result"": ""unsat"", ""second_timeout_ms"": 300000, ""z3_reason_unknown"": """"}]",sat,unsat,0.009166575968265533,129.34892133809626,edf43a9a19e4a3f3bf1eec668bd00cf6,edf43a9a19e4a3f3bf1eec668bd00cf6,,True,sat,False,False,False,,"{""0"": ""fixed"", ""1"": ""fixed"", ""10"": ""fixed"", ""11"": ""fixed"", ""12"": ""fixed"", ""13"": ""fixed"", ""14"": ""fixed"", ""15"": ""fixed"", ""2"": ""fixed"", ""3"": ""fixed"", ""4"": ""fixed"", ""5"": ""fixed"", ""6"": ""fixed"", ""7"": ""fixed"", ""8"": ""fixed"", ""9"": ""fixed""}","{""0"": ""fixed"", ""1"": ""fixed"", ""2"": ""fixed"", ""3"": ""fixed""}","[0, 1, 2, 3, 4, 5, 6, 7, 8, 9, 10, 11, 12, 13, 14, 15]",[],[],False,full_key_unique,True,uf_axiom,
3bit_gap_mixed__MC_103__MC_45__SB_125,MC_103,MC_45,SB_125,,early_late_mixed,gap_early_late_mixed_hard_case,2,128,2,differential,4,"[{""classification"": ""undecided"", ""elapsed"": 330.7214675974101, ""first_result"": ""sat"", ""first_timeout_ms"": 60000, ""query_count"": 32, ""second_result"": ""unknown"", ""second_timeout_ms"": 300000, ""z3_reason_unknown"": ""canceled""}, {""classification"": ""undecided"", ""elapsed"": 330.4889280553907, ""first_result"": ""sat"", ""first_timeout_ms"": 60000, ""query_count"": 64, ""second_result"": ""unknown"", ""second_timeout_ms"": 300000, ""z3_reason_unknown"": ""canceled""}, {""classification"": ""undecided"", ""elapsed"": 330.65377181209624, ""first_result"": ""sat"", ""first_timeout_ms"": 60000, ""query_count"": 96, ""second_result"": ""unknown"", ""second_timeout_ms"": 300000, ""z3_reason_unknown"": ""canceled""}, {""classification"": ""full_key_unique"", ""elapsed"": 148.38909190520644, ""first_result"": ""sat"", ""first_timeout_ms"": 60000, ""query_count"": 128, ""second_result"": ""unsat"", ""second_timeout_ms"": 300000, ""z3_reason_unknown"": """"}]",sat,unsat,0.007562495768070221,147.56372468546033,a66f651322597191ab9f8f8af4c2db61,a66f651322597191ab9f8f8af4c2db61,,True,sat,False,False,False,,"{""0"": ""fixed"", ""1"": ""fixed"", ""10"": ""fixed"", ""11"": ""fixed"", ""12"": ""fixed"", ""13"": ""fixed"", ""14"": ""fixed"", ""15"": ""fixed"", ""2"": ""fixed"", ""3"": ""fixed"", ""4"": ""fixed"", ""5"": ""fixed"", ""6"": ""fixed"", ""7"": ""fixed"", ""8"": ""fixed"", ""9"": ""fixed""}","{""0"": ""fixed"", ""1"": ""fixed"", ""2"": ""fixed"", ""3"": ""fixed""}","[0, 1, 2, 3, 4, 5, 6, 7, 8, 9, 10, 11, 12, 13, 14, 15]",[],[],False,full_key_unique,True,uf_axiom,
3bit_gap_mixed__ARK_15__MC_123__SB_63,ARK_15,MC_123,SB_63,,early_late_mixed,gap_early_late_mixed_hard_case,0,128,2,differential,4,"[{""classification"": ""undecided"", ""elapsed"": 330.6860521733761, ""first_result"": ""sat"", ""first_timeout_ms"": 60000, ""query_count"": 32, ""second_result"": ""unknown"", ""second_timeout_ms"": 300000, ""z3_reason_unknown"": ""canceled""}, {""classification"": ""undecided"", ""elapsed"": 330.45535327121615, ""first_result"": ""sat"", ""first_timeout_ms"": 60000, ""query_count"": 64, ""second_result"": ""unknown"", ""second_timeout_ms"": 300000, ""z3_reason_unknown"": ""canceled""}, {""classification"": ""undecided"", ""elapsed"": 330.6770299375057, ""first_result"": ""sat"", ""first_timeout_ms"": 60000, ""query_count"": 96, ""second_result"": ""unknown"", ""second_timeout_ms"": 300000, ""z3_reason_unknown"": ""canceled""}, {""classification"": ""full_key_unique"", ""elapsed"": 295.2023323122412, ""first_result"": ""sat"", ""first_timeout_ms"": 60000, ""query_count"": 128, ""second_result"": ""unsat"", ""second_timeout_ms"": 300000, ""z3_reason_unknown"": """"}]",sat,unsat,0.01292451098561287,293.6704635731876,edf43a9a19e4a3f3bf1eec668bd00cf6,edf43a9a19e4a3f3bf1eec668bd00cf6,,True,sat,False,False,False,,"{""0"": ""fixed"", ""1"": ""fixed"", ""10"": ""fixed"", ""11"": ""fixed"", ""12"": ""fixed"", ""13"": ""fixed"", ""14"": ""fixed"", ""15"": ""fixed"", ""2"": ""fixed"", ""3"": ""fixed"", ""4"": ""fixed"", ""5"": ""fixed"", ""6"": ""fixed"", ""7"": ""fixed"", ""8"": ""fixed"", ""9"": ""fixed""}","{""0"": ""fixed"", ""1"": ""fixed"", ""2"": ""fixed"", ""3"": ""fixed""}","[0, 1, 2, 3, 4, 5, 6, 7, 8, 9, 10, 11, 12, 13, 14, 15]",[],[],False,full_key_unique,True,uf_axiom,
3bit_gap_mixed__ARK_59__SB_106__SR_64,ARK_59,SB_106,SR_64,,early_late_mixed,gap_early_late_mixed_hard_case,0,192,2,differential,5,"[{""classification"": ""undecided"", ""elapsed"": 330.70611516200006, ""first_result"": ""sat"", ""first_timeout_ms"": 60000, ""query_count"": 32, ""second_result"": ""unknown"", ""second_timeout_ms"": 300000, ""z3_reason_unknown"": ""canceled""}, {""classification"": ""undecided"", ""elapsed"": 330.4463910423219, ""first_result"": ""sat"", ""first_timeout_ms"": 60000, ""query_count"": 64, ""second_result"": ""unknown"", ""second_timeout_ms"": 300000, ""z3_reason_unknown"": ""canceled""}, {""classification"": ""undecided"", ""elapsed"": 331.106819761917, ""first_result"": ""sat"", ""first_timeout_ms"": 60000, ""query_count"": 96, ""second_result"": ""unknown"", ""second_timeout_ms"": 300000, ""z3_reason_unknown"": ""canceled""}, {""classification"": ""undecided"", ""elapsed"": 330.81122115813196, ""first_result"": ""sat"", ""first_timeout_ms"": 60000, ""query_count"": 128, ""second_result"": ""unknown"", ""second_timeout_ms"": 300000, ""z3_reason_unknown"": ""canceled""}, {""classification"": ""full_key_unique"", ""elapsed"": 263.2182457074523, ""first_result"": ""sat"", ""first_timeout_ms"": 120000, ""query_count"": 192, ""second_result"": ""unsat"", ""second_timeout_ms"": 600000, ""z3_reason_unknown"": """"}]",sat,unsat,0.01973172463476658,261.3582653515041,edf43a9a19e4a3f3bf1eec668bd00cf6,edf43a9a19e4a3f3bf1eec668bd00cf6,,True,sat,False,False,False,,"{""0"": ""fixed"", ""1"": ""fixed"", ""10"": ""fixed"", ""11"": ""fixed"", ""12"": ""fixed"", ""13"": ""fixed"", ""14"": ""fixed"", ""15"": ""fixed"", ""2"": ""fixed"", ""3"": ""fixed"", ""4"": ""fixed"", ""5"": ""fixed"", ""6"": ""fixed"", ""7"": ""fixed"", ""8"": ""fixed"", ""9"": ""fixed""}","{""0"": ""fixed"", ""1"": ""fixed"", ""2"": ""fixed"", ""3"": ""fixed""}","[0, 1, 2, 3, 4, 5, 6, 7, 8, 9, 10, 11, 12, 13, 14, 15]",[],[],False,full_key_unique,True,uf_axiom,
3bit_gap_mixed__ARK_93__SB_20__SR_66,ARK_93,SB_20,SR_66,,early_late_mixed,gap_early_late_mixed_hard_case,0,32,2,differential,1,"[{""classification"": ""ambiguity"", ""elapsed"": 10.45081564411521, ""first_result"": ""sat"", ""first_timeout_ms"": 60000, ""query_count"": 32, ""second_result"": ""sat"", ""second_timeout_ms"": 300000, ""z3_reason_unknown"": """"}]",sat,sat,0.0021832920610904694,6.748524544760585,edf43a9a19e4a3f3bf1eec668bd00cf6,edf43a9a19e4a3f3bf1eec668bd00cf6,dc1e3420ac0011e3bf13c60036d04cb9,True,sat,False,False,False,,"{""0"": ""free"", ""1"": ""free"", ""10"": ""free"", ""11"": ""free"", ""12"": ""free"", ""13"": ""fixed"", ""14"": ""free"", ""15"": ""free"", ""2"": ""free"", ""3"": ""free"", ""4"": ""free"", ""5"": ""free"", ""6"": ""free"", ""7"": ""free"", ""8"": ""fixed"", ""9"": ""free""}","{""0"": ""free"", ""1"": ""free"", ""2"": ""free"", ""3"": ""free""}","[8, 13]","[0, 1, 2, 3, 4, 5, 6, 7, 9, 10, 11, 12, 14, 15]",[],False,ambiguity,False,uf_axiom,
3bit_gap_mixed__ARK_23__MC_23__SR_15,ARK_23,MC_23,SR_15,,early_late_mixed,gap_early_late_mixed_hard_case,1,32,2,differential,1,"[{""classification"": ""ambiguity"", ""elapsed"": 18.72768455184996, ""first_result"": ""sat"", ""first_timeout_ms"": 60000, ""query_count"": 32, ""second_result"": ""sat"", ""second_timeout_ms"": 300000, ""z3_reason_unknown"": """"}]",sat,sat,0.002979699522256851,18.057477235794067,99107579bc3c2c3b0d7a8a6fd1573606,99107579bc3c2c3b0d7a8a6fd1573606,20c90094deb68c7b1fe480888c524972,True,sat,False,False,False,,"{""0"": ""free"", ""1"": ""free"", ""10"": ""free"", ""11"": ""free"", ""12"": ""free"", ""13"": ""free"", ""14"": ""free"", ""15"": ""free"", ""2"": ""free"", ""3"": ""free"", ""4"": ""free"", ""5"": ""free"", ""6"": ""free"", ""7"": ""free"", ""8"": ""free"", ""9"": ""free""}","{""0"": ""free"", ""1"": ""free"", ""2"": ""free"", ""3"": ""free""}",[],"[0, 1, 2, 3, 4, 5, 6, 7, 8, 9, 10, 11, 12, 13, 14, 15]",[],False,ambiguity,False,uf_axiom,
3bit_gap_mixed__ARK_23__MC_23__SR_15,ARK_23,MC_23,SR_15,,early_late_mixed,gap_early_late_mixed_hard_case,0,32,2,differential,1,"[{""classification"": ""ambiguity"", ""elapsed"": 21.20384202338755, ""first_result"": ""sat"", ""first_timeout_ms"": 60000, ""query_count"": 32, ""second_result"": ""sat"", ""second_timeout_ms"": 300000, ""z3_reason_unknown"": """"}]",sat,sat,0.0018476564437150955,20.62848043255508,edf43a9a19e4a3f3bf1eec668bd00cf6,edf43a9a19e4a3f3bf1eec668bd00cf6,0e4090347999dd14638c5008a128a605,True,sat,False,False,False,,"{""0"": ""free"", ""1"": ""free"", ""10"": ""free"", ""11"": ""free"", ""12"": ""free"", ""13"": ""free"", ""14"": ""free"", ""15"": ""free"", ""2"": ""free"", ""3"": ""free"", ""4"": ""free"", ""5"": ""free"", ""6"": ""free"", ""7"": ""free"", ""8"": ""free"", ""9"": ""free""}","{""0"": ""free"", ""1"": ""free"", ""2"": ""free"", ""3"": ""free""}",[],"[0, 1, 2, 3, 4, 5, 6, 7, 8, 9, 10, 11, 12, 13, 14, 15]",[],False,ambiguity,False,uf_axiom,
3bit_gap_mixed__ARK_3__SB_49__SB_9,ARK_3,SB_49,SB_9,,early_late_mixed,gap_early_late_mixed_hard_case,0,32,2,differential,1,"[{""classification"": ""ambiguity"", ""elapsed"": 21.789438338950276, ""first_result"": ""sat"", ""first_timeout_ms"": 60000, ""query_count"": 32, ""second_result"": ""sat"", ""second_timeout_ms"": 300000, ""z3_reason_unknown"": """"}]",sat,sat,0.0022303499281406403,21.30766610428691,edf43a9a19e4a3f3bf1eec668bd00cf6,edf43a9a19e4a3f3bf1eec668bd00cf6,07c3a3c6408404d89b18c85742ec0d54,True,sat,False,False,False,,"{""0"": ""free"", ""1"": ""free"", ""10"": ""free"", ""11"": ""free"", ""12"": ""free"", ""13"": ""free"", ""14"": ""free"", ""15"": ""free"", ""2"": ""free"", ""3"": ""free"", ""4"": ""free"", ""5"": ""free"", ""6"": ""free"", ""7"": ""free"", ""8"": ""free"", ""9"": ""free""}","{""0"": ""free"", ""1"": ""free"", ""2"": ""free"", ""3"": ""free""}",[],"[0, 1, 2, 3, 4, 5, 6, 7, 8, 9, 10, 11, 12, 13, 14, 15]",[],False,ambiguity,False,uf_axiom,
3bit_gap_mixed__ARK_71__MC_66__SR_16,ARK_71,MC_66,SR_16,,early_late_mixed,gap_early_late_mixed_hard_case,0,32,2,differential,1,"[{""classification"": ""ambiguity"", ""elapsed"": 24.954244950786233, ""first_result"": ""sat"", ""first_timeout_ms"": 60000, ""query_count"": 32, ""second_result"": ""sat"", ""second_timeout_ms"": 300000, ""z3_reason_unknown"": """"}]",sat,sat,0.003639092668890953,22.226132420822978,edf43a9a19e4a3f3bf1eec668bd00cf6,edf43a9a19e4a3f3bf1eec668bd00cf6,1175144df9fa0105bf07150a40d04fe4,True,sat,False,False,False,,"{""0"": ""free"", ""1"": ""free"", ""10"": ""free"", ""11"": ""free"", ""12"": ""free"", ""13"": ""fixed"", ""14"": ""free"", ""15"": ""free"", ""2"": ""free"", ""3"": ""free"", ""4"": ""free"", ""5"": ""free"", ""6"": ""free"", ""7"": ""free"", ""8"": ""fixed"", ""9"": ""free""}","{""0"": ""free"", ""1"": ""free"", ""2"": ""free"", ""3"": ""free""}","[8, 13]","[0, 1, 2, 3, 4, 5, 6, 7, 9, 10, 11, 12, 14, 15]",[],False,ambiguity,False,uf_axiom,
3bit_gap_mixed__MC_117__SB_56__SR_127,MC_117,SB_56,SR_127,,early_late_mixed,gap_early_late_mixed_hard_case,1,32,2,differential,1,"[{""classification"": ""ambiguity"", ""elapsed"": 25.03953460417688, ""first_result"": ""sat"", ""first_timeout_ms"": 60000, ""query_count"": 32, ""second_result"": ""sat"", ""second_timeout_ms"": 300000, ""z3_reason_unknown"": """"}]",sat,sat,0.0033577699214220047,24.441449223086238,99107579bc3c2c3b0d7a8a6fd1573606,99107579bc3c2c3b0d7a8a6fd1573606,89720f70b396c728016647e30855ff9f,True,sat,False,False,False,,"{""0"": ""free"", ""1"": ""free"", ""10"": ""free"", ""11"": ""free"", ""12"": ""free"", ""13"": ""free"", ""14"": ""free"", ""15"": ""free"", ""2"": ""free"", ""3"": ""free"", ""4"": ""free"", ""5"": ""free"", ""6"": ""free"", ""7"": ""free"", ""8"": ""free"", ""9"": ""free""}","{""0"": ""free"", ""1"": ""free"", ""2"": ""free"", ""3"": ""free""}",[],"[0, 1, 2, 3, 4, 5, 6, 7, 8, 9, 10, 11, 12, 13, 14, 15]",[],False,ambiguity,False,uf_axiom,
3bit_gap_mixed__ARK_72__SB_85__SB_98,ARK_72,SB_85,SB_98,,early_late_mixed,gap_early_late_mixed_hard_case,1,32,2,differential,1,"[{""classification"": ""ambiguity"", ""elapsed"": 28.982860499992967, ""first_result"": ""sat"", ""first_timeout_ms"": 60000, ""query_count"": 32, ""second_result"": ""sat"", ""second_timeout_ms"": 300000, ""z3_reason_unknown"": """"}]",sat,sat,0.0042654238641262054,28.22759418003261,99107579bc3c2c3b0d7a8a6fd1573606,99107579bc3c2c3b0d7a8a6fd1573606,409eb53e54a11109c500ff079a08bfbe,True,sat,False,False,False,,"{""0"": ""free"", ""1"": ""free"", ""10"": ""free"", ""11"": ""free"", ""12"": ""free"", ""13"": ""free"", ""14"": ""free"", ""15"": ""free"", ""2"": ""free"", ""3"": ""free"", ""4"": ""free"", ""5"": ""free"", ""6"": ""free"", ""7"": ""free"", ""8"": ""free"", ""9"": ""free""}","{""0"": ""free"", ""1"": ""free"", ""2"": ""free"", ""3"": ""free""}",[],"[0, 1, 2, 3, 4, 5, 6, 7, 8, 9, 10, 11, 12, 13, 14, 15]",[],False,ambiguity,False,uf_axiom,
3bit_gap_mixed__MC_55__SB_23__SR_39,MC_55,SB_23,SR_39,,early_late_mixed,gap_early_late_mixed_hard_case,0,32,2,differential,1,"[{""classification"": ""ambiguity"", ""elapsed"": 36.17262203618884, ""first_result"": ""sat"", ""first_timeout_ms"": 60000, ""query_count"": 32, ""second_result"": ""sat"", ""second_timeout_ms"": 300000, ""z3_reason_unknown"": """"}]",sat,sat,0.002131350338459015,35.72220899164677,edf43a9a19e4a3f3bf1eec668bd00cf6,edf43a9a19e4a3f3bf1eec668bd00cf6,883081d788172c4a4c03835847020064,True,sat,False,False,False,,"{""0"": ""free"", ""1"": ""free"", ""10"": ""free"", ""11"": ""free"", ""12"": ""free"", ""13"": ""free"", ""14"": ""free"", ""15"": ""free"", ""2"": ""free"", ""3"": ""free"", ""4"": ""free"", ""5"": ""free"", ""6"": ""free"", ""7"": ""free"", ""8"": ""free"", ""9"": ""free""}","{""0"": ""free"", ""1"": ""free"", ""2"": ""free"", ""3"": ""free""}",[],"[0, 1, 2, 3, 4, 5, 6, 7, 8, 9, 10, 11, 12, 13, 14, 15]",[],False,ambiguity,False,uf_axiom,
3bit_gap_mixed__ARK_32__MC_58__SR_36,ARK_32,MC_58,SR_36,,early_late_mixed,gap_early_late_mixed_hard_case,2,32,2,differential,1,"[{""classification"": ""ambiguity"", ""elapsed"": 36.62274023890495, ""first_result"": ""sat"", ""first_timeout_ms"": 60000, ""query_count"": 32, ""second_result"": ""sat"", ""second_timeout_ms"": 300000, ""z3_reason_unknown"": """"}]",sat,sat,0.001960102468729019,11.961515612900257,a66f651322597191ab9f8f8af4c2db61,a66f651322597191ab9f8f8af4c2db61,c12d6013223a279b519f544091f6db40,True,sat,False,False,False,,"{""0"": ""free"", ""1"": ""free"", ""10"": ""free"", ""11"": ""free"", ""12"": ""free"", ""13"": ""free"", ""14"": ""fixed"", ""15"": ""free"", ""2"": ""free"", ""3"": ""fixed"", ""4"": ""fixed"", ""5"": ""free"", ""6"": ""free"", ""7"": ""free"", ""8"": ""free"", ""9"": ""fixed""}","{""0"": ""free"", ""1"": ""free"", ""2"": ""free"", ""3"": ""free""}","[3, 4, 9, 14]","[0, 1, 2, 5, 6, 7, 8, 10, 11, 12, 13, 15]",[],False,ambiguity,False,uf_axiom,
3bit_gap_mixed__MC_33__SB_120__SB_45,MC_33,SB_120,SB_45,,early_late_mixed,gap_early_late_mixed_hard_case,2,32,2,differential,1,"[{""classification"": ""ambiguity"", ""elapsed"": 39.71793014369905, ""first_result"": ""sat"", ""first_timeout_ms"": 60000, ""query_count"": 32, ""second_result"": ""sat"", ""second_timeout_ms"": 300000, ""z3_reason_unknown"": """"}]",sat,sat,0.003756783902645111,39.16378746367991,a66f651322597191ab9f8f8af4c2db61,a66f651322597191ab9f8f8af4c2db61,0313886501269c761c142b85a18b3896,True,sat,False,False,False,,"{""0"": ""free"", ""1"": ""free"", ""10"": ""free"", ""11"": ""free"", ""12"": ""free"", ""13"": ""free"", ""14"": ""free"", ""15"": ""free"", ""2"": ""free"", ""3"": ""free"", ""4"": ""free"", ""5"": ""free"", ""6"": ""free"", ""7"": ""free"", ""8"": ""free"", ""9"": ""free""}","{""0"": ""free"", ""1"": ""free"", ""2"": ""free"", ""3"": ""free""}",[],"[0, 1, 2, 3, 4, 5, 6, 7, 8, 9, 10, 11, 12, 13, 14, 15]",[],False,ambiguity,False,uf_axiom,
3bit_gap_mixed__ARK_93__SB_20__SR_66,ARK_93,SB_20,SR_66,,early_late_mixed,gap_early_late_mixed_hard_case,1,32,2,differential,1,"[{""classification"": ""ambiguity"", ""elapsed"": 44.5823132712394, ""first_result"": ""sat"", ""first_timeout_ms"": 60000, ""query_count"": 32, ""second_result"": ""sat"", ""second_timeout_ms"": 300000, ""z3_reason_unknown"": """"}]",sat,sat,0.002771139144897461,43.88415775448084,99107579bc3c2c3b0d7a8a6fd1573606,99107579bc3c2c3b0d7a8a6fd1573606,7198906020090bb50b80f4eacb5ccd00,True,sat,False,False,False,,"{""0"": ""free"", ""1"": ""free"", ""10"": ""free"", ""11"": ""free"", ""12"": ""free"", ""13"": ""free"", ""14"": ""free"", ""15"": ""free"", ""2"": ""free"", ""3"": ""free"", ""4"": ""free"", ""5"": ""free"", ""6"": ""free"", ""7"": ""free"", ""8"": ""free"", ""9"": ""free""}","{""0"": ""free"", ""1"": ""free"", ""2"": ""free"", ""3"": ""free""}",[],"[0, 1, 2, 3, 4, 5, 6, 7, 8, 9, 10, 11, 12, 13, 14, 15]",[],False,ambiguity,False,uf_axiom,
3bit_gap_mixed__ARK_126__SB_15__SB_79,ARK_126,SB_15,SB_79,,early_late_mixed,gap_early_late_mixed_hard_case,0,32,2,differential,1,"[{""classification"": ""ambiguity"", ""elapsed"": 45.129091273993254, ""first_result"": ""sat"", ""first_timeout_ms"": 60000, ""query_count"": 32, ""second_result"": ""sat"", ""second_timeout_ms"": 300000, ""z3_reason_unknown"": """"}]",sat,sat,0.0022735223174095154,44.616231203079224,edf43a9a19e4a3f3bf1eec668bd00cf6,edf43a9a19e4a3f3bf1eec668bd00cf6,e65652c1ef710b0a3b861ab8278d7ca6,True,sat,False,False,False,,"{""0"": ""free"", ""1"": ""free"", ""10"": ""free"", ""11"": ""free"", ""12"": ""free"", ""13"": ""free"", ""14"": ""free"", ""15"": ""free"", ""2"": ""free"", ""3"": ""free"", ""4"": ""free"", ""5"": ""free"", ""6"": ""free"", ""7"": ""free"", ""8"": ""free"", ""9"": ""free""}","{""0"": ""free"", ""1"": ""free"", ""2"": ""free"", ""3"": ""free""}",[],"[0, 1, 2, 3, 4, 5, 6, 7, 8, 9, 10, 11, 12, 13, 14, 15]",[],False,ambiguity,False,uf_axiom,
3bit_gap_mixed__ARK_23__MC_23__SR_15,ARK_23,MC_23,SR_15,,early_late_mixed,gap_early_late_mixed_hard_case,2,32,2,differential,1,"[{""classification"": ""ambiguity"", ""elapsed"": 46.027319079265, ""first_result"": ""sat"", ""first_timeout_ms"": 60000, ""query_count"": 32, ""second_result"": ""sat"", ""second_timeout_ms"": 300000, ""z3_reason_unknown"": """"}]",sat,sat,0.0029522664844989777,18.31711376272142,a66f651322597191ab9f8f8af4c2db61,a66f651322597191ab9f8f8af4c2db61,4eeeaa088a5947207ccf08005b2c8ad6,True,sat,False,False,False,,"{""0"": ""free"", ""1"": ""free"", ""10"": ""free"", ""11"": ""free"", ""12"": ""free"", ""13"": ""free"", ""14"": ""free"", ""15"": ""free"", ""2"": ""free"", ""3"": ""free"", ""4"": ""free"", ""5"": ""free"", ""6"": ""free"", ""7"": ""free"", ""8"": ""free"", ""9"": ""free""}","{""0"": ""free"", ""1"": ""free"", ""2"": ""free"", ""3"": ""free""}",[],"[0, 1, 2, 3, 4, 5, 6, 7, 8, 9, 10, 11, 12, 13, 14, 15]",[],False,ambiguity,False,uf_axiom,
3bit_gap_mixed__MC_55__SB_23__SR_39,MC_55,SB_23,SR_39,,early_late_mixed,gap_early_late_mixed_hard_case,2,32,2,differential,1,"[{""classification"": ""ambiguity"", ""elapsed"": 46.085172828286886, ""first_result"": ""sat"", ""first_timeout_ms"": 60000, ""query_count"": 32, ""second_result"": ""sat"", ""second_timeout_ms"": 300000, ""z3_reason_unknown"": """"}]",sat,sat,0.0031216926872730255,45.43384843878448,a66f651322597191ab9f8f8af4c2db61,a66f651322597191ab9f8f8af4c2db61,4f39d0bccb868b5279503076d639de78,True,sat,False,False,False,,"{""0"": ""free"", ""1"": ""free"", ""10"": ""free"", ""11"": ""free"", ""12"": ""free"", ""13"": ""free"", ""14"": ""free"", ""15"": ""free"", ""2"": ""free"", ""3"": ""free"", ""4"": ""free"", ""5"": ""free"", ""6"": ""free"", ""7"": ""free"", ""8"": ""free"", ""9"": ""free""}","{""0"": ""free"", ""1"": ""free"", ""2"": ""free"", ""3"": ""free""}",[],"[0, 1, 2, 3, 4, 5, 6, 7, 8, 9, 10, 11, 12, 13, 14, 15]",[],False,ambiguity,False,uf_axiom,
3bit_gap_mixed__MC_29__SB_31__SB_35,MC_29,SB_31,SB_35,,early_late_mixed,gap_early_late_mixed_hard_case,0,32,2,differential,1,"[{""classification"": ""ambiguity"", ""elapsed"": 46.27420860901475, ""first_result"": ""sat"", ""first_timeout_ms"": 60000, ""query_count"": 32, ""second_result"": ""sat"", ""second_timeout_ms"": 300000, ""z3_reason_unknown"": """"}]",sat,sat,0.0022773444652557373,45.651877807453275,edf43a9a19e4a3f3bf1eec668bd00cf6,edf43a9a19e4a3f3bf1eec668bd00cf6,17b40f05979070da9e8ae122aa2e6896,True,sat,False,False,False,,"{""0"": ""free"", ""1"": ""free"", ""10"": ""free"", ""11"": ""free"", ""12"": ""free"", ""13"": ""free"", ""14"": ""free"", ""15"": ""free"", ""2"": ""free"", ""3"": ""free"", ""4"": ""free"", ""5"": ""free"", ""6"": ""free"", ""7"": ""free"", ""8"": ""free"", ""9"": ""free""}","{""0"": ""free"", ""1"": ""free"", ""2"": ""free"", ""3"": ""free""}",[],"[0, 1, 2, 3, 4, 5, 6, 7, 8, 9, 10, 11, 12, 13, 14, 15]",[],False,ambiguity,False,uf_axiom,
3bit_gap_mixed__ARK_71__MC_66__SR_16,ARK_71,MC_66,SR_16,,early_late_mixed,gap_early_late_mixed_hard_case,2,32,2,differential,1,"[{""classification"": ""ambiguity"", ""elapsed"": 54.34292495623231, ""first_result"": ""sat"", ""first_timeout_ms"": 60000, ""query_count"": 32, ""second_result"": ""sat"", ""second_timeout_ms"": 300000, ""z3_reason_unknown"": """"}]",sat,sat,0.0036418791860342026,41.343079002574086,a66f651322597191ab9f8f8af4c2db61,a66f651322597191ab9f8f8af4c2db61,57786502d3a8f391ab1dd8acd8c261a2,True,sat,False,False,False,,"{""0"": ""free"", ""1"": ""free"", ""10"": ""free"", ""11"": ""free"", ""12"": ""free"", ""13"": ""fixed"", ""14"": ""free"", ""15"": ""free"", ""2"": ""fixed"", ""3"": ""free"", ""4"": ""free"", ""5"": ""free"", ""6"": ""free"", ""7"": ""fixed"", ""8"": ""fixed"", ""9"": ""free""}","{""0"": ""free"", ""1"": ""free"", ""2"": ""free"", ""3"": ""free""}","[2, 7, 8, 13]","[0, 1, 3, 4, 5, 6, 9, 10, 11, 12, 14, 15]",[],False,ambiguity,False,uf_axiom,
3bit_gap_mixed__ARK_93__SB_20__SR_66,ARK_93,SB_20,SR_66,,early_late_mixed,gap_early_late_mixed_hard_case,2,32,2,differential,1,"[{""classification"": ""ambiguity"", ""elapsed"": 55.71081245318055, ""first_result"": ""sat"", ""first_timeout_ms"": 60000, ""query_count"": 32, ""second_result"": ""sat"", ""second_timeout_ms"": 300000, ""z3_reason_unknown"": """"}]",sat,sat,0.0027778688818216324,29.626929381862283,a66f651322597191ab9f8f8af4c2db61,a66f651322597191ab9f8f8af4c2db61,72603922a965af91ab1f16aa08c21304,True,sat,False,False,False,,"{""0"": ""free"", ""1"": ""free"", ""10"": ""free"", ""11"": ""free"", ""12"": ""free"", ""13"": ""free"", ""14"": ""free"", ""15"": ""free"", ""2"": ""free"", ""3"": ""free"", ""4"": ""free"", ""5"": ""free"", ""6"": ""free"", ""7"": ""fixed"", ""8"": ""free"", ""9"": ""free""}","{""0"": ""free"", ""1"": ""free"", ""2"": ""free"", ""3"": ""free""}",[7],"[0, 1, 2, 3, 4, 5, 6, 8, 9, 10, 11, 12, 13, 14, 15]",[],False,ambiguity,False,uf_axiom,
3bit_gap_mixed__ARK_102__SB_63__SB_85,ARK_102,SB_63,SB_85,,early_late_mixed,gap_early_late_mixed_hard_case,1,32,2,differential,1,"[{""classification"": ""ambiguity"", ""elapsed"": 57.06995230354369, ""first_result"": ""sat"", ""first_timeout_ms"": 60000, ""query_count"": 32, ""second_result"": ""sat"", ""second_timeout_ms"": 300000, ""z3_reason_unknown"": """"}]",sat,sat,0.0026395265012979507,56.45860426314175,99107579bc3c2c3b0d7a8a6fd1573606,99107579bc3c2c3b0d7a8a6fd1573606,10b1148250df75c94109bf54ad8892e0,True,sat,False,False,False,,"{""0"": ""free"", ""1"": ""free"", ""10"": ""free"", ""11"": ""free"", ""12"": ""free"", ""13"": ""free"", ""14"": ""free"", ""15"": ""free"", ""2"": ""free"", ""3"": ""free"", ""4"": ""free"", ""5"": ""free"", ""6"": ""free"", ""7"": ""free"", ""8"": ""free"", ""9"": ""free""}","{""0"": ""free"", ""1"": ""free"", ""2"": ""free"", ""3"": ""free""}",[],"[0, 1, 2, 3, 4, 5, 6, 7, 8, 9, 10, 11, 12, 13, 14, 15]",[],False,ambiguity,False,uf_axiom,
3bit_gap_mixed__ARK_68__SB_102__SR_30,ARK_68,SB_102,SR_30,,early_late_mixed,gap_early_late_mixed_hard_case,2,32,2,differential,1,"[{""classification"": ""ambiguity"", ""elapsed"": 57.26372456923127, ""first_result"": ""sat"", ""first_timeout_ms"": 60000, ""query_count"": 32, ""second_result"": ""sat"", ""second_timeout_ms"": 300000, ""z3_reason_unknown"": """"}]",sat,sat,0.0035490896552801132,27.88268009200692,a66f651322597191ab9f8f8af4c2db61,a66f651322597191ab9f8f8af4c2db61,3c23650100064f8af609a681d0c29973,True,sat,False,False,False,,"{""0"": ""free"", ""1"": ""free"", ""10"": ""free"", ""11"": ""free"", ""12"": ""free"", ""13"": ""free"", ""14"": ""free"", ""15"": ""free"", ""2"": ""free"", ""3"": ""free"", ""4"": ""free"", ""5"": ""free"", ""6"": ""free"", ""7"": ""free"", ""8"": ""free"", ""9"": ""free""}","{""0"": ""free"", ""1"": ""free"", ""2"": ""free"", ""3"": ""free""}",[],"[0, 1, 2, 3, 4, 5, 6, 7, 8, 9, 10, 11, 12, 13, 14, 15]",[],False,ambiguity,False,uf_axiom,
3bit_gap_mixed__ARK_102__SB_63__SB_85,ARK_102,SB_63,SB_85,,early_late_mixed,gap_early_late_mixed_hard_case,2,32,2,differential,1,"[{""classification"": ""ambiguity"", ""elapsed"": 60.76034667342901, ""first_result"": ""sat"", ""first_timeout_ms"": 60000, ""query_count"": 32, ""second_result"": ""sat"", ""second_timeout_ms"": 300000, ""z3_reason_unknown"": """"}]",sat,sat,0.00409589521586895,60.092208636924624,a66f651322597191ab9f8f8af4c2db61,a66f651322597191ab9f8f8af4c2db61,2242dfe33a10296538411e404c0090c0,True,sat,False,False,False,,"{""0"": ""free"", ""1"": ""free"", ""10"": ""free"", ""11"": ""free"", ""12"": ""free"", ""13"": ""free"", ""14"": ""free"", ""15"": ""free"", ""2"": ""free"", ""3"": ""free"", ""4"": ""free"", ""5"": ""free"", ""6"": ""free"", ""7"": ""free"", ""8"": ""free"", ""9"": ""free""}","{""0"": ""free"", ""1"": ""free"", ""2"": ""free"", ""3"": ""free""}",[],"[0, 1, 2, 3, 4, 5, 6, 7, 8, 9, 10, 11, 12, 13, 14, 15]",[],False,ambiguity,False,uf_axiom,
3bit_gap_mixed__MC_33__SB_120__SB_45,MC_33,SB_120,SB_45,,early_late_mixed,gap_early_late_mixed_hard_case,1,32,2,differential,1,"[{""classification"": ""ambiguity"", ""elapsed"": 63.96279648318887, ""first_result"": ""sat"", ""first_timeout_ms"": 60000, ""query_count"": 32, ""second_result"": ""sat"", ""second_timeout_ms"": 300000, ""z3_reason_unknown"": """"}]",sat,sat,0.0026796869933605194,63.36338733136654,99107579bc3c2c3b0d7a8a6fd1573606,99107579bc3c2c3b0d7a8a6fd1573606,3933927be4745e636488969808418080,True,sat,False,False,False,,"{""0"": ""free"", ""1"": ""free"", ""10"": ""free"", ""11"": ""free"", ""12"": ""free"", ""13"": ""free"", ""14"": ""free"", ""15"": ""free"", ""2"": ""free"", ""3"": ""free"", ""4"": ""free"", ""5"": ""free"", ""6"": ""free"", ""7"": ""free"", ""8"": ""free"", ""9"": ""free""}","{""0"": ""free"", ""1"": ""free"", ""2"": ""free"", ""3"": ""free""}",[],"[0, 1, 2, 3, 4, 5, 6, 7, 8, 9, 10, 11, 12, 13, 14, 15]",[],False,ambiguity,False,uf_axiom,
3bit_gap_mixed__MC_55__SB_23__SR_39,MC_55,SB_23,SR_39,,early_late_mixed,gap_early_late_mixed_hard_case,1,32,2,differential,1,"[{""classification"": ""ambiguity"", ""elapsed"": 65.6056255530566, ""first_result"": ""sat"", ""first_timeout_ms"": 60000, ""query_count"": 32, ""second_result"": ""sat"", ""second_timeout_ms"": 300000, ""z3_reason_unknown"": """"}]",sat,sat,0.0021723657846450806,65.16563497669995,99107579bc3c2c3b0d7a8a6fd1573606,99107579bc3c2c3b0d7a8a6fd1573606,cd0a0435900890ed7ca85b671cf24830,True,sat,False,False,False,,"{""0"": ""free"", ""1"": ""free"", ""10"": ""free"", ""11"": ""free"", ""12"": ""free"", ""13"": ""free"", ""14"": ""free"", ""15"": ""free"", ""2"": ""free"", ""3"": ""free"", ""4"": ""free"", ""5"": ""free"", ""6"": ""free"", ""7"": ""free"", ""8"": ""free"", ""9"": ""free""}","{""0"": ""free"", ""1"": ""free"", ""2"": ""free"", ""3"": ""free""}",[],"[0, 1, 2, 3, 4, 5, 6, 7, 8, 9, 10, 11, 12, 13, 14, 15]",[],False,ambiguity,False,uf_axiom,
3bit_gap_mixed__MC_33__SB_120__SB_45,MC_33,SB_120,SB_45,,early_late_mixed,gap_early_late_mixed_hard_case,0,32,2,differential,1,"[{""classification"": ""ambiguity"", ""elapsed"": 69.04339498654008, ""first_result"": ""sat"", ""first_timeout_ms"": 60000, ""query_count"": 32, ""second_result"": ""sat"", ""second_timeout_ms"": 300000, ""z3_reason_unknown"": """"}]",sat,sat,0.0025148075073957443,68.35677552595735,edf43a9a19e4a3f3bf1eec668bd00cf6,edf43a9a19e4a3f3bf1eec668bd00cf6,86a51b86815ec62f46867800852f9628,True,sat,False,False,False,,"{""0"": ""free"", ""1"": ""free"", ""10"": ""free"", ""11"": ""free"", ""12"": ""free"", ""13"": ""free"", ""14"": ""free"", ""15"": ""free"", ""2"": ""free"", ""3"": ""free"", ""4"": ""free"", ""5"": ""free"", ""6"": ""free"", ""7"": ""free"", ""8"": ""free"", ""9"": ""free""}","{""0"": ""free"", ""1"": ""free"", ""2"": ""free"", ""3"": ""free""}",[],"[0, 1, 2, 3, 4, 5, 6, 7, 8, 9, 10, 11, 12, 13, 14, 15]",[],False,ambiguity,False,uf_axiom,
3bit_gap_mixed__MC_29__SB_31__SB_35,MC_29,SB_31,SB_35,,early_late_mixed,gap_early_late_mixed_hard_case,2,32,2,differential,1,"[{""classification"": ""ambiguity"", ""elapsed"": 73.45015494897962, ""first_result"": ""sat"", ""first_timeout_ms"": 60000, ""query_count"": 32, ""second_result"": ""sat"", ""second_timeout_ms"": 300000, ""z3_reason_unknown"": """"}]",sat,sat,0.002409340813755989,72.94386065751314,a66f651322597191ab9f8f8af4c2db61,a66f651322597191ab9f8f8af4c2db61,e0d40a10d0803f90679dd7a6c2cad4bf,True,sat,False,False,False,,"{""0"": ""free"", ""1"": ""free"", ""10"": ""free"", ""11"": ""free"", ""12"": ""free"", ""13"": ""free"", ""14"": ""free"", ""15"": ""free"", ""2"": ""free"", ""3"": ""free"", ""4"": ""free"", ""5"": ""free"", ""6"": ""free"", ""7"": ""free"", ""8"": ""free"", ""9"": ""free""}","{""0"": ""free"", ""1"": ""free"", ""2"": ""free"", ""3"": ""free""}",[],"[0, 1, 2, 3, 4, 5, 6, 7, 8, 9, 10, 11, 12, 13, 14, 15]",[],False,ambiguity,False,uf_axiom,
3bit_gap_mixed__ARK_32__MC_58__SR_36,ARK_32,MC_58,SR_36,,early_late_mixed,gap_early_late_mixed_hard_case,1,32,2,differential,1,"[{""classification"": ""ambiguity"", ""elapsed"": 74.03409121185541, ""first_result"": ""sat"", ""first_timeout_ms"": 60000, ""query_count"": 32, ""second_result"": ""sat"", ""second_timeout_ms"": 300000, ""z3_reason_unknown"": """"}]",sat,sat,0.0019672196358442307,70.5168551299721,99107579bc3c2c3b0d7a8a6fd1573606,99107579bc3c2c3b0d7a8a6fd1573606,1ea9839dbc2896756a7a3acf7c2836d0,True,sat,False,False,False,,"{""0"": ""free"", ""1"": ""free"", ""10"": ""free"", ""11"": ""free"", ""12"": ""free"", ""13"": ""free"", ""14"": ""fixed"", ""15"": ""free"", ""2"": ""free"", ""3"": ""free"", ""4"": ""fixed"", ""5"": ""free"", ""6"": ""free"", ""7"": ""free"", ""8"": ""free"", ""9"": ""fixed""}","{""0"": ""free"", ""1"": ""free"", ""2"": ""free"", ""3"": ""free""}","[4, 9, 14]","[0, 1, 2, 3, 5, 6, 7, 8, 10, 11, 12, 13, 15]",[],False,ambiguity,False,uf_axiom,
3bit_gap_mixed__MC_117__SB_56__SR_127,MC_117,SB_56,SR_127,,early_late_mixed,gap_early_late_mixed_hard_case,2,32,2,differential,1,"[{""classification"": ""ambiguity"", ""elapsed"": 76.64928609877825, ""first_result"": ""sat"", ""first_timeout_ms"": 60000, ""query_count"": 32, ""second_result"": ""sat"", ""second_timeout_ms"": 300000, ""z3_reason_unknown"": """"}]",sat,sat,0.0034044384956359863,46.04628348723054,a66f651322597191ab9f8f8af4c2db61,a66f651322597191ab9f8f8af4c2db61,154c9e9222f7e697a3778c0cf4fd2cb5,True,sat,False,False,False,,"{""0"": ""free"", ""1"": ""free"", ""10"": ""free"", ""11"": ""free"", ""12"": ""unknown"", ""13"": ""free"", ""14"": ""free"", ""15"": ""free"", ""2"": ""free"", ""3"": ""free"", ""4"": ""unknown"", ""5"": ""free"", ""6"": ""free"", ""7"": ""free"", ""8"": ""free"", ""9"": ""free""}","{""0"": ""free"", ""1"": ""free"", ""2"": ""free"", ""3"": ""free""}",[],"[0, 1, 2, 3, 5, 6, 7, 8, 9, 10, 11, 13, 14, 15]","[4, 12]",False,ambiguity,False,uf_axiom,
3bit_gap_mixed__ARK_3__SB_49__SB_9,ARK_3,SB_49,SB_9,,early_late_mixed,gap_early_late_mixed_hard_case,1,32,2,differential,1,"[{""classification"": ""ambiguity"", ""elapsed"": 80.58450966328382, ""first_result"": ""sat"", ""first_timeout_ms"": 60000, ""query_count"": 32, ""second_result"": ""sat"", ""second_timeout_ms"": 300000, ""z3_reason_unknown"": """"}]",sat,sat,0.0042330678552389145,79.9033792167902,99107579bc3c2c3b0d7a8a6fd1573606,99107579bc3c2c3b0d7a8a6fd1573606,2f9ae4085088a9169c9731c9d37d4709,True,sat,False,False,False,,"{""0"": ""free"", ""1"": ""free"", ""10"": ""free"", ""11"": ""free"", ""12"": ""free"", ""13"": ""free"", ""14"": ""free"", ""15"": ""free"", ""2"": ""free"", ""3"": ""free"", ""4"": ""free"", ""5"": ""free"", ""6"": ""free"", ""7"": ""free"", ""8"": ""free"", ""9"": ""free""}","{""0"": ""free"", ""1"": ""free"", ""2"": ""free"", ""3"": ""free""}",[],"[0, 1, 2, 3, 4, 5, 6, 7, 8, 9, 10, 11, 12, 13, 14, 15]",[],False,ambiguity,False,uf_axiom,
3bit_gap_mixed__MC_39__SR_127__SR_75,MC_39,SR_127,SR_75,,early_late_mixed,gap_early_late_mixed_hard_case,2,32,2,differential,1,"[{""classification"": ""ambiguity"", ""elapsed"": 83.11219441145658, ""first_result"": ""sat"", ""first_timeout_ms"": 60000, ""query_count"": 32, ""second_result"": ""sat"", ""second_timeout_ms"": 300000, ""z3_reason_unknown"": """"}]",sat,sat,0.002427324652671814,82.55223064683378,a66f651322597191ab9f8f8af4c2db61,a66f651322597191ab9f8f8af4c2db61,a5a80f65042ed7434e85a53088822eb0,True,sat,False,False,False,,"{""0"": ""free"", ""1"": ""free"", ""10"": ""free"", ""11"": ""free"", ""12"": ""free"", ""13"": ""free"", ""14"": ""free"", ""15"": ""free"", ""2"": ""free"", ""3"": ""free"", ""4"": ""free"", ""5"": ""free"", ""6"": ""free"", ""7"": ""free"", ""8"": ""free"", ""9"": ""free""}","{""0"": ""free"", ""1"": ""free"", ""2"": ""free"", ""3"": ""free""}",[],"[0, 1, 2, 3, 4, 5, 6, 7, 8, 9, 10, 11, 12, 13, 14, 15]",[],False,ambiguity,False,uf_axiom,
3bit_gap_mixed__MC_29__SB_31__SB_35,MC_29,SB_31,SB_35,,early_late_mixed,gap_early_late_mixed_hard_case,1,32,2,differential,1,"[{""classification"": ""ambiguity"", ""elapsed"": 83.72447820007801, ""first_result"": ""sat"", ""first_timeout_ms"": 60000, ""query_count"": 32, ""second_result"": ""sat"", ""second_timeout_ms"": 300000, ""z3_reason_unknown"": """"}]",sat,sat,0.003751186653971672,53.1828289758414,99107579bc3c2c3b0d7a8a6fd1573606,99107579bc3c2c3b0d7a8a6fd1573606,5aca845ffd4e132ca55822003fc33602,True,sat,False,False,False,,"{""0"": ""free"", ""1"": ""free"", ""10"": ""free"", ""11"": ""free"", ""12"": ""free"", ""13"": ""free"", ""14"": ""unknown"", ""15"": ""free"", ""2"": ""free"", ""3"": ""free"", ""4"": ""free"", ""5"": ""free"", ""6"": ""free"", ""7"": ""free"", ""8"": ""free"", ""9"": ""free""}","{""0"": ""free"", ""1"": ""free"", ""2"": ""free"", ""3"": ""free""}",[],"[0, 1, 2, 3, 4, 5, 6, 7, 8, 9, 10, 11, 12, 13, 15]",[14],False,ambiguity,False,uf_axiom,
3bit_gap_mixed__ARK_3__SB_49__SB_9,ARK_3,SB_49,SB_9,,early_late_mixed,gap_early_late_mixed_hard_case,2,32,2,differential,1,"[{""classification"": ""ambiguity"", ""elapsed"": 100.87410794943571, ""first_result"": ""sat"", ""first_timeout_ms"": 60000, ""query_count"": 32, ""second_result"": ""sat"", ""second_timeout_ms"": 300000, ""z3_reason_unknown"": """"}]",sat,sat,0.0037537645548582077,100.21475402452052,a66f651322597191ab9f8f8af4c2db61,a66f651322597191ab9f8f8af4c2db61,e9735a975664b94df10fc1b825bc177c,True,sat,False,False,False,,"{""0"": ""free"", ""1"": ""free"", ""10"": ""free"", ""11"": ""free"", ""12"": ""free"", ""13"": ""free"", ""14"": ""free"", ""15"": ""free"", ""2"": ""free"", ""3"": ""free"", ""4"": ""free"", ""5"": ""free"", ""6"": ""free"", ""7"": ""free"", ""8"": ""free"", ""9"": ""free""}","{""0"": ""free"", ""1"": ""free"", ""2"": ""free"", ""3"": ""free""}",[],"[0, 1, 2, 3, 4, 5, 6, 7, 8, 9, 10, 11, 12, 13, 14, 15]",[],False,ambiguity,False,uf_axiom,
3bit_gap_mixed__ARK_68__SB_102__SR_30,ARK_68,SB_102,SR_30,,early_late_mixed,gap_early_late_mixed_hard_case,1,32,2,differential,1,"[{""classification"": ""ambiguity"", ""elapsed"": 107.69309146143496, ""first_result"": ""sat"", ""first_timeout_ms"": 60000, ""query_count"": 32, ""second_result"": ""sat"", ""second_timeout_ms"": 300000, ""z3_reason_unknown"": """"}]",sat,sat,0.0026917140930891037,107.21292046830058,99107579bc3c2c3b0d7a8a6fd1573606,99107579bc3c2c3b0d7a8a6fd1573606,177698804ad89930403348a0dc9e5100,True,sat,False,False,False,,"{""0"": ""free"", ""1"": ""free"", ""10"": ""free"", ""11"": ""free"", ""12"": ""free"", ""13"": ""free"", ""14"": ""free"", ""15"": ""free"", ""2"": ""free"", ""3"": ""free"", ""4"": ""free"", ""5"": ""free"", ""6"": ""free"", ""7"": ""free"", ""8"": ""free"", ""9"": ""free""}","{""0"": ""free"", ""1"": ""free"", ""2"": ""free"", ""3"": ""free""}",[],"[0, 1, 2, 3, 4, 5, 6, 7, 8, 9, 10, 11, 12, 13, 14, 15]",[],False,ambiguity,False,uf_axiom,
3bit_gap_mixed__MC_117__SB_56__SR_127,MC_117,SB_56,SR_127,,early_late_mixed,gap_early_late_mixed_hard_case,0,32,2,differential,1,"[{""classification"": ""ambiguity"", ""elapsed"": 112.25511972792447, ""first_result"": ""sat"", ""first_timeout_ms"": 60000, ""query_count"": 32, ""second_result"": ""sat"", ""second_timeout_ms"": 300000, ""z3_reason_unknown"": """"}]",sat,sat,0.0021023601293563843,111.62155248969793,edf43a9a19e4a3f3bf1eec668bd00cf6,edf43a9a19e4a3f3bf1eec668bd00cf6,79bf72f30799d254a5aa281c5604a502,True,sat,False,False,False,,"{""0"": ""free"", ""1"": ""free"", ""10"": ""free"", ""11"": ""free"", ""12"": ""free"", ""13"": ""free"", ""14"": ""free"", ""15"": ""free"", ""2"": ""free"", ""3"": ""free"", ""4"": ""free"", ""5"": ""free"", ""6"": ""free"", ""7"": ""free"", ""8"": ""free"", ""9"": ""free""}","{""0"": ""free"", ""1"": ""free"", ""2"": ""free"", ""3"": ""free""}",[],"[0, 1, 2, 3, 4, 5, 6, 7, 8, 9, 10, 11, 12, 13, 14, 15]",[],False,ambiguity,False,uf_axiom,
3bit_gap_mixed__ARK_66__MC_26__SB_57,ARK_66,MC_26,SB_57,,early_late_mixed,gap_early_late_mixed_hard_case,2,32,2,differential,1,"[{""classification"": ""ambiguity"", ""elapsed"": 117.213379656896, ""first_result"": ""sat"", ""first_timeout_ms"": 60000, ""query_count"": 32, ""second_result"": ""sat"", ""second_timeout_ms"": 300000, ""z3_reason_unknown"": """"}]",sat,sat,0.0029070060700178146,116.60016770474613,a66f651322597191ab9f8f8af4c2db61,a66f651322597191ab9f8f8af4c2db61,5cf994f105cb31fc0000ab1fb8d42576,True,sat,False,False,False,,"{""0"": ""free"", ""1"": ""free"", ""10"": ""free"", ""11"": ""free"", ""12"": ""free"", ""13"": ""free"", ""14"": ""free"", ""15"": ""free"", ""2"": ""free"", ""3"": ""free"", ""4"": ""free"", ""5"": ""free"", ""6"": ""free"", ""7"": ""free"", ""8"": ""free"", ""9"": ""free""}","{""0"": ""free"", ""1"": ""free"", ""2"": ""free"", ""3"": ""free""}",[],"[0, 1, 2, 3, 4, 5, 6, 7, 8, 9, 10, 11, 12, 13, 14, 15]",[],False,ambiguity,False,uf_axiom,
3bit_gap_mixed__ARK_102__SB_63__SB_85,ARK_102,SB_63,SB_85,,early_late_mixed,gap_early_late_mixed_hard_case,0,32,2,differential,1,"[{""classification"": ""ambiguity"", ""elapsed"": 118.86384461075068, ""first_result"": ""sat"", ""first_timeout_ms"": 60000, ""query_count"": 32, ""second_result"": ""sat"", ""second_timeout_ms"": 300000, ""z3_reason_unknown"": """"}]",sat,sat,0.0025523677468299866,88.21917900443077,edf43a9a19e4a3f3bf1eec668bd00cf6,edf43a9a19e4a3f3bf1eec668bd00cf6,d383d10b7cca4301000d282e8befd33a,True,sat,False,False,False,,"{""0"": ""free"", ""1"": ""free"", ""10"": ""free"", ""11"": ""free"", ""12"": ""unknown"", ""13"": ""free"", ""14"": ""free"", ""15"": ""free"", ""2"": ""free"", ""3"": ""free"", ""4"": ""free"", ""5"": ""free"", ""6"": ""free"", ""7"": ""free"", ""8"": ""free"", ""9"": ""free""}","{""0"": ""free"", ""1"": ""free"", ""2"": ""free"", ""3"": ""free""}",[],"[0, 1, 2, 3, 4, 5, 6, 7, 8, 9, 10, 11, 13, 14, 15]",[12],False,ambiguity,False,uf_axiom,
3bit_gap_mixed__ARK_115__ARK_17__SR_100,ARK_115,ARK_17,SR_100,,early_late_mixed,gap_early_late_mixed_hard_case,0,32,2,differential,1,"[{""classification"": ""ambiguity"", ""elapsed"": 121.28117568977177, ""first_result"": ""sat"", ""first_timeout_ms"": 60000, ""query_count"": 32, ""second_result"": ""sat"", ""second_timeout_ms"": 300000, ""z3_reason_unknown"": """"}]",sat,sat,0.0052018482238054276,90.66659199818969,edf43a9a19e4a3f3bf1eec668bd00cf6,edf43a9a19e4a3f3bf1eec668bd00cf6,444ea11525faa3cfb10ebd668b72c9d5,True,sat,False,False,False,,"{""0"": ""free"", ""1"": ""free"", ""10"": ""free"", ""11"": ""fixed"", ""12"": ""unknown"", ""13"": ""free"", ""14"": ""free"", ""15"": ""free"", ""2"": ""free"", ""3"": ""free"", ""4"": ""free"", ""5"": ""free"", ""6"": ""fixed"", ""7"": ""free"", ""8"": ""free"", ""9"": ""free""}","{""0"": ""free"", ""1"": ""free"", ""2"": ""free"", ""3"": ""free""}","[6, 11]","[0, 1, 2, 3, 4, 5, 7, 8, 9, 10, 13, 14, 15]",[12],False,ambiguity,False,uf_axiom,
3bit_gap_mixed__ARK_126__SB_15__SB_79,ARK_126,SB_15,SB_79,,early_late_mixed,gap_early_late_mixed_hard_case,1,32,2,differential,1,"[{""classification"": ""ambiguity"", ""elapsed"": 123.27327521145344, ""first_result"": ""sat"", ""first_timeout_ms"": 60000, ""query_count"": 32, ""second_result"": ""sat"", ""second_timeout_ms"": 300000, ""z3_reason_unknown"": """"}]",sat,sat,0.002146737650036812,92.64903669431806,99107579bc3c2c3b0d7a8a6fd1573606,99107579bc3c2c3b0d7a8a6fd1573606,691089896808ac225d491d6d5cee0174,True,sat,False,False,False,,"{""0"": ""free"", ""1"": ""unknown"", ""10"": ""free"", ""11"": ""free"", ""12"": ""free"", ""13"": ""free"", ""14"": ""free"", ""15"": ""free"", ""2"": ""free"", ""3"": ""free"", ""4"": ""free"", ""5"": ""free"", ""6"": ""free"", ""7"": ""free"", ""8"": ""free"", ""9"": ""free""}","{""0"": ""free"", ""1"": ""free"", ""2"": ""free"", ""3"": ""free""}",[],"[0, 2, 3, 4, 5, 6, 7, 8, 9, 10, 11, 12, 13, 14, 15]",[1],False,ambiguity,False,uf_axiom,
3bit_gap_mixed__ARK_72__SB_85__SB_98,ARK_72,SB_85,SB_98,,early_late_mixed,gap_early_late_mixed_hard_case,2,32,2,differential,1,"[{""classification"": ""ambiguity"", ""elapsed"": 130.23965509049594, ""first_result"": ""sat"", ""first_timeout_ms"": 60000, ""query_count"": 32, ""second_result"": ""sat"", ""second_timeout_ms"": 300000, ""z3_reason_unknown"": """"}]",sat,sat,0.004210511222481728,129.6727774478495,a66f651322597191ab9f8f8af4c2db61,a66f651322597191ab9f8f8af4c2db61,3449f910e674007913591168a042255b,True,sat,False,False,False,,"{""0"": ""free"", ""1"": ""free"", ""10"": ""free"", ""11"": ""free"", ""12"": ""free"", ""13"": ""free"", ""14"": ""free"", ""15"": ""free"", ""2"": ""free"", ""3"": ""free"", ""4"": ""free"", ""5"": ""free"", ""6"": ""free"", ""7"": ""free"", ""8"": ""free"", ""9"": ""free""}","{""0"": ""free"", ""1"": ""free"", ""2"": ""free"", ""3"": ""free""}",[],"[0, 1, 2, 3, 4, 5, 6, 7, 8, 9, 10, 11, 12, 13, 14, 15]",[],False,ambiguity,False,uf_axiom,
3bit_gap_mixed__ARK_115__ARK_17__SR_100,ARK_115,ARK_17,SR_100,,early_late_mixed,gap_early_late_mixed_hard_case,1,32,2,differential,1,"[{""classification"": ""ambiguity"", ""elapsed"": 141.73827677033842, ""first_result"": ""sat"", ""first_timeout_ms"": 60000, ""query_count"": 32, ""second_result"": ""sat"", ""second_timeout_ms"": 300000, ""z3_reason_unknown"": """"}]",sat,sat,0.005004076287150383,111.09529644995928,99107579bc3c2c3b0d7a8a6fd1573606,99107579bc3c2c3b0d7a8a6fd1573606,3e10005e82e410825294ed6fd1231323,True,sat,False,False,False,,"{""0"": ""free"", ""1"": ""fixed"", ""10"": ""free"", ""11"": ""fixed"", ""12"": ""unknown"", ""13"": ""free"", ""14"": ""free"", ""15"": ""free"", ""2"": ""free"", ""3"": ""free"", ""4"": ""free"", ""5"": ""free"", ""6"": ""free"", ""7"": ""free"", ""8"": ""free"", ""9"": ""free""}","{""0"": ""free"", ""1"": ""free"", ""2"": ""free"", ""3"": ""free""}","[1, 11]","[0, 2, 3, 4, 5, 6, 7, 8, 9, 10, 13, 14, 15]",[12],False,ambiguity,False,uf_axiom,
3bit_gap_mixed__ARK_68__SB_102__SR_30,ARK_68,SB_102,SR_30,,early_late_mixed,gap_early_late_mixed_hard_case,0,32,2,differential,1,"[{""classification"": ""ambiguity"", ""elapsed"": 142.40743693336844, ""first_result"": ""sat"", ""first_timeout_ms"": 60000, ""query_count"": 32, ""second_result"": ""sat"", ""second_timeout_ms"": 300000, ""z3_reason_unknown"": """"}]",sat,sat,0.004302317276597023,141.7355496454984,edf43a9a19e4a3f3bf1eec668bd00cf6,edf43a9a19e4a3f3bf1eec668bd00cf6,5fa2c4ba7e2ae2683008c422e63e4f60,True,sat,False,False,False,,"{""0"": ""free"", ""1"": ""free"", ""10"": ""free"", ""11"": ""free"", ""12"": ""free"", ""13"": ""free"", ""14"": ""free"", ""15"": ""free"", ""2"": ""free"", ""3"": ""free"", ""4"": ""free"", ""5"": ""free"", ""6"": ""free"", ""7"": ""free"", ""8"": ""free"", ""9"": ""free""}","{""0"": ""free"", ""1"": ""free"", ""2"": ""free"", ""3"": ""free""}",[],"[0, 1, 2, 3, 4, 5, 6, 7, 8, 9, 10, 11, 12, 13, 14, 15]",[],False,ambiguity,False,uf_axiom,
3bit_gap_mixed__MC_39__SR_127__SR_75,MC_39,SR_127,SR_75,,early_late_mixed,gap_early_late_mixed_hard_case,0,32,2,differential,1,"[{""classification"": ""ambiguity"", ""elapsed"": 150.44532888941467, ""first_result"": ""sat"", ""first_timeout_ms"": 60000, ""query_count"": 32, ""second_result"": ""sat"", ""second_timeout_ms"": 300000, ""z3_reason_unknown"": """"}]",sat,sat,0.0032158363610506058,149.75288553535938,edf43a9a19e4a3f3bf1eec668bd00cf6,edf43a9a19e4a3f3bf1eec668bd00cf6,ee0239c6be0ff6f0d00699315c0a3075,True,sat,False,False,False,,"{""0"": ""free"", ""1"": ""free"", ""10"": ""free"", ""11"": ""free"", ""12"": ""free"", ""13"": ""free"", ""14"": ""free"", ""15"": ""free"", ""2"": ""free"", ""3"": ""free"", ""4"": ""free"", ""5"": ""free"", ""6"": ""free"", ""7"": ""free"", ""8"": ""free"", ""9"": ""free""}","{""0"": ""free"", ""1"": ""free"", ""2"": ""free"", ""3"": ""free""}",[],"[0, 1, 2, 3, 4, 5, 6, 7, 8, 9, 10, 11, 12, 13, 14, 15]",[],False,ambiguity,False,uf_axiom,
3bit_gap_mixed__MC_46__MC_48__SB_110,MC_46,MC_48,SB_110,,early_late_mixed,gap_early_late_mixed_hard_case,2,32,2,differential,1,"[{""classification"": ""ambiguity"", ""elapsed"": 156.6408722717315, ""first_result"": ""sat"", ""first_timeout_ms"": 60000, ""query_count"": 32, ""second_result"": ""sat"", ""second_timeout_ms"": 300000, ""z3_reason_unknown"": """"}]",sat,sat,0.003261597827076912,125.90397124737501,a66f651322597191ab9f8f8af4c2db61,a66f651322597191ab9f8f8af4c2db61,399f0913cc57a36802230754816a85bd,True,sat,False,False,False,,"{""0"": ""free"", ""1"": ""free"", ""10"": ""free"", ""11"": ""free"", ""12"": ""free"", ""13"": ""free"", ""14"": ""free"", ""15"": ""free"", ""2"": ""free"", ""3"": ""unknown"", ""4"": ""free"", ""5"": ""free"", ""6"": ""free"", ""7"": ""free"", ""8"": ""free"", ""9"": ""free""}","{""0"": ""free"", ""1"": ""free"", ""2"": ""free"", ""3"": ""free""}",[],"[0, 1, 2, 4, 5, 6, 7, 8, 9, 10, 11, 12, 13, 14, 15]",[3],False,ambiguity,False,uf_axiom,
3bit_gap_mixed__ARK_72__SB_85__SB_98,ARK_72,SB_85,SB_98,,early_late_mixed,gap_early_late_mixed_hard_case,0,32,2,differential,1,"[{""classification"": ""ambiguity"", ""elapsed"": 160.88237416930497, ""first_result"": ""sat"", ""first_timeout_ms"": 60000, ""query_count"": 32, ""second_result"": ""sat"", ""second_timeout_ms"": 300000, ""z3_reason_unknown"": """"}]",sat,sat,0.003981836140155792,160.1958945952356,edf43a9a19e4a3f3bf1eec668bd00cf6,edf43a9a19e4a3f3bf1eec668bd00cf6,826427468140d9c318007086925dfe70,True,sat,False,False,False,,"{""0"": ""free"", ""1"": ""free"", ""10"": ""free"", ""11"": ""free"", ""12"": ""free"", ""13"": ""free"", ""14"": ""free"", ""15"": ""free"", ""2"": ""free"", ""3"": ""free"", ""4"": ""free"", ""5"": ""free"", ""6"": ""free"", ""7"": ""free"", ""8"": ""free"", ""9"": ""free""}","{""0"": ""free"", ""1"": ""free"", ""2"": ""free"", ""3"": ""free""}",[],"[0, 1, 2, 3, 4, 5, 6, 7, 8, 9, 10, 11, 12, 13, 14, 15]",[],False,ambiguity,False,uf_axiom,
3bit_gap_mixed__ARK_115__MC_65__SB_43,ARK_115,MC_65,SB_43,,early_late_mixed,gap_early_late_mixed_hard_case,0,32,2,differential,1,"[{""classification"": ""ambiguity"", ""elapsed"": 165.41939234733582, ""first_result"": ""sat"", ""first_timeout_ms"": 60000, ""query_count"": 32, ""second_result"": ""sat"", ""second_timeout_ms"": 300000, ""z3_reason_unknown"": """"}]",sat,sat,0.0033096428960561752,164.66543158702552,edf43a9a19e4a3f3bf1eec668bd00cf6,edf43a9a19e4a3f3bf1eec668bd00cf6,555fec8988cfc5ff4095e5e2c788d0dc,True,sat,False,False,False,,"{""0"": ""free"", ""1"": ""free"", ""10"": ""free"", ""11"": ""free"", ""12"": ""free"", ""13"": ""free"", ""14"": ""free"", ""15"": ""free"", ""2"": ""free"", ""3"": ""free"", ""4"": ""free"", ""5"": ""free"", ""6"": ""free"", ""7"": ""free"", ""8"": ""free"", ""9"": ""free""}","{""0"": ""free"", ""1"": ""free"", ""2"": ""free"", ""3"": ""free""}",[],"[0, 1, 2, 3, 4, 5, 6, 7, 8, 9, 10, 11, 12, 13, 14, 15]",[],False,ambiguity,False,uf_axiom,
3bit_gap_mixed__MC_39__SR_127__SR_75,MC_39,SR_127,SR_75,,early_late_mixed,gap_early_late_mixed_hard_case,1,32,2,differential,1,"[{""classification"": ""ambiguity"", ""elapsed"": 170.65827593952417, ""first_result"": ""sat"", ""first_timeout_ms"": 60000, ""query_count"": 32, ""second_result"": ""sat"", ""second_timeout_ms"": 300000, ""z3_reason_unknown"": """"}]",sat,sat,0.002548571676015854,170.09943108074367,99107579bc3c2c3b0d7a8a6fd1573606,99107579bc3c2c3b0d7a8a6fd1573606,0066c88800f1a4194fab80a5f454a870,True,sat,False,False,False,,"{""0"": ""free"", ""1"": ""free"", ""10"": ""free"", ""11"": ""free"", ""12"": ""free"", ""13"": ""free"", ""14"": ""free"", ""15"": ""free"", ""2"": ""free"", ""3"": ""free"", ""4"": ""free"", ""5"": ""free"", ""6"": ""free"", ""7"": ""free"", ""8"": ""free"", ""9"": ""free""}","{""0"": ""free"", ""1"": ""free"", ""2"": ""free"", ""3"": ""free""}",[],"[0, 1, 2, 3, 4, 5, 6, 7, 8, 9, 10, 11, 12, 13, 14, 15]",[],False,ambiguity,False,uf_axiom,
3bit_gap_mixed__MC_46__MC_48__SB_110,MC_46,MC_48,SB_110,,early_late_mixed,gap_early_late_mixed_hard_case,0,32,2,differential,1,"[{""classification"": ""ambiguity"", ""elapsed"": 171.85602287761867, ""first_result"": ""sat"", ""first_timeout_ms"": 60000, ""query_count"": 32, ""second_result"": ""sat"", ""second_timeout_ms"": 300000, ""z3_reason_unknown"": """"}]",sat,sat,0.003668835386633873,170.20174831710756,edf43a9a19e4a3f3bf1eec668bd00cf6,edf43a9a19e4a3f3bf1eec668bd00cf6,fb74cda13ec8a75d3fa2c33cabd08ec6,True,sat,False,False,False,,"{""0"": ""free"", ""1"": ""free"", ""10"": ""free"", ""11"": ""free"", ""12"": ""free"", ""13"": ""fixed"", ""14"": ""free"", ""15"": ""free"", ""2"": ""free"", ""3"": ""free"", ""4"": ""free"", ""5"": ""free"", ""6"": ""free"", ""7"": ""free"", ""8"": ""free"", ""9"": ""free""}","{""0"": ""free"", ""1"": ""free"", ""2"": ""free"", ""3"": ""free""}",[13],"[0, 1, 2, 3, 4, 5, 6, 7, 8, 9, 10, 11, 12, 14, 15]",[],False,ambiguity,False,uf_axiom,
3bit_gap_mixed__ARK_111__MC_87__SR_119,ARK_111,MC_87,SR_119,,early_late_mixed,gap_early_late_mixed_hard_case,2,32,2,differential,1,"[{""classification"": ""ambiguity"", ""elapsed"": 178.69279477000237, ""first_result"": ""sat"", ""first_timeout_ms"": 60000, ""query_count"": 32, ""second_result"": ""sat"", ""second_timeout_ms"": 300000, ""z3_reason_unknown"": """"}]",sat,sat,0.004618622362613678,177.95238436944783,a66f651322597191ab9f8f8af4c2db61,a66f651322597191ab9f8f8af4c2db61,c31b5924bb8b023a90c14b9a54dd7fd5,True,sat,False,False,False,,"{""0"": ""free"", ""1"": ""free"", ""10"": ""free"", ""11"": ""free"", ""12"": ""free"", ""13"": ""free"", ""14"": ""free"", ""15"": ""free"", ""2"": ""free"", ""3"": ""free"", ""4"": ""free"", ""5"": ""free"", ""6"": ""free"", ""7"": ""free"", ""8"": ""free"", ""9"": ""free""}","{""0"": ""free"", ""1"": ""free"", ""2"": ""free"", ""3"": ""free""}",[],"[0, 1, 2, 3, 4, 5, 6, 7, 8, 9, 10, 11, 12, 13, 14, 15]",[],False,ambiguity,False,uf_axiom,
3bit_gap_mixed__MC_46__MC_48__SB_110,MC_46,MC_48,SB_110,,early_late_mixed,gap_early_late_mixed_hard_case,1,32,2,differential,1,"[{""classification"": ""ambiguity"", ""elapsed"": 191.528174854815, ""first_result"": ""sat"", ""first_timeout_ms"": 60000, ""query_count"": 32, ""second_result"": ""sat"", ""second_timeout_ms"": 300000, ""z3_reason_unknown"": """"}]",sat,sat,0.003650519996881485,190.9292427469045,99107579bc3c2c3b0d7a8a6fd1573606,99107579bc3c2c3b0d7a8a6fd1573606,7fad8c41db80a0df66c5dc6ebcd9bb72,True,sat,False,False,False,,"{""0"": ""free"", ""1"": ""free"", ""10"": ""free"", ""11"": ""free"", ""12"": ""free"", ""13"": ""free"", ""14"": ""free"", ""15"": ""free"", ""2"": ""free"", ""3"": ""free"", ""4"": ""free"", ""5"": ""free"", ""6"": ""free"", ""7"": ""free"", ""8"": ""free"", ""9"": ""free""}","{""0"": ""free"", ""1"": ""free"", ""2"": ""free"", ""3"": ""free""}",[],"[0, 1, 2, 3, 4, 5, 6, 7, 8, 9, 10, 11, 12, 13, 14, 15]",[],False,ambiguity,False,uf_axiom,
3bit_gap_mixed__MC_66__MC_99__SR_73,MC_66,MC_99,SR_73,,early_late_mixed,gap_early_late_mixed_hard_case,2,32,2,differential,1,"[{""classification"": ""ambiguity"", ""elapsed"": 222.56874724105, ""first_result"": ""sat"", ""first_timeout_ms"": 60000, ""query_count"": 32, ""second_result"": ""sat"", ""second_timeout_ms"": 300000, ""z3_reason_unknown"": """"}]",sat,sat,0.0022941622883081436,192.01466267369688,a66f651322597191ab9f8f8af4c2db61,a66f651322597191ab9f8f8af4c2db61,7a03f58e17f51c0597df408ae0f78686,True,sat,False,False,False,,"{""0"": ""free"", ""1"": ""free"", ""10"": ""free"", ""11"": ""unknown"", ""12"": ""free"", ""13"": ""free"", ""14"": ""free"", ""15"": ""free"", ""2"": ""free"", ""3"": ""free"", ""4"": ""free"", ""5"": ""free"", ""6"": ""free"", ""7"": ""free"", ""8"": ""free"", ""9"": ""free""}","{""0"": ""free"", ""1"": ""free"", ""2"": ""free"", ""3"": ""free""}",[],"[0, 1, 2, 3, 4, 5, 6, 7, 8, 9, 10, 12, 13, 14, 15]",[11],False,ambiguity,False,uf_axiom,
3bit_gap_mixed__ARK_126__SB_15__SB_79,ARK_126,SB_15,SB_79,,early_late_mixed,gap_early_late_mixed_hard_case,2,32,2,differential,1,"[{""classification"": ""ambiguity"", ""elapsed"": 245.1159622259438, ""first_result"": ""sat"", ""first_timeout_ms"": 60000, ""query_count"": 32, ""second_result"": ""sat"", ""second_timeout_ms"": 300000, ""z3_reason_unknown"": """"}]",sat,sat,0.0017732158303260803,244.63654151931405,a66f651322597191ab9f8f8af4c2db61,a66f651322597191ab9f8f8af4c2db61,8922d9f9601282230b0890d730195481,True,sat,False,False,False,,"{""0"": ""free"", ""1"": ""free"", ""10"": ""free"", ""11"": ""free"", ""12"": ""free"", ""13"": ""free"", ""14"": ""free"", ""15"": ""free"", ""2"": ""free"", ""3"": ""free"", ""4"": ""free"", ""5"": ""free"", ""6"": ""free"", ""7"": ""free"", ""8"": ""free"", ""9"": ""free""}","{""0"": ""free"", ""1"": ""free"", ""2"": ""free"", ""3"": ""free""}",[],"[0, 1, 2, 3, 4, 5, 6, 7, 8, 9, 10, 11, 12, 13, 14, 15]",[],False,ambiguity,False,uf_axiom,
3bit_gap_mixed__ARK_71__MC_66__SR_16,ARK_71,MC_66,SR_16,,early_late_mixed,gap_early_late_mixed_hard_case,1,32,2,differential,1,"[{""classification"": ""ambiguity"", ""elapsed"": 273.19888608530164, ""first_result"": ""sat"", ""first_timeout_ms"": 60000, ""query_count"": 32, ""second_result"": ""sat"", ""second_timeout_ms"": 300000, ""z3_reason_unknown"": """"}]",sat,sat,0.0043320488184690475,272.57685737870634,99107579bc3c2c3b0d7a8a6fd1573606,99107579bc3c2c3b0d7a8a6fd1573606,425ca9226748c8ca705675fb525c17cc,True,sat,False,False,False,,"{""0"": ""free"", ""1"": ""free"", ""10"": ""free"", ""11"": ""free"", ""12"": ""free"", ""13"": ""free"", ""14"": ""free"", ""15"": ""free"", ""2"": ""free"", ""3"": ""free"", ""4"": ""free"", ""5"": ""free"", ""6"": ""free"", ""7"": ""free"", ""8"": ""free"", ""9"": ""free""}","{""0"": ""free"", ""1"": ""free"", ""2"": ""free"", ""3"": ""free""}",[],"[0, 1, 2, 3, 4, 5, 6, 7, 8, 9, 10, 11, 12, 13, 14, 15]",[],False,ambiguity,False,uf_axiom,
3bit_gap_mixed__ARK_32__MC_58__SR_36,ARK_32,MC_58,SR_36,,early_late_mixed,gap_early_late_mixed_hard_case,0,32,2,differential,1,"[{""classification"": ""ambiguity"", ""elapsed"": 298.163315622136, ""first_result"": ""sat"", ""first_timeout_ms"": 60000, ""query_count"": 32, ""second_result"": ""sat"", ""second_timeout_ms"": 300000, ""z3_reason_unknown"": """"}]",sat,sat,0.0023013614118099213,297.5728636290878,edf43a9a19e4a3f3bf1eec668bd00cf6,edf43a9a19e4a3f3bf1eec668bd00cf6,7807c8321e19909ab3a1c11230f560ad,True,sat,False,False,False,,"{""0"": ""free"", ""1"": ""free"", ""10"": ""free"", ""11"": ""free"", ""12"": ""free"", ""13"": ""free"", ""14"": ""free"", ""15"": ""free"", ""2"": ""free"", ""3"": ""free"", ""4"": ""free"", ""5"": ""free"", ""6"": ""free"", ""7"": ""free"", ""8"": ""free"", ""9"": ""free""}","{""0"": ""free"", ""1"": ""free"", ""2"": ""free"", ""3"": ""free""}",[],"[0, 1, 2, 3, 4, 5, 6, 7, 8, 9, 10, 11, 12, 13, 14, 15]",[],False,ambiguity,False,uf_axiom,
3bit_gap_mixed__MC_117__MC_89__SB_6,MC_117,MC_89,SB_6,,early_late_mixed,gap_early_late_mixed_hard_case,0,64,2,differential,2,"[{""classification"": ""undecided"", ""elapsed"": 330.60927584022284, ""first_result"": ""sat"", ""first_timeout_ms"": 60000, ""query_count"": 32, ""second_result"": ""unknown"", ""second_timeout_ms"": 300000, ""z3_reason_unknown"": ""canceled""}, {""classification"": ""full_key_unique"", ""elapsed"": 66.62806932814419, ""first_result"": ""sat"", ""first_timeout_ms"": 60000, ""query_count"": 64, ""second_result"": ""unsat"", ""second_timeout_ms"": 300000, ""z3_reason_unknown"": """"}]",sat,unsat,0.006072323769330978,65.83555219322443,edf43a9a19e4a3f3bf1eec668bd00cf6,edf43a9a19e4a3f3bf1eec668bd00cf6,,True,sat,False,False,False,,"{""0"": ""fixed"", ""1"": ""fixed"", ""10"": ""fixed"", ""11"": ""fixed"", ""12"": ""fixed"", ""13"": ""fixed"", ""14"": ""fixed"", ""15"": ""fixed"", ""2"": ""fixed"", ""3"": ""fixed"", ""4"": ""fixed"", ""5"": ""fixed"", ""6"": ""fixed"", ""7"": ""fixed"", ""8"": ""fixed"", ""9"": ""fixed""}","{""0"": ""fixed"", ""1"": ""fixed"", ""2"": ""fixed"", ""3"": ""fixed""}","[0, 1, 2, 3, 4, 5, 6, 7, 8, 9, 10, 11, 12, 13, 14, 15]",[],[],False,full_key_unique,True,uf_axiom,
3bit_gap_mixed__ARK_8__MC_85__SB_93,ARK_8,MC_85,SB_93,,early_late_mixed,gap_early_late_mixed_hard_case,2,64,2,differential,2,"[{""classification"": ""undecided"", ""elapsed"": 330.6018364224583, ""first_result"": ""sat"", ""first_timeout_ms"": 60000, ""query_count"": 32, ""second_result"": ""unknown"", ""second_timeout_ms"": 300000, ""z3_reason_unknown"": ""canceled""}, {""classification"": ""full_key_unique"", ""elapsed"": 97.38094262965024, ""first_result"": ""sat"", ""first_timeout_ms"": 60000, ""query_count"": 64, ""second_result"": ""unsat"", ""second_timeout_ms"": 300000, ""z3_reason_unknown"": """"}]",sat,unsat,0.004916150122880936,96.89594642817974,a66f651322597191ab9f8f8af4c2db61,a66f651322597191ab9f8f8af4c2db61,,True,sat,False,False,False,,"{""0"": ""fixed"", ""1"": ""fixed"", ""10"": ""fixed"", ""11"": ""fixed"", ""12"": ""fixed"", ""13"": ""fixed"", ""14"": ""fixed"", ""15"": ""fixed"", ""2"": ""fixed"", ""3"": ""fixed"", ""4"": ""fixed"", ""5"": ""fixed"", ""6"": ""fixed"", ""7"": ""fixed"", ""8"": ""fixed"", ""9"": ""fixed""}","{""0"": ""fixed"", ""1"": ""fixed"", ""2"": ""fixed"", ""3"": ""fixed""}","[0, 1, 2, 3, 4, 5, 6, 7, 8, 9, 10, 11, 12, 13, 14, 15]",[],[],False,full_key_unique,True,uf_axiom,
3bit_gap_mixed__ARK_111__MC_87__SR_119,ARK_111,MC_87,SR_119,,early_late_mixed,gap_early_late_mixed_hard_case,0,64,2,differential,2,"[{""classification"": ""undecided"", ""elapsed"": 330.62275066785514, ""first_result"": ""sat"", ""first_timeout_ms"": 60000, ""query_count"": 32, ""second_result"": ""unknown"", ""second_timeout_ms"": 300000, ""z3_reason_unknown"": ""canceled""}, {""classification"": ""full_key_unique"", ""elapsed"": 141.74210658855736, ""first_result"": ""sat"", ""first_timeout_ms"": 60000, ""query_count"": 64, ""second_result"": ""unsat"", ""second_timeout_ms"": 300000, ""z3_reason_unknown"": """"}]",sat,unsat,0.005562819540500641,140.9148238785565,edf43a9a19e4a3f3bf1eec668bd00cf6,edf43a9a19e4a3f3bf1eec668bd00cf6,,True,sat,False,False,False,,"{""0"": ""fixed"", ""1"": ""fixed"", ""10"": ""fixed"", ""11"": ""fixed"", ""12"": ""fixed"", ""13"": ""fixed"", ""14"": ""fixed"", ""15"": ""fixed"", ""2"": ""fixed"", ""3"": ""fixed"", ""4"": ""fixed"", ""5"": ""fixed"", ""6"": ""fixed"", ""7"": ""fixed"", ""8"": ""fixed"", ""9"": ""fixed""}","{""0"": ""fixed"", ""1"": ""fixed"", ""2"": ""fixed"", ""3"": ""fixed""}","[0, 1, 2, 3, 4, 5, 6, 7, 8, 9, 10, 11, 12, 13, 14, 15]",[],[],False,full_key_unique,True,uf_axiom,
3bit_gap_mixed__MC_66__MC_99__SR_73,MC_66,MC_99,SR_73,,early_late_mixed,gap_early_late_mixed_hard_case,0,64,2,differential,2,"[{""classification"": ""undecided"", ""elapsed"": 330.665462160483, ""first_result"": ""sat"", ""first_timeout_ms"": 60000, ""query_count"": 32, ""second_result"": ""unknown"", ""second_timeout_ms"": 300000, ""z3_reason_unknown"": ""canceled""}, {""classification"": ""full_key_unique"", ""elapsed"": 169.8930558077991, ""first_result"": ""sat"", ""first_timeout_ms"": 60000, ""query_count"": 64, ""second_result"": ""unsat"", ""second_timeout_ms"": 300000, ""z3_reason_unknown"": """"}]",sat,unsat,0.003556707873940468,169.42955867387354,edf43a9a19e4a3f3bf1eec668bd00cf6,edf43a9a19e4a3f3bf1eec668bd00cf6,,True,sat,False,False,False,,"{""0"": ""fixed"", ""1"": ""fixed"", ""10"": ""fixed"", ""11"": ""fixed"", ""12"": ""fixed"", ""13"": ""fixed"", ""14"": ""fixed"", ""15"": ""fixed"", ""2"": ""fixed"", ""3"": ""fixed"", ""4"": ""fixed"", ""5"": ""fixed"", ""6"": ""fixed"", ""7"": ""fixed"", ""8"": ""fixed"", ""9"": ""fixed""}","{""0"": ""fixed"", ""1"": ""fixed"", ""2"": ""fixed"", ""3"": ""fixed""}","[0, 1, 2, 3, 4, 5, 6, 7, 8, 9, 10, 11, 12, 13, 14, 15]",[],[],False,full_key_unique,True,uf_axiom,
3bit_gap_mixed__MC_117__MC_89__SB_6,MC_117,MC_89,SB_6,,early_late_mixed,gap_early_late_mixed_hard_case,1,64,2,differential,2,"[{""classification"": ""undecided"", ""elapsed"": 330.62529690749943, ""first_result"": ""sat"", ""first_timeout_ms"": 60000, ""query_count"": 32, ""second_result"": ""unknown"", ""second_timeout_ms"": 300000, ""z3_reason_unknown"": ""canceled""}, {""classification"": ""full_key_unique"", ""elapsed"": 208.04875615611672, ""first_result"": ""sat"", ""first_timeout_ms"": 60000, ""query_count"": 64, ""second_result"": ""unsat"", ""second_timeout_ms"": 300000, ""z3_reason_unknown"": """"}]",sat,unsat,0.004011679440736771,207.5964900776744,99107579bc3c2c3b0d7a8a6fd1573606,99107579bc3c2c3b0d7a8a6fd1573606,,True,sat,False,False,False,,"{""0"": ""fixed"", ""1"": ""fixed"", ""10"": ""fixed"", ""11"": ""fixed"", ""12"": ""fixed"", ""13"": ""fixed"", ""14"": ""fixed"", ""15"": ""fixed"", ""2"": ""fixed"", ""3"": ""fixed"", ""4"": ""fixed"", ""5"": ""fixed"", ""6"": ""fixed"", ""7"": ""fixed"", ""8"": ""fixed"", ""9"": ""fixed""}","{""0"": ""fixed"", ""1"": ""fixed"", ""2"": ""fixed"", ""3"": ""fixed""}","[0, 1, 2, 3, 4, 5, 6, 7, 8, 9, 10, 11, 12, 13, 14, 15]",[],[],False,full_key_unique,True,uf_axiom,
3bit_gap_mixed__ARK_1__ARK_61__SB_68,ARK_1,ARK_61,SB_68,,early_late_mixed,gap_early_late_mixed_hard_case,2,64,2,differential,2,"[{""classification"": ""undecided"", ""elapsed"": 330.48300766944885, ""first_result"": ""sat"", ""first_timeout_ms"": 60000, ""query_count"": 32, ""second_result"": ""unknown"", ""second_timeout_ms"": 300000, ""z3_reason_unknown"": ""canceled""}, {""classification"": ""full_key_unique"", ""elapsed"": 234.67586844600737, ""first_result"": ""sat"", ""first_timeout_ms"": 60000, ""query_count"": 64, ""second_result"": ""unsat"", ""second_timeout_ms"": 300000, ""z3_reason_unknown"": """"}]",sat,unsat,0.004329223185777664,233.90201579779387,a66f651322597191ab9f8f8af4c2db61,a66f651322597191ab9f8f8af4c2db61,,True,sat,False,False,False,,"{""0"": ""fixed"", ""1"": ""fixed"", ""10"": ""fixed"", ""11"": ""fixed"", ""12"": ""fixed"", ""13"": ""fixed"", ""14"": ""fixed"", ""15"": ""fixed"", ""2"": ""fixed"", ""3"": ""fixed"", ""4"": ""fixed"", ""5"": ""fixed"", ""6"": ""fixed"", ""7"": ""fixed"", ""8"": ""fixed"", ""9"": ""fixed""}","{""0"": ""fixed"", ""1"": ""fixed"", ""2"": ""fixed"", ""3"": ""fixed""}","[0, 1, 2, 3, 4, 5, 6, 7, 8, 9, 10, 11, 12, 13, 14, 15]",[],[],False,full_key_unique,True,uf_axiom,
3bit_gap_mixed__ARK_92__MC_112__SB_74,ARK_92,MC_112,SB_74,,early_late_mixed,gap_early_late_mixed_hard_case,0,64,2,differential,2,"[{""classification"": ""undecided"", ""elapsed"": 330.77058051526546, ""first_result"": ""sat"", ""first_timeout_ms"": 60000, ""query_count"": 32, ""second_result"": ""unknown"", ""second_timeout_ms"": 300000, ""z3_reason_unknown"": ""canceled""}, {""classification"": ""full_key_unique"", ""elapsed"": 241.59602799639106, ""first_result"": ""sat"", ""first_timeout_ms"": 60000, ""query_count"": 64, ""second_result"": ""unsat"", ""second_timeout_ms"": 300000, ""z3_reason_unknown"": """"}]",sat,unsat,0.006677992641925812,240.8337893858552,edf43a9a19e4a3f3bf1eec668bd00cf6,edf43a9a19e4a3f3bf1eec668bd00cf6,,True,sat,False,False,False,,"{""0"": ""fixed"", ""1"": ""fixed"", ""10"": ""fixed"", ""11"": ""fixed"", ""12"": ""fixed"", ""13"": ""fixed"", ""14"": ""fixed"", ""15"": ""fixed"", ""2"": ""fixed"", ""3"": ""fixed"", ""4"": ""fixed"", ""5"": ""fixed"", ""6"": ""fixed"", ""7"": ""fixed"", ""8"": ""fixed"", ""9"": ""fixed""}","{""0"": ""fixed"", ""1"": ""fixed"", ""2"": ""fixed"", ""3"": ""fixed""}","[0, 1, 2, 3, 4, 5, 6, 7, 8, 9, 10, 11, 12, 13, 14, 15]",[],[],False,full_key_unique,True,uf_axiom,
3bit_gap_mixed__ARK_92__MC_112__SB_74,ARK_92,MC_112,SB_74,,early_late_mixed,gap_early_late_mixed_hard_case,1,96,2,differential,3,"[{""classification"": ""undecided"", ""elapsed"": 330.54314834810793, ""first_result"": ""sat"", ""first_timeout_ms"": 60000, ""query_count"": 32, ""second_result"": ""unknown"", ""second_timeout_ms"": 300000, ""z3_reason_unknown"": ""canceled""}, {""classification"": ""undecided"", ""elapsed"": 330.4276928715408, ""first_result"": ""sat"", ""first_timeout_ms"": 60000, ""query_count"": 64, ""second_result"": ""unknown"", ""second_timeout_ms"": 300000, ""z3_reason_unknown"": ""canceled""}, {""classification"": ""full_key_unique"", ""elapsed"": 46.64713389240205, ""first_result"": ""sat"", ""first_timeout_ms"": 60000, ""query_count"": 96, ""second_result"": ""unsat"", ""second_timeout_ms"": 300000, ""z3_reason_unknown"": """"}]",sat,unsat,0.006041388958692551,46.022767247632146,99107579bc3c2c3b0d7a8a6fd1573606,99107579bc3c2c3b0d7a8a6fd1573606,,True,sat,False,False,False,,"{""0"": ""fixed"", ""1"": ""fixed"", ""10"": ""fixed"", ""11"": ""fixed"", ""12"": ""fixed"", ""13"": ""fixed"", ""14"": ""fixed"", ""15"": ""fixed"", ""2"": ""fixed"", ""3"": ""fixed"", ""4"": ""fixed"", ""5"": ""fixed"", ""6"": ""fixed"", ""7"": ""fixed"", ""8"": ""fixed"", ""9"": ""fixed""}","{""0"": ""fixed"", ""1"": ""fixed"", ""2"": ""fixed"", ""3"": ""fixed""}","[0, 1, 2, 3, 4, 5, 6, 7, 8, 9, 10, 11, 12, 13, 14, 15]",[],[],False,full_key_unique,True,uf_axiom,
3bit_gap_mixed__ARK_47__MC_22__SR_20,ARK_47,MC_22,SR_20,,early_late_mixed,gap_early_late_mixed_hard_case,2,96,2,differential,3,"[{""classification"": ""undecided"", ""elapsed"": 330.52375605888665, ""first_result"": ""sat"", ""first_timeout_ms"": 60000, ""query_count"": 32, ""second_result"": ""unknown"", ""second_timeout_ms"": 300000, ""z3_reason_unknown"": ""canceled""}, {""classification"": ""undecided"", ""elapsed"": 330.7127804365009, ""first_result"": ""sat"", ""first_timeout_ms"": 60000, ""query_count"": 64, ""second_result"": ""unknown"", ""second_timeout_ms"": 300000, ""z3_reason_unknown"": ""canceled""}, {""classification"": ""full_key_unique"", ""elapsed"": 52.25919448211789, ""first_result"": ""sat"", ""first_timeout_ms"": 60000, ""query_count"": 96, ""second_result"": ""unsat"", ""second_timeout_ms"": 300000, ""z3_reason_unknown"": """"}]",sat,unsat,0.005315527319908142,51.546480456367135,a66f651322597191ab9f8f8af4c2db61,a66f651322597191ab9f8f8af4c2db61,,True,sat,False,False,False,,"{""0"": ""fixed"", ""1"": ""fixed"", ""10"": ""fixed"", ""11"": ""fixed"", ""12"": ""fixed"", ""13"": ""fixed"", ""14"": ""fixed"", ""15"": ""fixed"", ""2"": ""fixed"", ""3"": ""fixed"", ""4"": ""fixed"", ""5"": ""fixed"", ""6"": ""fixed"", ""7"": ""fixed"", ""8"": ""fixed"", ""9"": ""fixed""}","{""0"": ""fixed"", ""1"": ""fixed"", ""2"": ""fixed"", ""3"": ""fixed""}","[0, 1, 2, 3, 4, 5, 6, 7, 8, 9, 10, 11, 12, 13, 14, 15]",[],[],False,full_key_unique,True,uf_axiom,
3bit_gap_mixed__ARK_47__MC_22__SR_20,ARK_47,MC_22,SR_20,,early_late_mixed,gap_early_late_mixed_hard_case,1,96,2,differential,3,"[{""classification"": ""undecided"", ""elapsed"": 330.6950051765889, ""first_result"": ""sat"", ""first_timeout_ms"": 60000, ""query_count"": 32, ""second_result"": ""unknown"", ""second_timeout_ms"": 300000, ""z3_reason_unknown"": ""canceled""}, {""classification"": ""undecided"", ""elapsed"": 330.51380312256515, ""first_result"": ""sat"", ""first_timeout_ms"": 60000, ""query_count"": 64, ""second_result"": ""unknown"", ""second_timeout_ms"": 300000, ""z3_reason_unknown"": ""canceled""}, {""classification"": ""full_key_unique"", ""elapsed"": 60.652206391096115, ""first_result"": ""sat"", ""first_timeout_ms"": 60000, ""query_count"": 96, ""second_result"": ""unsat"", ""second_timeout_ms"": 300000, ""z3_reason_unknown"": """"}]",sat,unsat,0.00564797967672348,59.93132839165628,99107579bc3c2c3b0d7a8a6fd1573606,99107579bc3c2c3b0d7a8a6fd1573606,,True,sat,False,False,False,,"{""0"": ""fixed"", ""1"": ""fixed"", ""10"": ""fixed"", ""11"": ""fixed"", ""12"": ""fixed"", ""13"": ""fixed"", ""14"": ""fixed"", ""15"": ""fixed"", ""2"": ""fixed"", ""3"": ""fixed"", ""4"": ""fixed"", ""5"": ""fixed"", ""6"": ""fixed"", ""7"": ""fixed"", ""8"": ""fixed"", ""9"": ""fixed""}","{""0"": ""fixed"", ""1"": ""fixed"", ""2"": ""fixed"", ""3"": ""fixed""}","[0, 1, 2, 3, 4, 5, 6, 7, 8, 9, 10, 11, 12, 13, 14, 15]",[],[],False,full_key_unique,True,uf_axiom,
3bit_gap_mixed__MC_66__MC_99__SR_73,MC_66,MC_99,SR_73,,early_late_mixed,gap_early_late_mixed_hard_case,1,96,2,differential,3,"[{""classification"": ""undecided"", ""elapsed"": 330.60687575675547, ""first_result"": ""sat"", ""first_timeout_ms"": 60000, ""query_count"": 32, ""second_result"": ""unknown"", ""second_timeout_ms"": 300000, ""z3_reason_unknown"": ""canceled""}, {""classification"": ""undecided"", ""elapsed"": 330.47080380283296, ""first_result"": ""sat"", ""first_timeout_ms"": 60000, ""query_count"": 64, ""second_result"": ""unknown"", ""second_timeout_ms"": 300000, ""z3_reason_unknown"": ""canceled""}, {""classification"": ""full_key_unique"", ""elapsed"": 61.401030372828245, ""first_result"": ""sat"", ""first_timeout_ms"": 60000, ""query_count"": 96, ""second_result"": ""unsat"", ""second_timeout_ms"": 300000, ""z3_reason_unknown"": """"}]",sat,unsat,0.005376698449254036,60.69859927892685,99107579bc3c2c3b0d7a8a6fd1573606,99107579bc3c2c3b0d7a8a6fd1573606,,True,sat,False,False,False,,"{""0"": ""fixed"", ""1"": ""fixed"", ""10"": ""fixed"", ""11"": ""fixed"", ""12"": ""fixed"", ""13"": ""fixed"", ""14"": ""fixed"", ""15"": ""fixed"", ""2"": ""fixed"", ""3"": ""fixed"", ""4"": ""fixed"", ""5"": ""fixed"", ""6"": ""fixed"", ""7"": ""fixed"", ""8"": ""fixed"", ""9"": ""fixed""}","{""0"": ""fixed"", ""1"": ""fixed"", ""2"": ""fixed"", ""3"": ""fixed""}","[0, 1, 2, 3, 4, 5, 6, 7, 8, 9, 10, 11, 12, 13, 14, 15]",[],[],False,full_key_unique,True,uf_axiom,
3bit_gap_mixed__ARK_53__MC_103__SR_61,ARK_53,MC_103,SR_61,,early_late_mixed,gap_early_late_mixed_hard_case,1,96,2,differential,3,"[{""classification"": ""undecided"", ""elapsed"": 330.7407343015075, ""first_result"": ""sat"", ""first_timeout_ms"": 60000, ""query_count"": 32, ""second_result"": ""unknown"", ""second_timeout_ms"": 300000, ""z3_reason_unknown"": ""canceled""}, {""classification"": ""undecided"", ""elapsed"": 330.4208721257746, ""first_result"": ""sat"", ""first_timeout_ms"": 60000, ""query_count"": 64, ""second_result"": ""unknown"", ""second_timeout_ms"": 300000, ""z3_reason_unknown"": ""canceled""}, {""classification"": ""full_key_unique"", ""elapsed"": 62.36632809229195, ""first_result"": ""sat"", ""first_timeout_ms"": 60000, ""query_count"": 96, ""second_result"": ""unsat"", ""second_timeout_ms"": 300000, ""z3_reason_unknown"": """"}]",sat,unsat,0.0050443485379219055,61.755319172516465,99107579bc3c2c3b0d7a8a6fd1573606,99107579bc3c2c3b0d7a8a6fd1573606,,True,sat,False,False,False,,"{""0"": ""fixed"", ""1"": ""fixed"", ""10"": ""fixed"", ""11"": ""fixed"", ""12"": ""fixed"", ""13"": ""fixed"", ""14"": ""fixed"", ""15"": ""fixed"", ""2"": ""fixed"", ""3"": ""fixed"", ""4"": ""fixed"", ""5"": ""fixed"", ""6"": ""fixed"", ""7"": ""fixed"", ""8"": ""fixed"", ""9"": ""fixed""}","{""0"": ""fixed"", ""1"": ""fixed"", ""2"": ""fixed"", ""3"": ""fixed""}","[0, 1, 2, 3, 4, 5, 6, 7, 8, 9, 10, 11, 12, 13, 14, 15]",[],[],False,full_key_unique,True,uf_axiom,
3bit_gap_mixed__ARK_1__ARK_61__SB_68,ARK_1,ARK_61,SB_68,,early_late_mixed,gap_early_late_mixed_hard_case,0,96,2,differential,3,"[{""classification"": ""undecided"", ""elapsed"": 330.66700389795005, ""first_result"": ""sat"", ""first_timeout_ms"": 60000, ""query_count"": 32, ""second_result"": ""unknown"", ""second_timeout_ms"": 300000, ""z3_reason_unknown"": ""canceled""}, {""classification"": ""undecided"", ""elapsed"": 330.44722512178123, ""first_result"": ""sat"", ""first_timeout_ms"": 60000, ""query_count"": 64, ""second_result"": ""unknown"", ""second_timeout_ms"": 300000, ""z3_reason_unknown"": ""canceled""}, {""classification"": ""full_key_unique"", ""elapsed"": 96.18280922994018, ""first_result"": ""sat"", ""first_timeout_ms"": 60000, ""query_count"": 96, ""second_result"": ""unsat"", ""second_timeout_ms"": 300000, ""z3_reason_unknown"": """"}]",sat,unsat,0.01017272099852562,95.00167977623641,edf43a9a19e4a3f3bf1eec668bd00cf6,edf43a9a19e4a3f3bf1eec668bd00cf6,,True,sat,False,False,False,,"{""0"": ""fixed"", ""1"": ""fixed"", ""10"": ""fixed"", ""11"": ""fixed"", ""12"": ""fixed"", ""13"": ""fixed"", ""14"": ""fixed"", ""15"": ""fixed"", ""2"": ""fixed"", ""3"": ""fixed"", ""4"": ""fixed"", ""5"": ""fixed"", ""6"": ""fixed"", ""7"": ""fixed"", ""8"": ""fixed"", ""9"": ""fixed""}","{""0"": ""fixed"", ""1"": ""fixed"", ""2"": ""fixed"", ""3"": ""fixed""}","[0, 1, 2, 3, 4, 5, 6, 7, 8, 9, 10, 11, 12, 13, 14, 15]",[],[],False,full_key_unique,True,uf_axiom,
3bit_gap_mixed__ARK_111__MC_87__SR_119,ARK_111,MC_87,SR_119,,early_late_mixed,gap_early_late_mixed_hard_case,1,96,2,differential,3,"[{""classification"": ""undecided"", ""elapsed"": 330.6471764110029, ""first_result"": ""sat"", ""first_timeout_ms"": 60000, ""query_count"": 32, ""second_result"": ""unknown"", ""second_timeout_ms"": 300000, ""z3_reason_unknown"": ""canceled""}, {""classification"": ""undecided"", ""elapsed"": 330.5043789688498, ""first_result"": ""sat"", ""first_timeout_ms"": 60000, ""query_count"": 64, ""second_result"": ""unknown"", ""second_timeout_ms"": 300000, ""z3_reason_unknown"": ""canceled""}, {""classification"": ""full_key_unique"", ""elapsed"": 191.77502686157823, ""first_result"": ""sat"", ""first_timeout_ms"": 60000, ""query_count"": 96, ""second_result"": ""unsat"", ""second_timeout_ms"": 300000, ""z3_reason_unknown"": """"}]",sat,unsat,0.00524386391043663,191.09687326848507,99107579bc3c2c3b0d7a8a6fd1573606,99107579bc3c2c3b0d7a8a6fd1573606,,True,sat,False,False,False,,"{""0"": ""fixed"", ""1"": ""fixed"", ""10"": ""fixed"", ""11"": ""fixed"", ""12"": ""fixed"", ""13"": ""fixed"", ""14"": ""fixed"", ""15"": ""fixed"", ""2"": ""fixed"", ""3"": ""fixed"", ""4"": ""fixed"", ""5"": ""fixed"", ""6"": ""fixed"", ""7"": ""fixed"", ""8"": ""fixed"", ""9"": ""fixed""}","{""0"": ""fixed"", ""1"": ""fixed"", ""2"": ""fixed"", ""3"": ""fixed""}","[0, 1, 2, 3, 4, 5, 6, 7, 8, 9, 10, 11, 12, 13, 14, 15]",[],[],False,full_key_unique,True,uf_axiom,
3bit_gap_mixed__ARK_47__MC_22__SR_20,ARK_47,MC_22,SR_20,,early_late_mixed,gap_early_late_mixed_hard_case,0,96,2,differential,3,"[{""classification"": ""undecided"", ""elapsed"": 330.49487867206335, ""first_result"": ""sat"", ""first_timeout_ms"": 60000, ""query_count"": 32, ""second_result"": ""unknown"", ""second_timeout_ms"": 300000, ""z3_reason_unknown"": ""canceled""}, {""classification"": ""undecided"", ""elapsed"": 330.6890889555216, ""first_result"": ""sat"", ""first_timeout_ms"": 60000, ""query_count"": 64, ""second_result"": ""unknown"", ""second_timeout_ms"": 300000, ""z3_reason_unknown"": ""canceled""}, {""classification"": ""full_key_unique"", ""elapsed"": 207.758436428383, ""first_result"": ""sat"", ""first_timeout_ms"": 60000, ""query_count"": 96, ""second_result"": ""unsat"", ""second_timeout_ms"": 300000, ""z3_reason_unknown"": """"}]",sat,unsat,0.007965542376041412,206.48795326799154,edf43a9a19e4a3f3bf1eec668bd00cf6,edf43a9a19e4a3f3bf1eec668bd00cf6,,True,sat,False,False,False,,"{""0"": ""fixed"", ""1"": ""fixed"", ""10"": ""fixed"", ""11"": ""fixed"", ""12"": ""fixed"", ""13"": ""fixed"", ""14"": ""fixed"", ""15"": ""fixed"", ""2"": ""fixed"", ""3"": ""fixed"", ""4"": ""fixed"", ""5"": ""fixed"", ""6"": ""fixed"", ""7"": ""fixed"", ""8"": ""fixed"", ""9"": ""fixed""}","{""0"": ""fixed"", ""1"": ""fixed"", ""2"": ""fixed"", ""3"": ""fixed""}","[0, 1, 2, 3, 4, 5, 6, 7, 8, 9, 10, 11, 12, 13, 14, 15]",[],[],False,full_key_unique,True,uf_axiom,
3bit_gap_mixed__ARK_8__MC_85__SB_93,ARK_8,MC_85,SB_93,,early_late_mixed,gap_early_late_mixed_hard_case,1,96,2,differential,3,"[{""classification"": ""undecided"", ""elapsed"": 330.6613728683442, ""first_result"": ""sat"", ""first_timeout_ms"": 60000, ""query_count"": 32, ""second_result"": ""unknown"", ""second_timeout_ms"": 300000, ""z3_reason_unknown"": ""canceled""}, {""classification"": ""undecided"", ""elapsed"": 330.7964726369828, ""first_result"": ""sat"", ""first_timeout_ms"": 60000, ""query_count"": 64, ""second_result"": ""unknown"", ""second_timeout_ms"": 300000, ""z3_reason_unknown"": ""canceled""}, {""classification"": ""full_key_unique"", ""elapsed"": 269.93030865490437, ""first_result"": ""sat"", ""first_timeout_ms"": 60000, ""query_count"": 96, ""second_result"": ""unsat"", ""second_timeout_ms"": 300000, ""z3_reason_unknown"": """"}]",sat,unsat,0.005810501053929329,269.328681146726,99107579bc3c2c3b0d7a8a6fd1573606,99107579bc3c2c3b0d7a8a6fd1573606,,True,sat,False,False,False,,"{""0"": ""fixed"", ""1"": ""fixed"", ""10"": ""fixed"", ""11"": ""fixed"", ""12"": ""fixed"", ""13"": ""fixed"", ""14"": ""fixed"", ""15"": ""fixed"", ""2"": ""fixed"", ""3"": ""fixed"", ""4"": ""fixed"", ""5"": ""fixed"", ""6"": ""fixed"", ""7"": ""fixed"", ""8"": ""fixed"", ""9"": ""fixed""}","{""0"": ""fixed"", ""1"": ""fixed"", ""2"": ""fixed"", ""3"": ""fixed""}","[0, 1, 2, 3, 4, 5, 6, 7, 8, 9, 10, 11, 12, 13, 14, 15]",[],[],False,full_key_unique,True,uf_axiom,
3bit_gap_mixed__ARK_1__ARK_61__SB_68,ARK_1,ARK_61,SB_68,,early_late_mixed,gap_early_late_mixed_hard_case,1,128,2,differential,4,"[{""classification"": ""undecided"", ""elapsed"": 330.59416418895125, ""first_result"": ""sat"", ""first_timeout_ms"": 60000, ""query_count"": 32, ""second_result"": ""unknown"", ""second_timeout_ms"": 300000, ""z3_reason_unknown"": ""canceled""}, {""classification"": ""undecided"", ""elapsed"": 330.43427941948175, ""first_result"": ""sat"", ""first_timeout_ms"": 60000, ""query_count"": 64, ""second_result"": ""unknown"", ""second_timeout_ms"": 300000, ""z3_reason_unknown"": ""canceled""}, {""classification"": ""undecided"", ""elapsed"": 330.6460976190865, ""first_result"": ""sat"", ""first_timeout_ms"": 60000, ""query_count"": 96, ""second_result"": ""unknown"", ""second_timeout_ms"": 300000, ""z3_reason_unknown"": ""canceled""}, {""classification"": ""full_key_unique"", ""elapsed"": 21.600012267008424, ""first_result"": ""sat"", ""first_timeout_ms"": 60000, ""query_count"": 128, ""second_result"": ""unsat"", ""second_timeout_ms"": 300000, ""z3_reason_unknown"": """"}]",sat,unsat,0.007635712623596191,20.789510341361165,99107579bc3c2c3b0d7a8a6fd1573606,99107579bc3c2c3b0d7a8a6fd1573606,,True,sat,False,False,False,,"{""0"": ""fixed"", ""1"": ""fixed"", ""10"": ""fixed"", ""11"": ""fixed"", ""12"": ""fixed"", ""13"": ""fixed"", ""14"": ""fixed"", ""15"": ""fixed"", ""2"": ""fixed"", ""3"": ""fixed"", ""4"": ""fixed"", ""5"": ""fixed"", ""6"": ""fixed"", ""7"": ""fixed"", ""8"": ""fixed"", ""9"": ""fixed""}","{""0"": ""fixed"", ""1"": ""fixed"", ""2"": ""fixed"", ""3"": ""fixed""}","[0, 1, 2, 3, 4, 5, 6, 7, 8, 9, 10, 11, 12, 13, 14, 15]",[],[],False,full_key_unique,True,uf_axiom,
3bit_gap_mixed__ARK_92__MC_112__SB_74,ARK_92,MC_112,SB_74,,early_late_mixed,gap_early_late_mixed_hard_case,2,128,2,differential,4,"[{""classification"": ""undecided"", ""elapsed"": 330.74016809649765, ""first_result"": ""sat"", ""first_timeout_ms"": 60000, ""query_count"": 32, ""second_result"": ""unknown"", ""second_timeout_ms"": 300000, ""z3_reason_unknown"": ""canceled""}, {""classification"": ""undecided"", ""elapsed"": 330.41548759303987, ""first_result"": ""sat"", ""first_timeout_ms"": 60000, ""query_count"": 64, ""second_result"": ""unknown"", ""second_timeout_ms"": 300000, ""z3_reason_unknown"": ""canceled""}, {""classification"": ""undecided"", ""elapsed"": 330.6193474829197, ""first_result"": ""sat"", ""first_timeout_ms"": 60000, ""query_count"": 96, ""second_result"": ""unknown"", ""second_timeout_ms"": 300000, ""z3_reason_unknown"": ""canceled""}, {""classification"": ""full_key_unique"", ""elapsed"": 37.95884080417454, ""first_result"": ""sat"", ""first_timeout_ms"": 60000, ""query_count"": 128, ""second_result"": ""unsat"", ""second_timeout_ms"": 300000, ""z3_reason_unknown"": """"}]",sat,unsat,0.008651908487081528,37.17571882903576,a66f651322597191ab9f8f8af4c2db61,a66f651322597191ab9f8f8af4c2db61,,True,sat,False,False,False,,"{""0"": ""fixed"", ""1"": ""fixed"", ""10"": ""fixed"", ""11"": ""fixed"", ""12"": ""fixed"", ""13"": ""fixed"", ""14"": ""fixed"", ""15"": ""fixed"", ""2"": ""fixed"", ""3"": ""fixed"", ""4"": ""fixed"", ""5"": ""fixed"", ""6"": ""fixed"", ""7"": ""fixed"", ""8"": ""fixed"", ""9"": ""fixed""}","{""0"": ""fixed"", ""1"": ""fixed"", ""2"": ""fixed"", ""3"": ""fixed""}","[0, 1, 2, 3, 4, 5, 6, 7, 8, 9, 10, 11, 12, 13, 14, 15]",[],[],False,full_key_unique,True,uf_axiom,
3bit_gap_mixed__ARK_115__MC_65__SB_43,ARK_115,MC_65,SB_43,,early_late_mixed,gap_early_late_mixed_hard_case,1,128,2,differential,4,"[{""classification"": ""undecided"", ""elapsed"": 330.5621719881892, ""first_result"": ""sat"", ""first_timeout_ms"": 60000, ""query_count"": 32, ""second_result"": ""unknown"", ""second_timeout_ms"": 300000, ""z3_reason_unknown"": ""canceled""}, {""classification"": ""undecided"", ""elapsed"": 330.7881700657308, ""first_result"": ""sat"", ""first_timeout_ms"": 60000, ""query_count"": 64, ""second_result"": ""unknown"", ""second_timeout_ms"": 300000, ""z3_reason_unknown"": ""canceled""}, {""classification"": ""undecided"", ""elapsed"": 330.6764760836959, ""first_result"": ""sat"", ""first_timeout_ms"": 60000, ""query_count"": 96, ""second_result"": ""unknown"", ""second_timeout_ms"": 300000, ""z3_reason_unknown"": ""canceled""}, {""classification"": ""full_key_unique"", ""elapsed"": 65.57711152546108, ""first_result"": ""sat"", ""first_timeout_ms"": 60000, ""query_count"": 128, ""second_result"": ""unsat"", ""second_timeout_ms"": 300000, ""z3_reason_unknown"": """"}]",sat,unsat,0.012720050290226936,64.086007963866,99107579bc3c2c3b0d7a8a6fd1573606,99107579bc3c2c3b0d7a8a6fd1573606,,True,sat,False,False,False,,"{""0"": ""fixed"", ""1"": ""fixed"", ""10"": ""fixed"", ""11"": ""fixed"", ""12"": ""fixed"", ""13"": ""fixed"", ""14"": ""fixed"", ""15"": ""fixed"", ""2"": ""fixed"", ""3"": ""fixed"", ""4"": ""fixed"", ""5"": ""fixed"", ""6"": ""fixed"", ""7"": ""fixed"", ""8"": ""fixed"", ""9"": ""fixed""}","{""0"": ""fixed"", ""1"": ""fixed"", ""2"": ""fixed"", ""3"": ""fixed""}","[0, 1, 2, 3, 4, 5, 6, 7, 8, 9, 10, 11, 12, 13, 14, 15]",[],[],False,full_key_unique,True,uf_axiom,
3bit_gap_mixed__MC_117__MC_89__SB_6,MC_117,MC_89,SB_6,,early_late_mixed,gap_early_late_mixed_hard_case,2,128,2,differential,4,"[{""classification"": ""undecided"", ""elapsed"": 330.5192111507058, ""first_result"": ""sat"", ""first_timeout_ms"": 60000, ""query_count"": 32, ""second_result"": ""unknown"", ""second_timeout_ms"": 300000, ""z3_reason_unknown"": ""canceled""}, {""classification"": ""undecided"", ""elapsed"": 330.60779978334904, ""first_result"": ""sat"", ""first_timeout_ms"": 60000, ""query_count"": 64, ""second_result"": ""unknown"", ""second_timeout_ms"": 300000, ""z3_reason_unknown"": ""canceled""}, {""classification"": ""undecided"", ""elapsed"": 330.66940528154373, ""first_result"": ""sat"", ""first_timeout_ms"": 60000, ""query_count"": 96, ""second_result"": ""unknown"", ""second_timeout_ms"": 300000, ""z3_reason_unknown"": ""canceled""}, {""classification"": ""full_key_unique"", ""elapsed"": 71.47652151994407, ""first_result"": ""sat"", ""first_timeout_ms"": 60000, ""query_count"": 128, ""second_result"": ""unsat"", ""second_timeout_ms"": 300000, ""z3_reason_unknown"": """"}]",sat,unsat,0.008193794637918472,70.68338547088206,a66f651322597191ab9f8f8af4c2db61,a66f651322597191ab9f8f8af4c2db61,,True,sat,False,False,False,,"{""0"": ""fixed"", ""1"": ""fixed"", ""10"": ""fixed"", ""11"": ""fixed"", ""12"": ""fixed"", ""13"": ""fixed"", ""14"": ""fixed"", ""15"": ""fixed"", ""2"": ""fixed"", ""3"": ""fixed"", ""4"": ""fixed"", ""5"": ""fixed"", ""6"": ""fixed"", ""7"": ""fixed"", ""8"": ""fixed"", ""9"": ""fixed""}","{""0"": ""fixed"", ""1"": ""fixed"", ""2"": ""fixed"", ""3"": ""fixed""}","[0, 1, 2, 3, 4, 5, 6, 7, 8, 9, 10, 11, 12, 13, 14, 15]",[],[],False,full_key_unique,True,uf_axiom,
3bit_gap_mixed__ARK_8__MC_85__SB_93,ARK_8,MC_85,SB_93,,early_late_mixed,gap_early_late_mixed_hard_case,0,128,2,differential,4,"[{""classification"": ""undecided"", ""elapsed"": 330.63733251206577, ""first_result"": ""sat"", ""first_timeout_ms"": 60000, ""query_count"": 32, ""second_result"": ""unknown"", ""second_timeout_ms"": 300000, ""z3_reason_unknown"": ""canceled""}, {""classification"": ""undecided"", ""elapsed"": 330.5334601420909, ""first_result"": ""sat"", ""first_timeout_ms"": 60000, ""query_count"": 64, ""second_result"": ""unknown"", ""second_timeout_ms"": 300000, ""z3_reason_unknown"": ""canceled""}, {""classification"": ""undecided"", ""elapsed"": 330.71278848685324, ""first_result"": ""sat"", ""first_timeout_ms"": 60000, ""query_count"": 96, ""second_result"": ""unknown"", ""second_timeout_ms"": 300000, ""z3_reason_unknown"": ""canceled""}, {""classification"": ""full_key_unique"", ""elapsed"": 74.7512574531138, ""first_result"": ""sat"", ""first_timeout_ms"": 60000, ""query_count"": 128, ""second_result"": ""unsat"", ""second_timeout_ms"": 300000, ""z3_reason_unknown"": """"}]",sat,unsat,0.007991386577486992,73.9413704611361,edf43a9a19e4a3f3bf1eec668bd00cf6,edf43a9a19e4a3f3bf1eec668bd00cf6,,True,sat,False,False,False,,"{""0"": ""fixed"", ""1"": ""fixed"", ""10"": ""fixed"", ""11"": ""fixed"", ""12"": ""fixed"", ""13"": ""fixed"", ""14"": ""fixed"", ""15"": ""fixed"", ""2"": ""fixed"", ""3"": ""fixed"", ""4"": ""fixed"", ""5"": ""fixed"", ""6"": ""fixed"", ""7"": ""fixed"", ""8"": ""fixed"", ""9"": ""fixed""}","{""0"": ""fixed"", ""1"": ""fixed"", ""2"": ""fixed"", ""3"": ""fixed""}","[0, 1, 2, 3, 4, 5, 6, 7, 8, 9, 10, 11, 12, 13, 14, 15]",[],[],False,full_key_unique,True,uf_axiom,
3bit_gap_mixed__ARK_115__MC_65__SB_43,ARK_115,MC_65,SB_43,,early_late_mixed,gap_early_late_mixed_hard_case,2,128,2,differential,4,"[{""classification"": ""undecided"", ""elapsed"": 330.57274666428566, ""first_result"": ""sat"", ""first_timeout_ms"": 60000, ""query_count"": 32, ""second_result"": ""unknown"", ""second_timeout_ms"": 300000, ""z3_reason_unknown"": ""canceled""}, {""classification"": ""undecided"", ""elapsed"": 330.46716220863163, ""first_result"": ""sat"", ""first_timeout_ms"": 60000, ""query_count"": 64, ""second_result"": ""unknown"", ""second_timeout_ms"": 300000, ""z3_reason_unknown"": ""canceled""}, {""classification"": ""undecided"", ""elapsed"": 330.6648955550045, ""first_result"": ""sat"", ""first_timeout_ms"": 60000, ""query_count"": 96, ""second_result"": ""unknown"", ""second_timeout_ms"": 300000, ""z3_reason_unknown"": ""canceled""}, {""classification"": ""full_key_unique"", ""elapsed"": 158.01557412743568, ""first_result"": ""sat"", ""first_timeout_ms"": 60000, ""query_count"": 128, ""second_result"": ""unsat"", ""second_timeout_ms"": 300000, ""z3_reason_unknown"": """"}]",sat,unsat,0.008009595796465874,157.18313091248274,a66f651322597191ab9f8f8af4c2db61,a66f651322597191ab9f8f8af4c2db61,,True,sat,False,False,False,,"{""0"": ""fixed"", ""1"": ""fixed"", ""10"": ""fixed"", ""11"": ""fixed"", ""12"": ""fixed"", ""13"": ""fixed"", ""14"": ""fixed"", ""15"": ""fixed"", ""2"": ""fixed"", ""3"": ""fixed"", ""4"": ""fixed"", ""5"": ""fixed"", ""6"": ""fixed"", ""7"": ""fixed"", ""8"": ""fixed"", ""9"": ""fixed""}","{""0"": ""fixed"", ""1"": ""fixed"", ""2"": ""fixed"", ""3"": ""fixed""}","[0, 1, 2, 3, 4, 5, 6, 7, 8, 9, 10, 11, 12, 13, 14, 15]",[],[],False,full_key_unique,True,uf_axiom,
3bit_gap_mixed__ARK_66__MC_26__SB_57,ARK_66,MC_26,SB_57,,early_late_mixed,gap_early_late_mixed_hard_case,0,128,2,differential,4,"[{""classification"": ""undecided"", ""elapsed"": 330.56410097517073, ""first_result"": ""sat"", ""first_timeout_ms"": 60000, ""query_count"": 32, ""second_result"": ""unknown"", ""second_timeout_ms"": 300000, ""z3_reason_unknown"": ""canceled""}, {""classification"": ""undecided"", ""elapsed"": 330.75648819841444, ""first_result"": ""sat"", ""first_timeout_ms"": 60000, ""query_count"": 64, ""second_result"": ""unknown"", ""second_timeout_ms"": 300000, ""z3_reason_unknown"": ""canceled""}, {""classification"": ""undecided"", ""elapsed"": 330.64951357990503, ""first_result"": ""sat"", ""first_timeout_ms"": 60000, ""query_count"": 96, ""second_result"": ""unknown"", ""second_timeout_ms"": 300000, ""z3_reason_unknown"": ""canceled""}, {""classification"": ""full_key_unique"", ""elapsed"": 205.9910189472139, ""first_result"": ""sat"", ""first_timeout_ms"": 60000, ""query_count"": 128, ""second_result"": ""unsat"", ""second_timeout_ms"": 300000, ""z3_reason_unknown"": """"}]",sat,unsat,0.011151392012834549,204.53370172716677,edf43a9a19e4a3f3bf1eec668bd00cf6,edf43a9a19e4a3f3bf1eec668bd00cf6,,True,sat,False,False,False,,"{""0"": ""fixed"", ""1"": ""fixed"", ""10"": ""fixed"", ""11"": ""fixed"", ""12"": ""fixed"", ""13"": ""fixed"", ""14"": ""fixed"", ""15"": ""fixed"", ""2"": ""fixed"", ""3"": ""fixed"", ""4"": ""fixed"", ""5"": ""fixed"", ""6"": ""fixed"", ""7"": ""fixed"", ""8"": ""fixed"", ""9"": ""fixed""}","{""0"": ""fixed"", ""1"": ""fixed"", ""2"": ""fixed"", ""3"": ""fixed""}","[0, 1, 2, 3, 4, 5, 6, 7, 8, 9, 10, 11, 12, 13, 14, 15]",[],[],False,full_key_unique,True,uf_axiom,
3bit_gap_mixed__ARK_66__MC_26__SB_57,ARK_66,MC_26,SB_57,,early_late_mixed,gap_early_late_mixed_hard_case,1,128,2,differential,4,"[{""classification"": ""undecided"", ""elapsed"": 330.5805319789797, ""first_result"": ""sat"", ""first_timeout_ms"": 60000, ""query_count"": 32, ""second_result"": ""unknown"", ""second_timeout_ms"": 300000, ""z3_reason_unknown"": ""canceled""}, {""classification"": ""undecided"", ""elapsed"": 330.41457976028323, ""first_result"": ""sat"", ""first_timeout_ms"": 60000, ""query_count"": 64, ""second_result"": ""unknown"", ""second_timeout_ms"": 300000, ""z3_reason_unknown"": ""canceled""}, {""classification"": ""undecided"", ""elapsed"": 330.62852709926665, ""first_result"": ""sat"", ""first_timeout_ms"": 60000, ""query_count"": 96, ""second_result"": ""unknown"", ""second_timeout_ms"": 300000, ""z3_reason_unknown"": ""canceled""}, {""classification"": ""full_key_unique"", ""elapsed"": 245.76017303578556, ""first_result"": ""sat"", ""first_timeout_ms"": 60000, ""query_count"": 128, ""second_result"": ""unsat"", ""second_timeout_ms"": 300000, ""z3_reason_unknown"": """"}]",sat,unsat,0.007496131584048271,244.94888288527727,99107579bc3c2c3b0d7a8a6fd1573606,99107579bc3c2c3b0d7a8a6fd1573606,,True,sat,False,False,False,,"{""0"": ""fixed"", ""1"": ""fixed"", ""10"": ""fixed"", ""11"": ""fixed"", ""12"": ""fixed"", ""13"": ""fixed"", ""14"": ""fixed"", ""15"": ""fixed"", ""2"": ""fixed"", ""3"": ""fixed"", ""4"": ""fixed"", ""5"": ""fixed"", ""6"": ""fixed"", ""7"": ""fixed"", ""8"": ""fixed"", ""9"": ""fixed""}","{""0"": ""fixed"", ""1"": ""fixed"", ""2"": ""fixed"", ""3"": ""fixed""}","[0, 1, 2, 3, 4, 5, 6, 7, 8, 9, 10, 11, 12, 13, 14, 15]",[],[],False,full_key_unique,True,uf_axiom,
3bit_gap_mixed__ARK_53__MC_103__SR_61,ARK_53,MC_103,SR_61,,early_late_mixed,gap_early_late_mixed_hard_case,2,192,2,differential,5,"[{""classification"": ""undecided"", ""elapsed"": 330.47667462565005, ""first_result"": ""sat"", ""first_timeout_ms"": 60000, ""query_count"": 32, ""second_result"": ""unknown"", ""second_timeout_ms"": 300000, ""z3_reason_unknown"": ""canceled""}, {""classification"": ""undecided"", ""elapsed"": 330.80572634376585, ""first_result"": ""sat"", ""first_timeout_ms"": 60000, ""query_count"": 64, ""second_result"": ""unknown"", ""second_timeout_ms"": 300000, ""z3_reason_unknown"": ""canceled""}, {""classification"": ""undecided"", ""elapsed"": 330.61887578852475, ""first_result"": ""sat"", ""first_timeout_ms"": 60000, ""query_count"": 96, ""second_result"": ""unknown"", ""second_timeout_ms"": 300000, ""z3_reason_unknown"": ""canceled""}, {""classification"": ""undecided"", ""elapsed"": 330.77482103556395, ""first_result"": ""sat"", ""first_timeout_ms"": 60000, ""query_count"": 128, ""second_result"": ""unknown"", ""second_timeout_ms"": 300000, ""z3_reason_unknown"": ""canceled""}, {""classification"": ""full_key_unique"", ""elapsed"": 98.79095652885735, ""first_result"": ""sat"", ""first_timeout_ms"": 120000, ""query_count"": 192, ""second_result"": ""unsat"", ""second_timeout_ms"": 600000, ""z3_reason_unknown"": """"}]",sat,unsat,0.00998353585600853,97.63509757630527,a66f651322597191ab9f8f8af4c2db61,a66f651322597191ab9f8f8af4c2db61,,True,sat,False,False,False,,"{""0"": ""fixed"", ""1"": ""fixed"", ""10"": ""fixed"", ""11"": ""fixed"", ""12"": ""fixed"", ""13"": ""fixed"", ""14"": ""fixed"", ""15"": ""fixed"", ""2"": ""fixed"", ""3"": ""fixed"", ""4"": ""fixed"", ""5"": ""fixed"", ""6"": ""fixed"", ""7"": ""fixed"", ""8"": ""fixed"", ""9"": ""fixed""}","{""0"": ""fixed"", ""1"": ""fixed"", ""2"": ""fixed"", ""3"": ""fixed""}","[0, 1, 2, 3, 4, 5, 6, 7, 8, 9, 10, 11, 12, 13, 14, 15]",[],[],False,full_key_unique,True,uf_axiom,
3bit_gap_mixed__ARK_53__MC_103__SR_61,ARK_53,MC_103,SR_61,,early_late_mixed,gap_early_late_mixed_hard_case,0,192,2,differential,5,"[{""classification"": ""undecided"", ""elapsed"": 330.59256879612803, ""first_result"": ""sat"", ""first_timeout_ms"": 60000, ""query_count"": 32, ""second_result"": ""unknown"", ""second_timeout_ms"": 300000, ""z3_reason_unknown"": ""canceled""}, {""classification"": ""undecided"", ""elapsed"": 330.76811719685793, ""first_result"": ""sat"", ""first_timeout_ms"": 60000, ""query_count"": 64, ""second_result"": ""unknown"", ""second_timeout_ms"": 300000, ""z3_reason_unknown"": ""canceled""}, {""classification"": ""undecided"", ""elapsed"": 330.633648281917, ""first_result"": ""sat"", ""first_timeout_ms"": 60000, ""query_count"": 96, ""second_result"": ""unknown"", ""second_timeout_ms"": 300000, ""z3_reason_unknown"": ""canceled""}, {""classification"": ""undecided"", ""elapsed"": 331.466987259686, ""first_result"": ""sat"", ""first_timeout_ms"": 60000, ""query_count"": 128, ""second_result"": ""unknown"", ""second_timeout_ms"": 300000, ""z3_reason_unknown"": ""canceled""}, {""classification"": ""full_key_unique"", ""elapsed"": 129.3848728388548, ""first_result"": ""sat"", ""first_timeout_ms"": 120000, ""query_count"": 192, ""second_result"": ""unsat"", ""second_timeout_ms"": 600000, ""z3_reason_unknown"": """"}]",sat,unsat,0.011830898001790047,128.21211004443467,edf43a9a19e4a3f3bf1eec668bd00cf6,edf43a9a19e4a3f3bf1eec668bd00cf6,,True,sat,False,False,False,,"{""0"": ""fixed"", ""1"": ""fixed"", ""10"": ""fixed"", ""11"": ""fixed"", ""12"": ""fixed"", ""13"": ""fixed"", ""14"": ""fixed"", ""15"": ""fixed"", ""2"": ""fixed"", ""3"": ""fixed"", ""4"": ""fixed"", ""5"": ""fixed"", ""6"": ""fixed"", ""7"": ""fixed"", ""8"": ""fixed"", ""9"": ""fixed""}","{""0"": ""fixed"", ""1"": ""fixed"", ""2"": ""fixed"", ""3"": ""fixed""}","[0, 1, 2, 3, 4, 5, 6, 7, 8, 9, 10, 11, 12, 13, 14, 15]",[],[],False,full_key_unique,True,uf_axiom,
3bit_gap_mixed__ARK_115__ARK_17__SR_100,ARK_115,ARK_17,SR_100,,early_late_mixed,gap_early_late_mixed_hard_case,2,192,2,differential,5,"[{""classification"": ""undecided"", ""elapsed"": 330.51530369743705, ""first_result"": ""sat"", ""first_timeout_ms"": 60000, ""query_count"": 32, ""second_result"": ""unknown"", ""second_timeout_ms"": 300000, ""z3_reason_unknown"": ""canceled""}, {""classification"": ""undecided"", ""elapsed"": 330.8707330580801, ""first_result"": ""sat"", ""first_timeout_ms"": 60000, ""query_count"": 64, ""second_result"": ""unknown"", ""second_timeout_ms"": 300000, ""z3_reason_unknown"": ""canceled""}, {""classification"": ""undecided"", ""elapsed"": 330.6475658155978, ""first_result"": ""sat"", ""first_timeout_ms"": 60000, ""query_count"": 96, ""second_result"": ""unknown"", ""second_timeout_ms"": 300000, ""z3_reason_unknown"": ""canceled""}, {""classification"": ""undecided"", ""elapsed"": 330.79665731824934, ""first_result"": ""sat"", ""first_timeout_ms"": 60000, ""query_count"": 128, ""second_result"": ""unknown"", ""second_timeout_ms"": 300000, ""z3_reason_unknown"": ""canceled""}, {""classification"": ""full_key_unique"", ""elapsed"": 176.06727378070354, ""first_result"": ""sat"", ""first_timeout_ms"": 120000, ""query_count"": 192, ""second_result"": ""unsat"", ""second_timeout_ms"": 600000, ""z3_reason_unknown"": """"}]",sat,unsat,0.01173403486609459,174.83721401542425,a66f651322597191ab9f8f8af4c2db61,a66f651322597191ab9f8f8af4c2db61,,True,sat,False,False,False,,"{""0"": ""fixed"", ""1"": ""fixed"", ""10"": ""fixed"", ""11"": ""fixed"", ""12"": ""fixed"", ""13"": ""fixed"", ""14"": ""fixed"", ""15"": ""fixed"", ""2"": ""fixed"", ""3"": ""fixed"", ""4"": ""fixed"", ""5"": ""fixed"", ""6"": ""fixed"", ""7"": ""fixed"", ""8"": ""fixed"", ""9"": ""fixed""}","{""0"": ""fixed"", ""1"": ""fixed"", ""2"": ""fixed"", ""3"": ""fixed""}","[0, 1, 2, 3, 4, 5, 6, 7, 8, 9, 10, 11, 12, 13, 14, 15]",[],[],False,full_key_unique,True,uf_axiom,
