u_mor1kx/bus_gen.ibus_bridge/b3_read_bursting.bursting_reg
u_mor1kx/bus_gen.ibus_bridge/b3_read_bursting.burst_wrap_start_reg[29]
u_mor1kx/bus_gen.ibus_bridge/b3_read_bursting.burst_wrap_start_reg[1]
u_mor1kx/bus_gen.ibus_bridge/b3_read_bursting.burst_wrap_start_reg[2]
u_mor1kx/bus_gen.ibus_bridge/b3_read_bursting.burst_wrap_start_reg[3]
u_mor1kx/bus_gen.ibus_bridge/b3_read_bursting.burst_wrap_start_reg[4]
u_mor1kx/bus_gen.ibus_bridge/b3_read_bursting.burst_wrap_start_reg[5]
u_mor1kx/bus_gen.ibus_bridge/b3_read_bursting.burst_wrap_start_reg[6]
u_mor1kx/bus_gen.ibus_bridge/b3_read_bursting.burst_wrap_start_reg[7]
u_mor1kx/bus_gen.ibus_bridge/b3_read_bursting.burst_wrap_start_reg[8]
u_mor1kx/bus_gen.ibus_bridge/b3_read_bursting.burst_wrap_start_reg[9]
u_mor1kx/bus_gen.ibus_bridge/b3_read_bursting.burst_wrap_start_reg[10]
u_mor1kx/bus_gen.ibus_bridge/b3_read_bursting.burst_wrap_start_reg[11]
u_mor1kx/bus_gen.ibus_bridge/b3_read_bursting.burst_wrap_start_reg[12]
u_mor1kx/bus_gen.ibus_bridge/b3_read_bursting.burst_wrap_start_reg[13]
u_mor1kx/bus_gen.ibus_bridge/b3_read_bursting.burst_wrap_start_reg[14]
u_mor1kx/bus_gen.ibus_bridge/b3_read_bursting.burst_wrap_start_reg[15]
u_mor1kx/bus_gen.ibus_bridge/b3_read_bursting.burst_wrap_start_reg[16]
u_mor1kx/bus_gen.ibus_bridge/b3_read_bursting.burst_wrap_start_reg[17]
u_mor1kx/bus_gen.ibus_bridge/b3_read_bursting.burst_wrap_start_reg[18]
u_mor1kx/bus_gen.ibus_bridge/b3_read_bursting.burst_wrap_start_reg[19]
u_mor1kx/bus_gen.ibus_bridge/b3_read_bursting.burst_wrap_start_reg[20]
u_mor1kx/bus_gen.ibus_bridge/b3_read_bursting.burst_wrap_start_reg[21]
u_mor1kx/bus_gen.ibus_bridge/b3_read_bursting.burst_wrap_start_reg[22]
u_mor1kx/bus_gen.ibus_bridge/b3_read_bursting.burst_wrap_start_reg[23]
u_mor1kx/bus_gen.ibus_bridge/b3_read_bursting.burst_wrap_start_reg[24]
u_mor1kx/bus_gen.ibus_bridge/b3_read_bursting.burst_wrap_start_reg[25]
u_mor1kx/bus_gen.ibus_bridge/b3_read_bursting.burst_wrap_start_reg[26]
u_mor1kx/bus_gen.ibus_bridge/b3_read_bursting.burst_wrap_start_reg[27]
u_mor1kx/bus_gen.ibus_bridge/b3_read_bursting.burst_wrap_start_reg[28]
u_mor1kx/bus_gen.ibus_bridge/b3_read_bursting.burst_address_reg[31]
u_mor1kx/bus_gen.ibus_bridge/b3_read_bursting.burst_address_reg[30]
u_mor1kx/bus_gen.ibus_bridge/b3_read_bursting.burst_address_reg[29]
u_mor1kx/bus_gen.ibus_bridge/b3_read_bursting.burst_address_reg[28]
u_mor1kx/bus_gen.ibus_bridge/b3_read_bursting.burst_address_reg[27]
u_mor1kx/bus_gen.ibus_bridge/b3_read_bursting.burst_address_reg[26]
u_mor1kx/bus_gen.ibus_bridge/b3_read_bursting.burst_address_reg[25]
u_mor1kx/bus_gen.ibus_bridge/b3_read_bursting.burst_address_reg[24]
u_mor1kx/bus_gen.ibus_bridge/b3_read_bursting.burst_address_reg[23]
u_mor1kx/bus_gen.ibus_bridge/b3_read_bursting.burst_address_reg[22]
u_mor1kx/bus_gen.ibus_bridge/b3_read_bursting.burst_address_reg[21]
u_mor1kx/bus_gen.ibus_bridge/b3_read_bursting.burst_address_reg[20]
u_mor1kx/bus_gen.ibus_bridge/b3_read_bursting.burst_address_reg[19]
u_mor1kx/bus_gen.ibus_bridge/b3_read_bursting.burst_address_reg[18]
u_mor1kx/bus_gen.ibus_bridge/b3_read_bursting.burst_address_reg[17]
u_mor1kx/bus_gen.ibus_bridge/b3_read_bursting.burst_address_reg[16]
u_mor1kx/bus_gen.ibus_bridge/b3_read_bursting.burst_address_reg[15]
u_mor1kx/bus_gen.ibus_bridge/b3_read_bursting.burst_address_reg[14]
u_mor1kx/bus_gen.ibus_bridge/b3_read_bursting.burst_address_reg[13]
u_mor1kx/bus_gen.ibus_bridge/b3_read_bursting.burst_address_reg[12]
u_mor1kx/bus_gen.ibus_bridge/b3_read_bursting.burst_address_reg[11]
u_mor1kx/bus_gen.ibus_bridge/b3_read_bursting.burst_address_reg[10]
u_mor1kx/bus_gen.ibus_bridge/b3_read_bursting.burst_address_reg[9]
u_mor1kx/bus_gen.ibus_bridge/b3_read_bursting.burst_address_reg[8]
u_mor1kx/bus_gen.ibus_bridge/b3_read_bursting.burst_address_reg[7]
u_mor1kx/bus_gen.ibus_bridge/b3_read_bursting.burst_address_reg[6]
u_mor1kx/bus_gen.ibus_bridge/b3_read_bursting.burst_address_reg[5]
u_mor1kx/bus_gen.ibus_bridge/b3_read_bursting.burst_address_reg[4]
u_mor1kx/bus_gen.ibus_bridge/b3_read_bursting.burst_address_reg[3]
u_mor1kx/bus_gen.ibus_bridge/b3_read_bursting.burst_address_reg[2]
u_mor1kx/bus_gen.ibus_bridge/b3_read_bursting.burst_wrap_start_reg[0]
u_mor1kx/bus_gen.dbus_bridge/classic.cycle_end_reg
u_mor1kx/mor1kx_cpu/cappuccino.mor1kx_cpu/mor1kx_fetch_cappuccino/state_reg[0]
u_mor1kx/mor1kx_cpu/cappuccino.mor1kx_cpu/mor1kx_fetch_cappuccino/pc_fetch_reg[5]
u_mor1kx/mor1kx_cpu/cappuccino.mor1kx_cpu/mor1kx_fetch_cappuccino/pc_fetch_reg[23]
u_mor1kx/mor1kx_cpu/cappuccino.mor1kx_cpu/mor1kx_fetch_cappuccino/pc_fetch_reg[26]
u_mor1kx/mor1kx_cpu/cappuccino.mor1kx_cpu/mor1kx_fetch_cappuccino/pc_fetch_reg[31]
u_mor1kx/mor1kx_cpu/cappuccino.mor1kx_cpu/mor1kx_fetch_cappuccino/pc_fetch_reg[4]
u_mor1kx/mor1kx_cpu/cappuccino.mor1kx_cpu/mor1kx_fetch_cappuccino/pc_fetch_reg[14]
u_mor1kx/mor1kx_cpu/cappuccino.mor1kx_cpu/mor1kx_fetch_cappuccino/pc_fetch_reg[24]
u_mor1kx/mor1kx_cpu/cappuccino.mor1kx_cpu/mor1kx_fetch_cappuccino/pc_fetch_reg[27]
u_mor1kx/mor1kx_cpu/cappuccino.mor1kx_cpu/mor1kx_fetch_cappuccino/pc_fetch_reg[28]
u_mor1kx/mor1kx_cpu/cappuccino.mor1kx_cpu/mor1kx_fetch_cappuccino/pc_fetch_reg[21]
u_mor1kx/mor1kx_cpu/cappuccino.mor1kx_cpu/mor1kx_fetch_cappuccino/pc_fetch_reg[10]
u_mor1kx/mor1kx_cpu/cappuccino.mor1kx_cpu/mor1kx_fetch_cappuccino/pc_fetch_reg[11]
u_mor1kx/mor1kx_cpu/cappuccino.mor1kx_cpu/mor1kx_fetch_cappuccino/pc_fetch_reg[16]
u_mor1kx/mor1kx_cpu/cappuccino.mor1kx_cpu/mor1kx_fetch_cappuccino/pc_fetch_reg[29]
u_mor1kx/mor1kx_cpu/cappuccino.mor1kx_cpu/mor1kx_fetch_cappuccino/pc_fetch_reg[30]
u_mor1kx/mor1kx_cpu/cappuccino.mor1kx_cpu/mor1kx_fetch_cappuccino/pc_fetch_reg[0]
u_mor1kx/mor1kx_cpu/cappuccino.mor1kx_cpu/mor1kx_fetch_cappuccino/pc_fetch_reg[13]
u_mor1kx/mor1kx_cpu/cappuccino.mor1kx_cpu/mor1kx_fetch_cappuccino/pc_fetch_reg[18]
u_mor1kx/mor1kx_cpu/cappuccino.mor1kx_cpu/mor1kx_fetch_cappuccino/pc_fetch_reg[25]
u_mor1kx/mor1kx_cpu/cappuccino.mor1kx_cpu/mor1kx_fetch_cappuccino/pc_fetch_reg[9]
u_mor1kx/mor1kx_cpu/cappuccino.mor1kx_cpu/mor1kx_fetch_cappuccino/pc_fetch_reg[22]
u_mor1kx/mor1kx_cpu/cappuccino.mor1kx_cpu/mor1kx_fetch_cappuccino/pc_fetch_reg[1]
u_mor1kx/mor1kx_cpu/cappuccino.mor1kx_cpu/mor1kx_fetch_cappuccino/pc_fetch_reg[2]
u_mor1kx/mor1kx_cpu/cappuccino.mor1kx_cpu/mor1kx_fetch_cappuccino/pc_fetch_reg[3]
u_mor1kx/mor1kx_cpu/cappuccino.mor1kx_cpu/mor1kx_fetch_cappuccino/pc_fetch_reg[6]
u_mor1kx/mor1kx_cpu/cappuccino.mor1kx_cpu/mor1kx_fetch_cappuccino/pc_fetch_reg[7]
u_mor1kx/mor1kx_cpu/cappuccino.mor1kx_cpu/mor1kx_fetch_cappuccino/pc_fetch_reg[20]
u_mor1kx/mor1kx_cpu/cappuccino.mor1kx_cpu/mor1kx_fetch_cappuccino/pc_fetch_reg[17]
u_mor1kx/mor1kx_cpu/cappuccino.mor1kx_cpu/mor1kx_fetch_cappuccino/decode_insn_o_reg[0]
u_mor1kx/mor1kx_cpu/cappuccino.mor1kx_cpu/mor1kx_fetch_cappuccino/decode_insn_o_reg[1]
u_mor1kx/mor1kx_cpu/cappuccino.mor1kx_cpu/mor1kx_fetch_cappuccino/decode_insn_o_reg[2]
u_mor1kx/mor1kx_cpu/cappuccino.mor1kx_cpu/mor1kx_fetch_cappuccino/decode_insn_o_reg[3]
u_mor1kx/mor1kx_cpu/cappuccino.mor1kx_cpu/mor1kx_fetch_cappuccino/decode_insn_o_reg[4]
u_mor1kx/mor1kx_cpu/cappuccino.mor1kx_cpu/mor1kx_fetch_cappuccino/decode_insn_o_reg[5]
u_mor1kx/mor1kx_cpu/cappuccino.mor1kx_cpu/mor1kx_fetch_cappuccino/decode_insn_o_reg[12]
u_mor1kx/mor1kx_cpu/cappuccino.mor1kx_cpu/mor1kx_fetch_cappuccino/decode_insn_o_reg[13]
u_mor1kx/mor1kx_cpu/cappuccino.mor1kx_cpu/mor1kx_fetch_cappuccino/decode_insn_o_reg[14]
u_mor1kx/mor1kx_cpu/cappuccino.mor1kx_cpu/mor1kx_fetch_cappuccino/decode_insn_o_reg[15]
u_mor1kx/mor1kx_cpu/cappuccino.mor1kx_cpu/mor1kx_fetch_cappuccino/decode_insn_o_reg[16]
u_mor1kx/mor1kx_cpu/cappuccino.mor1kx_cpu/mor1kx_fetch_cappuccino/decode_insn_o_reg[17]
u_mor1kx/mor1kx_cpu/cappuccino.mor1kx_cpu/mor1kx_fetch_cappuccino/decode_insn_o_reg[18]
u_mor1kx/mor1kx_cpu/cappuccino.mor1kx_cpu/mor1kx_fetch_cappuccino/decode_insn_o_reg[19]
u_mor1kx/mor1kx_cpu/cappuccino.mor1kx_cpu/mor1kx_fetch_cappuccino/decode_insn_o_reg[20]
u_mor1kx/mor1kx_cpu/cappuccino.mor1kx_cpu/mor1kx_fetch_cappuccino/decode_insn_o_reg[21]
u_mor1kx/mor1kx_cpu/cappuccino.mor1kx_cpu/mor1kx_fetch_cappuccino/decode_insn_o_reg[22]
u_mor1kx/mor1kx_cpu/cappuccino.mor1kx_cpu/mor1kx_fetch_cappuccino/decode_insn_o_reg[23]
u_mor1kx/mor1kx_cpu/cappuccino.mor1kx_cpu/mor1kx_fetch_cappuccino/decode_insn_o_reg[24]
u_mor1kx/mor1kx_cpu/cappuccino.mor1kx_cpu/mor1kx_fetch_cappuccino/decode_insn_o_reg[25]
u_mor1kx/mor1kx_cpu/cappuccino.mor1kx_cpu/mor1kx_fetch_cappuccino/pc_fetch_reg[12]
u_mor1kx/mor1kx_cpu/cappuccino.mor1kx_cpu/mor1kx_fetch_cappuccino/pc_fetch_reg[15]
u_mor1kx/mor1kx_cpu/cappuccino.mor1kx_cpu/mor1kx_fetch_cappuccino/pc_fetch_reg[8]
u_mor1kx/mor1kx_cpu/cappuccino.mor1kx_cpu/mor1kx_fetch_cappuccino/ibus_adr_reg[25]
u_mor1kx/mor1kx_cpu/cappuccino.mor1kx_cpu/mor1kx_fetch_cappuccino/ibus_adr_reg[26]
u_mor1kx/mor1kx_cpu/cappuccino.mor1kx_cpu/mor1kx_fetch_cappuccino/ibus_adr_reg[27]
u_mor1kx/mor1kx_cpu/cappuccino.mor1kx_cpu/mor1kx_fetch_cappuccino/ibus_adr_reg[30]
u_mor1kx/mor1kx_cpu/cappuccino.mor1kx_cpu/mor1kx_fetch_cappuccino/ibus_adr_reg[31]
u_mor1kx/mor1kx_cpu/cappuccino.mor1kx_cpu/mor1kx_fetch_cappuccino/decode_insn_o_reg[6]
u_mor1kx/mor1kx_cpu/cappuccino.mor1kx_cpu/mor1kx_fetch_cappuccino/decode_insn_o_reg[7]
u_mor1kx/mor1kx_cpu/cappuccino.mor1kx_cpu/mor1kx_fetch_cappuccino/decode_insn_o_reg[8]
u_mor1kx/mor1kx_cpu/cappuccino.mor1kx_cpu/mor1kx_fetch_cappuccino/decode_insn_o_reg[9]
u_mor1kx/mor1kx_cpu/cappuccino.mor1kx_cpu/mor1kx_fetch_cappuccino/decode_insn_o_reg[10]
u_mor1kx/mor1kx_cpu/cappuccino.mor1kx_cpu/mor1kx_fetch_cappuccino/ibus_adr_reg[0]
u_mor1kx/mor1kx_cpu/cappuccino.mor1kx_cpu/mor1kx_fetch_cappuccino/ibus_adr_reg[1]
u_mor1kx/mor1kx_cpu/cappuccino.mor1kx_cpu/mor1kx_fetch_cappuccino/ibus_adr_reg[2]
u_mor1kx/mor1kx_cpu/cappuccino.mor1kx_cpu/mor1kx_fetch_cappuccino/ibus_adr_reg[3]
u_mor1kx/mor1kx_cpu/cappuccino.mor1kx_cpu/mor1kx_fetch_cappuccino/ibus_adr_reg[4]
u_mor1kx/mor1kx_cpu/cappuccino.mor1kx_cpu/mor1kx_fetch_cappuccino/fetching_brcond_reg
u_mor1kx/mor1kx_cpu/cappuccino.mor1kx_cpu/mor1kx_fetch_cappuccino/ibus_ack_reg
u_mor1kx/mor1kx_cpu/cappuccino.mor1kx_cpu/mor1kx_fetch_cappuccino/flush_reg
u_mor1kx/mor1kx_cpu/cappuccino.mor1kx_cpu/mor1kx_fetch_cappuccino/exception_while_tlb_reload_reg
u_mor1kx/mor1kx_cpu/cappuccino.mor1kx_cpu/mor1kx_fetch_cappuccino/imem_err_reg
u_mor1kx/mor1kx_cpu/cappuccino.mor1kx_cpu/mor1kx_fetch_cappuccino/fetching_mispredicted_branch_reg
u_mor1kx/mor1kx_cpu/cappuccino.mor1kx_cpu/mor1kx_fetch_cappuccino/ctrl_branch_exception_r_reg
u_mor1kx/mor1kx_cpu/cappuccino.mor1kx_cpu/mor1kx_fetch_cappuccino/pc_fetch_reg[19]
u_mor1kx/mor1kx_cpu/cappuccino.mor1kx_cpu/mor1kx_fetch_cappuccino/ibus_adr_reg[5]
u_mor1kx/mor1kx_cpu/cappuccino.mor1kx_cpu/mor1kx_fetch_cappuccino/ibus_adr_reg[6]
u_mor1kx/mor1kx_cpu/cappuccino.mor1kx_cpu/mor1kx_fetch_cappuccino/ibus_adr_reg[7]
u_mor1kx/mor1kx_cpu/cappuccino.mor1kx_cpu/mor1kx_fetch_cappuccino/ibus_adr_reg[8]
u_mor1kx/mor1kx_cpu/cappuccino.mor1kx_cpu/mor1kx_fetch_cappuccino/ibus_adr_reg[9]
u_mor1kx/mor1kx_cpu/cappuccino.mor1kx_cpu/mor1kx_fetch_cappuccino/ibus_adr_reg[10]
u_mor1kx/mor1kx_cpu/cappuccino.mor1kx_cpu/mor1kx_fetch_cappuccino/ibus_adr_reg[11]
u_mor1kx/mor1kx_cpu/cappuccino.mor1kx_cpu/mor1kx_fetch_cappuccino/ibus_adr_reg[12]
u_mor1kx/mor1kx_cpu/cappuccino.mor1kx_cpu/mor1kx_fetch_cappuccino/ibus_adr_reg[13]
u_mor1kx/mor1kx_cpu/cappuccino.mor1kx_cpu/mor1kx_fetch_cappuccino/ibus_adr_reg[14]
u_mor1kx/mor1kx_cpu/cappuccino.mor1kx_cpu/mor1kx_fetch_cappuccino/ibus_adr_reg[15]
u_mor1kx/mor1kx_cpu/cappuccino.mor1kx_cpu/mor1kx_fetch_cappuccino/ibus_adr_reg[16]
u_mor1kx/mor1kx_cpu/cappuccino.mor1kx_cpu/mor1kx_fetch_cappuccino/ibus_adr_reg[17]
u_mor1kx/mor1kx_cpu/cappuccino.mor1kx_cpu/mor1kx_fetch_cappuccino/ibus_adr_reg[18]
u_mor1kx/mor1kx_cpu/cappuccino.mor1kx_cpu/mor1kx_fetch_cappuccino/ibus_adr_reg[19]
u_mor1kx/mor1kx_cpu/cappuccino.mor1kx_cpu/mor1kx_fetch_cappuccino/ibus_adr_reg[20]
u_mor1kx/mor1kx_cpu/cappuccino.mor1kx_cpu/mor1kx_fetch_cappuccino/ibus_adr_reg[21]
u_mor1kx/mor1kx_cpu/cappuccino.mor1kx_cpu/mor1kx_fetch_cappuccino/ibus_adr_reg[22]
u_mor1kx/mor1kx_cpu/cappuccino.mor1kx_cpu/mor1kx_fetch_cappuccino/ibus_adr_reg[23]
u_mor1kx/mor1kx_cpu/cappuccino.mor1kx_cpu/mor1kx_fetch_cappuccino/ibus_adr_reg[24]
u_mor1kx/mor1kx_cpu/cappuccino.mor1kx_cpu/mor1kx_fetch_cappuccino/ibus_adr_reg[28]
u_mor1kx/mor1kx_cpu/cappuccino.mor1kx_cpu/mor1kx_fetch_cappuccino/ibus_adr_reg[29]
u_mor1kx/mor1kx_cpu/cappuccino.mor1kx_cpu/mor1kx_fetch_cappuccino/decode_insn_o_reg[27]
u_mor1kx/mor1kx_cpu/cappuccino.mor1kx_cpu/mor1kx_fetch_cappuccino/decode_insn_o_reg[29]
u_mor1kx/mor1kx_cpu/cappuccino.mor1kx_cpu/mor1kx_fetch_cappuccino/decode_insn_o_reg[30]
u_mor1kx/mor1kx_cpu/cappuccino.mor1kx_cpu/mor1kx_fetch_cappuccino/decode_insn_o_reg[31]
u_mor1kx/mor1kx_cpu/cappuccino.mor1kx_cpu/mor1kx_fetch_cappuccino/decode_insn_o_reg[11]
u_mor1kx/mor1kx_cpu/cappuccino.mor1kx_cpu/mor1kx_fetch_cappuccino/decode_insn_o_reg[26]
u_mor1kx/mor1kx_cpu/cappuccino.mor1kx_cpu/mor1kx_fetch_cappuccino/decode_insn_o_reg[28]
u_mor1kx/mor1kx_cpu/cappuccino.mor1kx_cpu/mor1kx_fetch_cappuccino/nop_ack_reg
u_mor1kx/mor1kx_cpu/cappuccino.mor1kx_cpu/mor1kx_fetch_cappuccino/fetch_exception_taken_o_reg
u_mor1kx/mor1kx_cpu/cappuccino.mor1kx_cpu/mor1kx_fetch_cappuccino/ibus_req_reg
u_mor1kx/mor1kx_cpu/cappuccino.mor1kx_cpu/mor1kx_fetch_cappuccino/ibus_dat_reg[0]
u_mor1kx/mor1kx_cpu/cappuccino.mor1kx_cpu/mor1kx_fetch_cappuccino/ibus_dat_reg[1]
u_mor1kx/mor1kx_cpu/cappuccino.mor1kx_cpu/mor1kx_fetch_cappuccino/ibus_dat_reg[2]
u_mor1kx/mor1kx_cpu/cappuccino.mor1kx_cpu/mor1kx_fetch_cappuccino/ibus_dat_reg[3]
u_mor1kx/mor1kx_cpu/cappuccino.mor1kx_cpu/mor1kx_fetch_cappuccino/ibus_dat_reg[4]
u_mor1kx/mor1kx_cpu/cappuccino.mor1kx_cpu/mor1kx_fetch_cappuccino/ibus_dat_reg[5]
u_mor1kx/mor1kx_cpu/cappuccino.mor1kx_cpu/mor1kx_fetch_cappuccino/ibus_dat_reg[6]
u_mor1kx/mor1kx_cpu/cappuccino.mor1kx_cpu/mor1kx_fetch_cappuccino/ibus_dat_reg[7]
u_mor1kx/mor1kx_cpu/cappuccino.mor1kx_cpu/mor1kx_fetch_cappuccino/ibus_dat_reg[8]
u_mor1kx/mor1kx_cpu/cappuccino.mor1kx_cpu/mor1kx_fetch_cappuccino/ibus_dat_reg[9]
u_mor1kx/mor1kx_cpu/cappuccino.mor1kx_cpu/mor1kx_fetch_cappuccino/ibus_dat_reg[10]
u_mor1kx/mor1kx_cpu/cappuccino.mor1kx_cpu/mor1kx_fetch_cappuccino/ibus_dat_reg[11]
u_mor1kx/mor1kx_cpu/cappuccino.mor1kx_cpu/mor1kx_fetch_cappuccino/ibus_dat_reg[12]
u_mor1kx/mor1kx_cpu/cappuccino.mor1kx_cpu/mor1kx_fetch_cappuccino/ibus_dat_reg[13]
u_mor1kx/mor1kx_cpu/cappuccino.mor1kx_cpu/mor1kx_fetch_cappuccino/ibus_dat_reg[14]
u_mor1kx/mor1kx_cpu/cappuccino.mor1kx_cpu/mor1kx_fetch_cappuccino/ibus_dat_reg[15]
u_mor1kx/mor1kx_cpu/cappuccino.mor1kx_cpu/mor1kx_fetch_cappuccino/ibus_dat_reg[16]
u_mor1kx/mor1kx_cpu/cappuccino.mor1kx_cpu/mor1kx_fetch_cappuccino/ibus_dat_reg[17]
u_mor1kx/mor1kx_cpu/cappuccino.mor1kx_cpu/mor1kx_fetch_cappuccino/ibus_dat_reg[18]
u_mor1kx/mor1kx_cpu/cappuccino.mor1kx_cpu/mor1kx_fetch_cappuccino/ibus_dat_reg[19]
u_mor1kx/mor1kx_cpu/cappuccino.mor1kx_cpu/mor1kx_fetch_cappuccino/ibus_dat_reg[20]
u_mor1kx/mor1kx_cpu/cappuccino.mor1kx_cpu/mor1kx_fetch_cappuccino/ibus_dat_reg[21]
u_mor1kx/mor1kx_cpu/cappuccino.mor1kx_cpu/mor1kx_fetch_cappuccino/ibus_dat_reg[22]
u_mor1kx/mor1kx_cpu/cappuccino.mor1kx_cpu/mor1kx_fetch_cappuccino/ibus_dat_reg[23]
u_mor1kx/mor1kx_cpu/cappuccino.mor1kx_cpu/mor1kx_fetch_cappuccino/ibus_dat_reg[24]
u_mor1kx/mor1kx_cpu/cappuccino.mor1kx_cpu/mor1kx_fetch_cappuccino/ibus_dat_reg[25]
u_mor1kx/mor1kx_cpu/cappuccino.mor1kx_cpu/mor1kx_fetch_cappuccino/ibus_dat_reg[26]
u_mor1kx/mor1kx_cpu/cappuccino.mor1kx_cpu/mor1kx_fetch_cappuccino/ibus_dat_reg[27]
u_mor1kx/mor1kx_cpu/cappuccino.mor1kx_cpu/mor1kx_fetch_cappuccino/ibus_dat_reg[28]
u_mor1kx/mor1kx_cpu/cappuccino.mor1kx_cpu/mor1kx_fetch_cappuccino/ibus_dat_reg[29]
u_mor1kx/mor1kx_cpu/cappuccino.mor1kx_cpu/mor1kx_fetch_cappuccino/ibus_dat_reg[30]
u_mor1kx/mor1kx_cpu/cappuccino.mor1kx_cpu/mor1kx_fetch_cappuccino/ibus_dat_reg[31]
u_mor1kx/mor1kx_cpu/cappuccino.mor1kx_cpu/mor1kx_fetch_cappuccino/decode_except_ibus_err_o_reg
u_mor1kx/mor1kx_cpu/cappuccino.mor1kx_cpu/mor1kx_fetch_cappuccino/decode_except_ipagefault_o_reg
u_mor1kx/mor1kx_cpu/cappuccino.mor1kx_cpu/mor1kx_fetch_cappuccino/decode_except_itlb_miss_o_reg
u_mor1kx/mor1kx_cpu/cappuccino.mor1kx_cpu/mor1kx_decode_execute_cappuccino/execute_mispredict_target_o_reg[0]
u_mor1kx/mor1kx_cpu/cappuccino.mor1kx_cpu/mor1kx_decode_execute_cappuccino/execute_mispredict_target_o_reg[1]
u_mor1kx/mor1kx_cpu/cappuccino.mor1kx_cpu/mor1kx_decode_execute_cappuccino/execute_mispredict_target_o_reg[5]
u_mor1kx/mor1kx_cpu/cappuccino.mor1kx_cpu/mor1kx_decode_execute_cappuccino/execute_mispredict_target_o_reg[7]
u_mor1kx/mor1kx_cpu/cappuccino.mor1kx_cpu/mor1kx_decode_execute_cappuccino/execute_mispredict_target_o_reg[8]
u_mor1kx/mor1kx_cpu/cappuccino.mor1kx_cpu/mor1kx_decode_execute_cappuccino/execute_mispredict_target_o_reg[9]
u_mor1kx/mor1kx_cpu/cappuccino.mor1kx_cpu/mor1kx_decode_execute_cappuccino/execute_mispredict_target_o_reg[11]
u_mor1kx/mor1kx_cpu/cappuccino.mor1kx_cpu/mor1kx_decode_execute_cappuccino/execute_mispredict_target_o_reg[12]
u_mor1kx/mor1kx_cpu/cappuccino.mor1kx_cpu/mor1kx_decode_execute_cappuccino/execute_mispredict_target_o_reg[14]
u_mor1kx/mor1kx_cpu/cappuccino.mor1kx_cpu/mor1kx_decode_execute_cappuccino/execute_mispredict_target_o_reg[15]
u_mor1kx/mor1kx_cpu/cappuccino.mor1kx_cpu/mor1kx_decode_execute_cappuccino/execute_mispredict_target_o_reg[18]
u_mor1kx/mor1kx_cpu/cappuccino.mor1kx_cpu/mor1kx_decode_execute_cappuccino/execute_mispredict_target_o_reg[21]
u_mor1kx/mor1kx_cpu/cappuccino.mor1kx_cpu/mor1kx_decode_execute_cappuccino/execute_mispredict_target_o_reg[22]
u_mor1kx/mor1kx_cpu/cappuccino.mor1kx_cpu/mor1kx_decode_execute_cappuccino/execute_mispredict_target_o_reg[25]
u_mor1kx/mor1kx_cpu/cappuccino.mor1kx_cpu/mor1kx_decode_execute_cappuccino/execute_mispredict_target_o_reg[28]
u_mor1kx/mor1kx_cpu/cappuccino.mor1kx_cpu/mor1kx_decode_execute_cappuccino/execute_mispredict_target_o_reg[29]
u_mor1kx/mor1kx_cpu/cappuccino.mor1kx_cpu/mor1kx_decode_execute_cappuccino/execute_mispredict_target_o_reg[30]
u_mor1kx/mor1kx_cpu/cappuccino.mor1kx_cpu/mor1kx_decode_execute_cappuccino/execute_mispredict_target_o_reg[31]
u_mor1kx/mor1kx_cpu/cappuccino.mor1kx_cpu/mor1kx_decode_execute_cappuccino/execute_except_ibus_align_o_reg
u_mor1kx/mor1kx_cpu/cappuccino.mor1kx_cpu/mor1kx_decode_execute_cappuccino/execute_adder_do_carry_o_reg
u_mor1kx/mor1kx_cpu/cappuccino.mor1kx_cpu/mor1kx_decode_execute_cappuccino/execute_adder_do_sub_o_reg
u_mor1kx/mor1kx_cpu/cappuccino.mor1kx_cpu/mor1kx_decode_execute_cappuccino/execute_op_alu_o_reg
u_mor1kx/mor1kx_cpu/cappuccino.mor1kx_cpu/mor1kx_decode_execute_cappuccino/execute_op_mfspr_o_reg
u_mor1kx/mor1kx_cpu/cappuccino.mor1kx_cpu/mor1kx_decode_execute_cappuccino/execute_op_setflag_o_reg
u_mor1kx/mor1kx_cpu/cappuccino.mor1kx_cpu/mor1kx_decode_execute_cappuccino/execute_immediate_o_reg[9]
u_mor1kx/mor1kx_cpu/cappuccino.mor1kx_cpu/mor1kx_decode_execute_cappuccino/execute_immediate_o_reg[6]
u_mor1kx/mor1kx_cpu/cappuccino.mor1kx_cpu/mor1kx_decode_execute_cappuccino/execute_bubble_o_reg
u_mor1kx/mor1kx_cpu/cappuccino.mor1kx_cpu/mor1kx_decode_execute_cappuccino/execute_jal_result_o_reg[0]
u_mor1kx/mor1kx_cpu/cappuccino.mor1kx_cpu/mor1kx_decode_execute_cappuccino/execute_jal_result_o_reg[1]
u_mor1kx/mor1kx_cpu/cappuccino.mor1kx_cpu/mor1kx_decode_execute_cappuccino/execute_jal_result_o_reg[2]
u_mor1kx/mor1kx_cpu/cappuccino.mor1kx_cpu/mor1kx_decode_execute_cappuccino/execute_jal_result_o_reg[3]
u_mor1kx/mor1kx_cpu/cappuccino.mor1kx_cpu/mor1kx_decode_execute_cappuccino/execute_jal_result_o_reg[4]
u_mor1kx/mor1kx_cpu/cappuccino.mor1kx_cpu/mor1kx_decode_execute_cappuccino/execute_jal_result_o_reg[5]
u_mor1kx/mor1kx_cpu/cappuccino.mor1kx_cpu/mor1kx_decode_execute_cappuccino/execute_jal_result_o_reg[6]
u_mor1kx/mor1kx_cpu/cappuccino.mor1kx_cpu/mor1kx_decode_execute_cappuccino/execute_jal_result_o_reg[7]
u_mor1kx/mor1kx_cpu/cappuccino.mor1kx_cpu/mor1kx_decode_execute_cappuccino/execute_jal_result_o_reg[8]
u_mor1kx/mor1kx_cpu/cappuccino.mor1kx_cpu/mor1kx_decode_execute_cappuccino/execute_jal_result_o_reg[9]
u_mor1kx/mor1kx_cpu/cappuccino.mor1kx_cpu/mor1kx_decode_execute_cappuccino/execute_jal_result_o_reg[10]
u_mor1kx/mor1kx_cpu/cappuccino.mor1kx_cpu/mor1kx_decode_execute_cappuccino/execute_jal_result_o_reg[11]
u_mor1kx/mor1kx_cpu/cappuccino.mor1kx_cpu/mor1kx_decode_execute_cappuccino/execute_jal_result_o_reg[12]
u_mor1kx/mor1kx_cpu/cappuccino.mor1kx_cpu/mor1kx_decode_execute_cappuccino/execute_jal_result_o_reg[13]
u_mor1kx/mor1kx_cpu/cappuccino.mor1kx_cpu/mor1kx_decode_execute_cappuccino/execute_jal_result_o_reg[14]
u_mor1kx/mor1kx_cpu/cappuccino.mor1kx_cpu/mor1kx_decode_execute_cappuccino/execute_jal_result_o_reg[15]
u_mor1kx/mor1kx_cpu/cappuccino.mor1kx_cpu/mor1kx_decode_execute_cappuccino/execute_jal_result_o_reg[16]
u_mor1kx/mor1kx_cpu/cappuccino.mor1kx_cpu/mor1kx_decode_execute_cappuccino/execute_jal_result_o_reg[17]
u_mor1kx/mor1kx_cpu/cappuccino.mor1kx_cpu/mor1kx_decode_execute_cappuccino/execute_jal_result_o_reg[18]
u_mor1kx/mor1kx_cpu/cappuccino.mor1kx_cpu/mor1kx_decode_execute_cappuccino/execute_jal_result_o_reg[19]
u_mor1kx/mor1kx_cpu/cappuccino.mor1kx_cpu/mor1kx_decode_execute_cappuccino/execute_jal_result_o_reg[20]
u_mor1kx/mor1kx_cpu/cappuccino.mor1kx_cpu/mor1kx_decode_execute_cappuccino/execute_jal_result_o_reg[21]
u_mor1kx/mor1kx_cpu/cappuccino.mor1kx_cpu/mor1kx_decode_execute_cappuccino/execute_jal_result_o_reg[22]
u_mor1kx/mor1kx_cpu/cappuccino.mor1kx_cpu/mor1kx_decode_execute_cappuccino/execute_jal_result_o_reg[23]
u_mor1kx/mor1kx_cpu/cappuccino.mor1kx_cpu/mor1kx_decode_execute_cappuccino/execute_jal_result_o_reg[24]
u_mor1kx/mor1kx_cpu/cappuccino.mor1kx_cpu/mor1kx_decode_execute_cappuccino/execute_jal_result_o_reg[25]
u_mor1kx/mor1kx_cpu/cappuccino.mor1kx_cpu/mor1kx_decode_execute_cappuccino/execute_jal_result_o_reg[26]
u_mor1kx/mor1kx_cpu/cappuccino.mor1kx_cpu/mor1kx_decode_execute_cappuccino/execute_jal_result_o_reg[27]
u_mor1kx/mor1kx_cpu/cappuccino.mor1kx_cpu/mor1kx_decode_execute_cappuccino/execute_jal_result_o_reg[28]
u_mor1kx/mor1kx_cpu/cappuccino.mor1kx_cpu/mor1kx_decode_execute_cappuccino/execute_jal_result_o_reg[29]
u_mor1kx/mor1kx_cpu/cappuccino.mor1kx_cpu/mor1kx_decode_execute_cappuccino/execute_jal_result_o_reg[30]
u_mor1kx/mor1kx_cpu/cappuccino.mor1kx_cpu/mor1kx_decode_execute_cappuccino/execute_jal_result_o_reg[31]
u_mor1kx/mor1kx_cpu/cappuccino.mor1kx_cpu/mor1kx_decode_execute_cappuccino/execute_predicted_flag_o_reg
u_mor1kx/mor1kx_cpu/cappuccino.mor1kx_cpu/mor1kx_decode_execute_cappuccino/execute_mispredict_target_o_reg[2]
u_mor1kx/mor1kx_cpu/cappuccino.mor1kx_cpu/mor1kx_decode_execute_cappuccino/execute_mispredict_target_o_reg[3]
u_mor1kx/mor1kx_cpu/cappuccino.mor1kx_cpu/mor1kx_decode_execute_cappuccino/execute_mispredict_target_o_reg[4]
u_mor1kx/mor1kx_cpu/cappuccino.mor1kx_cpu/mor1kx_decode_execute_cappuccino/execute_mispredict_target_o_reg[6]
u_mor1kx/mor1kx_cpu/cappuccino.mor1kx_cpu/mor1kx_decode_execute_cappuccino/execute_mispredict_target_o_reg[10]
u_mor1kx/mor1kx_cpu/cappuccino.mor1kx_cpu/mor1kx_decode_execute_cappuccino/execute_mispredict_target_o_reg[13]
u_mor1kx/mor1kx_cpu/cappuccino.mor1kx_cpu/mor1kx_decode_execute_cappuccino/execute_mispredict_target_o_reg[16]
u_mor1kx/mor1kx_cpu/cappuccino.mor1kx_cpu/mor1kx_decode_execute_cappuccino/execute_mispredict_target_o_reg[17]
u_mor1kx/mor1kx_cpu/cappuccino.mor1kx_cpu/mor1kx_decode_execute_cappuccino/execute_mispredict_target_o_reg[19]
u_mor1kx/mor1kx_cpu/cappuccino.mor1kx_cpu/mor1kx_decode_execute_cappuccino/execute_mispredict_target_o_reg[20]
u_mor1kx/mor1kx_cpu/cappuccino.mor1kx_cpu/mor1kx_decode_execute_cappuccino/execute_mispredict_target_o_reg[23]
u_mor1kx/mor1kx_cpu/cappuccino.mor1kx_cpu/mor1kx_decode_execute_cappuccino/execute_mispredict_target_o_reg[24]
u_mor1kx/mor1kx_cpu/cappuccino.mor1kx_cpu/mor1kx_decode_execute_cappuccino/execute_mispredict_target_o_reg[26]
u_mor1kx/mor1kx_cpu/cappuccino.mor1kx_cpu/mor1kx_decode_execute_cappuccino/execute_mispredict_target_o_reg[27]
u_mor1kx/mor1kx_cpu/cappuccino.mor1kx_cpu/mor1kx_decode_execute_cappuccino/pc_execute_o_reg[0]
u_mor1kx/mor1kx_cpu/cappuccino.mor1kx_cpu/mor1kx_decode_execute_cappuccino/pc_execute_o_reg[1]
u_mor1kx/mor1kx_cpu/cappuccino.mor1kx_cpu/mor1kx_decode_execute_cappuccino/decode_valid_o_reg
u_mor1kx/mor1kx_cpu/cappuccino.mor1kx_cpu/mor1kx_decode_execute_cappuccino/execute_except_ipagefault_o_reg
u_mor1kx/mor1kx_cpu/cappuccino.mor1kx_cpu/mor1kx_decode_execute_cappuccino/execute_except_itlb_miss_o_reg
u_mor1kx/mor1kx_cpu/cappuccino.mor1kx_cpu/mor1kx_decode_execute_cappuccino/execute_except_ibus_err_o_reg
u_mor1kx/mor1kx_cpu/cappuccino.mor1kx_cpu/mor1kx_decode_execute_cappuccino/execute_except_illegal_o_reg
u_mor1kx/mor1kx_cpu/cappuccino.mor1kx_cpu/mor1kx_decode_execute_cappuccino/execute_opc_alu_secondary_o_reg[0]
u_mor1kx/mor1kx_cpu/cappuccino.mor1kx_cpu/mor1kx_decode_execute_cappuccino/execute_opc_alu_secondary_o_reg[1]
u_mor1kx/mor1kx_cpu/cappuccino.mor1kx_cpu/mor1kx_decode_execute_cappuccino/execute_opc_alu_secondary_o_reg[2]
u_mor1kx/mor1kx_cpu/cappuccino.mor1kx_cpu/mor1kx_decode_execute_cappuccino/execute_opc_alu_o_reg[0]
u_mor1kx/mor1kx_cpu/cappuccino.mor1kx_cpu/mor1kx_decode_execute_cappuccino/execute_opc_alu_o_reg[1]
u_mor1kx/mor1kx_cpu/cappuccino.mor1kx_cpu/mor1kx_decode_execute_cappuccino/execute_opc_alu_o_reg[2]
u_mor1kx/mor1kx_cpu/cappuccino.mor1kx_cpu/mor1kx_decode_execute_cappuccino/execute_opc_alu_o_reg[3]
u_mor1kx/mor1kx_cpu/cappuccino.mor1kx_cpu/mor1kx_decode_execute_cappuccino/execute_immediate_sel_o_reg
u_mor1kx/mor1kx_cpu/cappuccino.mor1kx_cpu/mor1kx_decode_execute_cappuccino/execute_op_ext_o_reg
u_mor1kx/mor1kx_cpu/cappuccino.mor1kx_cpu/mor1kx_decode_execute_cappuccino/execute_op_mtspr_o_reg
u_mor1kx/mor1kx_cpu/cappuccino.mor1kx_cpu/mor1kx_decode_execute_cappuccino/execute_op_jr_o_reg
u_mor1kx/mor1kx_cpu/cappuccino.mor1kx_cpu/mor1kx_decode_execute_cappuccino/execute_op_brcond_o_reg
u_mor1kx/mor1kx_cpu/cappuccino.mor1kx_cpu/mor1kx_decode_execute_cappuccino/execute_rfd_adr_o_reg[0]
u_mor1kx/mor1kx_cpu/cappuccino.mor1kx_cpu/mor1kx_decode_execute_cappuccino/execute_rfd_adr_o_reg[1]
u_mor1kx/mor1kx_cpu/cappuccino.mor1kx_cpu/mor1kx_decode_execute_cappuccino/execute_rfd_adr_o_reg[2]
u_mor1kx/mor1kx_cpu/cappuccino.mor1kx_cpu/mor1kx_decode_execute_cappuccino/execute_rfd_adr_o_reg[3]
u_mor1kx/mor1kx_cpu/cappuccino.mor1kx_cpu/mor1kx_decode_execute_cappuccino/execute_rfd_adr_o_reg[4]
u_mor1kx/mor1kx_cpu/cappuccino.mor1kx_cpu/mor1kx_lsu_cappuccino/dbus_adr_reg[0]
u_mor1kx/mor1kx_cpu/cappuccino.mor1kx_cpu/mor1kx_lsu_cappuccino/dbus_adr_reg[1]
u_mor1kx/mor1kx_cpu/cappuccino.mor1kx_cpu/mor1kx_lsu_cappuccino/dbus_bsel_o_reg[0]
u_mor1kx/mor1kx_cpu/cappuccino.mor1kx_cpu/mor1kx_lsu_cappuccino/dbus_bsel_o_reg[1]
u_mor1kx/mor1kx_cpu/cappuccino.mor1kx_cpu/mor1kx_lsu_cappuccino/dbus_bsel_o_reg[2]
u_mor1kx/mor1kx_cpu/cappuccino.mor1kx_cpu/mor1kx_lsu_cappuccino/dbus_bsel_o_reg[3]
u_mor1kx/mor1kx_cpu/cappuccino.mor1kx_cpu/mor1kx_lsu_cappuccino/atomic_reserve_reg
u_mor1kx/mor1kx_cpu/cappuccino.mor1kx_cpu/mor1kx_lsu_cappuccino/last_write_reg
u_mor1kx/mor1kx_cpu/cappuccino.mor1kx_cpu/mor1kx_lsu_cappuccino/except_dbus_reg
u_mor1kx/mor1kx_cpu/cappuccino.mor1kx_cpu/mor1kx_lsu_cappuccino/store_buffer_write_pending_reg
u_mor1kx/mor1kx_cpu/cappuccino.mor1kx_cpu/mor1kx_lsu_cappuccino/store_buffer_err_o_reg
u_mor1kx/mor1kx_cpu/cappuccino.mor1kx_cpu/mor1kx_lsu_cappuccino/dbus_adr_reg[5]
u_mor1kx/mor1kx_cpu/cappuccino.mor1kx_cpu/mor1kx_lsu_cappuccino/dbus_adr_reg[6]
u_mor1kx/mor1kx_cpu/cappuccino.mor1kx_cpu/mor1kx_lsu_cappuccino/dbus_adr_reg[7]
u_mor1kx/mor1kx_cpu/cappuccino.mor1kx_cpu/mor1kx_lsu_cappuccino/dbus_adr_reg[8]
u_mor1kx/mor1kx_cpu/cappuccino.mor1kx_cpu/mor1kx_lsu_cappuccino/dbus_adr_reg[9]
u_mor1kx/mor1kx_cpu/cappuccino.mor1kx_cpu/mor1kx_lsu_cappuccino/dbus_adr_reg[10]
u_mor1kx/mor1kx_cpu/cappuccino.mor1kx_cpu/mor1kx_lsu_cappuccino/dbus_adr_reg[11]
u_mor1kx/mor1kx_cpu/cappuccino.mor1kx_cpu/mor1kx_lsu_cappuccino/dbus_adr_reg[12]
u_mor1kx/mor1kx_cpu/cappuccino.mor1kx_cpu/mor1kx_lsu_cappuccino/dbus_adr_reg[13]
u_mor1kx/mor1kx_cpu/cappuccino.mor1kx_cpu/mor1kx_lsu_cappuccino/dbus_adr_reg[14]
u_mor1kx/mor1kx_cpu/cappuccino.mor1kx_cpu/mor1kx_lsu_cappuccino/dbus_adr_reg[15]
u_mor1kx/mor1kx_cpu/cappuccino.mor1kx_cpu/mor1kx_lsu_cappuccino/dbus_adr_reg[16]
u_mor1kx/mor1kx_cpu/cappuccino.mor1kx_cpu/mor1kx_lsu_cappuccino/dbus_adr_reg[17]
u_mor1kx/mor1kx_cpu/cappuccino.mor1kx_cpu/mor1kx_lsu_cappuccino/dbus_adr_reg[18]
u_mor1kx/mor1kx_cpu/cappuccino.mor1kx_cpu/mor1kx_lsu_cappuccino/dbus_adr_reg[19]
u_mor1kx/mor1kx_cpu/cappuccino.mor1kx_cpu/mor1kx_lsu_cappuccino/dbus_adr_reg[20]
u_mor1kx/mor1kx_cpu/cappuccino.mor1kx_cpu/mor1kx_lsu_cappuccino/dbus_adr_reg[21]
u_mor1kx/mor1kx_cpu/cappuccino.mor1kx_cpu/mor1kx_lsu_cappuccino/dbus_adr_reg[22]
u_mor1kx/mor1kx_cpu/cappuccino.mor1kx_cpu/mor1kx_lsu_cappuccino/dbus_adr_reg[23]
u_mor1kx/mor1kx_cpu/cappuccino.mor1kx_cpu/mor1kx_lsu_cappuccino/dbus_adr_reg[24]
u_mor1kx/mor1kx_cpu/cappuccino.mor1kx_cpu/mor1kx_lsu_cappuccino/dbus_adr_reg[25]
u_mor1kx/mor1kx_cpu/cappuccino.mor1kx_cpu/mor1kx_lsu_cappuccino/dbus_adr_reg[26]
u_mor1kx/mor1kx_cpu/cappuccino.mor1kx_cpu/mor1kx_lsu_cappuccino/dbus_adr_reg[27]
u_mor1kx/mor1kx_cpu/cappuccino.mor1kx_cpu/mor1kx_lsu_cappuccino/dbus_adr_reg[28]
u_mor1kx/mor1kx_cpu/cappuccino.mor1kx_cpu/mor1kx_lsu_cappuccino/dbus_adr_reg[29]
u_mor1kx/mor1kx_cpu/cappuccino.mor1kx_cpu/mor1kx_lsu_cappuccino/dbus_adr_reg[30]
u_mor1kx/mor1kx_cpu/cappuccino.mor1kx_cpu/mor1kx_lsu_cappuccino/dbus_adr_reg[31]
u_mor1kx/mor1kx_cpu/cappuccino.mor1kx_cpu/mor1kx_lsu_cappuccino/atomic_gen.atomic_flag_set_reg
u_mor1kx/mor1kx_cpu/cappuccino.mor1kx_cpu/mor1kx_lsu_cappuccino/atomic_gen.atomic_flag_clear_reg
u_mor1kx/mor1kx_cpu/cappuccino.mor1kx_cpu/mor1kx_lsu_cappuccino/dbus_adr_reg[3]
u_mor1kx/mor1kx_cpu/cappuccino.mor1kx_cpu/mor1kx_lsu_cappuccino/dbus_adr_reg[2]
u_mor1kx/mor1kx_cpu/cappuccino.mor1kx_cpu/mor1kx_lsu_cappuccino/dbus_adr_reg[4]
u_mor1kx/mor1kx_cpu/cappuccino.mor1kx_cpu/mor1kx_lsu_cappuccino/dbus_dat_reg[0]
u_mor1kx/mor1kx_cpu/cappuccino.mor1kx_cpu/mor1kx_lsu_cappuccino/dbus_dat_reg[1]
u_mor1kx/mor1kx_cpu/cappuccino.mor1kx_cpu/mor1kx_lsu_cappuccino/dbus_dat_reg[2]
u_mor1kx/mor1kx_cpu/cappuccino.mor1kx_cpu/mor1kx_lsu_cappuccino/dbus_dat_reg[3]
u_mor1kx/mor1kx_cpu/cappuccino.mor1kx_cpu/mor1kx_lsu_cappuccino/dbus_dat_reg[4]
u_mor1kx/mor1kx_cpu/cappuccino.mor1kx_cpu/mor1kx_lsu_cappuccino/dbus_dat_reg[5]
u_mor1kx/mor1kx_cpu/cappuccino.mor1kx_cpu/mor1kx_lsu_cappuccino/dbus_dat_reg[6]
u_mor1kx/mor1kx_cpu/cappuccino.mor1kx_cpu/mor1kx_lsu_cappuccino/dbus_dat_reg[7]
u_mor1kx/mor1kx_cpu/cappuccino.mor1kx_cpu/mor1kx_lsu_cappuccino/dbus_dat_reg[8]
u_mor1kx/mor1kx_cpu/cappuccino.mor1kx_cpu/mor1kx_lsu_cappuccino/dbus_dat_reg[9]
u_mor1kx/mor1kx_cpu/cappuccino.mor1kx_cpu/mor1kx_lsu_cappuccino/dbus_dat_reg[10]
u_mor1kx/mor1kx_cpu/cappuccino.mor1kx_cpu/mor1kx_lsu_cappuccino/dbus_dat_reg[11]
u_mor1kx/mor1kx_cpu/cappuccino.mor1kx_cpu/mor1kx_lsu_cappuccino/dbus_dat_reg[12]
u_mor1kx/mor1kx_cpu/cappuccino.mor1kx_cpu/mor1kx_lsu_cappuccino/dbus_dat_reg[13]
u_mor1kx/mor1kx_cpu/cappuccino.mor1kx_cpu/mor1kx_lsu_cappuccino/dbus_dat_reg[14]
u_mor1kx/mor1kx_cpu/cappuccino.mor1kx_cpu/mor1kx_lsu_cappuccino/dbus_dat_reg[15]
u_mor1kx/mor1kx_cpu/cappuccino.mor1kx_cpu/mor1kx_lsu_cappuccino/dbus_dat_reg[24]
u_mor1kx/mor1kx_cpu/cappuccino.mor1kx_cpu/mor1kx_lsu_cappuccino/dbus_dat_reg[25]
u_mor1kx/mor1kx_cpu/cappuccino.mor1kx_cpu/mor1kx_lsu_cappuccino/dbus_dat_reg[26]
u_mor1kx/mor1kx_cpu/cappuccino.mor1kx_cpu/mor1kx_lsu_cappuccino/dbus_dat_reg[27]
u_mor1kx/mor1kx_cpu/cappuccino.mor1kx_cpu/mor1kx_lsu_cappuccino/dbus_dat_reg[28]
u_mor1kx/mor1kx_cpu/cappuccino.mor1kx_cpu/mor1kx_lsu_cappuccino/dbus_dat_reg[29]
u_mor1kx/mor1kx_cpu/cappuccino.mor1kx_cpu/mor1kx_lsu_cappuccino/dbus_dat_reg[30]
u_mor1kx/mor1kx_cpu/cappuccino.mor1kx_cpu/mor1kx_lsu_cappuccino/dbus_dat_reg[31]
u_mor1kx/mor1kx_cpu/cappuccino.mor1kx_cpu/mor1kx_lsu_cappuccino/dbus_dat_reg[16]
u_mor1kx/mor1kx_cpu/cappuccino.mor1kx_cpu/mor1kx_lsu_cappuccino/dbus_dat_reg[17]
u_mor1kx/mor1kx_cpu/cappuccino.mor1kx_cpu/mor1kx_lsu_cappuccino/dbus_dat_reg[18]
u_mor1kx/mor1kx_cpu/cappuccino.mor1kx_cpu/mor1kx_lsu_cappuccino/dbus_dat_reg[19]
u_mor1kx/mor1kx_cpu/cappuccino.mor1kx_cpu/mor1kx_lsu_cappuccino/dbus_dat_reg[20]
u_mor1kx/mor1kx_cpu/cappuccino.mor1kx_cpu/mor1kx_lsu_cappuccino/dbus_dat_reg[21]
u_mor1kx/mor1kx_cpu/cappuccino.mor1kx_cpu/mor1kx_lsu_cappuccino/dbus_dat_reg[22]
u_mor1kx/mor1kx_cpu/cappuccino.mor1kx_cpu/mor1kx_lsu_cappuccino/dbus_dat_reg[23]
u_mor1kx/mor1kx_cpu/cappuccino.mor1kx_cpu/mor1kx_lsu_cappuccino/dbus_ack_reg
u_mor1kx/mor1kx_cpu/cappuccino.mor1kx_cpu/mor1kx_lsu_cappuccino/tlb_reload_done_reg
u_mor1kx/mor1kx_cpu/cappuccino.mor1kx_cpu/mor1kx_lsu_cappuccino/state_reg[1]
u_mor1kx/mor1kx_cpu/cappuccino.mor1kx_cpu/mor1kx_lsu_cappuccino/state_reg[0]
u_mor1kx/mor1kx_cpu/cappuccino.mor1kx_cpu/mor1kx_lsu_cappuccino/access_done_reg
u_mor1kx/mor1kx_cpu/cappuccino.mor1kx_cpu/mor1kx_lsu_cappuccino/state_reg[2]
u_mor1kx/mor1kx_cpu/cappuccino.mor1kx_cpu/mor1kx_lsu_cappuccino/write_done_reg
u_mor1kx/mor1kx_cpu/cappuccino.mor1kx_cpu/mor1kx_lsu_cappuccino/atomic_addr_reg[2]
u_mor1kx/mor1kx_cpu/cappuccino.mor1kx_cpu/mor1kx_lsu_cappuccino/atomic_addr_reg[3]
u_mor1kx/mor1kx_cpu/cappuccino.mor1kx_cpu/mor1kx_lsu_cappuccino/atomic_addr_reg[4]
u_mor1kx/mor1kx_cpu/cappuccino.mor1kx_cpu/mor1kx_lsu_cappuccino/atomic_addr_reg[5]
u_mor1kx/mor1kx_cpu/cappuccino.mor1kx_cpu/mor1kx_lsu_cappuccino/atomic_addr_reg[6]
u_mor1kx/mor1kx_cpu/cappuccino.mor1kx_cpu/mor1kx_lsu_cappuccino/atomic_addr_reg[7]
u_mor1kx/mor1kx_cpu/cappuccino.mor1kx_cpu/mor1kx_lsu_cappuccino/atomic_addr_reg[8]
u_mor1kx/mor1kx_cpu/cappuccino.mor1kx_cpu/mor1kx_lsu_cappuccino/atomic_addr_reg[9]
u_mor1kx/mor1kx_cpu/cappuccino.mor1kx_cpu/mor1kx_lsu_cappuccino/atomic_addr_reg[10]
u_mor1kx/mor1kx_cpu/cappuccino.mor1kx_cpu/mor1kx_lsu_cappuccino/atomic_addr_reg[11]
u_mor1kx/mor1kx_cpu/cappuccino.mor1kx_cpu/mor1kx_lsu_cappuccino/atomic_addr_reg[12]
u_mor1kx/mor1kx_cpu/cappuccino.mor1kx_cpu/mor1kx_lsu_cappuccino/atomic_addr_reg[13]
u_mor1kx/mor1kx_cpu/cappuccino.mor1kx_cpu/mor1kx_lsu_cappuccino/atomic_addr_reg[14]
u_mor1kx/mor1kx_cpu/cappuccino.mor1kx_cpu/mor1kx_lsu_cappuccino/atomic_addr_reg[15]
u_mor1kx/mor1kx_cpu/cappuccino.mor1kx_cpu/mor1kx_lsu_cappuccino/atomic_addr_reg[16]
u_mor1kx/mor1kx_cpu/cappuccino.mor1kx_cpu/mor1kx_lsu_cappuccino/atomic_addr_reg[17]
u_mor1kx/mor1kx_cpu/cappuccino.mor1kx_cpu/mor1kx_lsu_cappuccino/atomic_addr_reg[18]
u_mor1kx/mor1kx_cpu/cappuccino.mor1kx_cpu/mor1kx_lsu_cappuccino/atomic_addr_reg[19]
u_mor1kx/mor1kx_cpu/cappuccino.mor1kx_cpu/mor1kx_lsu_cappuccino/atomic_addr_reg[20]
u_mor1kx/mor1kx_cpu/cappuccino.mor1kx_cpu/mor1kx_lsu_cappuccino/atomic_addr_reg[21]
u_mor1kx/mor1kx_cpu/cappuccino.mor1kx_cpu/mor1kx_lsu_cappuccino/atomic_addr_reg[22]
u_mor1kx/mor1kx_cpu/cappuccino.mor1kx_cpu/mor1kx_lsu_cappuccino/atomic_addr_reg[23]
u_mor1kx/mor1kx_cpu/cappuccino.mor1kx_cpu/mor1kx_lsu_cappuccino/atomic_addr_reg[24]
u_mor1kx/mor1kx_cpu/cappuccino.mor1kx_cpu/mor1kx_lsu_cappuccino/atomic_addr_reg[25]
u_mor1kx/mor1kx_cpu/cappuccino.mor1kx_cpu/mor1kx_lsu_cappuccino/atomic_addr_reg[26]
u_mor1kx/mor1kx_cpu/cappuccino.mor1kx_cpu/mor1kx_lsu_cappuccino/atomic_addr_reg[27]
u_mor1kx/mor1kx_cpu/cappuccino.mor1kx_cpu/mor1kx_lsu_cappuccino/atomic_addr_reg[28]
u_mor1kx/mor1kx_cpu/cappuccino.mor1kx_cpu/mor1kx_lsu_cappuccino/atomic_addr_reg[29]
u_mor1kx/mor1kx_cpu/cappuccino.mor1kx_cpu/mor1kx_lsu_cappuccino/atomic_addr_reg[30]
u_mor1kx/mor1kx_cpu/cappuccino.mor1kx_cpu/mor1kx_lsu_cappuccino/atomic_addr_reg[31]
u_mor1kx/mor1kx_cpu/cappuccino.mor1kx_cpu/mor1kx_lsu_cappuccino/dbus_err_reg
u_mor1kx/mor1kx_cpu/cappuccino.mor1kx_cpu/mor1kx_wb_mux_cappuccino/rf_result_reg[0]
u_mor1kx/mor1kx_cpu/cappuccino.mor1kx_cpu/mor1kx_wb_mux_cappuccino/rf_result_reg[1]
u_mor1kx/mor1kx_cpu/cappuccino.mor1kx_cpu/mor1kx_wb_mux_cappuccino/rf_result_reg[2]
u_mor1kx/mor1kx_cpu/cappuccino.mor1kx_cpu/mor1kx_wb_mux_cappuccino/rf_result_reg[3]
u_mor1kx/mor1kx_cpu/cappuccino.mor1kx_cpu/mor1kx_wb_mux_cappuccino/rf_result_reg[4]
u_mor1kx/mor1kx_cpu/cappuccino.mor1kx_cpu/mor1kx_wb_mux_cappuccino/rf_result_reg[5]
u_mor1kx/mor1kx_cpu/cappuccino.mor1kx_cpu/mor1kx_wb_mux_cappuccino/rf_result_reg[6]
u_mor1kx/mor1kx_cpu/cappuccino.mor1kx_cpu/mor1kx_wb_mux_cappuccino/rf_result_reg[7]
u_mor1kx/mor1kx_cpu/cappuccino.mor1kx_cpu/mor1kx_wb_mux_cappuccino/rf_result_reg[8]
u_mor1kx/mor1kx_cpu/cappuccino.mor1kx_cpu/mor1kx_wb_mux_cappuccino/rf_result_reg[9]
u_mor1kx/mor1kx_cpu/cappuccino.mor1kx_cpu/mor1kx_wb_mux_cappuccino/rf_result_reg[10]
u_mor1kx/mor1kx_cpu/cappuccino.mor1kx_cpu/mor1kx_wb_mux_cappuccino/rf_result_reg[11]
u_mor1kx/mor1kx_cpu/cappuccino.mor1kx_cpu/mor1kx_wb_mux_cappuccino/rf_result_reg[12]
u_mor1kx/mor1kx_cpu/cappuccino.mor1kx_cpu/mor1kx_wb_mux_cappuccino/rf_result_reg[13]
u_mor1kx/mor1kx_cpu/cappuccino.mor1kx_cpu/mor1kx_wb_mux_cappuccino/rf_result_reg[14]
u_mor1kx/mor1kx_cpu/cappuccino.mor1kx_cpu/mor1kx_wb_mux_cappuccino/rf_result_reg[15]
u_mor1kx/mor1kx_cpu/cappuccino.mor1kx_cpu/mor1kx_wb_mux_cappuccino/rf_result_reg[16]
u_mor1kx/mor1kx_cpu/cappuccino.mor1kx_cpu/mor1kx_wb_mux_cappuccino/rf_result_reg[17]
u_mor1kx/mor1kx_cpu/cappuccino.mor1kx_cpu/mor1kx_wb_mux_cappuccino/rf_result_reg[18]
u_mor1kx/mor1kx_cpu/cappuccino.mor1kx_cpu/mor1kx_wb_mux_cappuccino/rf_result_reg[19]
u_mor1kx/mor1kx_cpu/cappuccino.mor1kx_cpu/mor1kx_wb_mux_cappuccino/rf_result_reg[20]
u_mor1kx/mor1kx_cpu/cappuccino.mor1kx_cpu/mor1kx_wb_mux_cappuccino/rf_result_reg[21]
u_mor1kx/mor1kx_cpu/cappuccino.mor1kx_cpu/mor1kx_wb_mux_cappuccino/rf_result_reg[22]
u_mor1kx/mor1kx_cpu/cappuccino.mor1kx_cpu/mor1kx_wb_mux_cappuccino/rf_result_reg[23]
u_mor1kx/mor1kx_cpu/cappuccino.mor1kx_cpu/mor1kx_wb_mux_cappuccino/rf_result_reg[24]
u_mor1kx/mor1kx_cpu/cappuccino.mor1kx_cpu/mor1kx_wb_mux_cappuccino/rf_result_reg[25]
u_mor1kx/mor1kx_cpu/cappuccino.mor1kx_cpu/mor1kx_wb_mux_cappuccino/rf_result_reg[26]
u_mor1kx/mor1kx_cpu/cappuccino.mor1kx_cpu/mor1kx_wb_mux_cappuccino/rf_result_reg[27]
u_mor1kx/mor1kx_cpu/cappuccino.mor1kx_cpu/mor1kx_wb_mux_cappuccino/rf_result_reg[28]
u_mor1kx/mor1kx_cpu/cappuccino.mor1kx_cpu/mor1kx_wb_mux_cappuccino/rf_result_reg[29]
u_mor1kx/mor1kx_cpu/cappuccino.mor1kx_cpu/mor1kx_wb_mux_cappuccino/rf_result_reg[30]
u_mor1kx/mor1kx_cpu/cappuccino.mor1kx_cpu/mor1kx_wb_mux_cappuccino/rf_result_reg[31]
u_mor1kx/mor1kx_cpu/cappuccino.mor1kx_cpu/mor1kx_rf_cappuccino/execute_rfb_reg[4]
u_mor1kx/mor1kx_cpu/cappuccino.mor1kx_cpu/mor1kx_rf_cappuccino/execute_rfa_reg[8]
u_mor1kx/mor1kx_cpu/cappuccino.mor1kx_cpu/mor1kx_rf_cappuccino/execute_rfb_reg[15]
u_mor1kx/mor1kx_cpu/cappuccino.mor1kx_cpu/mor1kx_rf_cappuccino/execute_rfa_reg[25]
u_mor1kx/mor1kx_cpu/cappuccino.mor1kx_cpu/mor1kx_rf_cappuccino/wb_to_decode_result_a_reg[1]
u_mor1kx/mor1kx_cpu/cappuccino.mor1kx_cpu/mor1kx_rf_cappuccino/wb_to_decode_result_b_reg[1]
u_mor1kx/mor1kx_cpu/cappuccino.mor1kx_cpu/mor1kx_rf_cappuccino/use_last_wb_a_reg
u_mor1kx/mor1kx_cpu/cappuccino.mor1kx_cpu/mor1kx_rf_cappuccino/use_last_wb_b_reg
u_mor1kx/mor1kx_cpu/cappuccino.mor1kx_cpu/mor1kx_rf_cappuccino/wb_to_decode_result_a_reg[11]
u_mor1kx/mor1kx_cpu/cappuccino.mor1kx_cpu/mor1kx_rf_cappuccino/wb_to_decode_result_a_reg[18]
u_mor1kx/mor1kx_cpu/cappuccino.mor1kx_cpu/mor1kx_rf_cappuccino/wb_to_decode_result_b_reg[11]
u_mor1kx/mor1kx_cpu/cappuccino.mor1kx_cpu/mor1kx_rf_cappuccino/wb_to_decode_result_b_reg[18]
u_mor1kx/mor1kx_cpu/cappuccino.mor1kx_cpu/mor1kx_rf_cappuccino/wb_to_decode_result_a_reg[10]
u_mor1kx/mor1kx_cpu/cappuccino.mor1kx_cpu/mor1kx_rf_cappuccino/wb_to_decode_result_a_reg[12]
u_mor1kx/mor1kx_cpu/cappuccino.mor1kx_cpu/mor1kx_rf_cappuccino/wb_to_decode_result_a_reg[13]
u_mor1kx/mor1kx_cpu/cappuccino.mor1kx_cpu/mor1kx_rf_cappuccino/wb_to_decode_result_a_reg[14]
u_mor1kx/mor1kx_cpu/cappuccino.mor1kx_cpu/mor1kx_rf_cappuccino/wb_to_decode_result_a_reg[15]
u_mor1kx/mor1kx_cpu/cappuccino.mor1kx_cpu/mor1kx_rf_cappuccino/wb_to_decode_result_a_reg[16]
u_mor1kx/mor1kx_cpu/cappuccino.mor1kx_cpu/mor1kx_rf_cappuccino/wb_to_decode_result_a_reg[17]
u_mor1kx/mor1kx_cpu/cappuccino.mor1kx_cpu/mor1kx_rf_cappuccino/wb_to_decode_result_a_reg[19]
u_mor1kx/mor1kx_cpu/cappuccino.mor1kx_cpu/mor1kx_rf_cappuccino/wb_to_decode_result_a_reg[20]
u_mor1kx/mor1kx_cpu/cappuccino.mor1kx_cpu/mor1kx_rf_cappuccino/wb_to_decode_result_a_reg[21]
u_mor1kx/mor1kx_cpu/cappuccino.mor1kx_cpu/mor1kx_rf_cappuccino/wb_to_decode_result_a_reg[22]
u_mor1kx/mor1kx_cpu/cappuccino.mor1kx_cpu/mor1kx_rf_cappuccino/wb_to_decode_result_a_reg[23]
u_mor1kx/mor1kx_cpu/cappuccino.mor1kx_cpu/mor1kx_rf_cappuccino/wb_to_decode_result_a_reg[24]
u_mor1kx/mor1kx_cpu/cappuccino.mor1kx_cpu/mor1kx_rf_cappuccino/wb_to_decode_result_a_reg[25]
u_mor1kx/mor1kx_cpu/cappuccino.mor1kx_cpu/mor1kx_rf_cappuccino/wb_to_decode_result_a_reg[26]
u_mor1kx/mor1kx_cpu/cappuccino.mor1kx_cpu/mor1kx_rf_cappuccino/wb_to_decode_result_a_reg[27]
u_mor1kx/mor1kx_cpu/cappuccino.mor1kx_cpu/mor1kx_rf_cappuccino/wb_to_decode_result_a_reg[28]
u_mor1kx/mor1kx_cpu/cappuccino.mor1kx_cpu/mor1kx_rf_cappuccino/wb_to_decode_result_a_reg[29]
u_mor1kx/mor1kx_cpu/cappuccino.mor1kx_cpu/mor1kx_rf_cappuccino/wb_to_decode_result_a_reg[30]
u_mor1kx/mor1kx_cpu/cappuccino.mor1kx_cpu/mor1kx_rf_cappuccino/wb_to_decode_result_a_reg[31]
u_mor1kx/mor1kx_cpu/cappuccino.mor1kx_cpu/mor1kx_rf_cappuccino/wb_to_decode_result_b_reg[4]
u_mor1kx/mor1kx_cpu/cappuccino.mor1kx_cpu/mor1kx_rf_cappuccino/wb_to_decode_result_b_reg[5]
u_mor1kx/mor1kx_cpu/cappuccino.mor1kx_cpu/mor1kx_rf_cappuccino/wb_to_decode_result_b_reg[6]
u_mor1kx/mor1kx_cpu/cappuccino.mor1kx_cpu/mor1kx_rf_cappuccino/wb_to_decode_result_b_reg[7]
u_mor1kx/mor1kx_cpu/cappuccino.mor1kx_cpu/mor1kx_rf_cappuccino/wb_to_decode_result_b_reg[8]
u_mor1kx/mor1kx_cpu/cappuccino.mor1kx_cpu/mor1kx_rf_cappuccino/wb_to_decode_result_b_reg[9]
u_mor1kx/mor1kx_cpu/cappuccino.mor1kx_cpu/mor1kx_rf_cappuccino/wb_to_decode_result_b_reg[10]
u_mor1kx/mor1kx_cpu/cappuccino.mor1kx_cpu/mor1kx_rf_cappuccino/wb_to_decode_result_b_reg[12]
u_mor1kx/mor1kx_cpu/cappuccino.mor1kx_cpu/mor1kx_rf_cappuccino/wb_to_decode_result_b_reg[13]
u_mor1kx/mor1kx_cpu/cappuccino.mor1kx_cpu/mor1kx_rf_cappuccino/wb_to_decode_result_b_reg[14]
u_mor1kx/mor1kx_cpu/cappuccino.mor1kx_cpu/mor1kx_rf_cappuccino/wb_to_decode_result_b_reg[15]
u_mor1kx/mor1kx_cpu/cappuccino.mor1kx_cpu/mor1kx_rf_cappuccino/wb_to_decode_result_b_reg[16]
u_mor1kx/mor1kx_cpu/cappuccino.mor1kx_cpu/mor1kx_rf_cappuccino/wb_to_decode_result_b_reg[17]
u_mor1kx/mor1kx_cpu/cappuccino.mor1kx_cpu/mor1kx_rf_cappuccino/wb_to_decode_result_b_reg[19]
u_mor1kx/mor1kx_cpu/cappuccino.mor1kx_cpu/mor1kx_rf_cappuccino/wb_to_decode_result_b_reg[20]
u_mor1kx/mor1kx_cpu/cappuccino.mor1kx_cpu/mor1kx_rf_cappuccino/wb_to_decode_result_b_reg[21]
u_mor1kx/mor1kx_cpu/cappuccino.mor1kx_cpu/mor1kx_rf_cappuccino/wb_to_decode_result_b_reg[22]
u_mor1kx/mor1kx_cpu/cappuccino.mor1kx_cpu/mor1kx_rf_cappuccino/wb_to_decode_result_b_reg[23]
u_mor1kx/mor1kx_cpu/cappuccino.mor1kx_cpu/mor1kx_rf_cappuccino/wb_to_decode_result_b_reg[24]
u_mor1kx/mor1kx_cpu/cappuccino.mor1kx_cpu/mor1kx_rf_cappuccino/wb_to_decode_result_b_reg[25]
u_mor1kx/mor1kx_cpu/cappuccino.mor1kx_cpu/mor1kx_rf_cappuccino/wb_to_decode_result_b_reg[26]
u_mor1kx/mor1kx_cpu/cappuccino.mor1kx_cpu/mor1kx_rf_cappuccino/wb_to_decode_result_b_reg[27]
u_mor1kx/mor1kx_cpu/cappuccino.mor1kx_cpu/mor1kx_rf_cappuccino/wb_to_decode_result_b_reg[28]
u_mor1kx/mor1kx_cpu/cappuccino.mor1kx_cpu/mor1kx_rf_cappuccino/wb_to_decode_result_b_reg[29]
u_mor1kx/mor1kx_cpu/cappuccino.mor1kx_cpu/mor1kx_rf_cappuccino/wb_to_decode_result_b_reg[30]
u_mor1kx/mor1kx_cpu/cappuccino.mor1kx_cpu/mor1kx_rf_cappuccino/wb_to_decode_result_b_reg[31]
u_mor1kx/mor1kx_cpu/cappuccino.mor1kx_cpu/mor1kx_rf_cappuccino/execute_hazard_result_r_reg[10]
u_mor1kx/mor1kx_cpu/cappuccino.mor1kx_cpu/mor1kx_rf_cappuccino/execute_rfa_reg[11]
u_mor1kx/mor1kx_cpu/cappuccino.mor1kx_cpu/mor1kx_rf_cappuccino/execute_rfa_reg[10]
u_mor1kx/mor1kx_cpu/cappuccino.mor1kx_cpu/mor1kx_rf_cappuccino/execute_rfa_reg[7]
u_mor1kx/mor1kx_cpu/cappuccino.mor1kx_cpu/mor1kx_rf_cappuccino/flushing_reg
u_mor1kx/mor1kx_cpu/cappuccino.mor1kx_cpu/mor1kx_rf_cappuccino/wb_to_decode_bypass_a_reg
u_mor1kx/mor1kx_cpu/cappuccino.mor1kx_cpu/mor1kx_rf_cappuccino/wb_to_decode_bypass_b_reg
u_mor1kx/mor1kx_cpu/cappuccino.mor1kx_cpu/mor1kx_rf_cappuccino/wb_hazard_result_reg[6]
u_mor1kx/mor1kx_cpu/cappuccino.mor1kx_cpu/mor1kx_rf_cappuccino/ctrl_hazard_a_reg
u_mor1kx/mor1kx_cpu/cappuccino.mor1kx_cpu/mor1kx_rf_cappuccino/ctrl_hazard_b_reg
u_mor1kx/mor1kx_cpu/cappuccino.mor1kx_cpu/mor1kx_rf_cappuccino/execute_rfb_reg[0]
u_mor1kx/mor1kx_cpu/cappuccino.mor1kx_cpu/mor1kx_rf_cappuccino/execute_rfb_reg[1]
u_mor1kx/mor1kx_cpu/cappuccino.mor1kx_cpu/mor1kx_rf_cappuccino/execute_rfb_reg[2]
u_mor1kx/mor1kx_cpu/cappuccino.mor1kx_cpu/mor1kx_rf_cappuccino/execute_rfb_reg[3]
u_mor1kx/mor1kx_cpu/cappuccino.mor1kx_cpu/mor1kx_rf_cappuccino/execute_rfb_reg[5]
u_mor1kx/mor1kx_cpu/cappuccino.mor1kx_cpu/mor1kx_rf_cappuccino/execute_rfb_reg[6]
u_mor1kx/mor1kx_cpu/cappuccino.mor1kx_cpu/mor1kx_rf_cappuccino/execute_rfb_reg[7]
u_mor1kx/mor1kx_cpu/cappuccino.mor1kx_cpu/mor1kx_rf_cappuccino/execute_rfb_reg[8]
u_mor1kx/mor1kx_cpu/cappuccino.mor1kx_cpu/mor1kx_rf_cappuccino/execute_rfb_reg[9]
u_mor1kx/mor1kx_cpu/cappuccino.mor1kx_cpu/mor1kx_rf_cappuccino/execute_rfb_reg[10]
u_mor1kx/mor1kx_cpu/cappuccino.mor1kx_cpu/mor1kx_rf_cappuccino/execute_rfb_reg[11]
u_mor1kx/mor1kx_cpu/cappuccino.mor1kx_cpu/mor1kx_rf_cappuccino/execute_rfb_reg[12]
u_mor1kx/mor1kx_cpu/cappuccino.mor1kx_cpu/mor1kx_rf_cappuccino/execute_rfb_reg[13]
u_mor1kx/mor1kx_cpu/cappuccino.mor1kx_cpu/mor1kx_rf_cappuccino/execute_rfb_reg[14]
u_mor1kx/mor1kx_cpu/cappuccino.mor1kx_cpu/mor1kx_rf_cappuccino/execute_rfb_reg[16]
u_mor1kx/mor1kx_cpu/cappuccino.mor1kx_cpu/mor1kx_rf_cappuccino/execute_rfb_reg[17]
u_mor1kx/mor1kx_cpu/cappuccino.mor1kx_cpu/mor1kx_rf_cappuccino/execute_rfb_reg[18]
u_mor1kx/mor1kx_cpu/cappuccino.mor1kx_cpu/mor1kx_rf_cappuccino/execute_rfb_reg[19]
u_mor1kx/mor1kx_cpu/cappuccino.mor1kx_cpu/mor1kx_rf_cappuccino/execute_rfb_reg[20]
u_mor1kx/mor1kx_cpu/cappuccino.mor1kx_cpu/mor1kx_rf_cappuccino/execute_rfb_reg[21]
u_mor1kx/mor1kx_cpu/cappuccino.mor1kx_cpu/mor1kx_rf_cappuccino/execute_rfb_reg[22]
u_mor1kx/mor1kx_cpu/cappuccino.mor1kx_cpu/mor1kx_rf_cappuccino/execute_rfb_reg[23]
u_mor1kx/mor1kx_cpu/cappuccino.mor1kx_cpu/mor1kx_rf_cappuccino/execute_rfb_reg[24]
u_mor1kx/mor1kx_cpu/cappuccino.mor1kx_cpu/mor1kx_rf_cappuccino/execute_rfb_reg[25]
u_mor1kx/mor1kx_cpu/cappuccino.mor1kx_cpu/mor1kx_rf_cappuccino/execute_rfb_reg[26]
u_mor1kx/mor1kx_cpu/cappuccino.mor1kx_cpu/mor1kx_rf_cappuccino/execute_rfb_reg[27]
u_mor1kx/mor1kx_cpu/cappuccino.mor1kx_cpu/mor1kx_rf_cappuccino/execute_rfb_reg[28]
u_mor1kx/mor1kx_cpu/cappuccino.mor1kx_cpu/mor1kx_rf_cappuccino/execute_rfb_reg[29]
u_mor1kx/mor1kx_cpu/cappuccino.mor1kx_cpu/mor1kx_rf_cappuccino/execute_rfb_reg[30]
u_mor1kx/mor1kx_cpu/cappuccino.mor1kx_cpu/mor1kx_rf_cappuccino/execute_rfb_reg[31]
u_mor1kx/mor1kx_cpu/cappuccino.mor1kx_cpu/mor1kx_rf_cappuccino/execute_rfa_reg[0]
u_mor1kx/mor1kx_cpu/cappuccino.mor1kx_cpu/mor1kx_rf_cappuccino/execute_rfa_reg[1]
u_mor1kx/mor1kx_cpu/cappuccino.mor1kx_cpu/mor1kx_rf_cappuccino/execute_rfa_reg[2]
u_mor1kx/mor1kx_cpu/cappuccino.mor1kx_cpu/mor1kx_rf_cappuccino/execute_rfa_reg[3]
u_mor1kx/mor1kx_cpu/cappuccino.mor1kx_cpu/mor1kx_rf_cappuccino/execute_rfa_reg[4]
u_mor1kx/mor1kx_cpu/cappuccino.mor1kx_cpu/mor1kx_rf_cappuccino/execute_rfa_reg[5]
u_mor1kx/mor1kx_cpu/cappuccino.mor1kx_cpu/mor1kx_rf_cappuccino/execute_rfa_reg[6]
u_mor1kx/mor1kx_cpu/cappuccino.mor1kx_cpu/mor1kx_rf_cappuccino/execute_rfa_reg[9]
u_mor1kx/mor1kx_cpu/cappuccino.mor1kx_cpu/mor1kx_rf_cappuccino/execute_rfa_reg[12]
u_mor1kx/mor1kx_cpu/cappuccino.mor1kx_cpu/mor1kx_rf_cappuccino/execute_rfa_reg[13]
u_mor1kx/mor1kx_cpu/cappuccino.mor1kx_cpu/mor1kx_rf_cappuccino/execute_rfa_reg[14]
u_mor1kx/mor1kx_cpu/cappuccino.mor1kx_cpu/mor1kx_rf_cappuccino/execute_rfa_reg[15]
u_mor1kx/mor1kx_cpu/cappuccino.mor1kx_cpu/mor1kx_rf_cappuccino/execute_rfa_reg[16]
u_mor1kx/mor1kx_cpu/cappuccino.mor1kx_cpu/mor1kx_rf_cappuccino/execute_rfa_reg[17]
u_mor1kx/mor1kx_cpu/cappuccino.mor1kx_cpu/mor1kx_rf_cappuccino/execute_rfa_reg[18]
u_mor1kx/mor1kx_cpu/cappuccino.mor1kx_cpu/mor1kx_rf_cappuccino/execute_rfa_reg[19]
u_mor1kx/mor1kx_cpu/cappuccino.mor1kx_cpu/mor1kx_rf_cappuccino/execute_rfa_reg[20]
u_mor1kx/mor1kx_cpu/cappuccino.mor1kx_cpu/mor1kx_rf_cappuccino/execute_rfa_reg[21]
u_mor1kx/mor1kx_cpu/cappuccino.mor1kx_cpu/mor1kx_rf_cappuccino/execute_rfa_reg[22]
u_mor1kx/mor1kx_cpu/cappuccino.mor1kx_cpu/mor1kx_rf_cappuccino/execute_rfa_reg[23]
u_mor1kx/mor1kx_cpu/cappuccino.mor1kx_cpu/mor1kx_rf_cappuccino/execute_rfa_reg[24]
u_mor1kx/mor1kx_cpu/cappuccino.mor1kx_cpu/mor1kx_rf_cappuccino/execute_rfa_reg[26]
u_mor1kx/mor1kx_cpu/cappuccino.mor1kx_cpu/mor1kx_rf_cappuccino/execute_rfa_reg[27]
u_mor1kx/mor1kx_cpu/cappuccino.mor1kx_cpu/mor1kx_rf_cappuccino/execute_rfa_reg[28]
u_mor1kx/mor1kx_cpu/cappuccino.mor1kx_cpu/mor1kx_rf_cappuccino/execute_rfa_reg[29]
u_mor1kx/mor1kx_cpu/cappuccino.mor1kx_cpu/mor1kx_rf_cappuccino/execute_rfa_reg[30]
u_mor1kx/mor1kx_cpu/cappuccino.mor1kx_cpu/mor1kx_rf_cappuccino/execute_rfa_reg[31]
u_mor1kx/mor1kx_cpu/cappuccino.mor1kx_cpu/mor1kx_rf_cappuccino/wb_hazard_result_reg[0]
u_mor1kx/mor1kx_cpu/cappuccino.mor1kx_cpu/mor1kx_rf_cappuccino/wb_hazard_result_reg[1]
u_mor1kx/mor1kx_cpu/cappuccino.mor1kx_cpu/mor1kx_rf_cappuccino/wb_hazard_result_reg[2]
u_mor1kx/mor1kx_cpu/cappuccino.mor1kx_cpu/mor1kx_rf_cappuccino/wb_hazard_result_reg[3]
u_mor1kx/mor1kx_cpu/cappuccino.mor1kx_cpu/mor1kx_rf_cappuccino/wb_hazard_result_reg[4]
u_mor1kx/mor1kx_cpu/cappuccino.mor1kx_cpu/mor1kx_rf_cappuccino/wb_hazard_result_reg[5]
u_mor1kx/mor1kx_cpu/cappuccino.mor1kx_cpu/mor1kx_rf_cappuccino/wb_hazard_result_reg[7]
u_mor1kx/mor1kx_cpu/cappuccino.mor1kx_cpu/mor1kx_rf_cappuccino/wb_hazard_result_reg[8]
u_mor1kx/mor1kx_cpu/cappuccino.mor1kx_cpu/mor1kx_rf_cappuccino/wb_hazard_result_reg[9]
u_mor1kx/mor1kx_cpu/cappuccino.mor1kx_cpu/mor1kx_rf_cappuccino/wb_hazard_result_reg[10]
u_mor1kx/mor1kx_cpu/cappuccino.mor1kx_cpu/mor1kx_rf_cappuccino/wb_hazard_result_reg[11]
u_mor1kx/mor1kx_cpu/cappuccino.mor1kx_cpu/mor1kx_rf_cappuccino/wb_hazard_result_reg[12]
u_mor1kx/mor1kx_cpu/cappuccino.mor1kx_cpu/mor1kx_rf_cappuccino/wb_hazard_result_reg[13]
u_mor1kx/mor1kx_cpu/cappuccino.mor1kx_cpu/mor1kx_rf_cappuccino/wb_hazard_result_reg[14]
u_mor1kx/mor1kx_cpu/cappuccino.mor1kx_cpu/mor1kx_rf_cappuccino/wb_hazard_result_reg[15]
u_mor1kx/mor1kx_cpu/cappuccino.mor1kx_cpu/mor1kx_rf_cappuccino/wb_hazard_result_reg[16]
u_mor1kx/mor1kx_cpu/cappuccino.mor1kx_cpu/mor1kx_rf_cappuccino/wb_hazard_result_reg[17]
u_mor1kx/mor1kx_cpu/cappuccino.mor1kx_cpu/mor1kx_rf_cappuccino/wb_hazard_result_reg[18]
u_mor1kx/mor1kx_cpu/cappuccino.mor1kx_cpu/mor1kx_rf_cappuccino/wb_hazard_result_reg[19]
u_mor1kx/mor1kx_cpu/cappuccino.mor1kx_cpu/mor1kx_rf_cappuccino/wb_hazard_result_reg[20]
u_mor1kx/mor1kx_cpu/cappuccino.mor1kx_cpu/mor1kx_rf_cappuccino/wb_hazard_result_reg[21]
u_mor1kx/mor1kx_cpu/cappuccino.mor1kx_cpu/mor1kx_rf_cappuccino/wb_hazard_result_reg[22]
u_mor1kx/mor1kx_cpu/cappuccino.mor1kx_cpu/mor1kx_rf_cappuccino/wb_hazard_result_reg[23]
u_mor1kx/mor1kx_cpu/cappuccino.mor1kx_cpu/mor1kx_rf_cappuccino/wb_hazard_result_reg[24]
u_mor1kx/mor1kx_cpu/cappuccino.mor1kx_cpu/mor1kx_rf_cappuccino/wb_hazard_result_reg[25]
u_mor1kx/mor1kx_cpu/cappuccino.mor1kx_cpu/mor1kx_rf_cappuccino/wb_hazard_result_reg[26]
u_mor1kx/mor1kx_cpu/cappuccino.mor1kx_cpu/mor1kx_rf_cappuccino/wb_hazard_result_reg[27]
u_mor1kx/mor1kx_cpu/cappuccino.mor1kx_cpu/mor1kx_rf_cappuccino/wb_hazard_result_reg[28]
u_mor1kx/mor1kx_cpu/cappuccino.mor1kx_cpu/mor1kx_rf_cappuccino/wb_hazard_result_reg[29]
u_mor1kx/mor1kx_cpu/cappuccino.mor1kx_cpu/mor1kx_rf_cappuccino/wb_hazard_result_reg[30]
u_mor1kx/mor1kx_cpu/cappuccino.mor1kx_cpu/mor1kx_rf_cappuccino/wb_hazard_result_reg[31]
u_mor1kx/mor1kx_cpu/cappuccino.mor1kx_cpu/mor1kx_rf_cappuccino/wb_hazard_a_reg
u_mor1kx/mor1kx_cpu/cappuccino.mor1kx_cpu/mor1kx_rf_cappuccino/wb_hazard_b_reg
u_mor1kx/mor1kx_cpu/cappuccino.mor1kx_cpu/mor1kx_rf_cappuccino/ctrl_hazard_result_r_reg[0]
u_mor1kx/mor1kx_cpu/cappuccino.mor1kx_cpu/mor1kx_rf_cappuccino/ctrl_hazard_result_r_reg[1]
u_mor1kx/mor1kx_cpu/cappuccino.mor1kx_cpu/mor1kx_rf_cappuccino/ctrl_hazard_result_r_reg[2]
u_mor1kx/mor1kx_cpu/cappuccino.mor1kx_cpu/mor1kx_rf_cappuccino/ctrl_hazard_result_r_reg[3]
u_mor1kx/mor1kx_cpu/cappuccino.mor1kx_cpu/mor1kx_rf_cappuccino/ctrl_hazard_result_r_reg[4]
u_mor1kx/mor1kx_cpu/cappuccino.mor1kx_cpu/mor1kx_rf_cappuccino/ctrl_hazard_result_r_reg[5]
u_mor1kx/mor1kx_cpu/cappuccino.mor1kx_cpu/mor1kx_rf_cappuccino/ctrl_hazard_result_r_reg[6]
u_mor1kx/mor1kx_cpu/cappuccino.mor1kx_cpu/mor1kx_rf_cappuccino/ctrl_hazard_result_r_reg[7]
u_mor1kx/mor1kx_cpu/cappuccino.mor1kx_cpu/mor1kx_rf_cappuccino/ctrl_hazard_result_r_reg[8]
u_mor1kx/mor1kx_cpu/cappuccino.mor1kx_cpu/mor1kx_rf_cappuccino/ctrl_hazard_result_r_reg[9]
u_mor1kx/mor1kx_cpu/cappuccino.mor1kx_cpu/mor1kx_rf_cappuccino/ctrl_hazard_result_r_reg[10]
u_mor1kx/mor1kx_cpu/cappuccino.mor1kx_cpu/mor1kx_rf_cappuccino/ctrl_hazard_result_r_reg[11]
u_mor1kx/mor1kx_cpu/cappuccino.mor1kx_cpu/mor1kx_rf_cappuccino/ctrl_hazard_result_r_reg[12]
u_mor1kx/mor1kx_cpu/cappuccino.mor1kx_cpu/mor1kx_rf_cappuccino/ctrl_hazard_result_r_reg[13]
u_mor1kx/mor1kx_cpu/cappuccino.mor1kx_cpu/mor1kx_rf_cappuccino/ctrl_hazard_result_r_reg[14]
u_mor1kx/mor1kx_cpu/cappuccino.mor1kx_cpu/mor1kx_rf_cappuccino/ctrl_hazard_result_r_reg[15]
u_mor1kx/mor1kx_cpu/cappuccino.mor1kx_cpu/mor1kx_rf_cappuccino/ctrl_hazard_result_r_reg[16]
u_mor1kx/mor1kx_cpu/cappuccino.mor1kx_cpu/mor1kx_rf_cappuccino/ctrl_hazard_result_r_reg[17]
u_mor1kx/mor1kx_cpu/cappuccino.mor1kx_cpu/mor1kx_rf_cappuccino/ctrl_hazard_result_r_reg[18]
u_mor1kx/mor1kx_cpu/cappuccino.mor1kx_cpu/mor1kx_rf_cappuccino/ctrl_hazard_result_r_reg[19]
u_mor1kx/mor1kx_cpu/cappuccino.mor1kx_cpu/mor1kx_rf_cappuccino/ctrl_hazard_result_r_reg[20]
u_mor1kx/mor1kx_cpu/cappuccino.mor1kx_cpu/mor1kx_rf_cappuccino/ctrl_hazard_result_r_reg[21]
u_mor1kx/mor1kx_cpu/cappuccino.mor1kx_cpu/mor1kx_rf_cappuccino/ctrl_hazard_result_r_reg[22]
u_mor1kx/mor1kx_cpu/cappuccino.mor1kx_cpu/mor1kx_rf_cappuccino/ctrl_hazard_result_r_reg[23]
u_mor1kx/mor1kx_cpu/cappuccino.mor1kx_cpu/mor1kx_rf_cappuccino/ctrl_hazard_result_r_reg[24]
u_mor1kx/mor1kx_cpu/cappuccino.mor1kx_cpu/mor1kx_rf_cappuccino/ctrl_hazard_result_r_reg[25]
u_mor1kx/mor1kx_cpu/cappuccino.mor1kx_cpu/mor1kx_rf_cappuccino/ctrl_hazard_result_r_reg[26]
u_mor1kx/mor1kx_cpu/cappuccino.mor1kx_cpu/mor1kx_rf_cappuccino/ctrl_hazard_result_r_reg[27]
u_mor1kx/mor1kx_cpu/cappuccino.mor1kx_cpu/mor1kx_rf_cappuccino/ctrl_hazard_result_r_reg[28]
u_mor1kx/mor1kx_cpu/cappuccino.mor1kx_cpu/mor1kx_rf_cappuccino/ctrl_hazard_result_r_reg[29]
u_mor1kx/mor1kx_cpu/cappuccino.mor1kx_cpu/mor1kx_rf_cappuccino/ctrl_hazard_result_r_reg[30]
u_mor1kx/mor1kx_cpu/cappuccino.mor1kx_cpu/mor1kx_rf_cappuccino/ctrl_hazard_result_r_reg[31]
u_mor1kx/mor1kx_cpu/cappuccino.mor1kx_cpu/mor1kx_rf_cappuccino/execute_hazard_result_r_reg[0]
u_mor1kx/mor1kx_cpu/cappuccino.mor1kx_cpu/mor1kx_rf_cappuccino/execute_hazard_result_r_reg[1]
u_mor1kx/mor1kx_cpu/cappuccino.mor1kx_cpu/mor1kx_rf_cappuccino/execute_hazard_result_r_reg[2]
u_mor1kx/mor1kx_cpu/cappuccino.mor1kx_cpu/mor1kx_rf_cappuccino/execute_hazard_result_r_reg[3]
u_mor1kx/mor1kx_cpu/cappuccino.mor1kx_cpu/mor1kx_rf_cappuccino/execute_hazard_result_r_reg[4]
u_mor1kx/mor1kx_cpu/cappuccino.mor1kx_cpu/mor1kx_rf_cappuccino/execute_hazard_result_r_reg[5]
u_mor1kx/mor1kx_cpu/cappuccino.mor1kx_cpu/mor1kx_rf_cappuccino/execute_hazard_result_r_reg[6]
u_mor1kx/mor1kx_cpu/cappuccino.mor1kx_cpu/mor1kx_rf_cappuccino/execute_hazard_result_r_reg[7]
u_mor1kx/mor1kx_cpu/cappuccino.mor1kx_cpu/mor1kx_rf_cappuccino/execute_hazard_result_r_reg[8]
u_mor1kx/mor1kx_cpu/cappuccino.mor1kx_cpu/mor1kx_rf_cappuccino/execute_hazard_result_r_reg[9]
u_mor1kx/mor1kx_cpu/cappuccino.mor1kx_cpu/mor1kx_rf_cappuccino/execute_hazard_result_r_reg[11]
u_mor1kx/mor1kx_cpu/cappuccino.mor1kx_cpu/mor1kx_rf_cappuccino/execute_hazard_result_r_reg[12]
u_mor1kx/mor1kx_cpu/cappuccino.mor1kx_cpu/mor1kx_rf_cappuccino/execute_hazard_result_r_reg[13]
u_mor1kx/mor1kx_cpu/cappuccino.mor1kx_cpu/mor1kx_rf_cappuccino/execute_hazard_result_r_reg[14]
u_mor1kx/mor1kx_cpu/cappuccino.mor1kx_cpu/mor1kx_rf_cappuccino/execute_hazard_result_r_reg[15]
u_mor1kx/mor1kx_cpu/cappuccino.mor1kx_cpu/mor1kx_rf_cappuccino/execute_hazard_result_r_reg[16]
u_mor1kx/mor1kx_cpu/cappuccino.mor1kx_cpu/mor1kx_rf_cappuccino/execute_hazard_result_r_reg[17]
u_mor1kx/mor1kx_cpu/cappuccino.mor1kx_cpu/mor1kx_rf_cappuccino/execute_hazard_result_r_reg[18]
u_mor1kx/mor1kx_cpu/cappuccino.mor1kx_cpu/mor1kx_rf_cappuccino/execute_hazard_result_r_reg[19]
u_mor1kx/mor1kx_cpu/cappuccino.mor1kx_cpu/mor1kx_rf_cappuccino/execute_hazard_result_r_reg[20]
u_mor1kx/mor1kx_cpu/cappuccino.mor1kx_cpu/mor1kx_rf_cappuccino/execute_hazard_result_r_reg[21]
u_mor1kx/mor1kx_cpu/cappuccino.mor1kx_cpu/mor1kx_rf_cappuccino/execute_hazard_result_r_reg[22]
u_mor1kx/mor1kx_cpu/cappuccino.mor1kx_cpu/mor1kx_rf_cappuccino/execute_hazard_result_r_reg[23]
u_mor1kx/mor1kx_cpu/cappuccino.mor1kx_cpu/mor1kx_rf_cappuccino/execute_hazard_result_r_reg[24]
u_mor1kx/mor1kx_cpu/cappuccino.mor1kx_cpu/mor1kx_rf_cappuccino/execute_hazard_result_r_reg[25]
u_mor1kx/mor1kx_cpu/cappuccino.mor1kx_cpu/mor1kx_rf_cappuccino/execute_hazard_result_r_reg[26]
u_mor1kx/mor1kx_cpu/cappuccino.mor1kx_cpu/mor1kx_rf_cappuccino/execute_hazard_result_r_reg[27]
u_mor1kx/mor1kx_cpu/cappuccino.mor1kx_cpu/mor1kx_rf_cappuccino/execute_hazard_result_r_reg[28]
u_mor1kx/mor1kx_cpu/cappuccino.mor1kx_cpu/mor1kx_rf_cappuccino/execute_hazard_result_r_reg[29]
u_mor1kx/mor1kx_cpu/cappuccino.mor1kx_cpu/mor1kx_rf_cappuccino/execute_hazard_result_r_reg[30]
u_mor1kx/mor1kx_cpu/cappuccino.mor1kx_cpu/mor1kx_rf_cappuccino/execute_hazard_result_r_reg[31]
u_mor1kx/mor1kx_cpu/cappuccino.mor1kx_cpu/mor1kx_rf_cappuccino/execute_hazard_a_reg
u_mor1kx/mor1kx_cpu/cappuccino.mor1kx_cpu/mor1kx_rf_cappuccino/execute_hazard_b_reg
u_mor1kx/mor1kx_cpu/cappuccino.mor1kx_cpu/mor1kx_rf_cappuccino/rfa/rdata_reg[4]
u_mor1kx/mor1kx_cpu/cappuccino.mor1kx_cpu/mor1kx_rf_cappuccino/rfa/rdata_reg[5]
u_mor1kx/mor1kx_cpu/cappuccino.mor1kx_cpu/mor1kx_rf_cappuccino/rfa/rdata_reg[6]
u_mor1kx/mor1kx_cpu/cappuccino.mor1kx_cpu/mor1kx_rf_cappuccino/rfa/rdata_reg[7]
u_mor1kx/mor1kx_cpu/cappuccino.mor1kx_cpu/mor1kx_rf_cappuccino/rfa/rdata_reg[8]
u_mor1kx/mor1kx_cpu/cappuccino.mor1kx_cpu/mor1kx_rf_cappuccino/rfa/rdata_reg[9]
u_mor1kx/mor1kx_cpu/cappuccino.mor1kx_cpu/mor1kx_rf_cappuccino/rfa/rdata_reg[10]
u_mor1kx/mor1kx_cpu/cappuccino.mor1kx_cpu/mor1kx_rf_cappuccino/rfa/rdata_reg[11]
u_mor1kx/mor1kx_cpu/cappuccino.mor1kx_cpu/mor1kx_rf_cappuccino/rfa/rdata_reg[12]
u_mor1kx/mor1kx_cpu/cappuccino.mor1kx_cpu/mor1kx_rf_cappuccino/rfa/rdata_reg[13]
u_mor1kx/mor1kx_cpu/cappuccino.mor1kx_cpu/mor1kx_rf_cappuccino/rfa/rdata_reg[14]
u_mor1kx/mor1kx_cpu/cappuccino.mor1kx_cpu/mor1kx_rf_cappuccino/rfa/rdata_reg[15]
u_mor1kx/mor1kx_cpu/cappuccino.mor1kx_cpu/mor1kx_rf_cappuccino/rfa/rdata_reg[16]
u_mor1kx/mor1kx_cpu/cappuccino.mor1kx_cpu/mor1kx_rf_cappuccino/rfa/rdata_reg[17]
u_mor1kx/mor1kx_cpu/cappuccino.mor1kx_cpu/mor1kx_rf_cappuccino/rfa/rdata_reg[18]
u_mor1kx/mor1kx_cpu/cappuccino.mor1kx_cpu/mor1kx_rf_cappuccino/rfa/rdata_reg[19]
u_mor1kx/mor1kx_cpu/cappuccino.mor1kx_cpu/mor1kx_rf_cappuccino/rfa/rdata_reg[20]
u_mor1kx/mor1kx_cpu/cappuccino.mor1kx_cpu/mor1kx_rf_cappuccino/rfa/rdata_reg[21]
u_mor1kx/mor1kx_cpu/cappuccino.mor1kx_cpu/mor1kx_rf_cappuccino/rfa/rdata_reg[22]
u_mor1kx/mor1kx_cpu/cappuccino.mor1kx_cpu/mor1kx_rf_cappuccino/rfa/rdata_reg[23]
u_mor1kx/mor1kx_cpu/cappuccino.mor1kx_cpu/mor1kx_rf_cappuccino/rfa/rdata_reg[24]
u_mor1kx/mor1kx_cpu/cappuccino.mor1kx_cpu/mor1kx_rf_cappuccino/rfa/rdata_reg[25]
u_mor1kx/mor1kx_cpu/cappuccino.mor1kx_cpu/mor1kx_rf_cappuccino/rfa/rdata_reg[26]
u_mor1kx/mor1kx_cpu/cappuccino.mor1kx_cpu/mor1kx_rf_cappuccino/rfa/rdata_reg[27]
u_mor1kx/mor1kx_cpu/cappuccino.mor1kx_cpu/mor1kx_rf_cappuccino/rfa/rdata_reg[28]
u_mor1kx/mor1kx_cpu/cappuccino.mor1kx_cpu/mor1kx_rf_cappuccino/rfa/rdata_reg[29]
u_mor1kx/mor1kx_cpu/cappuccino.mor1kx_cpu/mor1kx_rf_cappuccino/rfa/rdata_reg[30]
u_mor1kx/mor1kx_cpu/cappuccino.mor1kx_cpu/mor1kx_rf_cappuccino/rfa/rdata_reg[31]
u_mor1kx/mor1kx_cpu/cappuccino.mor1kx_cpu/mor1kx_rf_cappuccino/rfa/mem_reg[1][0]
u_mor1kx/mor1kx_cpu/cappuccino.mor1kx_cpu/mor1kx_rf_cappuccino/rfa/mem_reg[6][23]
u_mor1kx/mor1kx_cpu/cappuccino.mor1kx_cpu/mor1kx_rf_cappuccino/rfa/mem_reg[6][24]
u_mor1kx/mor1kx_cpu/cappuccino.mor1kx_cpu/mor1kx_rf_cappuccino/rfa/mem_reg[6][25]
u_mor1kx/mor1kx_cpu/cappuccino.mor1kx_cpu/mor1kx_rf_cappuccino/rfa/mem_reg[6][26]
u_mor1kx/mor1kx_cpu/cappuccino.mor1kx_cpu/mor1kx_rf_cappuccino/rfa/mem_reg[6][27]
u_mor1kx/mor1kx_cpu/cappuccino.mor1kx_cpu/mor1kx_rf_cappuccino/rfa/mem_reg[6][28]
u_mor1kx/mor1kx_cpu/cappuccino.mor1kx_cpu/mor1kx_rf_cappuccino/rfa/mem_reg[6][29]
u_mor1kx/mor1kx_cpu/cappuccino.mor1kx_cpu/mor1kx_rf_cappuccino/rfa/mem_reg[6][30]
u_mor1kx/mor1kx_cpu/cappuccino.mor1kx_cpu/mor1kx_rf_cappuccino/rfa/mem_reg[6][31]
u_mor1kx/mor1kx_cpu/cappuccino.mor1kx_cpu/mor1kx_rf_cappuccino/rfa/mem_reg[7][23]
u_mor1kx/mor1kx_cpu/cappuccino.mor1kx_cpu/mor1kx_rf_cappuccino/rfa/mem_reg[7][24]
u_mor1kx/mor1kx_cpu/cappuccino.mor1kx_cpu/mor1kx_rf_cappuccino/rfa/mem_reg[7][25]
u_mor1kx/mor1kx_cpu/cappuccino.mor1kx_cpu/mor1kx_rf_cappuccino/rfa/mem_reg[7][26]
u_mor1kx/mor1kx_cpu/cappuccino.mor1kx_cpu/mor1kx_rf_cappuccino/rfa/mem_reg[7][27]
u_mor1kx/mor1kx_cpu/cappuccino.mor1kx_cpu/mor1kx_rf_cappuccino/rfa/mem_reg[7][28]
u_mor1kx/mor1kx_cpu/cappuccino.mor1kx_cpu/mor1kx_rf_cappuccino/rfa/mem_reg[7][29]
u_mor1kx/mor1kx_cpu/cappuccino.mor1kx_cpu/mor1kx_rf_cappuccino/rfa/mem_reg[7][30]
u_mor1kx/mor1kx_cpu/cappuccino.mor1kx_cpu/mor1kx_rf_cappuccino/rfa/mem_reg[7][31]
u_mor1kx/mor1kx_cpu/cappuccino.mor1kx_cpu/mor1kx_rf_cappuccino/rfa/mem_reg[14][23]
u_mor1kx/mor1kx_cpu/cappuccino.mor1kx_cpu/mor1kx_rf_cappuccino/rfa/mem_reg[14][24]
u_mor1kx/mor1kx_cpu/cappuccino.mor1kx_cpu/mor1kx_rf_cappuccino/rfa/mem_reg[14][25]
u_mor1kx/mor1kx_cpu/cappuccino.mor1kx_cpu/mor1kx_rf_cappuccino/rfa/mem_reg[14][26]
u_mor1kx/mor1kx_cpu/cappuccino.mor1kx_cpu/mor1kx_rf_cappuccino/rfa/mem_reg[14][27]
u_mor1kx/mor1kx_cpu/cappuccino.mor1kx_cpu/mor1kx_rf_cappuccino/rfa/mem_reg[14][28]
u_mor1kx/mor1kx_cpu/cappuccino.mor1kx_cpu/mor1kx_rf_cappuccino/rfa/mem_reg[14][29]
u_mor1kx/mor1kx_cpu/cappuccino.mor1kx_cpu/mor1kx_rf_cappuccino/rfa/mem_reg[14][30]
u_mor1kx/mor1kx_cpu/cappuccino.mor1kx_cpu/mor1kx_rf_cappuccino/rfa/mem_reg[14][31]
u_mor1kx/mor1kx_cpu/cappuccino.mor1kx_cpu/mor1kx_rf_cappuccino/rfa/mem_reg[15][23]
u_mor1kx/mor1kx_cpu/cappuccino.mor1kx_cpu/mor1kx_rf_cappuccino/rfa/mem_reg[15][24]
u_mor1kx/mor1kx_cpu/cappuccino.mor1kx_cpu/mor1kx_rf_cappuccino/rfa/mem_reg[15][25]
u_mor1kx/mor1kx_cpu/cappuccino.mor1kx_cpu/mor1kx_rf_cappuccino/rfa/mem_reg[15][26]
u_mor1kx/mor1kx_cpu/cappuccino.mor1kx_cpu/mor1kx_rf_cappuccino/rfa/mem_reg[15][27]
u_mor1kx/mor1kx_cpu/cappuccino.mor1kx_cpu/mor1kx_rf_cappuccino/rfa/mem_reg[15][28]
u_mor1kx/mor1kx_cpu/cappuccino.mor1kx_cpu/mor1kx_rf_cappuccino/rfa/mem_reg[15][29]
u_mor1kx/mor1kx_cpu/cappuccino.mor1kx_cpu/mor1kx_rf_cappuccino/rfa/mem_reg[15][30]
u_mor1kx/mor1kx_cpu/cappuccino.mor1kx_cpu/mor1kx_rf_cappuccino/rfa/mem_reg[15][31]
u_mor1kx/mor1kx_cpu/cappuccino.mor1kx_cpu/mor1kx_rf_cappuccino/rfa/mem_reg[22][23]
u_mor1kx/mor1kx_cpu/cappuccino.mor1kx_cpu/mor1kx_rf_cappuccino/rfa/mem_reg[22][24]
u_mor1kx/mor1kx_cpu/cappuccino.mor1kx_cpu/mor1kx_rf_cappuccino/rfa/mem_reg[22][25]
u_mor1kx/mor1kx_cpu/cappuccino.mor1kx_cpu/mor1kx_rf_cappuccino/rfa/mem_reg[22][26]
u_mor1kx/mor1kx_cpu/cappuccino.mor1kx_cpu/mor1kx_rf_cappuccino/rfa/mem_reg[22][27]
u_mor1kx/mor1kx_cpu/cappuccino.mor1kx_cpu/mor1kx_rf_cappuccino/rfa/mem_reg[22][28]
u_mor1kx/mor1kx_cpu/cappuccino.mor1kx_cpu/mor1kx_rf_cappuccino/rfa/mem_reg[22][29]
u_mor1kx/mor1kx_cpu/cappuccino.mor1kx_cpu/mor1kx_rf_cappuccino/rfa/mem_reg[22][30]
u_mor1kx/mor1kx_cpu/cappuccino.mor1kx_cpu/mor1kx_rf_cappuccino/rfa/mem_reg[22][31]
u_mor1kx/mor1kx_cpu/cappuccino.mor1kx_cpu/mor1kx_rf_cappuccino/rfa/mem_reg[23][23]
u_mor1kx/mor1kx_cpu/cappuccino.mor1kx_cpu/mor1kx_rf_cappuccino/rfa/mem_reg[23][24]
u_mor1kx/mor1kx_cpu/cappuccino.mor1kx_cpu/mor1kx_rf_cappuccino/rfa/mem_reg[23][25]
u_mor1kx/mor1kx_cpu/cappuccino.mor1kx_cpu/mor1kx_rf_cappuccino/rfa/mem_reg[23][26]
u_mor1kx/mor1kx_cpu/cappuccino.mor1kx_cpu/mor1kx_rf_cappuccino/rfa/mem_reg[23][27]
u_mor1kx/mor1kx_cpu/cappuccino.mor1kx_cpu/mor1kx_rf_cappuccino/rfa/mem_reg[23][28]
u_mor1kx/mor1kx_cpu/cappuccino.mor1kx_cpu/mor1kx_rf_cappuccino/rfa/mem_reg[23][29]
u_mor1kx/mor1kx_cpu/cappuccino.mor1kx_cpu/mor1kx_rf_cappuccino/rfa/mem_reg[23][30]
u_mor1kx/mor1kx_cpu/cappuccino.mor1kx_cpu/mor1kx_rf_cappuccino/rfa/mem_reg[23][31]
u_mor1kx/mor1kx_cpu/cappuccino.mor1kx_cpu/mor1kx_rf_cappuccino/rfa/mem_reg[30][23]
u_mor1kx/mor1kx_cpu/cappuccino.mor1kx_cpu/mor1kx_rf_cappuccino/rfa/mem_reg[30][24]
u_mor1kx/mor1kx_cpu/cappuccino.mor1kx_cpu/mor1kx_rf_cappuccino/rfa/mem_reg[30][25]
u_mor1kx/mor1kx_cpu/cappuccino.mor1kx_cpu/mor1kx_rf_cappuccino/rfa/mem_reg[30][26]
u_mor1kx/mor1kx_cpu/cappuccino.mor1kx_cpu/mor1kx_rf_cappuccino/rfa/mem_reg[30][27]
u_mor1kx/mor1kx_cpu/cappuccino.mor1kx_cpu/mor1kx_rf_cappuccino/rfa/mem_reg[30][28]
u_mor1kx/mor1kx_cpu/cappuccino.mor1kx_cpu/mor1kx_rf_cappuccino/rfa/mem_reg[30][29]
u_mor1kx/mor1kx_cpu/cappuccino.mor1kx_cpu/mor1kx_rf_cappuccino/rfa/mem_reg[30][30]
u_mor1kx/mor1kx_cpu/cappuccino.mor1kx_cpu/mor1kx_rf_cappuccino/rfa/mem_reg[30][31]
u_mor1kx/mor1kx_cpu/cappuccino.mor1kx_cpu/mor1kx_rf_cappuccino/rfa/mem_reg[31][23]
u_mor1kx/mor1kx_cpu/cappuccino.mor1kx_cpu/mor1kx_rf_cappuccino/rfa/mem_reg[31][24]
u_mor1kx/mor1kx_cpu/cappuccino.mor1kx_cpu/mor1kx_rf_cappuccino/rfa/mem_reg[31][25]
u_mor1kx/mor1kx_cpu/cappuccino.mor1kx_cpu/mor1kx_rf_cappuccino/rfa/mem_reg[31][26]
u_mor1kx/mor1kx_cpu/cappuccino.mor1kx_cpu/mor1kx_rf_cappuccino/rfa/mem_reg[31][27]
u_mor1kx/mor1kx_cpu/cappuccino.mor1kx_cpu/mor1kx_rf_cappuccino/rfa/mem_reg[31][28]
u_mor1kx/mor1kx_cpu/cappuccino.mor1kx_cpu/mor1kx_rf_cappuccino/rfa/mem_reg[31][29]
u_mor1kx/mor1kx_cpu/cappuccino.mor1kx_cpu/mor1kx_rf_cappuccino/rfa/mem_reg[31][30]
u_mor1kx/mor1kx_cpu/cappuccino.mor1kx_cpu/mor1kx_rf_cappuccino/rfa/mem_reg[31][31]
u_mor1kx/mor1kx_cpu/cappuccino.mor1kx_cpu/mor1kx_rf_cappuccino/rfa/mem_reg[4][28]
u_mor1kx/mor1kx_cpu/cappuccino.mor1kx_cpu/mor1kx_rf_cappuccino/rfa/mem_reg[4][29]
u_mor1kx/mor1kx_cpu/cappuccino.mor1kx_cpu/mor1kx_rf_cappuccino/rfa/mem_reg[4][30]
u_mor1kx/mor1kx_cpu/cappuccino.mor1kx_cpu/mor1kx_rf_cappuccino/rfa/mem_reg[4][31]
u_mor1kx/mor1kx_cpu/cappuccino.mor1kx_cpu/mor1kx_rf_cappuccino/rfa/mem_reg[5][28]
u_mor1kx/mor1kx_cpu/cappuccino.mor1kx_cpu/mor1kx_rf_cappuccino/rfa/mem_reg[5][29]
u_mor1kx/mor1kx_cpu/cappuccino.mor1kx_cpu/mor1kx_rf_cappuccino/rfa/mem_reg[5][30]
u_mor1kx/mor1kx_cpu/cappuccino.mor1kx_cpu/mor1kx_rf_cappuccino/rfa/mem_reg[5][31]
u_mor1kx/mor1kx_cpu/cappuccino.mor1kx_cpu/mor1kx_rf_cappuccino/rfa/mem_reg[12][28]
u_mor1kx/mor1kx_cpu/cappuccino.mor1kx_cpu/mor1kx_rf_cappuccino/rfa/mem_reg[12][29]
u_mor1kx/mor1kx_cpu/cappuccino.mor1kx_cpu/mor1kx_rf_cappuccino/rfa/mem_reg[12][30]
u_mor1kx/mor1kx_cpu/cappuccino.mor1kx_cpu/mor1kx_rf_cappuccino/rfa/mem_reg[12][31]
u_mor1kx/mor1kx_cpu/cappuccino.mor1kx_cpu/mor1kx_rf_cappuccino/rfa/mem_reg[13][28]
u_mor1kx/mor1kx_cpu/cappuccino.mor1kx_cpu/mor1kx_rf_cappuccino/rfa/mem_reg[13][29]
u_mor1kx/mor1kx_cpu/cappuccino.mor1kx_cpu/mor1kx_rf_cappuccino/rfa/mem_reg[13][30]
u_mor1kx/mor1kx_cpu/cappuccino.mor1kx_cpu/mor1kx_rf_cappuccino/rfa/mem_reg[13][31]
u_mor1kx/mor1kx_cpu/cappuccino.mor1kx_cpu/mor1kx_rf_cappuccino/rfa/mem_reg[20][28]
u_mor1kx/mor1kx_cpu/cappuccino.mor1kx_cpu/mor1kx_rf_cappuccino/rfa/mem_reg[20][29]
u_mor1kx/mor1kx_cpu/cappuccino.mor1kx_cpu/mor1kx_rf_cappuccino/rfa/mem_reg[20][30]
u_mor1kx/mor1kx_cpu/cappuccino.mor1kx_cpu/mor1kx_rf_cappuccino/rfa/mem_reg[20][31]
u_mor1kx/mor1kx_cpu/cappuccino.mor1kx_cpu/mor1kx_rf_cappuccino/rfa/mem_reg[21][28]
u_mor1kx/mor1kx_cpu/cappuccino.mor1kx_cpu/mor1kx_rf_cappuccino/rfa/mem_reg[21][29]
u_mor1kx/mor1kx_cpu/cappuccino.mor1kx_cpu/mor1kx_rf_cappuccino/rfa/mem_reg[21][30]
u_mor1kx/mor1kx_cpu/cappuccino.mor1kx_cpu/mor1kx_rf_cappuccino/rfa/mem_reg[21][31]
u_mor1kx/mor1kx_cpu/cappuccino.mor1kx_cpu/mor1kx_rf_cappuccino/rfa/mem_reg[28][28]
u_mor1kx/mor1kx_cpu/cappuccino.mor1kx_cpu/mor1kx_rf_cappuccino/rfa/mem_reg[28][29]
u_mor1kx/mor1kx_cpu/cappuccino.mor1kx_cpu/mor1kx_rf_cappuccino/rfa/mem_reg[28][30]
u_mor1kx/mor1kx_cpu/cappuccino.mor1kx_cpu/mor1kx_rf_cappuccino/rfa/mem_reg[28][31]
u_mor1kx/mor1kx_cpu/cappuccino.mor1kx_cpu/mor1kx_rf_cappuccino/rfa/mem_reg[29][28]
u_mor1kx/mor1kx_cpu/cappuccino.mor1kx_cpu/mor1kx_rf_cappuccino/rfa/mem_reg[29][29]
u_mor1kx/mor1kx_cpu/cappuccino.mor1kx_cpu/mor1kx_rf_cappuccino/rfa/mem_reg[29][30]
u_mor1kx/mor1kx_cpu/cappuccino.mor1kx_cpu/mor1kx_rf_cappuccino/rfa/mem_reg[29][31]
u_mor1kx/mor1kx_cpu/cappuccino.mor1kx_cpu/mor1kx_rf_cappuccino/rfa/mem_reg[0][1]
u_mor1kx/mor1kx_cpu/cappuccino.mor1kx_cpu/mor1kx_rf_cappuccino/rfa/mem_reg[0][2]
u_mor1kx/mor1kx_cpu/cappuccino.mor1kx_cpu/mor1kx_rf_cappuccino/rfa/mem_reg[0][3]
u_mor1kx/mor1kx_cpu/cappuccino.mor1kx_cpu/mor1kx_rf_cappuccino/rfa/mem_reg[0][4]
u_mor1kx/mor1kx_cpu/cappuccino.mor1kx_cpu/mor1kx_rf_cappuccino/rfa/mem_reg[0][5]
u_mor1kx/mor1kx_cpu/cappuccino.mor1kx_cpu/mor1kx_rf_cappuccino/rfa/mem_reg[0][6]
u_mor1kx/mor1kx_cpu/cappuccino.mor1kx_cpu/mor1kx_rf_cappuccino/rfa/mem_reg[0][7]
u_mor1kx/mor1kx_cpu/cappuccino.mor1kx_cpu/mor1kx_rf_cappuccino/rfa/mem_reg[0][8]
u_mor1kx/mor1kx_cpu/cappuccino.mor1kx_cpu/mor1kx_rf_cappuccino/rfa/mem_reg[24][7]
u_mor1kx/mor1kx_cpu/cappuccino.mor1kx_cpu/mor1kx_rf_cappuccino/rfa/mem_reg[24][8]
u_mor1kx/mor1kx_cpu/cappuccino.mor1kx_cpu/mor1kx_rf_cappuccino/rfa/mem_reg[24][9]
u_mor1kx/mor1kx_cpu/cappuccino.mor1kx_cpu/mor1kx_rf_cappuccino/rfa/mem_reg[24][10]
u_mor1kx/mor1kx_cpu/cappuccino.mor1kx_cpu/mor1kx_rf_cappuccino/rfa/mem_reg[24][11]
u_mor1kx/mor1kx_cpu/cappuccino.mor1kx_cpu/mor1kx_rf_cappuccino/rfa/mem_reg[24][12]
u_mor1kx/mor1kx_cpu/cappuccino.mor1kx_cpu/mor1kx_rf_cappuccino/rfa/mem_reg[24][13]
u_mor1kx/mor1kx_cpu/cappuccino.mor1kx_cpu/mor1kx_rf_cappuccino/rfa/mem_reg[24][14]
u_mor1kx/mor1kx_cpu/cappuccino.mor1kx_cpu/mor1kx_rf_cappuccino/rfa/mem_reg[24][15]
u_mor1kx/mor1kx_cpu/cappuccino.mor1kx_cpu/mor1kx_rf_cappuccino/rfa/mem_reg[24][16]
u_mor1kx/mor1kx_cpu/cappuccino.mor1kx_cpu/mor1kx_rf_cappuccino/rfa/mem_reg[24][17]
u_mor1kx/mor1kx_cpu/cappuccino.mor1kx_cpu/mor1kx_rf_cappuccino/rfa/mem_reg[24][18]
u_mor1kx/mor1kx_cpu/cappuccino.mor1kx_cpu/mor1kx_rf_cappuccino/rfa/mem_reg[24][19]
u_mor1kx/mor1kx_cpu/cappuccino.mor1kx_cpu/mor1kx_rf_cappuccino/rfa/mem_reg[24][20]
u_mor1kx/mor1kx_cpu/cappuccino.mor1kx_cpu/mor1kx_rf_cappuccino/rfa/mem_reg[24][21]
u_mor1kx/mor1kx_cpu/cappuccino.mor1kx_cpu/mor1kx_rf_cappuccino/rfa/mem_reg[24][22]
u_mor1kx/mor1kx_cpu/cappuccino.mor1kx_cpu/mor1kx_rf_cappuccino/rfa/mem_reg[6][0]
u_mor1kx/mor1kx_cpu/cappuccino.mor1kx_cpu/mor1kx_rf_cappuccino/rfa/mem_reg[7][0]
u_mor1kx/mor1kx_cpu/cappuccino.mor1kx_cpu/mor1kx_rf_cappuccino/rfa/mem_reg[14][0]
u_mor1kx/mor1kx_cpu/cappuccino.mor1kx_cpu/mor1kx_rf_cappuccino/rfa/mem_reg[15][0]
u_mor1kx/mor1kx_cpu/cappuccino.mor1kx_cpu/mor1kx_rf_cappuccino/rfa/mem_reg[22][0]
u_mor1kx/mor1kx_cpu/cappuccino.mor1kx_cpu/mor1kx_rf_cappuccino/rfa/mem_reg[23][0]
u_mor1kx/mor1kx_cpu/cappuccino.mor1kx_cpu/mor1kx_rf_cappuccino/rfa/mem_reg[30][0]
u_mor1kx/mor1kx_cpu/cappuccino.mor1kx_cpu/mor1kx_rf_cappuccino/rfa/mem_reg[31][0]
u_mor1kx/mor1kx_cpu/cappuccino.mor1kx_cpu/mor1kx_rf_cappuccino/rfa/mem_reg[0][23]
u_mor1kx/mor1kx_cpu/cappuccino.mor1kx_cpu/mor1kx_rf_cappuccino/rfa/mem_reg[0][24]
u_mor1kx/mor1kx_cpu/cappuccino.mor1kx_cpu/mor1kx_rf_cappuccino/rfa/mem_reg[0][25]
u_mor1kx/mor1kx_cpu/cappuccino.mor1kx_cpu/mor1kx_rf_cappuccino/rfa/mem_reg[0][26]
u_mor1kx/mor1kx_cpu/cappuccino.mor1kx_cpu/mor1kx_rf_cappuccino/rfa/mem_reg[0][27]
u_mor1kx/mor1kx_cpu/cappuccino.mor1kx_cpu/mor1kx_rf_cappuccino/rfa/mem_reg[0][28]
u_mor1kx/mor1kx_cpu/cappuccino.mor1kx_cpu/mor1kx_rf_cappuccino/rfa/mem_reg[0][29]
u_mor1kx/mor1kx_cpu/cappuccino.mor1kx_cpu/mor1kx_rf_cappuccino/rfa/mem_reg[0][30]
u_mor1kx/mor1kx_cpu/cappuccino.mor1kx_cpu/mor1kx_rf_cappuccino/rfa/mem_reg[0][31]
u_mor1kx/mor1kx_cpu/cappuccino.mor1kx_cpu/mor1kx_rf_cappuccino/rfa/mem_reg[8][23]
u_mor1kx/mor1kx_cpu/cappuccino.mor1kx_cpu/mor1kx_rf_cappuccino/rfa/mem_reg[8][24]
u_mor1kx/mor1kx_cpu/cappuccino.mor1kx_cpu/mor1kx_rf_cappuccino/rfa/mem_reg[8][25]
u_mor1kx/mor1kx_cpu/cappuccino.mor1kx_cpu/mor1kx_rf_cappuccino/rfa/mem_reg[8][26]
u_mor1kx/mor1kx_cpu/cappuccino.mor1kx_cpu/mor1kx_rf_cappuccino/rfa/mem_reg[8][27]
u_mor1kx/mor1kx_cpu/cappuccino.mor1kx_cpu/mor1kx_rf_cappuccino/rfa/mem_reg[8][28]
u_mor1kx/mor1kx_cpu/cappuccino.mor1kx_cpu/mor1kx_rf_cappuccino/rfa/mem_reg[8][29]
u_mor1kx/mor1kx_cpu/cappuccino.mor1kx_cpu/mor1kx_rf_cappuccino/rfa/mem_reg[8][30]
u_mor1kx/mor1kx_cpu/cappuccino.mor1kx_cpu/mor1kx_rf_cappuccino/rfa/mem_reg[8][31]
u_mor1kx/mor1kx_cpu/cappuccino.mor1kx_cpu/mor1kx_rf_cappuccino/rfa/mem_reg[16][23]
u_mor1kx/mor1kx_cpu/cappuccino.mor1kx_cpu/mor1kx_rf_cappuccino/rfa/mem_reg[16][24]
u_mor1kx/mor1kx_cpu/cappuccino.mor1kx_cpu/mor1kx_rf_cappuccino/rfa/mem_reg[16][25]
u_mor1kx/mor1kx_cpu/cappuccino.mor1kx_cpu/mor1kx_rf_cappuccino/rfa/mem_reg[16][26]
u_mor1kx/mor1kx_cpu/cappuccino.mor1kx_cpu/mor1kx_rf_cappuccino/rfa/mem_reg[16][27]
u_mor1kx/mor1kx_cpu/cappuccino.mor1kx_cpu/mor1kx_rf_cappuccino/rfa/mem_reg[16][28]
u_mor1kx/mor1kx_cpu/cappuccino.mor1kx_cpu/mor1kx_rf_cappuccino/rfa/mem_reg[16][29]
u_mor1kx/mor1kx_cpu/cappuccino.mor1kx_cpu/mor1kx_rf_cappuccino/rfa/mem_reg[16][30]
u_mor1kx/mor1kx_cpu/cappuccino.mor1kx_cpu/mor1kx_rf_cappuccino/rfa/mem_reg[16][31]
u_mor1kx/mor1kx_cpu/cappuccino.mor1kx_cpu/mor1kx_rf_cappuccino/rfa/mem_reg[24][23]
u_mor1kx/mor1kx_cpu/cappuccino.mor1kx_cpu/mor1kx_rf_cappuccino/rfa/mem_reg[24][24]
u_mor1kx/mor1kx_cpu/cappuccino.mor1kx_cpu/mor1kx_rf_cappuccino/rfa/mem_reg[24][25]
u_mor1kx/mor1kx_cpu/cappuccino.mor1kx_cpu/mor1kx_rf_cappuccino/rfa/mem_reg[24][26]
u_mor1kx/mor1kx_cpu/cappuccino.mor1kx_cpu/mor1kx_rf_cappuccino/rfa/mem_reg[24][27]
u_mor1kx/mor1kx_cpu/cappuccino.mor1kx_cpu/mor1kx_rf_cappuccino/rfa/mem_reg[24][28]
u_mor1kx/mor1kx_cpu/cappuccino.mor1kx_cpu/mor1kx_rf_cappuccino/rfa/mem_reg[24][29]
u_mor1kx/mor1kx_cpu/cappuccino.mor1kx_cpu/mor1kx_rf_cappuccino/rfa/mem_reg[24][30]
u_mor1kx/mor1kx_cpu/cappuccino.mor1kx_cpu/mor1kx_rf_cappuccino/rfa/mem_reg[24][31]
u_mor1kx/mor1kx_cpu/cappuccino.mor1kx_cpu/mor1kx_rf_cappuccino/rfa/mem_reg[0][0]
u_mor1kx/mor1kx_cpu/cappuccino.mor1kx_cpu/mor1kx_rf_cappuccino/rfa/mem_reg[8][0]
u_mor1kx/mor1kx_cpu/cappuccino.mor1kx_cpu/mor1kx_rf_cappuccino/rfa/mem_reg[16][0]
u_mor1kx/mor1kx_cpu/cappuccino.mor1kx_cpu/mor1kx_rf_cappuccino/rfa/mem_reg[24][0]
u_mor1kx/mor1kx_cpu/cappuccino.mor1kx_cpu/mor1kx_rf_cappuccino/rfa/rdata_reg[0]
u_mor1kx/mor1kx_cpu/cappuccino.mor1kx_cpu/mor1kx_rf_cappuccino/rfa/rdata_reg[1]
u_mor1kx/mor1kx_cpu/cappuccino.mor1kx_cpu/mor1kx_rf_cappuccino/rfa/rdata_reg[2]
u_mor1kx/mor1kx_cpu/cappuccino.mor1kx_cpu/mor1kx_rf_cappuccino/rfa/rdata_reg[3]
u_mor1kx/mor1kx_cpu/cappuccino.mor1kx_cpu/mor1kx_rf_cappuccino/rfa/mem_reg[0][9]
u_mor1kx/mor1kx_cpu/cappuccino.mor1kx_cpu/mor1kx_rf_cappuccino/rfa/mem_reg[0][10]
u_mor1kx/mor1kx_cpu/cappuccino.mor1kx_cpu/mor1kx_rf_cappuccino/rfa/mem_reg[0][11]
u_mor1kx/mor1kx_cpu/cappuccino.mor1kx_cpu/mor1kx_rf_cappuccino/rfa/mem_reg[0][12]
u_mor1kx/mor1kx_cpu/cappuccino.mor1kx_cpu/mor1kx_rf_cappuccino/rfa/mem_reg[0][13]
u_mor1kx/mor1kx_cpu/cappuccino.mor1kx_cpu/mor1kx_rf_cappuccino/rfa/mem_reg[0][14]
u_mor1kx/mor1kx_cpu/cappuccino.mor1kx_cpu/mor1kx_rf_cappuccino/rfa/mem_reg[0][15]
u_mor1kx/mor1kx_cpu/cappuccino.mor1kx_cpu/mor1kx_rf_cappuccino/rfa/mem_reg[0][16]
u_mor1kx/mor1kx_cpu/cappuccino.mor1kx_cpu/mor1kx_rf_cappuccino/rfa/mem_reg[0][17]
u_mor1kx/mor1kx_cpu/cappuccino.mor1kx_cpu/mor1kx_rf_cappuccino/rfa/mem_reg[0][18]
u_mor1kx/mor1kx_cpu/cappuccino.mor1kx_cpu/mor1kx_rf_cappuccino/rfa/mem_reg[0][19]
u_mor1kx/mor1kx_cpu/cappuccino.mor1kx_cpu/mor1kx_rf_cappuccino/rfa/mem_reg[0][20]
u_mor1kx/mor1kx_cpu/cappuccino.mor1kx_cpu/mor1kx_rf_cappuccino/rfa/mem_reg[0][21]
u_mor1kx/mor1kx_cpu/cappuccino.mor1kx_cpu/mor1kx_rf_cappuccino/rfa/mem_reg[0][22]
u_mor1kx/mor1kx_cpu/cappuccino.mor1kx_cpu/mor1kx_rf_cappuccino/rfa/mem_reg[1][1]
u_mor1kx/mor1kx_cpu/cappuccino.mor1kx_cpu/mor1kx_rf_cappuccino/rfa/mem_reg[1][2]
u_mor1kx/mor1kx_cpu/cappuccino.mor1kx_cpu/mor1kx_rf_cappuccino/rfa/mem_reg[1][3]
u_mor1kx/mor1kx_cpu/cappuccino.mor1kx_cpu/mor1kx_rf_cappuccino/rfa/mem_reg[1][4]
u_mor1kx/mor1kx_cpu/cappuccino.mor1kx_cpu/mor1kx_rf_cappuccino/rfa/mem_reg[1][5]
u_mor1kx/mor1kx_cpu/cappuccino.mor1kx_cpu/mor1kx_rf_cappuccino/rfa/mem_reg[1][6]
u_mor1kx/mor1kx_cpu/cappuccino.mor1kx_cpu/mor1kx_rf_cappuccino/rfa/mem_reg[1][7]
u_mor1kx/mor1kx_cpu/cappuccino.mor1kx_cpu/mor1kx_rf_cappuccino/rfa/mem_reg[1][8]
u_mor1kx/mor1kx_cpu/cappuccino.mor1kx_cpu/mor1kx_rf_cappuccino/rfa/mem_reg[1][9]
u_mor1kx/mor1kx_cpu/cappuccino.mor1kx_cpu/mor1kx_rf_cappuccino/rfa/mem_reg[1][10]
u_mor1kx/mor1kx_cpu/cappuccino.mor1kx_cpu/mor1kx_rf_cappuccino/rfa/mem_reg[1][11]
u_mor1kx/mor1kx_cpu/cappuccino.mor1kx_cpu/mor1kx_rf_cappuccino/rfa/mem_reg[1][12]
u_mor1kx/mor1kx_cpu/cappuccino.mor1kx_cpu/mor1kx_rf_cappuccino/rfa/mem_reg[1][13]
u_mor1kx/mor1kx_cpu/cappuccino.mor1kx_cpu/mor1kx_rf_cappuccino/rfa/mem_reg[1][14]
u_mor1kx/mor1kx_cpu/cappuccino.mor1kx_cpu/mor1kx_rf_cappuccino/rfa/mem_reg[1][15]
u_mor1kx/mor1kx_cpu/cappuccino.mor1kx_cpu/mor1kx_rf_cappuccino/rfa/mem_reg[1][16]
u_mor1kx/mor1kx_cpu/cappuccino.mor1kx_cpu/mor1kx_rf_cappuccino/rfa/mem_reg[1][17]
u_mor1kx/mor1kx_cpu/cappuccino.mor1kx_cpu/mor1kx_rf_cappuccino/rfa/mem_reg[1][18]
u_mor1kx/mor1kx_cpu/cappuccino.mor1kx_cpu/mor1kx_rf_cappuccino/rfa/mem_reg[1][19]
u_mor1kx/mor1kx_cpu/cappuccino.mor1kx_cpu/mor1kx_rf_cappuccino/rfa/mem_reg[1][20]
u_mor1kx/mor1kx_cpu/cappuccino.mor1kx_cpu/mor1kx_rf_cappuccino/rfa/mem_reg[1][21]
u_mor1kx/mor1kx_cpu/cappuccino.mor1kx_cpu/mor1kx_rf_cappuccino/rfa/mem_reg[1][22]
u_mor1kx/mor1kx_cpu/cappuccino.mor1kx_cpu/mor1kx_rf_cappuccino/rfa/mem_reg[1][23]
u_mor1kx/mor1kx_cpu/cappuccino.mor1kx_cpu/mor1kx_rf_cappuccino/rfa/mem_reg[1][24]
u_mor1kx/mor1kx_cpu/cappuccino.mor1kx_cpu/mor1kx_rf_cappuccino/rfa/mem_reg[1][25]
u_mor1kx/mor1kx_cpu/cappuccino.mor1kx_cpu/mor1kx_rf_cappuccino/rfa/mem_reg[1][26]
u_mor1kx/mor1kx_cpu/cappuccino.mor1kx_cpu/mor1kx_rf_cappuccino/rfa/mem_reg[1][27]
u_mor1kx/mor1kx_cpu/cappuccino.mor1kx_cpu/mor1kx_rf_cappuccino/rfa/mem_reg[1][28]
u_mor1kx/mor1kx_cpu/cappuccino.mor1kx_cpu/mor1kx_rf_cappuccino/rfa/mem_reg[1][29]
u_mor1kx/mor1kx_cpu/cappuccino.mor1kx_cpu/mor1kx_rf_cappuccino/rfa/mem_reg[1][30]
u_mor1kx/mor1kx_cpu/cappuccino.mor1kx_cpu/mor1kx_rf_cappuccino/rfa/mem_reg[1][31]
u_mor1kx/mor1kx_cpu/cappuccino.mor1kx_cpu/mor1kx_rf_cappuccino/rfa/mem_reg[2][0]
u_mor1kx/mor1kx_cpu/cappuccino.mor1kx_cpu/mor1kx_rf_cappuccino/rfa/mem_reg[2][1]
u_mor1kx/mor1kx_cpu/cappuccino.mor1kx_cpu/mor1kx_rf_cappuccino/rfa/mem_reg[2][2]
u_mor1kx/mor1kx_cpu/cappuccino.mor1kx_cpu/mor1kx_rf_cappuccino/rfa/mem_reg[2][3]
u_mor1kx/mor1kx_cpu/cappuccino.mor1kx_cpu/mor1kx_rf_cappuccino/rfa/mem_reg[2][4]
u_mor1kx/mor1kx_cpu/cappuccino.mor1kx_cpu/mor1kx_rf_cappuccino/rfa/mem_reg[2][5]
u_mor1kx/mor1kx_cpu/cappuccino.mor1kx_cpu/mor1kx_rf_cappuccino/rfa/mem_reg[2][6]
u_mor1kx/mor1kx_cpu/cappuccino.mor1kx_cpu/mor1kx_rf_cappuccino/rfa/mem_reg[2][7]
u_mor1kx/mor1kx_cpu/cappuccino.mor1kx_cpu/mor1kx_rf_cappuccino/rfa/mem_reg[2][8]
u_mor1kx/mor1kx_cpu/cappuccino.mor1kx_cpu/mor1kx_rf_cappuccino/rfa/mem_reg[2][9]
u_mor1kx/mor1kx_cpu/cappuccino.mor1kx_cpu/mor1kx_rf_cappuccino/rfa/mem_reg[2][10]
u_mor1kx/mor1kx_cpu/cappuccino.mor1kx_cpu/mor1kx_rf_cappuccino/rfa/mem_reg[2][11]
u_mor1kx/mor1kx_cpu/cappuccino.mor1kx_cpu/mor1kx_rf_cappuccino/rfa/mem_reg[2][12]
u_mor1kx/mor1kx_cpu/cappuccino.mor1kx_cpu/mor1kx_rf_cappuccino/rfa/mem_reg[2][13]
u_mor1kx/mor1kx_cpu/cappuccino.mor1kx_cpu/mor1kx_rf_cappuccino/rfa/mem_reg[2][14]
u_mor1kx/mor1kx_cpu/cappuccino.mor1kx_cpu/mor1kx_rf_cappuccino/rfa/mem_reg[2][15]
u_mor1kx/mor1kx_cpu/cappuccino.mor1kx_cpu/mor1kx_rf_cappuccino/rfa/mem_reg[2][16]
u_mor1kx/mor1kx_cpu/cappuccino.mor1kx_cpu/mor1kx_rf_cappuccino/rfa/mem_reg[2][17]
u_mor1kx/mor1kx_cpu/cappuccino.mor1kx_cpu/mor1kx_rf_cappuccino/rfa/mem_reg[2][18]
u_mor1kx/mor1kx_cpu/cappuccino.mor1kx_cpu/mor1kx_rf_cappuccino/rfa/mem_reg[2][19]
u_mor1kx/mor1kx_cpu/cappuccino.mor1kx_cpu/mor1kx_rf_cappuccino/rfa/mem_reg[2][20]
u_mor1kx/mor1kx_cpu/cappuccino.mor1kx_cpu/mor1kx_rf_cappuccino/rfa/mem_reg[2][21]
u_mor1kx/mor1kx_cpu/cappuccino.mor1kx_cpu/mor1kx_rf_cappuccino/rfa/mem_reg[2][22]
u_mor1kx/mor1kx_cpu/cappuccino.mor1kx_cpu/mor1kx_rf_cappuccino/rfa/mem_reg[2][23]
u_mor1kx/mor1kx_cpu/cappuccino.mor1kx_cpu/mor1kx_rf_cappuccino/rfa/mem_reg[2][24]
u_mor1kx/mor1kx_cpu/cappuccino.mor1kx_cpu/mor1kx_rf_cappuccino/rfa/mem_reg[2][25]
u_mor1kx/mor1kx_cpu/cappuccino.mor1kx_cpu/mor1kx_rf_cappuccino/rfa/mem_reg[2][26]
u_mor1kx/mor1kx_cpu/cappuccino.mor1kx_cpu/mor1kx_rf_cappuccino/rfa/mem_reg[2][27]
u_mor1kx/mor1kx_cpu/cappuccino.mor1kx_cpu/mor1kx_rf_cappuccino/rfa/mem_reg[2][28]
u_mor1kx/mor1kx_cpu/cappuccino.mor1kx_cpu/mor1kx_rf_cappuccino/rfa/mem_reg[2][29]
u_mor1kx/mor1kx_cpu/cappuccino.mor1kx_cpu/mor1kx_rf_cappuccino/rfa/mem_reg[2][30]
u_mor1kx/mor1kx_cpu/cappuccino.mor1kx_cpu/mor1kx_rf_cappuccino/rfa/mem_reg[2][31]
u_mor1kx/mor1kx_cpu/cappuccino.mor1kx_cpu/mor1kx_rf_cappuccino/rfa/mem_reg[3][0]
u_mor1kx/mor1kx_cpu/cappuccino.mor1kx_cpu/mor1kx_rf_cappuccino/rfa/mem_reg[3][1]
u_mor1kx/mor1kx_cpu/cappuccino.mor1kx_cpu/mor1kx_rf_cappuccino/rfa/mem_reg[3][2]
u_mor1kx/mor1kx_cpu/cappuccino.mor1kx_cpu/mor1kx_rf_cappuccino/rfa/mem_reg[3][3]
u_mor1kx/mor1kx_cpu/cappuccino.mor1kx_cpu/mor1kx_rf_cappuccino/rfa/mem_reg[3][4]
u_mor1kx/mor1kx_cpu/cappuccino.mor1kx_cpu/mor1kx_rf_cappuccino/rfa/mem_reg[3][5]
u_mor1kx/mor1kx_cpu/cappuccino.mor1kx_cpu/mor1kx_rf_cappuccino/rfa/mem_reg[3][6]
u_mor1kx/mor1kx_cpu/cappuccino.mor1kx_cpu/mor1kx_rf_cappuccino/rfa/mem_reg[3][7]
u_mor1kx/mor1kx_cpu/cappuccino.mor1kx_cpu/mor1kx_rf_cappuccino/rfa/mem_reg[3][8]
u_mor1kx/mor1kx_cpu/cappuccino.mor1kx_cpu/mor1kx_rf_cappuccino/rfa/mem_reg[3][9]
u_mor1kx/mor1kx_cpu/cappuccino.mor1kx_cpu/mor1kx_rf_cappuccino/rfa/mem_reg[3][10]
u_mor1kx/mor1kx_cpu/cappuccino.mor1kx_cpu/mor1kx_rf_cappuccino/rfa/mem_reg[3][11]
u_mor1kx/mor1kx_cpu/cappuccino.mor1kx_cpu/mor1kx_rf_cappuccino/rfa/mem_reg[3][12]
u_mor1kx/mor1kx_cpu/cappuccino.mor1kx_cpu/mor1kx_rf_cappuccino/rfa/mem_reg[3][13]
u_mor1kx/mor1kx_cpu/cappuccino.mor1kx_cpu/mor1kx_rf_cappuccino/rfa/mem_reg[3][14]
u_mor1kx/mor1kx_cpu/cappuccino.mor1kx_cpu/mor1kx_rf_cappuccino/rfa/mem_reg[3][15]
u_mor1kx/mor1kx_cpu/cappuccino.mor1kx_cpu/mor1kx_rf_cappuccino/rfa/mem_reg[3][16]
u_mor1kx/mor1kx_cpu/cappuccino.mor1kx_cpu/mor1kx_rf_cappuccino/rfa/mem_reg[3][17]
u_mor1kx/mor1kx_cpu/cappuccino.mor1kx_cpu/mor1kx_rf_cappuccino/rfa/mem_reg[3][18]
u_mor1kx/mor1kx_cpu/cappuccino.mor1kx_cpu/mor1kx_rf_cappuccino/rfa/mem_reg[3][19]
u_mor1kx/mor1kx_cpu/cappuccino.mor1kx_cpu/mor1kx_rf_cappuccino/rfa/mem_reg[3][20]
u_mor1kx/mor1kx_cpu/cappuccino.mor1kx_cpu/mor1kx_rf_cappuccino/rfa/mem_reg[3][21]
u_mor1kx/mor1kx_cpu/cappuccino.mor1kx_cpu/mor1kx_rf_cappuccino/rfa/mem_reg[3][22]
u_mor1kx/mor1kx_cpu/cappuccino.mor1kx_cpu/mor1kx_rf_cappuccino/rfa/mem_reg[3][23]
u_mor1kx/mor1kx_cpu/cappuccino.mor1kx_cpu/mor1kx_rf_cappuccino/rfa/mem_reg[3][24]
u_mor1kx/mor1kx_cpu/cappuccino.mor1kx_cpu/mor1kx_rf_cappuccino/rfa/mem_reg[3][25]
u_mor1kx/mor1kx_cpu/cappuccino.mor1kx_cpu/mor1kx_rf_cappuccino/rfa/mem_reg[3][26]
u_mor1kx/mor1kx_cpu/cappuccino.mor1kx_cpu/mor1kx_rf_cappuccino/rfa/mem_reg[3][27]
u_mor1kx/mor1kx_cpu/cappuccino.mor1kx_cpu/mor1kx_rf_cappuccino/rfa/mem_reg[3][28]
u_mor1kx/mor1kx_cpu/cappuccino.mor1kx_cpu/mor1kx_rf_cappuccino/rfa/mem_reg[3][29]
u_mor1kx/mor1kx_cpu/cappuccino.mor1kx_cpu/mor1kx_rf_cappuccino/rfa/mem_reg[3][30]
u_mor1kx/mor1kx_cpu/cappuccino.mor1kx_cpu/mor1kx_rf_cappuccino/rfa/mem_reg[3][31]
u_mor1kx/mor1kx_cpu/cappuccino.mor1kx_cpu/mor1kx_rf_cappuccino/rfa/mem_reg[4][0]
u_mor1kx/mor1kx_cpu/cappuccino.mor1kx_cpu/mor1kx_rf_cappuccino/rfa/mem_reg[4][1]
u_mor1kx/mor1kx_cpu/cappuccino.mor1kx_cpu/mor1kx_rf_cappuccino/rfa/mem_reg[4][2]
u_mor1kx/mor1kx_cpu/cappuccino.mor1kx_cpu/mor1kx_rf_cappuccino/rfa/mem_reg[4][3]
u_mor1kx/mor1kx_cpu/cappuccino.mor1kx_cpu/mor1kx_rf_cappuccino/rfa/mem_reg[4][4]
u_mor1kx/mor1kx_cpu/cappuccino.mor1kx_cpu/mor1kx_rf_cappuccino/rfa/mem_reg[4][5]
u_mor1kx/mor1kx_cpu/cappuccino.mor1kx_cpu/mor1kx_rf_cappuccino/rfa/mem_reg[4][6]
u_mor1kx/mor1kx_cpu/cappuccino.mor1kx_cpu/mor1kx_rf_cappuccino/rfa/mem_reg[4][7]
u_mor1kx/mor1kx_cpu/cappuccino.mor1kx_cpu/mor1kx_rf_cappuccino/rfa/mem_reg[4][8]
u_mor1kx/mor1kx_cpu/cappuccino.mor1kx_cpu/mor1kx_rf_cappuccino/rfa/mem_reg[4][9]
u_mor1kx/mor1kx_cpu/cappuccino.mor1kx_cpu/mor1kx_rf_cappuccino/rfa/mem_reg[4][10]
u_mor1kx/mor1kx_cpu/cappuccino.mor1kx_cpu/mor1kx_rf_cappuccino/rfa/mem_reg[4][11]
u_mor1kx/mor1kx_cpu/cappuccino.mor1kx_cpu/mor1kx_rf_cappuccino/rfa/mem_reg[4][12]
u_mor1kx/mor1kx_cpu/cappuccino.mor1kx_cpu/mor1kx_rf_cappuccino/rfa/mem_reg[4][13]
u_mor1kx/mor1kx_cpu/cappuccino.mor1kx_cpu/mor1kx_rf_cappuccino/rfa/mem_reg[4][14]
u_mor1kx/mor1kx_cpu/cappuccino.mor1kx_cpu/mor1kx_rf_cappuccino/rfa/mem_reg[4][15]
u_mor1kx/mor1kx_cpu/cappuccino.mor1kx_cpu/mor1kx_rf_cappuccino/rfa/mem_reg[4][16]
u_mor1kx/mor1kx_cpu/cappuccino.mor1kx_cpu/mor1kx_rf_cappuccino/rfa/mem_reg[4][17]
u_mor1kx/mor1kx_cpu/cappuccino.mor1kx_cpu/mor1kx_rf_cappuccino/rfa/mem_reg[4][18]
u_mor1kx/mor1kx_cpu/cappuccino.mor1kx_cpu/mor1kx_rf_cappuccino/rfa/mem_reg[4][19]
u_mor1kx/mor1kx_cpu/cappuccino.mor1kx_cpu/mor1kx_rf_cappuccino/rfa/mem_reg[4][20]
u_mor1kx/mor1kx_cpu/cappuccino.mor1kx_cpu/mor1kx_rf_cappuccino/rfa/mem_reg[4][21]
u_mor1kx/mor1kx_cpu/cappuccino.mor1kx_cpu/mor1kx_rf_cappuccino/rfa/mem_reg[4][22]
u_mor1kx/mor1kx_cpu/cappuccino.mor1kx_cpu/mor1kx_rf_cappuccino/rfa/mem_reg[4][23]
u_mor1kx/mor1kx_cpu/cappuccino.mor1kx_cpu/mor1kx_rf_cappuccino/rfa/mem_reg[4][24]
u_mor1kx/mor1kx_cpu/cappuccino.mor1kx_cpu/mor1kx_rf_cappuccino/rfa/mem_reg[4][25]
u_mor1kx/mor1kx_cpu/cappuccino.mor1kx_cpu/mor1kx_rf_cappuccino/rfa/mem_reg[4][26]
u_mor1kx/mor1kx_cpu/cappuccino.mor1kx_cpu/mor1kx_rf_cappuccino/rfa/mem_reg[4][27]
u_mor1kx/mor1kx_cpu/cappuccino.mor1kx_cpu/mor1kx_rf_cappuccino/rfa/mem_reg[5][0]
u_mor1kx/mor1kx_cpu/cappuccino.mor1kx_cpu/mor1kx_rf_cappuccino/rfa/mem_reg[5][1]
u_mor1kx/mor1kx_cpu/cappuccino.mor1kx_cpu/mor1kx_rf_cappuccino/rfa/mem_reg[5][2]
u_mor1kx/mor1kx_cpu/cappuccino.mor1kx_cpu/mor1kx_rf_cappuccino/rfa/mem_reg[5][3]
u_mor1kx/mor1kx_cpu/cappuccino.mor1kx_cpu/mor1kx_rf_cappuccino/rfa/mem_reg[5][4]
u_mor1kx/mor1kx_cpu/cappuccino.mor1kx_cpu/mor1kx_rf_cappuccino/rfa/mem_reg[5][5]
u_mor1kx/mor1kx_cpu/cappuccino.mor1kx_cpu/mor1kx_rf_cappuccino/rfa/mem_reg[5][6]
u_mor1kx/mor1kx_cpu/cappuccino.mor1kx_cpu/mor1kx_rf_cappuccino/rfa/mem_reg[5][7]
u_mor1kx/mor1kx_cpu/cappuccino.mor1kx_cpu/mor1kx_rf_cappuccino/rfa/mem_reg[5][8]
u_mor1kx/mor1kx_cpu/cappuccino.mor1kx_cpu/mor1kx_rf_cappuccino/rfa/mem_reg[5][9]
u_mor1kx/mor1kx_cpu/cappuccino.mor1kx_cpu/mor1kx_rf_cappuccino/rfa/mem_reg[5][10]
u_mor1kx/mor1kx_cpu/cappuccino.mor1kx_cpu/mor1kx_rf_cappuccino/rfa/mem_reg[5][11]
u_mor1kx/mor1kx_cpu/cappuccino.mor1kx_cpu/mor1kx_rf_cappuccino/rfa/mem_reg[5][12]
u_mor1kx/mor1kx_cpu/cappuccino.mor1kx_cpu/mor1kx_rf_cappuccino/rfa/mem_reg[5][13]
u_mor1kx/mor1kx_cpu/cappuccino.mor1kx_cpu/mor1kx_rf_cappuccino/rfa/mem_reg[5][14]
u_mor1kx/mor1kx_cpu/cappuccino.mor1kx_cpu/mor1kx_rf_cappuccino/rfa/mem_reg[5][15]
u_mor1kx/mor1kx_cpu/cappuccino.mor1kx_cpu/mor1kx_rf_cappuccino/rfa/mem_reg[5][16]
u_mor1kx/mor1kx_cpu/cappuccino.mor1kx_cpu/mor1kx_rf_cappuccino/rfa/mem_reg[5][17]
u_mor1kx/mor1kx_cpu/cappuccino.mor1kx_cpu/mor1kx_rf_cappuccino/rfa/mem_reg[5][18]
u_mor1kx/mor1kx_cpu/cappuccino.mor1kx_cpu/mor1kx_rf_cappuccino/rfa/mem_reg[5][19]
u_mor1kx/mor1kx_cpu/cappuccino.mor1kx_cpu/mor1kx_rf_cappuccino/rfa/mem_reg[5][20]
u_mor1kx/mor1kx_cpu/cappuccino.mor1kx_cpu/mor1kx_rf_cappuccino/rfa/mem_reg[5][21]
u_mor1kx/mor1kx_cpu/cappuccino.mor1kx_cpu/mor1kx_rf_cappuccino/rfa/mem_reg[5][22]
u_mor1kx/mor1kx_cpu/cappuccino.mor1kx_cpu/mor1kx_rf_cappuccino/rfa/mem_reg[5][23]
u_mor1kx/mor1kx_cpu/cappuccino.mor1kx_cpu/mor1kx_rf_cappuccino/rfa/mem_reg[5][24]
u_mor1kx/mor1kx_cpu/cappuccino.mor1kx_cpu/mor1kx_rf_cappuccino/rfa/mem_reg[5][25]
u_mor1kx/mor1kx_cpu/cappuccino.mor1kx_cpu/mor1kx_rf_cappuccino/rfa/mem_reg[5][26]
u_mor1kx/mor1kx_cpu/cappuccino.mor1kx_cpu/mor1kx_rf_cappuccino/rfa/mem_reg[5][27]
u_mor1kx/mor1kx_cpu/cappuccino.mor1kx_cpu/mor1kx_rf_cappuccino/rfa/mem_reg[6][1]
u_mor1kx/mor1kx_cpu/cappuccino.mor1kx_cpu/mor1kx_rf_cappuccino/rfa/mem_reg[6][2]
u_mor1kx/mor1kx_cpu/cappuccino.mor1kx_cpu/mor1kx_rf_cappuccino/rfa/mem_reg[6][3]
u_mor1kx/mor1kx_cpu/cappuccino.mor1kx_cpu/mor1kx_rf_cappuccino/rfa/mem_reg[6][4]
u_mor1kx/mor1kx_cpu/cappuccino.mor1kx_cpu/mor1kx_rf_cappuccino/rfa/mem_reg[6][5]
u_mor1kx/mor1kx_cpu/cappuccino.mor1kx_cpu/mor1kx_rf_cappuccino/rfa/mem_reg[6][6]
u_mor1kx/mor1kx_cpu/cappuccino.mor1kx_cpu/mor1kx_rf_cappuccino/rfa/mem_reg[6][7]
u_mor1kx/mor1kx_cpu/cappuccino.mor1kx_cpu/mor1kx_rf_cappuccino/rfa/mem_reg[6][8]
u_mor1kx/mor1kx_cpu/cappuccino.mor1kx_cpu/mor1kx_rf_cappuccino/rfa/mem_reg[6][9]
u_mor1kx/mor1kx_cpu/cappuccino.mor1kx_cpu/mor1kx_rf_cappuccino/rfa/mem_reg[6][10]
u_mor1kx/mor1kx_cpu/cappuccino.mor1kx_cpu/mor1kx_rf_cappuccino/rfa/mem_reg[6][11]
u_mor1kx/mor1kx_cpu/cappuccino.mor1kx_cpu/mor1kx_rf_cappuccino/rfa/mem_reg[6][12]
u_mor1kx/mor1kx_cpu/cappuccino.mor1kx_cpu/mor1kx_rf_cappuccino/rfa/mem_reg[6][13]
u_mor1kx/mor1kx_cpu/cappuccino.mor1kx_cpu/mor1kx_rf_cappuccino/rfa/mem_reg[6][14]
u_mor1kx/mor1kx_cpu/cappuccino.mor1kx_cpu/mor1kx_rf_cappuccino/rfa/mem_reg[6][15]
u_mor1kx/mor1kx_cpu/cappuccino.mor1kx_cpu/mor1kx_rf_cappuccino/rfa/mem_reg[6][16]
u_mor1kx/mor1kx_cpu/cappuccino.mor1kx_cpu/mor1kx_rf_cappuccino/rfa/mem_reg[6][17]
u_mor1kx/mor1kx_cpu/cappuccino.mor1kx_cpu/mor1kx_rf_cappuccino/rfa/mem_reg[6][18]
u_mor1kx/mor1kx_cpu/cappuccino.mor1kx_cpu/mor1kx_rf_cappuccino/rfa/mem_reg[6][19]
u_mor1kx/mor1kx_cpu/cappuccino.mor1kx_cpu/mor1kx_rf_cappuccino/rfa/mem_reg[6][20]
u_mor1kx/mor1kx_cpu/cappuccino.mor1kx_cpu/mor1kx_rf_cappuccino/rfa/mem_reg[6][21]
u_mor1kx/mor1kx_cpu/cappuccino.mor1kx_cpu/mor1kx_rf_cappuccino/rfa/mem_reg[6][22]
u_mor1kx/mor1kx_cpu/cappuccino.mor1kx_cpu/mor1kx_rf_cappuccino/rfa/mem_reg[7][1]
u_mor1kx/mor1kx_cpu/cappuccino.mor1kx_cpu/mor1kx_rf_cappuccino/rfa/mem_reg[7][2]
u_mor1kx/mor1kx_cpu/cappuccino.mor1kx_cpu/mor1kx_rf_cappuccino/rfa/mem_reg[7][3]
u_mor1kx/mor1kx_cpu/cappuccino.mor1kx_cpu/mor1kx_rf_cappuccino/rfa/mem_reg[7][4]
u_mor1kx/mor1kx_cpu/cappuccino.mor1kx_cpu/mor1kx_rf_cappuccino/rfa/mem_reg[7][5]
u_mor1kx/mor1kx_cpu/cappuccino.mor1kx_cpu/mor1kx_rf_cappuccino/rfa/mem_reg[7][6]
u_mor1kx/mor1kx_cpu/cappuccino.mor1kx_cpu/mor1kx_rf_cappuccino/rfa/mem_reg[7][7]
u_mor1kx/mor1kx_cpu/cappuccino.mor1kx_cpu/mor1kx_rf_cappuccino/rfa/mem_reg[7][8]
u_mor1kx/mor1kx_cpu/cappuccino.mor1kx_cpu/mor1kx_rf_cappuccino/rfa/mem_reg[7][9]
u_mor1kx/mor1kx_cpu/cappuccino.mor1kx_cpu/mor1kx_rf_cappuccino/rfa/mem_reg[7][10]
u_mor1kx/mor1kx_cpu/cappuccino.mor1kx_cpu/mor1kx_rf_cappuccino/rfa/mem_reg[7][11]
u_mor1kx/mor1kx_cpu/cappuccino.mor1kx_cpu/mor1kx_rf_cappuccino/rfa/mem_reg[7][12]
u_mor1kx/mor1kx_cpu/cappuccino.mor1kx_cpu/mor1kx_rf_cappuccino/rfa/mem_reg[7][13]
u_mor1kx/mor1kx_cpu/cappuccino.mor1kx_cpu/mor1kx_rf_cappuccino/rfa/mem_reg[7][14]
u_mor1kx/mor1kx_cpu/cappuccino.mor1kx_cpu/mor1kx_rf_cappuccino/rfa/mem_reg[7][15]
u_mor1kx/mor1kx_cpu/cappuccino.mor1kx_cpu/mor1kx_rf_cappuccino/rfa/mem_reg[7][16]
u_mor1kx/mor1kx_cpu/cappuccino.mor1kx_cpu/mor1kx_rf_cappuccino/rfa/mem_reg[7][17]
u_mor1kx/mor1kx_cpu/cappuccino.mor1kx_cpu/mor1kx_rf_cappuccino/rfa/mem_reg[7][18]
u_mor1kx/mor1kx_cpu/cappuccino.mor1kx_cpu/mor1kx_rf_cappuccino/rfa/mem_reg[7][19]
u_mor1kx/mor1kx_cpu/cappuccino.mor1kx_cpu/mor1kx_rf_cappuccino/rfa/mem_reg[7][20]
u_mor1kx/mor1kx_cpu/cappuccino.mor1kx_cpu/mor1kx_rf_cappuccino/rfa/mem_reg[7][21]
u_mor1kx/mor1kx_cpu/cappuccino.mor1kx_cpu/mor1kx_rf_cappuccino/rfa/mem_reg[7][22]
u_mor1kx/mor1kx_cpu/cappuccino.mor1kx_cpu/mor1kx_rf_cappuccino/rfa/mem_reg[8][1]
u_mor1kx/mor1kx_cpu/cappuccino.mor1kx_cpu/mor1kx_rf_cappuccino/rfa/mem_reg[8][2]
u_mor1kx/mor1kx_cpu/cappuccino.mor1kx_cpu/mor1kx_rf_cappuccino/rfa/mem_reg[8][3]
u_mor1kx/mor1kx_cpu/cappuccino.mor1kx_cpu/mor1kx_rf_cappuccino/rfa/mem_reg[8][4]
u_mor1kx/mor1kx_cpu/cappuccino.mor1kx_cpu/mor1kx_rf_cappuccino/rfa/mem_reg[8][5]
u_mor1kx/mor1kx_cpu/cappuccino.mor1kx_cpu/mor1kx_rf_cappuccino/rfa/mem_reg[8][6]
u_mor1kx/mor1kx_cpu/cappuccino.mor1kx_cpu/mor1kx_rf_cappuccino/rfa/mem_reg[8][7]
u_mor1kx/mor1kx_cpu/cappuccino.mor1kx_cpu/mor1kx_rf_cappuccino/rfa/mem_reg[8][8]
u_mor1kx/mor1kx_cpu/cappuccino.mor1kx_cpu/mor1kx_rf_cappuccino/rfa/mem_reg[8][9]
u_mor1kx/mor1kx_cpu/cappuccino.mor1kx_cpu/mor1kx_rf_cappuccino/rfa/mem_reg[8][10]
u_mor1kx/mor1kx_cpu/cappuccino.mor1kx_cpu/mor1kx_rf_cappuccino/rfa/mem_reg[8][11]
u_mor1kx/mor1kx_cpu/cappuccino.mor1kx_cpu/mor1kx_rf_cappuccino/rfa/mem_reg[8][12]
u_mor1kx/mor1kx_cpu/cappuccino.mor1kx_cpu/mor1kx_rf_cappuccino/rfa/mem_reg[8][13]
u_mor1kx/mor1kx_cpu/cappuccino.mor1kx_cpu/mor1kx_rf_cappuccino/rfa/mem_reg[8][14]
u_mor1kx/mor1kx_cpu/cappuccino.mor1kx_cpu/mor1kx_rf_cappuccino/rfa/mem_reg[8][15]
u_mor1kx/mor1kx_cpu/cappuccino.mor1kx_cpu/mor1kx_rf_cappuccino/rfa/mem_reg[8][16]
u_mor1kx/mor1kx_cpu/cappuccino.mor1kx_cpu/mor1kx_rf_cappuccino/rfa/mem_reg[8][17]
u_mor1kx/mor1kx_cpu/cappuccino.mor1kx_cpu/mor1kx_rf_cappuccino/rfa/mem_reg[8][18]
u_mor1kx/mor1kx_cpu/cappuccino.mor1kx_cpu/mor1kx_rf_cappuccino/rfa/mem_reg[8][19]
u_mor1kx/mor1kx_cpu/cappuccino.mor1kx_cpu/mor1kx_rf_cappuccino/rfa/mem_reg[8][20]
u_mor1kx/mor1kx_cpu/cappuccino.mor1kx_cpu/mor1kx_rf_cappuccino/rfa/mem_reg[8][21]
u_mor1kx/mor1kx_cpu/cappuccino.mor1kx_cpu/mor1kx_rf_cappuccino/rfa/mem_reg[8][22]
u_mor1kx/mor1kx_cpu/cappuccino.mor1kx_cpu/mor1kx_rf_cappuccino/rfa/mem_reg[9][0]
u_mor1kx/mor1kx_cpu/cappuccino.mor1kx_cpu/mor1kx_rf_cappuccino/rfa/mem_reg[9][1]
u_mor1kx/mor1kx_cpu/cappuccino.mor1kx_cpu/mor1kx_rf_cappuccino/rfa/mem_reg[9][2]
u_mor1kx/mor1kx_cpu/cappuccino.mor1kx_cpu/mor1kx_rf_cappuccino/rfa/mem_reg[9][3]
u_mor1kx/mor1kx_cpu/cappuccino.mor1kx_cpu/mor1kx_rf_cappuccino/rfa/mem_reg[9][4]
u_mor1kx/mor1kx_cpu/cappuccino.mor1kx_cpu/mor1kx_rf_cappuccino/rfa/mem_reg[9][5]
u_mor1kx/mor1kx_cpu/cappuccino.mor1kx_cpu/mor1kx_rf_cappuccino/rfa/mem_reg[9][6]
u_mor1kx/mor1kx_cpu/cappuccino.mor1kx_cpu/mor1kx_rf_cappuccino/rfa/mem_reg[9][7]
u_mor1kx/mor1kx_cpu/cappuccino.mor1kx_cpu/mor1kx_rf_cappuccino/rfa/mem_reg[9][8]
u_mor1kx/mor1kx_cpu/cappuccino.mor1kx_cpu/mor1kx_rf_cappuccino/rfa/mem_reg[9][9]
u_mor1kx/mor1kx_cpu/cappuccino.mor1kx_cpu/mor1kx_rf_cappuccino/rfa/mem_reg[9][10]
u_mor1kx/mor1kx_cpu/cappuccino.mor1kx_cpu/mor1kx_rf_cappuccino/rfa/mem_reg[9][11]
u_mor1kx/mor1kx_cpu/cappuccino.mor1kx_cpu/mor1kx_rf_cappuccino/rfa/mem_reg[9][12]
u_mor1kx/mor1kx_cpu/cappuccino.mor1kx_cpu/mor1kx_rf_cappuccino/rfa/mem_reg[9][13]
u_mor1kx/mor1kx_cpu/cappuccino.mor1kx_cpu/mor1kx_rf_cappuccino/rfa/mem_reg[9][14]
u_mor1kx/mor1kx_cpu/cappuccino.mor1kx_cpu/mor1kx_rf_cappuccino/rfa/mem_reg[9][15]
u_mor1kx/mor1kx_cpu/cappuccino.mor1kx_cpu/mor1kx_rf_cappuccino/rfa/mem_reg[9][16]
u_mor1kx/mor1kx_cpu/cappuccino.mor1kx_cpu/mor1kx_rf_cappuccino/rfa/mem_reg[9][17]
u_mor1kx/mor1kx_cpu/cappuccino.mor1kx_cpu/mor1kx_rf_cappuccino/rfa/mem_reg[9][18]
u_mor1kx/mor1kx_cpu/cappuccino.mor1kx_cpu/mor1kx_rf_cappuccino/rfa/mem_reg[9][19]
u_mor1kx/mor1kx_cpu/cappuccino.mor1kx_cpu/mor1kx_rf_cappuccino/rfa/mem_reg[9][20]
u_mor1kx/mor1kx_cpu/cappuccino.mor1kx_cpu/mor1kx_rf_cappuccino/rfa/mem_reg[9][21]
u_mor1kx/mor1kx_cpu/cappuccino.mor1kx_cpu/mor1kx_rf_cappuccino/rfa/mem_reg[9][22]
u_mor1kx/mor1kx_cpu/cappuccino.mor1kx_cpu/mor1kx_rf_cappuccino/rfa/mem_reg[9][23]
u_mor1kx/mor1kx_cpu/cappuccino.mor1kx_cpu/mor1kx_rf_cappuccino/rfa/mem_reg[9][24]
u_mor1kx/mor1kx_cpu/cappuccino.mor1kx_cpu/mor1kx_rf_cappuccino/rfa/mem_reg[9][25]
u_mor1kx/mor1kx_cpu/cappuccino.mor1kx_cpu/mor1kx_rf_cappuccino/rfa/mem_reg[9][26]
u_mor1kx/mor1kx_cpu/cappuccino.mor1kx_cpu/mor1kx_rf_cappuccino/rfa/mem_reg[9][27]
u_mor1kx/mor1kx_cpu/cappuccino.mor1kx_cpu/mor1kx_rf_cappuccino/rfa/mem_reg[9][28]
u_mor1kx/mor1kx_cpu/cappuccino.mor1kx_cpu/mor1kx_rf_cappuccino/rfa/mem_reg[9][29]
u_mor1kx/mor1kx_cpu/cappuccino.mor1kx_cpu/mor1kx_rf_cappuccino/rfa/mem_reg[9][30]
u_mor1kx/mor1kx_cpu/cappuccino.mor1kx_cpu/mor1kx_rf_cappuccino/rfa/mem_reg[9][31]
u_mor1kx/mor1kx_cpu/cappuccino.mor1kx_cpu/mor1kx_rf_cappuccino/rfa/mem_reg[10][0]
u_mor1kx/mor1kx_cpu/cappuccino.mor1kx_cpu/mor1kx_rf_cappuccino/rfa/mem_reg[10][1]
u_mor1kx/mor1kx_cpu/cappuccino.mor1kx_cpu/mor1kx_rf_cappuccino/rfa/mem_reg[10][2]
u_mor1kx/mor1kx_cpu/cappuccino.mor1kx_cpu/mor1kx_rf_cappuccino/rfa/mem_reg[10][3]
u_mor1kx/mor1kx_cpu/cappuccino.mor1kx_cpu/mor1kx_rf_cappuccino/rfa/mem_reg[10][4]
u_mor1kx/mor1kx_cpu/cappuccino.mor1kx_cpu/mor1kx_rf_cappuccino/rfa/mem_reg[10][5]
u_mor1kx/mor1kx_cpu/cappuccino.mor1kx_cpu/mor1kx_rf_cappuccino/rfa/mem_reg[10][6]
u_mor1kx/mor1kx_cpu/cappuccino.mor1kx_cpu/mor1kx_rf_cappuccino/rfa/mem_reg[10][7]
u_mor1kx/mor1kx_cpu/cappuccino.mor1kx_cpu/mor1kx_rf_cappuccino/rfa/mem_reg[10][8]
u_mor1kx/mor1kx_cpu/cappuccino.mor1kx_cpu/mor1kx_rf_cappuccino/rfa/mem_reg[10][9]
u_mor1kx/mor1kx_cpu/cappuccino.mor1kx_cpu/mor1kx_rf_cappuccino/rfa/mem_reg[10][10]
u_mor1kx/mor1kx_cpu/cappuccino.mor1kx_cpu/mor1kx_rf_cappuccino/rfa/mem_reg[10][11]
u_mor1kx/mor1kx_cpu/cappuccino.mor1kx_cpu/mor1kx_rf_cappuccino/rfa/mem_reg[10][12]
u_mor1kx/mor1kx_cpu/cappuccino.mor1kx_cpu/mor1kx_rf_cappuccino/rfa/mem_reg[10][13]
u_mor1kx/mor1kx_cpu/cappuccino.mor1kx_cpu/mor1kx_rf_cappuccino/rfa/mem_reg[10][14]
u_mor1kx/mor1kx_cpu/cappuccino.mor1kx_cpu/mor1kx_rf_cappuccino/rfa/mem_reg[10][15]
u_mor1kx/mor1kx_cpu/cappuccino.mor1kx_cpu/mor1kx_rf_cappuccino/rfa/mem_reg[10][16]
u_mor1kx/mor1kx_cpu/cappuccino.mor1kx_cpu/mor1kx_rf_cappuccino/rfa/mem_reg[10][17]
u_mor1kx/mor1kx_cpu/cappuccino.mor1kx_cpu/mor1kx_rf_cappuccino/rfa/mem_reg[10][18]
u_mor1kx/mor1kx_cpu/cappuccino.mor1kx_cpu/mor1kx_rf_cappuccino/rfa/mem_reg[10][19]
u_mor1kx/mor1kx_cpu/cappuccino.mor1kx_cpu/mor1kx_rf_cappuccino/rfa/mem_reg[10][20]
u_mor1kx/mor1kx_cpu/cappuccino.mor1kx_cpu/mor1kx_rf_cappuccino/rfa/mem_reg[10][21]
u_mor1kx/mor1kx_cpu/cappuccino.mor1kx_cpu/mor1kx_rf_cappuccino/rfa/mem_reg[10][22]
u_mor1kx/mor1kx_cpu/cappuccino.mor1kx_cpu/mor1kx_rf_cappuccino/rfa/mem_reg[10][23]
u_mor1kx/mor1kx_cpu/cappuccino.mor1kx_cpu/mor1kx_rf_cappuccino/rfa/mem_reg[10][24]
u_mor1kx/mor1kx_cpu/cappuccino.mor1kx_cpu/mor1kx_rf_cappuccino/rfa/mem_reg[10][25]
u_mor1kx/mor1kx_cpu/cappuccino.mor1kx_cpu/mor1kx_rf_cappuccino/rfa/mem_reg[10][26]
u_mor1kx/mor1kx_cpu/cappuccino.mor1kx_cpu/mor1kx_rf_cappuccino/rfa/mem_reg[10][27]
u_mor1kx/mor1kx_cpu/cappuccino.mor1kx_cpu/mor1kx_rf_cappuccino/rfa/mem_reg[10][28]
u_mor1kx/mor1kx_cpu/cappuccino.mor1kx_cpu/mor1kx_rf_cappuccino/rfa/mem_reg[10][29]
u_mor1kx/mor1kx_cpu/cappuccino.mor1kx_cpu/mor1kx_rf_cappuccino/rfa/mem_reg[10][30]
u_mor1kx/mor1kx_cpu/cappuccino.mor1kx_cpu/mor1kx_rf_cappuccino/rfa/mem_reg[10][31]
u_mor1kx/mor1kx_cpu/cappuccino.mor1kx_cpu/mor1kx_rf_cappuccino/rfa/mem_reg[11][0]
u_mor1kx/mor1kx_cpu/cappuccino.mor1kx_cpu/mor1kx_rf_cappuccino/rfa/mem_reg[11][1]
u_mor1kx/mor1kx_cpu/cappuccino.mor1kx_cpu/mor1kx_rf_cappuccino/rfa/mem_reg[11][2]
u_mor1kx/mor1kx_cpu/cappuccino.mor1kx_cpu/mor1kx_rf_cappuccino/rfa/mem_reg[11][3]
u_mor1kx/mor1kx_cpu/cappuccino.mor1kx_cpu/mor1kx_rf_cappuccino/rfa/mem_reg[11][4]
u_mor1kx/mor1kx_cpu/cappuccino.mor1kx_cpu/mor1kx_rf_cappuccino/rfa/mem_reg[11][5]
u_mor1kx/mor1kx_cpu/cappuccino.mor1kx_cpu/mor1kx_rf_cappuccino/rfa/mem_reg[11][6]
u_mor1kx/mor1kx_cpu/cappuccino.mor1kx_cpu/mor1kx_rf_cappuccino/rfa/mem_reg[11][7]
u_mor1kx/mor1kx_cpu/cappuccino.mor1kx_cpu/mor1kx_rf_cappuccino/rfa/mem_reg[11][8]
u_mor1kx/mor1kx_cpu/cappuccino.mor1kx_cpu/mor1kx_rf_cappuccino/rfa/mem_reg[11][9]
u_mor1kx/mor1kx_cpu/cappuccino.mor1kx_cpu/mor1kx_rf_cappuccino/rfa/mem_reg[11][10]
u_mor1kx/mor1kx_cpu/cappuccino.mor1kx_cpu/mor1kx_rf_cappuccino/rfa/mem_reg[11][11]
u_mor1kx/mor1kx_cpu/cappuccino.mor1kx_cpu/mor1kx_rf_cappuccino/rfa/mem_reg[11][12]
u_mor1kx/mor1kx_cpu/cappuccino.mor1kx_cpu/mor1kx_rf_cappuccino/rfa/mem_reg[11][13]
u_mor1kx/mor1kx_cpu/cappuccino.mor1kx_cpu/mor1kx_rf_cappuccino/rfa/mem_reg[11][14]
u_mor1kx/mor1kx_cpu/cappuccino.mor1kx_cpu/mor1kx_rf_cappuccino/rfa/mem_reg[11][15]
u_mor1kx/mor1kx_cpu/cappuccino.mor1kx_cpu/mor1kx_rf_cappuccino/rfa/mem_reg[11][16]
u_mor1kx/mor1kx_cpu/cappuccino.mor1kx_cpu/mor1kx_rf_cappuccino/rfa/mem_reg[11][17]
u_mor1kx/mor1kx_cpu/cappuccino.mor1kx_cpu/mor1kx_rf_cappuccino/rfa/mem_reg[11][18]
u_mor1kx/mor1kx_cpu/cappuccino.mor1kx_cpu/mor1kx_rf_cappuccino/rfa/mem_reg[11][19]
u_mor1kx/mor1kx_cpu/cappuccino.mor1kx_cpu/mor1kx_rf_cappuccino/rfa/mem_reg[11][20]
u_mor1kx/mor1kx_cpu/cappuccino.mor1kx_cpu/mor1kx_rf_cappuccino/rfa/mem_reg[11][21]
u_mor1kx/mor1kx_cpu/cappuccino.mor1kx_cpu/mor1kx_rf_cappuccino/rfa/mem_reg[11][22]
u_mor1kx/mor1kx_cpu/cappuccino.mor1kx_cpu/mor1kx_rf_cappuccino/rfa/mem_reg[11][23]
u_mor1kx/mor1kx_cpu/cappuccino.mor1kx_cpu/mor1kx_rf_cappuccino/rfa/mem_reg[11][24]
u_mor1kx/mor1kx_cpu/cappuccino.mor1kx_cpu/mor1kx_rf_cappuccino/rfa/mem_reg[11][25]
u_mor1kx/mor1kx_cpu/cappuccino.mor1kx_cpu/mor1kx_rf_cappuccino/rfa/mem_reg[11][26]
u_mor1kx/mor1kx_cpu/cappuccino.mor1kx_cpu/mor1kx_rf_cappuccino/rfa/mem_reg[11][27]
u_mor1kx/mor1kx_cpu/cappuccino.mor1kx_cpu/mor1kx_rf_cappuccino/rfa/mem_reg[11][28]
u_mor1kx/mor1kx_cpu/cappuccino.mor1kx_cpu/mor1kx_rf_cappuccino/rfa/mem_reg[11][29]
u_mor1kx/mor1kx_cpu/cappuccino.mor1kx_cpu/mor1kx_rf_cappuccino/rfa/mem_reg[11][30]
u_mor1kx/mor1kx_cpu/cappuccino.mor1kx_cpu/mor1kx_rf_cappuccino/rfa/mem_reg[11][31]
u_mor1kx/mor1kx_cpu/cappuccino.mor1kx_cpu/mor1kx_rf_cappuccino/rfa/mem_reg[12][0]
u_mor1kx/mor1kx_cpu/cappuccino.mor1kx_cpu/mor1kx_rf_cappuccino/rfa/mem_reg[12][1]
u_mor1kx/mor1kx_cpu/cappuccino.mor1kx_cpu/mor1kx_rf_cappuccino/rfa/mem_reg[12][2]
u_mor1kx/mor1kx_cpu/cappuccino.mor1kx_cpu/mor1kx_rf_cappuccino/rfa/mem_reg[12][3]
u_mor1kx/mor1kx_cpu/cappuccino.mor1kx_cpu/mor1kx_rf_cappuccino/rfa/mem_reg[12][4]
u_mor1kx/mor1kx_cpu/cappuccino.mor1kx_cpu/mor1kx_rf_cappuccino/rfa/mem_reg[12][5]
u_mor1kx/mor1kx_cpu/cappuccino.mor1kx_cpu/mor1kx_rf_cappuccino/rfa/mem_reg[12][6]
u_mor1kx/mor1kx_cpu/cappuccino.mor1kx_cpu/mor1kx_rf_cappuccino/rfa/mem_reg[12][7]
u_mor1kx/mor1kx_cpu/cappuccino.mor1kx_cpu/mor1kx_rf_cappuccino/rfa/mem_reg[12][8]
u_mor1kx/mor1kx_cpu/cappuccino.mor1kx_cpu/mor1kx_rf_cappuccino/rfa/mem_reg[12][9]
u_mor1kx/mor1kx_cpu/cappuccino.mor1kx_cpu/mor1kx_rf_cappuccino/rfa/mem_reg[12][10]
u_mor1kx/mor1kx_cpu/cappuccino.mor1kx_cpu/mor1kx_rf_cappuccino/rfa/mem_reg[12][11]
u_mor1kx/mor1kx_cpu/cappuccino.mor1kx_cpu/mor1kx_rf_cappuccino/rfa/mem_reg[12][12]
u_mor1kx/mor1kx_cpu/cappuccino.mor1kx_cpu/mor1kx_rf_cappuccino/rfa/mem_reg[12][13]
u_mor1kx/mor1kx_cpu/cappuccino.mor1kx_cpu/mor1kx_rf_cappuccino/rfa/mem_reg[12][14]
u_mor1kx/mor1kx_cpu/cappuccino.mor1kx_cpu/mor1kx_rf_cappuccino/rfa/mem_reg[12][15]
u_mor1kx/mor1kx_cpu/cappuccino.mor1kx_cpu/mor1kx_rf_cappuccino/rfa/mem_reg[12][16]
u_mor1kx/mor1kx_cpu/cappuccino.mor1kx_cpu/mor1kx_rf_cappuccino/rfa/mem_reg[12][17]
u_mor1kx/mor1kx_cpu/cappuccino.mor1kx_cpu/mor1kx_rf_cappuccino/rfa/mem_reg[12][18]
u_mor1kx/mor1kx_cpu/cappuccino.mor1kx_cpu/mor1kx_rf_cappuccino/rfa/mem_reg[12][19]
u_mor1kx/mor1kx_cpu/cappuccino.mor1kx_cpu/mor1kx_rf_cappuccino/rfa/mem_reg[12][20]
u_mor1kx/mor1kx_cpu/cappuccino.mor1kx_cpu/mor1kx_rf_cappuccino/rfa/mem_reg[12][21]
u_mor1kx/mor1kx_cpu/cappuccino.mor1kx_cpu/mor1kx_rf_cappuccino/rfa/mem_reg[12][22]
u_mor1kx/mor1kx_cpu/cappuccino.mor1kx_cpu/mor1kx_rf_cappuccino/rfa/mem_reg[12][23]
u_mor1kx/mor1kx_cpu/cappuccino.mor1kx_cpu/mor1kx_rf_cappuccino/rfa/mem_reg[12][24]
u_mor1kx/mor1kx_cpu/cappuccino.mor1kx_cpu/mor1kx_rf_cappuccino/rfa/mem_reg[12][25]
u_mor1kx/mor1kx_cpu/cappuccino.mor1kx_cpu/mor1kx_rf_cappuccino/rfa/mem_reg[12][26]
u_mor1kx/mor1kx_cpu/cappuccino.mor1kx_cpu/mor1kx_rf_cappuccino/rfa/mem_reg[12][27]
u_mor1kx/mor1kx_cpu/cappuccino.mor1kx_cpu/mor1kx_rf_cappuccino/rfa/mem_reg[13][0]
u_mor1kx/mor1kx_cpu/cappuccino.mor1kx_cpu/mor1kx_rf_cappuccino/rfa/mem_reg[13][1]
u_mor1kx/mor1kx_cpu/cappuccino.mor1kx_cpu/mor1kx_rf_cappuccino/rfa/mem_reg[13][2]
u_mor1kx/mor1kx_cpu/cappuccino.mor1kx_cpu/mor1kx_rf_cappuccino/rfa/mem_reg[13][3]
u_mor1kx/mor1kx_cpu/cappuccino.mor1kx_cpu/mor1kx_rf_cappuccino/rfa/mem_reg[13][4]
u_mor1kx/mor1kx_cpu/cappuccino.mor1kx_cpu/mor1kx_rf_cappuccino/rfa/mem_reg[13][5]
u_mor1kx/mor1kx_cpu/cappuccino.mor1kx_cpu/mor1kx_rf_cappuccino/rfa/mem_reg[13][6]
u_mor1kx/mor1kx_cpu/cappuccino.mor1kx_cpu/mor1kx_rf_cappuccino/rfa/mem_reg[13][7]
u_mor1kx/mor1kx_cpu/cappuccino.mor1kx_cpu/mor1kx_rf_cappuccino/rfa/mem_reg[13][8]
u_mor1kx/mor1kx_cpu/cappuccino.mor1kx_cpu/mor1kx_rf_cappuccino/rfa/mem_reg[13][9]
u_mor1kx/mor1kx_cpu/cappuccino.mor1kx_cpu/mor1kx_rf_cappuccino/rfa/mem_reg[13][10]
u_mor1kx/mor1kx_cpu/cappuccino.mor1kx_cpu/mor1kx_rf_cappuccino/rfa/mem_reg[13][11]
u_mor1kx/mor1kx_cpu/cappuccino.mor1kx_cpu/mor1kx_rf_cappuccino/rfa/mem_reg[13][12]
u_mor1kx/mor1kx_cpu/cappuccino.mor1kx_cpu/mor1kx_rf_cappuccino/rfa/mem_reg[13][13]
u_mor1kx/mor1kx_cpu/cappuccino.mor1kx_cpu/mor1kx_rf_cappuccino/rfa/mem_reg[13][14]
u_mor1kx/mor1kx_cpu/cappuccino.mor1kx_cpu/mor1kx_rf_cappuccino/rfa/mem_reg[13][15]
u_mor1kx/mor1kx_cpu/cappuccino.mor1kx_cpu/mor1kx_rf_cappuccino/rfa/mem_reg[13][16]
u_mor1kx/mor1kx_cpu/cappuccino.mor1kx_cpu/mor1kx_rf_cappuccino/rfa/mem_reg[13][17]
u_mor1kx/mor1kx_cpu/cappuccino.mor1kx_cpu/mor1kx_rf_cappuccino/rfa/mem_reg[13][18]
u_mor1kx/mor1kx_cpu/cappuccino.mor1kx_cpu/mor1kx_rf_cappuccino/rfa/mem_reg[13][19]
u_mor1kx/mor1kx_cpu/cappuccino.mor1kx_cpu/mor1kx_rf_cappuccino/rfa/mem_reg[13][20]
u_mor1kx/mor1kx_cpu/cappuccino.mor1kx_cpu/mor1kx_rf_cappuccino/rfa/mem_reg[13][21]
u_mor1kx/mor1kx_cpu/cappuccino.mor1kx_cpu/mor1kx_rf_cappuccino/rfa/mem_reg[13][22]
u_mor1kx/mor1kx_cpu/cappuccino.mor1kx_cpu/mor1kx_rf_cappuccino/rfa/mem_reg[13][23]
u_mor1kx/mor1kx_cpu/cappuccino.mor1kx_cpu/mor1kx_rf_cappuccino/rfa/mem_reg[13][24]
u_mor1kx/mor1kx_cpu/cappuccino.mor1kx_cpu/mor1kx_rf_cappuccino/rfa/mem_reg[13][25]
u_mor1kx/mor1kx_cpu/cappuccino.mor1kx_cpu/mor1kx_rf_cappuccino/rfa/mem_reg[13][26]
u_mor1kx/mor1kx_cpu/cappuccino.mor1kx_cpu/mor1kx_rf_cappuccino/rfa/mem_reg[13][27]
u_mor1kx/mor1kx_cpu/cappuccino.mor1kx_cpu/mor1kx_rf_cappuccino/rfa/mem_reg[14][1]
u_mor1kx/mor1kx_cpu/cappuccino.mor1kx_cpu/mor1kx_rf_cappuccino/rfa/mem_reg[14][2]
u_mor1kx/mor1kx_cpu/cappuccino.mor1kx_cpu/mor1kx_rf_cappuccino/rfa/mem_reg[14][3]
u_mor1kx/mor1kx_cpu/cappuccino.mor1kx_cpu/mor1kx_rf_cappuccino/rfa/mem_reg[14][4]
u_mor1kx/mor1kx_cpu/cappuccino.mor1kx_cpu/mor1kx_rf_cappuccino/rfa/mem_reg[14][5]
u_mor1kx/mor1kx_cpu/cappuccino.mor1kx_cpu/mor1kx_rf_cappuccino/rfa/mem_reg[14][6]
u_mor1kx/mor1kx_cpu/cappuccino.mor1kx_cpu/mor1kx_rf_cappuccino/rfa/mem_reg[14][7]
u_mor1kx/mor1kx_cpu/cappuccino.mor1kx_cpu/mor1kx_rf_cappuccino/rfa/mem_reg[14][8]
u_mor1kx/mor1kx_cpu/cappuccino.mor1kx_cpu/mor1kx_rf_cappuccino/rfa/mem_reg[14][9]
u_mor1kx/mor1kx_cpu/cappuccino.mor1kx_cpu/mor1kx_rf_cappuccino/rfa/mem_reg[14][10]
u_mor1kx/mor1kx_cpu/cappuccino.mor1kx_cpu/mor1kx_rf_cappuccino/rfa/mem_reg[14][11]
u_mor1kx/mor1kx_cpu/cappuccino.mor1kx_cpu/mor1kx_rf_cappuccino/rfa/mem_reg[14][12]
u_mor1kx/mor1kx_cpu/cappuccino.mor1kx_cpu/mor1kx_rf_cappuccino/rfa/mem_reg[14][13]
u_mor1kx/mor1kx_cpu/cappuccino.mor1kx_cpu/mor1kx_rf_cappuccino/rfa/mem_reg[14][14]
u_mor1kx/mor1kx_cpu/cappuccino.mor1kx_cpu/mor1kx_rf_cappuccino/rfa/mem_reg[14][15]
u_mor1kx/mor1kx_cpu/cappuccino.mor1kx_cpu/mor1kx_rf_cappuccino/rfa/mem_reg[14][16]
u_mor1kx/mor1kx_cpu/cappuccino.mor1kx_cpu/mor1kx_rf_cappuccino/rfa/mem_reg[14][17]
u_mor1kx/mor1kx_cpu/cappuccino.mor1kx_cpu/mor1kx_rf_cappuccino/rfa/mem_reg[14][18]
u_mor1kx/mor1kx_cpu/cappuccino.mor1kx_cpu/mor1kx_rf_cappuccino/rfa/mem_reg[14][19]
u_mor1kx/mor1kx_cpu/cappuccino.mor1kx_cpu/mor1kx_rf_cappuccino/rfa/mem_reg[14][20]
u_mor1kx/mor1kx_cpu/cappuccino.mor1kx_cpu/mor1kx_rf_cappuccino/rfa/mem_reg[14][21]
u_mor1kx/mor1kx_cpu/cappuccino.mor1kx_cpu/mor1kx_rf_cappuccino/rfa/mem_reg[14][22]
u_mor1kx/mor1kx_cpu/cappuccino.mor1kx_cpu/mor1kx_rf_cappuccino/rfa/mem_reg[15][1]
u_mor1kx/mor1kx_cpu/cappuccino.mor1kx_cpu/mor1kx_rf_cappuccino/rfa/mem_reg[15][2]
u_mor1kx/mor1kx_cpu/cappuccino.mor1kx_cpu/mor1kx_rf_cappuccino/rfa/mem_reg[15][3]
u_mor1kx/mor1kx_cpu/cappuccino.mor1kx_cpu/mor1kx_rf_cappuccino/rfa/mem_reg[15][4]
u_mor1kx/mor1kx_cpu/cappuccino.mor1kx_cpu/mor1kx_rf_cappuccino/rfa/mem_reg[15][5]
u_mor1kx/mor1kx_cpu/cappuccino.mor1kx_cpu/mor1kx_rf_cappuccino/rfa/mem_reg[15][6]
u_mor1kx/mor1kx_cpu/cappuccino.mor1kx_cpu/mor1kx_rf_cappuccino/rfa/mem_reg[15][7]
u_mor1kx/mor1kx_cpu/cappuccino.mor1kx_cpu/mor1kx_rf_cappuccino/rfa/mem_reg[15][8]
u_mor1kx/mor1kx_cpu/cappuccino.mor1kx_cpu/mor1kx_rf_cappuccino/rfa/mem_reg[15][9]
u_mor1kx/mor1kx_cpu/cappuccino.mor1kx_cpu/mor1kx_rf_cappuccino/rfa/mem_reg[15][10]
u_mor1kx/mor1kx_cpu/cappuccino.mor1kx_cpu/mor1kx_rf_cappuccino/rfa/mem_reg[15][11]
u_mor1kx/mor1kx_cpu/cappuccino.mor1kx_cpu/mor1kx_rf_cappuccino/rfa/mem_reg[15][12]
u_mor1kx/mor1kx_cpu/cappuccino.mor1kx_cpu/mor1kx_rf_cappuccino/rfa/mem_reg[15][13]
u_mor1kx/mor1kx_cpu/cappuccino.mor1kx_cpu/mor1kx_rf_cappuccino/rfa/mem_reg[15][14]
u_mor1kx/mor1kx_cpu/cappuccino.mor1kx_cpu/mor1kx_rf_cappuccino/rfa/mem_reg[15][15]
u_mor1kx/mor1kx_cpu/cappuccino.mor1kx_cpu/mor1kx_rf_cappuccino/rfa/mem_reg[15][16]
u_mor1kx/mor1kx_cpu/cappuccino.mor1kx_cpu/mor1kx_rf_cappuccino/rfa/mem_reg[15][17]
u_mor1kx/mor1kx_cpu/cappuccino.mor1kx_cpu/mor1kx_rf_cappuccino/rfa/mem_reg[15][18]
u_mor1kx/mor1kx_cpu/cappuccino.mor1kx_cpu/mor1kx_rf_cappuccino/rfa/mem_reg[15][19]
u_mor1kx/mor1kx_cpu/cappuccino.mor1kx_cpu/mor1kx_rf_cappuccino/rfa/mem_reg[15][20]
u_mor1kx/mor1kx_cpu/cappuccino.mor1kx_cpu/mor1kx_rf_cappuccino/rfa/mem_reg[15][21]
u_mor1kx/mor1kx_cpu/cappuccino.mor1kx_cpu/mor1kx_rf_cappuccino/rfa/mem_reg[15][22]
u_mor1kx/mor1kx_cpu/cappuccino.mor1kx_cpu/mor1kx_rf_cappuccino/rfa/mem_reg[16][1]
u_mor1kx/mor1kx_cpu/cappuccino.mor1kx_cpu/mor1kx_rf_cappuccino/rfa/mem_reg[16][2]
u_mor1kx/mor1kx_cpu/cappuccino.mor1kx_cpu/mor1kx_rf_cappuccino/rfa/mem_reg[16][3]
u_mor1kx/mor1kx_cpu/cappuccino.mor1kx_cpu/mor1kx_rf_cappuccino/rfa/mem_reg[16][4]
u_mor1kx/mor1kx_cpu/cappuccino.mor1kx_cpu/mor1kx_rf_cappuccino/rfa/mem_reg[16][5]
u_mor1kx/mor1kx_cpu/cappuccino.mor1kx_cpu/mor1kx_rf_cappuccino/rfa/mem_reg[16][6]
u_mor1kx/mor1kx_cpu/cappuccino.mor1kx_cpu/mor1kx_rf_cappuccino/rfa/mem_reg[16][7]
u_mor1kx/mor1kx_cpu/cappuccino.mor1kx_cpu/mor1kx_rf_cappuccino/rfa/mem_reg[16][8]
u_mor1kx/mor1kx_cpu/cappuccino.mor1kx_cpu/mor1kx_rf_cappuccino/rfa/mem_reg[16][9]
u_mor1kx/mor1kx_cpu/cappuccino.mor1kx_cpu/mor1kx_rf_cappuccino/rfa/mem_reg[16][10]
u_mor1kx/mor1kx_cpu/cappuccino.mor1kx_cpu/mor1kx_rf_cappuccino/rfa/mem_reg[16][11]
u_mor1kx/mor1kx_cpu/cappuccino.mor1kx_cpu/mor1kx_rf_cappuccino/rfa/mem_reg[16][12]
u_mor1kx/mor1kx_cpu/cappuccino.mor1kx_cpu/mor1kx_rf_cappuccino/rfa/mem_reg[16][13]
u_mor1kx/mor1kx_cpu/cappuccino.mor1kx_cpu/mor1kx_rf_cappuccino/rfa/mem_reg[16][14]
u_mor1kx/mor1kx_cpu/cappuccino.mor1kx_cpu/mor1kx_rf_cappuccino/rfa/mem_reg[16][15]
u_mor1kx/mor1kx_cpu/cappuccino.mor1kx_cpu/mor1kx_rf_cappuccino/rfa/mem_reg[16][16]
u_mor1kx/mor1kx_cpu/cappuccino.mor1kx_cpu/mor1kx_rf_cappuccino/rfa/mem_reg[16][17]
u_mor1kx/mor1kx_cpu/cappuccino.mor1kx_cpu/mor1kx_rf_cappuccino/rfa/mem_reg[16][18]
u_mor1kx/mor1kx_cpu/cappuccino.mor1kx_cpu/mor1kx_rf_cappuccino/rfa/mem_reg[16][19]
u_mor1kx/mor1kx_cpu/cappuccino.mor1kx_cpu/mor1kx_rf_cappuccino/rfa/mem_reg[16][20]
u_mor1kx/mor1kx_cpu/cappuccino.mor1kx_cpu/mor1kx_rf_cappuccino/rfa/mem_reg[16][21]
u_mor1kx/mor1kx_cpu/cappuccino.mor1kx_cpu/mor1kx_rf_cappuccino/rfa/mem_reg[16][22]
u_mor1kx/mor1kx_cpu/cappuccino.mor1kx_cpu/mor1kx_rf_cappuccino/rfa/mem_reg[17][0]
u_mor1kx/mor1kx_cpu/cappuccino.mor1kx_cpu/mor1kx_rf_cappuccino/rfa/mem_reg[17][1]
u_mor1kx/mor1kx_cpu/cappuccino.mor1kx_cpu/mor1kx_rf_cappuccino/rfa/mem_reg[17][2]
u_mor1kx/mor1kx_cpu/cappuccino.mor1kx_cpu/mor1kx_rf_cappuccino/rfa/mem_reg[17][3]
u_mor1kx/mor1kx_cpu/cappuccino.mor1kx_cpu/mor1kx_rf_cappuccino/rfa/mem_reg[17][4]
u_mor1kx/mor1kx_cpu/cappuccino.mor1kx_cpu/mor1kx_rf_cappuccino/rfa/mem_reg[17][5]
u_mor1kx/mor1kx_cpu/cappuccino.mor1kx_cpu/mor1kx_rf_cappuccino/rfa/mem_reg[17][6]
u_mor1kx/mor1kx_cpu/cappuccino.mor1kx_cpu/mor1kx_rf_cappuccino/rfa/mem_reg[17][7]
u_mor1kx/mor1kx_cpu/cappuccino.mor1kx_cpu/mor1kx_rf_cappuccino/rfa/mem_reg[17][8]
u_mor1kx/mor1kx_cpu/cappuccino.mor1kx_cpu/mor1kx_rf_cappuccino/rfa/mem_reg[17][9]
u_mor1kx/mor1kx_cpu/cappuccino.mor1kx_cpu/mor1kx_rf_cappuccino/rfa/mem_reg[17][10]
u_mor1kx/mor1kx_cpu/cappuccino.mor1kx_cpu/mor1kx_rf_cappuccino/rfa/mem_reg[17][11]
u_mor1kx/mor1kx_cpu/cappuccino.mor1kx_cpu/mor1kx_rf_cappuccino/rfa/mem_reg[17][12]
u_mor1kx/mor1kx_cpu/cappuccino.mor1kx_cpu/mor1kx_rf_cappuccino/rfa/mem_reg[17][13]
u_mor1kx/mor1kx_cpu/cappuccino.mor1kx_cpu/mor1kx_rf_cappuccino/rfa/mem_reg[17][14]
u_mor1kx/mor1kx_cpu/cappuccino.mor1kx_cpu/mor1kx_rf_cappuccino/rfa/mem_reg[17][15]
u_mor1kx/mor1kx_cpu/cappuccino.mor1kx_cpu/mor1kx_rf_cappuccino/rfa/mem_reg[17][16]
u_mor1kx/mor1kx_cpu/cappuccino.mor1kx_cpu/mor1kx_rf_cappuccino/rfa/mem_reg[17][17]
u_mor1kx/mor1kx_cpu/cappuccino.mor1kx_cpu/mor1kx_rf_cappuccino/rfa/mem_reg[17][18]
u_mor1kx/mor1kx_cpu/cappuccino.mor1kx_cpu/mor1kx_rf_cappuccino/rfa/mem_reg[17][19]
u_mor1kx/mor1kx_cpu/cappuccino.mor1kx_cpu/mor1kx_rf_cappuccino/rfa/mem_reg[17][20]
u_mor1kx/mor1kx_cpu/cappuccino.mor1kx_cpu/mor1kx_rf_cappuccino/rfa/mem_reg[17][21]
u_mor1kx/mor1kx_cpu/cappuccino.mor1kx_cpu/mor1kx_rf_cappuccino/rfa/mem_reg[17][22]
u_mor1kx/mor1kx_cpu/cappuccino.mor1kx_cpu/mor1kx_rf_cappuccino/rfa/mem_reg[17][23]
u_mor1kx/mor1kx_cpu/cappuccino.mor1kx_cpu/mor1kx_rf_cappuccino/rfa/mem_reg[17][24]
u_mor1kx/mor1kx_cpu/cappuccino.mor1kx_cpu/mor1kx_rf_cappuccino/rfa/mem_reg[17][25]
u_mor1kx/mor1kx_cpu/cappuccino.mor1kx_cpu/mor1kx_rf_cappuccino/rfa/mem_reg[17][26]
u_mor1kx/mor1kx_cpu/cappuccino.mor1kx_cpu/mor1kx_rf_cappuccino/rfa/mem_reg[17][27]
u_mor1kx/mor1kx_cpu/cappuccino.mor1kx_cpu/mor1kx_rf_cappuccino/rfa/mem_reg[17][28]
u_mor1kx/mor1kx_cpu/cappuccino.mor1kx_cpu/mor1kx_rf_cappuccino/rfa/mem_reg[17][29]
u_mor1kx/mor1kx_cpu/cappuccino.mor1kx_cpu/mor1kx_rf_cappuccino/rfa/mem_reg[17][30]
u_mor1kx/mor1kx_cpu/cappuccino.mor1kx_cpu/mor1kx_rf_cappuccino/rfa/mem_reg[17][31]
u_mor1kx/mor1kx_cpu/cappuccino.mor1kx_cpu/mor1kx_rf_cappuccino/rfa/mem_reg[18][0]
u_mor1kx/mor1kx_cpu/cappuccino.mor1kx_cpu/mor1kx_rf_cappuccino/rfa/mem_reg[18][1]
u_mor1kx/mor1kx_cpu/cappuccino.mor1kx_cpu/mor1kx_rf_cappuccino/rfa/mem_reg[18][2]
u_mor1kx/mor1kx_cpu/cappuccino.mor1kx_cpu/mor1kx_rf_cappuccino/rfa/mem_reg[18][3]
u_mor1kx/mor1kx_cpu/cappuccino.mor1kx_cpu/mor1kx_rf_cappuccino/rfa/mem_reg[18][4]
u_mor1kx/mor1kx_cpu/cappuccino.mor1kx_cpu/mor1kx_rf_cappuccino/rfa/mem_reg[18][5]
u_mor1kx/mor1kx_cpu/cappuccino.mor1kx_cpu/mor1kx_rf_cappuccino/rfa/mem_reg[18][6]
u_mor1kx/mor1kx_cpu/cappuccino.mor1kx_cpu/mor1kx_rf_cappuccino/rfa/mem_reg[18][7]
u_mor1kx/mor1kx_cpu/cappuccino.mor1kx_cpu/mor1kx_rf_cappuccino/rfa/mem_reg[18][8]
u_mor1kx/mor1kx_cpu/cappuccino.mor1kx_cpu/mor1kx_rf_cappuccino/rfa/mem_reg[18][9]
u_mor1kx/mor1kx_cpu/cappuccino.mor1kx_cpu/mor1kx_rf_cappuccino/rfa/mem_reg[18][10]
u_mor1kx/mor1kx_cpu/cappuccino.mor1kx_cpu/mor1kx_rf_cappuccino/rfa/mem_reg[18][11]
u_mor1kx/mor1kx_cpu/cappuccino.mor1kx_cpu/mor1kx_rf_cappuccino/rfa/mem_reg[18][12]
u_mor1kx/mor1kx_cpu/cappuccino.mor1kx_cpu/mor1kx_rf_cappuccino/rfa/mem_reg[18][13]
u_mor1kx/mor1kx_cpu/cappuccino.mor1kx_cpu/mor1kx_rf_cappuccino/rfa/mem_reg[18][14]
u_mor1kx/mor1kx_cpu/cappuccino.mor1kx_cpu/mor1kx_rf_cappuccino/rfa/mem_reg[18][15]
u_mor1kx/mor1kx_cpu/cappuccino.mor1kx_cpu/mor1kx_rf_cappuccino/rfa/mem_reg[18][16]
u_mor1kx/mor1kx_cpu/cappuccino.mor1kx_cpu/mor1kx_rf_cappuccino/rfa/mem_reg[18][17]
u_mor1kx/mor1kx_cpu/cappuccino.mor1kx_cpu/mor1kx_rf_cappuccino/rfa/mem_reg[18][18]
u_mor1kx/mor1kx_cpu/cappuccino.mor1kx_cpu/mor1kx_rf_cappuccino/rfa/mem_reg[18][19]
u_mor1kx/mor1kx_cpu/cappuccino.mor1kx_cpu/mor1kx_rf_cappuccino/rfa/mem_reg[18][20]
u_mor1kx/mor1kx_cpu/cappuccino.mor1kx_cpu/mor1kx_rf_cappuccino/rfa/mem_reg[18][21]
u_mor1kx/mor1kx_cpu/cappuccino.mor1kx_cpu/mor1kx_rf_cappuccino/rfa/mem_reg[18][22]
u_mor1kx/mor1kx_cpu/cappuccino.mor1kx_cpu/mor1kx_rf_cappuccino/rfa/mem_reg[18][23]
u_mor1kx/mor1kx_cpu/cappuccino.mor1kx_cpu/mor1kx_rf_cappuccino/rfa/mem_reg[18][24]
u_mor1kx/mor1kx_cpu/cappuccino.mor1kx_cpu/mor1kx_rf_cappuccino/rfa/mem_reg[18][25]
u_mor1kx/mor1kx_cpu/cappuccino.mor1kx_cpu/mor1kx_rf_cappuccino/rfa/mem_reg[18][26]
u_mor1kx/mor1kx_cpu/cappuccino.mor1kx_cpu/mor1kx_rf_cappuccino/rfa/mem_reg[18][27]
u_mor1kx/mor1kx_cpu/cappuccino.mor1kx_cpu/mor1kx_rf_cappuccino/rfa/mem_reg[18][28]
u_mor1kx/mor1kx_cpu/cappuccino.mor1kx_cpu/mor1kx_rf_cappuccino/rfa/mem_reg[18][29]
u_mor1kx/mor1kx_cpu/cappuccino.mor1kx_cpu/mor1kx_rf_cappuccino/rfa/mem_reg[18][30]
u_mor1kx/mor1kx_cpu/cappuccino.mor1kx_cpu/mor1kx_rf_cappuccino/rfa/mem_reg[18][31]
u_mor1kx/mor1kx_cpu/cappuccino.mor1kx_cpu/mor1kx_rf_cappuccino/rfa/mem_reg[19][0]
u_mor1kx/mor1kx_cpu/cappuccino.mor1kx_cpu/mor1kx_rf_cappuccino/rfa/mem_reg[19][1]
u_mor1kx/mor1kx_cpu/cappuccino.mor1kx_cpu/mor1kx_rf_cappuccino/rfa/mem_reg[19][2]
u_mor1kx/mor1kx_cpu/cappuccino.mor1kx_cpu/mor1kx_rf_cappuccino/rfa/mem_reg[19][3]
u_mor1kx/mor1kx_cpu/cappuccino.mor1kx_cpu/mor1kx_rf_cappuccino/rfa/mem_reg[19][4]
u_mor1kx/mor1kx_cpu/cappuccino.mor1kx_cpu/mor1kx_rf_cappuccino/rfa/mem_reg[19][5]
u_mor1kx/mor1kx_cpu/cappuccino.mor1kx_cpu/mor1kx_rf_cappuccino/rfa/mem_reg[19][6]
u_mor1kx/mor1kx_cpu/cappuccino.mor1kx_cpu/mor1kx_rf_cappuccino/rfa/mem_reg[19][7]
u_mor1kx/mor1kx_cpu/cappuccino.mor1kx_cpu/mor1kx_rf_cappuccino/rfa/mem_reg[19][8]
u_mor1kx/mor1kx_cpu/cappuccino.mor1kx_cpu/mor1kx_rf_cappuccino/rfa/mem_reg[19][9]
u_mor1kx/mor1kx_cpu/cappuccino.mor1kx_cpu/mor1kx_rf_cappuccino/rfa/mem_reg[19][10]
u_mor1kx/mor1kx_cpu/cappuccino.mor1kx_cpu/mor1kx_rf_cappuccino/rfa/mem_reg[19][11]
u_mor1kx/mor1kx_cpu/cappuccino.mor1kx_cpu/mor1kx_rf_cappuccino/rfa/mem_reg[19][12]
u_mor1kx/mor1kx_cpu/cappuccino.mor1kx_cpu/mor1kx_rf_cappuccino/rfa/mem_reg[19][13]
u_mor1kx/mor1kx_cpu/cappuccino.mor1kx_cpu/mor1kx_rf_cappuccino/rfa/mem_reg[19][14]
u_mor1kx/mor1kx_cpu/cappuccino.mor1kx_cpu/mor1kx_rf_cappuccino/rfa/mem_reg[19][15]
u_mor1kx/mor1kx_cpu/cappuccino.mor1kx_cpu/mor1kx_rf_cappuccino/rfa/mem_reg[19][16]
u_mor1kx/mor1kx_cpu/cappuccino.mor1kx_cpu/mor1kx_rf_cappuccino/rfa/mem_reg[19][17]
u_mor1kx/mor1kx_cpu/cappuccino.mor1kx_cpu/mor1kx_rf_cappuccino/rfa/mem_reg[19][18]
u_mor1kx/mor1kx_cpu/cappuccino.mor1kx_cpu/mor1kx_rf_cappuccino/rfa/mem_reg[19][19]
u_mor1kx/mor1kx_cpu/cappuccino.mor1kx_cpu/mor1kx_rf_cappuccino/rfa/mem_reg[19][20]
u_mor1kx/mor1kx_cpu/cappuccino.mor1kx_cpu/mor1kx_rf_cappuccino/rfa/mem_reg[19][21]
u_mor1kx/mor1kx_cpu/cappuccino.mor1kx_cpu/mor1kx_rf_cappuccino/rfa/mem_reg[19][22]
u_mor1kx/mor1kx_cpu/cappuccino.mor1kx_cpu/mor1kx_rf_cappuccino/rfa/mem_reg[19][23]
u_mor1kx/mor1kx_cpu/cappuccino.mor1kx_cpu/mor1kx_rf_cappuccino/rfa/mem_reg[19][24]
u_mor1kx/mor1kx_cpu/cappuccino.mor1kx_cpu/mor1kx_rf_cappuccino/rfa/mem_reg[19][25]
u_mor1kx/mor1kx_cpu/cappuccino.mor1kx_cpu/mor1kx_rf_cappuccino/rfa/mem_reg[19][26]
u_mor1kx/mor1kx_cpu/cappuccino.mor1kx_cpu/mor1kx_rf_cappuccino/rfa/mem_reg[19][27]
u_mor1kx/mor1kx_cpu/cappuccino.mor1kx_cpu/mor1kx_rf_cappuccino/rfa/mem_reg[19][28]
u_mor1kx/mor1kx_cpu/cappuccino.mor1kx_cpu/mor1kx_rf_cappuccino/rfa/mem_reg[19][29]
u_mor1kx/mor1kx_cpu/cappuccino.mor1kx_cpu/mor1kx_rf_cappuccino/rfa/mem_reg[19][30]
u_mor1kx/mor1kx_cpu/cappuccino.mor1kx_cpu/mor1kx_rf_cappuccino/rfa/mem_reg[19][31]
u_mor1kx/mor1kx_cpu/cappuccino.mor1kx_cpu/mor1kx_rf_cappuccino/rfa/mem_reg[20][0]
u_mor1kx/mor1kx_cpu/cappuccino.mor1kx_cpu/mor1kx_rf_cappuccino/rfa/mem_reg[20][1]
u_mor1kx/mor1kx_cpu/cappuccino.mor1kx_cpu/mor1kx_rf_cappuccino/rfa/mem_reg[20][2]
u_mor1kx/mor1kx_cpu/cappuccino.mor1kx_cpu/mor1kx_rf_cappuccino/rfa/mem_reg[20][3]
u_mor1kx/mor1kx_cpu/cappuccino.mor1kx_cpu/mor1kx_rf_cappuccino/rfa/mem_reg[20][4]
u_mor1kx/mor1kx_cpu/cappuccino.mor1kx_cpu/mor1kx_rf_cappuccino/rfa/mem_reg[20][5]
u_mor1kx/mor1kx_cpu/cappuccino.mor1kx_cpu/mor1kx_rf_cappuccino/rfa/mem_reg[20][6]
u_mor1kx/mor1kx_cpu/cappuccino.mor1kx_cpu/mor1kx_rf_cappuccino/rfa/mem_reg[20][7]
u_mor1kx/mor1kx_cpu/cappuccino.mor1kx_cpu/mor1kx_rf_cappuccino/rfa/mem_reg[20][8]
u_mor1kx/mor1kx_cpu/cappuccino.mor1kx_cpu/mor1kx_rf_cappuccino/rfa/mem_reg[20][9]
u_mor1kx/mor1kx_cpu/cappuccino.mor1kx_cpu/mor1kx_rf_cappuccino/rfa/mem_reg[20][10]
u_mor1kx/mor1kx_cpu/cappuccino.mor1kx_cpu/mor1kx_rf_cappuccino/rfa/mem_reg[20][11]
u_mor1kx/mor1kx_cpu/cappuccino.mor1kx_cpu/mor1kx_rf_cappuccino/rfa/mem_reg[20][12]
u_mor1kx/mor1kx_cpu/cappuccino.mor1kx_cpu/mor1kx_rf_cappuccino/rfa/mem_reg[20][13]
u_mor1kx/mor1kx_cpu/cappuccino.mor1kx_cpu/mor1kx_rf_cappuccino/rfa/mem_reg[20][14]
u_mor1kx/mor1kx_cpu/cappuccino.mor1kx_cpu/mor1kx_rf_cappuccino/rfa/mem_reg[20][15]
u_mor1kx/mor1kx_cpu/cappuccino.mor1kx_cpu/mor1kx_rf_cappuccino/rfa/mem_reg[20][16]
u_mor1kx/mor1kx_cpu/cappuccino.mor1kx_cpu/mor1kx_rf_cappuccino/rfa/mem_reg[20][17]
u_mor1kx/mor1kx_cpu/cappuccino.mor1kx_cpu/mor1kx_rf_cappuccino/rfa/mem_reg[20][18]
u_mor1kx/mor1kx_cpu/cappuccino.mor1kx_cpu/mor1kx_rf_cappuccino/rfa/mem_reg[20][19]
u_mor1kx/mor1kx_cpu/cappuccino.mor1kx_cpu/mor1kx_rf_cappuccino/rfa/mem_reg[20][20]
u_mor1kx/mor1kx_cpu/cappuccino.mor1kx_cpu/mor1kx_rf_cappuccino/rfa/mem_reg[20][21]
u_mor1kx/mor1kx_cpu/cappuccino.mor1kx_cpu/mor1kx_rf_cappuccino/rfa/mem_reg[20][22]
u_mor1kx/mor1kx_cpu/cappuccino.mor1kx_cpu/mor1kx_rf_cappuccino/rfa/mem_reg[20][23]
u_mor1kx/mor1kx_cpu/cappuccino.mor1kx_cpu/mor1kx_rf_cappuccino/rfa/mem_reg[20][24]
u_mor1kx/mor1kx_cpu/cappuccino.mor1kx_cpu/mor1kx_rf_cappuccino/rfa/mem_reg[20][25]
u_mor1kx/mor1kx_cpu/cappuccino.mor1kx_cpu/mor1kx_rf_cappuccino/rfa/mem_reg[20][26]
u_mor1kx/mor1kx_cpu/cappuccino.mor1kx_cpu/mor1kx_rf_cappuccino/rfa/mem_reg[20][27]
u_mor1kx/mor1kx_cpu/cappuccino.mor1kx_cpu/mor1kx_rf_cappuccino/rfa/mem_reg[21][0]
u_mor1kx/mor1kx_cpu/cappuccino.mor1kx_cpu/mor1kx_rf_cappuccino/rfa/mem_reg[21][1]
u_mor1kx/mor1kx_cpu/cappuccino.mor1kx_cpu/mor1kx_rf_cappuccino/rfa/mem_reg[21][2]
u_mor1kx/mor1kx_cpu/cappuccino.mor1kx_cpu/mor1kx_rf_cappuccino/rfa/mem_reg[21][3]
u_mor1kx/mor1kx_cpu/cappuccino.mor1kx_cpu/mor1kx_rf_cappuccino/rfa/mem_reg[21][4]
u_mor1kx/mor1kx_cpu/cappuccino.mor1kx_cpu/mor1kx_rf_cappuccino/rfa/mem_reg[21][5]
u_mor1kx/mor1kx_cpu/cappuccino.mor1kx_cpu/mor1kx_rf_cappuccino/rfa/mem_reg[21][6]
u_mor1kx/mor1kx_cpu/cappuccino.mor1kx_cpu/mor1kx_rf_cappuccino/rfa/mem_reg[21][7]
u_mor1kx/mor1kx_cpu/cappuccino.mor1kx_cpu/mor1kx_rf_cappuccino/rfa/mem_reg[21][8]
u_mor1kx/mor1kx_cpu/cappuccino.mor1kx_cpu/mor1kx_rf_cappuccino/rfa/mem_reg[21][9]
u_mor1kx/mor1kx_cpu/cappuccino.mor1kx_cpu/mor1kx_rf_cappuccino/rfa/mem_reg[21][10]
u_mor1kx/mor1kx_cpu/cappuccino.mor1kx_cpu/mor1kx_rf_cappuccino/rfa/mem_reg[21][11]
u_mor1kx/mor1kx_cpu/cappuccino.mor1kx_cpu/mor1kx_rf_cappuccino/rfa/mem_reg[21][12]
u_mor1kx/mor1kx_cpu/cappuccino.mor1kx_cpu/mor1kx_rf_cappuccino/rfa/mem_reg[21][13]
u_mor1kx/mor1kx_cpu/cappuccino.mor1kx_cpu/mor1kx_rf_cappuccino/rfa/mem_reg[21][14]
u_mor1kx/mor1kx_cpu/cappuccino.mor1kx_cpu/mor1kx_rf_cappuccino/rfa/mem_reg[21][15]
u_mor1kx/mor1kx_cpu/cappuccino.mor1kx_cpu/mor1kx_rf_cappuccino/rfa/mem_reg[21][16]
u_mor1kx/mor1kx_cpu/cappuccino.mor1kx_cpu/mor1kx_rf_cappuccino/rfa/mem_reg[21][17]
u_mor1kx/mor1kx_cpu/cappuccino.mor1kx_cpu/mor1kx_rf_cappuccino/rfa/mem_reg[21][18]
u_mor1kx/mor1kx_cpu/cappuccino.mor1kx_cpu/mor1kx_rf_cappuccino/rfa/mem_reg[21][19]
u_mor1kx/mor1kx_cpu/cappuccino.mor1kx_cpu/mor1kx_rf_cappuccino/rfa/mem_reg[21][20]
u_mor1kx/mor1kx_cpu/cappuccino.mor1kx_cpu/mor1kx_rf_cappuccino/rfa/mem_reg[21][21]
u_mor1kx/mor1kx_cpu/cappuccino.mor1kx_cpu/mor1kx_rf_cappuccino/rfa/mem_reg[21][22]
u_mor1kx/mor1kx_cpu/cappuccino.mor1kx_cpu/mor1kx_rf_cappuccino/rfa/mem_reg[21][23]
u_mor1kx/mor1kx_cpu/cappuccino.mor1kx_cpu/mor1kx_rf_cappuccino/rfa/mem_reg[21][24]
u_mor1kx/mor1kx_cpu/cappuccino.mor1kx_cpu/mor1kx_rf_cappuccino/rfa/mem_reg[21][25]
u_mor1kx/mor1kx_cpu/cappuccino.mor1kx_cpu/mor1kx_rf_cappuccino/rfa/mem_reg[21][26]
u_mor1kx/mor1kx_cpu/cappuccino.mor1kx_cpu/mor1kx_rf_cappuccino/rfa/mem_reg[21][27]
u_mor1kx/mor1kx_cpu/cappuccino.mor1kx_cpu/mor1kx_rf_cappuccino/rfa/mem_reg[22][1]
u_mor1kx/mor1kx_cpu/cappuccino.mor1kx_cpu/mor1kx_rf_cappuccino/rfa/mem_reg[22][2]
u_mor1kx/mor1kx_cpu/cappuccino.mor1kx_cpu/mor1kx_rf_cappuccino/rfa/mem_reg[22][3]
u_mor1kx/mor1kx_cpu/cappuccino.mor1kx_cpu/mor1kx_rf_cappuccino/rfa/mem_reg[22][4]
u_mor1kx/mor1kx_cpu/cappuccino.mor1kx_cpu/mor1kx_rf_cappuccino/rfa/mem_reg[22][5]
u_mor1kx/mor1kx_cpu/cappuccino.mor1kx_cpu/mor1kx_rf_cappuccino/rfa/mem_reg[22][6]
u_mor1kx/mor1kx_cpu/cappuccino.mor1kx_cpu/mor1kx_rf_cappuccino/rfa/mem_reg[22][7]
u_mor1kx/mor1kx_cpu/cappuccino.mor1kx_cpu/mor1kx_rf_cappuccino/rfa/mem_reg[22][8]
u_mor1kx/mor1kx_cpu/cappuccino.mor1kx_cpu/mor1kx_rf_cappuccino/rfa/mem_reg[22][9]
u_mor1kx/mor1kx_cpu/cappuccino.mor1kx_cpu/mor1kx_rf_cappuccino/rfa/mem_reg[22][10]
u_mor1kx/mor1kx_cpu/cappuccino.mor1kx_cpu/mor1kx_rf_cappuccino/rfa/mem_reg[22][11]
u_mor1kx/mor1kx_cpu/cappuccino.mor1kx_cpu/mor1kx_rf_cappuccino/rfa/mem_reg[22][12]
u_mor1kx/mor1kx_cpu/cappuccino.mor1kx_cpu/mor1kx_rf_cappuccino/rfa/mem_reg[22][13]
u_mor1kx/mor1kx_cpu/cappuccino.mor1kx_cpu/mor1kx_rf_cappuccino/rfa/mem_reg[22][14]
u_mor1kx/mor1kx_cpu/cappuccino.mor1kx_cpu/mor1kx_rf_cappuccino/rfa/mem_reg[22][15]
u_mor1kx/mor1kx_cpu/cappuccino.mor1kx_cpu/mor1kx_rf_cappuccino/rfa/mem_reg[22][16]
u_mor1kx/mor1kx_cpu/cappuccino.mor1kx_cpu/mor1kx_rf_cappuccino/rfa/mem_reg[22][17]
u_mor1kx/mor1kx_cpu/cappuccino.mor1kx_cpu/mor1kx_rf_cappuccino/rfa/mem_reg[22][18]
u_mor1kx/mor1kx_cpu/cappuccino.mor1kx_cpu/mor1kx_rf_cappuccino/rfa/mem_reg[22][19]
u_mor1kx/mor1kx_cpu/cappuccino.mor1kx_cpu/mor1kx_rf_cappuccino/rfa/mem_reg[22][20]
u_mor1kx/mor1kx_cpu/cappuccino.mor1kx_cpu/mor1kx_rf_cappuccino/rfa/mem_reg[22][21]
u_mor1kx/mor1kx_cpu/cappuccino.mor1kx_cpu/mor1kx_rf_cappuccino/rfa/mem_reg[22][22]
u_mor1kx/mor1kx_cpu/cappuccino.mor1kx_cpu/mor1kx_rf_cappuccino/rfa/mem_reg[23][1]
u_mor1kx/mor1kx_cpu/cappuccino.mor1kx_cpu/mor1kx_rf_cappuccino/rfa/mem_reg[23][2]
u_mor1kx/mor1kx_cpu/cappuccino.mor1kx_cpu/mor1kx_rf_cappuccino/rfa/mem_reg[23][3]
u_mor1kx/mor1kx_cpu/cappuccino.mor1kx_cpu/mor1kx_rf_cappuccino/rfa/mem_reg[23][4]
u_mor1kx/mor1kx_cpu/cappuccino.mor1kx_cpu/mor1kx_rf_cappuccino/rfa/mem_reg[23][5]
u_mor1kx/mor1kx_cpu/cappuccino.mor1kx_cpu/mor1kx_rf_cappuccino/rfa/mem_reg[23][6]
u_mor1kx/mor1kx_cpu/cappuccino.mor1kx_cpu/mor1kx_rf_cappuccino/rfa/mem_reg[23][7]
u_mor1kx/mor1kx_cpu/cappuccino.mor1kx_cpu/mor1kx_rf_cappuccino/rfa/mem_reg[23][8]
u_mor1kx/mor1kx_cpu/cappuccino.mor1kx_cpu/mor1kx_rf_cappuccino/rfa/mem_reg[23][9]
u_mor1kx/mor1kx_cpu/cappuccino.mor1kx_cpu/mor1kx_rf_cappuccino/rfa/mem_reg[23][10]
u_mor1kx/mor1kx_cpu/cappuccino.mor1kx_cpu/mor1kx_rf_cappuccino/rfa/mem_reg[23][11]
u_mor1kx/mor1kx_cpu/cappuccino.mor1kx_cpu/mor1kx_rf_cappuccino/rfa/mem_reg[23][12]
u_mor1kx/mor1kx_cpu/cappuccino.mor1kx_cpu/mor1kx_rf_cappuccino/rfa/mem_reg[23][13]
u_mor1kx/mor1kx_cpu/cappuccino.mor1kx_cpu/mor1kx_rf_cappuccino/rfa/mem_reg[23][14]
u_mor1kx/mor1kx_cpu/cappuccino.mor1kx_cpu/mor1kx_rf_cappuccino/rfa/mem_reg[23][15]
u_mor1kx/mor1kx_cpu/cappuccino.mor1kx_cpu/mor1kx_rf_cappuccino/rfa/mem_reg[23][16]
u_mor1kx/mor1kx_cpu/cappuccino.mor1kx_cpu/mor1kx_rf_cappuccino/rfa/mem_reg[23][17]
u_mor1kx/mor1kx_cpu/cappuccino.mor1kx_cpu/mor1kx_rf_cappuccino/rfa/mem_reg[23][18]
u_mor1kx/mor1kx_cpu/cappuccino.mor1kx_cpu/mor1kx_rf_cappuccino/rfa/mem_reg[23][19]
u_mor1kx/mor1kx_cpu/cappuccino.mor1kx_cpu/mor1kx_rf_cappuccino/rfa/mem_reg[23][20]
u_mor1kx/mor1kx_cpu/cappuccino.mor1kx_cpu/mor1kx_rf_cappuccino/rfa/mem_reg[23][21]
u_mor1kx/mor1kx_cpu/cappuccino.mor1kx_cpu/mor1kx_rf_cappuccino/rfa/mem_reg[23][22]
u_mor1kx/mor1kx_cpu/cappuccino.mor1kx_cpu/mor1kx_rf_cappuccino/rfa/mem_reg[24][1]
u_mor1kx/mor1kx_cpu/cappuccino.mor1kx_cpu/mor1kx_rf_cappuccino/rfa/mem_reg[24][2]
u_mor1kx/mor1kx_cpu/cappuccino.mor1kx_cpu/mor1kx_rf_cappuccino/rfa/mem_reg[24][3]
u_mor1kx/mor1kx_cpu/cappuccino.mor1kx_cpu/mor1kx_rf_cappuccino/rfa/mem_reg[24][4]
u_mor1kx/mor1kx_cpu/cappuccino.mor1kx_cpu/mor1kx_rf_cappuccino/rfa/mem_reg[24][5]
u_mor1kx/mor1kx_cpu/cappuccino.mor1kx_cpu/mor1kx_rf_cappuccino/rfa/mem_reg[24][6]
u_mor1kx/mor1kx_cpu/cappuccino.mor1kx_cpu/mor1kx_rf_cappuccino/rfa/mem_reg[25][0]
u_mor1kx/mor1kx_cpu/cappuccino.mor1kx_cpu/mor1kx_rf_cappuccino/rfa/mem_reg[25][1]
u_mor1kx/mor1kx_cpu/cappuccino.mor1kx_cpu/mor1kx_rf_cappuccino/rfa/mem_reg[25][2]
u_mor1kx/mor1kx_cpu/cappuccino.mor1kx_cpu/mor1kx_rf_cappuccino/rfa/mem_reg[25][3]
u_mor1kx/mor1kx_cpu/cappuccino.mor1kx_cpu/mor1kx_rf_cappuccino/rfa/mem_reg[25][4]
u_mor1kx/mor1kx_cpu/cappuccino.mor1kx_cpu/mor1kx_rf_cappuccino/rfa/mem_reg[25][5]
u_mor1kx/mor1kx_cpu/cappuccino.mor1kx_cpu/mor1kx_rf_cappuccino/rfa/mem_reg[25][6]
u_mor1kx/mor1kx_cpu/cappuccino.mor1kx_cpu/mor1kx_rf_cappuccino/rfa/mem_reg[25][7]
u_mor1kx/mor1kx_cpu/cappuccino.mor1kx_cpu/mor1kx_rf_cappuccino/rfa/mem_reg[25][8]
u_mor1kx/mor1kx_cpu/cappuccino.mor1kx_cpu/mor1kx_rf_cappuccino/rfa/mem_reg[25][9]
u_mor1kx/mor1kx_cpu/cappuccino.mor1kx_cpu/mor1kx_rf_cappuccino/rfa/mem_reg[25][10]
u_mor1kx/mor1kx_cpu/cappuccino.mor1kx_cpu/mor1kx_rf_cappuccino/rfa/mem_reg[25][11]
u_mor1kx/mor1kx_cpu/cappuccino.mor1kx_cpu/mor1kx_rf_cappuccino/rfa/mem_reg[25][12]
u_mor1kx/mor1kx_cpu/cappuccino.mor1kx_cpu/mor1kx_rf_cappuccino/rfa/mem_reg[25][13]
u_mor1kx/mor1kx_cpu/cappuccino.mor1kx_cpu/mor1kx_rf_cappuccino/rfa/mem_reg[25][14]
u_mor1kx/mor1kx_cpu/cappuccino.mor1kx_cpu/mor1kx_rf_cappuccino/rfa/mem_reg[25][15]
u_mor1kx/mor1kx_cpu/cappuccino.mor1kx_cpu/mor1kx_rf_cappuccino/rfa/mem_reg[25][16]
u_mor1kx/mor1kx_cpu/cappuccino.mor1kx_cpu/mor1kx_rf_cappuccino/rfa/mem_reg[25][17]
u_mor1kx/mor1kx_cpu/cappuccino.mor1kx_cpu/mor1kx_rf_cappuccino/rfa/mem_reg[25][18]
u_mor1kx/mor1kx_cpu/cappuccino.mor1kx_cpu/mor1kx_rf_cappuccino/rfa/mem_reg[25][19]
u_mor1kx/mor1kx_cpu/cappuccino.mor1kx_cpu/mor1kx_rf_cappuccino/rfa/mem_reg[25][20]
u_mor1kx/mor1kx_cpu/cappuccino.mor1kx_cpu/mor1kx_rf_cappuccino/rfa/mem_reg[25][21]
u_mor1kx/mor1kx_cpu/cappuccino.mor1kx_cpu/mor1kx_rf_cappuccino/rfa/mem_reg[25][22]
u_mor1kx/mor1kx_cpu/cappuccino.mor1kx_cpu/mor1kx_rf_cappuccino/rfa/mem_reg[25][23]
u_mor1kx/mor1kx_cpu/cappuccino.mor1kx_cpu/mor1kx_rf_cappuccino/rfa/mem_reg[25][24]
u_mor1kx/mor1kx_cpu/cappuccino.mor1kx_cpu/mor1kx_rf_cappuccino/rfa/mem_reg[25][25]
u_mor1kx/mor1kx_cpu/cappuccino.mor1kx_cpu/mor1kx_rf_cappuccino/rfa/mem_reg[25][26]
u_mor1kx/mor1kx_cpu/cappuccino.mor1kx_cpu/mor1kx_rf_cappuccino/rfa/mem_reg[25][27]
u_mor1kx/mor1kx_cpu/cappuccino.mor1kx_cpu/mor1kx_rf_cappuccino/rfa/mem_reg[25][28]
u_mor1kx/mor1kx_cpu/cappuccino.mor1kx_cpu/mor1kx_rf_cappuccino/rfa/mem_reg[25][29]
u_mor1kx/mor1kx_cpu/cappuccino.mor1kx_cpu/mor1kx_rf_cappuccino/rfa/mem_reg[25][30]
u_mor1kx/mor1kx_cpu/cappuccino.mor1kx_cpu/mor1kx_rf_cappuccino/rfa/mem_reg[25][31]
u_mor1kx/mor1kx_cpu/cappuccino.mor1kx_cpu/mor1kx_rf_cappuccino/rfa/mem_reg[26][0]
u_mor1kx/mor1kx_cpu/cappuccino.mor1kx_cpu/mor1kx_rf_cappuccino/rfa/mem_reg[26][1]
u_mor1kx/mor1kx_cpu/cappuccino.mor1kx_cpu/mor1kx_rf_cappuccino/rfa/mem_reg[26][2]
u_mor1kx/mor1kx_cpu/cappuccino.mor1kx_cpu/mor1kx_rf_cappuccino/rfa/mem_reg[26][3]
u_mor1kx/mor1kx_cpu/cappuccino.mor1kx_cpu/mor1kx_rf_cappuccino/rfa/mem_reg[26][4]
u_mor1kx/mor1kx_cpu/cappuccino.mor1kx_cpu/mor1kx_rf_cappuccino/rfa/mem_reg[26][5]
u_mor1kx/mor1kx_cpu/cappuccino.mor1kx_cpu/mor1kx_rf_cappuccino/rfa/mem_reg[26][6]
u_mor1kx/mor1kx_cpu/cappuccino.mor1kx_cpu/mor1kx_rf_cappuccino/rfa/mem_reg[26][7]
u_mor1kx/mor1kx_cpu/cappuccino.mor1kx_cpu/mor1kx_rf_cappuccino/rfa/mem_reg[26][8]
u_mor1kx/mor1kx_cpu/cappuccino.mor1kx_cpu/mor1kx_rf_cappuccino/rfa/mem_reg[26][9]
u_mor1kx/mor1kx_cpu/cappuccino.mor1kx_cpu/mor1kx_rf_cappuccino/rfa/mem_reg[26][10]
u_mor1kx/mor1kx_cpu/cappuccino.mor1kx_cpu/mor1kx_rf_cappuccino/rfa/mem_reg[26][11]
u_mor1kx/mor1kx_cpu/cappuccino.mor1kx_cpu/mor1kx_rf_cappuccino/rfa/mem_reg[26][12]
u_mor1kx/mor1kx_cpu/cappuccino.mor1kx_cpu/mor1kx_rf_cappuccino/rfa/mem_reg[26][13]
u_mor1kx/mor1kx_cpu/cappuccino.mor1kx_cpu/mor1kx_rf_cappuccino/rfa/mem_reg[26][14]
u_mor1kx/mor1kx_cpu/cappuccino.mor1kx_cpu/mor1kx_rf_cappuccino/rfa/mem_reg[26][15]
u_mor1kx/mor1kx_cpu/cappuccino.mor1kx_cpu/mor1kx_rf_cappuccino/rfa/mem_reg[26][16]
u_mor1kx/mor1kx_cpu/cappuccino.mor1kx_cpu/mor1kx_rf_cappuccino/rfa/mem_reg[26][17]
u_mor1kx/mor1kx_cpu/cappuccino.mor1kx_cpu/mor1kx_rf_cappuccino/rfa/mem_reg[26][18]
u_mor1kx/mor1kx_cpu/cappuccino.mor1kx_cpu/mor1kx_rf_cappuccino/rfa/mem_reg[26][19]
u_mor1kx/mor1kx_cpu/cappuccino.mor1kx_cpu/mor1kx_rf_cappuccino/rfa/mem_reg[26][20]
u_mor1kx/mor1kx_cpu/cappuccino.mor1kx_cpu/mor1kx_rf_cappuccino/rfa/mem_reg[26][21]
u_mor1kx/mor1kx_cpu/cappuccino.mor1kx_cpu/mor1kx_rf_cappuccino/rfa/mem_reg[26][22]
u_mor1kx/mor1kx_cpu/cappuccino.mor1kx_cpu/mor1kx_rf_cappuccino/rfa/mem_reg[26][23]
u_mor1kx/mor1kx_cpu/cappuccino.mor1kx_cpu/mor1kx_rf_cappuccino/rfa/mem_reg[26][24]
u_mor1kx/mor1kx_cpu/cappuccino.mor1kx_cpu/mor1kx_rf_cappuccino/rfa/mem_reg[26][25]
u_mor1kx/mor1kx_cpu/cappuccino.mor1kx_cpu/mor1kx_rf_cappuccino/rfa/mem_reg[26][26]
u_mor1kx/mor1kx_cpu/cappuccino.mor1kx_cpu/mor1kx_rf_cappuccino/rfa/mem_reg[26][27]
u_mor1kx/mor1kx_cpu/cappuccino.mor1kx_cpu/mor1kx_rf_cappuccino/rfa/mem_reg[26][28]
u_mor1kx/mor1kx_cpu/cappuccino.mor1kx_cpu/mor1kx_rf_cappuccino/rfa/mem_reg[26][29]
u_mor1kx/mor1kx_cpu/cappuccino.mor1kx_cpu/mor1kx_rf_cappuccino/rfa/mem_reg[26][30]
u_mor1kx/mor1kx_cpu/cappuccino.mor1kx_cpu/mor1kx_rf_cappuccino/rfa/mem_reg[26][31]
u_mor1kx/mor1kx_cpu/cappuccino.mor1kx_cpu/mor1kx_rf_cappuccino/rfa/mem_reg[27][0]
u_mor1kx/mor1kx_cpu/cappuccino.mor1kx_cpu/mor1kx_rf_cappuccino/rfa/mem_reg[27][1]
u_mor1kx/mor1kx_cpu/cappuccino.mor1kx_cpu/mor1kx_rf_cappuccino/rfa/mem_reg[27][2]
u_mor1kx/mor1kx_cpu/cappuccino.mor1kx_cpu/mor1kx_rf_cappuccino/rfa/mem_reg[27][3]
u_mor1kx/mor1kx_cpu/cappuccino.mor1kx_cpu/mor1kx_rf_cappuccino/rfa/mem_reg[27][4]
u_mor1kx/mor1kx_cpu/cappuccino.mor1kx_cpu/mor1kx_rf_cappuccino/rfa/mem_reg[27][5]
u_mor1kx/mor1kx_cpu/cappuccino.mor1kx_cpu/mor1kx_rf_cappuccino/rfa/mem_reg[27][6]
u_mor1kx/mor1kx_cpu/cappuccino.mor1kx_cpu/mor1kx_rf_cappuccino/rfa/mem_reg[27][7]
u_mor1kx/mor1kx_cpu/cappuccino.mor1kx_cpu/mor1kx_rf_cappuccino/rfa/mem_reg[27][8]
u_mor1kx/mor1kx_cpu/cappuccino.mor1kx_cpu/mor1kx_rf_cappuccino/rfa/mem_reg[27][9]
u_mor1kx/mor1kx_cpu/cappuccino.mor1kx_cpu/mor1kx_rf_cappuccino/rfa/mem_reg[27][10]
u_mor1kx/mor1kx_cpu/cappuccino.mor1kx_cpu/mor1kx_rf_cappuccino/rfa/mem_reg[27][11]
u_mor1kx/mor1kx_cpu/cappuccino.mor1kx_cpu/mor1kx_rf_cappuccino/rfa/mem_reg[27][12]
u_mor1kx/mor1kx_cpu/cappuccino.mor1kx_cpu/mor1kx_rf_cappuccino/rfa/mem_reg[27][13]
u_mor1kx/mor1kx_cpu/cappuccino.mor1kx_cpu/mor1kx_rf_cappuccino/rfa/mem_reg[27][14]
u_mor1kx/mor1kx_cpu/cappuccino.mor1kx_cpu/mor1kx_rf_cappuccino/rfa/mem_reg[27][15]
u_mor1kx/mor1kx_cpu/cappuccino.mor1kx_cpu/mor1kx_rf_cappuccino/rfa/mem_reg[27][16]
u_mor1kx/mor1kx_cpu/cappuccino.mor1kx_cpu/mor1kx_rf_cappuccino/rfa/mem_reg[27][17]
u_mor1kx/mor1kx_cpu/cappuccino.mor1kx_cpu/mor1kx_rf_cappuccino/rfa/mem_reg[27][18]
u_mor1kx/mor1kx_cpu/cappuccino.mor1kx_cpu/mor1kx_rf_cappuccino/rfa/mem_reg[27][19]
u_mor1kx/mor1kx_cpu/cappuccino.mor1kx_cpu/mor1kx_rf_cappuccino/rfa/mem_reg[27][20]
u_mor1kx/mor1kx_cpu/cappuccino.mor1kx_cpu/mor1kx_rf_cappuccino/rfa/mem_reg[27][21]
u_mor1kx/mor1kx_cpu/cappuccino.mor1kx_cpu/mor1kx_rf_cappuccino/rfa/mem_reg[27][22]
u_mor1kx/mor1kx_cpu/cappuccino.mor1kx_cpu/mor1kx_rf_cappuccino/rfa/mem_reg[27][23]
u_mor1kx/mor1kx_cpu/cappuccino.mor1kx_cpu/mor1kx_rf_cappuccino/rfa/mem_reg[27][24]
u_mor1kx/mor1kx_cpu/cappuccino.mor1kx_cpu/mor1kx_rf_cappuccino/rfa/mem_reg[27][25]
u_mor1kx/mor1kx_cpu/cappuccino.mor1kx_cpu/mor1kx_rf_cappuccino/rfa/mem_reg[27][26]
u_mor1kx/mor1kx_cpu/cappuccino.mor1kx_cpu/mor1kx_rf_cappuccino/rfa/mem_reg[27][27]
u_mor1kx/mor1kx_cpu/cappuccino.mor1kx_cpu/mor1kx_rf_cappuccino/rfa/mem_reg[27][28]
u_mor1kx/mor1kx_cpu/cappuccino.mor1kx_cpu/mor1kx_rf_cappuccino/rfa/mem_reg[27][29]
u_mor1kx/mor1kx_cpu/cappuccino.mor1kx_cpu/mor1kx_rf_cappuccino/rfa/mem_reg[27][30]
u_mor1kx/mor1kx_cpu/cappuccino.mor1kx_cpu/mor1kx_rf_cappuccino/rfa/mem_reg[27][31]
u_mor1kx/mor1kx_cpu/cappuccino.mor1kx_cpu/mor1kx_rf_cappuccino/rfa/mem_reg[28][0]
u_mor1kx/mor1kx_cpu/cappuccino.mor1kx_cpu/mor1kx_rf_cappuccino/rfa/mem_reg[28][1]
u_mor1kx/mor1kx_cpu/cappuccino.mor1kx_cpu/mor1kx_rf_cappuccino/rfa/mem_reg[28][2]
u_mor1kx/mor1kx_cpu/cappuccino.mor1kx_cpu/mor1kx_rf_cappuccino/rfa/mem_reg[28][3]
u_mor1kx/mor1kx_cpu/cappuccino.mor1kx_cpu/mor1kx_rf_cappuccino/rfa/mem_reg[28][4]
u_mor1kx/mor1kx_cpu/cappuccino.mor1kx_cpu/mor1kx_rf_cappuccino/rfa/mem_reg[28][5]
u_mor1kx/mor1kx_cpu/cappuccino.mor1kx_cpu/mor1kx_rf_cappuccino/rfa/mem_reg[28][6]
u_mor1kx/mor1kx_cpu/cappuccino.mor1kx_cpu/mor1kx_rf_cappuccino/rfa/mem_reg[28][7]
u_mor1kx/mor1kx_cpu/cappuccino.mor1kx_cpu/mor1kx_rf_cappuccino/rfa/mem_reg[28][8]
u_mor1kx/mor1kx_cpu/cappuccino.mor1kx_cpu/mor1kx_rf_cappuccino/rfa/mem_reg[28][9]
u_mor1kx/mor1kx_cpu/cappuccino.mor1kx_cpu/mor1kx_rf_cappuccino/rfa/mem_reg[28][10]
u_mor1kx/mor1kx_cpu/cappuccino.mor1kx_cpu/mor1kx_rf_cappuccino/rfa/mem_reg[28][11]
u_mor1kx/mor1kx_cpu/cappuccino.mor1kx_cpu/mor1kx_rf_cappuccino/rfa/mem_reg[28][12]
u_mor1kx/mor1kx_cpu/cappuccino.mor1kx_cpu/mor1kx_rf_cappuccino/rfa/mem_reg[28][13]
u_mor1kx/mor1kx_cpu/cappuccino.mor1kx_cpu/mor1kx_rf_cappuccino/rfa/mem_reg[28][14]
u_mor1kx/mor1kx_cpu/cappuccino.mor1kx_cpu/mor1kx_rf_cappuccino/rfa/mem_reg[28][15]
u_mor1kx/mor1kx_cpu/cappuccino.mor1kx_cpu/mor1kx_rf_cappuccino/rfa/mem_reg[28][16]
u_mor1kx/mor1kx_cpu/cappuccino.mor1kx_cpu/mor1kx_rf_cappuccino/rfa/mem_reg[28][17]
u_mor1kx/mor1kx_cpu/cappuccino.mor1kx_cpu/mor1kx_rf_cappuccino/rfa/mem_reg[28][18]
u_mor1kx/mor1kx_cpu/cappuccino.mor1kx_cpu/mor1kx_rf_cappuccino/rfa/mem_reg[28][19]
u_mor1kx/mor1kx_cpu/cappuccino.mor1kx_cpu/mor1kx_rf_cappuccino/rfa/mem_reg[28][20]
u_mor1kx/mor1kx_cpu/cappuccino.mor1kx_cpu/mor1kx_rf_cappuccino/rfa/mem_reg[28][21]
u_mor1kx/mor1kx_cpu/cappuccino.mor1kx_cpu/mor1kx_rf_cappuccino/rfa/mem_reg[28][22]
u_mor1kx/mor1kx_cpu/cappuccino.mor1kx_cpu/mor1kx_rf_cappuccino/rfa/mem_reg[28][23]
u_mor1kx/mor1kx_cpu/cappuccino.mor1kx_cpu/mor1kx_rf_cappuccino/rfa/mem_reg[28][24]
u_mor1kx/mor1kx_cpu/cappuccino.mor1kx_cpu/mor1kx_rf_cappuccino/rfa/mem_reg[28][25]
u_mor1kx/mor1kx_cpu/cappuccino.mor1kx_cpu/mor1kx_rf_cappuccino/rfa/mem_reg[28][26]
u_mor1kx/mor1kx_cpu/cappuccino.mor1kx_cpu/mor1kx_rf_cappuccino/rfa/mem_reg[28][27]
u_mor1kx/mor1kx_cpu/cappuccino.mor1kx_cpu/mor1kx_rf_cappuccino/rfa/mem_reg[29][0]
u_mor1kx/mor1kx_cpu/cappuccino.mor1kx_cpu/mor1kx_rf_cappuccino/rfa/mem_reg[29][1]
u_mor1kx/mor1kx_cpu/cappuccino.mor1kx_cpu/mor1kx_rf_cappuccino/rfa/mem_reg[29][2]
u_mor1kx/mor1kx_cpu/cappuccino.mor1kx_cpu/mor1kx_rf_cappuccino/rfa/mem_reg[29][3]
u_mor1kx/mor1kx_cpu/cappuccino.mor1kx_cpu/mor1kx_rf_cappuccino/rfa/mem_reg[29][4]
u_mor1kx/mor1kx_cpu/cappuccino.mor1kx_cpu/mor1kx_rf_cappuccino/rfa/mem_reg[29][5]
u_mor1kx/mor1kx_cpu/cappuccino.mor1kx_cpu/mor1kx_rf_cappuccino/rfa/mem_reg[29][6]
u_mor1kx/mor1kx_cpu/cappuccino.mor1kx_cpu/mor1kx_rf_cappuccino/rfa/mem_reg[29][7]
u_mor1kx/mor1kx_cpu/cappuccino.mor1kx_cpu/mor1kx_rf_cappuccino/rfa/mem_reg[29][8]
u_mor1kx/mor1kx_cpu/cappuccino.mor1kx_cpu/mor1kx_rf_cappuccino/rfa/mem_reg[29][9]
u_mor1kx/mor1kx_cpu/cappuccino.mor1kx_cpu/mor1kx_rf_cappuccino/rfa/mem_reg[29][10]
u_mor1kx/mor1kx_cpu/cappuccino.mor1kx_cpu/mor1kx_rf_cappuccino/rfa/mem_reg[29][11]
u_mor1kx/mor1kx_cpu/cappuccino.mor1kx_cpu/mor1kx_rf_cappuccino/rfa/mem_reg[29][12]
u_mor1kx/mor1kx_cpu/cappuccino.mor1kx_cpu/mor1kx_rf_cappuccino/rfa/mem_reg[29][13]
u_mor1kx/mor1kx_cpu/cappuccino.mor1kx_cpu/mor1kx_rf_cappuccino/rfa/mem_reg[29][14]
u_mor1kx/mor1kx_cpu/cappuccino.mor1kx_cpu/mor1kx_rf_cappuccino/rfa/mem_reg[29][15]
u_mor1kx/mor1kx_cpu/cappuccino.mor1kx_cpu/mor1kx_rf_cappuccino/rfa/mem_reg[29][16]
u_mor1kx/mor1kx_cpu/cappuccino.mor1kx_cpu/mor1kx_rf_cappuccino/rfa/mem_reg[29][17]
u_mor1kx/mor1kx_cpu/cappuccino.mor1kx_cpu/mor1kx_rf_cappuccino/rfa/mem_reg[29][18]
u_mor1kx/mor1kx_cpu/cappuccino.mor1kx_cpu/mor1kx_rf_cappuccino/rfa/mem_reg[29][19]
u_mor1kx/mor1kx_cpu/cappuccino.mor1kx_cpu/mor1kx_rf_cappuccino/rfa/mem_reg[29][20]
u_mor1kx/mor1kx_cpu/cappuccino.mor1kx_cpu/mor1kx_rf_cappuccino/rfa/mem_reg[29][21]
u_mor1kx/mor1kx_cpu/cappuccino.mor1kx_cpu/mor1kx_rf_cappuccino/rfa/mem_reg[29][22]
u_mor1kx/mor1kx_cpu/cappuccino.mor1kx_cpu/mor1kx_rf_cappuccino/rfa/mem_reg[29][23]
u_mor1kx/mor1kx_cpu/cappuccino.mor1kx_cpu/mor1kx_rf_cappuccino/rfa/mem_reg[29][24]
u_mor1kx/mor1kx_cpu/cappuccino.mor1kx_cpu/mor1kx_rf_cappuccino/rfa/mem_reg[29][25]
u_mor1kx/mor1kx_cpu/cappuccino.mor1kx_cpu/mor1kx_rf_cappuccino/rfa/mem_reg[29][26]
u_mor1kx/mor1kx_cpu/cappuccino.mor1kx_cpu/mor1kx_rf_cappuccino/rfa/mem_reg[29][27]
u_mor1kx/mor1kx_cpu/cappuccino.mor1kx_cpu/mor1kx_rf_cappuccino/rfa/mem_reg[30][1]
u_mor1kx/mor1kx_cpu/cappuccino.mor1kx_cpu/mor1kx_rf_cappuccino/rfa/mem_reg[30][2]
u_mor1kx/mor1kx_cpu/cappuccino.mor1kx_cpu/mor1kx_rf_cappuccino/rfa/mem_reg[30][3]
u_mor1kx/mor1kx_cpu/cappuccino.mor1kx_cpu/mor1kx_rf_cappuccino/rfa/mem_reg[30][4]
u_mor1kx/mor1kx_cpu/cappuccino.mor1kx_cpu/mor1kx_rf_cappuccino/rfa/mem_reg[30][5]
u_mor1kx/mor1kx_cpu/cappuccino.mor1kx_cpu/mor1kx_rf_cappuccino/rfa/mem_reg[30][6]
u_mor1kx/mor1kx_cpu/cappuccino.mor1kx_cpu/mor1kx_rf_cappuccino/rfa/mem_reg[30][7]
u_mor1kx/mor1kx_cpu/cappuccino.mor1kx_cpu/mor1kx_rf_cappuccino/rfa/mem_reg[30][8]
u_mor1kx/mor1kx_cpu/cappuccino.mor1kx_cpu/mor1kx_rf_cappuccino/rfa/mem_reg[30][9]
u_mor1kx/mor1kx_cpu/cappuccino.mor1kx_cpu/mor1kx_rf_cappuccino/rfa/mem_reg[30][10]
u_mor1kx/mor1kx_cpu/cappuccino.mor1kx_cpu/mor1kx_rf_cappuccino/rfa/mem_reg[30][11]
u_mor1kx/mor1kx_cpu/cappuccino.mor1kx_cpu/mor1kx_rf_cappuccino/rfa/mem_reg[30][12]
u_mor1kx/mor1kx_cpu/cappuccino.mor1kx_cpu/mor1kx_rf_cappuccino/rfa/mem_reg[30][13]
u_mor1kx/mor1kx_cpu/cappuccino.mor1kx_cpu/mor1kx_rf_cappuccino/rfa/mem_reg[30][14]
u_mor1kx/mor1kx_cpu/cappuccino.mor1kx_cpu/mor1kx_rf_cappuccino/rfa/mem_reg[30][15]
u_mor1kx/mor1kx_cpu/cappuccino.mor1kx_cpu/mor1kx_rf_cappuccino/rfa/mem_reg[30][16]
u_mor1kx/mor1kx_cpu/cappuccino.mor1kx_cpu/mor1kx_rf_cappuccino/rfa/mem_reg[30][17]
u_mor1kx/mor1kx_cpu/cappuccino.mor1kx_cpu/mor1kx_rf_cappuccino/rfa/mem_reg[30][18]
u_mor1kx/mor1kx_cpu/cappuccino.mor1kx_cpu/mor1kx_rf_cappuccino/rfa/mem_reg[30][19]
u_mor1kx/mor1kx_cpu/cappuccino.mor1kx_cpu/mor1kx_rf_cappuccino/rfa/mem_reg[30][20]
u_mor1kx/mor1kx_cpu/cappuccino.mor1kx_cpu/mor1kx_rf_cappuccino/rfa/mem_reg[30][21]
u_mor1kx/mor1kx_cpu/cappuccino.mor1kx_cpu/mor1kx_rf_cappuccino/rfa/mem_reg[30][22]
u_mor1kx/mor1kx_cpu/cappuccino.mor1kx_cpu/mor1kx_rf_cappuccino/rfa/mem_reg[31][1]
u_mor1kx/mor1kx_cpu/cappuccino.mor1kx_cpu/mor1kx_rf_cappuccino/rfa/mem_reg[31][2]
u_mor1kx/mor1kx_cpu/cappuccino.mor1kx_cpu/mor1kx_rf_cappuccino/rfa/mem_reg[31][3]
u_mor1kx/mor1kx_cpu/cappuccino.mor1kx_cpu/mor1kx_rf_cappuccino/rfa/mem_reg[31][4]
u_mor1kx/mor1kx_cpu/cappuccino.mor1kx_cpu/mor1kx_rf_cappuccino/rfa/mem_reg[31][5]
u_mor1kx/mor1kx_cpu/cappuccino.mor1kx_cpu/mor1kx_rf_cappuccino/rfa/mem_reg[31][6]
u_mor1kx/mor1kx_cpu/cappuccino.mor1kx_cpu/mor1kx_rf_cappuccino/rfa/mem_reg[31][7]
u_mor1kx/mor1kx_cpu/cappuccino.mor1kx_cpu/mor1kx_rf_cappuccino/rfa/mem_reg[31][8]
u_mor1kx/mor1kx_cpu/cappuccino.mor1kx_cpu/mor1kx_rf_cappuccino/rfa/mem_reg[31][9]
u_mor1kx/mor1kx_cpu/cappuccino.mor1kx_cpu/mor1kx_rf_cappuccino/rfa/mem_reg[31][10]
u_mor1kx/mor1kx_cpu/cappuccino.mor1kx_cpu/mor1kx_rf_cappuccino/rfa/mem_reg[31][11]
u_mor1kx/mor1kx_cpu/cappuccino.mor1kx_cpu/mor1kx_rf_cappuccino/rfa/mem_reg[31][12]
u_mor1kx/mor1kx_cpu/cappuccino.mor1kx_cpu/mor1kx_rf_cappuccino/rfa/mem_reg[31][13]
u_mor1kx/mor1kx_cpu/cappuccino.mor1kx_cpu/mor1kx_rf_cappuccino/rfa/mem_reg[31][14]
u_mor1kx/mor1kx_cpu/cappuccino.mor1kx_cpu/mor1kx_rf_cappuccino/rfa/mem_reg[31][15]
u_mor1kx/mor1kx_cpu/cappuccino.mor1kx_cpu/mor1kx_rf_cappuccino/rfa/mem_reg[31][16]
u_mor1kx/mor1kx_cpu/cappuccino.mor1kx_cpu/mor1kx_rf_cappuccino/rfa/mem_reg[31][17]
u_mor1kx/mor1kx_cpu/cappuccino.mor1kx_cpu/mor1kx_rf_cappuccino/rfa/mem_reg[31][18]
u_mor1kx/mor1kx_cpu/cappuccino.mor1kx_cpu/mor1kx_rf_cappuccino/rfa/mem_reg[31][19]
u_mor1kx/mor1kx_cpu/cappuccino.mor1kx_cpu/mor1kx_rf_cappuccino/rfa/mem_reg[31][20]
u_mor1kx/mor1kx_cpu/cappuccino.mor1kx_cpu/mor1kx_rf_cappuccino/rfa/mem_reg[31][21]
u_mor1kx/mor1kx_cpu/cappuccino.mor1kx_cpu/mor1kx_rf_cappuccino/rfa/mem_reg[31][22]
u_mor1kx/mor1kx_cpu/cappuccino.mor1kx_cpu/mor1kx_rf_cappuccino/rfb/mem_reg[6][23]
u_mor1kx/mor1kx_cpu/cappuccino.mor1kx_cpu/mor1kx_rf_cappuccino/rfb/mem_reg[6][24]
u_mor1kx/mor1kx_cpu/cappuccino.mor1kx_cpu/mor1kx_rf_cappuccino/rfb/mem_reg[6][25]
u_mor1kx/mor1kx_cpu/cappuccino.mor1kx_cpu/mor1kx_rf_cappuccino/rfb/mem_reg[6][26]
u_mor1kx/mor1kx_cpu/cappuccino.mor1kx_cpu/mor1kx_rf_cappuccino/rfb/mem_reg[6][27]
u_mor1kx/mor1kx_cpu/cappuccino.mor1kx_cpu/mor1kx_rf_cappuccino/rfb/mem_reg[6][28]
u_mor1kx/mor1kx_cpu/cappuccino.mor1kx_cpu/mor1kx_rf_cappuccino/rfb/mem_reg[6][29]
u_mor1kx/mor1kx_cpu/cappuccino.mor1kx_cpu/mor1kx_rf_cappuccino/rfb/mem_reg[6][30]
u_mor1kx/mor1kx_cpu/cappuccino.mor1kx_cpu/mor1kx_rf_cappuccino/rfb/mem_reg[6][31]
u_mor1kx/mor1kx_cpu/cappuccino.mor1kx_cpu/mor1kx_rf_cappuccino/rfb/mem_reg[7][23]
u_mor1kx/mor1kx_cpu/cappuccino.mor1kx_cpu/mor1kx_rf_cappuccino/rfb/mem_reg[7][24]
u_mor1kx/mor1kx_cpu/cappuccino.mor1kx_cpu/mor1kx_rf_cappuccino/rfb/mem_reg[7][25]
u_mor1kx/mor1kx_cpu/cappuccino.mor1kx_cpu/mor1kx_rf_cappuccino/rfb/mem_reg[7][26]
u_mor1kx/mor1kx_cpu/cappuccino.mor1kx_cpu/mor1kx_rf_cappuccino/rfb/mem_reg[7][27]
u_mor1kx/mor1kx_cpu/cappuccino.mor1kx_cpu/mor1kx_rf_cappuccino/rfb/mem_reg[7][28]
u_mor1kx/mor1kx_cpu/cappuccino.mor1kx_cpu/mor1kx_rf_cappuccino/rfb/mem_reg[7][29]
u_mor1kx/mor1kx_cpu/cappuccino.mor1kx_cpu/mor1kx_rf_cappuccino/rfb/mem_reg[7][30]
u_mor1kx/mor1kx_cpu/cappuccino.mor1kx_cpu/mor1kx_rf_cappuccino/rfb/mem_reg[7][31]
u_mor1kx/mor1kx_cpu/cappuccino.mor1kx_cpu/mor1kx_rf_cappuccino/rfb/mem_reg[14][23]
u_mor1kx/mor1kx_cpu/cappuccino.mor1kx_cpu/mor1kx_rf_cappuccino/rfb/mem_reg[14][24]
u_mor1kx/mor1kx_cpu/cappuccino.mor1kx_cpu/mor1kx_rf_cappuccino/rfb/mem_reg[14][25]
u_mor1kx/mor1kx_cpu/cappuccino.mor1kx_cpu/mor1kx_rf_cappuccino/rfb/mem_reg[14][26]
u_mor1kx/mor1kx_cpu/cappuccino.mor1kx_cpu/mor1kx_rf_cappuccino/rfb/mem_reg[14][27]
u_mor1kx/mor1kx_cpu/cappuccino.mor1kx_cpu/mor1kx_rf_cappuccino/rfb/mem_reg[14][28]
u_mor1kx/mor1kx_cpu/cappuccino.mor1kx_cpu/mor1kx_rf_cappuccino/rfb/mem_reg[14][29]
u_mor1kx/mor1kx_cpu/cappuccino.mor1kx_cpu/mor1kx_rf_cappuccino/rfb/mem_reg[14][30]
u_mor1kx/mor1kx_cpu/cappuccino.mor1kx_cpu/mor1kx_rf_cappuccino/rfb/mem_reg[14][31]
u_mor1kx/mor1kx_cpu/cappuccino.mor1kx_cpu/mor1kx_rf_cappuccino/rfb/mem_reg[15][23]
u_mor1kx/mor1kx_cpu/cappuccino.mor1kx_cpu/mor1kx_rf_cappuccino/rfb/mem_reg[15][24]
u_mor1kx/mor1kx_cpu/cappuccino.mor1kx_cpu/mor1kx_rf_cappuccino/rfb/mem_reg[15][25]
u_mor1kx/mor1kx_cpu/cappuccino.mor1kx_cpu/mor1kx_rf_cappuccino/rfb/mem_reg[15][26]
u_mor1kx/mor1kx_cpu/cappuccino.mor1kx_cpu/mor1kx_rf_cappuccino/rfb/mem_reg[15][27]
u_mor1kx/mor1kx_cpu/cappuccino.mor1kx_cpu/mor1kx_rf_cappuccino/rfb/mem_reg[15][28]
u_mor1kx/mor1kx_cpu/cappuccino.mor1kx_cpu/mor1kx_rf_cappuccino/rfb/mem_reg[15][29]
u_mor1kx/mor1kx_cpu/cappuccino.mor1kx_cpu/mor1kx_rf_cappuccino/rfb/mem_reg[15][30]
u_mor1kx/mor1kx_cpu/cappuccino.mor1kx_cpu/mor1kx_rf_cappuccino/rfb/mem_reg[15][31]
u_mor1kx/mor1kx_cpu/cappuccino.mor1kx_cpu/mor1kx_rf_cappuccino/rfb/mem_reg[22][23]
u_mor1kx/mor1kx_cpu/cappuccino.mor1kx_cpu/mor1kx_rf_cappuccino/rfb/mem_reg[22][24]
u_mor1kx/mor1kx_cpu/cappuccino.mor1kx_cpu/mor1kx_rf_cappuccino/rfb/mem_reg[22][25]
u_mor1kx/mor1kx_cpu/cappuccino.mor1kx_cpu/mor1kx_rf_cappuccino/rfb/mem_reg[22][26]
u_mor1kx/mor1kx_cpu/cappuccino.mor1kx_cpu/mor1kx_rf_cappuccino/rfb/mem_reg[22][27]
u_mor1kx/mor1kx_cpu/cappuccino.mor1kx_cpu/mor1kx_rf_cappuccino/rfb/mem_reg[22][28]
u_mor1kx/mor1kx_cpu/cappuccino.mor1kx_cpu/mor1kx_rf_cappuccino/rfb/mem_reg[22][29]
u_mor1kx/mor1kx_cpu/cappuccino.mor1kx_cpu/mor1kx_rf_cappuccino/rfb/mem_reg[22][30]
u_mor1kx/mor1kx_cpu/cappuccino.mor1kx_cpu/mor1kx_rf_cappuccino/rfb/mem_reg[22][31]
u_mor1kx/mor1kx_cpu/cappuccino.mor1kx_cpu/mor1kx_rf_cappuccino/rfb/mem_reg[23][23]
u_mor1kx/mor1kx_cpu/cappuccino.mor1kx_cpu/mor1kx_rf_cappuccino/rfb/mem_reg[23][24]
u_mor1kx/mor1kx_cpu/cappuccino.mor1kx_cpu/mor1kx_rf_cappuccino/rfb/mem_reg[23][25]
u_mor1kx/mor1kx_cpu/cappuccino.mor1kx_cpu/mor1kx_rf_cappuccino/rfb/mem_reg[23][26]
u_mor1kx/mor1kx_cpu/cappuccino.mor1kx_cpu/mor1kx_rf_cappuccino/rfb/mem_reg[23][27]
u_mor1kx/mor1kx_cpu/cappuccino.mor1kx_cpu/mor1kx_rf_cappuccino/rfb/mem_reg[23][28]
u_mor1kx/mor1kx_cpu/cappuccino.mor1kx_cpu/mor1kx_rf_cappuccino/rfb/mem_reg[23][29]
u_mor1kx/mor1kx_cpu/cappuccino.mor1kx_cpu/mor1kx_rf_cappuccino/rfb/mem_reg[23][30]
u_mor1kx/mor1kx_cpu/cappuccino.mor1kx_cpu/mor1kx_rf_cappuccino/rfb/mem_reg[23][31]
u_mor1kx/mor1kx_cpu/cappuccino.mor1kx_cpu/mor1kx_rf_cappuccino/rfb/mem_reg[30][23]
u_mor1kx/mor1kx_cpu/cappuccino.mor1kx_cpu/mor1kx_rf_cappuccino/rfb/mem_reg[30][24]
u_mor1kx/mor1kx_cpu/cappuccino.mor1kx_cpu/mor1kx_rf_cappuccino/rfb/mem_reg[30][25]
u_mor1kx/mor1kx_cpu/cappuccino.mor1kx_cpu/mor1kx_rf_cappuccino/rfb/mem_reg[30][26]
u_mor1kx/mor1kx_cpu/cappuccino.mor1kx_cpu/mor1kx_rf_cappuccino/rfb/mem_reg[30][27]
u_mor1kx/mor1kx_cpu/cappuccino.mor1kx_cpu/mor1kx_rf_cappuccino/rfb/mem_reg[30][28]
u_mor1kx/mor1kx_cpu/cappuccino.mor1kx_cpu/mor1kx_rf_cappuccino/rfb/mem_reg[30][29]
u_mor1kx/mor1kx_cpu/cappuccino.mor1kx_cpu/mor1kx_rf_cappuccino/rfb/mem_reg[30][30]
u_mor1kx/mor1kx_cpu/cappuccino.mor1kx_cpu/mor1kx_rf_cappuccino/rfb/mem_reg[30][31]
u_mor1kx/mor1kx_cpu/cappuccino.mor1kx_cpu/mor1kx_rf_cappuccino/rfb/mem_reg[31][23]
u_mor1kx/mor1kx_cpu/cappuccino.mor1kx_cpu/mor1kx_rf_cappuccino/rfb/mem_reg[31][24]
u_mor1kx/mor1kx_cpu/cappuccino.mor1kx_cpu/mor1kx_rf_cappuccino/rfb/mem_reg[31][25]
u_mor1kx/mor1kx_cpu/cappuccino.mor1kx_cpu/mor1kx_rf_cappuccino/rfb/mem_reg[31][26]
u_mor1kx/mor1kx_cpu/cappuccino.mor1kx_cpu/mor1kx_rf_cappuccino/rfb/mem_reg[31][27]
u_mor1kx/mor1kx_cpu/cappuccino.mor1kx_cpu/mor1kx_rf_cappuccino/rfb/mem_reg[31][28]
u_mor1kx/mor1kx_cpu/cappuccino.mor1kx_cpu/mor1kx_rf_cappuccino/rfb/mem_reg[31][29]
u_mor1kx/mor1kx_cpu/cappuccino.mor1kx_cpu/mor1kx_rf_cappuccino/rfb/mem_reg[31][30]
u_mor1kx/mor1kx_cpu/cappuccino.mor1kx_cpu/mor1kx_rf_cappuccino/rfb/mem_reg[31][31]
u_mor1kx/mor1kx_cpu/cappuccino.mor1kx_cpu/mor1kx_rf_cappuccino/rfb/mem_reg[4][28]
u_mor1kx/mor1kx_cpu/cappuccino.mor1kx_cpu/mor1kx_rf_cappuccino/rfb/mem_reg[4][29]
u_mor1kx/mor1kx_cpu/cappuccino.mor1kx_cpu/mor1kx_rf_cappuccino/rfb/mem_reg[4][30]
u_mor1kx/mor1kx_cpu/cappuccino.mor1kx_cpu/mor1kx_rf_cappuccino/rfb/mem_reg[4][31]
u_mor1kx/mor1kx_cpu/cappuccino.mor1kx_cpu/mor1kx_rf_cappuccino/rfb/mem_reg[5][28]
u_mor1kx/mor1kx_cpu/cappuccino.mor1kx_cpu/mor1kx_rf_cappuccino/rfb/mem_reg[5][29]
u_mor1kx/mor1kx_cpu/cappuccino.mor1kx_cpu/mor1kx_rf_cappuccino/rfb/mem_reg[5][30]
u_mor1kx/mor1kx_cpu/cappuccino.mor1kx_cpu/mor1kx_rf_cappuccino/rfb/mem_reg[5][31]
u_mor1kx/mor1kx_cpu/cappuccino.mor1kx_cpu/mor1kx_rf_cappuccino/rfb/mem_reg[12][28]
u_mor1kx/mor1kx_cpu/cappuccino.mor1kx_cpu/mor1kx_rf_cappuccino/rfb/mem_reg[12][29]
u_mor1kx/mor1kx_cpu/cappuccino.mor1kx_cpu/mor1kx_rf_cappuccino/rfb/mem_reg[12][30]
u_mor1kx/mor1kx_cpu/cappuccino.mor1kx_cpu/mor1kx_rf_cappuccino/rfb/mem_reg[12][31]
u_mor1kx/mor1kx_cpu/cappuccino.mor1kx_cpu/mor1kx_rf_cappuccino/rfb/mem_reg[13][28]
u_mor1kx/mor1kx_cpu/cappuccino.mor1kx_cpu/mor1kx_rf_cappuccino/rfb/mem_reg[13][29]
u_mor1kx/mor1kx_cpu/cappuccino.mor1kx_cpu/mor1kx_rf_cappuccino/rfb/mem_reg[13][30]
u_mor1kx/mor1kx_cpu/cappuccino.mor1kx_cpu/mor1kx_rf_cappuccino/rfb/mem_reg[13][31]
u_mor1kx/mor1kx_cpu/cappuccino.mor1kx_cpu/mor1kx_rf_cappuccino/rfb/mem_reg[20][28]
u_mor1kx/mor1kx_cpu/cappuccino.mor1kx_cpu/mor1kx_rf_cappuccino/rfb/mem_reg[20][29]
u_mor1kx/mor1kx_cpu/cappuccino.mor1kx_cpu/mor1kx_rf_cappuccino/rfb/mem_reg[20][30]
u_mor1kx/mor1kx_cpu/cappuccino.mor1kx_cpu/mor1kx_rf_cappuccino/rfb/mem_reg[20][31]
u_mor1kx/mor1kx_cpu/cappuccino.mor1kx_cpu/mor1kx_rf_cappuccino/rfb/mem_reg[21][28]
u_mor1kx/mor1kx_cpu/cappuccino.mor1kx_cpu/mor1kx_rf_cappuccino/rfb/mem_reg[21][29]
u_mor1kx/mor1kx_cpu/cappuccino.mor1kx_cpu/mor1kx_rf_cappuccino/rfb/mem_reg[21][30]
u_mor1kx/mor1kx_cpu/cappuccino.mor1kx_cpu/mor1kx_rf_cappuccino/rfb/mem_reg[21][31]
u_mor1kx/mor1kx_cpu/cappuccino.mor1kx_cpu/mor1kx_rf_cappuccino/rfb/mem_reg[28][28]
u_mor1kx/mor1kx_cpu/cappuccino.mor1kx_cpu/mor1kx_rf_cappuccino/rfb/mem_reg[28][29]
u_mor1kx/mor1kx_cpu/cappuccino.mor1kx_cpu/mor1kx_rf_cappuccino/rfb/mem_reg[28][30]
u_mor1kx/mor1kx_cpu/cappuccino.mor1kx_cpu/mor1kx_rf_cappuccino/rfb/mem_reg[28][31]
u_mor1kx/mor1kx_cpu/cappuccino.mor1kx_cpu/mor1kx_rf_cappuccino/rfb/mem_reg[29][28]
u_mor1kx/mor1kx_cpu/cappuccino.mor1kx_cpu/mor1kx_rf_cappuccino/rfb/mem_reg[29][29]
u_mor1kx/mor1kx_cpu/cappuccino.mor1kx_cpu/mor1kx_rf_cappuccino/rfb/mem_reg[29][30]
u_mor1kx/mor1kx_cpu/cappuccino.mor1kx_cpu/mor1kx_rf_cappuccino/rfb/mem_reg[29][31]
u_mor1kx/mor1kx_cpu/cappuccino.mor1kx_cpu/mor1kx_rf_cappuccino/rfb/mem_reg[0][1]
u_mor1kx/mor1kx_cpu/cappuccino.mor1kx_cpu/mor1kx_rf_cappuccino/rfb/mem_reg[0][2]
u_mor1kx/mor1kx_cpu/cappuccino.mor1kx_cpu/mor1kx_rf_cappuccino/rfb/mem_reg[0][3]
u_mor1kx/mor1kx_cpu/cappuccino.mor1kx_cpu/mor1kx_rf_cappuccino/rfb/mem_reg[0][4]
u_mor1kx/mor1kx_cpu/cappuccino.mor1kx_cpu/mor1kx_rf_cappuccino/rfb/mem_reg[0][5]
u_mor1kx/mor1kx_cpu/cappuccino.mor1kx_cpu/mor1kx_rf_cappuccino/rfb/mem_reg[0][6]
u_mor1kx/mor1kx_cpu/cappuccino.mor1kx_cpu/mor1kx_rf_cappuccino/rfb/mem_reg[0][7]
u_mor1kx/mor1kx_cpu/cappuccino.mor1kx_cpu/mor1kx_rf_cappuccino/rfb/mem_reg[0][8]
u_mor1kx/mor1kx_cpu/cappuccino.mor1kx_cpu/mor1kx_rf_cappuccino/rfb/mem_reg[24][7]
u_mor1kx/mor1kx_cpu/cappuccino.mor1kx_cpu/mor1kx_rf_cappuccino/rfb/mem_reg[24][8]
u_mor1kx/mor1kx_cpu/cappuccino.mor1kx_cpu/mor1kx_rf_cappuccino/rfb/mem_reg[24][9]
u_mor1kx/mor1kx_cpu/cappuccino.mor1kx_cpu/mor1kx_rf_cappuccino/rfb/mem_reg[24][10]
u_mor1kx/mor1kx_cpu/cappuccino.mor1kx_cpu/mor1kx_rf_cappuccino/rfb/mem_reg[24][11]
u_mor1kx/mor1kx_cpu/cappuccino.mor1kx_cpu/mor1kx_rf_cappuccino/rfb/mem_reg[24][12]
u_mor1kx/mor1kx_cpu/cappuccino.mor1kx_cpu/mor1kx_rf_cappuccino/rfb/mem_reg[24][13]
u_mor1kx/mor1kx_cpu/cappuccino.mor1kx_cpu/mor1kx_rf_cappuccino/rfb/mem_reg[24][14]
u_mor1kx/mor1kx_cpu/cappuccino.mor1kx_cpu/mor1kx_rf_cappuccino/rfb/mem_reg[24][15]
u_mor1kx/mor1kx_cpu/cappuccino.mor1kx_cpu/mor1kx_rf_cappuccino/rfb/mem_reg[24][16]
u_mor1kx/mor1kx_cpu/cappuccino.mor1kx_cpu/mor1kx_rf_cappuccino/rfb/mem_reg[24][17]
u_mor1kx/mor1kx_cpu/cappuccino.mor1kx_cpu/mor1kx_rf_cappuccino/rfb/mem_reg[24][18]
u_mor1kx/mor1kx_cpu/cappuccino.mor1kx_cpu/mor1kx_rf_cappuccino/rfb/mem_reg[24][19]
u_mor1kx/mor1kx_cpu/cappuccino.mor1kx_cpu/mor1kx_rf_cappuccino/rfb/mem_reg[24][20]
u_mor1kx/mor1kx_cpu/cappuccino.mor1kx_cpu/mor1kx_rf_cappuccino/rfb/mem_reg[24][21]
u_mor1kx/mor1kx_cpu/cappuccino.mor1kx_cpu/mor1kx_rf_cappuccino/rfb/mem_reg[24][22]
u_mor1kx/mor1kx_cpu/cappuccino.mor1kx_cpu/mor1kx_rf_cappuccino/rfb/mem_reg[6][0]
u_mor1kx/mor1kx_cpu/cappuccino.mor1kx_cpu/mor1kx_rf_cappuccino/rfb/mem_reg[7][0]
u_mor1kx/mor1kx_cpu/cappuccino.mor1kx_cpu/mor1kx_rf_cappuccino/rfb/mem_reg[14][0]
u_mor1kx/mor1kx_cpu/cappuccino.mor1kx_cpu/mor1kx_rf_cappuccino/rfb/mem_reg[15][0]
u_mor1kx/mor1kx_cpu/cappuccino.mor1kx_cpu/mor1kx_rf_cappuccino/rfb/mem_reg[22][0]
u_mor1kx/mor1kx_cpu/cappuccino.mor1kx_cpu/mor1kx_rf_cappuccino/rfb/mem_reg[23][0]
u_mor1kx/mor1kx_cpu/cappuccino.mor1kx_cpu/mor1kx_rf_cappuccino/rfb/mem_reg[30][0]
u_mor1kx/mor1kx_cpu/cappuccino.mor1kx_cpu/mor1kx_rf_cappuccino/rfb/mem_reg[31][0]
u_mor1kx/mor1kx_cpu/cappuccino.mor1kx_cpu/mor1kx_rf_cappuccino/rfb/mem_reg[0][23]
u_mor1kx/mor1kx_cpu/cappuccino.mor1kx_cpu/mor1kx_rf_cappuccino/rfb/mem_reg[0][24]
u_mor1kx/mor1kx_cpu/cappuccino.mor1kx_cpu/mor1kx_rf_cappuccino/rfb/mem_reg[0][25]
u_mor1kx/mor1kx_cpu/cappuccino.mor1kx_cpu/mor1kx_rf_cappuccino/rfb/mem_reg[0][26]
u_mor1kx/mor1kx_cpu/cappuccino.mor1kx_cpu/mor1kx_rf_cappuccino/rfb/mem_reg[0][27]
u_mor1kx/mor1kx_cpu/cappuccino.mor1kx_cpu/mor1kx_rf_cappuccino/rfb/mem_reg[0][28]
u_mor1kx/mor1kx_cpu/cappuccino.mor1kx_cpu/mor1kx_rf_cappuccino/rfb/mem_reg[0][29]
u_mor1kx/mor1kx_cpu/cappuccino.mor1kx_cpu/mor1kx_rf_cappuccino/rfb/mem_reg[0][30]
u_mor1kx/mor1kx_cpu/cappuccino.mor1kx_cpu/mor1kx_rf_cappuccino/rfb/mem_reg[0][31]
u_mor1kx/mor1kx_cpu/cappuccino.mor1kx_cpu/mor1kx_rf_cappuccino/rfb/mem_reg[8][23]
u_mor1kx/mor1kx_cpu/cappuccino.mor1kx_cpu/mor1kx_rf_cappuccino/rfb/mem_reg[8][24]
u_mor1kx/mor1kx_cpu/cappuccino.mor1kx_cpu/mor1kx_rf_cappuccino/rfb/mem_reg[8][25]
u_mor1kx/mor1kx_cpu/cappuccino.mor1kx_cpu/mor1kx_rf_cappuccino/rfb/mem_reg[8][26]
u_mor1kx/mor1kx_cpu/cappuccino.mor1kx_cpu/mor1kx_rf_cappuccino/rfb/mem_reg[8][27]
u_mor1kx/mor1kx_cpu/cappuccino.mor1kx_cpu/mor1kx_rf_cappuccino/rfb/mem_reg[8][28]
u_mor1kx/mor1kx_cpu/cappuccino.mor1kx_cpu/mor1kx_rf_cappuccino/rfb/mem_reg[8][29]
u_mor1kx/mor1kx_cpu/cappuccino.mor1kx_cpu/mor1kx_rf_cappuccino/rfb/mem_reg[8][30]
u_mor1kx/mor1kx_cpu/cappuccino.mor1kx_cpu/mor1kx_rf_cappuccino/rfb/mem_reg[8][31]
u_mor1kx/mor1kx_cpu/cappuccino.mor1kx_cpu/mor1kx_rf_cappuccino/rfb/mem_reg[16][23]
u_mor1kx/mor1kx_cpu/cappuccino.mor1kx_cpu/mor1kx_rf_cappuccino/rfb/mem_reg[16][24]
u_mor1kx/mor1kx_cpu/cappuccino.mor1kx_cpu/mor1kx_rf_cappuccino/rfb/mem_reg[16][25]
u_mor1kx/mor1kx_cpu/cappuccino.mor1kx_cpu/mor1kx_rf_cappuccino/rfb/mem_reg[16][26]
u_mor1kx/mor1kx_cpu/cappuccino.mor1kx_cpu/mor1kx_rf_cappuccino/rfb/mem_reg[16][27]
u_mor1kx/mor1kx_cpu/cappuccino.mor1kx_cpu/mor1kx_rf_cappuccino/rfb/mem_reg[16][28]
u_mor1kx/mor1kx_cpu/cappuccino.mor1kx_cpu/mor1kx_rf_cappuccino/rfb/mem_reg[16][29]
u_mor1kx/mor1kx_cpu/cappuccino.mor1kx_cpu/mor1kx_rf_cappuccino/rfb/mem_reg[16][30]
u_mor1kx/mor1kx_cpu/cappuccino.mor1kx_cpu/mor1kx_rf_cappuccino/rfb/mem_reg[16][31]
u_mor1kx/mor1kx_cpu/cappuccino.mor1kx_cpu/mor1kx_rf_cappuccino/rfb/mem_reg[24][23]
u_mor1kx/mor1kx_cpu/cappuccino.mor1kx_cpu/mor1kx_rf_cappuccino/rfb/mem_reg[24][24]
u_mor1kx/mor1kx_cpu/cappuccino.mor1kx_cpu/mor1kx_rf_cappuccino/rfb/mem_reg[24][25]
u_mor1kx/mor1kx_cpu/cappuccino.mor1kx_cpu/mor1kx_rf_cappuccino/rfb/mem_reg[24][26]
u_mor1kx/mor1kx_cpu/cappuccino.mor1kx_cpu/mor1kx_rf_cappuccino/rfb/mem_reg[24][27]
u_mor1kx/mor1kx_cpu/cappuccino.mor1kx_cpu/mor1kx_rf_cappuccino/rfb/mem_reg[24][28]
u_mor1kx/mor1kx_cpu/cappuccino.mor1kx_cpu/mor1kx_rf_cappuccino/rfb/mem_reg[24][29]
u_mor1kx/mor1kx_cpu/cappuccino.mor1kx_cpu/mor1kx_rf_cappuccino/rfb/mem_reg[24][30]
u_mor1kx/mor1kx_cpu/cappuccino.mor1kx_cpu/mor1kx_rf_cappuccino/rfb/mem_reg[24][31]
u_mor1kx/mor1kx_cpu/cappuccino.mor1kx_cpu/mor1kx_rf_cappuccino/rfb/mem_reg[0][0]
u_mor1kx/mor1kx_cpu/cappuccino.mor1kx_cpu/mor1kx_rf_cappuccino/rfb/mem_reg[8][0]
u_mor1kx/mor1kx_cpu/cappuccino.mor1kx_cpu/mor1kx_rf_cappuccino/rfb/mem_reg[16][0]
u_mor1kx/mor1kx_cpu/cappuccino.mor1kx_cpu/mor1kx_rf_cappuccino/rfb/mem_reg[24][0]
u_mor1kx/mor1kx_cpu/cappuccino.mor1kx_cpu/mor1kx_rf_cappuccino/rfb/rdata_reg[0]
u_mor1kx/mor1kx_cpu/cappuccino.mor1kx_cpu/mor1kx_rf_cappuccino/rfb/rdata_reg[1]
u_mor1kx/mor1kx_cpu/cappuccino.mor1kx_cpu/mor1kx_rf_cappuccino/rfb/rdata_reg[2]
u_mor1kx/mor1kx_cpu/cappuccino.mor1kx_cpu/mor1kx_rf_cappuccino/rfb/rdata_reg[3]
u_mor1kx/mor1kx_cpu/cappuccino.mor1kx_cpu/mor1kx_rf_cappuccino/rfb/rdata_reg[4]
u_mor1kx/mor1kx_cpu/cappuccino.mor1kx_cpu/mor1kx_rf_cappuccino/rfb/rdata_reg[5]
u_mor1kx/mor1kx_cpu/cappuccino.mor1kx_cpu/mor1kx_rf_cappuccino/rfb/rdata_reg[6]
u_mor1kx/mor1kx_cpu/cappuccino.mor1kx_cpu/mor1kx_rf_cappuccino/rfb/rdata_reg[7]
u_mor1kx/mor1kx_cpu/cappuccino.mor1kx_cpu/mor1kx_rf_cappuccino/rfb/rdata_reg[8]
u_mor1kx/mor1kx_cpu/cappuccino.mor1kx_cpu/mor1kx_rf_cappuccino/rfb/rdata_reg[9]
u_mor1kx/mor1kx_cpu/cappuccino.mor1kx_cpu/mor1kx_rf_cappuccino/rfb/rdata_reg[10]
u_mor1kx/mor1kx_cpu/cappuccino.mor1kx_cpu/mor1kx_rf_cappuccino/rfb/rdata_reg[11]
u_mor1kx/mor1kx_cpu/cappuccino.mor1kx_cpu/mor1kx_rf_cappuccino/rfb/rdata_reg[12]
u_mor1kx/mor1kx_cpu/cappuccino.mor1kx_cpu/mor1kx_rf_cappuccino/rfb/rdata_reg[13]
u_mor1kx/mor1kx_cpu/cappuccino.mor1kx_cpu/mor1kx_rf_cappuccino/rfb/rdata_reg[14]
u_mor1kx/mor1kx_cpu/cappuccino.mor1kx_cpu/mor1kx_rf_cappuccino/rfb/rdata_reg[15]
u_mor1kx/mor1kx_cpu/cappuccino.mor1kx_cpu/mor1kx_rf_cappuccino/rfb/rdata_reg[16]
u_mor1kx/mor1kx_cpu/cappuccino.mor1kx_cpu/mor1kx_rf_cappuccino/rfb/rdata_reg[17]
u_mor1kx/mor1kx_cpu/cappuccino.mor1kx_cpu/mor1kx_rf_cappuccino/rfb/rdata_reg[18]
u_mor1kx/mor1kx_cpu/cappuccino.mor1kx_cpu/mor1kx_rf_cappuccino/rfb/rdata_reg[19]
u_mor1kx/mor1kx_cpu/cappuccino.mor1kx_cpu/mor1kx_rf_cappuccino/rfb/rdata_reg[20]
u_mor1kx/mor1kx_cpu/cappuccino.mor1kx_cpu/mor1kx_rf_cappuccino/rfb/rdata_reg[21]
u_mor1kx/mor1kx_cpu/cappuccino.mor1kx_cpu/mor1kx_rf_cappuccino/rfb/rdata_reg[22]
u_mor1kx/mor1kx_cpu/cappuccino.mor1kx_cpu/mor1kx_rf_cappuccino/rfb/rdata_reg[23]
u_mor1kx/mor1kx_cpu/cappuccino.mor1kx_cpu/mor1kx_rf_cappuccino/rfb/rdata_reg[24]
u_mor1kx/mor1kx_cpu/cappuccino.mor1kx_cpu/mor1kx_rf_cappuccino/rfb/rdata_reg[25]
u_mor1kx/mor1kx_cpu/cappuccino.mor1kx_cpu/mor1kx_rf_cappuccino/rfb/rdata_reg[26]
u_mor1kx/mor1kx_cpu/cappuccino.mor1kx_cpu/mor1kx_rf_cappuccino/rfb/rdata_reg[27]
u_mor1kx/mor1kx_cpu/cappuccino.mor1kx_cpu/mor1kx_rf_cappuccino/rfb/rdata_reg[28]
u_mor1kx/mor1kx_cpu/cappuccino.mor1kx_cpu/mor1kx_rf_cappuccino/rfb/rdata_reg[29]
u_mor1kx/mor1kx_cpu/cappuccino.mor1kx_cpu/mor1kx_rf_cappuccino/rfb/rdata_reg[30]
u_mor1kx/mor1kx_cpu/cappuccino.mor1kx_cpu/mor1kx_rf_cappuccino/rfb/rdata_reg[31]
u_mor1kx/mor1kx_cpu/cappuccino.mor1kx_cpu/mor1kx_rf_cappuccino/rfb/mem_reg[0][9]
u_mor1kx/mor1kx_cpu/cappuccino.mor1kx_cpu/mor1kx_rf_cappuccino/rfb/mem_reg[0][10]
u_mor1kx/mor1kx_cpu/cappuccino.mor1kx_cpu/mor1kx_rf_cappuccino/rfb/mem_reg[0][11]
u_mor1kx/mor1kx_cpu/cappuccino.mor1kx_cpu/mor1kx_rf_cappuccino/rfb/mem_reg[0][12]
u_mor1kx/mor1kx_cpu/cappuccino.mor1kx_cpu/mor1kx_rf_cappuccino/rfb/mem_reg[0][13]
u_mor1kx/mor1kx_cpu/cappuccino.mor1kx_cpu/mor1kx_rf_cappuccino/rfb/mem_reg[0][14]
u_mor1kx/mor1kx_cpu/cappuccino.mor1kx_cpu/mor1kx_rf_cappuccino/rfb/mem_reg[0][15]
u_mor1kx/mor1kx_cpu/cappuccino.mor1kx_cpu/mor1kx_rf_cappuccino/rfb/mem_reg[0][16]
u_mor1kx/mor1kx_cpu/cappuccino.mor1kx_cpu/mor1kx_rf_cappuccino/rfb/mem_reg[0][17]
u_mor1kx/mor1kx_cpu/cappuccino.mor1kx_cpu/mor1kx_rf_cappuccino/rfb/mem_reg[0][18]
u_mor1kx/mor1kx_cpu/cappuccino.mor1kx_cpu/mor1kx_rf_cappuccino/rfb/mem_reg[0][19]
u_mor1kx/mor1kx_cpu/cappuccino.mor1kx_cpu/mor1kx_rf_cappuccino/rfb/mem_reg[0][20]
u_mor1kx/mor1kx_cpu/cappuccino.mor1kx_cpu/mor1kx_rf_cappuccino/rfb/mem_reg[0][21]
u_mor1kx/mor1kx_cpu/cappuccino.mor1kx_cpu/mor1kx_rf_cappuccino/rfb/mem_reg[0][22]
u_mor1kx/mor1kx_cpu/cappuccino.mor1kx_cpu/mor1kx_rf_cappuccino/rfb/mem_reg[1][0]
u_mor1kx/mor1kx_cpu/cappuccino.mor1kx_cpu/mor1kx_rf_cappuccino/rfb/mem_reg[1][1]
u_mor1kx/mor1kx_cpu/cappuccino.mor1kx_cpu/mor1kx_rf_cappuccino/rfb/mem_reg[1][2]
u_mor1kx/mor1kx_cpu/cappuccino.mor1kx_cpu/mor1kx_rf_cappuccino/rfb/mem_reg[1][3]
u_mor1kx/mor1kx_cpu/cappuccino.mor1kx_cpu/mor1kx_rf_cappuccino/rfb/mem_reg[1][4]
u_mor1kx/mor1kx_cpu/cappuccino.mor1kx_cpu/mor1kx_rf_cappuccino/rfb/mem_reg[1][5]
u_mor1kx/mor1kx_cpu/cappuccino.mor1kx_cpu/mor1kx_rf_cappuccino/rfb/mem_reg[1][6]
u_mor1kx/mor1kx_cpu/cappuccino.mor1kx_cpu/mor1kx_rf_cappuccino/rfb/mem_reg[1][7]
u_mor1kx/mor1kx_cpu/cappuccino.mor1kx_cpu/mor1kx_rf_cappuccino/rfb/mem_reg[1][8]
u_mor1kx/mor1kx_cpu/cappuccino.mor1kx_cpu/mor1kx_rf_cappuccino/rfb/mem_reg[1][9]
u_mor1kx/mor1kx_cpu/cappuccino.mor1kx_cpu/mor1kx_rf_cappuccino/rfb/mem_reg[1][10]
u_mor1kx/mor1kx_cpu/cappuccino.mor1kx_cpu/mor1kx_rf_cappuccino/rfb/mem_reg[1][11]
u_mor1kx/mor1kx_cpu/cappuccino.mor1kx_cpu/mor1kx_rf_cappuccino/rfb/mem_reg[1][12]
u_mor1kx/mor1kx_cpu/cappuccino.mor1kx_cpu/mor1kx_rf_cappuccino/rfb/mem_reg[1][13]
u_mor1kx/mor1kx_cpu/cappuccino.mor1kx_cpu/mor1kx_rf_cappuccino/rfb/mem_reg[1][14]
u_mor1kx/mor1kx_cpu/cappuccino.mor1kx_cpu/mor1kx_rf_cappuccino/rfb/mem_reg[1][15]
u_mor1kx/mor1kx_cpu/cappuccino.mor1kx_cpu/mor1kx_rf_cappuccino/rfb/mem_reg[1][16]
u_mor1kx/mor1kx_cpu/cappuccino.mor1kx_cpu/mor1kx_rf_cappuccino/rfb/mem_reg[1][17]
u_mor1kx/mor1kx_cpu/cappuccino.mor1kx_cpu/mor1kx_rf_cappuccino/rfb/mem_reg[1][18]
u_mor1kx/mor1kx_cpu/cappuccino.mor1kx_cpu/mor1kx_rf_cappuccino/rfb/mem_reg[1][19]
u_mor1kx/mor1kx_cpu/cappuccino.mor1kx_cpu/mor1kx_rf_cappuccino/rfb/mem_reg[1][20]
u_mor1kx/mor1kx_cpu/cappuccino.mor1kx_cpu/mor1kx_rf_cappuccino/rfb/mem_reg[1][21]
u_mor1kx/mor1kx_cpu/cappuccino.mor1kx_cpu/mor1kx_rf_cappuccino/rfb/mem_reg[1][22]
u_mor1kx/mor1kx_cpu/cappuccino.mor1kx_cpu/mor1kx_rf_cappuccino/rfb/mem_reg[1][23]
u_mor1kx/mor1kx_cpu/cappuccino.mor1kx_cpu/mor1kx_rf_cappuccino/rfb/mem_reg[1][24]
u_mor1kx/mor1kx_cpu/cappuccino.mor1kx_cpu/mor1kx_rf_cappuccino/rfb/mem_reg[1][25]
u_mor1kx/mor1kx_cpu/cappuccino.mor1kx_cpu/mor1kx_rf_cappuccino/rfb/mem_reg[1][26]
u_mor1kx/mor1kx_cpu/cappuccino.mor1kx_cpu/mor1kx_rf_cappuccino/rfb/mem_reg[1][27]
u_mor1kx/mor1kx_cpu/cappuccino.mor1kx_cpu/mor1kx_rf_cappuccino/rfb/mem_reg[1][28]
u_mor1kx/mor1kx_cpu/cappuccino.mor1kx_cpu/mor1kx_rf_cappuccino/rfb/mem_reg[1][29]
u_mor1kx/mor1kx_cpu/cappuccino.mor1kx_cpu/mor1kx_rf_cappuccino/rfb/mem_reg[1][30]
u_mor1kx/mor1kx_cpu/cappuccino.mor1kx_cpu/mor1kx_rf_cappuccino/rfb/mem_reg[1][31]
u_mor1kx/mor1kx_cpu/cappuccino.mor1kx_cpu/mor1kx_rf_cappuccino/rfb/mem_reg[2][0]
u_mor1kx/mor1kx_cpu/cappuccino.mor1kx_cpu/mor1kx_rf_cappuccino/rfb/mem_reg[2][1]
u_mor1kx/mor1kx_cpu/cappuccino.mor1kx_cpu/mor1kx_rf_cappuccino/rfb/mem_reg[2][2]
u_mor1kx/mor1kx_cpu/cappuccino.mor1kx_cpu/mor1kx_rf_cappuccino/rfb/mem_reg[2][3]
u_mor1kx/mor1kx_cpu/cappuccino.mor1kx_cpu/mor1kx_rf_cappuccino/rfb/mem_reg[2][4]
u_mor1kx/mor1kx_cpu/cappuccino.mor1kx_cpu/mor1kx_rf_cappuccino/rfb/mem_reg[2][5]
u_mor1kx/mor1kx_cpu/cappuccino.mor1kx_cpu/mor1kx_rf_cappuccino/rfb/mem_reg[2][6]
u_mor1kx/mor1kx_cpu/cappuccino.mor1kx_cpu/mor1kx_rf_cappuccino/rfb/mem_reg[2][7]
u_mor1kx/mor1kx_cpu/cappuccino.mor1kx_cpu/mor1kx_rf_cappuccino/rfb/mem_reg[2][8]
u_mor1kx/mor1kx_cpu/cappuccino.mor1kx_cpu/mor1kx_rf_cappuccino/rfb/mem_reg[2][9]
u_mor1kx/mor1kx_cpu/cappuccino.mor1kx_cpu/mor1kx_rf_cappuccino/rfb/mem_reg[2][10]
u_mor1kx/mor1kx_cpu/cappuccino.mor1kx_cpu/mor1kx_rf_cappuccino/rfb/mem_reg[2][11]
u_mor1kx/mor1kx_cpu/cappuccino.mor1kx_cpu/mor1kx_rf_cappuccino/rfb/mem_reg[2][12]
u_mor1kx/mor1kx_cpu/cappuccino.mor1kx_cpu/mor1kx_rf_cappuccino/rfb/mem_reg[2][13]
u_mor1kx/mor1kx_cpu/cappuccino.mor1kx_cpu/mor1kx_rf_cappuccino/rfb/mem_reg[2][14]
u_mor1kx/mor1kx_cpu/cappuccino.mor1kx_cpu/mor1kx_rf_cappuccino/rfb/mem_reg[2][15]
u_mor1kx/mor1kx_cpu/cappuccino.mor1kx_cpu/mor1kx_rf_cappuccino/rfb/mem_reg[2][16]
u_mor1kx/mor1kx_cpu/cappuccino.mor1kx_cpu/mor1kx_rf_cappuccino/rfb/mem_reg[2][17]
u_mor1kx/mor1kx_cpu/cappuccino.mor1kx_cpu/mor1kx_rf_cappuccino/rfb/mem_reg[2][18]
u_mor1kx/mor1kx_cpu/cappuccino.mor1kx_cpu/mor1kx_rf_cappuccino/rfb/mem_reg[2][19]
u_mor1kx/mor1kx_cpu/cappuccino.mor1kx_cpu/mor1kx_rf_cappuccino/rfb/mem_reg[2][20]
u_mor1kx/mor1kx_cpu/cappuccino.mor1kx_cpu/mor1kx_rf_cappuccino/rfb/mem_reg[2][21]
u_mor1kx/mor1kx_cpu/cappuccino.mor1kx_cpu/mor1kx_rf_cappuccino/rfb/mem_reg[2][22]
u_mor1kx/mor1kx_cpu/cappuccino.mor1kx_cpu/mor1kx_rf_cappuccino/rfb/mem_reg[2][23]
u_mor1kx/mor1kx_cpu/cappuccino.mor1kx_cpu/mor1kx_rf_cappuccino/rfb/mem_reg[2][24]
u_mor1kx/mor1kx_cpu/cappuccino.mor1kx_cpu/mor1kx_rf_cappuccino/rfb/mem_reg[2][25]
u_mor1kx/mor1kx_cpu/cappuccino.mor1kx_cpu/mor1kx_rf_cappuccino/rfb/mem_reg[2][26]
u_mor1kx/mor1kx_cpu/cappuccino.mor1kx_cpu/mor1kx_rf_cappuccino/rfb/mem_reg[2][27]
u_mor1kx/mor1kx_cpu/cappuccino.mor1kx_cpu/mor1kx_rf_cappuccino/rfb/mem_reg[2][28]
u_mor1kx/mor1kx_cpu/cappuccino.mor1kx_cpu/mor1kx_rf_cappuccino/rfb/mem_reg[2][29]
u_mor1kx/mor1kx_cpu/cappuccino.mor1kx_cpu/mor1kx_rf_cappuccino/rfb/mem_reg[2][30]
u_mor1kx/mor1kx_cpu/cappuccino.mor1kx_cpu/mor1kx_rf_cappuccino/rfb/mem_reg[2][31]
u_mor1kx/mor1kx_cpu/cappuccino.mor1kx_cpu/mor1kx_rf_cappuccino/rfb/mem_reg[3][0]
u_mor1kx/mor1kx_cpu/cappuccino.mor1kx_cpu/mor1kx_rf_cappuccino/rfb/mem_reg[3][1]
u_mor1kx/mor1kx_cpu/cappuccino.mor1kx_cpu/mor1kx_rf_cappuccino/rfb/mem_reg[3][2]
u_mor1kx/mor1kx_cpu/cappuccino.mor1kx_cpu/mor1kx_rf_cappuccino/rfb/mem_reg[3][3]
u_mor1kx/mor1kx_cpu/cappuccino.mor1kx_cpu/mor1kx_rf_cappuccino/rfb/mem_reg[3][4]
u_mor1kx/mor1kx_cpu/cappuccino.mor1kx_cpu/mor1kx_rf_cappuccino/rfb/mem_reg[3][5]
u_mor1kx/mor1kx_cpu/cappuccino.mor1kx_cpu/mor1kx_rf_cappuccino/rfb/mem_reg[3][6]
u_mor1kx/mor1kx_cpu/cappuccino.mor1kx_cpu/mor1kx_rf_cappuccino/rfb/mem_reg[3][7]
u_mor1kx/mor1kx_cpu/cappuccino.mor1kx_cpu/mor1kx_rf_cappuccino/rfb/mem_reg[3][8]
u_mor1kx/mor1kx_cpu/cappuccino.mor1kx_cpu/mor1kx_rf_cappuccino/rfb/mem_reg[3][9]
u_mor1kx/mor1kx_cpu/cappuccino.mor1kx_cpu/mor1kx_rf_cappuccino/rfb/mem_reg[3][10]
u_mor1kx/mor1kx_cpu/cappuccino.mor1kx_cpu/mor1kx_rf_cappuccino/rfb/mem_reg[3][11]
u_mor1kx/mor1kx_cpu/cappuccino.mor1kx_cpu/mor1kx_rf_cappuccino/rfb/mem_reg[3][12]
u_mor1kx/mor1kx_cpu/cappuccino.mor1kx_cpu/mor1kx_rf_cappuccino/rfb/mem_reg[3][13]
u_mor1kx/mor1kx_cpu/cappuccino.mor1kx_cpu/mor1kx_rf_cappuccino/rfb/mem_reg[3][14]
u_mor1kx/mor1kx_cpu/cappuccino.mor1kx_cpu/mor1kx_rf_cappuccino/rfb/mem_reg[3][15]
u_mor1kx/mor1kx_cpu/cappuccino.mor1kx_cpu/mor1kx_rf_cappuccino/rfb/mem_reg[3][16]
u_mor1kx/mor1kx_cpu/cappuccino.mor1kx_cpu/mor1kx_rf_cappuccino/rfb/mem_reg[3][17]
u_mor1kx/mor1kx_cpu/cappuccino.mor1kx_cpu/mor1kx_rf_cappuccino/rfb/mem_reg[3][18]
u_mor1kx/mor1kx_cpu/cappuccino.mor1kx_cpu/mor1kx_rf_cappuccino/rfb/mem_reg[3][19]
u_mor1kx/mor1kx_cpu/cappuccino.mor1kx_cpu/mor1kx_rf_cappuccino/rfb/mem_reg[3][20]
u_mor1kx/mor1kx_cpu/cappuccino.mor1kx_cpu/mor1kx_rf_cappuccino/rfb/mem_reg[3][21]
u_mor1kx/mor1kx_cpu/cappuccino.mor1kx_cpu/mor1kx_rf_cappuccino/rfb/mem_reg[3][22]
u_mor1kx/mor1kx_cpu/cappuccino.mor1kx_cpu/mor1kx_rf_cappuccino/rfb/mem_reg[3][23]
u_mor1kx/mor1kx_cpu/cappuccino.mor1kx_cpu/mor1kx_rf_cappuccino/rfb/mem_reg[3][24]
u_mor1kx/mor1kx_cpu/cappuccino.mor1kx_cpu/mor1kx_rf_cappuccino/rfb/mem_reg[3][25]
u_mor1kx/mor1kx_cpu/cappuccino.mor1kx_cpu/mor1kx_rf_cappuccino/rfb/mem_reg[3][26]
u_mor1kx/mor1kx_cpu/cappuccino.mor1kx_cpu/mor1kx_rf_cappuccino/rfb/mem_reg[3][27]
u_mor1kx/mor1kx_cpu/cappuccino.mor1kx_cpu/mor1kx_rf_cappuccino/rfb/mem_reg[3][28]
u_mor1kx/mor1kx_cpu/cappuccino.mor1kx_cpu/mor1kx_rf_cappuccino/rfb/mem_reg[3][29]
u_mor1kx/mor1kx_cpu/cappuccino.mor1kx_cpu/mor1kx_rf_cappuccino/rfb/mem_reg[3][30]
u_mor1kx/mor1kx_cpu/cappuccino.mor1kx_cpu/mor1kx_rf_cappuccino/rfb/mem_reg[3][31]
u_mor1kx/mor1kx_cpu/cappuccino.mor1kx_cpu/mor1kx_rf_cappuccino/rfb/mem_reg[4][0]
u_mor1kx/mor1kx_cpu/cappuccino.mor1kx_cpu/mor1kx_rf_cappuccino/rfb/mem_reg[4][1]
u_mor1kx/mor1kx_cpu/cappuccino.mor1kx_cpu/mor1kx_rf_cappuccino/rfb/mem_reg[4][2]
u_mor1kx/mor1kx_cpu/cappuccino.mor1kx_cpu/mor1kx_rf_cappuccino/rfb/mem_reg[4][3]
u_mor1kx/mor1kx_cpu/cappuccino.mor1kx_cpu/mor1kx_rf_cappuccino/rfb/mem_reg[4][4]
u_mor1kx/mor1kx_cpu/cappuccino.mor1kx_cpu/mor1kx_rf_cappuccino/rfb/mem_reg[4][5]
u_mor1kx/mor1kx_cpu/cappuccino.mor1kx_cpu/mor1kx_rf_cappuccino/rfb/mem_reg[4][6]
u_mor1kx/mor1kx_cpu/cappuccino.mor1kx_cpu/mor1kx_rf_cappuccino/rfb/mem_reg[4][7]
u_mor1kx/mor1kx_cpu/cappuccino.mor1kx_cpu/mor1kx_rf_cappuccino/rfb/mem_reg[4][8]
u_mor1kx/mor1kx_cpu/cappuccino.mor1kx_cpu/mor1kx_rf_cappuccino/rfb/mem_reg[4][9]
u_mor1kx/mor1kx_cpu/cappuccino.mor1kx_cpu/mor1kx_rf_cappuccino/rfb/mem_reg[4][10]
u_mor1kx/mor1kx_cpu/cappuccino.mor1kx_cpu/mor1kx_rf_cappuccino/rfb/mem_reg[4][11]
u_mor1kx/mor1kx_cpu/cappuccino.mor1kx_cpu/mor1kx_rf_cappuccino/rfb/mem_reg[4][12]
u_mor1kx/mor1kx_cpu/cappuccino.mor1kx_cpu/mor1kx_rf_cappuccino/rfb/mem_reg[4][13]
u_mor1kx/mor1kx_cpu/cappuccino.mor1kx_cpu/mor1kx_rf_cappuccino/rfb/mem_reg[4][14]
u_mor1kx/mor1kx_cpu/cappuccino.mor1kx_cpu/mor1kx_rf_cappuccino/rfb/mem_reg[4][15]
u_mor1kx/mor1kx_cpu/cappuccino.mor1kx_cpu/mor1kx_rf_cappuccino/rfb/mem_reg[4][16]
u_mor1kx/mor1kx_cpu/cappuccino.mor1kx_cpu/mor1kx_rf_cappuccino/rfb/mem_reg[4][17]
u_mor1kx/mor1kx_cpu/cappuccino.mor1kx_cpu/mor1kx_rf_cappuccino/rfb/mem_reg[4][18]
u_mor1kx/mor1kx_cpu/cappuccino.mor1kx_cpu/mor1kx_rf_cappuccino/rfb/mem_reg[4][19]
u_mor1kx/mor1kx_cpu/cappuccino.mor1kx_cpu/mor1kx_rf_cappuccino/rfb/mem_reg[4][20]
u_mor1kx/mor1kx_cpu/cappuccino.mor1kx_cpu/mor1kx_rf_cappuccino/rfb/mem_reg[4][21]
u_mor1kx/mor1kx_cpu/cappuccino.mor1kx_cpu/mor1kx_rf_cappuccino/rfb/mem_reg[4][22]
u_mor1kx/mor1kx_cpu/cappuccino.mor1kx_cpu/mor1kx_rf_cappuccino/rfb/mem_reg[4][23]
u_mor1kx/mor1kx_cpu/cappuccino.mor1kx_cpu/mor1kx_rf_cappuccino/rfb/mem_reg[4][24]
u_mor1kx/mor1kx_cpu/cappuccino.mor1kx_cpu/mor1kx_rf_cappuccino/rfb/mem_reg[4][25]
u_mor1kx/mor1kx_cpu/cappuccino.mor1kx_cpu/mor1kx_rf_cappuccino/rfb/mem_reg[4][26]
u_mor1kx/mor1kx_cpu/cappuccino.mor1kx_cpu/mor1kx_rf_cappuccino/rfb/mem_reg[4][27]
u_mor1kx/mor1kx_cpu/cappuccino.mor1kx_cpu/mor1kx_rf_cappuccino/rfb/mem_reg[5][0]
u_mor1kx/mor1kx_cpu/cappuccino.mor1kx_cpu/mor1kx_rf_cappuccino/rfb/mem_reg[5][1]
u_mor1kx/mor1kx_cpu/cappuccino.mor1kx_cpu/mor1kx_rf_cappuccino/rfb/mem_reg[5][2]
u_mor1kx/mor1kx_cpu/cappuccino.mor1kx_cpu/mor1kx_rf_cappuccino/rfb/mem_reg[5][3]
u_mor1kx/mor1kx_cpu/cappuccino.mor1kx_cpu/mor1kx_rf_cappuccino/rfb/mem_reg[5][4]
u_mor1kx/mor1kx_cpu/cappuccino.mor1kx_cpu/mor1kx_rf_cappuccino/rfb/mem_reg[5][5]
u_mor1kx/mor1kx_cpu/cappuccino.mor1kx_cpu/mor1kx_rf_cappuccino/rfb/mem_reg[5][6]
u_mor1kx/mor1kx_cpu/cappuccino.mor1kx_cpu/mor1kx_rf_cappuccino/rfb/mem_reg[5][7]
u_mor1kx/mor1kx_cpu/cappuccino.mor1kx_cpu/mor1kx_rf_cappuccino/rfb/mem_reg[5][8]
u_mor1kx/mor1kx_cpu/cappuccino.mor1kx_cpu/mor1kx_rf_cappuccino/rfb/mem_reg[5][9]
u_mor1kx/mor1kx_cpu/cappuccino.mor1kx_cpu/mor1kx_rf_cappuccino/rfb/mem_reg[5][10]
u_mor1kx/mor1kx_cpu/cappuccino.mor1kx_cpu/mor1kx_rf_cappuccino/rfb/mem_reg[5][11]
u_mor1kx/mor1kx_cpu/cappuccino.mor1kx_cpu/mor1kx_rf_cappuccino/rfb/mem_reg[5][12]
u_mor1kx/mor1kx_cpu/cappuccino.mor1kx_cpu/mor1kx_rf_cappuccino/rfb/mem_reg[5][13]
u_mor1kx/mor1kx_cpu/cappuccino.mor1kx_cpu/mor1kx_rf_cappuccino/rfb/mem_reg[5][14]
u_mor1kx/mor1kx_cpu/cappuccino.mor1kx_cpu/mor1kx_rf_cappuccino/rfb/mem_reg[5][15]
u_mor1kx/mor1kx_cpu/cappuccino.mor1kx_cpu/mor1kx_rf_cappuccino/rfb/mem_reg[5][16]
u_mor1kx/mor1kx_cpu/cappuccino.mor1kx_cpu/mor1kx_rf_cappuccino/rfb/mem_reg[5][17]
u_mor1kx/mor1kx_cpu/cappuccino.mor1kx_cpu/mor1kx_rf_cappuccino/rfb/mem_reg[5][18]
u_mor1kx/mor1kx_cpu/cappuccino.mor1kx_cpu/mor1kx_rf_cappuccino/rfb/mem_reg[5][19]
u_mor1kx/mor1kx_cpu/cappuccino.mor1kx_cpu/mor1kx_rf_cappuccino/rfb/mem_reg[5][20]
u_mor1kx/mor1kx_cpu/cappuccino.mor1kx_cpu/mor1kx_rf_cappuccino/rfb/mem_reg[5][21]
u_mor1kx/mor1kx_cpu/cappuccino.mor1kx_cpu/mor1kx_rf_cappuccino/rfb/mem_reg[5][22]
u_mor1kx/mor1kx_cpu/cappuccino.mor1kx_cpu/mor1kx_rf_cappuccino/rfb/mem_reg[5][23]
u_mor1kx/mor1kx_cpu/cappuccino.mor1kx_cpu/mor1kx_rf_cappuccino/rfb/mem_reg[5][24]
u_mor1kx/mor1kx_cpu/cappuccino.mor1kx_cpu/mor1kx_rf_cappuccino/rfb/mem_reg[5][25]
u_mor1kx/mor1kx_cpu/cappuccino.mor1kx_cpu/mor1kx_rf_cappuccino/rfb/mem_reg[5][26]
u_mor1kx/mor1kx_cpu/cappuccino.mor1kx_cpu/mor1kx_rf_cappuccino/rfb/mem_reg[5][27]
u_mor1kx/mor1kx_cpu/cappuccino.mor1kx_cpu/mor1kx_rf_cappuccino/rfb/mem_reg[6][1]
u_mor1kx/mor1kx_cpu/cappuccino.mor1kx_cpu/mor1kx_rf_cappuccino/rfb/mem_reg[6][2]
u_mor1kx/mor1kx_cpu/cappuccino.mor1kx_cpu/mor1kx_rf_cappuccino/rfb/mem_reg[6][3]
u_mor1kx/mor1kx_cpu/cappuccino.mor1kx_cpu/mor1kx_rf_cappuccino/rfb/mem_reg[6][4]
u_mor1kx/mor1kx_cpu/cappuccino.mor1kx_cpu/mor1kx_rf_cappuccino/rfb/mem_reg[6][5]
u_mor1kx/mor1kx_cpu/cappuccino.mor1kx_cpu/mor1kx_rf_cappuccino/rfb/mem_reg[6][6]
u_mor1kx/mor1kx_cpu/cappuccino.mor1kx_cpu/mor1kx_rf_cappuccino/rfb/mem_reg[6][7]
u_mor1kx/mor1kx_cpu/cappuccino.mor1kx_cpu/mor1kx_rf_cappuccino/rfb/mem_reg[6][8]
u_mor1kx/mor1kx_cpu/cappuccino.mor1kx_cpu/mor1kx_rf_cappuccino/rfb/mem_reg[6][9]
u_mor1kx/mor1kx_cpu/cappuccino.mor1kx_cpu/mor1kx_rf_cappuccino/rfb/mem_reg[6][10]
u_mor1kx/mor1kx_cpu/cappuccino.mor1kx_cpu/mor1kx_rf_cappuccino/rfb/mem_reg[6][11]
u_mor1kx/mor1kx_cpu/cappuccino.mor1kx_cpu/mor1kx_rf_cappuccino/rfb/mem_reg[6][12]
u_mor1kx/mor1kx_cpu/cappuccino.mor1kx_cpu/mor1kx_rf_cappuccino/rfb/mem_reg[6][13]
u_mor1kx/mor1kx_cpu/cappuccino.mor1kx_cpu/mor1kx_rf_cappuccino/rfb/mem_reg[6][14]
u_mor1kx/mor1kx_cpu/cappuccino.mor1kx_cpu/mor1kx_rf_cappuccino/rfb/mem_reg[6][15]
u_mor1kx/mor1kx_cpu/cappuccino.mor1kx_cpu/mor1kx_rf_cappuccino/rfb/mem_reg[6][16]
u_mor1kx/mor1kx_cpu/cappuccino.mor1kx_cpu/mor1kx_rf_cappuccino/rfb/mem_reg[6][17]
u_mor1kx/mor1kx_cpu/cappuccino.mor1kx_cpu/mor1kx_rf_cappuccino/rfb/mem_reg[6][18]
u_mor1kx/mor1kx_cpu/cappuccino.mor1kx_cpu/mor1kx_rf_cappuccino/rfb/mem_reg[6][19]
u_mor1kx/mor1kx_cpu/cappuccino.mor1kx_cpu/mor1kx_rf_cappuccino/rfb/mem_reg[6][20]
u_mor1kx/mor1kx_cpu/cappuccino.mor1kx_cpu/mor1kx_rf_cappuccino/rfb/mem_reg[6][21]
u_mor1kx/mor1kx_cpu/cappuccino.mor1kx_cpu/mor1kx_rf_cappuccino/rfb/mem_reg[6][22]
u_mor1kx/mor1kx_cpu/cappuccino.mor1kx_cpu/mor1kx_rf_cappuccino/rfb/mem_reg[7][1]
u_mor1kx/mor1kx_cpu/cappuccino.mor1kx_cpu/mor1kx_rf_cappuccino/rfb/mem_reg[7][2]
u_mor1kx/mor1kx_cpu/cappuccino.mor1kx_cpu/mor1kx_rf_cappuccino/rfb/mem_reg[7][3]
u_mor1kx/mor1kx_cpu/cappuccino.mor1kx_cpu/mor1kx_rf_cappuccino/rfb/mem_reg[7][4]
u_mor1kx/mor1kx_cpu/cappuccino.mor1kx_cpu/mor1kx_rf_cappuccino/rfb/mem_reg[7][5]
u_mor1kx/mor1kx_cpu/cappuccino.mor1kx_cpu/mor1kx_rf_cappuccino/rfb/mem_reg[7][6]
u_mor1kx/mor1kx_cpu/cappuccino.mor1kx_cpu/mor1kx_rf_cappuccino/rfb/mem_reg[7][7]
u_mor1kx/mor1kx_cpu/cappuccino.mor1kx_cpu/mor1kx_rf_cappuccino/rfb/mem_reg[7][8]
u_mor1kx/mor1kx_cpu/cappuccino.mor1kx_cpu/mor1kx_rf_cappuccino/rfb/mem_reg[7][9]
u_mor1kx/mor1kx_cpu/cappuccino.mor1kx_cpu/mor1kx_rf_cappuccino/rfb/mem_reg[7][10]
u_mor1kx/mor1kx_cpu/cappuccino.mor1kx_cpu/mor1kx_rf_cappuccino/rfb/mem_reg[7][11]
u_mor1kx/mor1kx_cpu/cappuccino.mor1kx_cpu/mor1kx_rf_cappuccino/rfb/mem_reg[7][12]
u_mor1kx/mor1kx_cpu/cappuccino.mor1kx_cpu/mor1kx_rf_cappuccino/rfb/mem_reg[7][13]
u_mor1kx/mor1kx_cpu/cappuccino.mor1kx_cpu/mor1kx_rf_cappuccino/rfb/mem_reg[7][14]
u_mor1kx/mor1kx_cpu/cappuccino.mor1kx_cpu/mor1kx_rf_cappuccino/rfb/mem_reg[7][15]
u_mor1kx/mor1kx_cpu/cappuccino.mor1kx_cpu/mor1kx_rf_cappuccino/rfb/mem_reg[7][16]
u_mor1kx/mor1kx_cpu/cappuccino.mor1kx_cpu/mor1kx_rf_cappuccino/rfb/mem_reg[7][17]
u_mor1kx/mor1kx_cpu/cappuccino.mor1kx_cpu/mor1kx_rf_cappuccino/rfb/mem_reg[7][18]
u_mor1kx/mor1kx_cpu/cappuccino.mor1kx_cpu/mor1kx_rf_cappuccino/rfb/mem_reg[7][19]
u_mor1kx/mor1kx_cpu/cappuccino.mor1kx_cpu/mor1kx_rf_cappuccino/rfb/mem_reg[7][20]
u_mor1kx/mor1kx_cpu/cappuccino.mor1kx_cpu/mor1kx_rf_cappuccino/rfb/mem_reg[7][21]
u_mor1kx/mor1kx_cpu/cappuccino.mor1kx_cpu/mor1kx_rf_cappuccino/rfb/mem_reg[7][22]
u_mor1kx/mor1kx_cpu/cappuccino.mor1kx_cpu/mor1kx_rf_cappuccino/rfb/mem_reg[8][1]
u_mor1kx/mor1kx_cpu/cappuccino.mor1kx_cpu/mor1kx_rf_cappuccino/rfb/mem_reg[8][2]
u_mor1kx/mor1kx_cpu/cappuccino.mor1kx_cpu/mor1kx_rf_cappuccino/rfb/mem_reg[8][3]
u_mor1kx/mor1kx_cpu/cappuccino.mor1kx_cpu/mor1kx_rf_cappuccino/rfb/mem_reg[8][4]
u_mor1kx/mor1kx_cpu/cappuccino.mor1kx_cpu/mor1kx_rf_cappuccino/rfb/mem_reg[8][5]
u_mor1kx/mor1kx_cpu/cappuccino.mor1kx_cpu/mor1kx_rf_cappuccino/rfb/mem_reg[8][6]
u_mor1kx/mor1kx_cpu/cappuccino.mor1kx_cpu/mor1kx_rf_cappuccino/rfb/mem_reg[8][7]
u_mor1kx/mor1kx_cpu/cappuccino.mor1kx_cpu/mor1kx_rf_cappuccino/rfb/mem_reg[8][8]
u_mor1kx/mor1kx_cpu/cappuccino.mor1kx_cpu/mor1kx_rf_cappuccino/rfb/mem_reg[8][9]
u_mor1kx/mor1kx_cpu/cappuccino.mor1kx_cpu/mor1kx_rf_cappuccino/rfb/mem_reg[8][10]
u_mor1kx/mor1kx_cpu/cappuccino.mor1kx_cpu/mor1kx_rf_cappuccino/rfb/mem_reg[8][11]
u_mor1kx/mor1kx_cpu/cappuccino.mor1kx_cpu/mor1kx_rf_cappuccino/rfb/mem_reg[8][12]
u_mor1kx/mor1kx_cpu/cappuccino.mor1kx_cpu/mor1kx_rf_cappuccino/rfb/mem_reg[8][13]
u_mor1kx/mor1kx_cpu/cappuccino.mor1kx_cpu/mor1kx_rf_cappuccino/rfb/mem_reg[8][14]
u_mor1kx/mor1kx_cpu/cappuccino.mor1kx_cpu/mor1kx_rf_cappuccino/rfb/mem_reg[8][15]
u_mor1kx/mor1kx_cpu/cappuccino.mor1kx_cpu/mor1kx_rf_cappuccino/rfb/mem_reg[8][16]
u_mor1kx/mor1kx_cpu/cappuccino.mor1kx_cpu/mor1kx_rf_cappuccino/rfb/mem_reg[8][17]
u_mor1kx/mor1kx_cpu/cappuccino.mor1kx_cpu/mor1kx_rf_cappuccino/rfb/mem_reg[8][18]
u_mor1kx/mor1kx_cpu/cappuccino.mor1kx_cpu/mor1kx_rf_cappuccino/rfb/mem_reg[8][19]
u_mor1kx/mor1kx_cpu/cappuccino.mor1kx_cpu/mor1kx_rf_cappuccino/rfb/mem_reg[8][20]
u_mor1kx/mor1kx_cpu/cappuccino.mor1kx_cpu/mor1kx_rf_cappuccino/rfb/mem_reg[8][21]
u_mor1kx/mor1kx_cpu/cappuccino.mor1kx_cpu/mor1kx_rf_cappuccino/rfb/mem_reg[8][22]
u_mor1kx/mor1kx_cpu/cappuccino.mor1kx_cpu/mor1kx_rf_cappuccino/rfb/mem_reg[9][0]
u_mor1kx/mor1kx_cpu/cappuccino.mor1kx_cpu/mor1kx_rf_cappuccino/rfb/mem_reg[9][1]
u_mor1kx/mor1kx_cpu/cappuccino.mor1kx_cpu/mor1kx_rf_cappuccino/rfb/mem_reg[9][2]
u_mor1kx/mor1kx_cpu/cappuccino.mor1kx_cpu/mor1kx_rf_cappuccino/rfb/mem_reg[9][3]
u_mor1kx/mor1kx_cpu/cappuccino.mor1kx_cpu/mor1kx_rf_cappuccino/rfb/mem_reg[9][4]
u_mor1kx/mor1kx_cpu/cappuccino.mor1kx_cpu/mor1kx_rf_cappuccino/rfb/mem_reg[9][5]
u_mor1kx/mor1kx_cpu/cappuccino.mor1kx_cpu/mor1kx_rf_cappuccino/rfb/mem_reg[9][6]
u_mor1kx/mor1kx_cpu/cappuccino.mor1kx_cpu/mor1kx_rf_cappuccino/rfb/mem_reg[9][7]
u_mor1kx/mor1kx_cpu/cappuccino.mor1kx_cpu/mor1kx_rf_cappuccino/rfb/mem_reg[9][8]
u_mor1kx/mor1kx_cpu/cappuccino.mor1kx_cpu/mor1kx_rf_cappuccino/rfb/mem_reg[9][9]
u_mor1kx/mor1kx_cpu/cappuccino.mor1kx_cpu/mor1kx_rf_cappuccino/rfb/mem_reg[9][10]
u_mor1kx/mor1kx_cpu/cappuccino.mor1kx_cpu/mor1kx_rf_cappuccino/rfb/mem_reg[9][11]
u_mor1kx/mor1kx_cpu/cappuccino.mor1kx_cpu/mor1kx_rf_cappuccino/rfb/mem_reg[9][12]
u_mor1kx/mor1kx_cpu/cappuccino.mor1kx_cpu/mor1kx_rf_cappuccino/rfb/mem_reg[9][13]
u_mor1kx/mor1kx_cpu/cappuccino.mor1kx_cpu/mor1kx_rf_cappuccino/rfb/mem_reg[9][14]
u_mor1kx/mor1kx_cpu/cappuccino.mor1kx_cpu/mor1kx_rf_cappuccino/rfb/mem_reg[9][15]
u_mor1kx/mor1kx_cpu/cappuccino.mor1kx_cpu/mor1kx_rf_cappuccino/rfb/mem_reg[9][16]
u_mor1kx/mor1kx_cpu/cappuccino.mor1kx_cpu/mor1kx_rf_cappuccino/rfb/mem_reg[9][17]
u_mor1kx/mor1kx_cpu/cappuccino.mor1kx_cpu/mor1kx_rf_cappuccino/rfb/mem_reg[9][18]
u_mor1kx/mor1kx_cpu/cappuccino.mor1kx_cpu/mor1kx_rf_cappuccino/rfb/mem_reg[9][19]
u_mor1kx/mor1kx_cpu/cappuccino.mor1kx_cpu/mor1kx_rf_cappuccino/rfb/mem_reg[9][20]
u_mor1kx/mor1kx_cpu/cappuccino.mor1kx_cpu/mor1kx_rf_cappuccino/rfb/mem_reg[9][21]
u_mor1kx/mor1kx_cpu/cappuccino.mor1kx_cpu/mor1kx_rf_cappuccino/rfb/mem_reg[9][22]
u_mor1kx/mor1kx_cpu/cappuccino.mor1kx_cpu/mor1kx_rf_cappuccino/rfb/mem_reg[9][23]
u_mor1kx/mor1kx_cpu/cappuccino.mor1kx_cpu/mor1kx_rf_cappuccino/rfb/mem_reg[9][24]
u_mor1kx/mor1kx_cpu/cappuccino.mor1kx_cpu/mor1kx_rf_cappuccino/rfb/mem_reg[9][25]
u_mor1kx/mor1kx_cpu/cappuccino.mor1kx_cpu/mor1kx_rf_cappuccino/rfb/mem_reg[9][26]
u_mor1kx/mor1kx_cpu/cappuccino.mor1kx_cpu/mor1kx_rf_cappuccino/rfb/mem_reg[9][27]
u_mor1kx/mor1kx_cpu/cappuccino.mor1kx_cpu/mor1kx_rf_cappuccino/rfb/mem_reg[9][28]
u_mor1kx/mor1kx_cpu/cappuccino.mor1kx_cpu/mor1kx_rf_cappuccino/rfb/mem_reg[9][29]
u_mor1kx/mor1kx_cpu/cappuccino.mor1kx_cpu/mor1kx_rf_cappuccino/rfb/mem_reg[9][30]
u_mor1kx/mor1kx_cpu/cappuccino.mor1kx_cpu/mor1kx_rf_cappuccino/rfb/mem_reg[9][31]
u_mor1kx/mor1kx_cpu/cappuccino.mor1kx_cpu/mor1kx_rf_cappuccino/rfb/mem_reg[10][0]
u_mor1kx/mor1kx_cpu/cappuccino.mor1kx_cpu/mor1kx_rf_cappuccino/rfb/mem_reg[10][1]
u_mor1kx/mor1kx_cpu/cappuccino.mor1kx_cpu/mor1kx_rf_cappuccino/rfb/mem_reg[10][2]
u_mor1kx/mor1kx_cpu/cappuccino.mor1kx_cpu/mor1kx_rf_cappuccino/rfb/mem_reg[10][3]
u_mor1kx/mor1kx_cpu/cappuccino.mor1kx_cpu/mor1kx_rf_cappuccino/rfb/mem_reg[10][4]
u_mor1kx/mor1kx_cpu/cappuccino.mor1kx_cpu/mor1kx_rf_cappuccino/rfb/mem_reg[10][5]
u_mor1kx/mor1kx_cpu/cappuccino.mor1kx_cpu/mor1kx_rf_cappuccino/rfb/mem_reg[10][6]
u_mor1kx/mor1kx_cpu/cappuccino.mor1kx_cpu/mor1kx_rf_cappuccino/rfb/mem_reg[10][7]
u_mor1kx/mor1kx_cpu/cappuccino.mor1kx_cpu/mor1kx_rf_cappuccino/rfb/mem_reg[10][8]
u_mor1kx/mor1kx_cpu/cappuccino.mor1kx_cpu/mor1kx_rf_cappuccino/rfb/mem_reg[10][9]
u_mor1kx/mor1kx_cpu/cappuccino.mor1kx_cpu/mor1kx_rf_cappuccino/rfb/mem_reg[10][10]
u_mor1kx/mor1kx_cpu/cappuccino.mor1kx_cpu/mor1kx_rf_cappuccino/rfb/mem_reg[10][11]
u_mor1kx/mor1kx_cpu/cappuccino.mor1kx_cpu/mor1kx_rf_cappuccino/rfb/mem_reg[10][12]
u_mor1kx/mor1kx_cpu/cappuccino.mor1kx_cpu/mor1kx_rf_cappuccino/rfb/mem_reg[10][13]
u_mor1kx/mor1kx_cpu/cappuccino.mor1kx_cpu/mor1kx_rf_cappuccino/rfb/mem_reg[10][14]
u_mor1kx/mor1kx_cpu/cappuccino.mor1kx_cpu/mor1kx_rf_cappuccino/rfb/mem_reg[10][15]
u_mor1kx/mor1kx_cpu/cappuccino.mor1kx_cpu/mor1kx_rf_cappuccino/rfb/mem_reg[10][16]
u_mor1kx/mor1kx_cpu/cappuccino.mor1kx_cpu/mor1kx_rf_cappuccino/rfb/mem_reg[10][17]
u_mor1kx/mor1kx_cpu/cappuccino.mor1kx_cpu/mor1kx_rf_cappuccino/rfb/mem_reg[10][18]
u_mor1kx/mor1kx_cpu/cappuccino.mor1kx_cpu/mor1kx_rf_cappuccino/rfb/mem_reg[10][19]
u_mor1kx/mor1kx_cpu/cappuccino.mor1kx_cpu/mor1kx_rf_cappuccino/rfb/mem_reg[10][20]
u_mor1kx/mor1kx_cpu/cappuccino.mor1kx_cpu/mor1kx_rf_cappuccino/rfb/mem_reg[10][21]
u_mor1kx/mor1kx_cpu/cappuccino.mor1kx_cpu/mor1kx_rf_cappuccino/rfb/mem_reg[10][22]
u_mor1kx/mor1kx_cpu/cappuccino.mor1kx_cpu/mor1kx_rf_cappuccino/rfb/mem_reg[10][23]
u_mor1kx/mor1kx_cpu/cappuccino.mor1kx_cpu/mor1kx_rf_cappuccino/rfb/mem_reg[10][24]
u_mor1kx/mor1kx_cpu/cappuccino.mor1kx_cpu/mor1kx_rf_cappuccino/rfb/mem_reg[10][25]
u_mor1kx/mor1kx_cpu/cappuccino.mor1kx_cpu/mor1kx_rf_cappuccino/rfb/mem_reg[10][26]
u_mor1kx/mor1kx_cpu/cappuccino.mor1kx_cpu/mor1kx_rf_cappuccino/rfb/mem_reg[10][27]
u_mor1kx/mor1kx_cpu/cappuccino.mor1kx_cpu/mor1kx_rf_cappuccino/rfb/mem_reg[10][28]
u_mor1kx/mor1kx_cpu/cappuccino.mor1kx_cpu/mor1kx_rf_cappuccino/rfb/mem_reg[10][29]
u_mor1kx/mor1kx_cpu/cappuccino.mor1kx_cpu/mor1kx_rf_cappuccino/rfb/mem_reg[10][30]
u_mor1kx/mor1kx_cpu/cappuccino.mor1kx_cpu/mor1kx_rf_cappuccino/rfb/mem_reg[10][31]
u_mor1kx/mor1kx_cpu/cappuccino.mor1kx_cpu/mor1kx_rf_cappuccino/rfb/mem_reg[11][0]
u_mor1kx/mor1kx_cpu/cappuccino.mor1kx_cpu/mor1kx_rf_cappuccino/rfb/mem_reg[11][1]
u_mor1kx/mor1kx_cpu/cappuccino.mor1kx_cpu/mor1kx_rf_cappuccino/rfb/mem_reg[11][2]
u_mor1kx/mor1kx_cpu/cappuccino.mor1kx_cpu/mor1kx_rf_cappuccino/rfb/mem_reg[11][3]
u_mor1kx/mor1kx_cpu/cappuccino.mor1kx_cpu/mor1kx_rf_cappuccino/rfb/mem_reg[11][4]
u_mor1kx/mor1kx_cpu/cappuccino.mor1kx_cpu/mor1kx_rf_cappuccino/rfb/mem_reg[11][5]
u_mor1kx/mor1kx_cpu/cappuccino.mor1kx_cpu/mor1kx_rf_cappuccino/rfb/mem_reg[11][6]
u_mor1kx/mor1kx_cpu/cappuccino.mor1kx_cpu/mor1kx_rf_cappuccino/rfb/mem_reg[11][7]
u_mor1kx/mor1kx_cpu/cappuccino.mor1kx_cpu/mor1kx_rf_cappuccino/rfb/mem_reg[11][8]
u_mor1kx/mor1kx_cpu/cappuccino.mor1kx_cpu/mor1kx_rf_cappuccino/rfb/mem_reg[11][9]
u_mor1kx/mor1kx_cpu/cappuccino.mor1kx_cpu/mor1kx_rf_cappuccino/rfb/mem_reg[11][10]
u_mor1kx/mor1kx_cpu/cappuccino.mor1kx_cpu/mor1kx_rf_cappuccino/rfb/mem_reg[11][11]
u_mor1kx/mor1kx_cpu/cappuccino.mor1kx_cpu/mor1kx_rf_cappuccino/rfb/mem_reg[11][12]
u_mor1kx/mor1kx_cpu/cappuccino.mor1kx_cpu/mor1kx_rf_cappuccino/rfb/mem_reg[11][13]
u_mor1kx/mor1kx_cpu/cappuccino.mor1kx_cpu/mor1kx_rf_cappuccino/rfb/mem_reg[11][14]
u_mor1kx/mor1kx_cpu/cappuccino.mor1kx_cpu/mor1kx_rf_cappuccino/rfb/mem_reg[11][15]
u_mor1kx/mor1kx_cpu/cappuccino.mor1kx_cpu/mor1kx_rf_cappuccino/rfb/mem_reg[11][16]
u_mor1kx/mor1kx_cpu/cappuccino.mor1kx_cpu/mor1kx_rf_cappuccino/rfb/mem_reg[11][17]
u_mor1kx/mor1kx_cpu/cappuccino.mor1kx_cpu/mor1kx_rf_cappuccino/rfb/mem_reg[11][18]
u_mor1kx/mor1kx_cpu/cappuccino.mor1kx_cpu/mor1kx_rf_cappuccino/rfb/mem_reg[11][19]
u_mor1kx/mor1kx_cpu/cappuccino.mor1kx_cpu/mor1kx_rf_cappuccino/rfb/mem_reg[11][20]
u_mor1kx/mor1kx_cpu/cappuccino.mor1kx_cpu/mor1kx_rf_cappuccino/rfb/mem_reg[11][21]
u_mor1kx/mor1kx_cpu/cappuccino.mor1kx_cpu/mor1kx_rf_cappuccino/rfb/mem_reg[11][22]
u_mor1kx/mor1kx_cpu/cappuccino.mor1kx_cpu/mor1kx_rf_cappuccino/rfb/mem_reg[11][23]
u_mor1kx/mor1kx_cpu/cappuccino.mor1kx_cpu/mor1kx_rf_cappuccino/rfb/mem_reg[11][24]
u_mor1kx/mor1kx_cpu/cappuccino.mor1kx_cpu/mor1kx_rf_cappuccino/rfb/mem_reg[11][25]
u_mor1kx/mor1kx_cpu/cappuccino.mor1kx_cpu/mor1kx_rf_cappuccino/rfb/mem_reg[11][26]
u_mor1kx/mor1kx_cpu/cappuccino.mor1kx_cpu/mor1kx_rf_cappuccino/rfb/mem_reg[11][27]
u_mor1kx/mor1kx_cpu/cappuccino.mor1kx_cpu/mor1kx_rf_cappuccino/rfb/mem_reg[11][28]
u_mor1kx/mor1kx_cpu/cappuccino.mor1kx_cpu/mor1kx_rf_cappuccino/rfb/mem_reg[11][29]
u_mor1kx/mor1kx_cpu/cappuccino.mor1kx_cpu/mor1kx_rf_cappuccino/rfb/mem_reg[11][30]
u_mor1kx/mor1kx_cpu/cappuccino.mor1kx_cpu/mor1kx_rf_cappuccino/rfb/mem_reg[11][31]
u_mor1kx/mor1kx_cpu/cappuccino.mor1kx_cpu/mor1kx_rf_cappuccino/rfb/mem_reg[12][0]
u_mor1kx/mor1kx_cpu/cappuccino.mor1kx_cpu/mor1kx_rf_cappuccino/rfb/mem_reg[12][1]
u_mor1kx/mor1kx_cpu/cappuccino.mor1kx_cpu/mor1kx_rf_cappuccino/rfb/mem_reg[12][2]
u_mor1kx/mor1kx_cpu/cappuccino.mor1kx_cpu/mor1kx_rf_cappuccino/rfb/mem_reg[12][3]
u_mor1kx/mor1kx_cpu/cappuccino.mor1kx_cpu/mor1kx_rf_cappuccino/rfb/mem_reg[12][4]
u_mor1kx/mor1kx_cpu/cappuccino.mor1kx_cpu/mor1kx_rf_cappuccino/rfb/mem_reg[12][5]
u_mor1kx/mor1kx_cpu/cappuccino.mor1kx_cpu/mor1kx_rf_cappuccino/rfb/mem_reg[12][6]
u_mor1kx/mor1kx_cpu/cappuccino.mor1kx_cpu/mor1kx_rf_cappuccino/rfb/mem_reg[12][7]
u_mor1kx/mor1kx_cpu/cappuccino.mor1kx_cpu/mor1kx_rf_cappuccino/rfb/mem_reg[12][8]
u_mor1kx/mor1kx_cpu/cappuccino.mor1kx_cpu/mor1kx_rf_cappuccino/rfb/mem_reg[12][9]
u_mor1kx/mor1kx_cpu/cappuccino.mor1kx_cpu/mor1kx_rf_cappuccino/rfb/mem_reg[12][10]
u_mor1kx/mor1kx_cpu/cappuccino.mor1kx_cpu/mor1kx_rf_cappuccino/rfb/mem_reg[12][11]
u_mor1kx/mor1kx_cpu/cappuccino.mor1kx_cpu/mor1kx_rf_cappuccino/rfb/mem_reg[12][12]
u_mor1kx/mor1kx_cpu/cappuccino.mor1kx_cpu/mor1kx_rf_cappuccino/rfb/mem_reg[12][13]
u_mor1kx/mor1kx_cpu/cappuccino.mor1kx_cpu/mor1kx_rf_cappuccino/rfb/mem_reg[12][14]
u_mor1kx/mor1kx_cpu/cappuccino.mor1kx_cpu/mor1kx_rf_cappuccino/rfb/mem_reg[12][15]
u_mor1kx/mor1kx_cpu/cappuccino.mor1kx_cpu/mor1kx_rf_cappuccino/rfb/mem_reg[12][16]
u_mor1kx/mor1kx_cpu/cappuccino.mor1kx_cpu/mor1kx_rf_cappuccino/rfb/mem_reg[12][17]
u_mor1kx/mor1kx_cpu/cappuccino.mor1kx_cpu/mor1kx_rf_cappuccino/rfb/mem_reg[12][18]
u_mor1kx/mor1kx_cpu/cappuccino.mor1kx_cpu/mor1kx_rf_cappuccino/rfb/mem_reg[12][19]
u_mor1kx/mor1kx_cpu/cappuccino.mor1kx_cpu/mor1kx_rf_cappuccino/rfb/mem_reg[12][20]
u_mor1kx/mor1kx_cpu/cappuccino.mor1kx_cpu/mor1kx_rf_cappuccino/rfb/mem_reg[12][21]
u_mor1kx/mor1kx_cpu/cappuccino.mor1kx_cpu/mor1kx_rf_cappuccino/rfb/mem_reg[12][22]
u_mor1kx/mor1kx_cpu/cappuccino.mor1kx_cpu/mor1kx_rf_cappuccino/rfb/mem_reg[12][23]
u_mor1kx/mor1kx_cpu/cappuccino.mor1kx_cpu/mor1kx_rf_cappuccino/rfb/mem_reg[12][24]
u_mor1kx/mor1kx_cpu/cappuccino.mor1kx_cpu/mor1kx_rf_cappuccino/rfb/mem_reg[12][25]
u_mor1kx/mor1kx_cpu/cappuccino.mor1kx_cpu/mor1kx_rf_cappuccino/rfb/mem_reg[12][26]
u_mor1kx/mor1kx_cpu/cappuccino.mor1kx_cpu/mor1kx_rf_cappuccino/rfb/mem_reg[12][27]
u_mor1kx/mor1kx_cpu/cappuccino.mor1kx_cpu/mor1kx_rf_cappuccino/rfb/mem_reg[13][0]
u_mor1kx/mor1kx_cpu/cappuccino.mor1kx_cpu/mor1kx_rf_cappuccino/rfb/mem_reg[13][1]
u_mor1kx/mor1kx_cpu/cappuccino.mor1kx_cpu/mor1kx_rf_cappuccino/rfb/mem_reg[13][2]
u_mor1kx/mor1kx_cpu/cappuccino.mor1kx_cpu/mor1kx_rf_cappuccino/rfb/mem_reg[13][3]
u_mor1kx/mor1kx_cpu/cappuccino.mor1kx_cpu/mor1kx_rf_cappuccino/rfb/mem_reg[13][4]
u_mor1kx/mor1kx_cpu/cappuccino.mor1kx_cpu/mor1kx_rf_cappuccino/rfb/mem_reg[13][5]
u_mor1kx/mor1kx_cpu/cappuccino.mor1kx_cpu/mor1kx_rf_cappuccino/rfb/mem_reg[13][6]
u_mor1kx/mor1kx_cpu/cappuccino.mor1kx_cpu/mor1kx_rf_cappuccino/rfb/mem_reg[13][7]
u_mor1kx/mor1kx_cpu/cappuccino.mor1kx_cpu/mor1kx_rf_cappuccino/rfb/mem_reg[13][8]
u_mor1kx/mor1kx_cpu/cappuccino.mor1kx_cpu/mor1kx_rf_cappuccino/rfb/mem_reg[13][9]
u_mor1kx/mor1kx_cpu/cappuccino.mor1kx_cpu/mor1kx_rf_cappuccino/rfb/mem_reg[13][10]
u_mor1kx/mor1kx_cpu/cappuccino.mor1kx_cpu/mor1kx_rf_cappuccino/rfb/mem_reg[13][11]
u_mor1kx/mor1kx_cpu/cappuccino.mor1kx_cpu/mor1kx_rf_cappuccino/rfb/mem_reg[13][12]
u_mor1kx/mor1kx_cpu/cappuccino.mor1kx_cpu/mor1kx_rf_cappuccino/rfb/mem_reg[13][13]
u_mor1kx/mor1kx_cpu/cappuccino.mor1kx_cpu/mor1kx_rf_cappuccino/rfb/mem_reg[13][14]
u_mor1kx/mor1kx_cpu/cappuccino.mor1kx_cpu/mor1kx_rf_cappuccino/rfb/mem_reg[13][15]
u_mor1kx/mor1kx_cpu/cappuccino.mor1kx_cpu/mor1kx_rf_cappuccino/rfb/mem_reg[13][16]
u_mor1kx/mor1kx_cpu/cappuccino.mor1kx_cpu/mor1kx_rf_cappuccino/rfb/mem_reg[13][17]
u_mor1kx/mor1kx_cpu/cappuccino.mor1kx_cpu/mor1kx_rf_cappuccino/rfb/mem_reg[13][18]
u_mor1kx/mor1kx_cpu/cappuccino.mor1kx_cpu/mor1kx_rf_cappuccino/rfb/mem_reg[13][19]
u_mor1kx/mor1kx_cpu/cappuccino.mor1kx_cpu/mor1kx_rf_cappuccino/rfb/mem_reg[13][20]
u_mor1kx/mor1kx_cpu/cappuccino.mor1kx_cpu/mor1kx_rf_cappuccino/rfb/mem_reg[13][21]
u_mor1kx/mor1kx_cpu/cappuccino.mor1kx_cpu/mor1kx_rf_cappuccino/rfb/mem_reg[13][22]
u_mor1kx/mor1kx_cpu/cappuccino.mor1kx_cpu/mor1kx_rf_cappuccino/rfb/mem_reg[13][23]
u_mor1kx/mor1kx_cpu/cappuccino.mor1kx_cpu/mor1kx_rf_cappuccino/rfb/mem_reg[13][24]
u_mor1kx/mor1kx_cpu/cappuccino.mor1kx_cpu/mor1kx_rf_cappuccino/rfb/mem_reg[13][25]
u_mor1kx/mor1kx_cpu/cappuccino.mor1kx_cpu/mor1kx_rf_cappuccino/rfb/mem_reg[13][26]
u_mor1kx/mor1kx_cpu/cappuccino.mor1kx_cpu/mor1kx_rf_cappuccino/rfb/mem_reg[13][27]
u_mor1kx/mor1kx_cpu/cappuccino.mor1kx_cpu/mor1kx_rf_cappuccino/rfb/mem_reg[14][1]
u_mor1kx/mor1kx_cpu/cappuccino.mor1kx_cpu/mor1kx_rf_cappuccino/rfb/mem_reg[14][2]
u_mor1kx/mor1kx_cpu/cappuccino.mor1kx_cpu/mor1kx_rf_cappuccino/rfb/mem_reg[14][3]
u_mor1kx/mor1kx_cpu/cappuccino.mor1kx_cpu/mor1kx_rf_cappuccino/rfb/mem_reg[14][4]
u_mor1kx/mor1kx_cpu/cappuccino.mor1kx_cpu/mor1kx_rf_cappuccino/rfb/mem_reg[14][5]
u_mor1kx/mor1kx_cpu/cappuccino.mor1kx_cpu/mor1kx_rf_cappuccino/rfb/mem_reg[14][6]
u_mor1kx/mor1kx_cpu/cappuccino.mor1kx_cpu/mor1kx_rf_cappuccino/rfb/mem_reg[14][7]
u_mor1kx/mor1kx_cpu/cappuccino.mor1kx_cpu/mor1kx_rf_cappuccino/rfb/mem_reg[14][8]
u_mor1kx/mor1kx_cpu/cappuccino.mor1kx_cpu/mor1kx_rf_cappuccino/rfb/mem_reg[14][9]
u_mor1kx/mor1kx_cpu/cappuccino.mor1kx_cpu/mor1kx_rf_cappuccino/rfb/mem_reg[14][10]
u_mor1kx/mor1kx_cpu/cappuccino.mor1kx_cpu/mor1kx_rf_cappuccino/rfb/mem_reg[14][11]
u_mor1kx/mor1kx_cpu/cappuccino.mor1kx_cpu/mor1kx_rf_cappuccino/rfb/mem_reg[14][12]
u_mor1kx/mor1kx_cpu/cappuccino.mor1kx_cpu/mor1kx_rf_cappuccino/rfb/mem_reg[14][13]
u_mor1kx/mor1kx_cpu/cappuccino.mor1kx_cpu/mor1kx_rf_cappuccino/rfb/mem_reg[14][14]
u_mor1kx/mor1kx_cpu/cappuccino.mor1kx_cpu/mor1kx_rf_cappuccino/rfb/mem_reg[14][15]
u_mor1kx/mor1kx_cpu/cappuccino.mor1kx_cpu/mor1kx_rf_cappuccino/rfb/mem_reg[14][16]
u_mor1kx/mor1kx_cpu/cappuccino.mor1kx_cpu/mor1kx_rf_cappuccino/rfb/mem_reg[14][17]
u_mor1kx/mor1kx_cpu/cappuccino.mor1kx_cpu/mor1kx_rf_cappuccino/rfb/mem_reg[14][18]
u_mor1kx/mor1kx_cpu/cappuccino.mor1kx_cpu/mor1kx_rf_cappuccino/rfb/mem_reg[14][19]
u_mor1kx/mor1kx_cpu/cappuccino.mor1kx_cpu/mor1kx_rf_cappuccino/rfb/mem_reg[14][20]
u_mor1kx/mor1kx_cpu/cappuccino.mor1kx_cpu/mor1kx_rf_cappuccino/rfb/mem_reg[14][21]
u_mor1kx/mor1kx_cpu/cappuccino.mor1kx_cpu/mor1kx_rf_cappuccino/rfb/mem_reg[14][22]
u_mor1kx/mor1kx_cpu/cappuccino.mor1kx_cpu/mor1kx_rf_cappuccino/rfb/mem_reg[15][1]
u_mor1kx/mor1kx_cpu/cappuccino.mor1kx_cpu/mor1kx_rf_cappuccino/rfb/mem_reg[15][2]
u_mor1kx/mor1kx_cpu/cappuccino.mor1kx_cpu/mor1kx_rf_cappuccino/rfb/mem_reg[15][3]
u_mor1kx/mor1kx_cpu/cappuccino.mor1kx_cpu/mor1kx_rf_cappuccino/rfb/mem_reg[15][4]
u_mor1kx/mor1kx_cpu/cappuccino.mor1kx_cpu/mor1kx_rf_cappuccino/rfb/mem_reg[15][5]
u_mor1kx/mor1kx_cpu/cappuccino.mor1kx_cpu/mor1kx_rf_cappuccino/rfb/mem_reg[15][6]
u_mor1kx/mor1kx_cpu/cappuccino.mor1kx_cpu/mor1kx_rf_cappuccino/rfb/mem_reg[15][7]
u_mor1kx/mor1kx_cpu/cappuccino.mor1kx_cpu/mor1kx_rf_cappuccino/rfb/mem_reg[15][8]
u_mor1kx/mor1kx_cpu/cappuccino.mor1kx_cpu/mor1kx_rf_cappuccino/rfb/mem_reg[15][9]
u_mor1kx/mor1kx_cpu/cappuccino.mor1kx_cpu/mor1kx_rf_cappuccino/rfb/mem_reg[15][10]
u_mor1kx/mor1kx_cpu/cappuccino.mor1kx_cpu/mor1kx_rf_cappuccino/rfb/mem_reg[15][11]
u_mor1kx/mor1kx_cpu/cappuccino.mor1kx_cpu/mor1kx_rf_cappuccino/rfb/mem_reg[15][12]
u_mor1kx/mor1kx_cpu/cappuccino.mor1kx_cpu/mor1kx_rf_cappuccino/rfb/mem_reg[15][13]
u_mor1kx/mor1kx_cpu/cappuccino.mor1kx_cpu/mor1kx_rf_cappuccino/rfb/mem_reg[15][14]
u_mor1kx/mor1kx_cpu/cappuccino.mor1kx_cpu/mor1kx_rf_cappuccino/rfb/mem_reg[15][15]
u_mor1kx/mor1kx_cpu/cappuccino.mor1kx_cpu/mor1kx_rf_cappuccino/rfb/mem_reg[15][16]
u_mor1kx/mor1kx_cpu/cappuccino.mor1kx_cpu/mor1kx_rf_cappuccino/rfb/mem_reg[15][17]
u_mor1kx/mor1kx_cpu/cappuccino.mor1kx_cpu/mor1kx_rf_cappuccino/rfb/mem_reg[15][18]
u_mor1kx/mor1kx_cpu/cappuccino.mor1kx_cpu/mor1kx_rf_cappuccino/rfb/mem_reg[15][19]
u_mor1kx/mor1kx_cpu/cappuccino.mor1kx_cpu/mor1kx_rf_cappuccino/rfb/mem_reg[15][20]
u_mor1kx/mor1kx_cpu/cappuccino.mor1kx_cpu/mor1kx_rf_cappuccino/rfb/mem_reg[15][21]
u_mor1kx/mor1kx_cpu/cappuccino.mor1kx_cpu/mor1kx_rf_cappuccino/rfb/mem_reg[15][22]
u_mor1kx/mor1kx_cpu/cappuccino.mor1kx_cpu/mor1kx_rf_cappuccino/rfb/mem_reg[16][1]
u_mor1kx/mor1kx_cpu/cappuccino.mor1kx_cpu/mor1kx_rf_cappuccino/rfb/mem_reg[16][2]
u_mor1kx/mor1kx_cpu/cappuccino.mor1kx_cpu/mor1kx_rf_cappuccino/rfb/mem_reg[16][3]
u_mor1kx/mor1kx_cpu/cappuccino.mor1kx_cpu/mor1kx_rf_cappuccino/rfb/mem_reg[16][4]
u_mor1kx/mor1kx_cpu/cappuccino.mor1kx_cpu/mor1kx_rf_cappuccino/rfb/mem_reg[16][5]
u_mor1kx/mor1kx_cpu/cappuccino.mor1kx_cpu/mor1kx_rf_cappuccino/rfb/mem_reg[16][6]
u_mor1kx/mor1kx_cpu/cappuccino.mor1kx_cpu/mor1kx_rf_cappuccino/rfb/mem_reg[16][7]
u_mor1kx/mor1kx_cpu/cappuccino.mor1kx_cpu/mor1kx_rf_cappuccino/rfb/mem_reg[16][8]
u_mor1kx/mor1kx_cpu/cappuccino.mor1kx_cpu/mor1kx_rf_cappuccino/rfb/mem_reg[16][9]
u_mor1kx/mor1kx_cpu/cappuccino.mor1kx_cpu/mor1kx_rf_cappuccino/rfb/mem_reg[16][10]
u_mor1kx/mor1kx_cpu/cappuccino.mor1kx_cpu/mor1kx_rf_cappuccino/rfb/mem_reg[16][11]
u_mor1kx/mor1kx_cpu/cappuccino.mor1kx_cpu/mor1kx_rf_cappuccino/rfb/mem_reg[16][12]
u_mor1kx/mor1kx_cpu/cappuccino.mor1kx_cpu/mor1kx_rf_cappuccino/rfb/mem_reg[16][13]
u_mor1kx/mor1kx_cpu/cappuccino.mor1kx_cpu/mor1kx_rf_cappuccino/rfb/mem_reg[16][14]
u_mor1kx/mor1kx_cpu/cappuccino.mor1kx_cpu/mor1kx_rf_cappuccino/rfb/mem_reg[16][15]
u_mor1kx/mor1kx_cpu/cappuccino.mor1kx_cpu/mor1kx_rf_cappuccino/rfb/mem_reg[16][16]
u_mor1kx/mor1kx_cpu/cappuccino.mor1kx_cpu/mor1kx_rf_cappuccino/rfb/mem_reg[16][17]
u_mor1kx/mor1kx_cpu/cappuccino.mor1kx_cpu/mor1kx_rf_cappuccino/rfb/mem_reg[16][18]
u_mor1kx/mor1kx_cpu/cappuccino.mor1kx_cpu/mor1kx_rf_cappuccino/rfb/mem_reg[16][19]
u_mor1kx/mor1kx_cpu/cappuccino.mor1kx_cpu/mor1kx_rf_cappuccino/rfb/mem_reg[16][20]
u_mor1kx/mor1kx_cpu/cappuccino.mor1kx_cpu/mor1kx_rf_cappuccino/rfb/mem_reg[16][21]
u_mor1kx/mor1kx_cpu/cappuccino.mor1kx_cpu/mor1kx_rf_cappuccino/rfb/mem_reg[16][22]
u_mor1kx/mor1kx_cpu/cappuccino.mor1kx_cpu/mor1kx_rf_cappuccino/rfb/mem_reg[17][0]
u_mor1kx/mor1kx_cpu/cappuccino.mor1kx_cpu/mor1kx_rf_cappuccino/rfb/mem_reg[17][1]
u_mor1kx/mor1kx_cpu/cappuccino.mor1kx_cpu/mor1kx_rf_cappuccino/rfb/mem_reg[17][2]
u_mor1kx/mor1kx_cpu/cappuccino.mor1kx_cpu/mor1kx_rf_cappuccino/rfb/mem_reg[17][3]
u_mor1kx/mor1kx_cpu/cappuccino.mor1kx_cpu/mor1kx_rf_cappuccino/rfb/mem_reg[17][4]
u_mor1kx/mor1kx_cpu/cappuccino.mor1kx_cpu/mor1kx_rf_cappuccino/rfb/mem_reg[17][5]
u_mor1kx/mor1kx_cpu/cappuccino.mor1kx_cpu/mor1kx_rf_cappuccino/rfb/mem_reg[17][6]
u_mor1kx/mor1kx_cpu/cappuccino.mor1kx_cpu/mor1kx_rf_cappuccino/rfb/mem_reg[17][7]
u_mor1kx/mor1kx_cpu/cappuccino.mor1kx_cpu/mor1kx_rf_cappuccino/rfb/mem_reg[17][8]
u_mor1kx/mor1kx_cpu/cappuccino.mor1kx_cpu/mor1kx_rf_cappuccino/rfb/mem_reg[17][9]
u_mor1kx/mor1kx_cpu/cappuccino.mor1kx_cpu/mor1kx_rf_cappuccino/rfb/mem_reg[17][10]
u_mor1kx/mor1kx_cpu/cappuccino.mor1kx_cpu/mor1kx_rf_cappuccino/rfb/mem_reg[17][11]
u_mor1kx/mor1kx_cpu/cappuccino.mor1kx_cpu/mor1kx_rf_cappuccino/rfb/mem_reg[17][12]
u_mor1kx/mor1kx_cpu/cappuccino.mor1kx_cpu/mor1kx_rf_cappuccino/rfb/mem_reg[17][13]
u_mor1kx/mor1kx_cpu/cappuccino.mor1kx_cpu/mor1kx_rf_cappuccino/rfb/mem_reg[17][14]
u_mor1kx/mor1kx_cpu/cappuccino.mor1kx_cpu/mor1kx_rf_cappuccino/rfb/mem_reg[17][15]
u_mor1kx/mor1kx_cpu/cappuccino.mor1kx_cpu/mor1kx_rf_cappuccino/rfb/mem_reg[17][16]
u_mor1kx/mor1kx_cpu/cappuccino.mor1kx_cpu/mor1kx_rf_cappuccino/rfb/mem_reg[17][17]
u_mor1kx/mor1kx_cpu/cappuccino.mor1kx_cpu/mor1kx_rf_cappuccino/rfb/mem_reg[17][18]
u_mor1kx/mor1kx_cpu/cappuccino.mor1kx_cpu/mor1kx_rf_cappuccino/rfb/mem_reg[17][19]
u_mor1kx/mor1kx_cpu/cappuccino.mor1kx_cpu/mor1kx_rf_cappuccino/rfb/mem_reg[17][20]
u_mor1kx/mor1kx_cpu/cappuccino.mor1kx_cpu/mor1kx_rf_cappuccino/rfb/mem_reg[17][21]
u_mor1kx/mor1kx_cpu/cappuccino.mor1kx_cpu/mor1kx_rf_cappuccino/rfb/mem_reg[17][22]
u_mor1kx/mor1kx_cpu/cappuccino.mor1kx_cpu/mor1kx_rf_cappuccino/rfb/mem_reg[17][23]
u_mor1kx/mor1kx_cpu/cappuccino.mor1kx_cpu/mor1kx_rf_cappuccino/rfb/mem_reg[17][24]
u_mor1kx/mor1kx_cpu/cappuccino.mor1kx_cpu/mor1kx_rf_cappuccino/rfb/mem_reg[17][25]
u_mor1kx/mor1kx_cpu/cappuccino.mor1kx_cpu/mor1kx_rf_cappuccino/rfb/mem_reg[17][26]
u_mor1kx/mor1kx_cpu/cappuccino.mor1kx_cpu/mor1kx_rf_cappuccino/rfb/mem_reg[17][27]
u_mor1kx/mor1kx_cpu/cappuccino.mor1kx_cpu/mor1kx_rf_cappuccino/rfb/mem_reg[17][28]
u_mor1kx/mor1kx_cpu/cappuccino.mor1kx_cpu/mor1kx_rf_cappuccino/rfb/mem_reg[17][29]
u_mor1kx/mor1kx_cpu/cappuccino.mor1kx_cpu/mor1kx_rf_cappuccino/rfb/mem_reg[17][30]
u_mor1kx/mor1kx_cpu/cappuccino.mor1kx_cpu/mor1kx_rf_cappuccino/rfb/mem_reg[17][31]
u_mor1kx/mor1kx_cpu/cappuccino.mor1kx_cpu/mor1kx_rf_cappuccino/rfb/mem_reg[18][0]
u_mor1kx/mor1kx_cpu/cappuccino.mor1kx_cpu/mor1kx_rf_cappuccino/rfb/mem_reg[18][1]
u_mor1kx/mor1kx_cpu/cappuccino.mor1kx_cpu/mor1kx_rf_cappuccino/rfb/mem_reg[18][2]
u_mor1kx/mor1kx_cpu/cappuccino.mor1kx_cpu/mor1kx_rf_cappuccino/rfb/mem_reg[18][3]
u_mor1kx/mor1kx_cpu/cappuccino.mor1kx_cpu/mor1kx_rf_cappuccino/rfb/mem_reg[18][4]
u_mor1kx/mor1kx_cpu/cappuccino.mor1kx_cpu/mor1kx_rf_cappuccino/rfb/mem_reg[18][5]
u_mor1kx/mor1kx_cpu/cappuccino.mor1kx_cpu/mor1kx_rf_cappuccino/rfb/mem_reg[18][6]
u_mor1kx/mor1kx_cpu/cappuccino.mor1kx_cpu/mor1kx_rf_cappuccino/rfb/mem_reg[18][7]
u_mor1kx/mor1kx_cpu/cappuccino.mor1kx_cpu/mor1kx_rf_cappuccino/rfb/mem_reg[18][8]
u_mor1kx/mor1kx_cpu/cappuccino.mor1kx_cpu/mor1kx_rf_cappuccino/rfb/mem_reg[18][9]
u_mor1kx/mor1kx_cpu/cappuccino.mor1kx_cpu/mor1kx_rf_cappuccino/rfb/mem_reg[18][10]
u_mor1kx/mor1kx_cpu/cappuccino.mor1kx_cpu/mor1kx_rf_cappuccino/rfb/mem_reg[18][11]
u_mor1kx/mor1kx_cpu/cappuccino.mor1kx_cpu/mor1kx_rf_cappuccino/rfb/mem_reg[18][12]
u_mor1kx/mor1kx_cpu/cappuccino.mor1kx_cpu/mor1kx_rf_cappuccino/rfb/mem_reg[18][13]
u_mor1kx/mor1kx_cpu/cappuccino.mor1kx_cpu/mor1kx_rf_cappuccino/rfb/mem_reg[18][14]
u_mor1kx/mor1kx_cpu/cappuccino.mor1kx_cpu/mor1kx_rf_cappuccino/rfb/mem_reg[18][15]
u_mor1kx/mor1kx_cpu/cappuccino.mor1kx_cpu/mor1kx_rf_cappuccino/rfb/mem_reg[18][16]
u_mor1kx/mor1kx_cpu/cappuccino.mor1kx_cpu/mor1kx_rf_cappuccino/rfb/mem_reg[18][17]
u_mor1kx/mor1kx_cpu/cappuccino.mor1kx_cpu/mor1kx_rf_cappuccino/rfb/mem_reg[18][18]
u_mor1kx/mor1kx_cpu/cappuccino.mor1kx_cpu/mor1kx_rf_cappuccino/rfb/mem_reg[18][19]
u_mor1kx/mor1kx_cpu/cappuccino.mor1kx_cpu/mor1kx_rf_cappuccino/rfb/mem_reg[18][20]
u_mor1kx/mor1kx_cpu/cappuccino.mor1kx_cpu/mor1kx_rf_cappuccino/rfb/mem_reg[18][21]
u_mor1kx/mor1kx_cpu/cappuccino.mor1kx_cpu/mor1kx_rf_cappuccino/rfb/mem_reg[18][22]
u_mor1kx/mor1kx_cpu/cappuccino.mor1kx_cpu/mor1kx_rf_cappuccino/rfb/mem_reg[18][23]
u_mor1kx/mor1kx_cpu/cappuccino.mor1kx_cpu/mor1kx_rf_cappuccino/rfb/mem_reg[18][24]
u_mor1kx/mor1kx_cpu/cappuccino.mor1kx_cpu/mor1kx_rf_cappuccino/rfb/mem_reg[18][25]
u_mor1kx/mor1kx_cpu/cappuccino.mor1kx_cpu/mor1kx_rf_cappuccino/rfb/mem_reg[18][26]
u_mor1kx/mor1kx_cpu/cappuccino.mor1kx_cpu/mor1kx_rf_cappuccino/rfb/mem_reg[18][27]
u_mor1kx/mor1kx_cpu/cappuccino.mor1kx_cpu/mor1kx_rf_cappuccino/rfb/mem_reg[18][28]
u_mor1kx/mor1kx_cpu/cappuccino.mor1kx_cpu/mor1kx_rf_cappuccino/rfb/mem_reg[18][29]
u_mor1kx/mor1kx_cpu/cappuccino.mor1kx_cpu/mor1kx_rf_cappuccino/rfb/mem_reg[18][30]
u_mor1kx/mor1kx_cpu/cappuccino.mor1kx_cpu/mor1kx_rf_cappuccino/rfb/mem_reg[18][31]
u_mor1kx/mor1kx_cpu/cappuccino.mor1kx_cpu/mor1kx_rf_cappuccino/rfb/mem_reg[19][0]
u_mor1kx/mor1kx_cpu/cappuccino.mor1kx_cpu/mor1kx_rf_cappuccino/rfb/mem_reg[19][1]
u_mor1kx/mor1kx_cpu/cappuccino.mor1kx_cpu/mor1kx_rf_cappuccino/rfb/mem_reg[19][2]
u_mor1kx/mor1kx_cpu/cappuccino.mor1kx_cpu/mor1kx_rf_cappuccino/rfb/mem_reg[19][3]
u_mor1kx/mor1kx_cpu/cappuccino.mor1kx_cpu/mor1kx_rf_cappuccino/rfb/mem_reg[19][4]
u_mor1kx/mor1kx_cpu/cappuccino.mor1kx_cpu/mor1kx_rf_cappuccino/rfb/mem_reg[19][5]
u_mor1kx/mor1kx_cpu/cappuccino.mor1kx_cpu/mor1kx_rf_cappuccino/rfb/mem_reg[19][6]
u_mor1kx/mor1kx_cpu/cappuccino.mor1kx_cpu/mor1kx_rf_cappuccino/rfb/mem_reg[19][7]
u_mor1kx/mor1kx_cpu/cappuccino.mor1kx_cpu/mor1kx_rf_cappuccino/rfb/mem_reg[19][8]
u_mor1kx/mor1kx_cpu/cappuccino.mor1kx_cpu/mor1kx_rf_cappuccino/rfb/mem_reg[19][9]
u_mor1kx/mor1kx_cpu/cappuccino.mor1kx_cpu/mor1kx_rf_cappuccino/rfb/mem_reg[19][10]
u_mor1kx/mor1kx_cpu/cappuccino.mor1kx_cpu/mor1kx_rf_cappuccino/rfb/mem_reg[19][11]
u_mor1kx/mor1kx_cpu/cappuccino.mor1kx_cpu/mor1kx_rf_cappuccino/rfb/mem_reg[19][12]
u_mor1kx/mor1kx_cpu/cappuccino.mor1kx_cpu/mor1kx_rf_cappuccino/rfb/mem_reg[19][13]
u_mor1kx/mor1kx_cpu/cappuccino.mor1kx_cpu/mor1kx_rf_cappuccino/rfb/mem_reg[19][14]
u_mor1kx/mor1kx_cpu/cappuccino.mor1kx_cpu/mor1kx_rf_cappuccino/rfb/mem_reg[19][15]
u_mor1kx/mor1kx_cpu/cappuccino.mor1kx_cpu/mor1kx_rf_cappuccino/rfb/mem_reg[19][16]
u_mor1kx/mor1kx_cpu/cappuccino.mor1kx_cpu/mor1kx_rf_cappuccino/rfb/mem_reg[19][17]
u_mor1kx/mor1kx_cpu/cappuccino.mor1kx_cpu/mor1kx_rf_cappuccino/rfb/mem_reg[19][18]
u_mor1kx/mor1kx_cpu/cappuccino.mor1kx_cpu/mor1kx_rf_cappuccino/rfb/mem_reg[19][19]
u_mor1kx/mor1kx_cpu/cappuccino.mor1kx_cpu/mor1kx_rf_cappuccino/rfb/mem_reg[19][20]
u_mor1kx/mor1kx_cpu/cappuccino.mor1kx_cpu/mor1kx_rf_cappuccino/rfb/mem_reg[19][21]
u_mor1kx/mor1kx_cpu/cappuccino.mor1kx_cpu/mor1kx_rf_cappuccino/rfb/mem_reg[19][22]
u_mor1kx/mor1kx_cpu/cappuccino.mor1kx_cpu/mor1kx_rf_cappuccino/rfb/mem_reg[19][23]
u_mor1kx/mor1kx_cpu/cappuccino.mor1kx_cpu/mor1kx_rf_cappuccino/rfb/mem_reg[19][24]
u_mor1kx/mor1kx_cpu/cappuccino.mor1kx_cpu/mor1kx_rf_cappuccino/rfb/mem_reg[19][25]
u_mor1kx/mor1kx_cpu/cappuccino.mor1kx_cpu/mor1kx_rf_cappuccino/rfb/mem_reg[19][26]
u_mor1kx/mor1kx_cpu/cappuccino.mor1kx_cpu/mor1kx_rf_cappuccino/rfb/mem_reg[19][27]
u_mor1kx/mor1kx_cpu/cappuccino.mor1kx_cpu/mor1kx_rf_cappuccino/rfb/mem_reg[19][28]
u_mor1kx/mor1kx_cpu/cappuccino.mor1kx_cpu/mor1kx_rf_cappuccino/rfb/mem_reg[19][29]
u_mor1kx/mor1kx_cpu/cappuccino.mor1kx_cpu/mor1kx_rf_cappuccino/rfb/mem_reg[19][30]
u_mor1kx/mor1kx_cpu/cappuccino.mor1kx_cpu/mor1kx_rf_cappuccino/rfb/mem_reg[19][31]
u_mor1kx/mor1kx_cpu/cappuccino.mor1kx_cpu/mor1kx_rf_cappuccino/rfb/mem_reg[20][0]
u_mor1kx/mor1kx_cpu/cappuccino.mor1kx_cpu/mor1kx_rf_cappuccino/rfb/mem_reg[20][1]
u_mor1kx/mor1kx_cpu/cappuccino.mor1kx_cpu/mor1kx_rf_cappuccino/rfb/mem_reg[20][2]
u_mor1kx/mor1kx_cpu/cappuccino.mor1kx_cpu/mor1kx_rf_cappuccino/rfb/mem_reg[20][3]
u_mor1kx/mor1kx_cpu/cappuccino.mor1kx_cpu/mor1kx_rf_cappuccino/rfb/mem_reg[20][4]
u_mor1kx/mor1kx_cpu/cappuccino.mor1kx_cpu/mor1kx_rf_cappuccino/rfb/mem_reg[20][5]
u_mor1kx/mor1kx_cpu/cappuccino.mor1kx_cpu/mor1kx_rf_cappuccino/rfb/mem_reg[20][6]
u_mor1kx/mor1kx_cpu/cappuccino.mor1kx_cpu/mor1kx_rf_cappuccino/rfb/mem_reg[20][7]
u_mor1kx/mor1kx_cpu/cappuccino.mor1kx_cpu/mor1kx_rf_cappuccino/rfb/mem_reg[20][8]
u_mor1kx/mor1kx_cpu/cappuccino.mor1kx_cpu/mor1kx_rf_cappuccino/rfb/mem_reg[20][9]
u_mor1kx/mor1kx_cpu/cappuccino.mor1kx_cpu/mor1kx_rf_cappuccino/rfb/mem_reg[20][10]
u_mor1kx/mor1kx_cpu/cappuccino.mor1kx_cpu/mor1kx_rf_cappuccino/rfb/mem_reg[20][11]
u_mor1kx/mor1kx_cpu/cappuccino.mor1kx_cpu/mor1kx_rf_cappuccino/rfb/mem_reg[20][12]
u_mor1kx/mor1kx_cpu/cappuccino.mor1kx_cpu/mor1kx_rf_cappuccino/rfb/mem_reg[20][13]
u_mor1kx/mor1kx_cpu/cappuccino.mor1kx_cpu/mor1kx_rf_cappuccino/rfb/mem_reg[20][14]
u_mor1kx/mor1kx_cpu/cappuccino.mor1kx_cpu/mor1kx_rf_cappuccino/rfb/mem_reg[20][15]
u_mor1kx/mor1kx_cpu/cappuccino.mor1kx_cpu/mor1kx_rf_cappuccino/rfb/mem_reg[20][16]
u_mor1kx/mor1kx_cpu/cappuccino.mor1kx_cpu/mor1kx_rf_cappuccino/rfb/mem_reg[20][17]
u_mor1kx/mor1kx_cpu/cappuccino.mor1kx_cpu/mor1kx_rf_cappuccino/rfb/mem_reg[20][18]
u_mor1kx/mor1kx_cpu/cappuccino.mor1kx_cpu/mor1kx_rf_cappuccino/rfb/mem_reg[20][19]
u_mor1kx/mor1kx_cpu/cappuccino.mor1kx_cpu/mor1kx_rf_cappuccino/rfb/mem_reg[20][20]
u_mor1kx/mor1kx_cpu/cappuccino.mor1kx_cpu/mor1kx_rf_cappuccino/rfb/mem_reg[20][21]
u_mor1kx/mor1kx_cpu/cappuccino.mor1kx_cpu/mor1kx_rf_cappuccino/rfb/mem_reg[20][22]
u_mor1kx/mor1kx_cpu/cappuccino.mor1kx_cpu/mor1kx_rf_cappuccino/rfb/mem_reg[20][23]
u_mor1kx/mor1kx_cpu/cappuccino.mor1kx_cpu/mor1kx_rf_cappuccino/rfb/mem_reg[20][24]
u_mor1kx/mor1kx_cpu/cappuccino.mor1kx_cpu/mor1kx_rf_cappuccino/rfb/mem_reg[20][25]
u_mor1kx/mor1kx_cpu/cappuccino.mor1kx_cpu/mor1kx_rf_cappuccino/rfb/mem_reg[20][26]
u_mor1kx/mor1kx_cpu/cappuccino.mor1kx_cpu/mor1kx_rf_cappuccino/rfb/mem_reg[20][27]
u_mor1kx/mor1kx_cpu/cappuccino.mor1kx_cpu/mor1kx_rf_cappuccino/rfb/mem_reg[21][0]
u_mor1kx/mor1kx_cpu/cappuccino.mor1kx_cpu/mor1kx_rf_cappuccino/rfb/mem_reg[21][1]
u_mor1kx/mor1kx_cpu/cappuccino.mor1kx_cpu/mor1kx_rf_cappuccino/rfb/mem_reg[21][2]
u_mor1kx/mor1kx_cpu/cappuccino.mor1kx_cpu/mor1kx_rf_cappuccino/rfb/mem_reg[21][3]
u_mor1kx/mor1kx_cpu/cappuccino.mor1kx_cpu/mor1kx_rf_cappuccino/rfb/mem_reg[21][4]
u_mor1kx/mor1kx_cpu/cappuccino.mor1kx_cpu/mor1kx_rf_cappuccino/rfb/mem_reg[21][5]
u_mor1kx/mor1kx_cpu/cappuccino.mor1kx_cpu/mor1kx_rf_cappuccino/rfb/mem_reg[21][6]
u_mor1kx/mor1kx_cpu/cappuccino.mor1kx_cpu/mor1kx_rf_cappuccino/rfb/mem_reg[21][7]
u_mor1kx/mor1kx_cpu/cappuccino.mor1kx_cpu/mor1kx_rf_cappuccino/rfb/mem_reg[21][8]
u_mor1kx/mor1kx_cpu/cappuccino.mor1kx_cpu/mor1kx_rf_cappuccino/rfb/mem_reg[21][9]
u_mor1kx/mor1kx_cpu/cappuccino.mor1kx_cpu/mor1kx_rf_cappuccino/rfb/mem_reg[21][10]
u_mor1kx/mor1kx_cpu/cappuccino.mor1kx_cpu/mor1kx_rf_cappuccino/rfb/mem_reg[21][11]
u_mor1kx/mor1kx_cpu/cappuccino.mor1kx_cpu/mor1kx_rf_cappuccino/rfb/mem_reg[21][12]
u_mor1kx/mor1kx_cpu/cappuccino.mor1kx_cpu/mor1kx_rf_cappuccino/rfb/mem_reg[21][13]
u_mor1kx/mor1kx_cpu/cappuccino.mor1kx_cpu/mor1kx_rf_cappuccino/rfb/mem_reg[21][14]
u_mor1kx/mor1kx_cpu/cappuccino.mor1kx_cpu/mor1kx_rf_cappuccino/rfb/mem_reg[21][15]
u_mor1kx/mor1kx_cpu/cappuccino.mor1kx_cpu/mor1kx_rf_cappuccino/rfb/mem_reg[21][16]
u_mor1kx/mor1kx_cpu/cappuccino.mor1kx_cpu/mor1kx_rf_cappuccino/rfb/mem_reg[21][17]
u_mor1kx/mor1kx_cpu/cappuccino.mor1kx_cpu/mor1kx_rf_cappuccino/rfb/mem_reg[21][18]
u_mor1kx/mor1kx_cpu/cappuccino.mor1kx_cpu/mor1kx_rf_cappuccino/rfb/mem_reg[21][19]
u_mor1kx/mor1kx_cpu/cappuccino.mor1kx_cpu/mor1kx_rf_cappuccino/rfb/mem_reg[21][20]
u_mor1kx/mor1kx_cpu/cappuccino.mor1kx_cpu/mor1kx_rf_cappuccino/rfb/mem_reg[21][21]
u_mor1kx/mor1kx_cpu/cappuccino.mor1kx_cpu/mor1kx_rf_cappuccino/rfb/mem_reg[21][22]
u_mor1kx/mor1kx_cpu/cappuccino.mor1kx_cpu/mor1kx_rf_cappuccino/rfb/mem_reg[21][23]
u_mor1kx/mor1kx_cpu/cappuccino.mor1kx_cpu/mor1kx_rf_cappuccino/rfb/mem_reg[21][24]
u_mor1kx/mor1kx_cpu/cappuccino.mor1kx_cpu/mor1kx_rf_cappuccino/rfb/mem_reg[21][25]
u_mor1kx/mor1kx_cpu/cappuccino.mor1kx_cpu/mor1kx_rf_cappuccino/rfb/mem_reg[21][26]
u_mor1kx/mor1kx_cpu/cappuccino.mor1kx_cpu/mor1kx_rf_cappuccino/rfb/mem_reg[21][27]
u_mor1kx/mor1kx_cpu/cappuccino.mor1kx_cpu/mor1kx_rf_cappuccino/rfb/mem_reg[22][1]
u_mor1kx/mor1kx_cpu/cappuccino.mor1kx_cpu/mor1kx_rf_cappuccino/rfb/mem_reg[22][2]
u_mor1kx/mor1kx_cpu/cappuccino.mor1kx_cpu/mor1kx_rf_cappuccino/rfb/mem_reg[22][3]
u_mor1kx/mor1kx_cpu/cappuccino.mor1kx_cpu/mor1kx_rf_cappuccino/rfb/mem_reg[22][4]
u_mor1kx/mor1kx_cpu/cappuccino.mor1kx_cpu/mor1kx_rf_cappuccino/rfb/mem_reg[22][5]
u_mor1kx/mor1kx_cpu/cappuccino.mor1kx_cpu/mor1kx_rf_cappuccino/rfb/mem_reg[22][6]
u_mor1kx/mor1kx_cpu/cappuccino.mor1kx_cpu/mor1kx_rf_cappuccino/rfb/mem_reg[22][7]
u_mor1kx/mor1kx_cpu/cappuccino.mor1kx_cpu/mor1kx_rf_cappuccino/rfb/mem_reg[22][8]
u_mor1kx/mor1kx_cpu/cappuccino.mor1kx_cpu/mor1kx_rf_cappuccino/rfb/mem_reg[22][9]
u_mor1kx/mor1kx_cpu/cappuccino.mor1kx_cpu/mor1kx_rf_cappuccino/rfb/mem_reg[22][10]
u_mor1kx/mor1kx_cpu/cappuccino.mor1kx_cpu/mor1kx_rf_cappuccino/rfb/mem_reg[22][11]
u_mor1kx/mor1kx_cpu/cappuccino.mor1kx_cpu/mor1kx_rf_cappuccino/rfb/mem_reg[22][12]
u_mor1kx/mor1kx_cpu/cappuccino.mor1kx_cpu/mor1kx_rf_cappuccino/rfb/mem_reg[22][13]
u_mor1kx/mor1kx_cpu/cappuccino.mor1kx_cpu/mor1kx_rf_cappuccino/rfb/mem_reg[22][14]
u_mor1kx/mor1kx_cpu/cappuccino.mor1kx_cpu/mor1kx_rf_cappuccino/rfb/mem_reg[22][15]
u_mor1kx/mor1kx_cpu/cappuccino.mor1kx_cpu/mor1kx_rf_cappuccino/rfb/mem_reg[22][16]
u_mor1kx/mor1kx_cpu/cappuccino.mor1kx_cpu/mor1kx_rf_cappuccino/rfb/mem_reg[22][17]
u_mor1kx/mor1kx_cpu/cappuccino.mor1kx_cpu/mor1kx_rf_cappuccino/rfb/mem_reg[22][18]
u_mor1kx/mor1kx_cpu/cappuccino.mor1kx_cpu/mor1kx_rf_cappuccino/rfb/mem_reg[22][19]
u_mor1kx/mor1kx_cpu/cappuccino.mor1kx_cpu/mor1kx_rf_cappuccino/rfb/mem_reg[22][20]
u_mor1kx/mor1kx_cpu/cappuccino.mor1kx_cpu/mor1kx_rf_cappuccino/rfb/mem_reg[22][21]
u_mor1kx/mor1kx_cpu/cappuccino.mor1kx_cpu/mor1kx_rf_cappuccino/rfb/mem_reg[22][22]
u_mor1kx/mor1kx_cpu/cappuccino.mor1kx_cpu/mor1kx_rf_cappuccino/rfb/mem_reg[23][1]
u_mor1kx/mor1kx_cpu/cappuccino.mor1kx_cpu/mor1kx_rf_cappuccino/rfb/mem_reg[23][2]
u_mor1kx/mor1kx_cpu/cappuccino.mor1kx_cpu/mor1kx_rf_cappuccino/rfb/mem_reg[23][3]
u_mor1kx/mor1kx_cpu/cappuccino.mor1kx_cpu/mor1kx_rf_cappuccino/rfb/mem_reg[23][4]
u_mor1kx/mor1kx_cpu/cappuccino.mor1kx_cpu/mor1kx_rf_cappuccino/rfb/mem_reg[23][5]
u_mor1kx/mor1kx_cpu/cappuccino.mor1kx_cpu/mor1kx_rf_cappuccino/rfb/mem_reg[23][6]
u_mor1kx/mor1kx_cpu/cappuccino.mor1kx_cpu/mor1kx_rf_cappuccino/rfb/mem_reg[23][7]
u_mor1kx/mor1kx_cpu/cappuccino.mor1kx_cpu/mor1kx_rf_cappuccino/rfb/mem_reg[23][8]
u_mor1kx/mor1kx_cpu/cappuccino.mor1kx_cpu/mor1kx_rf_cappuccino/rfb/mem_reg[23][9]
u_mor1kx/mor1kx_cpu/cappuccino.mor1kx_cpu/mor1kx_rf_cappuccino/rfb/mem_reg[23][10]
u_mor1kx/mor1kx_cpu/cappuccino.mor1kx_cpu/mor1kx_rf_cappuccino/rfb/mem_reg[23][11]
u_mor1kx/mor1kx_cpu/cappuccino.mor1kx_cpu/mor1kx_rf_cappuccino/rfb/mem_reg[23][12]
u_mor1kx/mor1kx_cpu/cappuccino.mor1kx_cpu/mor1kx_rf_cappuccino/rfb/mem_reg[23][13]
u_mor1kx/mor1kx_cpu/cappuccino.mor1kx_cpu/mor1kx_rf_cappuccino/rfb/mem_reg[23][14]
u_mor1kx/mor1kx_cpu/cappuccino.mor1kx_cpu/mor1kx_rf_cappuccino/rfb/mem_reg[23][15]
u_mor1kx/mor1kx_cpu/cappuccino.mor1kx_cpu/mor1kx_rf_cappuccino/rfb/mem_reg[23][16]
u_mor1kx/mor1kx_cpu/cappuccino.mor1kx_cpu/mor1kx_rf_cappuccino/rfb/mem_reg[23][17]
u_mor1kx/mor1kx_cpu/cappuccino.mor1kx_cpu/mor1kx_rf_cappuccino/rfb/mem_reg[23][18]
u_mor1kx/mor1kx_cpu/cappuccino.mor1kx_cpu/mor1kx_rf_cappuccino/rfb/mem_reg[23][19]
u_mor1kx/mor1kx_cpu/cappuccino.mor1kx_cpu/mor1kx_rf_cappuccino/rfb/mem_reg[23][20]
u_mor1kx/mor1kx_cpu/cappuccino.mor1kx_cpu/mor1kx_rf_cappuccino/rfb/mem_reg[23][21]
u_mor1kx/mor1kx_cpu/cappuccino.mor1kx_cpu/mor1kx_rf_cappuccino/rfb/mem_reg[23][22]
u_mor1kx/mor1kx_cpu/cappuccino.mor1kx_cpu/mor1kx_rf_cappuccino/rfb/mem_reg[24][1]
u_mor1kx/mor1kx_cpu/cappuccino.mor1kx_cpu/mor1kx_rf_cappuccino/rfb/mem_reg[24][2]
u_mor1kx/mor1kx_cpu/cappuccino.mor1kx_cpu/mor1kx_rf_cappuccino/rfb/mem_reg[24][3]
u_mor1kx/mor1kx_cpu/cappuccino.mor1kx_cpu/mor1kx_rf_cappuccino/rfb/mem_reg[24][4]
u_mor1kx/mor1kx_cpu/cappuccino.mor1kx_cpu/mor1kx_rf_cappuccino/rfb/mem_reg[24][5]
u_mor1kx/mor1kx_cpu/cappuccino.mor1kx_cpu/mor1kx_rf_cappuccino/rfb/mem_reg[24][6]
u_mor1kx/mor1kx_cpu/cappuccino.mor1kx_cpu/mor1kx_rf_cappuccino/rfb/mem_reg[25][0]
u_mor1kx/mor1kx_cpu/cappuccino.mor1kx_cpu/mor1kx_rf_cappuccino/rfb/mem_reg[25][1]
u_mor1kx/mor1kx_cpu/cappuccino.mor1kx_cpu/mor1kx_rf_cappuccino/rfb/mem_reg[25][2]
u_mor1kx/mor1kx_cpu/cappuccino.mor1kx_cpu/mor1kx_rf_cappuccino/rfb/mem_reg[25][3]
u_mor1kx/mor1kx_cpu/cappuccino.mor1kx_cpu/mor1kx_rf_cappuccino/rfb/mem_reg[25][4]
u_mor1kx/mor1kx_cpu/cappuccino.mor1kx_cpu/mor1kx_rf_cappuccino/rfb/mem_reg[25][5]
u_mor1kx/mor1kx_cpu/cappuccino.mor1kx_cpu/mor1kx_rf_cappuccino/rfb/mem_reg[25][6]
u_mor1kx/mor1kx_cpu/cappuccino.mor1kx_cpu/mor1kx_rf_cappuccino/rfb/mem_reg[25][7]
u_mor1kx/mor1kx_cpu/cappuccino.mor1kx_cpu/mor1kx_rf_cappuccino/rfb/mem_reg[25][8]
u_mor1kx/mor1kx_cpu/cappuccino.mor1kx_cpu/mor1kx_rf_cappuccino/rfb/mem_reg[25][9]
u_mor1kx/mor1kx_cpu/cappuccino.mor1kx_cpu/mor1kx_rf_cappuccino/rfb/mem_reg[25][10]
u_mor1kx/mor1kx_cpu/cappuccino.mor1kx_cpu/mor1kx_rf_cappuccino/rfb/mem_reg[25][11]
u_mor1kx/mor1kx_cpu/cappuccino.mor1kx_cpu/mor1kx_rf_cappuccino/rfb/mem_reg[25][12]
u_mor1kx/mor1kx_cpu/cappuccino.mor1kx_cpu/mor1kx_rf_cappuccino/rfb/mem_reg[25][13]
u_mor1kx/mor1kx_cpu/cappuccino.mor1kx_cpu/mor1kx_rf_cappuccino/rfb/mem_reg[25][14]
u_mor1kx/mor1kx_cpu/cappuccino.mor1kx_cpu/mor1kx_rf_cappuccino/rfb/mem_reg[25][15]
u_mor1kx/mor1kx_cpu/cappuccino.mor1kx_cpu/mor1kx_rf_cappuccino/rfb/mem_reg[25][16]
u_mor1kx/mor1kx_cpu/cappuccino.mor1kx_cpu/mor1kx_rf_cappuccino/rfb/mem_reg[25][17]
u_mor1kx/mor1kx_cpu/cappuccino.mor1kx_cpu/mor1kx_rf_cappuccino/rfb/mem_reg[25][18]
u_mor1kx/mor1kx_cpu/cappuccino.mor1kx_cpu/mor1kx_rf_cappuccino/rfb/mem_reg[25][19]
u_mor1kx/mor1kx_cpu/cappuccino.mor1kx_cpu/mor1kx_rf_cappuccino/rfb/mem_reg[25][20]
u_mor1kx/mor1kx_cpu/cappuccino.mor1kx_cpu/mor1kx_rf_cappuccino/rfb/mem_reg[25][21]
u_mor1kx/mor1kx_cpu/cappuccino.mor1kx_cpu/mor1kx_rf_cappuccino/rfb/mem_reg[25][22]
u_mor1kx/mor1kx_cpu/cappuccino.mor1kx_cpu/mor1kx_rf_cappuccino/rfb/mem_reg[25][23]
u_mor1kx/mor1kx_cpu/cappuccino.mor1kx_cpu/mor1kx_rf_cappuccino/rfb/mem_reg[25][24]
u_mor1kx/mor1kx_cpu/cappuccino.mor1kx_cpu/mor1kx_rf_cappuccino/rfb/mem_reg[25][25]
u_mor1kx/mor1kx_cpu/cappuccino.mor1kx_cpu/mor1kx_rf_cappuccino/rfb/mem_reg[25][26]
u_mor1kx/mor1kx_cpu/cappuccino.mor1kx_cpu/mor1kx_rf_cappuccino/rfb/mem_reg[25][27]
u_mor1kx/mor1kx_cpu/cappuccino.mor1kx_cpu/mor1kx_rf_cappuccino/rfb/mem_reg[25][28]
u_mor1kx/mor1kx_cpu/cappuccino.mor1kx_cpu/mor1kx_rf_cappuccino/rfb/mem_reg[25][29]
u_mor1kx/mor1kx_cpu/cappuccino.mor1kx_cpu/mor1kx_rf_cappuccino/rfb/mem_reg[25][30]
u_mor1kx/mor1kx_cpu/cappuccino.mor1kx_cpu/mor1kx_rf_cappuccino/rfb/mem_reg[25][31]
u_mor1kx/mor1kx_cpu/cappuccino.mor1kx_cpu/mor1kx_rf_cappuccino/rfb/mem_reg[26][0]
u_mor1kx/mor1kx_cpu/cappuccino.mor1kx_cpu/mor1kx_rf_cappuccino/rfb/mem_reg[26][1]
u_mor1kx/mor1kx_cpu/cappuccino.mor1kx_cpu/mor1kx_rf_cappuccino/rfb/mem_reg[26][2]
u_mor1kx/mor1kx_cpu/cappuccino.mor1kx_cpu/mor1kx_rf_cappuccino/rfb/mem_reg[26][3]
u_mor1kx/mor1kx_cpu/cappuccino.mor1kx_cpu/mor1kx_rf_cappuccino/rfb/mem_reg[26][4]
u_mor1kx/mor1kx_cpu/cappuccino.mor1kx_cpu/mor1kx_rf_cappuccino/rfb/mem_reg[26][5]
u_mor1kx/mor1kx_cpu/cappuccino.mor1kx_cpu/mor1kx_rf_cappuccino/rfb/mem_reg[26][6]
u_mor1kx/mor1kx_cpu/cappuccino.mor1kx_cpu/mor1kx_rf_cappuccino/rfb/mem_reg[26][7]
u_mor1kx/mor1kx_cpu/cappuccino.mor1kx_cpu/mor1kx_rf_cappuccino/rfb/mem_reg[26][8]
u_mor1kx/mor1kx_cpu/cappuccino.mor1kx_cpu/mor1kx_rf_cappuccino/rfb/mem_reg[26][9]
u_mor1kx/mor1kx_cpu/cappuccino.mor1kx_cpu/mor1kx_rf_cappuccino/rfb/mem_reg[26][10]
u_mor1kx/mor1kx_cpu/cappuccino.mor1kx_cpu/mor1kx_rf_cappuccino/rfb/mem_reg[26][11]
u_mor1kx/mor1kx_cpu/cappuccino.mor1kx_cpu/mor1kx_rf_cappuccino/rfb/mem_reg[26][12]
u_mor1kx/mor1kx_cpu/cappuccino.mor1kx_cpu/mor1kx_rf_cappuccino/rfb/mem_reg[26][13]
u_mor1kx/mor1kx_cpu/cappuccino.mor1kx_cpu/mor1kx_rf_cappuccino/rfb/mem_reg[26][14]
u_mor1kx/mor1kx_cpu/cappuccino.mor1kx_cpu/mor1kx_rf_cappuccino/rfb/mem_reg[26][15]
u_mor1kx/mor1kx_cpu/cappuccino.mor1kx_cpu/mor1kx_rf_cappuccino/rfb/mem_reg[26][16]
u_mor1kx/mor1kx_cpu/cappuccino.mor1kx_cpu/mor1kx_rf_cappuccino/rfb/mem_reg[26][17]
u_mor1kx/mor1kx_cpu/cappuccino.mor1kx_cpu/mor1kx_rf_cappuccino/rfb/mem_reg[26][18]
u_mor1kx/mor1kx_cpu/cappuccino.mor1kx_cpu/mor1kx_rf_cappuccino/rfb/mem_reg[26][19]
u_mor1kx/mor1kx_cpu/cappuccino.mor1kx_cpu/mor1kx_rf_cappuccino/rfb/mem_reg[26][20]
u_mor1kx/mor1kx_cpu/cappuccino.mor1kx_cpu/mor1kx_rf_cappuccino/rfb/mem_reg[26][21]
u_mor1kx/mor1kx_cpu/cappuccino.mor1kx_cpu/mor1kx_rf_cappuccino/rfb/mem_reg[26][22]
u_mor1kx/mor1kx_cpu/cappuccino.mor1kx_cpu/mor1kx_rf_cappuccino/rfb/mem_reg[26][23]
u_mor1kx/mor1kx_cpu/cappuccino.mor1kx_cpu/mor1kx_rf_cappuccino/rfb/mem_reg[26][24]
u_mor1kx/mor1kx_cpu/cappuccino.mor1kx_cpu/mor1kx_rf_cappuccino/rfb/mem_reg[26][25]
u_mor1kx/mor1kx_cpu/cappuccino.mor1kx_cpu/mor1kx_rf_cappuccino/rfb/mem_reg[26][26]
u_mor1kx/mor1kx_cpu/cappuccino.mor1kx_cpu/mor1kx_rf_cappuccino/rfb/mem_reg[26][27]
u_mor1kx/mor1kx_cpu/cappuccino.mor1kx_cpu/mor1kx_rf_cappuccino/rfb/mem_reg[26][28]
u_mor1kx/mor1kx_cpu/cappuccino.mor1kx_cpu/mor1kx_rf_cappuccino/rfb/mem_reg[26][29]
u_mor1kx/mor1kx_cpu/cappuccino.mor1kx_cpu/mor1kx_rf_cappuccino/rfb/mem_reg[26][30]
u_mor1kx/mor1kx_cpu/cappuccino.mor1kx_cpu/mor1kx_rf_cappuccino/rfb/mem_reg[26][31]
u_mor1kx/mor1kx_cpu/cappuccino.mor1kx_cpu/mor1kx_rf_cappuccino/rfb/mem_reg[27][0]
u_mor1kx/mor1kx_cpu/cappuccino.mor1kx_cpu/mor1kx_rf_cappuccino/rfb/mem_reg[27][1]
u_mor1kx/mor1kx_cpu/cappuccino.mor1kx_cpu/mor1kx_rf_cappuccino/rfb/mem_reg[27][2]
u_mor1kx/mor1kx_cpu/cappuccino.mor1kx_cpu/mor1kx_rf_cappuccino/rfb/mem_reg[27][3]
u_mor1kx/mor1kx_cpu/cappuccino.mor1kx_cpu/mor1kx_rf_cappuccino/rfb/mem_reg[27][4]
u_mor1kx/mor1kx_cpu/cappuccino.mor1kx_cpu/mor1kx_rf_cappuccino/rfb/mem_reg[27][5]
u_mor1kx/mor1kx_cpu/cappuccino.mor1kx_cpu/mor1kx_rf_cappuccino/rfb/mem_reg[27][6]
u_mor1kx/mor1kx_cpu/cappuccino.mor1kx_cpu/mor1kx_rf_cappuccino/rfb/mem_reg[27][7]
u_mor1kx/mor1kx_cpu/cappuccino.mor1kx_cpu/mor1kx_rf_cappuccino/rfb/mem_reg[27][8]
u_mor1kx/mor1kx_cpu/cappuccino.mor1kx_cpu/mor1kx_rf_cappuccino/rfb/mem_reg[27][9]
u_mor1kx/mor1kx_cpu/cappuccino.mor1kx_cpu/mor1kx_rf_cappuccino/rfb/mem_reg[27][10]
u_mor1kx/mor1kx_cpu/cappuccino.mor1kx_cpu/mor1kx_rf_cappuccino/rfb/mem_reg[27][11]
u_mor1kx/mor1kx_cpu/cappuccino.mor1kx_cpu/mor1kx_rf_cappuccino/rfb/mem_reg[27][12]
u_mor1kx/mor1kx_cpu/cappuccino.mor1kx_cpu/mor1kx_rf_cappuccino/rfb/mem_reg[27][13]
u_mor1kx/mor1kx_cpu/cappuccino.mor1kx_cpu/mor1kx_rf_cappuccino/rfb/mem_reg[27][14]
u_mor1kx/mor1kx_cpu/cappuccino.mor1kx_cpu/mor1kx_rf_cappuccino/rfb/mem_reg[27][15]
u_mor1kx/mor1kx_cpu/cappuccino.mor1kx_cpu/mor1kx_rf_cappuccino/rfb/mem_reg[27][16]
u_mor1kx/mor1kx_cpu/cappuccino.mor1kx_cpu/mor1kx_rf_cappuccino/rfb/mem_reg[27][17]
u_mor1kx/mor1kx_cpu/cappuccino.mor1kx_cpu/mor1kx_rf_cappuccino/rfb/mem_reg[27][18]
u_mor1kx/mor1kx_cpu/cappuccino.mor1kx_cpu/mor1kx_rf_cappuccino/rfb/mem_reg[27][19]
u_mor1kx/mor1kx_cpu/cappuccino.mor1kx_cpu/mor1kx_rf_cappuccino/rfb/mem_reg[27][20]
u_mor1kx/mor1kx_cpu/cappuccino.mor1kx_cpu/mor1kx_rf_cappuccino/rfb/mem_reg[27][21]
u_mor1kx/mor1kx_cpu/cappuccino.mor1kx_cpu/mor1kx_rf_cappuccino/rfb/mem_reg[27][22]
u_mor1kx/mor1kx_cpu/cappuccino.mor1kx_cpu/mor1kx_rf_cappuccino/rfb/mem_reg[27][23]
u_mor1kx/mor1kx_cpu/cappuccino.mor1kx_cpu/mor1kx_rf_cappuccino/rfb/mem_reg[27][24]
u_mor1kx/mor1kx_cpu/cappuccino.mor1kx_cpu/mor1kx_rf_cappuccino/rfb/mem_reg[27][25]
u_mor1kx/mor1kx_cpu/cappuccino.mor1kx_cpu/mor1kx_rf_cappuccino/rfb/mem_reg[27][26]
u_mor1kx/mor1kx_cpu/cappuccino.mor1kx_cpu/mor1kx_rf_cappuccino/rfb/mem_reg[27][27]
u_mor1kx/mor1kx_cpu/cappuccino.mor1kx_cpu/mor1kx_rf_cappuccino/rfb/mem_reg[27][28]
u_mor1kx/mor1kx_cpu/cappuccino.mor1kx_cpu/mor1kx_rf_cappuccino/rfb/mem_reg[27][29]
u_mor1kx/mor1kx_cpu/cappuccino.mor1kx_cpu/mor1kx_rf_cappuccino/rfb/mem_reg[27][30]
u_mor1kx/mor1kx_cpu/cappuccino.mor1kx_cpu/mor1kx_rf_cappuccino/rfb/mem_reg[27][31]
u_mor1kx/mor1kx_cpu/cappuccino.mor1kx_cpu/mor1kx_rf_cappuccino/rfb/mem_reg[28][0]
u_mor1kx/mor1kx_cpu/cappuccino.mor1kx_cpu/mor1kx_rf_cappuccino/rfb/mem_reg[28][1]
u_mor1kx/mor1kx_cpu/cappuccino.mor1kx_cpu/mor1kx_rf_cappuccino/rfb/mem_reg[28][2]
u_mor1kx/mor1kx_cpu/cappuccino.mor1kx_cpu/mor1kx_rf_cappuccino/rfb/mem_reg[28][3]
u_mor1kx/mor1kx_cpu/cappuccino.mor1kx_cpu/mor1kx_rf_cappuccino/rfb/mem_reg[28][4]
u_mor1kx/mor1kx_cpu/cappuccino.mor1kx_cpu/mor1kx_rf_cappuccino/rfb/mem_reg[28][5]
u_mor1kx/mor1kx_cpu/cappuccino.mor1kx_cpu/mor1kx_rf_cappuccino/rfb/mem_reg[28][6]
u_mor1kx/mor1kx_cpu/cappuccino.mor1kx_cpu/mor1kx_rf_cappuccino/rfb/mem_reg[28][7]
u_mor1kx/mor1kx_cpu/cappuccino.mor1kx_cpu/mor1kx_rf_cappuccino/rfb/mem_reg[28][8]
u_mor1kx/mor1kx_cpu/cappuccino.mor1kx_cpu/mor1kx_rf_cappuccino/rfb/mem_reg[28][9]
u_mor1kx/mor1kx_cpu/cappuccino.mor1kx_cpu/mor1kx_rf_cappuccino/rfb/mem_reg[28][10]
u_mor1kx/mor1kx_cpu/cappuccino.mor1kx_cpu/mor1kx_rf_cappuccino/rfb/mem_reg[28][11]
u_mor1kx/mor1kx_cpu/cappuccino.mor1kx_cpu/mor1kx_rf_cappuccino/rfb/mem_reg[28][12]
u_mor1kx/mor1kx_cpu/cappuccino.mor1kx_cpu/mor1kx_rf_cappuccino/rfb/mem_reg[28][13]
u_mor1kx/mor1kx_cpu/cappuccino.mor1kx_cpu/mor1kx_rf_cappuccino/rfb/mem_reg[28][14]
u_mor1kx/mor1kx_cpu/cappuccino.mor1kx_cpu/mor1kx_rf_cappuccino/rfb/mem_reg[28][15]
u_mor1kx/mor1kx_cpu/cappuccino.mor1kx_cpu/mor1kx_rf_cappuccino/rfb/mem_reg[28][16]
u_mor1kx/mor1kx_cpu/cappuccino.mor1kx_cpu/mor1kx_rf_cappuccino/rfb/mem_reg[28][17]
u_mor1kx/mor1kx_cpu/cappuccino.mor1kx_cpu/mor1kx_rf_cappuccino/rfb/mem_reg[28][18]
u_mor1kx/mor1kx_cpu/cappuccino.mor1kx_cpu/mor1kx_rf_cappuccino/rfb/mem_reg[28][19]
u_mor1kx/mor1kx_cpu/cappuccino.mor1kx_cpu/mor1kx_rf_cappuccino/rfb/mem_reg[28][20]
u_mor1kx/mor1kx_cpu/cappuccino.mor1kx_cpu/mor1kx_rf_cappuccino/rfb/mem_reg[28][21]
u_mor1kx/mor1kx_cpu/cappuccino.mor1kx_cpu/mor1kx_rf_cappuccino/rfb/mem_reg[28][22]
u_mor1kx/mor1kx_cpu/cappuccino.mor1kx_cpu/mor1kx_rf_cappuccino/rfb/mem_reg[28][23]
u_mor1kx/mor1kx_cpu/cappuccino.mor1kx_cpu/mor1kx_rf_cappuccino/rfb/mem_reg[28][24]
u_mor1kx/mor1kx_cpu/cappuccino.mor1kx_cpu/mor1kx_rf_cappuccino/rfb/mem_reg[28][25]
u_mor1kx/mor1kx_cpu/cappuccino.mor1kx_cpu/mor1kx_rf_cappuccino/rfb/mem_reg[28][26]
u_mor1kx/mor1kx_cpu/cappuccino.mor1kx_cpu/mor1kx_rf_cappuccino/rfb/mem_reg[28][27]
u_mor1kx/mor1kx_cpu/cappuccino.mor1kx_cpu/mor1kx_rf_cappuccino/rfb/mem_reg[29][0]
u_mor1kx/mor1kx_cpu/cappuccino.mor1kx_cpu/mor1kx_rf_cappuccino/rfb/mem_reg[29][1]
u_mor1kx/mor1kx_cpu/cappuccino.mor1kx_cpu/mor1kx_rf_cappuccino/rfb/mem_reg[29][2]
u_mor1kx/mor1kx_cpu/cappuccino.mor1kx_cpu/mor1kx_rf_cappuccino/rfb/mem_reg[29][3]
u_mor1kx/mor1kx_cpu/cappuccino.mor1kx_cpu/mor1kx_rf_cappuccino/rfb/mem_reg[29][4]
u_mor1kx/mor1kx_cpu/cappuccino.mor1kx_cpu/mor1kx_rf_cappuccino/rfb/mem_reg[29][5]
u_mor1kx/mor1kx_cpu/cappuccino.mor1kx_cpu/mor1kx_rf_cappuccino/rfb/mem_reg[29][6]
u_mor1kx/mor1kx_cpu/cappuccino.mor1kx_cpu/mor1kx_rf_cappuccino/rfb/mem_reg[29][7]
u_mor1kx/mor1kx_cpu/cappuccino.mor1kx_cpu/mor1kx_rf_cappuccino/rfb/mem_reg[29][8]
u_mor1kx/mor1kx_cpu/cappuccino.mor1kx_cpu/mor1kx_rf_cappuccino/rfb/mem_reg[29][9]
u_mor1kx/mor1kx_cpu/cappuccino.mor1kx_cpu/mor1kx_rf_cappuccino/rfb/mem_reg[29][10]
u_mor1kx/mor1kx_cpu/cappuccino.mor1kx_cpu/mor1kx_rf_cappuccino/rfb/mem_reg[29][11]
u_mor1kx/mor1kx_cpu/cappuccino.mor1kx_cpu/mor1kx_rf_cappuccino/rfb/mem_reg[29][12]
u_mor1kx/mor1kx_cpu/cappuccino.mor1kx_cpu/mor1kx_rf_cappuccino/rfb/mem_reg[29][13]
u_mor1kx/mor1kx_cpu/cappuccino.mor1kx_cpu/mor1kx_rf_cappuccino/rfb/mem_reg[29][14]
u_mor1kx/mor1kx_cpu/cappuccino.mor1kx_cpu/mor1kx_rf_cappuccino/rfb/mem_reg[29][15]
u_mor1kx/mor1kx_cpu/cappuccino.mor1kx_cpu/mor1kx_rf_cappuccino/rfb/mem_reg[29][16]
u_mor1kx/mor1kx_cpu/cappuccino.mor1kx_cpu/mor1kx_rf_cappuccino/rfb/mem_reg[29][17]
u_mor1kx/mor1kx_cpu/cappuccino.mor1kx_cpu/mor1kx_rf_cappuccino/rfb/mem_reg[29][18]
u_mor1kx/mor1kx_cpu/cappuccino.mor1kx_cpu/mor1kx_rf_cappuccino/rfb/mem_reg[29][19]
u_mor1kx/mor1kx_cpu/cappuccino.mor1kx_cpu/mor1kx_rf_cappuccino/rfb/mem_reg[29][20]
u_mor1kx/mor1kx_cpu/cappuccino.mor1kx_cpu/mor1kx_rf_cappuccino/rfb/mem_reg[29][21]
u_mor1kx/mor1kx_cpu/cappuccino.mor1kx_cpu/mor1kx_rf_cappuccino/rfb/mem_reg[29][22]
u_mor1kx/mor1kx_cpu/cappuccino.mor1kx_cpu/mor1kx_rf_cappuccino/rfb/mem_reg[29][23]
u_mor1kx/mor1kx_cpu/cappuccino.mor1kx_cpu/mor1kx_rf_cappuccino/rfb/mem_reg[29][24]
u_mor1kx/mor1kx_cpu/cappuccino.mor1kx_cpu/mor1kx_rf_cappuccino/rfb/mem_reg[29][25]
u_mor1kx/mor1kx_cpu/cappuccino.mor1kx_cpu/mor1kx_rf_cappuccino/rfb/mem_reg[29][26]
u_mor1kx/mor1kx_cpu/cappuccino.mor1kx_cpu/mor1kx_rf_cappuccino/rfb/mem_reg[29][27]
u_mor1kx/mor1kx_cpu/cappuccino.mor1kx_cpu/mor1kx_rf_cappuccino/rfb/mem_reg[30][1]
u_mor1kx/mor1kx_cpu/cappuccino.mor1kx_cpu/mor1kx_rf_cappuccino/rfb/mem_reg[30][2]
u_mor1kx/mor1kx_cpu/cappuccino.mor1kx_cpu/mor1kx_rf_cappuccino/rfb/mem_reg[30][3]
u_mor1kx/mor1kx_cpu/cappuccino.mor1kx_cpu/mor1kx_rf_cappuccino/rfb/mem_reg[30][4]
u_mor1kx/mor1kx_cpu/cappuccino.mor1kx_cpu/mor1kx_rf_cappuccino/rfb/mem_reg[30][5]
u_mor1kx/mor1kx_cpu/cappuccino.mor1kx_cpu/mor1kx_rf_cappuccino/rfb/mem_reg[30][6]
u_mor1kx/mor1kx_cpu/cappuccino.mor1kx_cpu/mor1kx_rf_cappuccino/rfb/mem_reg[30][7]
u_mor1kx/mor1kx_cpu/cappuccino.mor1kx_cpu/mor1kx_rf_cappuccino/rfb/mem_reg[30][8]
u_mor1kx/mor1kx_cpu/cappuccino.mor1kx_cpu/mor1kx_rf_cappuccino/rfb/mem_reg[30][9]
u_mor1kx/mor1kx_cpu/cappuccino.mor1kx_cpu/mor1kx_rf_cappuccino/rfb/mem_reg[30][10]
u_mor1kx/mor1kx_cpu/cappuccino.mor1kx_cpu/mor1kx_rf_cappuccino/rfb/mem_reg[30][11]
u_mor1kx/mor1kx_cpu/cappuccino.mor1kx_cpu/mor1kx_rf_cappuccino/rfb/mem_reg[30][12]
u_mor1kx/mor1kx_cpu/cappuccino.mor1kx_cpu/mor1kx_rf_cappuccino/rfb/mem_reg[30][13]
u_mor1kx/mor1kx_cpu/cappuccino.mor1kx_cpu/mor1kx_rf_cappuccino/rfb/mem_reg[30][14]
u_mor1kx/mor1kx_cpu/cappuccino.mor1kx_cpu/mor1kx_rf_cappuccino/rfb/mem_reg[30][15]
u_mor1kx/mor1kx_cpu/cappuccino.mor1kx_cpu/mor1kx_rf_cappuccino/rfb/mem_reg[30][16]
u_mor1kx/mor1kx_cpu/cappuccino.mor1kx_cpu/mor1kx_rf_cappuccino/rfb/mem_reg[30][17]
u_mor1kx/mor1kx_cpu/cappuccino.mor1kx_cpu/mor1kx_rf_cappuccino/rfb/mem_reg[30][18]
u_mor1kx/mor1kx_cpu/cappuccino.mor1kx_cpu/mor1kx_rf_cappuccino/rfb/mem_reg[30][19]
u_mor1kx/mor1kx_cpu/cappuccino.mor1kx_cpu/mor1kx_rf_cappuccino/rfb/mem_reg[30][20]
u_mor1kx/mor1kx_cpu/cappuccino.mor1kx_cpu/mor1kx_rf_cappuccino/rfb/mem_reg[30][21]
u_mor1kx/mor1kx_cpu/cappuccino.mor1kx_cpu/mor1kx_rf_cappuccino/rfb/mem_reg[30][22]
u_mor1kx/mor1kx_cpu/cappuccino.mor1kx_cpu/mor1kx_rf_cappuccino/rfb/mem_reg[31][1]
u_mor1kx/mor1kx_cpu/cappuccino.mor1kx_cpu/mor1kx_rf_cappuccino/rfb/mem_reg[31][2]
u_mor1kx/mor1kx_cpu/cappuccino.mor1kx_cpu/mor1kx_rf_cappuccino/rfb/mem_reg[31][3]
u_mor1kx/mor1kx_cpu/cappuccino.mor1kx_cpu/mor1kx_rf_cappuccino/rfb/mem_reg[31][4]
u_mor1kx/mor1kx_cpu/cappuccino.mor1kx_cpu/mor1kx_rf_cappuccino/rfb/mem_reg[31][5]
u_mor1kx/mor1kx_cpu/cappuccino.mor1kx_cpu/mor1kx_rf_cappuccino/rfb/mem_reg[31][6]
u_mor1kx/mor1kx_cpu/cappuccino.mor1kx_cpu/mor1kx_rf_cappuccino/rfb/mem_reg[31][7]
u_mor1kx/mor1kx_cpu/cappuccino.mor1kx_cpu/mor1kx_rf_cappuccino/rfb/mem_reg[31][8]
u_mor1kx/mor1kx_cpu/cappuccino.mor1kx_cpu/mor1kx_rf_cappuccino/rfb/mem_reg[31][9]
u_mor1kx/mor1kx_cpu/cappuccino.mor1kx_cpu/mor1kx_rf_cappuccino/rfb/mem_reg[31][10]
u_mor1kx/mor1kx_cpu/cappuccino.mor1kx_cpu/mor1kx_rf_cappuccino/rfb/mem_reg[31][11]
u_mor1kx/mor1kx_cpu/cappuccino.mor1kx_cpu/mor1kx_rf_cappuccino/rfb/mem_reg[31][12]
u_mor1kx/mor1kx_cpu/cappuccino.mor1kx_cpu/mor1kx_rf_cappuccino/rfb/mem_reg[31][13]
u_mor1kx/mor1kx_cpu/cappuccino.mor1kx_cpu/mor1kx_rf_cappuccino/rfb/mem_reg[31][14]
u_mor1kx/mor1kx_cpu/cappuccino.mor1kx_cpu/mor1kx_rf_cappuccino/rfb/mem_reg[31][15]
u_mor1kx/mor1kx_cpu/cappuccino.mor1kx_cpu/mor1kx_rf_cappuccino/rfb/mem_reg[31][16]
u_mor1kx/mor1kx_cpu/cappuccino.mor1kx_cpu/mor1kx_rf_cappuccino/rfb/mem_reg[31][17]
u_mor1kx/mor1kx_cpu/cappuccino.mor1kx_cpu/mor1kx_rf_cappuccino/rfb/mem_reg[31][18]
u_mor1kx/mor1kx_cpu/cappuccino.mor1kx_cpu/mor1kx_rf_cappuccino/rfb/mem_reg[31][19]
u_mor1kx/mor1kx_cpu/cappuccino.mor1kx_cpu/mor1kx_rf_cappuccino/rfb/mem_reg[31][20]
u_mor1kx/mor1kx_cpu/cappuccino.mor1kx_cpu/mor1kx_rf_cappuccino/rfb/mem_reg[31][21]
u_mor1kx/mor1kx_cpu/cappuccino.mor1kx_cpu/mor1kx_rf_cappuccino/rfb/mem_reg[31][22]
u_mor1kx/mor1kx_cpu/cappuccino.mor1kx_cpu/mor1kx_execute_ctrl_cappuccino/ctrl_alu_result_o_reg[3]
u_mor1kx/mor1kx_cpu/cappuccino.mor1kx_cpu/mor1kx_execute_ctrl_cappuccino/ctrl_flag_set_o_reg
u_mor1kx/mor1kx_cpu/cappuccino.mor1kx_cpu/mor1kx_execute_ctrl_cappuccino/ctrl_flag_clear_o_reg
u_mor1kx/mor1kx_cpu/cappuccino.mor1kx_cpu/mor1kx_execute_ctrl_cappuccino/ctrl_alu_result_o_reg[2]
u_mor1kx/mor1kx_cpu/cappuccino.mor1kx_cpu/mor1kx_execute_ctrl_cappuccino/ctrl_alu_result_o_reg[25]
u_mor1kx/mor1kx_cpu/cappuccino.mor1kx_cpu/mor1kx_execute_ctrl_cappuccino/ctrl_alu_result_o_reg[26]
u_mor1kx/mor1kx_cpu/cappuccino.mor1kx_cpu/mor1kx_execute_ctrl_cappuccino/ctrl_alu_result_o_reg[28]
u_mor1kx/mor1kx_cpu/cappuccino.mor1kx_cpu/mor1kx_execute_ctrl_cappuccino/ctrl_alu_result_o_reg[29]
u_mor1kx/mor1kx_cpu/cappuccino.mor1kx_cpu/mor1kx_execute_ctrl_cappuccino/ctrl_alu_result_o_reg[10]
u_mor1kx/mor1kx_cpu/cappuccino.mor1kx_cpu/mor1kx_execute_ctrl_cappuccino/ctrl_alu_result_o_reg[18]
u_mor1kx/mor1kx_cpu/cappuccino.mor1kx_cpu/mor1kx_execute_ctrl_cappuccino/ctrl_alu_result_o_reg[13]
u_mor1kx/mor1kx_cpu/cappuccino.mor1kx_cpu/mor1kx_execute_ctrl_cappuccino/ctrl_alu_result_o_reg[6]
u_mor1kx/mor1kx_cpu/cappuccino.mor1kx_cpu/mor1kx_execute_ctrl_cappuccino/ctrl_alu_result_o_reg[22]
u_mor1kx/mor1kx_cpu/cappuccino.mor1kx_cpu/mor1kx_execute_ctrl_cappuccino/ctrl_alu_result_o_reg[7]
u_mor1kx/mor1kx_cpu/cappuccino.mor1kx_cpu/mor1kx_execute_ctrl_cappuccino/ctrl_alu_result_o_reg[1]
u_mor1kx/mor1kx_cpu/cappuccino.mor1kx_cpu/mor1kx_execute_ctrl_cappuccino/ctrl_alu_result_o_reg[19]
u_mor1kx/mor1kx_cpu/cappuccino.mor1kx_cpu/mor1kx_execute_ctrl_cappuccino/ctrl_alu_result_o_reg[11]
u_mor1kx/mor1kx_cpu/cappuccino.mor1kx_cpu/mor1kx_execute_ctrl_cappuccino/ctrl_alu_result_o_reg[12]
u_mor1kx/mor1kx_cpu/cappuccino.mor1kx_cpu/mor1kx_execute_ctrl_cappuccino/ctrl_alu_result_o_reg[9]
u_mor1kx/mor1kx_cpu/cappuccino.mor1kx_cpu/mor1kx_execute_ctrl_cappuccino/ctrl_alu_result_o_reg[4]
u_mor1kx/mor1kx_cpu/cappuccino.mor1kx_cpu/mor1kx_execute_ctrl_cappuccino/ctrl_op_lsu_atomic_o_reg
u_mor1kx/mor1kx_cpu/cappuccino.mor1kx_cpu/mor1kx_execute_ctrl_cappuccino/ctrl_alu_result_o_reg[16]
u_mor1kx/mor1kx_cpu/cappuccino.mor1kx_cpu/mor1kx_execute_ctrl_cappuccino/ctrl_alu_result_o_reg[8]
u_mor1kx/mor1kx_cpu/cappuccino.mor1kx_cpu/mor1kx_execute_ctrl_cappuccino/ctrl_alu_result_o_reg[17]
u_mor1kx/mor1kx_cpu/cappuccino.mor1kx_cpu/mor1kx_execute_ctrl_cappuccino/ctrl_alu_result_o_reg[14]
u_mor1kx/mor1kx_cpu/cappuccino.mor1kx_cpu/mor1kx_execute_ctrl_cappuccino/ctrl_alu_result_o_reg[30]
u_mor1kx/mor1kx_cpu/cappuccino.mor1kx_cpu/mor1kx_execute_ctrl_cappuccino/ctrl_alu_result_o_reg[20]
u_mor1kx/mor1kx_cpu/cappuccino.mor1kx_cpu/mor1kx_execute_ctrl_cappuccino/ctrl_alu_result_o_reg[23]
u_mor1kx/mor1kx_cpu/cappuccino.mor1kx_cpu/mor1kx_execute_ctrl_cappuccino/ctrl_alu_result_o_reg[31]
u_mor1kx/mor1kx_cpu/cappuccino.mor1kx_cpu/mor1kx_execute_ctrl_cappuccino/ctrl_alu_result_o_reg[21]
u_mor1kx/mor1kx_cpu/cappuccino.mor1kx_cpu/mor1kx_execute_ctrl_cappuccino/ctrl_alu_result_o_reg[24]
u_mor1kx/mor1kx_cpu/cappuccino.mor1kx_cpu/mor1kx_execute_ctrl_cappuccino/pc_ctrl_o_reg[5]
u_mor1kx/mor1kx_cpu/cappuccino.mor1kx_cpu/mor1kx_execute_ctrl_cappuccino/pc_ctrl_o_reg[6]
u_mor1kx/mor1kx_cpu/cappuccino.mor1kx_cpu/mor1kx_execute_ctrl_cappuccino/pc_ctrl_o_reg[7]
u_mor1kx/mor1kx_cpu/cappuccino.mor1kx_cpu/mor1kx_execute_ctrl_cappuccino/pc_ctrl_o_reg[9]
u_mor1kx/mor1kx_cpu/cappuccino.mor1kx_cpu/mor1kx_execute_ctrl_cappuccino/pc_ctrl_o_reg[10]
u_mor1kx/mor1kx_cpu/cappuccino.mor1kx_cpu/mor1kx_execute_ctrl_cappuccino/pc_ctrl_o_reg[11]
u_mor1kx/mor1kx_cpu/cappuccino.mor1kx_cpu/mor1kx_execute_ctrl_cappuccino/pc_ctrl_o_reg[12]
u_mor1kx/mor1kx_cpu/cappuccino.mor1kx_cpu/mor1kx_execute_ctrl_cappuccino/pc_ctrl_o_reg[13]
u_mor1kx/mor1kx_cpu/cappuccino.mor1kx_cpu/mor1kx_execute_ctrl_cappuccino/pc_ctrl_o_reg[14]
u_mor1kx/mor1kx_cpu/cappuccino.mor1kx_cpu/mor1kx_execute_ctrl_cappuccino/pc_ctrl_o_reg[15]
u_mor1kx/mor1kx_cpu/cappuccino.mor1kx_cpu/mor1kx_execute_ctrl_cappuccino/pc_ctrl_o_reg[16]
u_mor1kx/mor1kx_cpu/cappuccino.mor1kx_cpu/mor1kx_execute_ctrl_cappuccino/pc_ctrl_o_reg[17]
u_mor1kx/mor1kx_cpu/cappuccino.mor1kx_cpu/mor1kx_execute_ctrl_cappuccino/pc_ctrl_o_reg[18]
u_mor1kx/mor1kx_cpu/cappuccino.mor1kx_cpu/mor1kx_execute_ctrl_cappuccino/pc_ctrl_o_reg[19]
u_mor1kx/mor1kx_cpu/cappuccino.mor1kx_cpu/mor1kx_execute_ctrl_cappuccino/pc_ctrl_o_reg[20]
u_mor1kx/mor1kx_cpu/cappuccino.mor1kx_cpu/mor1kx_execute_ctrl_cappuccino/pc_ctrl_o_reg[21]
u_mor1kx/mor1kx_cpu/cappuccino.mor1kx_cpu/mor1kx_execute_ctrl_cappuccino/pc_ctrl_o_reg[22]
u_mor1kx/mor1kx_cpu/cappuccino.mor1kx_cpu/mor1kx_execute_ctrl_cappuccino/ctrl_alu_result_o_reg[27]
u_mor1kx/mor1kx_cpu/cappuccino.mor1kx_cpu/mor1kx_execute_ctrl_cappuccino/ctrl_carry_clear_o_reg
u_mor1kx/mor1kx_cpu/cappuccino.mor1kx_cpu/mor1kx_execute_ctrl_cappuccino/ctrl_op_lsu_load_o_reg
u_mor1kx/mor1kx_cpu/cappuccino.mor1kx_cpu/mor1kx_execute_ctrl_cappuccino/ctrl_op_lsu_store_o_reg
u_mor1kx/mor1kx_cpu/cappuccino.mor1kx_cpu/mor1kx_execute_ctrl_cappuccino/pc_ctrl_o_reg[23]
u_mor1kx/mor1kx_cpu/cappuccino.mor1kx_cpu/mor1kx_execute_ctrl_cappuccino/pc_ctrl_o_reg[24]
u_mor1kx/mor1kx_cpu/cappuccino.mor1kx_cpu/mor1kx_execute_ctrl_cappuccino/pc_ctrl_o_reg[25]
u_mor1kx/mor1kx_cpu/cappuccino.mor1kx_cpu/mor1kx_execute_ctrl_cappuccino/pc_ctrl_o_reg[26]
u_mor1kx/mor1kx_cpu/cappuccino.mor1kx_cpu/mor1kx_execute_ctrl_cappuccino/pc_ctrl_o_reg[27]
u_mor1kx/mor1kx_cpu/cappuccino.mor1kx_cpu/mor1kx_execute_ctrl_cappuccino/pc_ctrl_o_reg[28]
u_mor1kx/mor1kx_cpu/cappuccino.mor1kx_cpu/mor1kx_execute_ctrl_cappuccino/pc_ctrl_o_reg[29]
u_mor1kx/mor1kx_cpu/cappuccino.mor1kx_cpu/mor1kx_execute_ctrl_cappuccino/pc_ctrl_o_reg[30]
u_mor1kx/mor1kx_cpu/cappuccino.mor1kx_cpu/mor1kx_execute_ctrl_cappuccino/pc_ctrl_o_reg[31]
u_mor1kx/mor1kx_cpu/cappuccino.mor1kx_cpu/mor1kx_execute_ctrl_cappuccino/ctrl_alu_result_o_reg[15]
u_mor1kx/mor1kx_cpu/cappuccino.mor1kx_cpu/mor1kx_execute_ctrl_cappuccino/ctrl_lsu_adr_o_reg[0]
u_mor1kx/mor1kx_cpu/cappuccino.mor1kx_cpu/mor1kx_execute_ctrl_cappuccino/ctrl_lsu_adr_o_reg[1]
u_mor1kx/mor1kx_cpu/cappuccino.mor1kx_cpu/mor1kx_execute_ctrl_cappuccino/ctrl_lsu_adr_o_reg[2]
u_mor1kx/mor1kx_cpu/cappuccino.mor1kx_cpu/mor1kx_execute_ctrl_cappuccino/ctrl_lsu_adr_o_reg[3]
u_mor1kx/mor1kx_cpu/cappuccino.mor1kx_cpu/mor1kx_execute_ctrl_cappuccino/ctrl_alu_result_o_reg[5]
u_mor1kx/mor1kx_cpu/cappuccino.mor1kx_cpu/mor1kx_execute_ctrl_cappuccino/pc_ctrl_o_reg[8]
u_mor1kx/mor1kx_cpu/cappuccino.mor1kx_cpu/mor1kx_execute_ctrl_cappuccino/pc_ctrl_o_reg[0]
u_mor1kx/mor1kx_cpu/cappuccino.mor1kx_cpu/mor1kx_execute_ctrl_cappuccino/pc_ctrl_o_reg[1]
u_mor1kx/mor1kx_cpu/cappuccino.mor1kx_cpu/mor1kx_execute_ctrl_cappuccino/pc_ctrl_o_reg[2]
u_mor1kx/mor1kx_cpu/cappuccino.mor1kx_cpu/mor1kx_execute_ctrl_cappuccino/pc_ctrl_o_reg[3]
u_mor1kx/mor1kx_cpu/cappuccino.mor1kx_cpu/mor1kx_execute_ctrl_cappuccino/pc_ctrl_o_reg[4]
u_mor1kx/mor1kx_cpu/cappuccino.mor1kx_cpu/mor1kx_execute_ctrl_cappuccino/ctrl_lsu_adr_o_reg[5]
u_mor1kx/mor1kx_cpu/cappuccino.mor1kx_cpu/mor1kx_execute_ctrl_cappuccino/ctrl_rf_wb_o_reg
u_mor1kx/mor1kx_cpu/cappuccino.mor1kx_cpu/mor1kx_execute_ctrl_cappuccino/ctrl_carry_set_o_reg
u_mor1kx/mor1kx_cpu/cappuccino.mor1kx_cpu/mor1kx_execute_ctrl_cappuccino/ctrl_op_mfspr_o_reg
u_mor1kx/mor1kx_cpu/cappuccino.mor1kx_cpu/mor1kx_execute_ctrl_cappuccino/ctrl_op_msync_o_reg
u_mor1kx/mor1kx_cpu/cappuccino.mor1kx_cpu/mor1kx_execute_ctrl_cappuccino/ctrl_op_mtspr_o_reg
u_mor1kx/mor1kx_cpu/cappuccino.mor1kx_cpu/mor1kx_execute_ctrl_cappuccino/wb_rfd_adr_o_reg[0]
u_mor1kx/mor1kx_cpu/cappuccino.mor1kx_cpu/mor1kx_execute_ctrl_cappuccino/wb_rfd_adr_o_reg[1]
u_mor1kx/mor1kx_cpu/cappuccino.mor1kx_cpu/mor1kx_execute_ctrl_cappuccino/wb_rfd_adr_o_reg[2]
u_mor1kx/mor1kx_cpu/cappuccino.mor1kx_cpu/mor1kx_execute_ctrl_cappuccino/wb_rfd_adr_o_reg[3]
u_mor1kx/mor1kx_cpu/cappuccino.mor1kx_cpu/mor1kx_execute_ctrl_cappuccino/wb_rfd_adr_o_reg[4]
u_mor1kx/mor1kx_cpu/cappuccino.mor1kx_cpu/mor1kx_execute_ctrl_cappuccino/wb_rf_wb_o_reg
u_mor1kx/mor1kx_cpu/cappuccino.mor1kx_cpu/mor1kx_execute_ctrl_cappuccino/ctrl_rfd_adr_o_reg[0]
u_mor1kx/mor1kx_cpu/cappuccino.mor1kx_cpu/mor1kx_execute_ctrl_cappuccino/ctrl_rfd_adr_o_reg[1]
u_mor1kx/mor1kx_cpu/cappuccino.mor1kx_cpu/mor1kx_execute_ctrl_cappuccino/ctrl_rfd_adr_o_reg[2]
u_mor1kx/mor1kx_cpu/cappuccino.mor1kx_cpu/mor1kx_execute_ctrl_cappuccino/ctrl_rfd_adr_o_reg[3]
u_mor1kx/mor1kx_cpu/cappuccino.mor1kx_cpu/mor1kx_execute_ctrl_cappuccino/ctrl_rfd_adr_o_reg[4]
u_mor1kx/mor1kx_cpu/cappuccino.mor1kx_cpu/mor1kx_execute_ctrl_cappuccino/ctrl_lsu_zext_o_reg
u_mor1kx/mor1kx_cpu/cappuccino.mor1kx_cpu/mor1kx_execute_ctrl_cappuccino/ctrl_lsu_length_o_reg[0]
u_mor1kx/mor1kx_cpu/cappuccino.mor1kx_cpu/mor1kx_execute_ctrl_cappuccino/ctrl_lsu_length_o_reg[1]
u_mor1kx/mor1kx_cpu/cappuccino.mor1kx_cpu/mor1kx_execute_ctrl_cappuccino/ctrl_op_rfe_o_reg
u_mor1kx/mor1kx_cpu/cappuccino.mor1kx_cpu/mor1kx_execute_ctrl_cappuccino/ctrl_rfb_o_reg[0]
u_mor1kx/mor1kx_cpu/cappuccino.mor1kx_cpu/mor1kx_execute_ctrl_cappuccino/ctrl_rfb_o_reg[1]
u_mor1kx/mor1kx_cpu/cappuccino.mor1kx_cpu/mor1kx_execute_ctrl_cappuccino/ctrl_rfb_o_reg[2]
u_mor1kx/mor1kx_cpu/cappuccino.mor1kx_cpu/mor1kx_execute_ctrl_cappuccino/ctrl_rfb_o_reg[3]
u_mor1kx/mor1kx_cpu/cappuccino.mor1kx_cpu/mor1kx_execute_ctrl_cappuccino/ctrl_rfb_o_reg[4]
u_mor1kx/mor1kx_cpu/cappuccino.mor1kx_cpu/mor1kx_execute_ctrl_cappuccino/ctrl_rfb_o_reg[5]
u_mor1kx/mor1kx_cpu/cappuccino.mor1kx_cpu/mor1kx_execute_ctrl_cappuccino/ctrl_rfb_o_reg[6]
u_mor1kx/mor1kx_cpu/cappuccino.mor1kx_cpu/mor1kx_execute_ctrl_cappuccino/ctrl_rfb_o_reg[7]
u_mor1kx/mor1kx_cpu/cappuccino.mor1kx_cpu/mor1kx_execute_ctrl_cappuccino/ctrl_rfb_o_reg[8]
u_mor1kx/mor1kx_cpu/cappuccino.mor1kx_cpu/mor1kx_execute_ctrl_cappuccino/ctrl_rfb_o_reg[9]
u_mor1kx/mor1kx_cpu/cappuccino.mor1kx_cpu/mor1kx_execute_ctrl_cappuccino/ctrl_rfb_o_reg[10]
u_mor1kx/mor1kx_cpu/cappuccino.mor1kx_cpu/mor1kx_execute_ctrl_cappuccino/ctrl_rfb_o_reg[11]
u_mor1kx/mor1kx_cpu/cappuccino.mor1kx_cpu/mor1kx_execute_ctrl_cappuccino/ctrl_rfb_o_reg[12]
u_mor1kx/mor1kx_cpu/cappuccino.mor1kx_cpu/mor1kx_execute_ctrl_cappuccino/ctrl_rfb_o_reg[13]
u_mor1kx/mor1kx_cpu/cappuccino.mor1kx_cpu/mor1kx_execute_ctrl_cappuccino/ctrl_rfb_o_reg[14]
u_mor1kx/mor1kx_cpu/cappuccino.mor1kx_cpu/mor1kx_execute_ctrl_cappuccino/ctrl_rfb_o_reg[15]
u_mor1kx/mor1kx_cpu/cappuccino.mor1kx_cpu/mor1kx_execute_ctrl_cappuccino/ctrl_rfb_o_reg[16]
u_mor1kx/mor1kx_cpu/cappuccino.mor1kx_cpu/mor1kx_execute_ctrl_cappuccino/ctrl_rfb_o_reg[17]
u_mor1kx/mor1kx_cpu/cappuccino.mor1kx_cpu/mor1kx_execute_ctrl_cappuccino/ctrl_rfb_o_reg[18]
u_mor1kx/mor1kx_cpu/cappuccino.mor1kx_cpu/mor1kx_execute_ctrl_cappuccino/ctrl_rfb_o_reg[19]
u_mor1kx/mor1kx_cpu/cappuccino.mor1kx_cpu/mor1kx_execute_ctrl_cappuccino/ctrl_rfb_o_reg[20]
u_mor1kx/mor1kx_cpu/cappuccino.mor1kx_cpu/mor1kx_execute_ctrl_cappuccino/ctrl_rfb_o_reg[21]
u_mor1kx/mor1kx_cpu/cappuccino.mor1kx_cpu/mor1kx_execute_ctrl_cappuccino/ctrl_rfb_o_reg[22]
u_mor1kx/mor1kx_cpu/cappuccino.mor1kx_cpu/mor1kx_execute_ctrl_cappuccino/ctrl_rfb_o_reg[23]
u_mor1kx/mor1kx_cpu/cappuccino.mor1kx_cpu/mor1kx_execute_ctrl_cappuccino/ctrl_rfb_o_reg[24]
u_mor1kx/mor1kx_cpu/cappuccino.mor1kx_cpu/mor1kx_execute_ctrl_cappuccino/ctrl_rfb_o_reg[25]
u_mor1kx/mor1kx_cpu/cappuccino.mor1kx_cpu/mor1kx_execute_ctrl_cappuccino/ctrl_rfb_o_reg[26]
u_mor1kx/mor1kx_cpu/cappuccino.mor1kx_cpu/mor1kx_execute_ctrl_cappuccino/ctrl_rfb_o_reg[27]
u_mor1kx/mor1kx_cpu/cappuccino.mor1kx_cpu/mor1kx_execute_ctrl_cappuccino/ctrl_rfb_o_reg[28]
u_mor1kx/mor1kx_cpu/cappuccino.mor1kx_cpu/mor1kx_execute_ctrl_cappuccino/ctrl_rfb_o_reg[29]
u_mor1kx/mor1kx_cpu/cappuccino.mor1kx_cpu/mor1kx_execute_ctrl_cappuccino/ctrl_rfb_o_reg[30]
u_mor1kx/mor1kx_cpu/cappuccino.mor1kx_cpu/mor1kx_execute_ctrl_cappuccino/ctrl_rfb_o_reg[31]
u_mor1kx/mor1kx_cpu/cappuccino.mor1kx_cpu/mor1kx_execute_ctrl_cappuccino/ctrl_lsu_adr_o_reg[6]
u_mor1kx/mor1kx_cpu/cappuccino.mor1kx_cpu/mor1kx_execute_ctrl_cappuccino/ctrl_lsu_adr_o_reg[7]
u_mor1kx/mor1kx_cpu/cappuccino.mor1kx_cpu/mor1kx_execute_ctrl_cappuccino/ctrl_lsu_adr_o_reg[8]
u_mor1kx/mor1kx_cpu/cappuccino.mor1kx_cpu/mor1kx_execute_ctrl_cappuccino/ctrl_lsu_adr_o_reg[9]
u_mor1kx/mor1kx_cpu/cappuccino.mor1kx_cpu/mor1kx_execute_ctrl_cappuccino/ctrl_lsu_adr_o_reg[10]
u_mor1kx/mor1kx_cpu/cappuccino.mor1kx_cpu/mor1kx_execute_ctrl_cappuccino/ctrl_lsu_adr_o_reg[11]
u_mor1kx/mor1kx_cpu/cappuccino.mor1kx_cpu/mor1kx_execute_ctrl_cappuccino/ctrl_lsu_adr_o_reg[12]
u_mor1kx/mor1kx_cpu/cappuccino.mor1kx_cpu/mor1kx_execute_ctrl_cappuccino/ctrl_lsu_adr_o_reg[13]
u_mor1kx/mor1kx_cpu/cappuccino.mor1kx_cpu/mor1kx_execute_ctrl_cappuccino/ctrl_lsu_adr_o_reg[14]
u_mor1kx/mor1kx_cpu/cappuccino.mor1kx_cpu/mor1kx_execute_ctrl_cappuccino/ctrl_lsu_adr_o_reg[15]
u_mor1kx/mor1kx_cpu/cappuccino.mor1kx_cpu/mor1kx_execute_ctrl_cappuccino/ctrl_lsu_adr_o_reg[16]
u_mor1kx/mor1kx_cpu/cappuccino.mor1kx_cpu/mor1kx_execute_ctrl_cappuccino/ctrl_lsu_adr_o_reg[17]
u_mor1kx/mor1kx_cpu/cappuccino.mor1kx_cpu/mor1kx_execute_ctrl_cappuccino/ctrl_lsu_adr_o_reg[18]
u_mor1kx/mor1kx_cpu/cappuccino.mor1kx_cpu/mor1kx_execute_ctrl_cappuccino/ctrl_lsu_adr_o_reg[19]
u_mor1kx/mor1kx_cpu/cappuccino.mor1kx_cpu/mor1kx_execute_ctrl_cappuccino/ctrl_lsu_adr_o_reg[20]
u_mor1kx/mor1kx_cpu/cappuccino.mor1kx_cpu/mor1kx_execute_ctrl_cappuccino/ctrl_lsu_adr_o_reg[21]
u_mor1kx/mor1kx_cpu/cappuccino.mor1kx_cpu/mor1kx_execute_ctrl_cappuccino/ctrl_lsu_adr_o_reg[22]
u_mor1kx/mor1kx_cpu/cappuccino.mor1kx_cpu/mor1kx_execute_ctrl_cappuccino/ctrl_lsu_adr_o_reg[23]
u_mor1kx/mor1kx_cpu/cappuccino.mor1kx_cpu/mor1kx_execute_ctrl_cappuccino/ctrl_lsu_adr_o_reg[24]
u_mor1kx/mor1kx_cpu/cappuccino.mor1kx_cpu/mor1kx_execute_ctrl_cappuccino/ctrl_lsu_adr_o_reg[25]
u_mor1kx/mor1kx_cpu/cappuccino.mor1kx_cpu/mor1kx_execute_ctrl_cappuccino/ctrl_lsu_adr_o_reg[26]
u_mor1kx/mor1kx_cpu/cappuccino.mor1kx_cpu/mor1kx_execute_ctrl_cappuccino/ctrl_lsu_adr_o_reg[27]
u_mor1kx/mor1kx_cpu/cappuccino.mor1kx_cpu/mor1kx_execute_ctrl_cappuccino/ctrl_lsu_adr_o_reg[28]
u_mor1kx/mor1kx_cpu/cappuccino.mor1kx_cpu/mor1kx_execute_ctrl_cappuccino/ctrl_lsu_adr_o_reg[29]
u_mor1kx/mor1kx_cpu/cappuccino.mor1kx_cpu/mor1kx_execute_ctrl_cappuccino/ctrl_lsu_adr_o_reg[30]
u_mor1kx/mor1kx_cpu/cappuccino.mor1kx_cpu/mor1kx_execute_ctrl_cappuccino/ctrl_lsu_adr_o_reg[31]
u_mor1kx/mor1kx_cpu/cappuccino.mor1kx_cpu/mor1kx_execute_ctrl_cappuccino/ctrl_except_align_o_reg
u_mor1kx/mor1kx_cpu/cappuccino.mor1kx_cpu/mor1kx_execute_ctrl_cappuccino/ctrl_except_dbus_o_reg
u_mor1kx/mor1kx_cpu/cappuccino.mor1kx_cpu/mor1kx_execute_ctrl_cappuccino/ctrl_except_trap_o_reg
u_mor1kx/mor1kx_cpu/cappuccino.mor1kx_cpu/mor1kx_execute_ctrl_cappuccino/ctrl_except_syscall_o_reg
u_mor1kx/mor1kx_cpu/cappuccino.mor1kx_cpu/mor1kx_execute_ctrl_cappuccino/ctrl_except_illegal_o_reg
u_mor1kx/mor1kx_cpu/cappuccino.mor1kx_cpu/mor1kx_execute_ctrl_cappuccino/ctrl_except_ibus_align_o_reg
u_mor1kx/mor1kx_cpu/cappuccino.mor1kx_cpu/mor1kx_execute_ctrl_cappuccino/ctrl_except_ipagefault_o_reg
u_mor1kx/mor1kx_cpu/cappuccino.mor1kx_cpu/mor1kx_execute_ctrl_cappuccino/ctrl_except_itlb_miss_o_reg
u_mor1kx/mor1kx_cpu/cappuccino.mor1kx_cpu/mor1kx_execute_ctrl_cappuccino/ctrl_except_ibus_err_o_reg
u_mor1kx/mor1kx_cpu/cappuccino.mor1kx_cpu/mor1kx_execute_ctrl_cappuccino/ctrl_except_dpagefault_o_reg
u_mor1kx/mor1kx_cpu/cappuccino.mor1kx_cpu/mor1kx_execute_ctrl_cappuccino/ctrl_except_dtlb_miss_o_reg
u_mor1kx/mor1kx_cpu/cappuccino.mor1kx_cpu/mor1kx_ctrl_cappuccino/last_branch_insn_pc_reg[5]
u_mor1kx/mor1kx_cpu/cappuccino.mor1kx_cpu/mor1kx_ctrl_cappuccino/last_branch_insn_pc_reg[6]
u_mor1kx/mor1kx_cpu/cappuccino.mor1kx_cpu/mor1kx_ctrl_cappuccino/last_branch_insn_pc_reg[7]
u_mor1kx/mor1kx_cpu/cappuccino.mor1kx_cpu/mor1kx_ctrl_cappuccino/last_branch_insn_pc_reg[8]
u_mor1kx/mor1kx_cpu/cappuccino.mor1kx_cpu/mor1kx_ctrl_cappuccino/last_branch_insn_pc_reg[9]
u_mor1kx/mor1kx_cpu/cappuccino.mor1kx_cpu/mor1kx_ctrl_cappuccino/last_branch_insn_pc_reg[10]
u_mor1kx/mor1kx_cpu/cappuccino.mor1kx_cpu/mor1kx_ctrl_cappuccino/last_branch_insn_pc_reg[11]
u_mor1kx/mor1kx_cpu/cappuccino.mor1kx_cpu/mor1kx_ctrl_cappuccino/last_branch_insn_pc_reg[12]
u_mor1kx/mor1kx_cpu/cappuccino.mor1kx_cpu/mor1kx_ctrl_cappuccino/last_branch_insn_pc_reg[13]
u_mor1kx/mor1kx_cpu/cappuccino.mor1kx_cpu/mor1kx_ctrl_cappuccino/last_branch_insn_pc_reg[14]
u_mor1kx/mor1kx_cpu/cappuccino.mor1kx_cpu/mor1kx_ctrl_cappuccino/last_branch_insn_pc_reg[15]
u_mor1kx/mor1kx_cpu/cappuccino.mor1kx_cpu/mor1kx_ctrl_cappuccino/last_branch_insn_pc_reg[16]
u_mor1kx/mor1kx_cpu/cappuccino.mor1kx_cpu/mor1kx_ctrl_cappuccino/last_branch_insn_pc_reg[17]
u_mor1kx/mor1kx_cpu/cappuccino.mor1kx_cpu/mor1kx_ctrl_cappuccino/last_branch_insn_pc_reg[18]
u_mor1kx/mor1kx_cpu/cappuccino.mor1kx_cpu/mor1kx_ctrl_cappuccino/last_branch_insn_pc_reg[19]
u_mor1kx/mor1kx_cpu/cappuccino.mor1kx_cpu/mor1kx_ctrl_cappuccino/last_branch_insn_pc_reg[20]
u_mor1kx/mor1kx_cpu/cappuccino.mor1kx_cpu/mor1kx_ctrl_cappuccino/last_branch_insn_pc_reg[21]
u_mor1kx/mor1kx_cpu/cappuccino.mor1kx_cpu/mor1kx_ctrl_cappuccino/last_branch_insn_pc_reg[22]
u_mor1kx/mor1kx_cpu/cappuccino.mor1kx_cpu/mor1kx_ctrl_cappuccino/last_branch_insn_pc_reg[23]
u_mor1kx/mor1kx_cpu/cappuccino.mor1kx_cpu/mor1kx_ctrl_cappuccino/last_branch_insn_pc_reg[24]
u_mor1kx/mor1kx_cpu/cappuccino.mor1kx_cpu/mor1kx_ctrl_cappuccino/last_branch_insn_pc_reg[25]
u_mor1kx/mor1kx_cpu/cappuccino.mor1kx_cpu/mor1kx_ctrl_cappuccino/last_branch_insn_pc_reg[26]
u_mor1kx/mor1kx_cpu/cappuccino.mor1kx_cpu/mor1kx_ctrl_cappuccino/last_branch_insn_pc_reg[27]
u_mor1kx/mor1kx_cpu/cappuccino.mor1kx_cpu/mor1kx_ctrl_cappuccino/last_branch_insn_pc_reg[28]
u_mor1kx/mor1kx_cpu/cappuccino.mor1kx_cpu/mor1kx_ctrl_cappuccino/last_branch_insn_pc_reg[29]
u_mor1kx/mor1kx_cpu/cappuccino.mor1kx_cpu/mor1kx_ctrl_cappuccino/last_branch_insn_pc_reg[30]
u_mor1kx/mor1kx_cpu/cappuccino.mor1kx_cpu/mor1kx_ctrl_cappuccino/last_branch_insn_pc_reg[31]
u_mor1kx/mor1kx_cpu/cappuccino.mor1kx_cpu/mor1kx_ctrl_cappuccino/spr_epcr_reg[23]
u_mor1kx/mor1kx_cpu/cappuccino.mor1kx_cpu/mor1kx_ctrl_cappuccino/spr_epcr_reg[24]
u_mor1kx/mor1kx_cpu/cappuccino.mor1kx_cpu/mor1kx_ctrl_cappuccino/spr_epcr_reg[25]
u_mor1kx/mor1kx_cpu/cappuccino.mor1kx_cpu/mor1kx_ctrl_cappuccino/spr_epcr_reg[26]
u_mor1kx/mor1kx_cpu/cappuccino.mor1kx_cpu/mor1kx_ctrl_cappuccino/spr_epcr_reg[27]
u_mor1kx/mor1kx_cpu/cappuccino.mor1kx_cpu/mor1kx_ctrl_cappuccino/spr_epcr_reg[28]
u_mor1kx/mor1kx_cpu/cappuccino.mor1kx_cpu/mor1kx_ctrl_cappuccino/spr_epcr_reg[29]
u_mor1kx/mor1kx_cpu/cappuccino.mor1kx_cpu/mor1kx_ctrl_cappuccino/spr_epcr_reg[30]
u_mor1kx/mor1kx_cpu/cappuccino.mor1kx_cpu/mor1kx_ctrl_cappuccino/spr_epcr_reg[31]
u_mor1kx/mor1kx_cpu/cappuccino.mor1kx_cpu/mor1kx_ctrl_cappuccino/spr_epcr_reg[0]
u_mor1kx/mor1kx_cpu/cappuccino.mor1kx_cpu/mor1kx_ctrl_cappuccino/spr_epcr_reg[1]
u_mor1kx/mor1kx_cpu/cappuccino.mor1kx_cpu/mor1kx_ctrl_cappuccino/spr_epcr_reg[2]
u_mor1kx/mor1kx_cpu/cappuccino.mor1kx_cpu/mor1kx_ctrl_cappuccino/spr_sr_reg[0]
u_mor1kx/mor1kx_cpu/cappuccino.mor1kx_cpu/mor1kx_ctrl_cappuccino/spr_sr_reg[1]
u_mor1kx/mor1kx_cpu/cappuccino.mor1kx_cpu/mor1kx_ctrl_cappuccino/spr_eear_reg[5]
u_mor1kx/mor1kx_cpu/cappuccino.mor1kx_cpu/mor1kx_ctrl_cappuccino/spr_eear_reg[6]
u_mor1kx/mor1kx_cpu/cappuccino.mor1kx_cpu/mor1kx_ctrl_cappuccino/spr_eear_reg[7]
u_mor1kx/mor1kx_cpu/cappuccino.mor1kx_cpu/mor1kx_ctrl_cappuccino/spr_eear_reg[8]
u_mor1kx/mor1kx_cpu/cappuccino.mor1kx_cpu/mor1kx_ctrl_cappuccino/spr_eear_reg[9]
u_mor1kx/mor1kx_cpu/cappuccino.mor1kx_cpu/mor1kx_ctrl_cappuccino/spr_eear_reg[10]
u_mor1kx/mor1kx_cpu/cappuccino.mor1kx_cpu/mor1kx_ctrl_cappuccino/spr_eear_reg[11]
u_mor1kx/mor1kx_cpu/cappuccino.mor1kx_cpu/mor1kx_ctrl_cappuccino/spr_eear_reg[12]
u_mor1kx/mor1kx_cpu/cappuccino.mor1kx_cpu/mor1kx_ctrl_cappuccino/spr_eear_reg[13]
u_mor1kx/mor1kx_cpu/cappuccino.mor1kx_cpu/mor1kx_ctrl_cappuccino/spr_eear_reg[14]
u_mor1kx/mor1kx_cpu/cappuccino.mor1kx_cpu/mor1kx_ctrl_cappuccino/spr_eear_reg[15]
u_mor1kx/mor1kx_cpu/cappuccino.mor1kx_cpu/mor1kx_ctrl_cappuccino/spr_eear_reg[16]
u_mor1kx/mor1kx_cpu/cappuccino.mor1kx_cpu/mor1kx_ctrl_cappuccino/spr_eear_reg[17]
u_mor1kx/mor1kx_cpu/cappuccino.mor1kx_cpu/mor1kx_ctrl_cappuccino/spr_eear_reg[18]
u_mor1kx/mor1kx_cpu/cappuccino.mor1kx_cpu/mor1kx_ctrl_cappuccino/spr_eear_reg[19]
u_mor1kx/mor1kx_cpu/cappuccino.mor1kx_cpu/mor1kx_ctrl_cappuccino/spr_eear_reg[20]
u_mor1kx/mor1kx_cpu/cappuccino.mor1kx_cpu/mor1kx_ctrl_cappuccino/spr_eear_reg[21]
u_mor1kx/mor1kx_cpu/cappuccino.mor1kx_cpu/mor1kx_ctrl_cappuccino/spr_eear_reg[22]
u_mor1kx/mor1kx_cpu/cappuccino.mor1kx_cpu/mor1kx_ctrl_cappuccino/spr_eear_reg[23]
u_mor1kx/mor1kx_cpu/cappuccino.mor1kx_cpu/mor1kx_ctrl_cappuccino/spr_eear_reg[24]
u_mor1kx/mor1kx_cpu/cappuccino.mor1kx_cpu/mor1kx_ctrl_cappuccino/spr_eear_reg[25]
u_mor1kx/mor1kx_cpu/cappuccino.mor1kx_cpu/mor1kx_ctrl_cappuccino/spr_eear_reg[26]
u_mor1kx/mor1kx_cpu/cappuccino.mor1kx_cpu/mor1kx_ctrl_cappuccino/spr_eear_reg[27]
u_mor1kx/mor1kx_cpu/cappuccino.mor1kx_cpu/mor1kx_ctrl_cappuccino/spr_eear_reg[28]
u_mor1kx/mor1kx_cpu/cappuccino.mor1kx_cpu/mor1kx_ctrl_cappuccino/spr_eear_reg[29]
u_mor1kx/mor1kx_cpu/cappuccino.mor1kx_cpu/mor1kx_ctrl_cappuccino/spr_eear_reg[30]
u_mor1kx/mor1kx_cpu/cappuccino.mor1kx_cpu/mor1kx_ctrl_cappuccino/spr_eear_reg[31]
u_mor1kx/mor1kx_cpu/cappuccino.mor1kx_cpu/mor1kx_ctrl_cappuccino/spr_eear_reg[0]
u_mor1kx/mor1kx_cpu/cappuccino.mor1kx_cpu/mor1kx_ctrl_cappuccino/spr_eear_reg[1]
u_mor1kx/mor1kx_cpu/cappuccino.mor1kx_cpu/mor1kx_ctrl_cappuccino/spr_eear_reg[2]
u_mor1kx/mor1kx_cpu/cappuccino.mor1kx_cpu/mor1kx_ctrl_cappuccino/spr_eear_reg[3]
u_mor1kx/mor1kx_cpu/cappuccino.mor1kx_cpu/mor1kx_ctrl_cappuccino/spr_eear_reg[4]
u_mor1kx/mor1kx_cpu/cappuccino.mor1kx_cpu/mor1kx_ctrl_cappuccino/spr_sr_reg[9]
u_mor1kx/mor1kx_cpu/cappuccino.mor1kx_cpu/mor1kx_ctrl_cappuccino/spr_esr_reg[1]
u_mor1kx/mor1kx_cpu/cappuccino.mor1kx_cpu/mor1kx_ctrl_cappuccino/spr_esr_reg[9]
u_mor1kx/mor1kx_cpu/cappuccino.mor1kx_cpu/mor1kx_ctrl_cappuccino/spr_esr_reg[10]
u_mor1kx/mor1kx_cpu/cappuccino.mor1kx_cpu/mor1kx_ctrl_cappuccino/spr_esr_reg[14]
u_mor1kx/mor1kx_cpu/cappuccino.mor1kx_cpu/mor1kx_ctrl_cappuccino/last_branch_insn_pc_reg[0]
u_mor1kx/mor1kx_cpu/cappuccino.mor1kx_cpu/mor1kx_ctrl_cappuccino/last_branch_insn_pc_reg[1]
u_mor1kx/mor1kx_cpu/cappuccino.mor1kx_cpu/mor1kx_ctrl_cappuccino/last_branch_insn_pc_reg[2]
u_mor1kx/mor1kx_cpu/cappuccino.mor1kx_cpu/mor1kx_ctrl_cappuccino/last_branch_insn_pc_reg[3]
u_mor1kx/mor1kx_cpu/cappuccino.mor1kx_cpu/mor1kx_ctrl_cappuccino/last_branch_insn_pc_reg[4]
u_mor1kx/mor1kx_cpu/cappuccino.mor1kx_cpu/mor1kx_ctrl_cappuccino/exception_pc_addr_reg[13]
u_mor1kx/mor1kx_cpu/cappuccino.mor1kx_cpu/mor1kx_ctrl_cappuccino/exception_pc_addr_reg[14]
u_mor1kx/mor1kx_cpu/cappuccino.mor1kx_cpu/mor1kx_ctrl_cappuccino/exception_pc_addr_reg[15]
u_mor1kx/mor1kx_cpu/cappuccino.mor1kx_cpu/mor1kx_ctrl_cappuccino/exception_pc_addr_reg[16]
u_mor1kx/mor1kx_cpu/cappuccino.mor1kx_cpu/mor1kx_ctrl_cappuccino/exception_pc_addr_reg[17]
u_mor1kx/mor1kx_cpu/cappuccino.mor1kx_cpu/mor1kx_ctrl_cappuccino/exception_pc_addr_reg[18]
u_mor1kx/mor1kx_cpu/cappuccino.mor1kx_cpu/mor1kx_ctrl_cappuccino/exception_pc_addr_reg[19]
u_mor1kx/mor1kx_cpu/cappuccino.mor1kx_cpu/mor1kx_ctrl_cappuccino/exception_pc_addr_reg[20]
u_mor1kx/mor1kx_cpu/cappuccino.mor1kx_cpu/mor1kx_ctrl_cappuccino/exception_pc_addr_reg[21]
u_mor1kx/mor1kx_cpu/cappuccino.mor1kx_cpu/mor1kx_ctrl_cappuccino/exception_pc_addr_reg[22]
u_mor1kx/mor1kx_cpu/cappuccino.mor1kx_cpu/mor1kx_ctrl_cappuccino/exception_pc_addr_reg[23]
u_mor1kx/mor1kx_cpu/cappuccino.mor1kx_cpu/mor1kx_ctrl_cappuccino/exception_pc_addr_reg[24]
u_mor1kx/mor1kx_cpu/cappuccino.mor1kx_cpu/mor1kx_ctrl_cappuccino/exception_pc_addr_reg[25]
u_mor1kx/mor1kx_cpu/cappuccino.mor1kx_cpu/mor1kx_ctrl_cappuccino/exception_pc_addr_reg[26]
u_mor1kx/mor1kx_cpu/cappuccino.mor1kx_cpu/mor1kx_ctrl_cappuccino/exception_pc_addr_reg[27]
u_mor1kx/mor1kx_cpu/cappuccino.mor1kx_cpu/mor1kx_ctrl_cappuccino/exception_pc_addr_reg[28]
u_mor1kx/mor1kx_cpu/cappuccino.mor1kx_cpu/mor1kx_ctrl_cappuccino/exception_pc_addr_reg[29]
u_mor1kx/mor1kx_cpu/cappuccino.mor1kx_cpu/mor1kx_ctrl_cappuccino/exception_pc_addr_reg[30]
u_mor1kx/mor1kx_cpu/cappuccino.mor1kx_cpu/mor1kx_ctrl_cappuccino/exception_pc_addr_reg[31]
u_mor1kx/mor1kx_cpu/cappuccino.mor1kx_cpu/mor1kx_ctrl_cappuccino/spr_esr_reg[2]
u_mor1kx/mor1kx_cpu/cappuccino.mor1kx_cpu/mor1kx_ctrl_cappuccino/spr_esr_reg[3]
u_mor1kx/mor1kx_cpu/cappuccino.mor1kx_cpu/mor1kx_ctrl_cappuccino/spr_esr_reg[4]
u_mor1kx/mor1kx_cpu/cappuccino.mor1kx_cpu/mor1kx_ctrl_cappuccino/spr_esr_reg[5]
u_mor1kx/mor1kx_cpu/cappuccino.mor1kx_cpu/mor1kx_ctrl_cappuccino/spr_esr_reg[6]
u_mor1kx/mor1kx_cpu/cappuccino.mor1kx_cpu/mor1kx_ctrl_cappuccino/spr_esr_reg[7]
u_mor1kx/mor1kx_cpu/cappuccino.mor1kx_cpu/mor1kx_ctrl_cappuccino/spr_esr_reg[8]
u_mor1kx/mor1kx_cpu/cappuccino.mor1kx_cpu/mor1kx_ctrl_cappuccino/spr_esr_reg[11]
u_mor1kx/mor1kx_cpu/cappuccino.mor1kx_cpu/mor1kx_ctrl_cappuccino/spr_esr_reg[12]
u_mor1kx/mor1kx_cpu/cappuccino.mor1kx_cpu/mor1kx_ctrl_cappuccino/spr_esr_reg[13]
u_mor1kx/mor1kx_cpu/cappuccino.mor1kx_cpu/mor1kx_ctrl_cappuccino/spr_sr_reg[10]
u_mor1kx/mor1kx_cpu/cappuccino.mor1kx_cpu/mor1kx_ctrl_cappuccino/spr_evbar_reg[13]
u_mor1kx/mor1kx_cpu/cappuccino.mor1kx_cpu/mor1kx_ctrl_cappuccino/spr_evbar_reg[15]
u_mor1kx/mor1kx_cpu/cappuccino.mor1kx_cpu/mor1kx_ctrl_cappuccino/spr_evbar_reg[17]
u_mor1kx/mor1kx_cpu/cappuccino.mor1kx_cpu/mor1kx_ctrl_cappuccino/spr_evbar_reg[19]
u_mor1kx/mor1kx_cpu/cappuccino.mor1kx_cpu/mor1kx_ctrl_cappuccino/spr_evbar_reg[21]
u_mor1kx/mor1kx_cpu/cappuccino.mor1kx_cpu/mor1kx_ctrl_cappuccino/spr_evbar_reg[23]
u_mor1kx/mor1kx_cpu/cappuccino.mor1kx_cpu/mor1kx_ctrl_cappuccino/spr_evbar_reg[25]
u_mor1kx/mor1kx_cpu/cappuccino.mor1kx_cpu/mor1kx_ctrl_cappuccino/spr_evbar_reg[27]
u_mor1kx/mor1kx_cpu/cappuccino.mor1kx_cpu/mor1kx_ctrl_cappuccino/spr_evbar_reg[29]
u_mor1kx/mor1kx_cpu/cappuccino.mor1kx_cpu/mor1kx_ctrl_cappuccino/spr_evbar_reg[31]
u_mor1kx/mor1kx_cpu/cappuccino.mor1kx_cpu/mor1kx_ctrl_cappuccino/spr_esr_reg[0]
u_mor1kx/mor1kx_cpu/cappuccino.mor1kx_cpu/mor1kx_ctrl_cappuccino/spr_evbar_reg[14]
u_mor1kx/mor1kx_cpu/cappuccino.mor1kx_cpu/mor1kx_ctrl_cappuccino/spr_evbar_reg[16]
u_mor1kx/mor1kx_cpu/cappuccino.mor1kx_cpu/mor1kx_ctrl_cappuccino/spr_evbar_reg[18]
u_mor1kx/mor1kx_cpu/cappuccino.mor1kx_cpu/mor1kx_ctrl_cappuccino/spr_evbar_reg[20]
u_mor1kx/mor1kx_cpu/cappuccino.mor1kx_cpu/mor1kx_ctrl_cappuccino/spr_evbar_reg[22]
u_mor1kx/mor1kx_cpu/cappuccino.mor1kx_cpu/mor1kx_ctrl_cappuccino/spr_evbar_reg[24]
u_mor1kx/mor1kx_cpu/cappuccino.mor1kx_cpu/mor1kx_ctrl_cappuccino/spr_evbar_reg[26]
u_mor1kx/mor1kx_cpu/cappuccino.mor1kx_cpu/mor1kx_ctrl_cappuccino/spr_evbar_reg[28]
u_mor1kx/mor1kx_cpu/cappuccino.mor1kx_cpu/mor1kx_ctrl_cappuccino/spr_evbar_reg[30]
u_mor1kx/mor1kx_cpu/cappuccino.mor1kx_cpu/mor1kx_ctrl_cappuccino/execute_delay_slot_reg
u_mor1kx/mor1kx_cpu/cappuccino.mor1kx_cpu/mor1kx_ctrl_cappuccino/spr_esr_reg[15]
u_mor1kx/mor1kx_cpu/cappuccino.mor1kx_cpu/mor1kx_ctrl_cappuccino/exception_pc_addr_reg[8]
u_mor1kx/mor1kx_cpu/cappuccino.mor1kx_cpu/mor1kx_ctrl_cappuccino/exception_pc_addr_reg[11]
u_mor1kx/mor1kx_cpu/cappuccino.mor1kx_cpu/mor1kx_ctrl_cappuccino/exception_pc_addr_reg[9]
u_mor1kx/mor1kx_cpu/cappuccino.mor1kx_cpu/mor1kx_ctrl_cappuccino/exception_pc_addr_reg[10]
u_mor1kx/mor1kx_cpu/cappuccino.mor1kx_cpu/mor1kx_ctrl_cappuccino/waiting_for_fetch_reg
u_mor1kx/mor1kx_cpu/cappuccino.mor1kx_cpu/mor1kx_ctrl_cappuccino/spr_npc_reg[0]
u_mor1kx/mor1kx_cpu/cappuccino.mor1kx_cpu/mor1kx_ctrl_cappuccino/spr_npc_reg[1]
u_mor1kx/mor1kx_cpu/cappuccino.mor1kx_cpu/mor1kx_ctrl_cappuccino/spr_npc_reg[2]
u_mor1kx/mor1kx_cpu/cappuccino.mor1kx_cpu/mor1kx_ctrl_cappuccino/spr_npc_reg[3]
u_mor1kx/mor1kx_cpu/cappuccino.mor1kx_cpu/mor1kx_ctrl_cappuccino/spr_npc_reg[4]
u_mor1kx/mor1kx_cpu/cappuccino.mor1kx_cpu/mor1kx_ctrl_cappuccino/spr_npc_reg[5]
u_mor1kx/mor1kx_cpu/cappuccino.mor1kx_cpu/mor1kx_ctrl_cappuccino/spr_npc_reg[6]
u_mor1kx/mor1kx_cpu/cappuccino.mor1kx_cpu/mor1kx_ctrl_cappuccino/spr_npc_reg[7]
u_mor1kx/mor1kx_cpu/cappuccino.mor1kx_cpu/mor1kx_ctrl_cappuccino/spr_npc_reg[9]
u_mor1kx/mor1kx_cpu/cappuccino.mor1kx_cpu/mor1kx_ctrl_cappuccino/spr_npc_reg[10]
u_mor1kx/mor1kx_cpu/cappuccino.mor1kx_cpu/mor1kx_ctrl_cappuccino/spr_npc_reg[11]
u_mor1kx/mor1kx_cpu/cappuccino.mor1kx_cpu/mor1kx_ctrl_cappuccino/spr_npc_reg[12]
u_mor1kx/mor1kx_cpu/cappuccino.mor1kx_cpu/mor1kx_ctrl_cappuccino/spr_npc_reg[13]
u_mor1kx/mor1kx_cpu/cappuccino.mor1kx_cpu/mor1kx_ctrl_cappuccino/spr_npc_reg[14]
u_mor1kx/mor1kx_cpu/cappuccino.mor1kx_cpu/mor1kx_ctrl_cappuccino/spr_npc_reg[15]
u_mor1kx/mor1kx_cpu/cappuccino.mor1kx_cpu/mor1kx_ctrl_cappuccino/spr_npc_reg[16]
u_mor1kx/mor1kx_cpu/cappuccino.mor1kx_cpu/mor1kx_ctrl_cappuccino/spr_npc_reg[17]
u_mor1kx/mor1kx_cpu/cappuccino.mor1kx_cpu/mor1kx_ctrl_cappuccino/spr_npc_reg[18]
u_mor1kx/mor1kx_cpu/cappuccino.mor1kx_cpu/mor1kx_ctrl_cappuccino/spr_npc_reg[19]
u_mor1kx/mor1kx_cpu/cappuccino.mor1kx_cpu/mor1kx_ctrl_cappuccino/spr_npc_reg[20]
u_mor1kx/mor1kx_cpu/cappuccino.mor1kx_cpu/mor1kx_ctrl_cappuccino/spr_npc_reg[21]
u_mor1kx/mor1kx_cpu/cappuccino.mor1kx_cpu/mor1kx_ctrl_cappuccino/spr_npc_reg[22]
u_mor1kx/mor1kx_cpu/cappuccino.mor1kx_cpu/mor1kx_ctrl_cappuccino/spr_npc_reg[23]
u_mor1kx/mor1kx_cpu/cappuccino.mor1kx_cpu/mor1kx_ctrl_cappuccino/spr_npc_reg[24]
u_mor1kx/mor1kx_cpu/cappuccino.mor1kx_cpu/mor1kx_ctrl_cappuccino/spr_npc_reg[25]
u_mor1kx/mor1kx_cpu/cappuccino.mor1kx_cpu/mor1kx_ctrl_cappuccino/spr_npc_reg[26]
u_mor1kx/mor1kx_cpu/cappuccino.mor1kx_cpu/mor1kx_ctrl_cappuccino/spr_npc_reg[27]
u_mor1kx/mor1kx_cpu/cappuccino.mor1kx_cpu/mor1kx_ctrl_cappuccino/spr_npc_reg[28]
u_mor1kx/mor1kx_cpu/cappuccino.mor1kx_cpu/mor1kx_ctrl_cappuccino/spr_npc_reg[29]
u_mor1kx/mor1kx_cpu/cappuccino.mor1kx_cpu/mor1kx_ctrl_cappuccino/spr_npc_reg[30]
u_mor1kx/mor1kx_cpu/cappuccino.mor1kx_cpu/mor1kx_ctrl_cappuccino/spr_npc_reg[31]
u_mor1kx/mor1kx_cpu/cappuccino.mor1kx_cpu/mor1kx_ctrl_cappuccino/spr_npc_reg[8]
u_mor1kx/mor1kx_cpu/cappuccino.mor1kx_cpu/mor1kx_ctrl_cappuccino/spr_epcr_reg[5]
u_mor1kx/mor1kx_cpu/cappuccino.mor1kx_cpu/mor1kx_ctrl_cappuccino/spr_epcr_reg[6]
u_mor1kx/mor1kx_cpu/cappuccino.mor1kx_cpu/mor1kx_ctrl_cappuccino/spr_epcr_reg[7]
u_mor1kx/mor1kx_cpu/cappuccino.mor1kx_cpu/mor1kx_ctrl_cappuccino/spr_epcr_reg[8]
u_mor1kx/mor1kx_cpu/cappuccino.mor1kx_cpu/mor1kx_ctrl_cappuccino/spr_epcr_reg[9]
u_mor1kx/mor1kx_cpu/cappuccino.mor1kx_cpu/mor1kx_ctrl_cappuccino/spr_epcr_reg[10]
u_mor1kx/mor1kx_cpu/cappuccino.mor1kx_cpu/mor1kx_ctrl_cappuccino/spr_epcr_reg[11]
u_mor1kx/mor1kx_cpu/cappuccino.mor1kx_cpu/mor1kx_ctrl_cappuccino/spr_epcr_reg[12]
u_mor1kx/mor1kx_cpu/cappuccino.mor1kx_cpu/mor1kx_ctrl_cappuccino/spr_epcr_reg[13]
u_mor1kx/mor1kx_cpu/cappuccino.mor1kx_cpu/mor1kx_ctrl_cappuccino/spr_epcr_reg[14]
u_mor1kx/mor1kx_cpu/cappuccino.mor1kx_cpu/mor1kx_ctrl_cappuccino/spr_epcr_reg[15]
u_mor1kx/mor1kx_cpu/cappuccino.mor1kx_cpu/mor1kx_ctrl_cappuccino/spr_epcr_reg[16]
u_mor1kx/mor1kx_cpu/cappuccino.mor1kx_cpu/mor1kx_ctrl_cappuccino/spr_epcr_reg[17]
u_mor1kx/mor1kx_cpu/cappuccino.mor1kx_cpu/mor1kx_ctrl_cappuccino/spr_epcr_reg[18]
u_mor1kx/mor1kx_cpu/cappuccino.mor1kx_cpu/mor1kx_ctrl_cappuccino/spr_epcr_reg[19]
u_mor1kx/mor1kx_cpu/cappuccino.mor1kx_cpu/mor1kx_ctrl_cappuccino/spr_epcr_reg[20]
u_mor1kx/mor1kx_cpu/cappuccino.mor1kx_cpu/mor1kx_ctrl_cappuccino/spr_epcr_reg[21]
u_mor1kx/mor1kx_cpu/cappuccino.mor1kx_cpu/mor1kx_ctrl_cappuccino/spr_epcr_reg[22]
u_mor1kx/mor1kx_cpu/cappuccino.mor1kx_cpu/mor1kx_ctrl_cappuccino/ctrl_delay_slot_reg
u_mor1kx/mor1kx_cpu/cappuccino.mor1kx_cpu/mor1kx_ctrl_cappuccino/spr_sr_reg[3]
u_mor1kx/mor1kx_cpu/cappuccino.mor1kx_cpu/mor1kx_ctrl_cappuccino/spr_sr_reg[2]
u_mor1kx/mor1kx_cpu/cappuccino.mor1kx_cpu/mor1kx_ctrl_cappuccino/spr_sr_reg[4]
u_mor1kx/mor1kx_cpu/cappuccino.mor1kx_cpu/mor1kx_ctrl_cappuccino/spr_sr_reg[5]
u_mor1kx/mor1kx_cpu/cappuccino.mor1kx_cpu/mor1kx_ctrl_cappuccino/spr_sr_reg[6]
u_mor1kx/mor1kx_cpu/cappuccino.mor1kx_cpu/mor1kx_ctrl_cappuccino/spr_sr_reg[7]
u_mor1kx/mor1kx_cpu/cappuccino.mor1kx_cpu/mor1kx_ctrl_cappuccino/spr_sr_reg[8]
u_mor1kx/mor1kx_cpu/cappuccino.mor1kx_cpu/mor1kx_ctrl_cappuccino/spr_sr_reg[11]
u_mor1kx/mor1kx_cpu/cappuccino.mor1kx_cpu/mor1kx_ctrl_cappuccino/spr_sr_reg[12]
u_mor1kx/mor1kx_cpu/cappuccino.mor1kx_cpu/mor1kx_ctrl_cappuccino/spr_sr_reg[13]
u_mor1kx/mor1kx_cpu/cappuccino.mor1kx_cpu/mor1kx_ctrl_cappuccino/spr_sr_reg[14]
u_mor1kx/mor1kx_cpu/cappuccino.mor1kx_cpu/mor1kx_ctrl_cappuccino/decode_execute_halt_reg
u_mor1kx/mor1kx_cpu/cappuccino.mor1kx_cpu/mor1kx_ctrl_cappuccino/exception_taken_reg
u_mor1kx/mor1kx_cpu/cappuccino.mor1kx_cpu/mor1kx_ctrl_cappuccino/exception_r_reg
u_mor1kx/mor1kx_cpu/cappuccino.mor1kx_cpu/mor1kx_ctrl_cappuccino/ctrl_bubble_o_reg
u_mor1kx/mor1kx_cpu/cappuccino.mor1kx_cpu/mor1kx_ctrl_cappuccino/doing_rfe_r_reg
u_mor1kx/mor1kx_cpu/cappuccino.mor1kx_cpu/mor1kx_ctrl_cappuccino/spr_ppc_reg[0]
u_mor1kx/mor1kx_cpu/cappuccino.mor1kx_cpu/mor1kx_ctrl_cappuccino/spr_ppc_reg[31]
u_mor1kx/mor1kx_cpu/cappuccino.mor1kx_cpu/mor1kx_ctrl_cappuccino/spr_ppc_reg[30]
u_mor1kx/mor1kx_cpu/cappuccino.mor1kx_cpu/mor1kx_ctrl_cappuccino/spr_ppc_reg[29]
u_mor1kx/mor1kx_cpu/cappuccino.mor1kx_cpu/mor1kx_ctrl_cappuccino/spr_ppc_reg[28]
u_mor1kx/mor1kx_cpu/cappuccino.mor1kx_cpu/mor1kx_ctrl_cappuccino/spr_ppc_reg[27]
u_mor1kx/mor1kx_cpu/cappuccino.mor1kx_cpu/mor1kx_ctrl_cappuccino/spr_ppc_reg[26]
u_mor1kx/mor1kx_cpu/cappuccino.mor1kx_cpu/mor1kx_ctrl_cappuccino/spr_ppc_reg[25]
u_mor1kx/mor1kx_cpu/cappuccino.mor1kx_cpu/mor1kx_ctrl_cappuccino/spr_ppc_reg[24]
u_mor1kx/mor1kx_cpu/cappuccino.mor1kx_cpu/mor1kx_ctrl_cappuccino/spr_ppc_reg[23]
u_mor1kx/mor1kx_cpu/cappuccino.mor1kx_cpu/mor1kx_ctrl_cappuccino/spr_ppc_reg[22]
u_mor1kx/mor1kx_cpu/cappuccino.mor1kx_cpu/mor1kx_ctrl_cappuccino/spr_ppc_reg[21]
u_mor1kx/mor1kx_cpu/cappuccino.mor1kx_cpu/mor1kx_ctrl_cappuccino/spr_ppc_reg[20]
u_mor1kx/mor1kx_cpu/cappuccino.mor1kx_cpu/mor1kx_ctrl_cappuccino/spr_ppc_reg[19]
u_mor1kx/mor1kx_cpu/cappuccino.mor1kx_cpu/mor1kx_ctrl_cappuccino/spr_ppc_reg[18]
u_mor1kx/mor1kx_cpu/cappuccino.mor1kx_cpu/mor1kx_ctrl_cappuccino/spr_ppc_reg[17]
u_mor1kx/mor1kx_cpu/cappuccino.mor1kx_cpu/mor1kx_ctrl_cappuccino/spr_ppc_reg[16]
u_mor1kx/mor1kx_cpu/cappuccino.mor1kx_cpu/mor1kx_ctrl_cappuccino/spr_ppc_reg[15]
u_mor1kx/mor1kx_cpu/cappuccino.mor1kx_cpu/mor1kx_ctrl_cappuccino/spr_ppc_reg[14]
u_mor1kx/mor1kx_cpu/cappuccino.mor1kx_cpu/mor1kx_ctrl_cappuccino/spr_ppc_reg[13]
u_mor1kx/mor1kx_cpu/cappuccino.mor1kx_cpu/mor1kx_ctrl_cappuccino/spr_ppc_reg[12]
u_mor1kx/mor1kx_cpu/cappuccino.mor1kx_cpu/mor1kx_ctrl_cappuccino/spr_ppc_reg[11]
u_mor1kx/mor1kx_cpu/cappuccino.mor1kx_cpu/mor1kx_ctrl_cappuccino/spr_ppc_reg[10]
u_mor1kx/mor1kx_cpu/cappuccino.mor1kx_cpu/mor1kx_ctrl_cappuccino/spr_ppc_reg[9]
u_mor1kx/mor1kx_cpu/cappuccino.mor1kx_cpu/mor1kx_ctrl_cappuccino/spr_ppc_reg[8]
u_mor1kx/mor1kx_cpu/cappuccino.mor1kx_cpu/mor1kx_ctrl_cappuccino/spr_ppc_reg[7]
u_mor1kx/mor1kx_cpu/cappuccino.mor1kx_cpu/mor1kx_ctrl_cappuccino/spr_ppc_reg[6]
u_mor1kx/mor1kx_cpu/cappuccino.mor1kx_cpu/mor1kx_ctrl_cappuccino/spr_ppc_reg[5]
u_mor1kx/mor1kx_cpu/cappuccino.mor1kx_cpu/mor1kx_ctrl_cappuccino/spr_ppc_reg[4]
u_mor1kx/mor1kx_cpu/cappuccino.mor1kx_cpu/mor1kx_ctrl_cappuccino/spr_ppc_reg[3]
u_mor1kx/mor1kx_cpu/cappuccino.mor1kx_cpu/mor1kx_ctrl_cappuccino/spr_ppc_reg[2]
u_mor1kx/mor1kx_cpu/cappuccino.mor1kx_cpu/mor1kx_ctrl_cappuccino/spr_ppc_reg[1]
u_mor1kx/mor1kx_cpu/cappuccino.mor1kx_cpu/mor1kx_ctrl_cappuccino/padv_ctrl_reg
u_mor1kx/mor1kx_cpu/cappuccino.mor1kx_cpu/mor1kx_ctrl_cappuccino/execute_waiting_r_reg
u_mor1kx/mor1kx_cpu/cappuccino.mor1kx_cpu/mor1kx_ctrl_cappuccino/ctrl_stage_exceptions_reg
u_mor1kx/mor1kx_cpu/cappuccino.mor1kx_cpu/mor1kx_ctrl_cappuccino/tt.mor1kx_ticktimer/spr_ttcr_reg[31]
u_mor1kx/mor1kx_cpu/cappuccino.mor1kx_cpu/mor1kx_ctrl_cappuccino/tt.mor1kx_ticktimer/spr_ttcr_reg[30]
u_mor1kx/mor1kx_cpu/cappuccino.mor1kx_cpu/mor1kx_ctrl_cappuccino/tt.mor1kx_ticktimer/spr_ttcr_reg[29]
u_mor1kx/mor1kx_cpu/cappuccino.mor1kx_cpu/mor1kx_ctrl_cappuccino/tt.mor1kx_ticktimer/spr_ttcr_reg[28]
u_mor1kx/mor1kx_cpu/cappuccino.mor1kx_cpu/mor1kx_ctrl_cappuccino/tt.mor1kx_ticktimer/spr_ttcr_reg[26]
u_mor1kx/mor1kx_cpu/cappuccino.mor1kx_cpu/mor1kx_ctrl_cappuccino/tt.mor1kx_ticktimer/spr_ttcr_reg[25]
u_mor1kx/mor1kx_cpu/cappuccino.mor1kx_cpu/mor1kx_ctrl_cappuccino/tt.mor1kx_ticktimer/spr_ttcr_reg[24]
u_mor1kx/mor1kx_cpu/cappuccino.mor1kx_cpu/mor1kx_ctrl_cappuccino/tt.mor1kx_ticktimer/spr_ttcr_reg[23]
u_mor1kx/mor1kx_cpu/cappuccino.mor1kx_cpu/mor1kx_ctrl_cappuccino/tt.mor1kx_ticktimer/spr_ttcr_reg[22]
u_mor1kx/mor1kx_cpu/cappuccino.mor1kx_cpu/mor1kx_ctrl_cappuccino/tt.mor1kx_ticktimer/spr_ttcr_reg[21]
u_mor1kx/mor1kx_cpu/cappuccino.mor1kx_cpu/mor1kx_ctrl_cappuccino/tt.mor1kx_ticktimer/spr_ttcr_reg[20]
u_mor1kx/mor1kx_cpu/cappuccino.mor1kx_cpu/mor1kx_ctrl_cappuccino/tt.mor1kx_ticktimer/spr_ttcr_reg[19]
u_mor1kx/mor1kx_cpu/cappuccino.mor1kx_cpu/mor1kx_ctrl_cappuccino/tt.mor1kx_ticktimer/spr_ttcr_reg[18]
u_mor1kx/mor1kx_cpu/cappuccino.mor1kx_cpu/mor1kx_ctrl_cappuccino/tt.mor1kx_ticktimer/spr_ttcr_reg[17]
u_mor1kx/mor1kx_cpu/cappuccino.mor1kx_cpu/mor1kx_ctrl_cappuccino/tt.mor1kx_ticktimer/spr_ttcr_reg[16]
u_mor1kx/mor1kx_cpu/cappuccino.mor1kx_cpu/mor1kx_ctrl_cappuccino/tt.mor1kx_ticktimer/spr_ttcr_reg[15]
u_mor1kx/mor1kx_cpu/cappuccino.mor1kx_cpu/mor1kx_ctrl_cappuccino/tt.mor1kx_ticktimer/spr_ttcr_reg[14]
u_mor1kx/mor1kx_cpu/cappuccino.mor1kx_cpu/mor1kx_ctrl_cappuccino/tt.mor1kx_ticktimer/spr_ttcr_reg[13]
u_mor1kx/mor1kx_cpu/cappuccino.mor1kx_cpu/mor1kx_ctrl_cappuccino/tt.mor1kx_ticktimer/spr_ttcr_reg[12]
u_mor1kx/mor1kx_cpu/cappuccino.mor1kx_cpu/mor1kx_ctrl_cappuccino/tt.mor1kx_ticktimer/spr_ttcr_reg[11]
u_mor1kx/mor1kx_cpu/cappuccino.mor1kx_cpu/mor1kx_ctrl_cappuccino/tt.mor1kx_ticktimer/spr_ttcr_reg[10]
u_mor1kx/mor1kx_cpu/cappuccino.mor1kx_cpu/mor1kx_ctrl_cappuccino/tt.mor1kx_ticktimer/spr_ttcr_reg[9]
u_mor1kx/mor1kx_cpu/cappuccino.mor1kx_cpu/mor1kx_ctrl_cappuccino/tt.mor1kx_ticktimer/spr_ttcr_reg[8]
u_mor1kx/mor1kx_cpu/cappuccino.mor1kx_cpu/mor1kx_ctrl_cappuccino/tt.mor1kx_ticktimer/spr_ttcr_reg[7]
u_mor1kx/mor1kx_cpu/cappuccino.mor1kx_cpu/mor1kx_ctrl_cappuccino/tt.mor1kx_ticktimer/spr_ttcr_reg[6]
u_mor1kx/mor1kx_cpu/cappuccino.mor1kx_cpu/mor1kx_ctrl_cappuccino/tt.mor1kx_ticktimer/spr_ttcr_reg[5]
u_mor1kx/mor1kx_cpu/cappuccino.mor1kx_cpu/mor1kx_ctrl_cappuccino/tt.mor1kx_ticktimer/spr_ttcr_reg[4]
u_mor1kx/mor1kx_cpu/cappuccino.mor1kx_cpu/mor1kx_ctrl_cappuccino/tt.mor1kx_ticktimer/spr_ttcr_reg[3]
u_mor1kx/mor1kx_cpu/cappuccino.mor1kx_cpu/mor1kx_ctrl_cappuccino/tt.mor1kx_ticktimer/spr_ttcr_reg[2]
u_mor1kx/mor1kx_cpu/cappuccino.mor1kx_cpu/mor1kx_ctrl_cappuccino/tt.mor1kx_ticktimer/spr_ttcr_reg[1]
u_mor1kx/mor1kx_cpu/cappuccino.mor1kx_cpu/mor1kx_ctrl_cappuccino/tt.mor1kx_ticktimer/spr_ttmr_reg[28]
u_mor1kx/mor1kx_cpu/cappuccino.mor1kx_cpu/mor1kx_ctrl_cappuccino/tt.mor1kx_ticktimer/spr_ttcr_reg[27]
u_mor1kx/mor1kx_cpu/cappuccino.mor1kx_cpu/mor1kx_ctrl_cappuccino/tt.mor1kx_ticktimer/spr_ttcr_reg[0]
u_mor1kx/mor1kx_cpu/cappuccino.mor1kx_cpu/mor1kx_ctrl_cappuccino/tt.mor1kx_ticktimer/spr_ttmr_reg[0]
u_mor1kx/mor1kx_cpu/cappuccino.mor1kx_cpu/mor1kx_ctrl_cappuccino/tt.mor1kx_ticktimer/spr_ttmr_reg[1]
u_mor1kx/mor1kx_cpu/cappuccino.mor1kx_cpu/mor1kx_ctrl_cappuccino/tt.mor1kx_ticktimer/spr_ttmr_reg[2]
u_mor1kx/mor1kx_cpu/cappuccino.mor1kx_cpu/mor1kx_ctrl_cappuccino/tt.mor1kx_ticktimer/spr_ttmr_reg[3]
u_mor1kx/mor1kx_cpu/cappuccino.mor1kx_cpu/mor1kx_ctrl_cappuccino/tt.mor1kx_ticktimer/spr_ttmr_reg[4]
u_mor1kx/mor1kx_cpu/cappuccino.mor1kx_cpu/mor1kx_ctrl_cappuccino/tt.mor1kx_ticktimer/spr_ttmr_reg[5]
u_mor1kx/mor1kx_cpu/cappuccino.mor1kx_cpu/mor1kx_ctrl_cappuccino/tt.mor1kx_ticktimer/spr_ttmr_reg[6]
u_mor1kx/mor1kx_cpu/cappuccino.mor1kx_cpu/mor1kx_ctrl_cappuccino/tt.mor1kx_ticktimer/spr_ttmr_reg[7]
u_mor1kx/mor1kx_cpu/cappuccino.mor1kx_cpu/mor1kx_ctrl_cappuccino/tt.mor1kx_ticktimer/spr_ttmr_reg[8]
u_mor1kx/mor1kx_cpu/cappuccino.mor1kx_cpu/mor1kx_ctrl_cappuccino/tt.mor1kx_ticktimer/spr_ttmr_reg[9]
u_mor1kx/mor1kx_cpu/cappuccino.mor1kx_cpu/mor1kx_ctrl_cappuccino/tt.mor1kx_ticktimer/spr_ttmr_reg[10]
u_mor1kx/mor1kx_cpu/cappuccino.mor1kx_cpu/mor1kx_ctrl_cappuccino/tt.mor1kx_ticktimer/spr_ttmr_reg[11]
u_mor1kx/mor1kx_cpu/cappuccino.mor1kx_cpu/mor1kx_ctrl_cappuccino/tt.mor1kx_ticktimer/spr_ttmr_reg[12]
u_mor1kx/mor1kx_cpu/cappuccino.mor1kx_cpu/mor1kx_ctrl_cappuccino/tt.mor1kx_ticktimer/spr_ttmr_reg[13]
u_mor1kx/mor1kx_cpu/cappuccino.mor1kx_cpu/mor1kx_ctrl_cappuccino/tt.mor1kx_ticktimer/spr_ttmr_reg[14]
u_mor1kx/mor1kx_cpu/cappuccino.mor1kx_cpu/mor1kx_ctrl_cappuccino/tt.mor1kx_ticktimer/spr_ttmr_reg[15]
u_mor1kx/mor1kx_cpu/cappuccino.mor1kx_cpu/mor1kx_ctrl_cappuccino/tt.mor1kx_ticktimer/spr_ttmr_reg[16]
u_mor1kx/mor1kx_cpu/cappuccino.mor1kx_cpu/mor1kx_ctrl_cappuccino/tt.mor1kx_ticktimer/spr_ttmr_reg[17]
u_mor1kx/mor1kx_cpu/cappuccino.mor1kx_cpu/mor1kx_ctrl_cappuccino/tt.mor1kx_ticktimer/spr_ttmr_reg[18]
u_mor1kx/mor1kx_cpu/cappuccino.mor1kx_cpu/mor1kx_ctrl_cappuccino/tt.mor1kx_ticktimer/spr_ttmr_reg[19]
u_mor1kx/mor1kx_cpu/cappuccino.mor1kx_cpu/mor1kx_ctrl_cappuccino/tt.mor1kx_ticktimer/spr_ttmr_reg[20]
u_mor1kx/mor1kx_cpu/cappuccino.mor1kx_cpu/mor1kx_ctrl_cappuccino/tt.mor1kx_ticktimer/spr_ttmr_reg[21]
u_mor1kx/mor1kx_cpu/cappuccino.mor1kx_cpu/mor1kx_ctrl_cappuccino/tt.mor1kx_ticktimer/spr_ttmr_reg[22]
u_mor1kx/mor1kx_cpu/cappuccino.mor1kx_cpu/mor1kx_ctrl_cappuccino/tt.mor1kx_ticktimer/spr_ttmr_reg[23]
u_mor1kx/mor1kx_cpu/cappuccino.mor1kx_cpu/mor1kx_ctrl_cappuccino/tt.mor1kx_ticktimer/spr_ttmr_reg[24]
u_mor1kx/mor1kx_cpu/cappuccino.mor1kx_cpu/mor1kx_ctrl_cappuccino/tt.mor1kx_ticktimer/spr_ttmr_reg[25]
u_mor1kx/mor1kx_cpu/cappuccino.mor1kx_cpu/mor1kx_ctrl_cappuccino/tt.mor1kx_ticktimer/spr_ttmr_reg[26]
u_mor1kx/mor1kx_cpu/cappuccino.mor1kx_cpu/mor1kx_ctrl_cappuccino/tt.mor1kx_ticktimer/spr_ttmr_reg[27]
u_mor1kx/mor1kx_cpu/cappuccino.mor1kx_cpu/mor1kx_ctrl_cappuccino/tt.mor1kx_ticktimer/spr_ttmr_reg[29]
u_mor1kx/mor1kx_cpu/cappuccino.mor1kx_cpu/mor1kx_ctrl_cappuccino/tt.mor1kx_ticktimer/spr_ttmr_reg[30]
u_mor1kx/mor1kx_cpu/cappuccino.mor1kx_cpu/mor1kx_ctrl_cappuccino/tt.mor1kx_ticktimer/spr_ttmr_reg[31]
u_aes_peripheral/key_reg_reg[4]
u_aes_peripheral/key_reg_reg[5]
u_aes_peripheral/key_reg_reg[6]
u_aes_peripheral/key_reg_reg[7]
u_aes_peripheral/key_reg_reg[8]
u_aes_peripheral/key_reg_reg[9]
u_aes_peripheral/key_reg_reg[10]
u_aes_peripheral/key_reg_reg[11]
u_aes_peripheral/key_reg_reg[12]
u_aes_peripheral/key_reg_reg[13]
u_aes_peripheral/key_reg_reg[14]
u_aes_peripheral/key_reg_reg[15]
u_aes_peripheral/key_reg_reg[16]
u_aes_peripheral/key_reg_reg[17]
u_aes_peripheral/key_reg_reg[18]
u_aes_peripheral/key_reg_reg[19]
u_aes_peripheral/key_reg_reg[20]
u_aes_peripheral/key_reg_reg[21]
u_aes_peripheral/key_reg_reg[22]
u_aes_peripheral/key_reg_reg[23]
u_aes_peripheral/key_reg_reg[24]
u_aes_peripheral/key_reg_reg[25]
u_aes_peripheral/key_reg_reg[26]
u_aes_peripheral/key_reg_reg[27]
u_aes_peripheral/key_reg_reg[28]
u_aes_peripheral/key_reg_reg[29]
u_aes_peripheral/key_reg_reg[30]
u_aes_peripheral/key_reg_reg[31]
u_aes_peripheral/key_reg_reg[36]
u_aes_peripheral/key_reg_reg[37]
u_aes_peripheral/key_reg_reg[38]
u_aes_peripheral/key_reg_reg[39]
u_aes_peripheral/key_reg_reg[40]
u_aes_peripheral/key_reg_reg[41]
u_aes_peripheral/key_reg_reg[42]
u_aes_peripheral/key_reg_reg[43]
u_aes_peripheral/key_reg_reg[44]
u_aes_peripheral/key_reg_reg[45]
u_aes_peripheral/key_reg_reg[46]
u_aes_peripheral/key_reg_reg[47]
u_aes_peripheral/key_reg_reg[48]
u_aes_peripheral/key_reg_reg[49]
u_aes_peripheral/key_reg_reg[50]
u_aes_peripheral/key_reg_reg[51]
u_aes_peripheral/key_reg_reg[52]
u_aes_peripheral/key_reg_reg[53]
u_aes_peripheral/key_reg_reg[54]
u_aes_peripheral/key_reg_reg[55]
u_aes_peripheral/key_reg_reg[56]
u_aes_peripheral/key_reg_reg[57]
u_aes_peripheral/key_reg_reg[58]
u_aes_peripheral/key_reg_reg[59]
u_aes_peripheral/key_reg_reg[60]
u_aes_peripheral/key_reg_reg[61]
u_aes_peripheral/key_reg_reg[62]
u_aes_peripheral/key_reg_reg[63]
u_aes_peripheral/key_reg_reg[68]
u_aes_peripheral/key_reg_reg[69]
u_aes_peripheral/key_reg_reg[70]
u_aes_peripheral/key_reg_reg[71]
u_aes_peripheral/key_reg_reg[72]
u_aes_peripheral/key_reg_reg[73]
u_aes_peripheral/key_reg_reg[74]
u_aes_peripheral/key_reg_reg[75]
u_aes_peripheral/key_reg_reg[76]
u_aes_peripheral/key_reg_reg[77]
u_aes_peripheral/key_reg_reg[78]
u_aes_peripheral/key_reg_reg[79]
u_aes_peripheral/key_reg_reg[80]
u_aes_peripheral/key_reg_reg[81]
u_aes_peripheral/key_reg_reg[82]
u_aes_peripheral/key_reg_reg[83]
u_aes_peripheral/key_reg_reg[84]
u_aes_peripheral/key_reg_reg[85]
u_aes_peripheral/key_reg_reg[86]
u_aes_peripheral/key_reg_reg[87]
u_aes_peripheral/key_reg_reg[88]
u_aes_peripheral/key_reg_reg[89]
u_aes_peripheral/key_reg_reg[90]
u_aes_peripheral/key_reg_reg[91]
u_aes_peripheral/key_reg_reg[92]
u_aes_peripheral/key_reg_reg[93]
u_aes_peripheral/key_reg_reg[94]
u_aes_peripheral/key_reg_reg[95]
u_aes_peripheral/plaintext_reg_reg[4]
u_aes_peripheral/plaintext_reg_reg[5]
u_aes_peripheral/plaintext_reg_reg[6]
u_aes_peripheral/plaintext_reg_reg[7]
u_aes_peripheral/plaintext_reg_reg[8]
u_aes_peripheral/plaintext_reg_reg[9]
u_aes_peripheral/plaintext_reg_reg[10]
u_aes_peripheral/plaintext_reg_reg[11]
u_aes_peripheral/plaintext_reg_reg[12]
u_aes_peripheral/plaintext_reg_reg[13]
u_aes_peripheral/plaintext_reg_reg[14]
u_aes_peripheral/plaintext_reg_reg[15]
u_aes_peripheral/plaintext_reg_reg[16]
u_aes_peripheral/plaintext_reg_reg[17]
u_aes_peripheral/plaintext_reg_reg[18]
u_aes_peripheral/plaintext_reg_reg[19]
u_aes_peripheral/plaintext_reg_reg[20]
u_aes_peripheral/plaintext_reg_reg[21]
u_aes_peripheral/plaintext_reg_reg[22]
u_aes_peripheral/plaintext_reg_reg[23]
u_aes_peripheral/plaintext_reg_reg[24]
u_aes_peripheral/plaintext_reg_reg[25]
u_aes_peripheral/plaintext_reg_reg[26]
u_aes_peripheral/plaintext_reg_reg[27]
u_aes_peripheral/plaintext_reg_reg[28]
u_aes_peripheral/plaintext_reg_reg[29]
u_aes_peripheral/plaintext_reg_reg[30]
u_aes_peripheral/plaintext_reg_reg[31]
u_aes_peripheral/plaintext_reg_reg[36]
u_aes_peripheral/plaintext_reg_reg[37]
u_aes_peripheral/plaintext_reg_reg[38]
u_aes_peripheral/plaintext_reg_reg[39]
u_aes_peripheral/plaintext_reg_reg[40]
u_aes_peripheral/plaintext_reg_reg[41]
u_aes_peripheral/plaintext_reg_reg[42]
u_aes_peripheral/plaintext_reg_reg[43]
u_aes_peripheral/plaintext_reg_reg[44]
u_aes_peripheral/plaintext_reg_reg[45]
u_aes_peripheral/plaintext_reg_reg[46]
u_aes_peripheral/plaintext_reg_reg[47]
u_aes_peripheral/plaintext_reg_reg[48]
u_aes_peripheral/plaintext_reg_reg[49]
u_aes_peripheral/plaintext_reg_reg[50]
u_aes_peripheral/plaintext_reg_reg[51]
u_aes_peripheral/plaintext_reg_reg[52]
u_aes_peripheral/plaintext_reg_reg[53]
u_aes_peripheral/plaintext_reg_reg[54]
u_aes_peripheral/plaintext_reg_reg[55]
u_aes_peripheral/plaintext_reg_reg[56]
u_aes_peripheral/plaintext_reg_reg[57]
u_aes_peripheral/plaintext_reg_reg[58]
u_aes_peripheral/plaintext_reg_reg[59]
u_aes_peripheral/plaintext_reg_reg[60]
u_aes_peripheral/plaintext_reg_reg[61]
u_aes_peripheral/plaintext_reg_reg[62]
u_aes_peripheral/plaintext_reg_reg[63]
u_aes_peripheral/plaintext_reg_reg[68]
u_aes_peripheral/plaintext_reg_reg[69]
u_aes_peripheral/plaintext_reg_reg[70]
u_aes_peripheral/plaintext_reg_reg[71]
u_aes_peripheral/plaintext_reg_reg[72]
u_aes_peripheral/plaintext_reg_reg[73]
u_aes_peripheral/plaintext_reg_reg[74]
u_aes_peripheral/plaintext_reg_reg[75]
u_aes_peripheral/plaintext_reg_reg[76]
u_aes_peripheral/plaintext_reg_reg[77]
u_aes_peripheral/plaintext_reg_reg[78]
u_aes_peripheral/plaintext_reg_reg[79]
u_aes_peripheral/plaintext_reg_reg[80]
u_aes_peripheral/plaintext_reg_reg[81]
u_aes_peripheral/plaintext_reg_reg[82]
u_aes_peripheral/plaintext_reg_reg[83]
u_aes_peripheral/plaintext_reg_reg[84]
u_aes_peripheral/plaintext_reg_reg[85]
u_aes_peripheral/plaintext_reg_reg[86]
u_aes_peripheral/plaintext_reg_reg[87]
u_aes_peripheral/plaintext_reg_reg[88]
u_aes_peripheral/plaintext_reg_reg[89]
u_aes_peripheral/plaintext_reg_reg[90]
u_aes_peripheral/plaintext_reg_reg[91]
u_aes_peripheral/plaintext_reg_reg[92]
u_aes_peripheral/plaintext_reg_reg[93]
u_aes_peripheral/u_aes_round1/SB_REG_reg[3]
u_aes_peripheral/u_aes_round1/SB_REG_reg[19]
u_aes_peripheral/u_aes_round1/SB_REG_reg[27]
u_aes_peripheral/u_aes_round1/SB_REG_reg[35]
u_aes_peripheral/u_aes_round1/SB_REG_reg[51]
u_aes_peripheral/u_aes_round1/SB_REG_reg[59]
u_aes_peripheral/u_aes_round1/SB_REG_reg[83]
u_aes_peripheral/u_aes_round1/SB_REG_reg[91]
u_aes_peripheral/u_aes_round1/SB_REG_reg[99]
u_aes_peripheral/u_aes_round1/SB_REG_reg[123]
u_aes_peripheral/u_aes_round1/SB_REG_reg[2]
u_aes_peripheral/u_aes_round1/SB_REG_reg[18]
u_aes_peripheral/u_aes_round1/SB_REG_reg[26]
u_aes_peripheral/u_aes_round1/SB_REG_reg[34]
u_aes_peripheral/u_aes_round1/SB_REG_reg[50]
u_aes_peripheral/u_aes_round1/SB_REG_reg[58]
u_aes_peripheral/u_aes_round1/SB_REG_reg[66]
u_aes_peripheral/u_aes_round1/SB_REG_reg[82]
u_aes_peripheral/u_aes_round1/SB_REG_reg[90]
u_aes_peripheral/u_aes_round1/SB_REG_reg[98]
u_aes_peripheral/u_aes_round1/SB_REG_reg[114]
u_aes_peripheral/u_aes_round1/SB_REG_reg[122]
u_aes_peripheral/u_aes_round1/SB_REG_reg[4]
u_aes_peripheral/u_aes_round1/SB_REG_reg[20]
u_aes_peripheral/u_aes_round1/SB_REG_reg[28]
u_aes_peripheral/u_aes_round1/SB_REG_reg[36]
u_aes_peripheral/u_aes_round1/SB_REG_reg[52]
u_aes_peripheral/u_aes_round1/SB_REG_reg[60]
u_aes_peripheral/u_aes_round1/SB_REG_reg[84]
u_aes_peripheral/u_aes_round1/SB_REG_reg[92]
u_aes_peripheral/u_aes_round1/SB_REG_reg[100]
u_aes_peripheral/u_aes_round1/SB_REG_reg[116]
u_aes_peripheral/u_aes_round1/SB_REG_reg[124]
u_aes_peripheral/u_aes_round1/SB_REG_reg[5]
u_aes_peripheral/u_aes_round1/SB_REG_reg[21]
u_aes_peripheral/u_aes_round1/SB_REG_reg[29]
u_aes_peripheral/u_aes_round1/SB_REG_reg[37]
u_aes_peripheral/u_aes_round1/SB_REG_reg[53]
u_aes_peripheral/u_aes_round1/SB_REG_reg[61]
u_aes_peripheral/u_aes_round1/SB_REG_reg[69]
u_aes_peripheral/u_aes_round1/SB_REG_reg[85]
u_aes_peripheral/u_aes_round1/SB_REG_reg[93]
u_aes_peripheral/u_aes_round1/SB_REG_reg[101]
u_aes_peripheral/u_aes_round1/SB_REG_reg[117]
u_aes_peripheral/u_aes_round1/SB_REG_reg[125]
u_aes_peripheral/u_aes_round1/SB_REG_reg[8]
u_aes_peripheral/u_aes_round1/SB_REG_reg[104]
u_aes_peripheral/u_aes_round1/SB_REG_reg[0]
u_aes_peripheral/u_aes_round1/SB_REG_reg[16]
u_aes_peripheral/u_aes_round1/SB_REG_reg[48]
u_aes_peripheral/u_aes_round1/SB_REG_reg[56]
u_aes_peripheral/u_aes_round1/SB_REG_reg[64]
u_aes_peripheral/u_aes_round1/SB_REG_reg[80]
u_aes_peripheral/u_aes_round1/SB_REG_reg[88]
u_aes_peripheral/u_aes_round1/SB_REG_reg[96]
u_aes_peripheral/u_aes_round1/SB_REG_reg[120]
u_aes_peripheral/u_aes_round1/SB_REG_reg[10]
u_aes_peripheral/u_aes_round1/SB_REG_reg[42]
u_aes_peripheral/u_aes_round1/SB_REG_reg[74]
u_aes_peripheral/u_aes_round1/SB_REG_reg[106]
u_aes_peripheral/u_aes_round1/SB_REG_reg[12]
u_aes_peripheral/u_aes_round1/SB_REG_reg[44]
u_aes_peripheral/u_aes_round1/SB_REG_reg[108]
u_aes_peripheral/u_aes_round1/SB_REG_reg[43]
u_aes_peripheral/u_aes_round1/SB_REG_reg[15]
u_aes_peripheral/u_aes_round1/SB_REG_reg[111]
u_aes_peripheral/u_aes_round1/SB_REG_reg[7]
u_aes_peripheral/u_aes_round1/SB_REG_reg[23]
u_aes_peripheral/u_aes_round1/SB_REG_reg[55]
u_aes_peripheral/u_aes_round1/SB_REG_reg[63]
u_aes_peripheral/u_aes_round1/SB_REG_reg[71]
u_aes_peripheral/u_aes_round1/SB_REG_reg[95]
u_aes_peripheral/u_aes_round1/SB_REG_reg[103]
u_aes_peripheral/u_aes_round1/SB_REG_reg[127]
u_aes_peripheral/u_aes_round1/SB_REG_reg[14]
u_aes_peripheral/u_aes_round1/SB_REG_reg[46]
u_aes_peripheral/u_aes_round1/SB_REG_reg[78]
u_aes_peripheral/u_aes_round1/SB_REG_reg[110]
u_aes_peripheral/u_aes_round1/SB_REG_reg[13]
u_aes_peripheral/u_aes_round1/SB_REG_reg[45]
u_aes_peripheral/u_aes_round1/SB_REG_reg[77]
u_aes_peripheral/u_aes_round1/SB_REG_reg[109]
u_aes_peripheral/u_aes_round1/SB_REG_reg[1]
u_aes_peripheral/u_aes_round1/SB_REG_reg[17]
u_aes_peripheral/u_aes_round1/SB_REG_reg[25]
u_aes_peripheral/u_aes_round1/SB_REG_reg[33]
u_aes_peripheral/u_aes_round1/SB_REG_reg[49]
u_aes_peripheral/u_aes_round1/SB_REG_reg[57]
u_aes_peripheral/u_aes_round1/SB_REG_reg[65]
u_aes_peripheral/u_aes_round1/SB_REG_reg[81]
u_aes_peripheral/u_aes_round1/SB_REG_reg[89]
u_aes_peripheral/u_aes_round1/SB_REG_reg[97]
u_aes_peripheral/u_aes_round1/SB_REG_reg[113]
u_aes_peripheral/u_aes_round1/SB_REG_reg[121]
u_aes_peripheral/u_aes_round1/SB_REG_reg[6]
u_aes_peripheral/u_aes_round1/SB_REG_reg[22]
u_aes_peripheral/u_aes_round1/SB_REG_reg[30]
u_aes_peripheral/u_aes_round1/SB_REG_reg[38]
u_aes_peripheral/u_aes_round1/SB_REG_reg[54]
u_aes_peripheral/u_aes_round1/SB_REG_reg[62]
u_aes_peripheral/u_aes_round1/SB_REG_reg[70]
u_aes_peripheral/u_aes_round1/SB_REG_reg[86]
u_aes_peripheral/u_aes_round1/SB_REG_reg[94]
u_aes_peripheral/u_aes_round1/SB_REG_reg[102]
u_aes_peripheral/u_aes_round1/SB_REG_reg[118]
u_aes_peripheral/u_aes_round1/SB_REG_reg[126]
u_aes_peripheral/u_aes_round1/SR_REG_reg[16]
u_aes_peripheral/u_aes_round1/SR_REG_reg[19]
u_aes_peripheral/u_aes_round1/SR_REG_reg[43]
u_aes_peripheral/u_aes_round1/SR_REG_reg[75]
u_aes_peripheral/u_aes_round1/SR_REG_reg[7]
u_aes_peripheral/u_aes_round1/SB_REG_reg[9]
u_aes_peripheral/u_aes_round1/SB_REG_reg[41]
u_aes_peripheral/u_aes_round1/SB_REG_reg[73]
u_aes_peripheral/u_aes_round1/SB_REG_reg[105]
u_aes_peripheral/u_aes_round1/SR_REG_reg[12]
u_aes_peripheral/u_aes_round1/SR_REG_reg[87]
u_aes_peripheral/u_aes_round1/SR_REG_reg[1]
u_aes_peripheral/u_aes_round1/SR_REG_reg[2]
u_aes_peripheral/u_aes_round1/MC_REG_reg[104]
u_aes_peripheral/u_aes_round1/MC_REG_reg[105]
u_aes_peripheral/u_aes_round1/MC_REG_reg[97]
u_aes_peripheral/u_aes_round1/MC_REG_reg[112]
u_aes_peripheral/u_aes_round1/SR_REG_reg[96]
u_aes_peripheral/u_aes_round1/MC_REG_reg[106]
u_aes_peripheral/u_aes_round1/MC_REG_reg[121]
u_aes_peripheral/u_aes_round1/MC_REG_reg[98]
u_aes_peripheral/u_aes_round1/SR_REG_reg[97]
u_aes_peripheral/u_aes_round1/MC_REG_reg[107]
u_aes_peripheral/u_aes_round1/MC_REG_reg[99]
u_aes_peripheral/u_aes_round1/MC_REG_reg[114]
u_aes_peripheral/u_aes_round1/MC_REG_reg[122]
u_aes_peripheral/u_aes_round1/SR_REG_reg[98]
u_aes_peripheral/u_aes_round1/MC_REG_reg[100]
u_aes_peripheral/u_aes_round1/MC_REG_reg[108]
u_aes_peripheral/u_aes_round1/MC_REG_reg[115]
u_aes_peripheral/u_aes_round1/MC_REG_reg[123]
u_aes_peripheral/u_aes_round1/SR_REG_reg[99]
u_aes_peripheral/u_aes_round1/MC_REG_reg[101]
u_aes_peripheral/u_aes_round1/MC_REG_reg[109]
u_aes_peripheral/u_aes_round1/MC_REG_reg[116]
u_aes_peripheral/u_aes_round1/SR_REG_reg[100]
u_aes_peripheral/u_aes_round1/MC_REG_reg[102]
u_aes_peripheral/u_aes_round1/MC_REG_reg[110]
u_aes_peripheral/u_aes_round1/MC_REG_reg[117]
u_aes_peripheral/u_aes_round1/MC_REG_reg[125]
u_aes_peripheral/u_aes_round1/SR_REG_reg[101]
u_aes_peripheral/u_aes_round1/MC_REG_reg[103]
u_aes_peripheral/u_aes_round1/MC_REG_reg[111]
u_aes_peripheral/u_aes_round1/MC_REG_reg[118]
u_aes_peripheral/u_aes_round1/MC_REG_reg[126]
u_aes_peripheral/u_aes_round1/SR_REG_reg[102]
u_aes_peripheral/u_aes_round1/MC_REG_reg[127]
u_aes_peripheral/u_aes_round1/MC_REG_reg[96]
u_aes_peripheral/u_aes_round1/SR_REG_reg[103]
u_aes_peripheral/u_aes_round1/MC_REG_reg[64]
u_aes_peripheral/u_aes_round1/MC_REG_reg[73]
u_aes_peripheral/u_aes_round1/MC_REG_reg[80]
u_aes_peripheral/u_aes_round1/MC_REG_reg[81]
u_aes_peripheral/u_aes_round1/SR_REG_reg[72]
u_aes_peripheral/u_aes_round1/MC_REG_reg[65]
u_aes_peripheral/u_aes_round1/MC_REG_reg[74]
u_aes_peripheral/u_aes_round1/MC_REG_reg[82]
u_aes_peripheral/u_aes_round1/MC_REG_reg[89]
u_aes_peripheral/u_aes_round1/SR_REG_reg[73]
u_aes_peripheral/u_aes_round1/MC_REG_reg[66]
u_aes_peripheral/u_aes_round1/MC_REG_reg[75]
u_aes_peripheral/u_aes_round1/MC_REG_reg[90]
u_aes_peripheral/u_aes_round1/SR_REG_reg[74]
u_aes_peripheral/u_aes_round1/MC_REG_reg[67]
u_aes_peripheral/u_aes_round1/MC_REG_reg[76]
u_aes_peripheral/u_aes_round1/SB_REG_reg[11]
u_aes_peripheral/u_aes_round1/MC_REG_reg[68]
u_aes_peripheral/u_aes_round1/MC_REG_reg[77]
u_aes_peripheral/u_aes_round1/MC_REG_reg[85]
u_aes_peripheral/u_aes_round1/SR_REG_reg[76]
u_aes_peripheral/u_aes_round1/MC_REG_reg[69]
u_aes_peripheral/u_aes_round1/MC_REG_reg[78]
u_aes_peripheral/u_aes_round1/MC_REG_reg[86]
u_aes_peripheral/u_aes_round1/MC_REG_reg[93]
u_aes_peripheral/u_aes_round1/SR_REG_reg[77]
u_aes_peripheral/u_aes_round1/MC_REG_reg[70]
u_aes_peripheral/u_aes_round1/MC_REG_reg[79]
u_aes_peripheral/u_aes_round1/MC_REG_reg[94]
u_aes_peripheral/u_aes_round1/SR_REG_reg[78]
u_aes_peripheral/u_aes_round1/MC_REG_reg[95]
u_aes_peripheral/u_aes_round1/SR_REG_reg[79]
u_aes_peripheral/u_aes_round1/MC_REG_reg[32]
u_aes_peripheral/u_aes_round1/MC_REG_reg[49]
u_aes_peripheral/u_aes_round1/MC_REG_reg[56]
u_aes_peripheral/u_aes_round1/MC_REG_reg[57]
u_aes_peripheral/u_aes_round1/SR_REG_reg[48]
u_aes_peripheral/u_aes_round1/MC_REG_reg[33]
u_aes_peripheral/u_aes_round1/MC_REG_reg[41]
u_aes_peripheral/u_aes_round1/MC_REG_reg[50]
u_aes_peripheral/u_aes_round1/MC_REG_reg[58]
u_aes_peripheral/u_aes_round1/SR_REG_reg[49]
u_aes_peripheral/u_aes_round1/MC_REG_reg[34]
u_aes_peripheral/u_aes_round1/MC_REG_reg[42]
u_aes_peripheral/u_aes_round1/MC_REG_reg[59]
u_aes_peripheral/u_aes_round1/SR_REG_reg[50]
u_aes_peripheral/u_aes_round1/MC_REG_reg[35]
u_aes_peripheral/u_aes_round1/MC_REG_reg[43]
u_aes_peripheral/u_aes_round1/MC_REG_reg[60]
u_aes_peripheral/u_aes_round1/SR_REG_reg[51]
u_aes_peripheral/u_aes_round1/MC_REG_reg[36]
u_aes_peripheral/u_aes_round1/MC_REG_reg[44]
u_aes_peripheral/u_aes_round1/MC_REG_reg[53]
u_aes_peripheral/u_aes_round1/MC_REG_reg[61]
u_aes_peripheral/u_aes_round1/SR_REG_reg[52]
u_aes_peripheral/u_aes_round1/MC_REG_reg[37]
u_aes_peripheral/u_aes_round1/MC_REG_reg[45]
u_aes_peripheral/u_aes_round1/MC_REG_reg[54]
u_aes_peripheral/u_aes_round1/MC_REG_reg[62]
u_aes_peripheral/u_aes_round1/SR_REG_reg[53]
u_aes_peripheral/u_aes_round1/MC_REG_reg[38]
u_aes_peripheral/u_aes_round1/MC_REG_reg[46]
u_aes_peripheral/u_aes_round1/MC_REG_reg[55]
u_aes_peripheral/u_aes_round1/MC_REG_reg[63]
u_aes_peripheral/u_aes_round1/SR_REG_reg[54]
u_aes_peripheral/u_aes_round1/MC_REG_reg[39]
u_aes_peripheral/u_aes_round1/MC_REG_reg[47]
u_aes_peripheral/u_aes_round1/MC_REG_reg[48]
u_aes_peripheral/u_aes_round1/SR_REG_reg[55]
u_aes_peripheral/u_aes_round1/SR_REG_reg[24]
u_aes_peripheral/u_aes_round1/SB_REG_reg[24]
u_aes_peripheral/u_aes_round1/MC_REG_reg[26]
u_aes_peripheral/u_aes_round1/MC_REG_reg[2]
u_aes_peripheral/u_aes_round1/SR_REG_reg[25]
u_aes_peripheral/u_aes_round1/MC_REG_reg[10]
u_aes_peripheral/u_aes_round1/MC_REG_reg[18]
u_aes_peripheral/u_aes_round1/SR_REG_reg[26]
u_aes_peripheral/u_aes_round1/MC_REG_reg[11]
u_aes_peripheral/u_aes_round1/MC_REG_reg[19]
u_aes_peripheral/u_aes_round1/SR_REG_reg[27]
u_aes_peripheral/u_aes_round1/MC_REG_reg[12]
u_aes_peripheral/u_aes_round1/MC_REG_reg[20]
u_aes_peripheral/u_aes_round1/MC_REG_reg[29]
u_aes_peripheral/u_aes_round1/MC_REG_reg[5]
u_aes_peripheral/u_aes_round1/SR_REG_reg[28]
u_aes_peripheral/u_aes_round1/MC_REG_reg[13]
u_aes_peripheral/u_aes_round1/MC_REG_reg[21]
u_aes_peripheral/u_aes_round1/MC_REG_reg[30]
u_aes_peripheral/u_aes_round1/MC_REG_reg[6]
u_aes_peripheral/u_aes_round1/SR_REG_reg[29]
u_aes_peripheral/u_aes_round1/MC_REG_reg[14]
u_aes_peripheral/u_aes_round1/MC_REG_reg[22]
u_aes_peripheral/u_aes_round1/MC_REG_reg[31]
u_aes_peripheral/u_aes_round1/MC_REG_reg[7]
u_aes_peripheral/u_aes_round1/SR_REG_reg[30]
u_aes_peripheral/u_aes_round1/MC_REG_reg[23]
u_aes_peripheral/u_aes_round1/SR_REG_reg[31]
u_aes_peripheral/u_aes_round1/SB_REG_reg[31]
u_aes_peripheral/u_aes_round1/SB_REG_reg[32]
u_aes_peripheral/u_aes_round1/SR_REG_reg[3]
u_aes_peripheral/u_aes_round1/SR_REG_reg[5]
u_aes_peripheral/u_aes_round1/SR_REG_reg[6]
u_aes_peripheral/u_aes_round1/SB_REG_reg[39]
u_aes_peripheral/u_aes_round1/SR_REG_reg[104]
u_aes_peripheral/u_aes_round1/SB_REG_reg[40]
u_aes_peripheral/u_aes_round1/SR_REG_reg[105]
u_aes_peripheral/u_aes_round1/SR_REG_reg[106]
u_aes_peripheral/u_aes_round1/SR_REG_reg[107]
u_aes_peripheral/u_aes_round1/SR_REG_reg[108]
u_aes_peripheral/u_aes_round1/SR_REG_reg[109]
u_aes_peripheral/u_aes_round1/SR_REG_reg[110]
u_aes_peripheral/u_aes_round1/SB_REG_reg[47]
u_aes_peripheral/u_aes_round1/SR_REG_reg[80]
u_aes_peripheral/u_aes_round1/SR_REG_reg[81]
u_aes_peripheral/u_aes_round1/SR_REG_reg[82]
u_aes_peripheral/u_aes_round1/SR_REG_reg[83]
u_aes_peripheral/u_aes_round1/SR_REG_reg[84]
u_aes_peripheral/u_aes_round1/SR_REG_reg[85]
u_aes_peripheral/u_aes_round1/SR_REG_reg[86]
u_aes_peripheral/u_aes_round1/SR_REG_reg[56]
u_aes_peripheral/u_aes_round1/SR_REG_reg[57]
u_aes_peripheral/u_aes_round1/SR_REG_reg[58]
u_aes_peripheral/u_aes_round1/SR_REG_reg[59]
u_aes_peripheral/u_aes_round1/SR_REG_reg[61]
u_aes_peripheral/u_aes_round1/SR_REG_reg[62]
u_aes_peripheral/u_aes_round1/SR_REG_reg[63]
u_aes_peripheral/u_aes_round1/SR_REG_reg[32]
u_aes_peripheral/u_aes_round1/SR_REG_reg[33]
u_aes_peripheral/u_aes_round1/SR_REG_reg[34]
u_aes_peripheral/u_aes_round1/SB_REG_reg[67]
u_aes_peripheral/u_aes_round1/SR_REG_reg[36]
u_aes_peripheral/u_aes_round1/SB_REG_reg[68]
u_aes_peripheral/u_aes_round1/SR_REG_reg[37]
u_aes_peripheral/u_aes_round1/SR_REG_reg[38]
u_aes_peripheral/u_aes_round1/SR_REG_reg[39]
u_aes_peripheral/u_aes_round1/SR_REG_reg[8]
u_aes_peripheral/u_aes_round1/SB_REG_reg[72]
u_aes_peripheral/u_aes_round1/SR_REG_reg[9]
u_aes_peripheral/u_aes_round1/SR_REG_reg[10]
u_aes_peripheral/u_aes_round1/SB_REG_reg[75]
u_aes_peripheral/u_aes_round1/SB_REG_reg[76]
u_aes_peripheral/u_aes_round1/SR_REG_reg[13]
u_aes_peripheral/u_aes_round1/SR_REG_reg[14]
u_aes_peripheral/u_aes_round1/SR_REG_reg[15]
u_aes_peripheral/u_aes_round1/SB_REG_reg[79]
u_aes_peripheral/u_aes_round1/SR_REG_reg[112]
u_aes_peripheral/u_aes_round1/SR_REG_reg[113]
u_aes_peripheral/u_aes_round1/SR_REG_reg[114]
u_aes_peripheral/u_aes_round1/SR_REG_reg[115]
u_aes_peripheral/u_aes_round1/SR_REG_reg[116]
u_aes_peripheral/u_aes_round1/SR_REG_reg[117]
u_aes_peripheral/u_aes_round1/SR_REG_reg[118]
u_aes_peripheral/u_aes_round1/SB_REG_reg[87]
u_aes_peripheral/u_aes_round1/SR_REG_reg[88]
u_aes_peripheral/u_aes_round1/SR_REG_reg[89]
u_aes_peripheral/u_aes_round1/SR_REG_reg[90]
u_aes_peripheral/u_aes_round1/SR_REG_reg[91]
u_aes_peripheral/u_aes_round1/SR_REG_reg[92]
u_aes_peripheral/u_aes_round1/SR_REG_reg[93]
u_aes_peripheral/u_aes_round1/SR_REG_reg[94]
u_aes_peripheral/u_aes_round1/SR_REG_reg[95]
u_aes_peripheral/u_aes_round1/SR_REG_reg[64]
u_aes_peripheral/u_aes_round1/SR_REG_reg[65]
u_aes_peripheral/u_aes_round1/SR_REG_reg[66]
u_aes_peripheral/u_aes_round1/SR_REG_reg[68]
u_aes_peripheral/u_aes_round1/SR_REG_reg[69]
u_aes_peripheral/u_aes_round1/SR_REG_reg[70]
u_aes_peripheral/u_aes_round1/SR_REG_reg[71]
u_aes_peripheral/u_aes_round1/SR_REG_reg[40]
u_aes_peripheral/u_aes_round1/SR_REG_reg[41]
u_aes_peripheral/u_aes_round1/SR_REG_reg[42]
u_aes_peripheral/u_aes_round1/SB_REG_reg[107]
u_aes_peripheral/u_aes_round1/SR_REG_reg[44]
u_aes_peripheral/u_aes_round1/SR_REG_reg[45]
u_aes_peripheral/u_aes_round1/SR_REG_reg[46]
u_aes_peripheral/u_aes_round1/SR_REG_reg[47]
u_aes_peripheral/u_aes_round1/SB_REG_reg[112]
u_aes_peripheral/u_aes_round1/SR_REG_reg[17]
u_aes_peripheral/u_aes_round1/SR_REG_reg[18]
u_aes_peripheral/u_aes_round1/SB_REG_reg[115]
u_aes_peripheral/u_aes_round1/SR_REG_reg[20]
u_aes_peripheral/u_aes_round1/SR_REG_reg[21]
u_aes_peripheral/u_aes_round1/SR_REG_reg[22]
u_aes_peripheral/u_aes_round1/SR_REG_reg[23]
u_aes_peripheral/u_aes_round1/SB_REG_reg[119]
u_aes_peripheral/u_aes_round1/SR_REG_reg[120]
u_aes_peripheral/u_aes_round1/SR_REG_reg[121]
u_aes_peripheral/u_aes_round1/SR_REG_reg[122]
u_aes_peripheral/u_aes_round1/SR_REG_reg[123]
u_aes_peripheral/u_aes_round1/SR_REG_reg[124]
u_aes_peripheral/u_aes_round1/SR_REG_reg[125]
u_aes_peripheral/u_aes_round1/SR_REG_reg[126]
u_aes_peripheral/u_aes_round1/SR_REG_reg[127]
u_aes_peripheral/u_aes_round1/IARK_REG_reg[0]
u_aes_peripheral/u_aes_round1/IARK_REG_reg[1]
u_aes_peripheral/u_aes_round1/IARK_REG_reg[2]
u_aes_peripheral/u_aes_round1/IARK_REG_reg[3]
u_aes_peripheral/u_aes_round1/IARK_REG_reg[4]
u_aes_peripheral/u_aes_round1/IARK_REG_reg[8]
u_aes_peripheral/u_aes_round1/IARK_REG_reg[9]
u_aes_peripheral/u_aes_round1/IARK_REG_reg[10]
u_aes_peripheral/u_aes_round1/IARK_REG_reg[11]
u_aes_peripheral/u_aes_round1/IARK_REG_reg[12]
u_aes_peripheral/u_aes_round1/IARK_REG_reg[13]
u_aes_peripheral/u_aes_round1/IARK_REG_reg[14]
u_aes_peripheral/u_aes_round1/IARK_REG_reg[15]
u_aes_peripheral/u_aes_round1/IARK_REG_reg[16]
u_aes_peripheral/u_aes_round1/IARK_REG_reg[17]
u_aes_peripheral/u_aes_round1/IARK_REG_reg[18]
u_aes_peripheral/u_aes_round1/IARK_REG_reg[19]
u_aes_peripheral/u_aes_round1/IARK_REG_reg[20]
u_aes_peripheral/u_aes_round1/IARK_REG_reg[21]
u_aes_peripheral/u_aes_round1/IARK_REG_reg[22]
u_aes_peripheral/u_aes_round1/IARK_REG_reg[23]
u_aes_peripheral/u_aes_round1/IARK_REG_reg[24]
u_aes_peripheral/u_aes_round1/IARK_REG_reg[25]
u_aes_peripheral/u_aes_round1/IARK_REG_reg[26]
u_aes_peripheral/u_aes_round1/IARK_REG_reg[27]
u_aes_peripheral/u_aes_round1/IARK_REG_reg[28]
u_aes_peripheral/u_aes_round1/IARK_REG_reg[29]
u_aes_peripheral/u_aes_round1/IARK_REG_reg[30]
u_aes_peripheral/u_aes_round1/IARK_REG_reg[31]
u_aes_peripheral/u_aes_round1/IARK_REG_reg[32]
u_aes_peripheral/u_aes_round1/IARK_REG_reg[33]
u_aes_peripheral/u_aes_round1/IARK_REG_reg[34]
u_aes_peripheral/u_aes_round1/IARK_REG_reg[35]
u_aes_peripheral/u_aes_round1/IARK_REG_reg[36]
u_aes_peripheral/u_aes_round1/IARK_REG_reg[37]
u_aes_peripheral/u_aes_round1/IARK_REG_reg[38]
u_aes_peripheral/u_aes_round1/IARK_REG_reg[39]
u_aes_peripheral/u_aes_round1/IARK_REG_reg[40]
u_aes_peripheral/u_aes_round1/IARK_REG_reg[41]
u_aes_peripheral/u_aes_round1/IARK_REG_reg[42]
u_aes_peripheral/u_aes_round1/IARK_REG_reg[43]
u_aes_peripheral/u_aes_round1/IARK_REG_reg[44]
u_aes_peripheral/u_aes_round1/IARK_REG_reg[45]
u_aes_peripheral/u_aes_round1/IARK_REG_reg[46]
u_aes_peripheral/u_aes_round1/IARK_REG_reg[47]
u_aes_peripheral/u_aes_round1/IARK_REG_reg[48]
u_aes_peripheral/u_aes_round1/IARK_REG_reg[49]
u_aes_peripheral/u_aes_round1/IARK_REG_reg[50]
u_aes_peripheral/u_aes_round1/IARK_REG_reg[51]
u_aes_peripheral/u_aes_round1/IARK_REG_reg[52]
u_aes_peripheral/u_aes_round1/IARK_REG_reg[53]
u_aes_peripheral/u_aes_round1/IARK_REG_reg[54]
u_aes_peripheral/u_aes_round1/IARK_REG_reg[55]
u_aes_peripheral/u_aes_round1/IARK_REG_reg[56]
u_aes_peripheral/u_aes_round1/IARK_REG_reg[57]
u_aes_peripheral/u_aes_round1/IARK_REG_reg[58]
u_aes_peripheral/u_aes_round1/IARK_REG_reg[59]
u_aes_peripheral/u_aes_round1/IARK_REG_reg[60]
u_aes_peripheral/u_aes_round1/IARK_REG_reg[61]
u_aes_peripheral/u_aes_round1/IARK_REG_reg[62]
u_aes_peripheral/u_aes_round1/IARK_REG_reg[63]
u_aes_peripheral/u_aes_round1/IARK_REG_reg[64]
u_aes_peripheral/u_aes_round1/IARK_REG_reg[65]
u_aes_peripheral/u_aes_round1/IARK_REG_reg[66]
u_aes_peripheral/u_aes_round1/IARK_REG_reg[67]
u_aes_peripheral/u_aes_round1/IARK_REG_reg[68]
u_aes_peripheral/u_aes_round1/IARK_REG_reg[69]
u_aes_peripheral/u_aes_round1/IARK_REG_reg[70]
u_aes_peripheral/u_aes_round1/IARK_REG_reg[71]
u_aes_peripheral/u_aes_round1/IARK_REG_reg[72]
u_aes_peripheral/u_aes_round1/IARK_REG_reg[73]
u_aes_peripheral/u_aes_round1/IARK_REG_reg[74]
u_aes_peripheral/u_aes_round1/IARK_REG_reg[75]
u_aes_peripheral/u_aes_round1/IARK_REG_reg[76]
u_aes_peripheral/u_aes_round1/IARK_REG_reg[77]
u_aes_peripheral/u_aes_round1/IARK_REG_reg[78]
u_aes_peripheral/u_aes_round1/IARK_REG_reg[79]
u_aes_peripheral/u_aes_round1/IARK_REG_reg[80]
u_aes_peripheral/u_aes_round1/IARK_REG_reg[81]
u_aes_peripheral/u_aes_round1/IARK_REG_reg[82]
u_aes_peripheral/u_aes_round1/IARK_REG_reg[83]
u_aes_peripheral/u_aes_round1/IARK_REG_reg[84]
u_aes_peripheral/u_aes_round1/IARK_REG_reg[85]
u_aes_peripheral/u_aes_round1/IARK_REG_reg[86]
u_aes_peripheral/u_aes_round1/IARK_REG_reg[87]
u_aes_peripheral/u_aes_round1/IARK_REG_reg[88]
u_aes_peripheral/u_aes_round1/IARK_REG_reg[89]
u_aes_peripheral/u_aes_round1/IARK_REG_reg[90]
u_aes_peripheral/u_aes_round1/IARK_REG_reg[91]
u_aes_peripheral/u_aes_round1/IARK_REG_reg[92]
u_aes_peripheral/u_aes_round1/IARK_REG_reg[93]
u_aes_peripheral/u_aes_round1/IARK_REG_reg[94]
u_aes_peripheral/u_aes_round1/IARK_REG_reg[95]
u_aes_peripheral/u_aes_round1/IARK_REG_reg[96]
u_aes_peripheral/u_aes_round1/IARK_REG_reg[97]
u_aes_peripheral/u_aes_round1/IARK_REG_reg[98]
u_aes_peripheral/u_aes_round1/IARK_REG_reg[99]
u_aes_peripheral/u_aes_round1/IARK_REG_reg[100]
u_aes_peripheral/u_aes_round1/IARK_REG_reg[101]
u_aes_peripheral/u_aes_round1/IARK_REG_reg[104]
u_aes_peripheral/u_aes_round1/IARK_REG_reg[105]
u_aes_peripheral/u_aes_round1/IARK_REG_reg[106]
u_aes_peripheral/u_aes_round1/IARK_REG_reg[107]
u_aes_peripheral/u_aes_round1/IARK_REG_reg[108]
u_aes_peripheral/u_aes_round1/IARK_REG_reg[109]
u_aes_peripheral/u_aes_round1/IARK_REG_reg[112]
u_aes_peripheral/u_aes_round1/IARK_REG_reg[113]
u_aes_peripheral/u_aes_round1/IARK_REG_reg[114]
u_aes_peripheral/u_aes_round1/IARK_REG_reg[115]
u_aes_peripheral/u_aes_round1/IARK_REG_reg[116]
u_aes_peripheral/u_aes_round1/IARK_REG_reg[117]
u_aes_peripheral/u_aes_round1/IARK_REG_reg[118]
u_aes_peripheral/u_aes_round1/IARK_REG_reg[119]
u_aes_peripheral/u_aes_round1/IARK_REG_reg[120]
u_aes_peripheral/u_aes_round1/IARK_REG_reg[121]
u_aes_peripheral/u_aes_round1/IARK_REG_reg[122]
u_aes_peripheral/u_aes_round1/IARK_REG_reg[123]
u_aes_peripheral/u_aes_round1/IARK_REG_reg[124]
u_aes_peripheral/u_aes_round1/IARK_REG_reg[125]
u_aes_peripheral/u_aes_round1/done_reg_reg
u_aes_peripheral/u_aes_round1/valid_sr_reg
u_mor1kx/mor1kx_cpu/cappuccino.mor1kx_cpu/mor1kx_execute_ctrl_cappuccino/ctrl_alu_result_o_reg[0]
u_aes_peripheral/u_aes_round1/valid_sb_reg
u_aes_peripheral/u_aes_round1/MC_REG_reg[87]
u_aes_peripheral/u_aes_round1/MC_REG_reg[84]
u_aes_peripheral/u_aes_round1/MC_REG_reg[72]
u_aes_peripheral/u_aes_round1/MC_REG_reg[71]
u_aes_peripheral/u_aes_round1/MC_REG_reg[92]
u_aes_peripheral/u_aes_round1/MC_REG_reg[91]
u_aes_peripheral/u_aes_round1/MC_REG_reg[88]
u_aes_peripheral/u_aes_round1/MC_REG_reg[40]
u_aes_peripheral/u_aes_round1/MC_REG_reg[16]
u_aes_peripheral/u_aes_round1/MC_REG_reg[119]
u_aes_peripheral/u_aes_round1/MC_REG_reg[83]
u_aes_peripheral/u_aes_round1/MC_REG_reg[113]
u_aes_peripheral/u_aes_round1/MC_REG_reg[52]
u_aes_peripheral/u_aes_round1/MC_REG_reg[28]
u_aes_peripheral/u_aes_round1/MC_REG_reg[124]
u_aes_peripheral/u_aes_round1/MC_REG_reg[120]
u_aes_peripheral/u_aes_round1/MC_REG_reg[15]
u_aes_peripheral/u_aes_round1/MC_REG_reg[4]
u_aes_peripheral/u_aes_round1/MC_REG_reg[3]
u_aes_peripheral/u_aes_round1/MC_REG_reg[0]
u_aes_peripheral/u_aes_round1/valid_iark_reg
u_aes_peripheral/u_aes_round1/MC_REG_reg[17]
u_aes_peripheral/plaintext_reg_reg[99]
u_aes_peripheral/plaintext_reg_reg[98]
u_aes_peripheral/plaintext_reg_reg[97]
u_aes_peripheral/plaintext_reg_reg[96]
u_aes_peripheral/key_reg_reg[99]
u_aes_peripheral/key_reg_reg[98]
u_aes_peripheral/key_reg_reg[97]
u_aes_peripheral/key_reg_reg[96]
u_aes_peripheral/u_aes_round1/MC_REG_reg[25]
u_aes_peripheral/u_aes_round1/MC_REG_reg[24]
u_aes_peripheral/u_aes_round1/MC_REG_reg[27]
u_aes_peripheral/u_aes_round1/MC_REG_reg[9]
u_aes_peripheral/u_aes_round1/MC_REG_reg[51]
u_aes_peripheral/u_aes_round1/MC_REG_reg[8]
u_aes_peripheral/u_aes_round1/MC_REG_reg[1]
u_aes_peripheral/plaintext_reg_reg[67]
u_aes_peripheral/plaintext_reg_reg[66]
u_aes_peripheral/plaintext_reg_reg[65]
u_aes_peripheral/plaintext_reg_reg[64]
u_aes_peripheral/plaintext_reg_reg[35]
u_aes_peripheral/plaintext_reg_reg[34]
u_aes_peripheral/plaintext_reg_reg[33]
u_aes_peripheral/plaintext_reg_reg[32]
u_aes_peripheral/plaintext_reg_reg[3]
u_aes_peripheral/plaintext_reg_reg[2]
u_aes_peripheral/plaintext_reg_reg[1]
u_aes_peripheral/plaintext_reg_reg[0]
u_aes_peripheral/key_reg_reg[67]
u_aes_peripheral/key_reg_reg[66]
u_aes_peripheral/key_reg_reg[65]
u_aes_peripheral/key_reg_reg[64]
u_aes_peripheral/key_reg_reg[35]
u_aes_peripheral/key_reg_reg[34]
u_aes_peripheral/key_reg_reg[33]
u_aes_peripheral/key_reg_reg[32]
u_aes_peripheral/key_reg_reg[3]
u_aes_peripheral/key_reg_reg[2]
u_aes_peripheral/key_reg_reg[1]
u_aes_peripheral/key_reg_reg[0]
u_aes_peripheral/u_aes_round1/IARK_REG_reg[127]
u_aes_peripheral/u_aes_round1/IARK_REG_reg[126]
u_aes_peripheral/plaintext_reg_reg[127]
u_aes_peripheral/plaintext_reg_reg[126]
u_aes_peripheral/plaintext_reg_reg[125]
u_aes_peripheral/plaintext_reg_reg[124]
u_aes_peripheral/plaintext_reg_reg[123]
u_aes_peripheral/plaintext_reg_reg[122]
u_aes_peripheral/plaintext_reg_reg[121]
u_aes_peripheral/plaintext_reg_reg[120]
u_aes_peripheral/plaintext_reg_reg[119]
u_aes_peripheral/plaintext_reg_reg[118]
u_aes_peripheral/plaintext_reg_reg[117]
u_aes_peripheral/plaintext_reg_reg[116]
u_aes_peripheral/plaintext_reg_reg[115]
u_aes_peripheral/plaintext_reg_reg[114]
u_aes_peripheral/plaintext_reg_reg[113]
u_aes_peripheral/plaintext_reg_reg[112]
u_aes_peripheral/plaintext_reg_reg[111]
u_aes_peripheral/plaintext_reg_reg[110]
u_aes_peripheral/plaintext_reg_reg[109]
u_aes_peripheral/plaintext_reg_reg[108]
u_aes_peripheral/plaintext_reg_reg[107]
u_aes_peripheral/plaintext_reg_reg[106]
u_aes_peripheral/plaintext_reg_reg[105]
u_aes_peripheral/plaintext_reg_reg[104]
u_aes_peripheral/plaintext_reg_reg[103]
u_aes_peripheral/plaintext_reg_reg[102]
u_aes_peripheral/plaintext_reg_reg[101]
u_aes_peripheral/plaintext_reg_reg[100]
u_aes_peripheral/key_reg_reg[127]
u_aes_peripheral/key_reg_reg[126]
u_aes_peripheral/key_reg_reg[125]
u_aes_peripheral/key_reg_reg[124]
u_aes_peripheral/key_reg_reg[123]
u_aes_peripheral/key_reg_reg[122]
u_aes_peripheral/key_reg_reg[121]
u_aes_peripheral/key_reg_reg[120]
u_aes_peripheral/key_reg_reg[119]
u_aes_peripheral/key_reg_reg[118]
u_aes_peripheral/key_reg_reg[117]
u_aes_peripheral/key_reg_reg[116]
u_aes_peripheral/key_reg_reg[115]
u_aes_peripheral/key_reg_reg[114]
u_aes_peripheral/key_reg_reg[113]
u_aes_peripheral/key_reg_reg[112]
u_aes_peripheral/key_reg_reg[111]
u_aes_peripheral/key_reg_reg[110]
u_aes_peripheral/key_reg_reg[109]
u_aes_peripheral/key_reg_reg[108]
u_aes_peripheral/key_reg_reg[107]
u_aes_peripheral/key_reg_reg[106]
u_aes_peripheral/key_reg_reg[105]
u_aes_peripheral/key_reg_reg[104]
u_aes_peripheral/key_reg_reg[103]
u_aes_peripheral/key_reg_reg[102]
u_aes_peripheral/key_reg_reg[101]
u_aes_peripheral/key_reg_reg[100]
u_aes_peripheral/u_aes_round1/IARK_REG_reg[111]
u_aes_peripheral/u_aes_round1/IARK_REG_reg[110]
u_aes_peripheral/u_aes_round1/IARK_REG_reg[103]
u_aes_peripheral/u_aes_round1/IARK_REG_reg[102]
u_aes_peripheral/u_aes_round1/IARK_REG_reg[7]
u_aes_peripheral/u_aes_round1/IARK_REG_reg[6]
u_aes_peripheral/u_aes_round1/IARK_REG_reg[5]
u_aes_peripheral/plaintext_reg_reg[95]
u_aes_peripheral/plaintext_reg_reg[94]
u_aes_peripheral/u_aes_round1/SR_REG_reg[67]
u_aes_peripheral/u_aes_round1/SR_REG_reg[60]
u_aes_peripheral/u_aes_round1/SR_REG_reg[4]
u_aes_peripheral/u_aes_round1/SR_REG_reg[111]
u_aes_peripheral/u_aes_round1/SR_REG_reg[119]
u_aes_peripheral/u_aes_round1/SR_REG_reg[11]
u_aes_peripheral/u_aes_round1/SR_REG_reg[35]
u_aes_peripheral/u_aes_round1/SR_REG_reg[0]
u_mor1kx/mor1kx_cpu/cappuccino.mor1kx_cpu/mor1kx_lsu_cappuccino/dbus_we_reg
u_mor1kx/mor1kx_cpu/cappuccino.mor1kx_cpu/mor1kx_lsu_cappuccino/genblk2.store_buffer_full_r_reg
u_mor1kx/mor1kx_cpu/cappuccino.mor1kx_cpu/mor1kx_decode_execute_cappuccino/pc_execute_o_reg[9]
u_mor1kx/mor1kx_cpu/cappuccino.mor1kx_cpu/mor1kx_decode_execute_cappuccino/pc_execute_o_reg[7]
u_mor1kx/mor1kx_cpu/cappuccino.mor1kx_cpu/mor1kx_decode_execute_cappuccino/pc_execute_o_reg[6]
u_mor1kx/mor1kx_cpu/cappuccino.mor1kx_cpu/mor1kx_decode_execute_cappuccino/pc_execute_o_reg[5]
u_mor1kx/mor1kx_cpu/cappuccino.mor1kx_cpu/mor1kx_decode_execute_cappuccino/pc_execute_o_reg[4]
u_mor1kx/mor1kx_cpu/cappuccino.mor1kx_cpu/mor1kx_decode_execute_cappuccino/pc_execute_o_reg[3]
u_mor1kx/mor1kx_cpu/cappuccino.mor1kx_cpu/mor1kx_decode_execute_cappuccino/pc_execute_o_reg[2]
u_mor1kx/mor1kx_cpu/cappuccino.mor1kx_cpu/mor1kx_decode_execute_cappuccino/pc_execute_o_reg[31]
u_mor1kx/mor1kx_cpu/cappuccino.mor1kx_cpu/mor1kx_decode_execute_cappuccino/pc_execute_o_reg[30]
u_mor1kx/mor1kx_cpu/cappuccino.mor1kx_cpu/mor1kx_decode_execute_cappuccino/pc_execute_o_reg[29]
u_mor1kx/mor1kx_cpu/cappuccino.mor1kx_cpu/mor1kx_decode_execute_cappuccino/pc_execute_o_reg[28]
u_mor1kx/mor1kx_cpu/cappuccino.mor1kx_cpu/mor1kx_decode_execute_cappuccino/pc_execute_o_reg[27]
u_mor1kx/mor1kx_cpu/cappuccino.mor1kx_cpu/mor1kx_decode_execute_cappuccino/pc_execute_o_reg[26]
u_mor1kx/mor1kx_cpu/cappuccino.mor1kx_cpu/mor1kx_decode_execute_cappuccino/pc_execute_o_reg[25]
u_mor1kx/mor1kx_cpu/cappuccino.mor1kx_cpu/mor1kx_decode_execute_cappuccino/pc_execute_o_reg[24]
u_mor1kx/mor1kx_cpu/cappuccino.mor1kx_cpu/mor1kx_decode_execute_cappuccino/pc_execute_o_reg[23]
u_mor1kx/bus_gen.ibus_bridge/b3_read_bursting.finish_burst_r_reg
u_mor1kx/mor1kx_cpu/cappuccino.mor1kx_cpu/mor1kx_decode_execute_cappuccino/execute_op_rfe_o_reg
u_mor1kx/mor1kx_cpu/cappuccino.mor1kx_cpu/mor1kx_decode_execute_cappuccino/pc_execute_o_reg[22]
u_mor1kx/mor1kx_cpu/cappuccino.mor1kx_cpu/mor1kx_decode_execute_cappuccino/pc_execute_o_reg[21]
u_mor1kx/mor1kx_cpu/cappuccino.mor1kx_cpu/mor1kx_decode_execute_cappuccino/pc_execute_o_reg[20]
u_mor1kx/mor1kx_cpu/cappuccino.mor1kx_cpu/mor1kx_decode_execute_cappuccino/pc_execute_o_reg[19]
u_mor1kx/mor1kx_cpu/cappuccino.mor1kx_cpu/mor1kx_decode_execute_cappuccino/pc_execute_o_reg[18]
u_mor1kx/mor1kx_cpu/cappuccino.mor1kx_cpu/mor1kx_decode_execute_cappuccino/pc_execute_o_reg[17]
u_mor1kx/mor1kx_cpu/cappuccino.mor1kx_cpu/mor1kx_decode_execute_cappuccino/pc_execute_o_reg[16]
u_mor1kx/mor1kx_cpu/cappuccino.mor1kx_cpu/mor1kx_decode_execute_cappuccino/pc_execute_o_reg[15]
u_mor1kx/mor1kx_cpu/cappuccino.mor1kx_cpu/mor1kx_decode_execute_cappuccino/pc_execute_o_reg[14]
u_mor1kx/mor1kx_cpu/cappuccino.mor1kx_cpu/mor1kx_decode_execute_cappuccino/pc_execute_o_reg[13]
u_mor1kx/mor1kx_cpu/cappuccino.mor1kx_cpu/mor1kx_decode_execute_cappuccino/pc_execute_o_reg[12]
u_mor1kx/mor1kx_cpu/cappuccino.mor1kx_cpu/mor1kx_decode_execute_cappuccino/pc_execute_o_reg[11]
u_mor1kx/mor1kx_cpu/cappuccino.mor1kx_cpu/mor1kx_decode_execute_cappuccino/pc_execute_o_reg[10]
u_mor1kx/mor1kx_cpu/cappuccino.mor1kx_cpu/mor1kx_decode_execute_cappuccino/pc_execute_o_reg[8]
u_mor1kx/mor1kx_cpu/cappuccino.mor1kx_cpu/mor1kx_decode_execute_cappuccino/execute_opc_alu_secondary_o_reg[3]
u_mor1kx/mor1kx_cpu/cappuccino.mor1kx_cpu/mor1kx_decode_execute_cappuccino/execute_lsu_zext_o_reg
u_mor1kx/mor1kx_cpu/cappuccino.mor1kx_cpu/mor1kx_decode_execute_cappuccino/execute_lsu_length_o_reg[1]
u_mor1kx/mor1kx_cpu/cappuccino.mor1kx_cpu/mor1kx_decode_execute_cappuccino/execute_lsu_length_o_reg[0]
u_mor1kx/mor1kx_cpu/cappuccino.mor1kx_cpu/mor1kx_fetch_cappuccino/fetch_valid_o_reg
u_mor1kx/mor1kx_cpu/cappuccino.mor1kx_cpu/mor1kx_decode_execute_cappuccino/execute_immediate_o_reg[23]
u_mor1kx/mor1kx_cpu/cappuccino.mor1kx_cpu/mor1kx_decode_execute_cappuccino/execute_immediate_o_reg[22]
u_mor1kx/mor1kx_cpu/cappuccino.mor1kx_cpu/mor1kx_decode_execute_cappuccino/execute_immediate_o_reg[21]
u_mor1kx/mor1kx_cpu/cappuccino.mor1kx_cpu/mor1kx_decode_execute_cappuccino/execute_immediate_o_reg[20]
u_mor1kx/mor1kx_cpu/cappuccino.mor1kx_cpu/mor1kx_decode_execute_cappuccino/execute_immediate_o_reg[19]
u_mor1kx/mor1kx_cpu/cappuccino.mor1kx_cpu/mor1kx_decode_execute_cappuccino/execute_immediate_o_reg[18]
u_mor1kx/mor1kx_cpu/cappuccino.mor1kx_cpu/mor1kx_decode_execute_cappuccino/execute_immediate_o_reg[17]
u_mor1kx/mor1kx_cpu/cappuccino.mor1kx_cpu/mor1kx_decode_execute_cappuccino/execute_immediate_o_reg[16]
u_mor1kx/mor1kx_cpu/cappuccino.mor1kx_cpu/mor1kx_decode_execute_cappuccino/execute_immediate_o_reg[14]
u_mor1kx/mor1kx_cpu/cappuccino.mor1kx_cpu/mor1kx_decode_execute_cappuccino/execute_immediate_o_reg[12]
u_mor1kx/mor1kx_cpu/cappuccino.mor1kx_cpu/mor1kx_decode_execute_cappuccino/execute_immediate_o_reg[10]
u_mor1kx/mor1kx_cpu/cappuccino.mor1kx_cpu/mor1kx_decode_execute_cappuccino/execute_immediate_o_reg[8]
u_mor1kx/mor1kx_cpu/cappuccino.mor1kx_cpu/mor1kx_decode_execute_cappuccino/execute_immediate_o_reg[4]
u_mor1kx/mor1kx_cpu/cappuccino.mor1kx_cpu/mor1kx_decode_execute_cappuccino/execute_immediate_o_reg[2]
u_mor1kx/mor1kx_cpu/cappuccino.mor1kx_cpu/mor1kx_decode_execute_cappuccino/execute_immediate_o_reg[0]
u_mor1kx/mor1kx_cpu/cappuccino.mor1kx_cpu/mor1kx_decode_execute_cappuccino/execute_immediate_o_reg[15]
u_mor1kx/mor1kx_cpu/cappuccino.mor1kx_cpu/mor1kx_decode_execute_cappuccino/execute_immediate_o_reg[13]
u_mor1kx/mor1kx_cpu/cappuccino.mor1kx_cpu/mor1kx_decode_execute_cappuccino/execute_immediate_o_reg[7]
u_mor1kx/mor1kx_cpu/cappuccino.mor1kx_cpu/mor1kx_decode_execute_cappuccino/execute_immediate_o_reg[5]
u_mor1kx/mor1kx_cpu/cappuccino.mor1kx_cpu/mor1kx_decode_execute_cappuccino/execute_immediate_o_reg[3]
u_mor1kx/mor1kx_cpu/cappuccino.mor1kx_cpu/mor1kx_decode_execute_cappuccino/execute_immediate_o_reg[1]
u_mor1kx/mor1kx_cpu/cappuccino.mor1kx_cpu/mor1kx_decode_execute_cappuccino/execute_immediate_o_reg[31]
u_mor1kx/mor1kx_cpu/cappuccino.mor1kx_cpu/mor1kx_decode_execute_cappuccino/execute_immediate_o_reg[30]
u_mor1kx/mor1kx_cpu/cappuccino.mor1kx_cpu/mor1kx_decode_execute_cappuccino/execute_immediate_o_reg[29]
u_mor1kx/mor1kx_cpu/cappuccino.mor1kx_cpu/mor1kx_decode_execute_cappuccino/execute_immediate_o_reg[28]
u_mor1kx/mor1kx_cpu/cappuccino.mor1kx_cpu/mor1kx_decode_execute_cappuccino/execute_immediate_o_reg[27]
u_mor1kx/mor1kx_cpu/cappuccino.mor1kx_cpu/mor1kx_decode_execute_cappuccino/execute_immediate_o_reg[26]
u_mor1kx/mor1kx_cpu/cappuccino.mor1kx_cpu/mor1kx_decode_execute_cappuccino/execute_immediate_o_reg[25]
u_mor1kx/mor1kx_cpu/cappuccino.mor1kx_cpu/mor1kx_decode_execute_cappuccino/execute_immediate_o_reg[24]
u_mor1kx/mor1kx_cpu/cappuccino.mor1kx_cpu/mor1kx_decode_execute_cappuccino/execute_immediate_o_reg[11]
u_mor1kx/mor1kx_cpu/cappuccino.mor1kx_cpu/mor1kx_rf_cappuccino/wb_to_decode_result_a_reg[9]
u_mor1kx/mor1kx_cpu/cappuccino.mor1kx_cpu/mor1kx_rf_cappuccino/wb_to_decode_result_a_reg[8]
u_mor1kx/mor1kx_cpu/cappuccino.mor1kx_cpu/mor1kx_rf_cappuccino/wb_to_decode_result_a_reg[7]
u_mor1kx/mor1kx_cpu/cappuccino.mor1kx_cpu/mor1kx_rf_cappuccino/wb_to_decode_result_a_reg[6]
u_mor1kx/mor1kx_cpu/cappuccino.mor1kx_cpu/mor1kx_rf_cappuccino/wb_to_decode_result_a_reg[5]
u_mor1kx/mor1kx_cpu/cappuccino.mor1kx_cpu/mor1kx_rf_cappuccino/wb_to_decode_result_a_reg[4]
u_mor1kx/mor1kx_cpu/cappuccino.mor1kx_cpu/mor1kx_lsu_cappuccino/dbus_req_o_reg
u_mor1kx/mor1kx_cpu/cappuccino.mor1kx_cpu/mor1kx_execute_ctrl_cappuccino/ctrl_lsu_adr_o_reg[4]
u_mor1kx/mor1kx_cpu/cappuccino.mor1kx_cpu/mor1kx_decode_execute_cappuccino/execute_rf_wb_o_reg
u_mor1kx/mor1kx_cpu/cappuccino.mor1kx_cpu/mor1kx_decode_execute_cappuccino/execute_op_msync_o_reg
u_mor1kx/mor1kx_cpu/cappuccino.mor1kx_cpu/mor1kx_decode_execute_cappuccino/execute_op_movhi_o_reg
u_mor1kx/mor1kx_cpu/cappuccino.mor1kx_cpu/mor1kx_decode_execute_cappuccino/execute_op_lsu_store_o_reg
u_mor1kx/mor1kx_cpu/cappuccino.mor1kx_cpu/mor1kx_decode_execute_cappuccino/execute_op_lsu_load_o_reg
u_mor1kx/mor1kx_cpu/cappuccino.mor1kx_cpu/mor1kx_decode_execute_cappuccino/execute_op_lsu_atomic_o_reg
u_mor1kx/mor1kx_cpu/cappuccino.mor1kx_cpu/mor1kx_decode_execute_cappuccino/execute_op_ffl1_o_reg
u_mor1kx/mor1kx_cpu/cappuccino.mor1kx_cpu/mor1kx_fetch_cappuccino/pc_decode_o_reg[31]
u_mor1kx/mor1kx_cpu/cappuccino.mor1kx_cpu/mor1kx_fetch_cappuccino/pc_decode_o_reg[30]
u_mor1kx/mor1kx_cpu/cappuccino.mor1kx_cpu/mor1kx_fetch_cappuccino/pc_decode_o_reg[29]
u_mor1kx/mor1kx_cpu/cappuccino.mor1kx_cpu/mor1kx_fetch_cappuccino/pc_decode_o_reg[28]
u_mor1kx/mor1kx_cpu/cappuccino.mor1kx_cpu/mor1kx_fetch_cappuccino/pc_decode_o_reg[27]
u_mor1kx/mor1kx_cpu/cappuccino.mor1kx_cpu/mor1kx_fetch_cappuccino/pc_decode_o_reg[26]
u_mor1kx/mor1kx_cpu/cappuccino.mor1kx_cpu/mor1kx_fetch_cappuccino/pc_decode_o_reg[25]
u_mor1kx/mor1kx_cpu/cappuccino.mor1kx_cpu/mor1kx_fetch_cappuccino/pc_decode_o_reg[24]
u_mor1kx/mor1kx_cpu/cappuccino.mor1kx_cpu/mor1kx_fetch_cappuccino/pc_decode_o_reg[23]
u_mor1kx/mor1kx_cpu/cappuccino.mor1kx_cpu/mor1kx_fetch_cappuccino/pc_decode_o_reg[22]
u_mor1kx/mor1kx_cpu/cappuccino.mor1kx_cpu/mor1kx_fetch_cappuccino/pc_decode_o_reg[21]
u_mor1kx/mor1kx_cpu/cappuccino.mor1kx_cpu/mor1kx_fetch_cappuccino/pc_decode_o_reg[20]
u_mor1kx/mor1kx_cpu/cappuccino.mor1kx_cpu/mor1kx_fetch_cappuccino/pc_decode_o_reg[19]
u_mor1kx/mor1kx_cpu/cappuccino.mor1kx_cpu/mor1kx_fetch_cappuccino/pc_decode_o_reg[18]
u_mor1kx/mor1kx_cpu/cappuccino.mor1kx_cpu/mor1kx_fetch_cappuccino/pc_decode_o_reg[17]
u_mor1kx/mor1kx_cpu/cappuccino.mor1kx_cpu/mor1kx_fetch_cappuccino/pc_decode_o_reg[16]
u_mor1kx/mor1kx_cpu/cappuccino.mor1kx_cpu/mor1kx_fetch_cappuccino/pc_decode_o_reg[15]
u_mor1kx/mor1kx_cpu/cappuccino.mor1kx_cpu/mor1kx_fetch_cappuccino/pc_decode_o_reg[14]
u_mor1kx/mor1kx_cpu/cappuccino.mor1kx_cpu/mor1kx_fetch_cappuccino/pc_decode_o_reg[13]
u_mor1kx/mor1kx_cpu/cappuccino.mor1kx_cpu/mor1kx_fetch_cappuccino/pc_decode_o_reg[12]
u_mor1kx/mor1kx_cpu/cappuccino.mor1kx_cpu/mor1kx_fetch_cappuccino/pc_decode_o_reg[11]
u_mor1kx/mor1kx_cpu/cappuccino.mor1kx_cpu/mor1kx_fetch_cappuccino/pc_decode_o_reg[10]
u_mor1kx/mor1kx_cpu/cappuccino.mor1kx_cpu/mor1kx_fetch_cappuccino/pc_decode_o_reg[9]
u_mor1kx/mor1kx_cpu/cappuccino.mor1kx_cpu/mor1kx_fetch_cappuccino/pc_decode_o_reg[8]
u_mor1kx/mor1kx_cpu/cappuccino.mor1kx_cpu/mor1kx_fetch_cappuccino/pc_decode_o_reg[7]
u_mor1kx/mor1kx_cpu/cappuccino.mor1kx_cpu/mor1kx_fetch_cappuccino/pc_decode_o_reg[6]
u_mor1kx/mor1kx_cpu/cappuccino.mor1kx_cpu/mor1kx_fetch_cappuccino/pc_decode_o_reg[5]
u_mor1kx/mor1kx_cpu/cappuccino.mor1kx_cpu/mor1kx_fetch_cappuccino/pc_decode_o_reg[4]
u_mor1kx/mor1kx_cpu/cappuccino.mor1kx_cpu/mor1kx_fetch_cappuccino/pc_decode_o_reg[3]
u_mor1kx/mor1kx_cpu/cappuccino.mor1kx_cpu/mor1kx_fetch_cappuccino/pc_decode_o_reg[2]
u_mor1kx/mor1kx_cpu/cappuccino.mor1kx_cpu/mor1kx_fetch_cappuccino/pc_decode_o_reg[1]
u_mor1kx/mor1kx_cpu/cappuccino.mor1kx_cpu/mor1kx_fetch_cappuccino/pc_decode_o_reg[0]
u_mor1kx/mor1kx_cpu/cappuccino.mor1kx_cpu/mor1kx_decode_execute_cappuccino/execute_op_shift_o_reg
u_mor1kx/mor1kx_cpu/cappuccino.mor1kx_cpu/mor1kx_decode_execute_cappuccino/execute_op_mul_unsigned_o_reg
u_mor1kx/mor1kx_cpu/cappuccino.mor1kx_cpu/mor1kx_decode_execute_cappuccino/execute_op_mul_o_reg
u_mor1kx/mor1kx_cpu/cappuccino.mor1kx_cpu/mor1kx_decode_execute_cappuccino/execute_op_jal_o_reg
u_mor1kx/mor1kx_cpu/cappuccino.mor1kx_cpu/mor1kx_decode_execute_cappuccino/execute_op_div_unsigned_o_reg
u_mor1kx/mor1kx_cpu/cappuccino.mor1kx_cpu/mor1kx_decode_execute_cappuccino/execute_op_div_o_reg
u_mor1kx/mor1kx_cpu/cappuccino.mor1kx_cpu/mor1kx_decode_execute_cappuccino/execute_op_branch_o_reg
u_mor1kx/mor1kx_cpu/cappuccino.mor1kx_cpu/mor1kx_decode_execute_cappuccino/execute_op_add_o_reg
u_mor1kx/mor1kx_cpu/cappuccino.mor1kx_cpu/mor1kx_fetch_cappuccino/state_reg[1]
u_mor1kx/mor1kx_cpu/cappuccino.mor1kx_cpu/mor1kx_rf_cappuccino/wb_to_decode_result_b_reg[3]
u_mor1kx/mor1kx_cpu/cappuccino.mor1kx_cpu/mor1kx_rf_cappuccino/wb_to_decode_result_b_reg[2]
u_mor1kx/mor1kx_cpu/cappuccino.mor1kx_cpu/mor1kx_rf_cappuccino/wb_to_decode_result_b_reg[0]
u_mor1kx/mor1kx_cpu/cappuccino.mor1kx_cpu/mor1kx_rf_cappuccino/wb_to_decode_result_a_reg[3]
u_mor1kx/mor1kx_cpu/cappuccino.mor1kx_cpu/mor1kx_rf_cappuccino/wb_to_decode_result_a_reg[2]
u_mor1kx/mor1kx_cpu/cappuccino.mor1kx_cpu/mor1kx_rf_cappuccino/wb_to_decode_result_a_reg[0]
u_mor1kx/mor1kx_cpu/cappuccino.mor1kx_cpu/mor1kx_ctrl_cappuccino/spr_epcr_reg[4]
u_mor1kx/mor1kx_cpu/cappuccino.mor1kx_cpu/mor1kx_ctrl_cappuccino/spr_epcr_reg[3]
