candidate_id,stage,bit_index,round,observation_mode,structural_k0_bit_count,structural_k0_bits_json,structural_k0_bytes_json,structural_plaintext_bit_count,structural_plaintext_bits_json,structural_plaintext_bytes_json,differential_equivalence_class,support_status
ARK_0,ARK,0,1,differential,32,"[0, 1, 2, 3, 4, 5, 6, 7, 40, 41, 42, 43, 44, 45, 46, 47, 80, 81, 82, 83, 84, 85, 86, 87, 120, 121, 122, 123, 124, 125, 126, 127]","[0, 5, 10, 15]",32,"[0, 1, 2, 3, 4, 5, 6, 7, 40, 41, 42, 43, 44, 45, 46, 47, 80, 81, 82, 83, 84, 85, 86, 87, 120, 121, 122, 123, 124, 125, 126, 127]","[0, 5, 10, 15]",DIFF_MC_ARK_0,structural_overapprox_mode_simplified
ARK_0,ARK,0,2,differential,128,"[0, 1, 2, 3, 4, 5, 6, 7, 8, 9, 10, 11, 12, 13, 14, 15, 16, 17, 18, 19, 20, 21, 22, 23, 24, 25, 26, 27, 28, 29, 30, 31, 32, 33, 34, 35, 36, 37, 38, 39, 40, 41, 42, 43, 44, 45, 46, 47, 48, 49, 50, 51, 52, 53, 54, 55, 56, 57, 58, 59, 60, 61, 62, 63, 64, 65, 66, 67, 68, 69, 70, 71, 72, 73, 74, 75, 76, 77, 78, 79, 80, 81, 82, 83, 84, 85, 86, 87, 88, 89, 90, 91, 92, 93, 94, 95, 96, 97, 98, 99, 100, 101, 102, 103, 104, 105, 106, 107, 108, 109, 110, 111, 112, 113, 114, 115, 116, 117, 118, 119, 120, 121, 122, 123, 124, 125, 126, 127]","[0, 1, 2, 3, 4, 5, 6, 7, 8, 9, 10, 11, 12, 13, 14, 15]",128,"[0, 1, 2, 3, 4, 5, 6, 7, 8, 9, 10, 11, 12, 13, 14, 15, 16, 17, 18, 19, 20, 21, 22, 23, 24, 25, 26, 27, 28, 29, 30, 31, 32, 33, 34, 35, 36, 37, 38, 39, 40, 41, 42, 43, 44, 45, 46, 47, 48, 49, 50, 51, 52, 53, 54, 55, 56, 57, 58, 59, 60, 61, 62, 63, 64, 65, 66, 67, 68, 69, 70, 71, 72, 73, 74, 75, 76, 77, 78, 79, 80, 81, 82, 83, 84, 85, 86, 87, 88, 89, 90, 91, 92, 93, 94, 95, 96, 97, 98, 99, 100, 101, 102, 103, 104, 105, 106, 107, 108, 109, 110, 111, 112, 113, 114, 115, 116, 117, 118, 119, 120, 121, 122, 123, 124, 125, 126, 127]","[0, 1, 2, 3, 4, 5, 6, 7, 8, 9, 10, 11, 12, 13, 14, 15]",DIFF_MC_ARK_0,structural_overapprox_mode_simplified
ARK_111,ARK,111,1,differential,32,"[8, 9, 10, 11, 12, 13, 14, 15, 48, 49, 50, 51, 52, 53, 54, 55, 88, 89, 90, 91, 92, 93, 94, 95, 96, 97, 98, 99, 100, 101, 102, 103]","[1, 6, 11, 12]",32,"[8, 9, 10, 11, 12, 13, 14, 15, 48, 49, 50, 51, 52, 53, 54, 55, 88, 89, 90, 91, 92, 93, 94, 95, 96, 97, 98, 99, 100, 101, 102, 103]","[1, 6, 11, 12]",DIFF_MC_ARK_111,structural_overapprox_mode_simplified
ARK_111,ARK,111,2,differential,128,"[0, 1, 2, 3, 4, 5, 6, 7, 8, 9, 10, 11, 12, 13, 14, 15, 16, 17, 18, 19, 20, 21, 22, 23, 24, 25, 26, 27, 28, 29, 30, 31, 32, 33, 34, 35, 36, 37, 38, 39, 40, 41, 42, 43, 44, 45, 46, 47, 48, 49, 50, 51, 52, 53, 54, 55, 56, 57, 58, 59, 60, 61, 62, 63, 64, 65, 66, 67, 68, 69, 70, 71, 72, 73, 74, 75, 76, 77, 78, 79, 80, 81, 82, 83, 84, 85, 86, 87, 88, 89, 90, 91, 92, 93, 94, 95, 96, 97, 98, 99, 100, 101, 102, 103, 104, 105, 106, 107, 108, 109, 110, 111, 112, 113, 114, 115, 116, 117, 118, 119, 120, 121, 122, 123, 124, 125, 126, 127]","[0, 1, 2, 3, 4, 5, 6, 7, 8, 9, 10, 11, 12, 13, 14, 15]",128,"[0, 1, 2, 3, 4, 5, 6, 7, 8, 9, 10, 11, 12, 13, 14, 15, 16, 17, 18, 19, 20, 21, 22, 23, 24, 25, 26, 27, 28, 29, 30, 31, 32, 33, 34, 35, 36, 37, 38, 39, 40, 41, 42, 43, 44, 45, 46, 47, 48, 49, 50, 51, 52, 53, 54, 55, 56, 57, 58, 59, 60, 61, 62, 63, 64, 65, 66, 67, 68, 69, 70, 71, 72, 73, 74, 75, 76, 77, 78, 79, 80, 81, 82, 83, 84, 85, 86, 87, 88, 89, 90, 91, 92, 93, 94, 95, 96, 97, 98, 99, 100, 101, 102, 103, 104, 105, 106, 107, 108, 109, 110, 111, 112, 113, 114, 115, 116, 117, 118, 119, 120, 121, 122, 123, 124, 125, 126, 127]","[0, 1, 2, 3, 4, 5, 6, 7, 8, 9, 10, 11, 12, 13, 14, 15]",DIFF_MC_ARK_111,structural_overapprox_mode_simplified
ARK_29,ARK,29,1,differential,32,"[0, 1, 2, 3, 4, 5, 6, 7, 40, 41, 42, 43, 44, 45, 46, 47, 80, 81, 82, 83, 84, 85, 86, 87, 120, 121, 122, 123, 124, 125, 126, 127]","[0, 5, 10, 15]",32,"[0, 1, 2, 3, 4, 5, 6, 7, 40, 41, 42, 43, 44, 45, 46, 47, 80, 81, 82, 83, 84, 85, 86, 87, 120, 121, 122, 123, 124, 125, 126, 127]","[0, 5, 10, 15]",DIFF_MC_ARK_29,structural_overapprox_mode_simplified
ARK_29,ARK,29,2,differential,128,"[0, 1, 2, 3, 4, 5, 6, 7, 8, 9, 10, 11, 12, 13, 14, 15, 16, 17, 18, 19, 20, 21, 22, 23, 24, 25, 26, 27, 28, 29, 30, 31, 32, 33, 34, 35, 36, 37, 38, 39, 40, 41, 42, 43, 44, 45, 46, 47, 48, 49, 50, 51, 52, 53, 54, 55, 56, 57, 58, 59, 60, 61, 62, 63, 64, 65, 66, 67, 68, 69, 70, 71, 72, 73, 74, 75, 76, 77, 78, 79, 80, 81, 82, 83, 84, 85, 86, 87, 88, 89, 90, 91, 92, 93, 94, 95, 96, 97, 98, 99, 100, 101, 102, 103, 104, 105, 106, 107, 108, 109, 110, 111, 112, 113, 114, 115, 116, 117, 118, 119, 120, 121, 122, 123, 124, 125, 126, 127]","[0, 1, 2, 3, 4, 5, 6, 7, 8, 9, 10, 11, 12, 13, 14, 15]",128,"[0, 1, 2, 3, 4, 5, 6, 7, 8, 9, 10, 11, 12, 13, 14, 15, 16, 17, 18, 19, 20, 21, 22, 23, 24, 25, 26, 27, 28, 29, 30, 31, 32, 33, 34, 35, 36, 37, 38, 39, 40, 41, 42, 43, 44, 45, 46, 47, 48, 49, 50, 51, 52, 53, 54, 55, 56, 57, 58, 59, 60, 61, 62, 63, 64, 65, 66, 67, 68, 69, 70, 71, 72, 73, 74, 75, 76, 77, 78, 79, 80, 81, 82, 83, 84, 85, 86, 87, 88, 89, 90, 91, 92, 93, 94, 95, 96, 97, 98, 99, 100, 101, 102, 103, 104, 105, 106, 107, 108, 109, 110, 111, 112, 113, 114, 115, 116, 117, 118, 119, 120, 121, 122, 123, 124, 125, 126, 127]","[0, 1, 2, 3, 4, 5, 6, 7, 8, 9, 10, 11, 12, 13, 14, 15]",DIFF_MC_ARK_29,structural_overapprox_mode_simplified
ARK_52,ARK,52,1,differential,32,"[24, 25, 26, 27, 28, 29, 30, 31, 32, 33, 34, 35, 36, 37, 38, 39, 72, 73, 74, 75, 76, 77, 78, 79, 112, 113, 114, 115, 116, 117, 118, 119]","[3, 4, 9, 14]",32,"[24, 25, 26, 27, 28, 29, 30, 31, 32, 33, 34, 35, 36, 37, 38, 39, 72, 73, 74, 75, 76, 77, 78, 79, 112, 113, 114, 115, 116, 117, 118, 119]","[3, 4, 9, 14]",DIFF_MC_ARK_52,structural_overapprox_mode_simplified
ARK_52,ARK,52,2,differential,128,"[0, 1, 2, 3, 4, 5, 6, 7, 8, 9, 10, 11, 12, 13, 14, 15, 16, 17, 18, 19, 20, 21, 22, 23, 24, 25, 26, 27, 28, 29, 30, 31, 32, 33, 34, 35, 36, 37, 38, 39, 40, 41, 42, 43, 44, 45, 46, 47, 48, 49, 50, 51, 52, 53, 54, 55, 56, 57, 58, 59, 60, 61, 62, 63, 64, 65, 66, 67, 68, 69, 70, 71, 72, 73, 74, 75, 76, 77, 78, 79, 80, 81, 82, 83, 84, 85, 86, 87, 88, 89, 90, 91, 92, 93, 94, 95, 96, 97, 98, 99, 100, 101, 102, 103, 104, 105, 106, 107, 108, 109, 110, 111, 112, 113, 114, 115, 116, 117, 118, 119, 120, 121, 122, 123, 124, 125, 126, 127]","[0, 1, 2, 3, 4, 5, 6, 7, 8, 9, 10, 11, 12, 13, 14, 15]",128,"[0, 1, 2, 3, 4, 5, 6, 7, 8, 9, 10, 11, 12, 13, 14, 15, 16, 17, 18, 19, 20, 21, 22, 23, 24, 25, 26, 27, 28, 29, 30, 31, 32, 33, 34, 35, 36, 37, 38, 39, 40, 41, 42, 43, 44, 45, 46, 47, 48, 49, 50, 51, 52, 53, 54, 55, 56, 57, 58, 59, 60, 61, 62, 63, 64, 65, 66, 67, 68, 69, 70, 71, 72, 73, 74, 75, 76, 77, 78, 79, 80, 81, 82, 83, 84, 85, 86, 87, 88, 89, 90, 91, 92, 93, 94, 95, 96, 97, 98, 99, 100, 101, 102, 103, 104, 105, 106, 107, 108, 109, 110, 111, 112, 113, 114, 115, 116, 117, 118, 119, 120, 121, 122, 123, 124, 125, 126, 127]","[0, 1, 2, 3, 4, 5, 6, 7, 8, 9, 10, 11, 12, 13, 14, 15]",DIFF_MC_ARK_52,structural_overapprox_mode_simplified
ARK_77,ARK,77,1,differential,32,"[16, 17, 18, 19, 20, 21, 22, 23, 56, 57, 58, 59, 60, 61, 62, 63, 64, 65, 66, 67, 68, 69, 70, 71, 104, 105, 106, 107, 108, 109, 110, 111]","[2, 7, 8, 13]",32,"[16, 17, 18, 19, 20, 21, 22, 23, 56, 57, 58, 59, 60, 61, 62, 63, 64, 65, 66, 67, 68, 69, 70, 71, 104, 105, 106, 107, 108, 109, 110, 111]","[2, 7, 8, 13]",DIFF_MC_ARK_77,structural_overapprox_mode_simplified
ARK_77,ARK,77,2,differential,128,"[0, 1, 2, 3, 4, 5, 6, 7, 8, 9, 10, 11, 12, 13, 14, 15, 16, 17, 18, 19, 20, 21, 22, 23, 24, 25, 26, 27, 28, 29, 30, 31, 32, 33, 34, 35, 36, 37, 38, 39, 40, 41, 42, 43, 44, 45, 46, 47, 48, 49, 50, 51, 52, 53, 54, 55, 56, 57, 58, 59, 60, 61, 62, 63, 64, 65, 66, 67, 68, 69, 70, 71, 72, 73, 74, 75, 76, 77, 78, 79, 80, 81, 82, 83, 84, 85, 86, 87, 88, 89, 90, 91, 92, 93, 94, 95, 96, 97, 98, 99, 100, 101, 102, 103, 104, 105, 106, 107, 108, 109, 110, 111, 112, 113, 114, 115, 116, 117, 118, 119, 120, 121, 122, 123, 124, 125, 126, 127]","[0, 1, 2, 3, 4, 5, 6, 7, 8, 9, 10, 11, 12, 13, 14, 15]",128,"[0, 1, 2, 3, 4, 5, 6, 7, 8, 9, 10, 11, 12, 13, 14, 15, 16, 17, 18, 19, 20, 21, 22, 23, 24, 25, 26, 27, 28, 29, 30, 31, 32, 33, 34, 35, 36, 37, 38, 39, 40, 41, 42, 43, 44, 45, 46, 47, 48, 49, 50, 51, 52, 53, 54, 55, 56, 57, 58, 59, 60, 61, 62, 63, 64, 65, 66, 67, 68, 69, 70, 71, 72, 73, 74, 75, 76, 77, 78, 79, 80, 81, 82, 83, 84, 85, 86, 87, 88, 89, 90, 91, 92, 93, 94, 95, 96, 97, 98, 99, 100, 101, 102, 103, 104, 105, 106, 107, 108, 109, 110, 111, 112, 113, 114, 115, 116, 117, 118, 119, 120, 121, 122, 123, 124, 125, 126, 127]","[0, 1, 2, 3, 4, 5, 6, 7, 8, 9, 10, 11, 12, 13, 14, 15]",DIFF_MC_ARK_77,structural_overapprox_mode_simplified
MC_103,MC,103,1,differential,32,"[8, 9, 10, 11, 12, 13, 14, 15, 48, 49, 50, 51, 52, 53, 54, 55, 88, 89, 90, 91, 92, 93, 94, 95, 96, 97, 98, 99, 100, 101, 102, 103]","[1, 6, 11, 12]",32,"[8, 9, 10, 11, 12, 13, 14, 15, 48, 49, 50, 51, 52, 53, 54, 55, 88, 89, 90, 91, 92, 93, 94, 95, 96, 97, 98, 99, 100, 101, 102, 103]","[1, 6, 11, 12]",DIFF_MC_ARK_103,structural_overapprox_mode_simplified
MC_103,MC,103,2,differential,128,"[0, 1, 2, 3, 4, 5, 6, 7, 8, 9, 10, 11, 12, 13, 14, 15, 16, 17, 18, 19, 20, 21, 22, 23, 24, 25, 26, 27, 28, 29, 30, 31, 32, 33, 34, 35, 36, 37, 38, 39, 40, 41, 42, 43, 44, 45, 46, 47, 48, 49, 50, 51, 52, 53, 54, 55, 56, 57, 58, 59, 60, 61, 62, 63, 64, 65, 66, 67, 68, 69, 70, 71, 72, 73, 74, 75, 76, 77, 78, 79, 80, 81, 82, 83, 84, 85, 86, 87, 88, 89, 90, 91, 92, 93, 94, 95, 96, 97, 98, 99, 100, 101, 102, 103, 104, 105, 106, 107, 108, 109, 110, 111, 112, 113, 114, 115, 116, 117, 118, 119, 120, 121, 122, 123, 124, 125, 126, 127]","[0, 1, 2, 3, 4, 5, 6, 7, 8, 9, 10, 11, 12, 13, 14, 15]",128,"[0, 1, 2, 3, 4, 5, 6, 7, 8, 9, 10, 11, 12, 13, 14, 15, 16, 17, 18, 19, 20, 21, 22, 23, 24, 25, 26, 27, 28, 29, 30, 31, 32, 33, 34, 35, 36, 37, 38, 39, 40, 41, 42, 43, 44, 45, 46, 47, 48, 49, 50, 51, 52, 53, 54, 55, 56, 57, 58, 59, 60, 61, 62, 63, 64, 65, 66, 67, 68, 69, 70, 71, 72, 73, 74, 75, 76, 77, 78, 79, 80, 81, 82, 83, 84, 85, 86, 87, 88, 89, 90, 91, 92, 93, 94, 95, 96, 97, 98, 99, 100, 101, 102, 103, 104, 105, 106, 107, 108, 109, 110, 111, 112, 113, 114, 115, 116, 117, 118, 119, 120, 121, 122, 123, 124, 125, 126, 127]","[0, 1, 2, 3, 4, 5, 6, 7, 8, 9, 10, 11, 12, 13, 14, 15]",DIFF_MC_ARK_103,structural_overapprox_mode_simplified
MC_33,MC,33,1,differential,32,"[24, 25, 26, 27, 28, 29, 30, 31, 32, 33, 34, 35, 36, 37, 38, 39, 72, 73, 74, 75, 76, 77, 78, 79, 112, 113, 114, 115, 116, 117, 118, 119]","[3, 4, 9, 14]",32,"[24, 25, 26, 27, 28, 29, 30, 31, 32, 33, 34, 35, 36, 37, 38, 39, 72, 73, 74, 75, 76, 77, 78, 79, 112, 113, 114, 115, 116, 117, 118, 119]","[3, 4, 9, 14]",DIFF_MC_ARK_33,structural_overapprox_mode_simplified
MC_33,MC,33,2,differential,128,"[0, 1, 2, 3, 4, 5, 6, 7, 8, 9, 10, 11, 12, 13, 14, 15, 16, 17, 18, 19, 20, 21, 22, 23, 24, 25, 26, 27, 28, 29, 30, 31, 32, 33, 34, 35, 36, 37, 38, 39, 40, 41, 42, 43, 44, 45, 46, 47, 48, 49, 50, 51, 52, 53, 54, 55, 56, 57, 58, 59, 60, 61, 62, 63, 64, 65, 66, 67, 68, 69, 70, 71, 72, 73, 74, 75, 76, 77, 78, 79, 80, 81, 82, 83, 84, 85, 86, 87, 88, 89, 90, 91, 92, 93, 94, 95, 96, 97, 98, 99, 100, 101, 102, 103, 104, 105, 106, 107, 108, 109, 110, 111, 112, 113, 114, 115, 116, 117, 118, 119, 120, 121, 122, 123, 124, 125, 126, 127]","[0, 1, 2, 3, 4, 5, 6, 7, 8, 9, 10, 11, 12, 13, 14, 15]",128,"[0, 1, 2, 3, 4, 5, 6, 7, 8, 9, 10, 11, 12, 13, 14, 15, 16, 17, 18, 19, 20, 21, 22, 23, 24, 25, 26, 27, 28, 29, 30, 31, 32, 33, 34, 35, 36, 37, 38, 39, 40, 41, 42, 43, 44, 45, 46, 47, 48, 49, 50, 51, 52, 53, 54, 55, 56, 57, 58, 59, 60, 61, 62, 63, 64, 65, 66, 67, 68, 69, 70, 71, 72, 73, 74, 75, 76, 77, 78, 79, 80, 81, 82, 83, 84, 85, 86, 87, 88, 89, 90, 91, 92, 93, 94, 95, 96, 97, 98, 99, 100, 101, 102, 103, 104, 105, 106, 107, 108, 109, 110, 111, 112, 113, 114, 115, 116, 117, 118, 119, 120, 121, 122, 123, 124, 125, 126, 127]","[0, 1, 2, 3, 4, 5, 6, 7, 8, 9, 10, 11, 12, 13, 14, 15]",DIFF_MC_ARK_33,structural_overapprox_mode_simplified
MC_45,MC,45,1,differential,32,"[24, 25, 26, 27, 28, 29, 30, 31, 32, 33, 34, 35, 36, 37, 38, 39, 72, 73, 74, 75, 76, 77, 78, 79, 112, 113, 114, 115, 116, 117, 118, 119]","[3, 4, 9, 14]",32,"[24, 25, 26, 27, 28, 29, 30, 31, 32, 33, 34, 35, 36, 37, 38, 39, 72, 73, 74, 75, 76, 77, 78, 79, 112, 113, 114, 115, 116, 117, 118, 119]","[3, 4, 9, 14]",DIFF_MC_ARK_45,structural_overapprox_mode_simplified
MC_45,MC,45,2,differential,128,"[0, 1, 2, 3, 4, 5, 6, 7, 8, 9, 10, 11, 12, 13, 14, 15, 16, 17, 18, 19, 20, 21, 22, 23, 24, 25, 26, 27, 28, 29, 30, 31, 32, 33, 34, 35, 36, 37, 38, 39, 40, 41, 42, 43, 44, 45, 46, 47, 48, 49, 50, 51, 52, 53, 54, 55, 56, 57, 58, 59, 60, 61, 62, 63, 64, 65, 66, 67, 68, 69, 70, 71, 72, 73, 74, 75, 76, 77, 78, 79, 80, 81, 82, 83, 84, 85, 86, 87, 88, 89, 90, 91, 92, 93, 94, 95, 96, 97, 98, 99, 100, 101, 102, 103, 104, 105, 106, 107, 108, 109, 110, 111, 112, 113, 114, 115, 116, 117, 118, 119, 120, 121, 122, 123, 124, 125, 126, 127]","[0, 1, 2, 3, 4, 5, 6, 7, 8, 9, 10, 11, 12, 13, 14, 15]",128,"[0, 1, 2, 3, 4, 5, 6, 7, 8, 9, 10, 11, 12, 13, 14, 15, 16, 17, 18, 19, 20, 21, 22, 23, 24, 25, 26, 27, 28, 29, 30, 31, 32, 33, 34, 35, 36, 37, 38, 39, 40, 41, 42, 43, 44, 45, 46, 47, 48, 49, 50, 51, 52, 53, 54, 55, 56, 57, 58, 59, 60, 61, 62, 63, 64, 65, 66, 67, 68, 69, 70, 71, 72, 73, 74, 75, 76, 77, 78, 79, 80, 81, 82, 83, 84, 85, 86, 87, 88, 89, 90, 91, 92, 93, 94, 95, 96, 97, 98, 99, 100, 101, 102, 103, 104, 105, 106, 107, 108, 109, 110, 111, 112, 113, 114, 115, 116, 117, 118, 119, 120, 121, 122, 123, 124, 125, 126, 127]","[0, 1, 2, 3, 4, 5, 6, 7, 8, 9, 10, 11, 12, 13, 14, 15]",DIFF_MC_ARK_45,structural_overapprox_mode_simplified
MC_59,MC,59,1,differential,32,"[24, 25, 26, 27, 28, 29, 30, 31, 32, 33, 34, 35, 36, 37, 38, 39, 72, 73, 74, 75, 76, 77, 78, 79, 112, 113, 114, 115, 116, 117, 118, 119]","[3, 4, 9, 14]",32,"[24, 25, 26, 27, 28, 29, 30, 31, 32, 33, 34, 35, 36, 37, 38, 39, 72, 73, 74, 75, 76, 77, 78, 79, 112, 113, 114, 115, 116, 117, 118, 119]","[3, 4, 9, 14]",DIFF_MC_ARK_59,structural_overapprox_mode_simplified
MC_59,MC,59,2,differential,128,"[0, 1, 2, 3, 4, 5, 6, 7, 8, 9, 10, 11, 12, 13, 14, 15, 16, 17, 18, 19, 20, 21, 22, 23, 24, 25, 26, 27, 28, 29, 30, 31, 32, 33, 34, 35, 36, 37, 38, 39, 40, 41, 42, 43, 44, 45, 46, 47, 48, 49, 50, 51, 52, 53, 54, 55, 56, 57, 58, 59, 60, 61, 62, 63, 64, 65, 66, 67, 68, 69, 70, 71, 72, 73, 74, 75, 76, 77, 78, 79, 80, 81, 82, 83, 84, 85, 86, 87, 88, 89, 90, 91, 92, 93, 94, 95, 96, 97, 98, 99, 100, 101, 102, 103, 104, 105, 106, 107, 108, 109, 110, 111, 112, 113, 114, 115, 116, 117, 118, 119, 120, 121, 122, 123, 124, 125, 126, 127]","[0, 1, 2, 3, 4, 5, 6, 7, 8, 9, 10, 11, 12, 13, 14, 15]",128,"[0, 1, 2, 3, 4, 5, 6, 7, 8, 9, 10, 11, 12, 13, 14, 15, 16, 17, 18, 19, 20, 21, 22, 23, 24, 25, 26, 27, 28, 29, 30, 31, 32, 33, 34, 35, 36, 37, 38, 39, 40, 41, 42, 43, 44, 45, 46, 47, 48, 49, 50, 51, 52, 53, 54, 55, 56, 57, 58, 59, 60, 61, 62, 63, 64, 65, 66, 67, 68, 69, 70, 71, 72, 73, 74, 75, 76, 77, 78, 79, 80, 81, 82, 83, 84, 85, 86, 87, 88, 89, 90, 91, 92, 93, 94, 95, 96, 97, 98, 99, 100, 101, 102, 103, 104, 105, 106, 107, 108, 109, 110, 111, 112, 113, 114, 115, 116, 117, 118, 119, 120, 121, 122, 123, 124, 125, 126, 127]","[0, 1, 2, 3, 4, 5, 6, 7, 8, 9, 10, 11, 12, 13, 14, 15]",DIFF_MC_ARK_59,structural_overapprox_mode_simplified
MC_64,MC,64,1,differential,32,"[16, 17, 18, 19, 20, 21, 22, 23, 56, 57, 58, 59, 60, 61, 62, 63, 64, 65, 66, 67, 68, 69, 70, 71, 104, 105, 106, 107, 108, 109, 110, 111]","[2, 7, 8, 13]",32,"[16, 17, 18, 19, 20, 21, 22, 23, 56, 57, 58, 59, 60, 61, 62, 63, 64, 65, 66, 67, 68, 69, 70, 71, 104, 105, 106, 107, 108, 109, 110, 111]","[2, 7, 8, 13]",DIFF_MC_ARK_64,structural_overapprox_mode_simplified
MC_64,MC,64,2,differential,128,"[0, 1, 2, 3, 4, 5, 6, 7, 8, 9, 10, 11, 12, 13, 14, 15, 16, 17, 18, 19, 20, 21, 22, 23, 24, 25, 26, 27, 28, 29, 30, 31, 32, 33, 34, 35, 36, 37, 38, 39, 40, 41, 42, 43, 44, 45, 46, 47, 48, 49, 50, 51, 52, 53, 54, 55, 56, 57, 58, 59, 60, 61, 62, 63, 64, 65, 66, 67, 68, 69, 70, 71, 72, 73, 74, 75, 76, 77, 78, 79, 80, 81, 82, 83, 84, 85, 86, 87, 88, 89, 90, 91, 92, 93, 94, 95, 96, 97, 98, 99, 100, 101, 102, 103, 104, 105, 106, 107, 108, 109, 110, 111, 112, 113, 114, 115, 116, 117, 118, 119, 120, 121, 122, 123, 124, 125, 126, 127]","[0, 1, 2, 3, 4, 5, 6, 7, 8, 9, 10, 11, 12, 13, 14, 15]",128,"[0, 1, 2, 3, 4, 5, 6, 7, 8, 9, 10, 11, 12, 13, 14, 15, 16, 17, 18, 19, 20, 21, 22, 23, 24, 25, 26, 27, 28, 29, 30, 31, 32, 33, 34, 35, 36, 37, 38, 39, 40, 41, 42, 43, 44, 45, 46, 47, 48, 49, 50, 51, 52, 53, 54, 55, 56, 57, 58, 59, 60, 61, 62, 63, 64, 65, 66, 67, 68, 69, 70, 71, 72, 73, 74, 75, 76, 77, 78, 79, 80, 81, 82, 83, 84, 85, 86, 87, 88, 89, 90, 91, 92, 93, 94, 95, 96, 97, 98, 99, 100, 101, 102, 103, 104, 105, 106, 107, 108, 109, 110, 111, 112, 113, 114, 115, 116, 117, 118, 119, 120, 121, 122, 123, 124, 125, 126, 127]","[0, 1, 2, 3, 4, 5, 6, 7, 8, 9, 10, 11, 12, 13, 14, 15]",DIFF_MC_ARK_64,structural_overapprox_mode_simplified
MC_82,MC,82,1,differential,32,"[16, 17, 18, 19, 20, 21, 22, 23, 56, 57, 58, 59, 60, 61, 62, 63, 64, 65, 66, 67, 68, 69, 70, 71, 104, 105, 106, 107, 108, 109, 110, 111]","[2, 7, 8, 13]",32,"[16, 17, 18, 19, 20, 21, 22, 23, 56, 57, 58, 59, 60, 61, 62, 63, 64, 65, 66, 67, 68, 69, 70, 71, 104, 105, 106, 107, 108, 109, 110, 111]","[2, 7, 8, 13]",DIFF_MC_ARK_82,structural_overapprox_mode_simplified
MC_82,MC,82,2,differential,128,"[0, 1, 2, 3, 4, 5, 6, 7, 8, 9, 10, 11, 12, 13, 14, 15, 16, 17, 18, 19, 20, 21, 22, 23, 24, 25, 26, 27, 28, 29, 30, 31, 32, 33, 34, 35, 36, 37, 38, 39, 40, 41, 42, 43, 44, 45, 46, 47, 48, 49, 50, 51, 52, 53, 54, 55, 56, 57, 58, 59, 60, 61, 62, 63, 64, 65, 66, 67, 68, 69, 70, 71, 72, 73, 74, 75, 76, 77, 78, 79, 80, 81, 82, 83, 84, 85, 86, 87, 88, 89, 90, 91, 92, 93, 94, 95, 96, 97, 98, 99, 100, 101, 102, 103, 104, 105, 106, 107, 108, 109, 110, 111, 112, 113, 114, 115, 116, 117, 118, 119, 120, 121, 122, 123, 124, 125, 126, 127]","[0, 1, 2, 3, 4, 5, 6, 7, 8, 9, 10, 11, 12, 13, 14, 15]",128,"[0, 1, 2, 3, 4, 5, 6, 7, 8, 9, 10, 11, 12, 13, 14, 15, 16, 17, 18, 19, 20, 21, 22, 23, 24, 25, 26, 27, 28, 29, 30, 31, 32, 33, 34, 35, 36, 37, 38, 39, 40, 41, 42, 43, 44, 45, 46, 47, 48, 49, 50, 51, 52, 53, 54, 55, 56, 57, 58, 59, 60, 61, 62, 63, 64, 65, 66, 67, 68, 69, 70, 71, 72, 73, 74, 75, 76, 77, 78, 79, 80, 81, 82, 83, 84, 85, 86, 87, 88, 89, 90, 91, 92, 93, 94, 95, 96, 97, 98, 99, 100, 101, 102, 103, 104, 105, 106, 107, 108, 109, 110, 111, 112, 113, 114, 115, 116, 117, 118, 119, 120, 121, 122, 123, 124, 125, 126, 127]","[0, 1, 2, 3, 4, 5, 6, 7, 8, 9, 10, 11, 12, 13, 14, 15]",DIFF_MC_ARK_82,structural_overapprox_mode_simplified
SB_0,SB,0,1,differential,8,"[0, 1, 2, 3, 4, 5, 6, 7]",[0],8,"[0, 1, 2, 3, 4, 5, 6, 7]",[0],DIFF_SB_SR_0,structural_overapprox_mode_simplified
SB_0,SB,0,2,differential,40,"[0, 1, 2, 3, 4, 5, 6, 7, 40, 41, 42, 43, 44, 45, 46, 47, 80, 81, 82, 83, 84, 85, 86, 87, 104, 105, 106, 107, 108, 109, 110, 111, 120, 121, 122, 123, 124, 125, 126, 127]","[0, 5, 10, 13, 15]",32,"[0, 1, 2, 3, 4, 5, 6, 7, 40, 41, 42, 43, 44, 45, 46, 47, 80, 81, 82, 83, 84, 85, 86, 87, 120, 121, 122, 123, 124, 125, 126, 127]","[0, 5, 10, 15]",DIFF_SB_SR_0,structural_overapprox_mode_simplified
SB_101,SB,101,1,differential,8,"[96, 97, 98, 99, 100, 101, 102, 103]",[12],8,"[96, 97, 98, 99, 100, 101, 102, 103]",[12],DIFF_SB_SR_101,structural_overapprox_mode_simplified
SB_101,SB,101,2,differential,64,"[0, 1, 2, 3, 4, 5, 6, 7, 8, 9, 10, 11, 12, 13, 14, 15, 32, 33, 34, 35, 36, 37, 38, 39, 48, 49, 50, 51, 52, 53, 54, 55, 64, 65, 66, 67, 68, 69, 70, 71, 88, 89, 90, 91, 92, 93, 94, 95, 96, 97, 98, 99, 100, 101, 102, 103, 104, 105, 106, 107, 108, 109, 110, 111]","[0, 1, 4, 6, 8, 11, 12, 13]",32,"[8, 9, 10, 11, 12, 13, 14, 15, 48, 49, 50, 51, 52, 53, 54, 55, 88, 89, 90, 91, 92, 93, 94, 95, 96, 97, 98, 99, 100, 101, 102, 103]","[1, 6, 11, 12]",DIFF_SB_SR_101,structural_overapprox_mode_simplified
SB_102,SB,102,1,differential,8,"[96, 97, 98, 99, 100, 101, 102, 103]",[12],8,"[96, 97, 98, 99, 100, 101, 102, 103]",[12],DIFF_SB_SR_102,structural_overapprox_mode_simplified
SB_102,SB,102,2,differential,64,"[0, 1, 2, 3, 4, 5, 6, 7, 8, 9, 10, 11, 12, 13, 14, 15, 32, 33, 34, 35, 36, 37, 38, 39, 48, 49, 50, 51, 52, 53, 54, 55, 64, 65, 66, 67, 68, 69, 70, 71, 88, 89, 90, 91, 92, 93, 94, 95, 96, 97, 98, 99, 100, 101, 102, 103, 104, 105, 106, 107, 108, 109, 110, 111]","[0, 1, 4, 6, 8, 11, 12, 13]",32,"[8, 9, 10, 11, 12, 13, 14, 15, 48, 49, 50, 51, 52, 53, 54, 55, 88, 89, 90, 91, 92, 93, 94, 95, 96, 97, 98, 99, 100, 101, 102, 103]","[1, 6, 11, 12]",DIFF_SB_SR_102,structural_overapprox_mode_simplified
SB_103,SB,103,1,differential,8,"[96, 97, 98, 99, 100, 101, 102, 103]",[12],8,"[96, 97, 98, 99, 100, 101, 102, 103]",[12],DIFF_SB_SR_103,structural_overapprox_mode_simplified
SB_103,SB,103,2,differential,64,"[0, 1, 2, 3, 4, 5, 6, 7, 8, 9, 10, 11, 12, 13, 14, 15, 32, 33, 34, 35, 36, 37, 38, 39, 48, 49, 50, 51, 52, 53, 54, 55, 64, 65, 66, 67, 68, 69, 70, 71, 88, 89, 90, 91, 92, 93, 94, 95, 96, 97, 98, 99, 100, 101, 102, 103, 104, 105, 106, 107, 108, 109, 110, 111]","[0, 1, 4, 6, 8, 11, 12, 13]",32,"[8, 9, 10, 11, 12, 13, 14, 15, 48, 49, 50, 51, 52, 53, 54, 55, 88, 89, 90, 91, 92, 93, 94, 95, 96, 97, 98, 99, 100, 101, 102, 103]","[1, 6, 11, 12]",DIFF_SB_SR_103,structural_overapprox_mode_simplified
SB_106,SB,106,1,differential,8,"[104, 105, 106, 107, 108, 109, 110, 111]",[13],8,"[104, 105, 106, 107, 108, 109, 110, 111]",[13],DIFF_SB_SR_106,structural_overapprox_mode_simplified
SB_106,SB,106,2,differential,64,"[8, 9, 10, 11, 12, 13, 14, 15, 40, 41, 42, 43, 44, 45, 46, 47, 48, 49, 50, 51, 52, 53, 54, 55, 72, 73, 74, 75, 76, 77, 78, 79, 88, 89, 90, 91, 92, 93, 94, 95, 96, 97, 98, 99, 100, 101, 102, 103, 104, 105, 106, 107, 108, 109, 110, 111, 112, 113, 114, 115, 116, 117, 118, 119]","[1, 5, 6, 9, 11, 12, 13, 14]",32,"[8, 9, 10, 11, 12, 13, 14, 15, 48, 49, 50, 51, 52, 53, 54, 55, 88, 89, 90, 91, 92, 93, 94, 95, 96, 97, 98, 99, 100, 101, 102, 103]","[1, 6, 11, 12]",DIFF_SB_SR_106,structural_overapprox_mode_simplified
SB_108,SB,108,1,differential,8,"[104, 105, 106, 107, 108, 109, 110, 111]",[13],8,"[104, 105, 106, 107, 108, 109, 110, 111]",[13],DIFF_SB_SR_108,structural_overapprox_mode_simplified
SB_108,SB,108,2,differential,64,"[8, 9, 10, 11, 12, 13, 14, 15, 40, 41, 42, 43, 44, 45, 46, 47, 48, 49, 50, 51, 52, 53, 54, 55, 72, 73, 74, 75, 76, 77, 78, 79, 88, 89, 90, 91, 92, 93, 94, 95, 96, 97, 98, 99, 100, 101, 102, 103, 104, 105, 106, 107, 108, 109, 110, 111, 112, 113, 114, 115, 116, 117, 118, 119]","[1, 5, 6, 9, 11, 12, 13, 14]",32,"[8, 9, 10, 11, 12, 13, 14, 15, 48, 49, 50, 51, 52, 53, 54, 55, 88, 89, 90, 91, 92, 93, 94, 95, 96, 97, 98, 99, 100, 101, 102, 103]","[1, 6, 11, 12]",DIFF_SB_SR_108,structural_overapprox_mode_simplified
SB_113,SB,113,1,differential,8,"[112, 113, 114, 115, 116, 117, 118, 119]",[14],8,"[112, 113, 114, 115, 116, 117, 118, 119]",[14],DIFF_SB_SR_113,structural_overapprox_mode_simplified
SB_113,SB,113,2,differential,64,"[8, 9, 10, 11, 12, 13, 14, 15, 16, 17, 18, 19, 20, 21, 22, 23, 48, 49, 50, 51, 52, 53, 54, 55, 80, 81, 82, 83, 84, 85, 86, 87, 88, 89, 90, 91, 92, 93, 94, 95, 96, 97, 98, 99, 100, 101, 102, 103, 112, 113, 114, 115, 116, 117, 118, 119, 120, 121, 122, 123, 124, 125, 126, 127]","[1, 2, 6, 10, 11, 12, 14, 15]",32,"[8, 9, 10, 11, 12, 13, 14, 15, 48, 49, 50, 51, 52, 53, 54, 55, 88, 89, 90, 91, 92, 93, 94, 95, 96, 97, 98, 99, 100, 101, 102, 103]","[1, 6, 11, 12]",DIFF_SB_SR_113,structural_overapprox_mode_simplified
SB_114,SB,114,1,differential,8,"[112, 113, 114, 115, 116, 117, 118, 119]",[14],8,"[112, 113, 114, 115, 116, 117, 118, 119]",[14],DIFF_SB_SR_114,structural_overapprox_mode_simplified
SB_114,SB,114,2,differential,64,"[8, 9, 10, 11, 12, 13, 14, 15, 16, 17, 18, 19, 20, 21, 22, 23, 48, 49, 50, 51, 52, 53, 54, 55, 80, 81, 82, 83, 84, 85, 86, 87, 88, 89, 90, 91, 92, 93, 94, 95, 96, 97, 98, 99, 100, 101, 102, 103, 112, 113, 114, 115, 116, 117, 118, 119, 120, 121, 122, 123, 124, 125, 126, 127]","[1, 2, 6, 10, 11, 12, 14, 15]",32,"[8, 9, 10, 11, 12, 13, 14, 15, 48, 49, 50, 51, 52, 53, 54, 55, 88, 89, 90, 91, 92, 93, 94, 95, 96, 97, 98, 99, 100, 101, 102, 103]","[1, 6, 11, 12]",DIFF_SB_SR_114,structural_overapprox_mode_simplified
SB_118,SB,118,1,differential,8,"[112, 113, 114, 115, 116, 117, 118, 119]",[14],8,"[112, 113, 114, 115, 116, 117, 118, 119]",[14],DIFF_SB_SR_118,structural_overapprox_mode_simplified
SB_118,SB,118,2,differential,64,"[8, 9, 10, 11, 12, 13, 14, 15, 16, 17, 18, 19, 20, 21, 22, 23, 48, 49, 50, 51, 52, 53, 54, 55, 80, 81, 82, 83, 84, 85, 86, 87, 88, 89, 90, 91, 92, 93, 94, 95, 96, 97, 98, 99, 100, 101, 102, 103, 112, 113, 114, 115, 116, 117, 118, 119, 120, 121, 122, 123, 124, 125, 126, 127]","[1, 2, 6, 10, 11, 12, 14, 15]",32,"[8, 9, 10, 11, 12, 13, 14, 15, 48, 49, 50, 51, 52, 53, 54, 55, 88, 89, 90, 91, 92, 93, 94, 95, 96, 97, 98, 99, 100, 101, 102, 103]","[1, 6, 11, 12]",DIFF_SB_SR_118,structural_overapprox_mode_simplified
SB_119,SB,119,1,differential,8,"[112, 113, 114, 115, 116, 117, 118, 119]",[14],8,"[112, 113, 114, 115, 116, 117, 118, 119]",[14],DIFF_SB_SR_119,structural_overapprox_mode_simplified
SB_119,SB,119,2,differential,64,"[8, 9, 10, 11, 12, 13, 14, 15, 16, 17, 18, 19, 20, 21, 22, 23, 48, 49, 50, 51, 52, 53, 54, 55, 80, 81, 82, 83, 84, 85, 86, 87, 88, 89, 90, 91, 92, 93, 94, 95, 96, 97, 98, 99, 100, 101, 102, 103, 112, 113, 114, 115, 116, 117, 118, 119, 120, 121, 122, 123, 124, 125, 126, 127]","[1, 2, 6, 10, 11, 12, 14, 15]",32,"[8, 9, 10, 11, 12, 13, 14, 15, 48, 49, 50, 51, 52, 53, 54, 55, 88, 89, 90, 91, 92, 93, 94, 95, 96, 97, 98, 99, 100, 101, 102, 103]","[1, 6, 11, 12]",DIFF_SB_SR_119,structural_overapprox_mode_simplified
SB_120,SB,120,1,differential,8,"[120, 121, 122, 123, 124, 125, 126, 127]",[15],8,"[120, 121, 122, 123, 124, 125, 126, 127]",[15],DIFF_SB_SR_120,structural_overapprox_mode_simplified
SB_120,SB,120,2,differential,56,"[8, 9, 10, 11, 12, 13, 14, 15, 24, 25, 26, 27, 28, 29, 30, 31, 48, 49, 50, 51, 52, 53, 54, 55, 56, 57, 58, 59, 60, 61, 62, 63, 88, 89, 90, 91, 92, 93, 94, 95, 96, 97, 98, 99, 100, 101, 102, 103, 120, 121, 122, 123, 124, 125, 126, 127]","[1, 3, 6, 7, 11, 12, 15]",32,"[8, 9, 10, 11, 12, 13, 14, 15, 48, 49, 50, 51, 52, 53, 54, 55, 88, 89, 90, 91, 92, 93, 94, 95, 96, 97, 98, 99, 100, 101, 102, 103]","[1, 6, 11, 12]",DIFF_SB_SR_120,structural_overapprox_mode_simplified
SB_121,SB,121,1,differential,8,"[120, 121, 122, 123, 124, 125, 126, 127]",[15],8,"[120, 121, 122, 123, 124, 125, 126, 127]",[15],DIFF_SB_SR_121,structural_overapprox_mode_simplified
SB_121,SB,121,2,differential,56,"[8, 9, 10, 11, 12, 13, 14, 15, 24, 25, 26, 27, 28, 29, 30, 31, 48, 49, 50, 51, 52, 53, 54, 55, 56, 57, 58, 59, 60, 61, 62, 63, 88, 89, 90, 91, 92, 93, 94, 95, 96, 97, 98, 99, 100, 101, 102, 103, 120, 121, 122, 123, 124, 125, 126, 127]","[1, 3, 6, 7, 11, 12, 15]",32,"[8, 9, 10, 11, 12, 13, 14, 15, 48, 49, 50, 51, 52, 53, 54, 55, 88, 89, 90, 91, 92, 93, 94, 95, 96, 97, 98, 99, 100, 101, 102, 103]","[1, 6, 11, 12]",DIFF_SB_SR_121,structural_overapprox_mode_simplified
SB_122,SB,122,1,differential,8,"[120, 121, 122, 123, 124, 125, 126, 127]",[15],8,"[120, 121, 122, 123, 124, 125, 126, 127]",[15],DIFF_SB_SR_122,structural_overapprox_mode_simplified
SB_122,SB,122,2,differential,56,"[8, 9, 10, 11, 12, 13, 14, 15, 24, 25, 26, 27, 28, 29, 30, 31, 48, 49, 50, 51, 52, 53, 54, 55, 56, 57, 58, 59, 60, 61, 62, 63, 88, 89, 90, 91, 92, 93, 94, 95, 96, 97, 98, 99, 100, 101, 102, 103, 120, 121, 122, 123, 124, 125, 126, 127]","[1, 3, 6, 7, 11, 12, 15]",32,"[8, 9, 10, 11, 12, 13, 14, 15, 48, 49, 50, 51, 52, 53, 54, 55, 88, 89, 90, 91, 92, 93, 94, 95, 96, 97, 98, 99, 100, 101, 102, 103]","[1, 6, 11, 12]",DIFF_SB_SR_122,structural_overapprox_mode_simplified
SB_124,SB,124,1,differential,8,"[120, 121, 122, 123, 124, 125, 126, 127]",[15],8,"[120, 121, 122, 123, 124, 125, 126, 127]",[15],DIFF_SB_SR_124,structural_overapprox_mode_simplified
SB_124,SB,124,2,differential,56,"[8, 9, 10, 11, 12, 13, 14, 15, 24, 25, 26, 27, 28, 29, 30, 31, 48, 49, 50, 51, 52, 53, 54, 55, 56, 57, 58, 59, 60, 61, 62, 63, 88, 89, 90, 91, 92, 93, 94, 95, 96, 97, 98, 99, 100, 101, 102, 103, 120, 121, 122, 123, 124, 125, 126, 127]","[1, 3, 6, 7, 11, 12, 15]",32,"[8, 9, 10, 11, 12, 13, 14, 15, 48, 49, 50, 51, 52, 53, 54, 55, 88, 89, 90, 91, 92, 93, 94, 95, 96, 97, 98, 99, 100, 101, 102, 103]","[1, 6, 11, 12]",DIFF_SB_SR_124,structural_overapprox_mode_simplified
SB_125,SB,125,1,differential,8,"[120, 121, 122, 123, 124, 125, 126, 127]",[15],8,"[120, 121, 122, 123, 124, 125, 126, 127]",[15],DIFF_SB_SR_125,structural_overapprox_mode_simplified
SB_125,SB,125,2,differential,56,"[8, 9, 10, 11, 12, 13, 14, 15, 24, 25, 26, 27, 28, 29, 30, 31, 48, 49, 50, 51, 52, 53, 54, 55, 56, 57, 58, 59, 60, 61, 62, 63, 88, 89, 90, 91, 92, 93, 94, 95, 96, 97, 98, 99, 100, 101, 102, 103, 120, 121, 122, 123, 124, 125, 126, 127]","[1, 3, 6, 7, 11, 12, 15]",32,"[8, 9, 10, 11, 12, 13, 14, 15, 48, 49, 50, 51, 52, 53, 54, 55, 88, 89, 90, 91, 92, 93, 94, 95, 96, 97, 98, 99, 100, 101, 102, 103]","[1, 6, 11, 12]",DIFF_SB_SR_125,structural_overapprox_mode_simplified
SB_126,SB,126,1,differential,8,"[120, 121, 122, 123, 124, 125, 126, 127]",[15],8,"[120, 121, 122, 123, 124, 125, 126, 127]",[15],DIFF_SB_SR_126,structural_overapprox_mode_simplified
SB_126,SB,126,2,differential,56,"[8, 9, 10, 11, 12, 13, 14, 15, 24, 25, 26, 27, 28, 29, 30, 31, 48, 49, 50, 51, 52, 53, 54, 55, 56, 57, 58, 59, 60, 61, 62, 63, 88, 89, 90, 91, 92, 93, 94, 95, 96, 97, 98, 99, 100, 101, 102, 103, 120, 121, 122, 123, 124, 125, 126, 127]","[1, 3, 6, 7, 11, 12, 15]",32,"[8, 9, 10, 11, 12, 13, 14, 15, 48, 49, 50, 51, 52, 53, 54, 55, 88, 89, 90, 91, 92, 93, 94, 95, 96, 97, 98, 99, 100, 101, 102, 103]","[1, 6, 11, 12]",DIFF_SB_SR_126,structural_overapprox_mode_simplified
SB_15,SB,15,1,differential,8,"[8, 9, 10, 11, 12, 13, 14, 15]",[1],8,"[8, 9, 10, 11, 12, 13, 14, 15]",[1],DIFF_SB_SR_15,structural_overapprox_mode_simplified
SB_15,SB,15,2,differential,48,"[0, 1, 2, 3, 4, 5, 6, 7, 8, 9, 10, 11, 12, 13, 14, 15, 40, 41, 42, 43, 44, 45, 46, 47, 80, 81, 82, 83, 84, 85, 86, 87, 112, 113, 114, 115, 116, 117, 118, 119, 120, 121, 122, 123, 124, 125, 126, 127]","[0, 1, 5, 10, 14, 15]",32,"[0, 1, 2, 3, 4, 5, 6, 7, 40, 41, 42, 43, 44, 45, 46, 47, 80, 81, 82, 83, 84, 85, 86, 87, 120, 121, 122, 123, 124, 125, 126, 127]","[0, 5, 10, 15]",DIFF_SB_SR_15,structural_overapprox_mode_simplified
SB_16,SB,16,1,differential,8,"[16, 17, 18, 19, 20, 21, 22, 23]",[2],8,"[16, 17, 18, 19, 20, 21, 22, 23]",[2],DIFF_SB_SR_16,structural_overapprox_mode_simplified
SB_16,SB,16,2,differential,40,"[0, 1, 2, 3, 4, 5, 6, 7, 16, 17, 18, 19, 20, 21, 22, 23, 40, 41, 42, 43, 44, 45, 46, 47, 80, 81, 82, 83, 84, 85, 86, 87, 120, 121, 122, 123, 124, 125, 126, 127]","[0, 2, 5, 10, 15]",32,"[0, 1, 2, 3, 4, 5, 6, 7, 40, 41, 42, 43, 44, 45, 46, 47, 80, 81, 82, 83, 84, 85, 86, 87, 120, 121, 122, 123, 124, 125, 126, 127]","[0, 5, 10, 15]",DIFF_SB_SR_16,structural_overapprox_mode_simplified
SB_17,SB,17,1,differential,8,"[16, 17, 18, 19, 20, 21, 22, 23]",[2],8,"[16, 17, 18, 19, 20, 21, 22, 23]",[2],DIFF_SB_SR_17,structural_overapprox_mode_simplified
SB_17,SB,17,2,differential,40,"[0, 1, 2, 3, 4, 5, 6, 7, 16, 17, 18, 19, 20, 21, 22, 23, 40, 41, 42, 43, 44, 45, 46, 47, 80, 81, 82, 83, 84, 85, 86, 87, 120, 121, 122, 123, 124, 125, 126, 127]","[0, 2, 5, 10, 15]",32,"[0, 1, 2, 3, 4, 5, 6, 7, 40, 41, 42, 43, 44, 45, 46, 47, 80, 81, 82, 83, 84, 85, 86, 87, 120, 121, 122, 123, 124, 125, 126, 127]","[0, 5, 10, 15]",DIFF_SB_SR_17,structural_overapprox_mode_simplified
SB_18,SB,18,1,differential,8,"[16, 17, 18, 19, 20, 21, 22, 23]",[2],8,"[16, 17, 18, 19, 20, 21, 22, 23]",[2],DIFF_SB_SR_18,structural_overapprox_mode_simplified
SB_18,SB,18,2,differential,40,"[0, 1, 2, 3, 4, 5, 6, 7, 16, 17, 18, 19, 20, 21, 22, 23, 40, 41, 42, 43, 44, 45, 46, 47, 80, 81, 82, 83, 84, 85, 86, 87, 120, 121, 122, 123, 124, 125, 126, 127]","[0, 2, 5, 10, 15]",32,"[0, 1, 2, 3, 4, 5, 6, 7, 40, 41, 42, 43, 44, 45, 46, 47, 80, 81, 82, 83, 84, 85, 86, 87, 120, 121, 122, 123, 124, 125, 126, 127]","[0, 5, 10, 15]",DIFF_SB_SR_18,structural_overapprox_mode_simplified
SB_19,SB,19,1,differential,8,"[16, 17, 18, 19, 20, 21, 22, 23]",[2],8,"[16, 17, 18, 19, 20, 21, 22, 23]",[2],DIFF_SB_SR_19,structural_overapprox_mode_simplified
SB_19,SB,19,2,differential,40,"[0, 1, 2, 3, 4, 5, 6, 7, 16, 17, 18, 19, 20, 21, 22, 23, 40, 41, 42, 43, 44, 45, 46, 47, 80, 81, 82, 83, 84, 85, 86, 87, 120, 121, 122, 123, 124, 125, 126, 127]","[0, 2, 5, 10, 15]",32,"[0, 1, 2, 3, 4, 5, 6, 7, 40, 41, 42, 43, 44, 45, 46, 47, 80, 81, 82, 83, 84, 85, 86, 87, 120, 121, 122, 123, 124, 125, 126, 127]","[0, 5, 10, 15]",DIFF_SB_SR_19,structural_overapprox_mode_simplified
SB_2,SB,2,1,differential,8,"[0, 1, 2, 3, 4, 5, 6, 7]",[0],8,"[0, 1, 2, 3, 4, 5, 6, 7]",[0],DIFF_SB_SR_2,structural_overapprox_mode_simplified
SB_2,SB,2,2,differential,40,"[0, 1, 2, 3, 4, 5, 6, 7, 40, 41, 42, 43, 44, 45, 46, 47, 80, 81, 82, 83, 84, 85, 86, 87, 104, 105, 106, 107, 108, 109, 110, 111, 120, 121, 122, 123, 124, 125, 126, 127]","[0, 5, 10, 13, 15]",32,"[0, 1, 2, 3, 4, 5, 6, 7, 40, 41, 42, 43, 44, 45, 46, 47, 80, 81, 82, 83, 84, 85, 86, 87, 120, 121, 122, 123, 124, 125, 126, 127]","[0, 5, 10, 15]",DIFF_SB_SR_2,structural_overapprox_mode_simplified
SB_22,SB,22,1,differential,8,"[16, 17, 18, 19, 20, 21, 22, 23]",[2],8,"[16, 17, 18, 19, 20, 21, 22, 23]",[2],DIFF_SB_SR_22,structural_overapprox_mode_simplified
SB_22,SB,22,2,differential,40,"[0, 1, 2, 3, 4, 5, 6, 7, 16, 17, 18, 19, 20, 21, 22, 23, 40, 41, 42, 43, 44, 45, 46, 47, 80, 81, 82, 83, 84, 85, 86, 87, 120, 121, 122, 123, 124, 125, 126, 127]","[0, 2, 5, 10, 15]",32,"[0, 1, 2, 3, 4, 5, 6, 7, 40, 41, 42, 43, 44, 45, 46, 47, 80, 81, 82, 83, 84, 85, 86, 87, 120, 121, 122, 123, 124, 125, 126, 127]","[0, 5, 10, 15]",DIFF_SB_SR_22,structural_overapprox_mode_simplified
SB_24,SB,24,1,differential,8,"[24, 25, 26, 27, 28, 29, 30, 31]",[3],8,"[24, 25, 26, 27, 28, 29, 30, 31]",[3],DIFF_SB_SR_24,structural_overapprox_mode_simplified
SB_24,SB,24,2,differential,48,"[0, 1, 2, 3, 4, 5, 6, 7, 24, 25, 26, 27, 28, 29, 30, 31, 40, 41, 42, 43, 44, 45, 46, 47, 80, 81, 82, 83, 84, 85, 86, 87, 96, 97, 98, 99, 100, 101, 102, 103, 120, 121, 122, 123, 124, 125, 126, 127]","[0, 3, 5, 10, 12, 15]",32,"[0, 1, 2, 3, 4, 5, 6, 7, 40, 41, 42, 43, 44, 45, 46, 47, 80, 81, 82, 83, 84, 85, 86, 87, 120, 121, 122, 123, 124, 125, 126, 127]","[0, 5, 10, 15]",DIFF_SB_SR_24,structural_overapprox_mode_simplified
SB_25,SB,25,1,differential,8,"[24, 25, 26, 27, 28, 29, 30, 31]",[3],8,"[24, 25, 26, 27, 28, 29, 30, 31]",[3],DIFF_SB_SR_25,structural_overapprox_mode_simplified
SB_25,SB,25,2,differential,48,"[0, 1, 2, 3, 4, 5, 6, 7, 24, 25, 26, 27, 28, 29, 30, 31, 40, 41, 42, 43, 44, 45, 46, 47, 80, 81, 82, 83, 84, 85, 86, 87, 96, 97, 98, 99, 100, 101, 102, 103, 120, 121, 122, 123, 124, 125, 126, 127]","[0, 3, 5, 10, 12, 15]",32,"[0, 1, 2, 3, 4, 5, 6, 7, 40, 41, 42, 43, 44, 45, 46, 47, 80, 81, 82, 83, 84, 85, 86, 87, 120, 121, 122, 123, 124, 125, 126, 127]","[0, 5, 10, 15]",DIFF_SB_SR_25,structural_overapprox_mode_simplified
SB_28,SB,28,1,differential,8,"[24, 25, 26, 27, 28, 29, 30, 31]",[3],8,"[24, 25, 26, 27, 28, 29, 30, 31]",[3],DIFF_SB_SR_28,structural_overapprox_mode_simplified
SB_28,SB,28,2,differential,48,"[0, 1, 2, 3, 4, 5, 6, 7, 24, 25, 26, 27, 28, 29, 30, 31, 40, 41, 42, 43, 44, 45, 46, 47, 80, 81, 82, 83, 84, 85, 86, 87, 96, 97, 98, 99, 100, 101, 102, 103, 120, 121, 122, 123, 124, 125, 126, 127]","[0, 3, 5, 10, 12, 15]",32,"[0, 1, 2, 3, 4, 5, 6, 7, 40, 41, 42, 43, 44, 45, 46, 47, 80, 81, 82, 83, 84, 85, 86, 87, 120, 121, 122, 123, 124, 125, 126, 127]","[0, 5, 10, 15]",DIFF_SB_SR_28,structural_overapprox_mode_simplified
SB_3,SB,3,1,differential,8,"[0, 1, 2, 3, 4, 5, 6, 7]",[0],8,"[0, 1, 2, 3, 4, 5, 6, 7]",[0],DIFF_SB_SR_3,structural_overapprox_mode_simplified
SB_3,SB,3,2,differential,40,"[0, 1, 2, 3, 4, 5, 6, 7, 40, 41, 42, 43, 44, 45, 46, 47, 80, 81, 82, 83, 84, 85, 86, 87, 104, 105, 106, 107, 108, 109, 110, 111, 120, 121, 122, 123, 124, 125, 126, 127]","[0, 5, 10, 13, 15]",32,"[0, 1, 2, 3, 4, 5, 6, 7, 40, 41, 42, 43, 44, 45, 46, 47, 80, 81, 82, 83, 84, 85, 86, 87, 120, 121, 122, 123, 124, 125, 126, 127]","[0, 5, 10, 15]",DIFF_SB_SR_3,structural_overapprox_mode_simplified
SB_30,SB,30,1,differential,8,"[24, 25, 26, 27, 28, 29, 30, 31]",[3],8,"[24, 25, 26, 27, 28, 29, 30, 31]",[3],DIFF_SB_SR_30,structural_overapprox_mode_simplified
SB_30,SB,30,2,differential,48,"[0, 1, 2, 3, 4, 5, 6, 7, 24, 25, 26, 27, 28, 29, 30, 31, 40, 41, 42, 43, 44, 45, 46, 47, 80, 81, 82, 83, 84, 85, 86, 87, 96, 97, 98, 99, 100, 101, 102, 103, 120, 121, 122, 123, 124, 125, 126, 127]","[0, 3, 5, 10, 12, 15]",32,"[0, 1, 2, 3, 4, 5, 6, 7, 40, 41, 42, 43, 44, 45, 46, 47, 80, 81, 82, 83, 84, 85, 86, 87, 120, 121, 122, 123, 124, 125, 126, 127]","[0, 5, 10, 15]",DIFF_SB_SR_30,structural_overapprox_mode_simplified
SB_32,SB,32,1,differential,8,"[32, 33, 34, 35, 36, 37, 38, 39]",[4],8,"[32, 33, 34, 35, 36, 37, 38, 39]",[4],DIFF_SB_SR_32,structural_overapprox_mode_simplified
SB_32,SB,32,2,differential,48,"[0, 1, 2, 3, 4, 5, 6, 7, 24, 25, 26, 27, 28, 29, 30, 31, 32, 33, 34, 35, 36, 37, 38, 39, 72, 73, 74, 75, 76, 77, 78, 79, 104, 105, 106, 107, 108, 109, 110, 111, 112, 113, 114, 115, 116, 117, 118, 119]","[0, 3, 4, 9, 13, 14]",32,"[24, 25, 26, 27, 28, 29, 30, 31, 32, 33, 34, 35, 36, 37, 38, 39, 72, 73, 74, 75, 76, 77, 78, 79, 112, 113, 114, 115, 116, 117, 118, 119]","[3, 4, 9, 14]",DIFF_SB_SR_32,structural_overapprox_mode_simplified
SB_33,SB,33,1,differential,8,"[32, 33, 34, 35, 36, 37, 38, 39]",[4],8,"[32, 33, 34, 35, 36, 37, 38, 39]",[4],DIFF_SB_SR_33,structural_overapprox_mode_simplified
SB_33,SB,33,2,differential,48,"[0, 1, 2, 3, 4, 5, 6, 7, 24, 25, 26, 27, 28, 29, 30, 31, 32, 33, 34, 35, 36, 37, 38, 39, 72, 73, 74, 75, 76, 77, 78, 79, 104, 105, 106, 107, 108, 109, 110, 111, 112, 113, 114, 115, 116, 117, 118, 119]","[0, 3, 4, 9, 13, 14]",32,"[24, 25, 26, 27, 28, 29, 30, 31, 32, 33, 34, 35, 36, 37, 38, 39, 72, 73, 74, 75, 76, 77, 78, 79, 112, 113, 114, 115, 116, 117, 118, 119]","[3, 4, 9, 14]",DIFF_SB_SR_33,structural_overapprox_mode_simplified
SB_34,SB,34,1,differential,8,"[32, 33, 34, 35, 36, 37, 38, 39]",[4],8,"[32, 33, 34, 35, 36, 37, 38, 39]",[4],DIFF_SB_SR_34,structural_overapprox_mode_simplified
SB_34,SB,34,2,differential,48,"[0, 1, 2, 3, 4, 5, 6, 7, 24, 25, 26, 27, 28, 29, 30, 31, 32, 33, 34, 35, 36, 37, 38, 39, 72, 73, 74, 75, 76, 77, 78, 79, 104, 105, 106, 107, 108, 109, 110, 111, 112, 113, 114, 115, 116, 117, 118, 119]","[0, 3, 4, 9, 13, 14]",32,"[24, 25, 26, 27, 28, 29, 30, 31, 32, 33, 34, 35, 36, 37, 38, 39, 72, 73, 74, 75, 76, 77, 78, 79, 112, 113, 114, 115, 116, 117, 118, 119]","[3, 4, 9, 14]",DIFF_SB_SR_34,structural_overapprox_mode_simplified
SB_35,SB,35,1,differential,8,"[32, 33, 34, 35, 36, 37, 38, 39]",[4],8,"[32, 33, 34, 35, 36, 37, 38, 39]",[4],DIFF_SB_SR_35,structural_overapprox_mode_simplified
SB_35,SB,35,2,differential,48,"[0, 1, 2, 3, 4, 5, 6, 7, 24, 25, 26, 27, 28, 29, 30, 31, 32, 33, 34, 35, 36, 37, 38, 39, 72, 73, 74, 75, 76, 77, 78, 79, 104, 105, 106, 107, 108, 109, 110, 111, 112, 113, 114, 115, 116, 117, 118, 119]","[0, 3, 4, 9, 13, 14]",32,"[24, 25, 26, 27, 28, 29, 30, 31, 32, 33, 34, 35, 36, 37, 38, 39, 72, 73, 74, 75, 76, 77, 78, 79, 112, 113, 114, 115, 116, 117, 118, 119]","[3, 4, 9, 14]",DIFF_SB_SR_35,structural_overapprox_mode_simplified
SB_37,SB,37,1,differential,8,"[32, 33, 34, 35, 36, 37, 38, 39]",[4],8,"[32, 33, 34, 35, 36, 37, 38, 39]",[4],DIFF_SB_SR_37,structural_overapprox_mode_simplified
SB_37,SB,37,2,differential,48,"[0, 1, 2, 3, 4, 5, 6, 7, 24, 25, 26, 27, 28, 29, 30, 31, 32, 33, 34, 35, 36, 37, 38, 39, 72, 73, 74, 75, 76, 77, 78, 79, 104, 105, 106, 107, 108, 109, 110, 111, 112, 113, 114, 115, 116, 117, 118, 119]","[0, 3, 4, 9, 13, 14]",32,"[24, 25, 26, 27, 28, 29, 30, 31, 32, 33, 34, 35, 36, 37, 38, 39, 72, 73, 74, 75, 76, 77, 78, 79, 112, 113, 114, 115, 116, 117, 118, 119]","[3, 4, 9, 14]",DIFF_SB_SR_37,structural_overapprox_mode_simplified
SB_38,SB,38,1,differential,8,"[32, 33, 34, 35, 36, 37, 38, 39]",[4],8,"[32, 33, 34, 35, 36, 37, 38, 39]",[4],DIFF_SB_SR_38,structural_overapprox_mode_simplified
SB_38,SB,38,2,differential,48,"[0, 1, 2, 3, 4, 5, 6, 7, 24, 25, 26, 27, 28, 29, 30, 31, 32, 33, 34, 35, 36, 37, 38, 39, 72, 73, 74, 75, 76, 77, 78, 79, 104, 105, 106, 107, 108, 109, 110, 111, 112, 113, 114, 115, 116, 117, 118, 119]","[0, 3, 4, 9, 13, 14]",32,"[24, 25, 26, 27, 28, 29, 30, 31, 32, 33, 34, 35, 36, 37, 38, 39, 72, 73, 74, 75, 76, 77, 78, 79, 112, 113, 114, 115, 116, 117, 118, 119]","[3, 4, 9, 14]",DIFF_SB_SR_38,structural_overapprox_mode_simplified
SB_39,SB,39,1,differential,8,"[32, 33, 34, 35, 36, 37, 38, 39]",[4],8,"[32, 33, 34, 35, 36, 37, 38, 39]",[4],DIFF_SB_SR_39,structural_overapprox_mode_simplified
SB_39,SB,39,2,differential,48,"[0, 1, 2, 3, 4, 5, 6, 7, 24, 25, 26, 27, 28, 29, 30, 31, 32, 33, 34, 35, 36, 37, 38, 39, 72, 73, 74, 75, 76, 77, 78, 79, 104, 105, 106, 107, 108, 109, 110, 111, 112, 113, 114, 115, 116, 117, 118, 119]","[0, 3, 4, 9, 13, 14]",32,"[24, 25, 26, 27, 28, 29, 30, 31, 32, 33, 34, 35, 36, 37, 38, 39, 72, 73, 74, 75, 76, 77, 78, 79, 112, 113, 114, 115, 116, 117, 118, 119]","[3, 4, 9, 14]",DIFF_SB_SR_39,structural_overapprox_mode_simplified
SB_4,SB,4,1,differential,8,"[0, 1, 2, 3, 4, 5, 6, 7]",[0],8,"[0, 1, 2, 3, 4, 5, 6, 7]",[0],DIFF_SB_SR_4,structural_overapprox_mode_simplified
SB_4,SB,4,2,differential,40,"[0, 1, 2, 3, 4, 5, 6, 7, 40, 41, 42, 43, 44, 45, 46, 47, 80, 81, 82, 83, 84, 85, 86, 87, 104, 105, 106, 107, 108, 109, 110, 111, 120, 121, 122, 123, 124, 125, 126, 127]","[0, 5, 10, 13, 15]",32,"[0, 1, 2, 3, 4, 5, 6, 7, 40, 41, 42, 43, 44, 45, 46, 47, 80, 81, 82, 83, 84, 85, 86, 87, 120, 121, 122, 123, 124, 125, 126, 127]","[0, 5, 10, 15]",DIFF_SB_SR_4,structural_overapprox_mode_simplified
SB_40,SB,40,1,differential,8,"[40, 41, 42, 43, 44, 45, 46, 47]",[5],8,"[40, 41, 42, 43, 44, 45, 46, 47]",[5],DIFF_SB_SR_40,structural_overapprox_mode_simplified
SB_40,SB,40,2,differential,48,"[8, 9, 10, 11, 12, 13, 14, 15, 24, 25, 26, 27, 28, 29, 30, 31, 32, 33, 34, 35, 36, 37, 38, 39, 40, 41, 42, 43, 44, 45, 46, 47, 72, 73, 74, 75, 76, 77, 78, 79, 112, 113, 114, 115, 116, 117, 118, 119]","[1, 3, 4, 5, 9, 14]",32,"[24, 25, 26, 27, 28, 29, 30, 31, 32, 33, 34, 35, 36, 37, 38, 39, 72, 73, 74, 75, 76, 77, 78, 79, 112, 113, 114, 115, 116, 117, 118, 119]","[3, 4, 9, 14]",DIFF_SB_SR_40,structural_overapprox_mode_simplified
SB_43,SB,43,1,differential,8,"[40, 41, 42, 43, 44, 45, 46, 47]",[5],8,"[40, 41, 42, 43, 44, 45, 46, 47]",[5],DIFF_SB_SR_43,structural_overapprox_mode_simplified
SB_43,SB,43,2,differential,48,"[8, 9, 10, 11, 12, 13, 14, 15, 24, 25, 26, 27, 28, 29, 30, 31, 32, 33, 34, 35, 36, 37, 38, 39, 40, 41, 42, 43, 44, 45, 46, 47, 72, 73, 74, 75, 76, 77, 78, 79, 112, 113, 114, 115, 116, 117, 118, 119]","[1, 3, 4, 5, 9, 14]",32,"[24, 25, 26, 27, 28, 29, 30, 31, 32, 33, 34, 35, 36, 37, 38, 39, 72, 73, 74, 75, 76, 77, 78, 79, 112, 113, 114, 115, 116, 117, 118, 119]","[3, 4, 9, 14]",DIFF_SB_SR_43,structural_overapprox_mode_simplified
SB_44,SB,44,1,differential,8,"[40, 41, 42, 43, 44, 45, 46, 47]",[5],8,"[40, 41, 42, 43, 44, 45, 46, 47]",[5],DIFF_SB_SR_44,structural_overapprox_mode_simplified
SB_44,SB,44,2,differential,48,"[8, 9, 10, 11, 12, 13, 14, 15, 24, 25, 26, 27, 28, 29, 30, 31, 32, 33, 34, 35, 36, 37, 38, 39, 40, 41, 42, 43, 44, 45, 46, 47, 72, 73, 74, 75, 76, 77, 78, 79, 112, 113, 114, 115, 116, 117, 118, 119]","[1, 3, 4, 5, 9, 14]",32,"[24, 25, 26, 27, 28, 29, 30, 31, 32, 33, 34, 35, 36, 37, 38, 39, 72, 73, 74, 75, 76, 77, 78, 79, 112, 113, 114, 115, 116, 117, 118, 119]","[3, 4, 9, 14]",DIFF_SB_SR_44,structural_overapprox_mode_simplified
SB_46,SB,46,1,differential,8,"[40, 41, 42, 43, 44, 45, 46, 47]",[5],8,"[40, 41, 42, 43, 44, 45, 46, 47]",[5],DIFF_SB_SR_46,structural_overapprox_mode_simplified
SB_46,SB,46,2,differential,48,"[8, 9, 10, 11, 12, 13, 14, 15, 24, 25, 26, 27, 28, 29, 30, 31, 32, 33, 34, 35, 36, 37, 38, 39, 40, 41, 42, 43, 44, 45, 46, 47, 72, 73, 74, 75, 76, 77, 78, 79, 112, 113, 114, 115, 116, 117, 118, 119]","[1, 3, 4, 5, 9, 14]",32,"[24, 25, 26, 27, 28, 29, 30, 31, 32, 33, 34, 35, 36, 37, 38, 39, 72, 73, 74, 75, 76, 77, 78, 79, 112, 113, 114, 115, 116, 117, 118, 119]","[3, 4, 9, 14]",DIFF_SB_SR_46,structural_overapprox_mode_simplified
SB_47,SB,47,1,differential,8,"[40, 41, 42, 43, 44, 45, 46, 47]",[5],8,"[40, 41, 42, 43, 44, 45, 46, 47]",[5],DIFF_SB_SR_47,structural_overapprox_mode_simplified
SB_47,SB,47,2,differential,48,"[8, 9, 10, 11, 12, 13, 14, 15, 24, 25, 26, 27, 28, 29, 30, 31, 32, 33, 34, 35, 36, 37, 38, 39, 40, 41, 42, 43, 44, 45, 46, 47, 72, 73, 74, 75, 76, 77, 78, 79, 112, 113, 114, 115, 116, 117, 118, 119]","[1, 3, 4, 5, 9, 14]",32,"[24, 25, 26, 27, 28, 29, 30, 31, 32, 33, 34, 35, 36, 37, 38, 39, 72, 73, 74, 75, 76, 77, 78, 79, 112, 113, 114, 115, 116, 117, 118, 119]","[3, 4, 9, 14]",DIFF_SB_SR_47,structural_overapprox_mode_simplified
SB_48,SB,48,1,differential,8,"[48, 49, 50, 51, 52, 53, 54, 55]",[6],8,"[48, 49, 50, 51, 52, 53, 54, 55]",[6],DIFF_SB_SR_48,structural_overapprox_mode_simplified
SB_48,SB,48,2,differential,56,"[16, 17, 18, 19, 20, 21, 22, 23, 24, 25, 26, 27, 28, 29, 30, 31, 32, 33, 34, 35, 36, 37, 38, 39, 48, 49, 50, 51, 52, 53, 54, 55, 72, 73, 74, 75, 76, 77, 78, 79, 112, 113, 114, 115, 116, 117, 118, 119, 120, 121, 122, 123, 124, 125, 126, 127]","[2, 3, 4, 6, 9, 14, 15]",32,"[24, 25, 26, 27, 28, 29, 30, 31, 32, 33, 34, 35, 36, 37, 38, 39, 72, 73, 74, 75, 76, 77, 78, 79, 112, 113, 114, 115, 116, 117, 118, 119]","[3, 4, 9, 14]",DIFF_SB_SR_48,structural_overapprox_mode_simplified
SB_49,SB,49,1,differential,8,"[48, 49, 50, 51, 52, 53, 54, 55]",[6],8,"[48, 49, 50, 51, 52, 53, 54, 55]",[6],DIFF_SB_SR_49,structural_overapprox_mode_simplified
SB_49,SB,49,2,differential,56,"[16, 17, 18, 19, 20, 21, 22, 23, 24, 25, 26, 27, 28, 29, 30, 31, 32, 33, 34, 35, 36, 37, 38, 39, 48, 49, 50, 51, 52, 53, 54, 55, 72, 73, 74, 75, 76, 77, 78, 79, 112, 113, 114, 115, 116, 117, 118, 119, 120, 121, 122, 123, 124, 125, 126, 127]","[2, 3, 4, 6, 9, 14, 15]",32,"[24, 25, 26, 27, 28, 29, 30, 31, 32, 33, 34, 35, 36, 37, 38, 39, 72, 73, 74, 75, 76, 77, 78, 79, 112, 113, 114, 115, 116, 117, 118, 119]","[3, 4, 9, 14]",DIFF_SB_SR_49,structural_overapprox_mode_simplified
SB_5,SB,5,1,differential,8,"[0, 1, 2, 3, 4, 5, 6, 7]",[0],8,"[0, 1, 2, 3, 4, 5, 6, 7]",[0],DIFF_SB_SR_5,structural_overapprox_mode_simplified
SB_5,SB,5,2,differential,40,"[0, 1, 2, 3, 4, 5, 6, 7, 40, 41, 42, 43, 44, 45, 46, 47, 80, 81, 82, 83, 84, 85, 86, 87, 104, 105, 106, 107, 108, 109, 110, 111, 120, 121, 122, 123, 124, 125, 126, 127]","[0, 5, 10, 13, 15]",32,"[0, 1, 2, 3, 4, 5, 6, 7, 40, 41, 42, 43, 44, 45, 46, 47, 80, 81, 82, 83, 84, 85, 86, 87, 120, 121, 122, 123, 124, 125, 126, 127]","[0, 5, 10, 15]",DIFF_SB_SR_5,structural_overapprox_mode_simplified
SB_50,SB,50,1,differential,8,"[48, 49, 50, 51, 52, 53, 54, 55]",[6],8,"[48, 49, 50, 51, 52, 53, 54, 55]",[6],DIFF_SB_SR_50,structural_overapprox_mode_simplified
SB_50,SB,50,2,differential,56,"[16, 17, 18, 19, 20, 21, 22, 23, 24, 25, 26, 27, 28, 29, 30, 31, 32, 33, 34, 35, 36, 37, 38, 39, 48, 49, 50, 51, 52, 53, 54, 55, 72, 73, 74, 75, 76, 77, 78, 79, 112, 113, 114, 115, 116, 117, 118, 119, 120, 121, 122, 123, 124, 125, 126, 127]","[2, 3, 4, 6, 9, 14, 15]",32,"[24, 25, 26, 27, 28, 29, 30, 31, 32, 33, 34, 35, 36, 37, 38, 39, 72, 73, 74, 75, 76, 77, 78, 79, 112, 113, 114, 115, 116, 117, 118, 119]","[3, 4, 9, 14]",DIFF_SB_SR_50,structural_overapprox_mode_simplified
SB_53,SB,53,1,differential,8,"[48, 49, 50, 51, 52, 53, 54, 55]",[6],8,"[48, 49, 50, 51, 52, 53, 54, 55]",[6],DIFF_SB_SR_53,structural_overapprox_mode_simplified
SB_53,SB,53,2,differential,56,"[16, 17, 18, 19, 20, 21, 22, 23, 24, 25, 26, 27, 28, 29, 30, 31, 32, 33, 34, 35, 36, 37, 38, 39, 48, 49, 50, 51, 52, 53, 54, 55, 72, 73, 74, 75, 76, 77, 78, 79, 112, 113, 114, 115, 116, 117, 118, 119, 120, 121, 122, 123, 124, 125, 126, 127]","[2, 3, 4, 6, 9, 14, 15]",32,"[24, 25, 26, 27, 28, 29, 30, 31, 32, 33, 34, 35, 36, 37, 38, 39, 72, 73, 74, 75, 76, 77, 78, 79, 112, 113, 114, 115, 116, 117, 118, 119]","[3, 4, 9, 14]",DIFF_SB_SR_53,structural_overapprox_mode_simplified
SB_54,SB,54,1,differential,8,"[48, 49, 50, 51, 52, 53, 54, 55]",[6],8,"[48, 49, 50, 51, 52, 53, 54, 55]",[6],DIFF_SB_SR_54,structural_overapprox_mode_simplified
SB_54,SB,54,2,differential,56,"[16, 17, 18, 19, 20, 21, 22, 23, 24, 25, 26, 27, 28, 29, 30, 31, 32, 33, 34, 35, 36, 37, 38, 39, 48, 49, 50, 51, 52, 53, 54, 55, 72, 73, 74, 75, 76, 77, 78, 79, 112, 113, 114, 115, 116, 117, 118, 119, 120, 121, 122, 123, 124, 125, 126, 127]","[2, 3, 4, 6, 9, 14, 15]",32,"[24, 25, 26, 27, 28, 29, 30, 31, 32, 33, 34, 35, 36, 37, 38, 39, 72, 73, 74, 75, 76, 77, 78, 79, 112, 113, 114, 115, 116, 117, 118, 119]","[3, 4, 9, 14]",DIFF_SB_SR_54,structural_overapprox_mode_simplified
SB_55,SB,55,1,differential,8,"[48, 49, 50, 51, 52, 53, 54, 55]",[6],8,"[48, 49, 50, 51, 52, 53, 54, 55]",[6],DIFF_SB_SR_55,structural_overapprox_mode_simplified
SB_55,SB,55,2,differential,56,"[16, 17, 18, 19, 20, 21, 22, 23, 24, 25, 26, 27, 28, 29, 30, 31, 32, 33, 34, 35, 36, 37, 38, 39, 48, 49, 50, 51, 52, 53, 54, 55, 72, 73, 74, 75, 76, 77, 78, 79, 112, 113, 114, 115, 116, 117, 118, 119, 120, 121, 122, 123, 124, 125, 126, 127]","[2, 3, 4, 6, 9, 14, 15]",32,"[24, 25, 26, 27, 28, 29, 30, 31, 32, 33, 34, 35, 36, 37, 38, 39, 72, 73, 74, 75, 76, 77, 78, 79, 112, 113, 114, 115, 116, 117, 118, 119]","[3, 4, 9, 14]",DIFF_SB_SR_55,structural_overapprox_mode_simplified
SB_57,SB,57,1,differential,8,"[56, 57, 58, 59, 60, 61, 62, 63]",[7],8,"[56, 57, 58, 59, 60, 61, 62, 63]",[7],DIFF_SB_SR_57,structural_overapprox_mode_simplified
SB_57,SB,57,2,differential,48,"[24, 25, 26, 27, 28, 29, 30, 31, 32, 33, 34, 35, 36, 37, 38, 39, 56, 57, 58, 59, 60, 61, 62, 63, 72, 73, 74, 75, 76, 77, 78, 79, 96, 97, 98, 99, 100, 101, 102, 103, 112, 113, 114, 115, 116, 117, 118, 119]","[3, 4, 7, 9, 12, 14]",32,"[24, 25, 26, 27, 28, 29, 30, 31, 32, 33, 34, 35, 36, 37, 38, 39, 72, 73, 74, 75, 76, 77, 78, 79, 112, 113, 114, 115, 116, 117, 118, 119]","[3, 4, 9, 14]",DIFF_SB_SR_57,structural_overapprox_mode_simplified
SB_59,SB,59,1,differential,8,"[56, 57, 58, 59, 60, 61, 62, 63]",[7],8,"[56, 57, 58, 59, 60, 61, 62, 63]",[7],DIFF_SB_SR_59,structural_overapprox_mode_simplified
SB_59,SB,59,2,differential,48,"[24, 25, 26, 27, 28, 29, 30, 31, 32, 33, 34, 35, 36, 37, 38, 39, 56, 57, 58, 59, 60, 61, 62, 63, 72, 73, 74, 75, 76, 77, 78, 79, 96, 97, 98, 99, 100, 101, 102, 103, 112, 113, 114, 115, 116, 117, 118, 119]","[3, 4, 7, 9, 12, 14]",32,"[24, 25, 26, 27, 28, 29, 30, 31, 32, 33, 34, 35, 36, 37, 38, 39, 72, 73, 74, 75, 76, 77, 78, 79, 112, 113, 114, 115, 116, 117, 118, 119]","[3, 4, 9, 14]",DIFF_SB_SR_59,structural_overapprox_mode_simplified
SB_62,SB,62,1,differential,8,"[56, 57, 58, 59, 60, 61, 62, 63]",[7],8,"[56, 57, 58, 59, 60, 61, 62, 63]",[7],DIFF_SB_SR_62,structural_overapprox_mode_simplified
SB_62,SB,62,2,differential,48,"[24, 25, 26, 27, 28, 29, 30, 31, 32, 33, 34, 35, 36, 37, 38, 39, 56, 57, 58, 59, 60, 61, 62, 63, 72, 73, 74, 75, 76, 77, 78, 79, 96, 97, 98, 99, 100, 101, 102, 103, 112, 113, 114, 115, 116, 117, 118, 119]","[3, 4, 7, 9, 12, 14]",32,"[24, 25, 26, 27, 28, 29, 30, 31, 32, 33, 34, 35, 36, 37, 38, 39, 72, 73, 74, 75, 76, 77, 78, 79, 112, 113, 114, 115, 116, 117, 118, 119]","[3, 4, 9, 14]",DIFF_SB_SR_62,structural_overapprox_mode_simplified
SB_66,SB,66,1,differential,8,"[64, 65, 66, 67, 68, 69, 70, 71]",[8],8,"[64, 65, 66, 67, 68, 69, 70, 71]",[8],DIFF_SB_SR_66,structural_overapprox_mode_simplified
SB_66,SB,66,2,differential,48,"[0, 1, 2, 3, 4, 5, 6, 7, 16, 17, 18, 19, 20, 21, 22, 23, 32, 33, 34, 35, 36, 37, 38, 39, 56, 57, 58, 59, 60, 61, 62, 63, 64, 65, 66, 67, 68, 69, 70, 71, 104, 105, 106, 107, 108, 109, 110, 111]","[0, 2, 4, 7, 8, 13]",32,"[16, 17, 18, 19, 20, 21, 22, 23, 56, 57, 58, 59, 60, 61, 62, 63, 64, 65, 66, 67, 68, 69, 70, 71, 104, 105, 106, 107, 108, 109, 110, 111]","[2, 7, 8, 13]",DIFF_SB_SR_66,structural_overapprox_mode_simplified
SB_67,SB,67,1,differential,8,"[64, 65, 66, 67, 68, 69, 70, 71]",[8],8,"[64, 65, 66, 67, 68, 69, 70, 71]",[8],DIFF_SB_SR_67,structural_overapprox_mode_simplified
SB_67,SB,67,2,differential,48,"[0, 1, 2, 3, 4, 5, 6, 7, 16, 17, 18, 19, 20, 21, 22, 23, 32, 33, 34, 35, 36, 37, 38, 39, 56, 57, 58, 59, 60, 61, 62, 63, 64, 65, 66, 67, 68, 69, 70, 71, 104, 105, 106, 107, 108, 109, 110, 111]","[0, 2, 4, 7, 8, 13]",32,"[16, 17, 18, 19, 20, 21, 22, 23, 56, 57, 58, 59, 60, 61, 62, 63, 64, 65, 66, 67, 68, 69, 70, 71, 104, 105, 106, 107, 108, 109, 110, 111]","[2, 7, 8, 13]",DIFF_SB_SR_67,structural_overapprox_mode_simplified
SB_68,SB,68,1,differential,8,"[64, 65, 66, 67, 68, 69, 70, 71]",[8],8,"[64, 65, 66, 67, 68, 69, 70, 71]",[8],DIFF_SB_SR_68,structural_overapprox_mode_simplified
SB_68,SB,68,2,differential,48,"[0, 1, 2, 3, 4, 5, 6, 7, 16, 17, 18, 19, 20, 21, 22, 23, 32, 33, 34, 35, 36, 37, 38, 39, 56, 57, 58, 59, 60, 61, 62, 63, 64, 65, 66, 67, 68, 69, 70, 71, 104, 105, 106, 107, 108, 109, 110, 111]","[0, 2, 4, 7, 8, 13]",32,"[16, 17, 18, 19, 20, 21, 22, 23, 56, 57, 58, 59, 60, 61, 62, 63, 64, 65, 66, 67, 68, 69, 70, 71, 104, 105, 106, 107, 108, 109, 110, 111]","[2, 7, 8, 13]",DIFF_SB_SR_68,structural_overapprox_mode_simplified
SB_69,SB,69,1,differential,8,"[64, 65, 66, 67, 68, 69, 70, 71]",[8],8,"[64, 65, 66, 67, 68, 69, 70, 71]",[8],DIFF_SB_SR_69,structural_overapprox_mode_simplified
SB_69,SB,69,2,differential,48,"[0, 1, 2, 3, 4, 5, 6, 7, 16, 17, 18, 19, 20, 21, 22, 23, 32, 33, 34, 35, 36, 37, 38, 39, 56, 57, 58, 59, 60, 61, 62, 63, 64, 65, 66, 67, 68, 69, 70, 71, 104, 105, 106, 107, 108, 109, 110, 111]","[0, 2, 4, 7, 8, 13]",32,"[16, 17, 18, 19, 20, 21, 22, 23, 56, 57, 58, 59, 60, 61, 62, 63, 64, 65, 66, 67, 68, 69, 70, 71, 104, 105, 106, 107, 108, 109, 110, 111]","[2, 7, 8, 13]",DIFF_SB_SR_69,structural_overapprox_mode_simplified
SB_7,SB,7,1,differential,8,"[0, 1, 2, 3, 4, 5, 6, 7]",[0],8,"[0, 1, 2, 3, 4, 5, 6, 7]",[0],DIFF_SB_SR_7,structural_overapprox_mode_simplified
SB_7,SB,7,2,differential,40,"[0, 1, 2, 3, 4, 5, 6, 7, 40, 41, 42, 43, 44, 45, 46, 47, 80, 81, 82, 83, 84, 85, 86, 87, 104, 105, 106, 107, 108, 109, 110, 111, 120, 121, 122, 123, 124, 125, 126, 127]","[0, 5, 10, 13, 15]",32,"[0, 1, 2, 3, 4, 5, 6, 7, 40, 41, 42, 43, 44, 45, 46, 47, 80, 81, 82, 83, 84, 85, 86, 87, 120, 121, 122, 123, 124, 125, 126, 127]","[0, 5, 10, 15]",DIFF_SB_SR_7,structural_overapprox_mode_simplified
SB_71,SB,71,1,differential,8,"[64, 65, 66, 67, 68, 69, 70, 71]",[8],8,"[64, 65, 66, 67, 68, 69, 70, 71]",[8],DIFF_SB_SR_71,structural_overapprox_mode_simplified
SB_71,SB,71,2,differential,48,"[0, 1, 2, 3, 4, 5, 6, 7, 16, 17, 18, 19, 20, 21, 22, 23, 32, 33, 34, 35, 36, 37, 38, 39, 56, 57, 58, 59, 60, 61, 62, 63, 64, 65, 66, 67, 68, 69, 70, 71, 104, 105, 106, 107, 108, 109, 110, 111]","[0, 2, 4, 7, 8, 13]",32,"[16, 17, 18, 19, 20, 21, 22, 23, 56, 57, 58, 59, 60, 61, 62, 63, 64, 65, 66, 67, 68, 69, 70, 71, 104, 105, 106, 107, 108, 109, 110, 111]","[2, 7, 8, 13]",DIFF_SB_SR_71,structural_overapprox_mode_simplified
SB_73,SB,73,1,differential,8,"[72, 73, 74, 75, 76, 77, 78, 79]",[9],8,"[72, 73, 74, 75, 76, 77, 78, 79]",[9],DIFF_SB_SR_73,structural_overapprox_mode_simplified
SB_73,SB,73,2,differential,64,"[8, 9, 10, 11, 12, 13, 14, 15, 16, 17, 18, 19, 20, 21, 22, 23, 40, 41, 42, 43, 44, 45, 46, 47, 56, 57, 58, 59, 60, 61, 62, 63, 64, 65, 66, 67, 68, 69, 70, 71, 72, 73, 74, 75, 76, 77, 78, 79, 104, 105, 106, 107, 108, 109, 110, 111, 112, 113, 114, 115, 116, 117, 118, 119]","[1, 2, 5, 7, 8, 9, 13, 14]",32,"[16, 17, 18, 19, 20, 21, 22, 23, 56, 57, 58, 59, 60, 61, 62, 63, 64, 65, 66, 67, 68, 69, 70, 71, 104, 105, 106, 107, 108, 109, 110, 111]","[2, 7, 8, 13]",DIFF_SB_SR_73,structural_overapprox_mode_simplified
SB_74,SB,74,1,differential,8,"[72, 73, 74, 75, 76, 77, 78, 79]",[9],8,"[72, 73, 74, 75, 76, 77, 78, 79]",[9],DIFF_SB_SR_74,structural_overapprox_mode_simplified
SB_74,SB,74,2,differential,64,"[8, 9, 10, 11, 12, 13, 14, 15, 16, 17, 18, 19, 20, 21, 22, 23, 40, 41, 42, 43, 44, 45, 46, 47, 56, 57, 58, 59, 60, 61, 62, 63, 64, 65, 66, 67, 68, 69, 70, 71, 72, 73, 74, 75, 76, 77, 78, 79, 104, 105, 106, 107, 108, 109, 110, 111, 112, 113, 114, 115, 116, 117, 118, 119]","[1, 2, 5, 7, 8, 9, 13, 14]",32,"[16, 17, 18, 19, 20, 21, 22, 23, 56, 57, 58, 59, 60, 61, 62, 63, 64, 65, 66, 67, 68, 69, 70, 71, 104, 105, 106, 107, 108, 109, 110, 111]","[2, 7, 8, 13]",DIFF_SB_SR_74,structural_overapprox_mode_simplified
SB_76,SB,76,1,differential,8,"[72, 73, 74, 75, 76, 77, 78, 79]",[9],8,"[72, 73, 74, 75, 76, 77, 78, 79]",[9],DIFF_SB_SR_76,structural_overapprox_mode_simplified
SB_76,SB,76,2,differential,64,"[8, 9, 10, 11, 12, 13, 14, 15, 16, 17, 18, 19, 20, 21, 22, 23, 40, 41, 42, 43, 44, 45, 46, 47, 56, 57, 58, 59, 60, 61, 62, 63, 64, 65, 66, 67, 68, 69, 70, 71, 72, 73, 74, 75, 76, 77, 78, 79, 104, 105, 106, 107, 108, 109, 110, 111, 112, 113, 114, 115, 116, 117, 118, 119]","[1, 2, 5, 7, 8, 9, 13, 14]",32,"[16, 17, 18, 19, 20, 21, 22, 23, 56, 57, 58, 59, 60, 61, 62, 63, 64, 65, 66, 67, 68, 69, 70, 71, 104, 105, 106, 107, 108, 109, 110, 111]","[2, 7, 8, 13]",DIFF_SB_SR_76,structural_overapprox_mode_simplified
SB_79,SB,79,1,differential,8,"[72, 73, 74, 75, 76, 77, 78, 79]",[9],8,"[72, 73, 74, 75, 76, 77, 78, 79]",[9],DIFF_SB_SR_79,structural_overapprox_mode_simplified
SB_79,SB,79,2,differential,64,"[8, 9, 10, 11, 12, 13, 14, 15, 16, 17, 18, 19, 20, 21, 22, 23, 40, 41, 42, 43, 44, 45, 46, 47, 56, 57, 58, 59, 60, 61, 62, 63, 64, 65, 66, 67, 68, 69, 70, 71, 72, 73, 74, 75, 76, 77, 78, 79, 104, 105, 106, 107, 108, 109, 110, 111, 112, 113, 114, 115, 116, 117, 118, 119]","[1, 2, 5, 7, 8, 9, 13, 14]",32,"[16, 17, 18, 19, 20, 21, 22, 23, 56, 57, 58, 59, 60, 61, 62, 63, 64, 65, 66, 67, 68, 69, 70, 71, 104, 105, 106, 107, 108, 109, 110, 111]","[2, 7, 8, 13]",DIFF_SB_SR_79,structural_overapprox_mode_simplified
SB_81,SB,81,1,differential,8,"[80, 81, 82, 83, 84, 85, 86, 87]",[10],8,"[80, 81, 82, 83, 84, 85, 86, 87]",[10],DIFF_SB_SR_81,structural_overapprox_mode_simplified
SB_81,SB,81,2,differential,56,"[16, 17, 18, 19, 20, 21, 22, 23, 48, 49, 50, 51, 52, 53, 54, 55, 56, 57, 58, 59, 60, 61, 62, 63, 64, 65, 66, 67, 68, 69, 70, 71, 80, 81, 82, 83, 84, 85, 86, 87, 104, 105, 106, 107, 108, 109, 110, 111, 120, 121, 122, 123, 124, 125, 126, 127]","[2, 6, 7, 8, 10, 13, 15]",32,"[16, 17, 18, 19, 20, 21, 22, 23, 56, 57, 58, 59, 60, 61, 62, 63, 64, 65, 66, 67, 68, 69, 70, 71, 104, 105, 106, 107, 108, 109, 110, 111]","[2, 7, 8, 13]",DIFF_SB_SR_81,structural_overapprox_mode_simplified
SB_83,SB,83,1,differential,8,"[80, 81, 82, 83, 84, 85, 86, 87]",[10],8,"[80, 81, 82, 83, 84, 85, 86, 87]",[10],DIFF_SB_SR_83,structural_overapprox_mode_simplified
SB_83,SB,83,2,differential,56,"[16, 17, 18, 19, 20, 21, 22, 23, 48, 49, 50, 51, 52, 53, 54, 55, 56, 57, 58, 59, 60, 61, 62, 63, 64, 65, 66, 67, 68, 69, 70, 71, 80, 81, 82, 83, 84, 85, 86, 87, 104, 105, 106, 107, 108, 109, 110, 111, 120, 121, 122, 123, 124, 125, 126, 127]","[2, 6, 7, 8, 10, 13, 15]",32,"[16, 17, 18, 19, 20, 21, 22, 23, 56, 57, 58, 59, 60, 61, 62, 63, 64, 65, 66, 67, 68, 69, 70, 71, 104, 105, 106, 107, 108, 109, 110, 111]","[2, 7, 8, 13]",DIFF_SB_SR_83,structural_overapprox_mode_simplified
SB_86,SB,86,1,differential,8,"[80, 81, 82, 83, 84, 85, 86, 87]",[10],8,"[80, 81, 82, 83, 84, 85, 86, 87]",[10],DIFF_SB_SR_86,structural_overapprox_mode_simplified
SB_86,SB,86,2,differential,56,"[16, 17, 18, 19, 20, 21, 22, 23, 48, 49, 50, 51, 52, 53, 54, 55, 56, 57, 58, 59, 60, 61, 62, 63, 64, 65, 66, 67, 68, 69, 70, 71, 80, 81, 82, 83, 84, 85, 86, 87, 104, 105, 106, 107, 108, 109, 110, 111, 120, 121, 122, 123, 124, 125, 126, 127]","[2, 6, 7, 8, 10, 13, 15]",32,"[16, 17, 18, 19, 20, 21, 22, 23, 56, 57, 58, 59, 60, 61, 62, 63, 64, 65, 66, 67, 68, 69, 70, 71, 104, 105, 106, 107, 108, 109, 110, 111]","[2, 7, 8, 13]",DIFF_SB_SR_86,structural_overapprox_mode_simplified
SB_9,SB,9,1,differential,8,"[8, 9, 10, 11, 12, 13, 14, 15]",[1],8,"[8, 9, 10, 11, 12, 13, 14, 15]",[1],DIFF_SB_SR_9,structural_overapprox_mode_simplified
SB_9,SB,9,2,differential,48,"[0, 1, 2, 3, 4, 5, 6, 7, 8, 9, 10, 11, 12, 13, 14, 15, 40, 41, 42, 43, 44, 45, 46, 47, 80, 81, 82, 83, 84, 85, 86, 87, 112, 113, 114, 115, 116, 117, 118, 119, 120, 121, 122, 123, 124, 125, 126, 127]","[0, 1, 5, 10, 14, 15]",32,"[0, 1, 2, 3, 4, 5, 6, 7, 40, 41, 42, 43, 44, 45, 46, 47, 80, 81, 82, 83, 84, 85, 86, 87, 120, 121, 122, 123, 124, 125, 126, 127]","[0, 5, 10, 15]",DIFF_SB_SR_9,structural_overapprox_mode_simplified
SB_90,SB,90,1,differential,8,"[88, 89, 90, 91, 92, 93, 94, 95]",[11],8,"[88, 89, 90, 91, 92, 93, 94, 95]",[11],DIFF_SB_SR_90,structural_overapprox_mode_simplified
SB_90,SB,90,2,differential,56,"[16, 17, 18, 19, 20, 21, 22, 23, 24, 25, 26, 27, 28, 29, 30, 31, 56, 57, 58, 59, 60, 61, 62, 63, 64, 65, 66, 67, 68, 69, 70, 71, 88, 89, 90, 91, 92, 93, 94, 95, 96, 97, 98, 99, 100, 101, 102, 103, 104, 105, 106, 107, 108, 109, 110, 111]","[2, 3, 7, 8, 11, 12, 13]",32,"[16, 17, 18, 19, 20, 21, 22, 23, 56, 57, 58, 59, 60, 61, 62, 63, 64, 65, 66, 67, 68, 69, 70, 71, 104, 105, 106, 107, 108, 109, 110, 111]","[2, 7, 8, 13]",DIFF_SB_SR_90,structural_overapprox_mode_simplified
SB_91,SB,91,1,differential,8,"[88, 89, 90, 91, 92, 93, 94, 95]",[11],8,"[88, 89, 90, 91, 92, 93, 94, 95]",[11],DIFF_SB_SR_91,structural_overapprox_mode_simplified
SB_91,SB,91,2,differential,56,"[16, 17, 18, 19, 20, 21, 22, 23, 24, 25, 26, 27, 28, 29, 30, 31, 56, 57, 58, 59, 60, 61, 62, 63, 64, 65, 66, 67, 68, 69, 70, 71, 88, 89, 90, 91, 92, 93, 94, 95, 96, 97, 98, 99, 100, 101, 102, 103, 104, 105, 106, 107, 108, 109, 110, 111]","[2, 3, 7, 8, 11, 12, 13]",32,"[16, 17, 18, 19, 20, 21, 22, 23, 56, 57, 58, 59, 60, 61, 62, 63, 64, 65, 66, 67, 68, 69, 70, 71, 104, 105, 106, 107, 108, 109, 110, 111]","[2, 7, 8, 13]",DIFF_SB_SR_91,structural_overapprox_mode_simplified
SB_95,SB,95,1,differential,8,"[88, 89, 90, 91, 92, 93, 94, 95]",[11],8,"[88, 89, 90, 91, 92, 93, 94, 95]",[11],DIFF_SB_SR_95,structural_overapprox_mode_simplified
SB_95,SB,95,2,differential,56,"[16, 17, 18, 19, 20, 21, 22, 23, 24, 25, 26, 27, 28, 29, 30, 31, 56, 57, 58, 59, 60, 61, 62, 63, 64, 65, 66, 67, 68, 69, 70, 71, 88, 89, 90, 91, 92, 93, 94, 95, 96, 97, 98, 99, 100, 101, 102, 103, 104, 105, 106, 107, 108, 109, 110, 111]","[2, 3, 7, 8, 11, 12, 13]",32,"[16, 17, 18, 19, 20, 21, 22, 23, 56, 57, 58, 59, 60, 61, 62, 63, 64, 65, 66, 67, 68, 69, 70, 71, 104, 105, 106, 107, 108, 109, 110, 111]","[2, 7, 8, 13]",DIFF_SB_SR_95,structural_overapprox_mode_simplified
SB_96,SB,96,1,differential,8,"[96, 97, 98, 99, 100, 101, 102, 103]",[12],8,"[96, 97, 98, 99, 100, 101, 102, 103]",[12],DIFF_SB_SR_96,structural_overapprox_mode_simplified
SB_96,SB,96,2,differential,64,"[0, 1, 2, 3, 4, 5, 6, 7, 8, 9, 10, 11, 12, 13, 14, 15, 32, 33, 34, 35, 36, 37, 38, 39, 48, 49, 50, 51, 52, 53, 54, 55, 64, 65, 66, 67, 68, 69, 70, 71, 88, 89, 90, 91, 92, 93, 94, 95, 96, 97, 98, 99, 100, 101, 102, 103, 104, 105, 106, 107, 108, 109, 110, 111]","[0, 1, 4, 6, 8, 11, 12, 13]",32,"[8, 9, 10, 11, 12, 13, 14, 15, 48, 49, 50, 51, 52, 53, 54, 55, 88, 89, 90, 91, 92, 93, 94, 95, 96, 97, 98, 99, 100, 101, 102, 103]","[1, 6, 11, 12]",DIFF_SB_SR_96,structural_overapprox_mode_simplified
SB_97,SB,97,1,differential,8,"[96, 97, 98, 99, 100, 101, 102, 103]",[12],8,"[96, 97, 98, 99, 100, 101, 102, 103]",[12],DIFF_SB_SR_97,structural_overapprox_mode_simplified
SB_97,SB,97,2,differential,64,"[0, 1, 2, 3, 4, 5, 6, 7, 8, 9, 10, 11, 12, 13, 14, 15, 32, 33, 34, 35, 36, 37, 38, 39, 48, 49, 50, 51, 52, 53, 54, 55, 64, 65, 66, 67, 68, 69, 70, 71, 88, 89, 90, 91, 92, 93, 94, 95, 96, 97, 98, 99, 100, 101, 102, 103, 104, 105, 106, 107, 108, 109, 110, 111]","[0, 1, 4, 6, 8, 11, 12, 13]",32,"[8, 9, 10, 11, 12, 13, 14, 15, 48, 49, 50, 51, 52, 53, 54, 55, 88, 89, 90, 91, 92, 93, 94, 95, 96, 97, 98, 99, 100, 101, 102, 103]","[1, 6, 11, 12]",DIFF_SB_SR_97,structural_overapprox_mode_simplified
SR_0,SR,0,1,differential,8,"[0, 1, 2, 3, 4, 5, 6, 7]",[0],8,"[0, 1, 2, 3, 4, 5, 6, 7]",[0],DIFF_SB_SR_0,structural_overapprox_mode_simplified
SR_0,SR,0,2,differential,40,"[0, 1, 2, 3, 4, 5, 6, 7, 40, 41, 42, 43, 44, 45, 46, 47, 80, 81, 82, 83, 84, 85, 86, 87, 104, 105, 106, 107, 108, 109, 110, 111, 120, 121, 122, 123, 124, 125, 126, 127]","[0, 5, 10, 13, 15]",32,"[0, 1, 2, 3, 4, 5, 6, 7, 40, 41, 42, 43, 44, 45, 46, 47, 80, 81, 82, 83, 84, 85, 86, 87, 120, 121, 122, 123, 124, 125, 126, 127]","[0, 5, 10, 15]",DIFF_SB_SR_0,structural_overapprox_mode_simplified
SR_1,SR,1,1,differential,8,"[0, 1, 2, 3, 4, 5, 6, 7]",[0],8,"[0, 1, 2, 3, 4, 5, 6, 7]",[0],DIFF_SB_SR_1,structural_overapprox_mode_simplified
SR_1,SR,1,2,differential,40,"[0, 1, 2, 3, 4, 5, 6, 7, 40, 41, 42, 43, 44, 45, 46, 47, 80, 81, 82, 83, 84, 85, 86, 87, 104, 105, 106, 107, 108, 109, 110, 111, 120, 121, 122, 123, 124, 125, 126, 127]","[0, 5, 10, 13, 15]",32,"[0, 1, 2, 3, 4, 5, 6, 7, 40, 41, 42, 43, 44, 45, 46, 47, 80, 81, 82, 83, 84, 85, 86, 87, 120, 121, 122, 123, 124, 125, 126, 127]","[0, 5, 10, 15]",DIFF_SB_SR_1,structural_overapprox_mode_simplified
SR_10,SR,10,1,differential,8,"[40, 41, 42, 43, 44, 45, 46, 47]",[5],8,"[40, 41, 42, 43, 44, 45, 46, 47]",[5],DIFF_SB_SR_42,structural_overapprox_mode_simplified
SR_10,SR,10,2,differential,48,"[8, 9, 10, 11, 12, 13, 14, 15, 24, 25, 26, 27, 28, 29, 30, 31, 32, 33, 34, 35, 36, 37, 38, 39, 40, 41, 42, 43, 44, 45, 46, 47, 72, 73, 74, 75, 76, 77, 78, 79, 112, 113, 114, 115, 116, 117, 118, 119]","[1, 3, 4, 5, 9, 14]",32,"[24, 25, 26, 27, 28, 29, 30, 31, 32, 33, 34, 35, 36, 37, 38, 39, 72, 73, 74, 75, 76, 77, 78, 79, 112, 113, 114, 115, 116, 117, 118, 119]","[3, 4, 9, 14]",DIFF_SB_SR_42,structural_overapprox_mode_simplified
SR_100,SR,100,1,differential,8,"[96, 97, 98, 99, 100, 101, 102, 103]",[12],8,"[96, 97, 98, 99, 100, 101, 102, 103]",[12],DIFF_SB_SR_100,structural_overapprox_mode_simplified
SR_100,SR,100,2,differential,64,"[0, 1, 2, 3, 4, 5, 6, 7, 8, 9, 10, 11, 12, 13, 14, 15, 32, 33, 34, 35, 36, 37, 38, 39, 48, 49, 50, 51, 52, 53, 54, 55, 64, 65, 66, 67, 68, 69, 70, 71, 88, 89, 90, 91, 92, 93, 94, 95, 96, 97, 98, 99, 100, 101, 102, 103, 104, 105, 106, 107, 108, 109, 110, 111]","[0, 1, 4, 6, 8, 11, 12, 13]",32,"[8, 9, 10, 11, 12, 13, 14, 15, 48, 49, 50, 51, 52, 53, 54, 55, 88, 89, 90, 91, 92, 93, 94, 95, 96, 97, 98, 99, 100, 101, 102, 103]","[1, 6, 11, 12]",DIFF_SB_SR_100,structural_overapprox_mode_simplified
SR_101,SR,101,1,differential,8,"[96, 97, 98, 99, 100, 101, 102, 103]",[12],8,"[96, 97, 98, 99, 100, 101, 102, 103]",[12],DIFF_SB_SR_101,structural_overapprox_mode_simplified
SR_101,SR,101,2,differential,64,"[0, 1, 2, 3, 4, 5, 6, 7, 8, 9, 10, 11, 12, 13, 14, 15, 32, 33, 34, 35, 36, 37, 38, 39, 48, 49, 50, 51, 52, 53, 54, 55, 64, 65, 66, 67, 68, 69, 70, 71, 88, 89, 90, 91, 92, 93, 94, 95, 96, 97, 98, 99, 100, 101, 102, 103, 104, 105, 106, 107, 108, 109, 110, 111]","[0, 1, 4, 6, 8, 11, 12, 13]",32,"[8, 9, 10, 11, 12, 13, 14, 15, 48, 49, 50, 51, 52, 53, 54, 55, 88, 89, 90, 91, 92, 93, 94, 95, 96, 97, 98, 99, 100, 101, 102, 103]","[1, 6, 11, 12]",DIFF_SB_SR_101,structural_overapprox_mode_simplified
SR_102,SR,102,1,differential,8,"[96, 97, 98, 99, 100, 101, 102, 103]",[12],8,"[96, 97, 98, 99, 100, 101, 102, 103]",[12],DIFF_SB_SR_102,structural_overapprox_mode_simplified
SR_102,SR,102,2,differential,64,"[0, 1, 2, 3, 4, 5, 6, 7, 8, 9, 10, 11, 12, 13, 14, 15, 32, 33, 34, 35, 36, 37, 38, 39, 48, 49, 50, 51, 52, 53, 54, 55, 64, 65, 66, 67, 68, 69, 70, 71, 88, 89, 90, 91, 92, 93, 94, 95, 96, 97, 98, 99, 100, 101, 102, 103, 104, 105, 106, 107, 108, 109, 110, 111]","[0, 1, 4, 6, 8, 11, 12, 13]",32,"[8, 9, 10, 11, 12, 13, 14, 15, 48, 49, 50, 51, 52, 53, 54, 55, 88, 89, 90, 91, 92, 93, 94, 95, 96, 97, 98, 99, 100, 101, 102, 103]","[1, 6, 11, 12]",DIFF_SB_SR_102,structural_overapprox_mode_simplified
SR_103,SR,103,1,differential,8,"[96, 97, 98, 99, 100, 101, 102, 103]",[12],8,"[96, 97, 98, 99, 100, 101, 102, 103]",[12],DIFF_SB_SR_103,structural_overapprox_mode_simplified
SR_103,SR,103,2,differential,64,"[0, 1, 2, 3, 4, 5, 6, 7, 8, 9, 10, 11, 12, 13, 14, 15, 32, 33, 34, 35, 36, 37, 38, 39, 48, 49, 50, 51, 52, 53, 54, 55, 64, 65, 66, 67, 68, 69, 70, 71, 88, 89, 90, 91, 92, 93, 94, 95, 96, 97, 98, 99, 100, 101, 102, 103, 104, 105, 106, 107, 108, 109, 110, 111]","[0, 1, 4, 6, 8, 11, 12, 13]",32,"[8, 9, 10, 11, 12, 13, 14, 15, 48, 49, 50, 51, 52, 53, 54, 55, 88, 89, 90, 91, 92, 93, 94, 95, 96, 97, 98, 99, 100, 101, 102, 103]","[1, 6, 11, 12]",DIFF_SB_SR_103,structural_overapprox_mode_simplified
SR_105,SR,105,1,differential,8,"[8, 9, 10, 11, 12, 13, 14, 15]",[1],8,"[8, 9, 10, 11, 12, 13, 14, 15]",[1],DIFF_SB_SR_9,structural_overapprox_mode_simplified
SR_105,SR,105,2,differential,48,"[0, 1, 2, 3, 4, 5, 6, 7, 8, 9, 10, 11, 12, 13, 14, 15, 40, 41, 42, 43, 44, 45, 46, 47, 80, 81, 82, 83, 84, 85, 86, 87, 112, 113, 114, 115, 116, 117, 118, 119, 120, 121, 122, 123, 124, 125, 126, 127]","[0, 1, 5, 10, 14, 15]",32,"[0, 1, 2, 3, 4, 5, 6, 7, 40, 41, 42, 43, 44, 45, 46, 47, 80, 81, 82, 83, 84, 85, 86, 87, 120, 121, 122, 123, 124, 125, 126, 127]","[0, 5, 10, 15]",DIFF_SB_SR_9,structural_overapprox_mode_simplified
SR_106,SR,106,1,differential,8,"[8, 9, 10, 11, 12, 13, 14, 15]",[1],8,"[8, 9, 10, 11, 12, 13, 14, 15]",[1],DIFF_SB_SR_10,structural_overapprox_mode_simplified
SR_106,SR,106,2,differential,48,"[0, 1, 2, 3, 4, 5, 6, 7, 8, 9, 10, 11, 12, 13, 14, 15, 40, 41, 42, 43, 44, 45, 46, 47, 80, 81, 82, 83, 84, 85, 86, 87, 112, 113, 114, 115, 116, 117, 118, 119, 120, 121, 122, 123, 124, 125, 126, 127]","[0, 1, 5, 10, 14, 15]",32,"[0, 1, 2, 3, 4, 5, 6, 7, 40, 41, 42, 43, 44, 45, 46, 47, 80, 81, 82, 83, 84, 85, 86, 87, 120, 121, 122, 123, 124, 125, 126, 127]","[0, 5, 10, 15]",DIFF_SB_SR_10,structural_overapprox_mode_simplified
SR_107,SR,107,1,differential,8,"[8, 9, 10, 11, 12, 13, 14, 15]",[1],8,"[8, 9, 10, 11, 12, 13, 14, 15]",[1],DIFF_SB_SR_11,structural_overapprox_mode_simplified
SR_107,SR,107,2,differential,48,"[0, 1, 2, 3, 4, 5, 6, 7, 8, 9, 10, 11, 12, 13, 14, 15, 40, 41, 42, 43, 44, 45, 46, 47, 80, 81, 82, 83, 84, 85, 86, 87, 112, 113, 114, 115, 116, 117, 118, 119, 120, 121, 122, 123, 124, 125, 126, 127]","[0, 1, 5, 10, 14, 15]",32,"[0, 1, 2, 3, 4, 5, 6, 7, 40, 41, 42, 43, 44, 45, 46, 47, 80, 81, 82, 83, 84, 85, 86, 87, 120, 121, 122, 123, 124, 125, 126, 127]","[0, 5, 10, 15]",DIFF_SB_SR_11,structural_overapprox_mode_simplified
SR_11,SR,11,1,differential,8,"[40, 41, 42, 43, 44, 45, 46, 47]",[5],8,"[40, 41, 42, 43, 44, 45, 46, 47]",[5],DIFF_SB_SR_43,structural_overapprox_mode_simplified
SR_11,SR,11,2,differential,48,"[8, 9, 10, 11, 12, 13, 14, 15, 24, 25, 26, 27, 28, 29, 30, 31, 32, 33, 34, 35, 36, 37, 38, 39, 40, 41, 42, 43, 44, 45, 46, 47, 72, 73, 74, 75, 76, 77, 78, 79, 112, 113, 114, 115, 116, 117, 118, 119]","[1, 3, 4, 5, 9, 14]",32,"[24, 25, 26, 27, 28, 29, 30, 31, 32, 33, 34, 35, 36, 37, 38, 39, 72, 73, 74, 75, 76, 77, 78, 79, 112, 113, 114, 115, 116, 117, 118, 119]","[3, 4, 9, 14]",DIFF_SB_SR_43,structural_overapprox_mode_simplified
SR_112,SR,112,1,differential,8,"[48, 49, 50, 51, 52, 53, 54, 55]",[6],8,"[48, 49, 50, 51, 52, 53, 54, 55]",[6],DIFF_SB_SR_48,structural_overapprox_mode_simplified
SR_112,SR,112,2,differential,56,"[16, 17, 18, 19, 20, 21, 22, 23, 24, 25, 26, 27, 28, 29, 30, 31, 32, 33, 34, 35, 36, 37, 38, 39, 48, 49, 50, 51, 52, 53, 54, 55, 72, 73, 74, 75, 76, 77, 78, 79, 112, 113, 114, 115, 116, 117, 118, 119, 120, 121, 122, 123, 124, 125, 126, 127]","[2, 3, 4, 6, 9, 14, 15]",32,"[24, 25, 26, 27, 28, 29, 30, 31, 32, 33, 34, 35, 36, 37, 38, 39, 72, 73, 74, 75, 76, 77, 78, 79, 112, 113, 114, 115, 116, 117, 118, 119]","[3, 4, 9, 14]",DIFF_SB_SR_48,structural_overapprox_mode_simplified
SR_113,SR,113,1,differential,8,"[48, 49, 50, 51, 52, 53, 54, 55]",[6],8,"[48, 49, 50, 51, 52, 53, 54, 55]",[6],DIFF_SB_SR_49,structural_overapprox_mode_simplified
SR_113,SR,113,2,differential,56,"[16, 17, 18, 19, 20, 21, 22, 23, 24, 25, 26, 27, 28, 29, 30, 31, 32, 33, 34, 35, 36, 37, 38, 39, 48, 49, 50, 51, 52, 53, 54, 55, 72, 73, 74, 75, 76, 77, 78, 79, 112, 113, 114, 115, 116, 117, 118, 119, 120, 121, 122, 123, 124, 125, 126, 127]","[2, 3, 4, 6, 9, 14, 15]",32,"[24, 25, 26, 27, 28, 29, 30, 31, 32, 33, 34, 35, 36, 37, 38, 39, 72, 73, 74, 75, 76, 77, 78, 79, 112, 113, 114, 115, 116, 117, 118, 119]","[3, 4, 9, 14]",DIFF_SB_SR_49,structural_overapprox_mode_simplified
SR_114,SR,114,1,differential,8,"[48, 49, 50, 51, 52, 53, 54, 55]",[6],8,"[48, 49, 50, 51, 52, 53, 54, 55]",[6],DIFF_SB_SR_50,structural_overapprox_mode_simplified
SR_114,SR,114,2,differential,56,"[16, 17, 18, 19, 20, 21, 22, 23, 24, 25, 26, 27, 28, 29, 30, 31, 32, 33, 34, 35, 36, 37, 38, 39, 48, 49, 50, 51, 52, 53, 54, 55, 72, 73, 74, 75, 76, 77, 78, 79, 112, 113, 114, 115, 116, 117, 118, 119, 120, 121, 122, 123, 124, 125, 126, 127]","[2, 3, 4, 6, 9, 14, 15]",32,"[24, 25, 26, 27, 28, 29, 30, 31, 32, 33, 34, 35, 36, 37, 38, 39, 72, 73, 74, 75, 76, 77, 78, 79, 112, 113, 114, 115, 116, 117, 118, 119]","[3, 4, 9, 14]",DIFF_SB_SR_50,structural_overapprox_mode_simplified
SR_115,SR,115,1,differential,8,"[48, 49, 50, 51, 52, 53, 54, 55]",[6],8,"[48, 49, 50, 51, 52, 53, 54, 55]",[6],DIFF_SB_SR_51,structural_overapprox_mode_simplified
SR_115,SR,115,2,differential,56,"[16, 17, 18, 19, 20, 21, 22, 23, 24, 25, 26, 27, 28, 29, 30, 31, 32, 33, 34, 35, 36, 37, 38, 39, 48, 49, 50, 51, 52, 53, 54, 55, 72, 73, 74, 75, 76, 77, 78, 79, 112, 113, 114, 115, 116, 117, 118, 119, 120, 121, 122, 123, 124, 125, 126, 127]","[2, 3, 4, 6, 9, 14, 15]",32,"[24, 25, 26, 27, 28, 29, 30, 31, 32, 33, 34, 35, 36, 37, 38, 39, 72, 73, 74, 75, 76, 77, 78, 79, 112, 113, 114, 115, 116, 117, 118, 119]","[3, 4, 9, 14]",DIFF_SB_SR_51,structural_overapprox_mode_simplified
SR_116,SR,116,1,differential,8,"[48, 49, 50, 51, 52, 53, 54, 55]",[6],8,"[48, 49, 50, 51, 52, 53, 54, 55]",[6],DIFF_SB_SR_52,structural_overapprox_mode_simplified
SR_116,SR,116,2,differential,56,"[16, 17, 18, 19, 20, 21, 22, 23, 24, 25, 26, 27, 28, 29, 30, 31, 32, 33, 34, 35, 36, 37, 38, 39, 48, 49, 50, 51, 52, 53, 54, 55, 72, 73, 74, 75, 76, 77, 78, 79, 112, 113, 114, 115, 116, 117, 118, 119, 120, 121, 122, 123, 124, 125, 126, 127]","[2, 3, 4, 6, 9, 14, 15]",32,"[24, 25, 26, 27, 28, 29, 30, 31, 32, 33, 34, 35, 36, 37, 38, 39, 72, 73, 74, 75, 76, 77, 78, 79, 112, 113, 114, 115, 116, 117, 118, 119]","[3, 4, 9, 14]",DIFF_SB_SR_52,structural_overapprox_mode_simplified
SR_118,SR,118,1,differential,8,"[48, 49, 50, 51, 52, 53, 54, 55]",[6],8,"[48, 49, 50, 51, 52, 53, 54, 55]",[6],DIFF_SB_SR_54,structural_overapprox_mode_simplified
SR_118,SR,118,2,differential,56,"[16, 17, 18, 19, 20, 21, 22, 23, 24, 25, 26, 27, 28, 29, 30, 31, 32, 33, 34, 35, 36, 37, 38, 39, 48, 49, 50, 51, 52, 53, 54, 55, 72, 73, 74, 75, 76, 77, 78, 79, 112, 113, 114, 115, 116, 117, 118, 119, 120, 121, 122, 123, 124, 125, 126, 127]","[2, 3, 4, 6, 9, 14, 15]",32,"[24, 25, 26, 27, 28, 29, 30, 31, 32, 33, 34, 35, 36, 37, 38, 39, 72, 73, 74, 75, 76, 77, 78, 79, 112, 113, 114, 115, 116, 117, 118, 119]","[3, 4, 9, 14]",DIFF_SB_SR_54,structural_overapprox_mode_simplified
SR_119,SR,119,1,differential,8,"[48, 49, 50, 51, 52, 53, 54, 55]",[6],8,"[48, 49, 50, 51, 52, 53, 54, 55]",[6],DIFF_SB_SR_55,structural_overapprox_mode_simplified
SR_119,SR,119,2,differential,56,"[16, 17, 18, 19, 20, 21, 22, 23, 24, 25, 26, 27, 28, 29, 30, 31, 32, 33, 34, 35, 36, 37, 38, 39, 48, 49, 50, 51, 52, 53, 54, 55, 72, 73, 74, 75, 76, 77, 78, 79, 112, 113, 114, 115, 116, 117, 118, 119, 120, 121, 122, 123, 124, 125, 126, 127]","[2, 3, 4, 6, 9, 14, 15]",32,"[24, 25, 26, 27, 28, 29, 30, 31, 32, 33, 34, 35, 36, 37, 38, 39, 72, 73, 74, 75, 76, 77, 78, 79, 112, 113, 114, 115, 116, 117, 118, 119]","[3, 4, 9, 14]",DIFF_SB_SR_55,structural_overapprox_mode_simplified
SR_12,SR,12,1,differential,8,"[40, 41, 42, 43, 44, 45, 46, 47]",[5],8,"[40, 41, 42, 43, 44, 45, 46, 47]",[5],DIFF_SB_SR_44,structural_overapprox_mode_simplified
SR_12,SR,12,2,differential,48,"[8, 9, 10, 11, 12, 13, 14, 15, 24, 25, 26, 27, 28, 29, 30, 31, 32, 33, 34, 35, 36, 37, 38, 39, 40, 41, 42, 43, 44, 45, 46, 47, 72, 73, 74, 75, 76, 77, 78, 79, 112, 113, 114, 115, 116, 117, 118, 119]","[1, 3, 4, 5, 9, 14]",32,"[24, 25, 26, 27, 28, 29, 30, 31, 32, 33, 34, 35, 36, 37, 38, 39, 72, 73, 74, 75, 76, 77, 78, 79, 112, 113, 114, 115, 116, 117, 118, 119]","[3, 4, 9, 14]",DIFF_SB_SR_44,structural_overapprox_mode_simplified
SR_120,SR,120,1,differential,8,"[88, 89, 90, 91, 92, 93, 94, 95]",[11],8,"[88, 89, 90, 91, 92, 93, 94, 95]",[11],DIFF_SB_SR_88,structural_overapprox_mode_simplified
SR_120,SR,120,2,differential,56,"[16, 17, 18, 19, 20, 21, 22, 23, 24, 25, 26, 27, 28, 29, 30, 31, 56, 57, 58, 59, 60, 61, 62, 63, 64, 65, 66, 67, 68, 69, 70, 71, 88, 89, 90, 91, 92, 93, 94, 95, 96, 97, 98, 99, 100, 101, 102, 103, 104, 105, 106, 107, 108, 109, 110, 111]","[2, 3, 7, 8, 11, 12, 13]",32,"[16, 17, 18, 19, 20, 21, 22, 23, 56, 57, 58, 59, 60, 61, 62, 63, 64, 65, 66, 67, 68, 69, 70, 71, 104, 105, 106, 107, 108, 109, 110, 111]","[2, 7, 8, 13]",DIFF_SB_SR_88,structural_overapprox_mode_simplified
SR_121,SR,121,1,differential,8,"[88, 89, 90, 91, 92, 93, 94, 95]",[11],8,"[88, 89, 90, 91, 92, 93, 94, 95]",[11],DIFF_SB_SR_89,structural_overapprox_mode_simplified
SR_121,SR,121,2,differential,56,"[16, 17, 18, 19, 20, 21, 22, 23, 24, 25, 26, 27, 28, 29, 30, 31, 56, 57, 58, 59, 60, 61, 62, 63, 64, 65, 66, 67, 68, 69, 70, 71, 88, 89, 90, 91, 92, 93, 94, 95, 96, 97, 98, 99, 100, 101, 102, 103, 104, 105, 106, 107, 108, 109, 110, 111]","[2, 3, 7, 8, 11, 12, 13]",32,"[16, 17, 18, 19, 20, 21, 22, 23, 56, 57, 58, 59, 60, 61, 62, 63, 64, 65, 66, 67, 68, 69, 70, 71, 104, 105, 106, 107, 108, 109, 110, 111]","[2, 7, 8, 13]",DIFF_SB_SR_89,structural_overapprox_mode_simplified
SR_123,SR,123,1,differential,8,"[88, 89, 90, 91, 92, 93, 94, 95]",[11],8,"[88, 89, 90, 91, 92, 93, 94, 95]",[11],DIFF_SB_SR_91,structural_overapprox_mode_simplified
SR_123,SR,123,2,differential,56,"[16, 17, 18, 19, 20, 21, 22, 23, 24, 25, 26, 27, 28, 29, 30, 31, 56, 57, 58, 59, 60, 61, 62, 63, 64, 65, 66, 67, 68, 69, 70, 71, 88, 89, 90, 91, 92, 93, 94, 95, 96, 97, 98, 99, 100, 101, 102, 103, 104, 105, 106, 107, 108, 109, 110, 111]","[2, 3, 7, 8, 11, 12, 13]",32,"[16, 17, 18, 19, 20, 21, 22, 23, 56, 57, 58, 59, 60, 61, 62, 63, 64, 65, 66, 67, 68, 69, 70, 71, 104, 105, 106, 107, 108, 109, 110, 111]","[2, 7, 8, 13]",DIFF_SB_SR_91,structural_overapprox_mode_simplified
SR_124,SR,124,1,differential,8,"[88, 89, 90, 91, 92, 93, 94, 95]",[11],8,"[88, 89, 90, 91, 92, 93, 94, 95]",[11],DIFF_SB_SR_92,structural_overapprox_mode_simplified
SR_124,SR,124,2,differential,56,"[16, 17, 18, 19, 20, 21, 22, 23, 24, 25, 26, 27, 28, 29, 30, 31, 56, 57, 58, 59, 60, 61, 62, 63, 64, 65, 66, 67, 68, 69, 70, 71, 88, 89, 90, 91, 92, 93, 94, 95, 96, 97, 98, 99, 100, 101, 102, 103, 104, 105, 106, 107, 108, 109, 110, 111]","[2, 3, 7, 8, 11, 12, 13]",32,"[16, 17, 18, 19, 20, 21, 22, 23, 56, 57, 58, 59, 60, 61, 62, 63, 64, 65, 66, 67, 68, 69, 70, 71, 104, 105, 106, 107, 108, 109, 110, 111]","[2, 7, 8, 13]",DIFF_SB_SR_92,structural_overapprox_mode_simplified
SR_127,SR,127,1,differential,8,"[88, 89, 90, 91, 92, 93, 94, 95]",[11],8,"[88, 89, 90, 91, 92, 93, 94, 95]",[11],DIFF_SB_SR_95,structural_overapprox_mode_simplified
SR_127,SR,127,2,differential,56,"[16, 17, 18, 19, 20, 21, 22, 23, 24, 25, 26, 27, 28, 29, 30, 31, 56, 57, 58, 59, 60, 61, 62, 63, 64, 65, 66, 67, 68, 69, 70, 71, 88, 89, 90, 91, 92, 93, 94, 95, 96, 97, 98, 99, 100, 101, 102, 103, 104, 105, 106, 107, 108, 109, 110, 111]","[2, 3, 7, 8, 11, 12, 13]",32,"[16, 17, 18, 19, 20, 21, 22, 23, 56, 57, 58, 59, 60, 61, 62, 63, 64, 65, 66, 67, 68, 69, 70, 71, 104, 105, 106, 107, 108, 109, 110, 111]","[2, 7, 8, 13]",DIFF_SB_SR_95,structural_overapprox_mode_simplified
SR_13,SR,13,1,differential,8,"[40, 41, 42, 43, 44, 45, 46, 47]",[5],8,"[40, 41, 42, 43, 44, 45, 46, 47]",[5],DIFF_SB_SR_45,structural_overapprox_mode_simplified
SR_13,SR,13,2,differential,48,"[8, 9, 10, 11, 12, 13, 14, 15, 24, 25, 26, 27, 28, 29, 30, 31, 32, 33, 34, 35, 36, 37, 38, 39, 40, 41, 42, 43, 44, 45, 46, 47, 72, 73, 74, 75, 76, 77, 78, 79, 112, 113, 114, 115, 116, 117, 118, 119]","[1, 3, 4, 5, 9, 14]",32,"[24, 25, 26, 27, 28, 29, 30, 31, 32, 33, 34, 35, 36, 37, 38, 39, 72, 73, 74, 75, 76, 77, 78, 79, 112, 113, 114, 115, 116, 117, 118, 119]","[3, 4, 9, 14]",DIFF_SB_SR_45,structural_overapprox_mode_simplified
SR_14,SR,14,1,differential,8,"[40, 41, 42, 43, 44, 45, 46, 47]",[5],8,"[40, 41, 42, 43, 44, 45, 46, 47]",[5],DIFF_SB_SR_46,structural_overapprox_mode_simplified
SR_14,SR,14,2,differential,48,"[8, 9, 10, 11, 12, 13, 14, 15, 24, 25, 26, 27, 28, 29, 30, 31, 32, 33, 34, 35, 36, 37, 38, 39, 40, 41, 42, 43, 44, 45, 46, 47, 72, 73, 74, 75, 76, 77, 78, 79, 112, 113, 114, 115, 116, 117, 118, 119]","[1, 3, 4, 5, 9, 14]",32,"[24, 25, 26, 27, 28, 29, 30, 31, 32, 33, 34, 35, 36, 37, 38, 39, 72, 73, 74, 75, 76, 77, 78, 79, 112, 113, 114, 115, 116, 117, 118, 119]","[3, 4, 9, 14]",DIFF_SB_SR_46,structural_overapprox_mode_simplified
SR_15,SR,15,1,differential,8,"[40, 41, 42, 43, 44, 45, 46, 47]",[5],8,"[40, 41, 42, 43, 44, 45, 46, 47]",[5],DIFF_SB_SR_47,structural_overapprox_mode_simplified
SR_15,SR,15,2,differential,48,"[8, 9, 10, 11, 12, 13, 14, 15, 24, 25, 26, 27, 28, 29, 30, 31, 32, 33, 34, 35, 36, 37, 38, 39, 40, 41, 42, 43, 44, 45, 46, 47, 72, 73, 74, 75, 76, 77, 78, 79, 112, 113, 114, 115, 116, 117, 118, 119]","[1, 3, 4, 5, 9, 14]",32,"[24, 25, 26, 27, 28, 29, 30, 31, 32, 33, 34, 35, 36, 37, 38, 39, 72, 73, 74, 75, 76, 77, 78, 79, 112, 113, 114, 115, 116, 117, 118, 119]","[3, 4, 9, 14]",DIFF_SB_SR_47,structural_overapprox_mode_simplified
SR_16,SR,16,1,differential,8,"[80, 81, 82, 83, 84, 85, 86, 87]",[10],8,"[80, 81, 82, 83, 84, 85, 86, 87]",[10],DIFF_SB_SR_80,structural_overapprox_mode_simplified
SR_16,SR,16,2,differential,56,"[16, 17, 18, 19, 20, 21, 22, 23, 48, 49, 50, 51, 52, 53, 54, 55, 56, 57, 58, 59, 60, 61, 62, 63, 64, 65, 66, 67, 68, 69, 70, 71, 80, 81, 82, 83, 84, 85, 86, 87, 104, 105, 106, 107, 108, 109, 110, 111, 120, 121, 122, 123, 124, 125, 126, 127]","[2, 6, 7, 8, 10, 13, 15]",32,"[16, 17, 18, 19, 20, 21, 22, 23, 56, 57, 58, 59, 60, 61, 62, 63, 64, 65, 66, 67, 68, 69, 70, 71, 104, 105, 106, 107, 108, 109, 110, 111]","[2, 7, 8, 13]",DIFF_SB_SR_80,structural_overapprox_mode_simplified
SR_17,SR,17,1,differential,8,"[80, 81, 82, 83, 84, 85, 86, 87]",[10],8,"[80, 81, 82, 83, 84, 85, 86, 87]",[10],DIFF_SB_SR_81,structural_overapprox_mode_simplified
SR_17,SR,17,2,differential,56,"[16, 17, 18, 19, 20, 21, 22, 23, 48, 49, 50, 51, 52, 53, 54, 55, 56, 57, 58, 59, 60, 61, 62, 63, 64, 65, 66, 67, 68, 69, 70, 71, 80, 81, 82, 83, 84, 85, 86, 87, 104, 105, 106, 107, 108, 109, 110, 111, 120, 121, 122, 123, 124, 125, 126, 127]","[2, 6, 7, 8, 10, 13, 15]",32,"[16, 17, 18, 19, 20, 21, 22, 23, 56, 57, 58, 59, 60, 61, 62, 63, 64, 65, 66, 67, 68, 69, 70, 71, 104, 105, 106, 107, 108, 109, 110, 111]","[2, 7, 8, 13]",DIFF_SB_SR_81,structural_overapprox_mode_simplified
SR_19,SR,19,1,differential,8,"[80, 81, 82, 83, 84, 85, 86, 87]",[10],8,"[80, 81, 82, 83, 84, 85, 86, 87]",[10],DIFF_SB_SR_83,structural_overapprox_mode_simplified
SR_19,SR,19,2,differential,56,"[16, 17, 18, 19, 20, 21, 22, 23, 48, 49, 50, 51, 52, 53, 54, 55, 56, 57, 58, 59, 60, 61, 62, 63, 64, 65, 66, 67, 68, 69, 70, 71, 80, 81, 82, 83, 84, 85, 86, 87, 104, 105, 106, 107, 108, 109, 110, 111, 120, 121, 122, 123, 124, 125, 126, 127]","[2, 6, 7, 8, 10, 13, 15]",32,"[16, 17, 18, 19, 20, 21, 22, 23, 56, 57, 58, 59, 60, 61, 62, 63, 64, 65, 66, 67, 68, 69, 70, 71, 104, 105, 106, 107, 108, 109, 110, 111]","[2, 7, 8, 13]",DIFF_SB_SR_83,structural_overapprox_mode_simplified
SR_2,SR,2,1,differential,8,"[0, 1, 2, 3, 4, 5, 6, 7]",[0],8,"[0, 1, 2, 3, 4, 5, 6, 7]",[0],DIFF_SB_SR_2,structural_overapprox_mode_simplified
SR_2,SR,2,2,differential,40,"[0, 1, 2, 3, 4, 5, 6, 7, 40, 41, 42, 43, 44, 45, 46, 47, 80, 81, 82, 83, 84, 85, 86, 87, 104, 105, 106, 107, 108, 109, 110, 111, 120, 121, 122, 123, 124, 125, 126, 127]","[0, 5, 10, 13, 15]",32,"[0, 1, 2, 3, 4, 5, 6, 7, 40, 41, 42, 43, 44, 45, 46, 47, 80, 81, 82, 83, 84, 85, 86, 87, 120, 121, 122, 123, 124, 125, 126, 127]","[0, 5, 10, 15]",DIFF_SB_SR_2,structural_overapprox_mode_simplified
SR_20,SR,20,1,differential,8,"[80, 81, 82, 83, 84, 85, 86, 87]",[10],8,"[80, 81, 82, 83, 84, 85, 86, 87]",[10],DIFF_SB_SR_84,structural_overapprox_mode_simplified
SR_20,SR,20,2,differential,56,"[16, 17, 18, 19, 20, 21, 22, 23, 48, 49, 50, 51, 52, 53, 54, 55, 56, 57, 58, 59, 60, 61, 62, 63, 64, 65, 66, 67, 68, 69, 70, 71, 80, 81, 82, 83, 84, 85, 86, 87, 104, 105, 106, 107, 108, 109, 110, 111, 120, 121, 122, 123, 124, 125, 126, 127]","[2, 6, 7, 8, 10, 13, 15]",32,"[16, 17, 18, 19, 20, 21, 22, 23, 56, 57, 58, 59, 60, 61, 62, 63, 64, 65, 66, 67, 68, 69, 70, 71, 104, 105, 106, 107, 108, 109, 110, 111]","[2, 7, 8, 13]",DIFF_SB_SR_84,structural_overapprox_mode_simplified
SR_21,SR,21,1,differential,8,"[80, 81, 82, 83, 84, 85, 86, 87]",[10],8,"[80, 81, 82, 83, 84, 85, 86, 87]",[10],DIFF_SB_SR_85,structural_overapprox_mode_simplified
SR_21,SR,21,2,differential,56,"[16, 17, 18, 19, 20, 21, 22, 23, 48, 49, 50, 51, 52, 53, 54, 55, 56, 57, 58, 59, 60, 61, 62, 63, 64, 65, 66, 67, 68, 69, 70, 71, 80, 81, 82, 83, 84, 85, 86, 87, 104, 105, 106, 107, 108, 109, 110, 111, 120, 121, 122, 123, 124, 125, 126, 127]","[2, 6, 7, 8, 10, 13, 15]",32,"[16, 17, 18, 19, 20, 21, 22, 23, 56, 57, 58, 59, 60, 61, 62, 63, 64, 65, 66, 67, 68, 69, 70, 71, 104, 105, 106, 107, 108, 109, 110, 111]","[2, 7, 8, 13]",DIFF_SB_SR_85,structural_overapprox_mode_simplified
SR_22,SR,22,1,differential,8,"[80, 81, 82, 83, 84, 85, 86, 87]",[10],8,"[80, 81, 82, 83, 84, 85, 86, 87]",[10],DIFF_SB_SR_86,structural_overapprox_mode_simplified
SR_22,SR,22,2,differential,56,"[16, 17, 18, 19, 20, 21, 22, 23, 48, 49, 50, 51, 52, 53, 54, 55, 56, 57, 58, 59, 60, 61, 62, 63, 64, 65, 66, 67, 68, 69, 70, 71, 80, 81, 82, 83, 84, 85, 86, 87, 104, 105, 106, 107, 108, 109, 110, 111, 120, 121, 122, 123, 124, 125, 126, 127]","[2, 6, 7, 8, 10, 13, 15]",32,"[16, 17, 18, 19, 20, 21, 22, 23, 56, 57, 58, 59, 60, 61, 62, 63, 64, 65, 66, 67, 68, 69, 70, 71, 104, 105, 106, 107, 108, 109, 110, 111]","[2, 7, 8, 13]",DIFF_SB_SR_86,structural_overapprox_mode_simplified
SR_25,SR,25,1,differential,8,"[120, 121, 122, 123, 124, 125, 126, 127]",[15],8,"[120, 121, 122, 123, 124, 125, 126, 127]",[15],DIFF_SB_SR_121,structural_overapprox_mode_simplified
SR_25,SR,25,2,differential,56,"[8, 9, 10, 11, 12, 13, 14, 15, 24, 25, 26, 27, 28, 29, 30, 31, 48, 49, 50, 51, 52, 53, 54, 55, 56, 57, 58, 59, 60, 61, 62, 63, 88, 89, 90, 91, 92, 93, 94, 95, 96, 97, 98, 99, 100, 101, 102, 103, 120, 121, 122, 123, 124, 125, 126, 127]","[1, 3, 6, 7, 11, 12, 15]",32,"[8, 9, 10, 11, 12, 13, 14, 15, 48, 49, 50, 51, 52, 53, 54, 55, 88, 89, 90, 91, 92, 93, 94, 95, 96, 97, 98, 99, 100, 101, 102, 103]","[1, 6, 11, 12]",DIFF_SB_SR_121,structural_overapprox_mode_simplified
SR_26,SR,26,1,differential,8,"[120, 121, 122, 123, 124, 125, 126, 127]",[15],8,"[120, 121, 122, 123, 124, 125, 126, 127]",[15],DIFF_SB_SR_122,structural_overapprox_mode_simplified
SR_26,SR,26,2,differential,56,"[8, 9, 10, 11, 12, 13, 14, 15, 24, 25, 26, 27, 28, 29, 30, 31, 48, 49, 50, 51, 52, 53, 54, 55, 56, 57, 58, 59, 60, 61, 62, 63, 88, 89, 90, 91, 92, 93, 94, 95, 96, 97, 98, 99, 100, 101, 102, 103, 120, 121, 122, 123, 124, 125, 126, 127]","[1, 3, 6, 7, 11, 12, 15]",32,"[8, 9, 10, 11, 12, 13, 14, 15, 48, 49, 50, 51, 52, 53, 54, 55, 88, 89, 90, 91, 92, 93, 94, 95, 96, 97, 98, 99, 100, 101, 102, 103]","[1, 6, 11, 12]",DIFF_SB_SR_122,structural_overapprox_mode_simplified
SR_32,SR,32,1,differential,8,"[32, 33, 34, 35, 36, 37, 38, 39]",[4],8,"[32, 33, 34, 35, 36, 37, 38, 39]",[4],DIFF_SB_SR_32,structural_overapprox_mode_simplified
SR_32,SR,32,2,differential,48,"[0, 1, 2, 3, 4, 5, 6, 7, 24, 25, 26, 27, 28, 29, 30, 31, 32, 33, 34, 35, 36, 37, 38, 39, 72, 73, 74, 75, 76, 77, 78, 79, 104, 105, 106, 107, 108, 109, 110, 111, 112, 113, 114, 115, 116, 117, 118, 119]","[0, 3, 4, 9, 13, 14]",32,"[24, 25, 26, 27, 28, 29, 30, 31, 32, 33, 34, 35, 36, 37, 38, 39, 72, 73, 74, 75, 76, 77, 78, 79, 112, 113, 114, 115, 116, 117, 118, 119]","[3, 4, 9, 14]",DIFF_SB_SR_32,structural_overapprox_mode_simplified
SR_33,SR,33,1,differential,8,"[32, 33, 34, 35, 36, 37, 38, 39]",[4],8,"[32, 33, 34, 35, 36, 37, 38, 39]",[4],DIFF_SB_SR_33,structural_overapprox_mode_simplified
SR_33,SR,33,2,differential,48,"[0, 1, 2, 3, 4, 5, 6, 7, 24, 25, 26, 27, 28, 29, 30, 31, 32, 33, 34, 35, 36, 37, 38, 39, 72, 73, 74, 75, 76, 77, 78, 79, 104, 105, 106, 107, 108, 109, 110, 111, 112, 113, 114, 115, 116, 117, 118, 119]","[0, 3, 4, 9, 13, 14]",32,"[24, 25, 26, 27, 28, 29, 30, 31, 32, 33, 34, 35, 36, 37, 38, 39, 72, 73, 74, 75, 76, 77, 78, 79, 112, 113, 114, 115, 116, 117, 118, 119]","[3, 4, 9, 14]",DIFF_SB_SR_33,structural_overapprox_mode_simplified
SR_34,SR,34,1,differential,8,"[32, 33, 34, 35, 36, 37, 38, 39]",[4],8,"[32, 33, 34, 35, 36, 37, 38, 39]",[4],DIFF_SB_SR_34,structural_overapprox_mode_simplified
SR_34,SR,34,2,differential,48,"[0, 1, 2, 3, 4, 5, 6, 7, 24, 25, 26, 27, 28, 29, 30, 31, 32, 33, 34, 35, 36, 37, 38, 39, 72, 73, 74, 75, 76, 77, 78, 79, 104, 105, 106, 107, 108, 109, 110, 111, 112, 113, 114, 115, 116, 117, 118, 119]","[0, 3, 4, 9, 13, 14]",32,"[24, 25, 26, 27, 28, 29, 30, 31, 32, 33, 34, 35, 36, 37, 38, 39, 72, 73, 74, 75, 76, 77, 78, 79, 112, 113, 114, 115, 116, 117, 118, 119]","[3, 4, 9, 14]",DIFF_SB_SR_34,structural_overapprox_mode_simplified
SR_36,SR,36,1,differential,8,"[32, 33, 34, 35, 36, 37, 38, 39]",[4],8,"[32, 33, 34, 35, 36, 37, 38, 39]",[4],DIFF_SB_SR_36,structural_overapprox_mode_simplified
SR_36,SR,36,2,differential,48,"[0, 1, 2, 3, 4, 5, 6, 7, 24, 25, 26, 27, 28, 29, 30, 31, 32, 33, 34, 35, 36, 37, 38, 39, 72, 73, 74, 75, 76, 77, 78, 79, 104, 105, 106, 107, 108, 109, 110, 111, 112, 113, 114, 115, 116, 117, 118, 119]","[0, 3, 4, 9, 13, 14]",32,"[24, 25, 26, 27, 28, 29, 30, 31, 32, 33, 34, 35, 36, 37, 38, 39, 72, 73, 74, 75, 76, 77, 78, 79, 112, 113, 114, 115, 116, 117, 118, 119]","[3, 4, 9, 14]",DIFF_SB_SR_36,structural_overapprox_mode_simplified
SR_37,SR,37,1,differential,8,"[32, 33, 34, 35, 36, 37, 38, 39]",[4],8,"[32, 33, 34, 35, 36, 37, 38, 39]",[4],DIFF_SB_SR_37,structural_overapprox_mode_simplified
SR_37,SR,37,2,differential,48,"[0, 1, 2, 3, 4, 5, 6, 7, 24, 25, 26, 27, 28, 29, 30, 31, 32, 33, 34, 35, 36, 37, 38, 39, 72, 73, 74, 75, 76, 77, 78, 79, 104, 105, 106, 107, 108, 109, 110, 111, 112, 113, 114, 115, 116, 117, 118, 119]","[0, 3, 4, 9, 13, 14]",32,"[24, 25, 26, 27, 28, 29, 30, 31, 32, 33, 34, 35, 36, 37, 38, 39, 72, 73, 74, 75, 76, 77, 78, 79, 112, 113, 114, 115, 116, 117, 118, 119]","[3, 4, 9, 14]",DIFF_SB_SR_37,structural_overapprox_mode_simplified
SR_38,SR,38,1,differential,8,"[32, 33, 34, 35, 36, 37, 38, 39]",[4],8,"[32, 33, 34, 35, 36, 37, 38, 39]",[4],DIFF_SB_SR_38,structural_overapprox_mode_simplified
SR_38,SR,38,2,differential,48,"[0, 1, 2, 3, 4, 5, 6, 7, 24, 25, 26, 27, 28, 29, 30, 31, 32, 33, 34, 35, 36, 37, 38, 39, 72, 73, 74, 75, 76, 77, 78, 79, 104, 105, 106, 107, 108, 109, 110, 111, 112, 113, 114, 115, 116, 117, 118, 119]","[0, 3, 4, 9, 13, 14]",32,"[24, 25, 26, 27, 28, 29, 30, 31, 32, 33, 34, 35, 36, 37, 38, 39, 72, 73, 74, 75, 76, 77, 78, 79, 112, 113, 114, 115, 116, 117, 118, 119]","[3, 4, 9, 14]",DIFF_SB_SR_38,structural_overapprox_mode_simplified
SR_39,SR,39,1,differential,8,"[32, 33, 34, 35, 36, 37, 38, 39]",[4],8,"[32, 33, 34, 35, 36, 37, 38, 39]",[4],DIFF_SB_SR_39,structural_overapprox_mode_simplified
SR_39,SR,39,2,differential,48,"[0, 1, 2, 3, 4, 5, 6, 7, 24, 25, 26, 27, 28, 29, 30, 31, 32, 33, 34, 35, 36, 37, 38, 39, 72, 73, 74, 75, 76, 77, 78, 79, 104, 105, 106, 107, 108, 109, 110, 111, 112, 113, 114, 115, 116, 117, 118, 119]","[0, 3, 4, 9, 13, 14]",32,"[24, 25, 26, 27, 28, 29, 30, 31, 32, 33, 34, 35, 36, 37, 38, 39, 72, 73, 74, 75, 76, 77, 78, 79, 112, 113, 114, 115, 116, 117, 118, 119]","[3, 4, 9, 14]",DIFF_SB_SR_39,structural_overapprox_mode_simplified
SR_4,SR,4,1,differential,8,"[0, 1, 2, 3, 4, 5, 6, 7]",[0],8,"[0, 1, 2, 3, 4, 5, 6, 7]",[0],DIFF_SB_SR_4,structural_overapprox_mode_simplified
SR_4,SR,4,2,differential,40,"[0, 1, 2, 3, 4, 5, 6, 7, 40, 41, 42, 43, 44, 45, 46, 47, 80, 81, 82, 83, 84, 85, 86, 87, 104, 105, 106, 107, 108, 109, 110, 111, 120, 121, 122, 123, 124, 125, 126, 127]","[0, 5, 10, 13, 15]",32,"[0, 1, 2, 3, 4, 5, 6, 7, 40, 41, 42, 43, 44, 45, 46, 47, 80, 81, 82, 83, 84, 85, 86, 87, 120, 121, 122, 123, 124, 125, 126, 127]","[0, 5, 10, 15]",DIFF_SB_SR_4,structural_overapprox_mode_simplified
SR_40,SR,40,1,differential,8,"[72, 73, 74, 75, 76, 77, 78, 79]",[9],8,"[72, 73, 74, 75, 76, 77, 78, 79]",[9],DIFF_SB_SR_72,structural_overapprox_mode_simplified
SR_40,SR,40,2,differential,64,"[8, 9, 10, 11, 12, 13, 14, 15, 16, 17, 18, 19, 20, 21, 22, 23, 40, 41, 42, 43, 44, 45, 46, 47, 56, 57, 58, 59, 60, 61, 62, 63, 64, 65, 66, 67, 68, 69, 70, 71, 72, 73, 74, 75, 76, 77, 78, 79, 104, 105, 106, 107, 108, 109, 110, 111, 112, 113, 114, 115, 116, 117, 118, 119]","[1, 2, 5, 7, 8, 9, 13, 14]",32,"[16, 17, 18, 19, 20, 21, 22, 23, 56, 57, 58, 59, 60, 61, 62, 63, 64, 65, 66, 67, 68, 69, 70, 71, 104, 105, 106, 107, 108, 109, 110, 111]","[2, 7, 8, 13]",DIFF_SB_SR_72,structural_overapprox_mode_simplified
SR_42,SR,42,1,differential,8,"[72, 73, 74, 75, 76, 77, 78, 79]",[9],8,"[72, 73, 74, 75, 76, 77, 78, 79]",[9],DIFF_SB_SR_74,structural_overapprox_mode_simplified
SR_42,SR,42,2,differential,64,"[8, 9, 10, 11, 12, 13, 14, 15, 16, 17, 18, 19, 20, 21, 22, 23, 40, 41, 42, 43, 44, 45, 46, 47, 56, 57, 58, 59, 60, 61, 62, 63, 64, 65, 66, 67, 68, 69, 70, 71, 72, 73, 74, 75, 76, 77, 78, 79, 104, 105, 106, 107, 108, 109, 110, 111, 112, 113, 114, 115, 116, 117, 118, 119]","[1, 2, 5, 7, 8, 9, 13, 14]",32,"[16, 17, 18, 19, 20, 21, 22, 23, 56, 57, 58, 59, 60, 61, 62, 63, 64, 65, 66, 67, 68, 69, 70, 71, 104, 105, 106, 107, 108, 109, 110, 111]","[2, 7, 8, 13]",DIFF_SB_SR_74,structural_overapprox_mode_simplified
SR_45,SR,45,1,differential,8,"[72, 73, 74, 75, 76, 77, 78, 79]",[9],8,"[72, 73, 74, 75, 76, 77, 78, 79]",[9],DIFF_SB_SR_77,structural_overapprox_mode_simplified
SR_45,SR,45,2,differential,64,"[8, 9, 10, 11, 12, 13, 14, 15, 16, 17, 18, 19, 20, 21, 22, 23, 40, 41, 42, 43, 44, 45, 46, 47, 56, 57, 58, 59, 60, 61, 62, 63, 64, 65, 66, 67, 68, 69, 70, 71, 72, 73, 74, 75, 76, 77, 78, 79, 104, 105, 106, 107, 108, 109, 110, 111, 112, 113, 114, 115, 116, 117, 118, 119]","[1, 2, 5, 7, 8, 9, 13, 14]",32,"[16, 17, 18, 19, 20, 21, 22, 23, 56, 57, 58, 59, 60, 61, 62, 63, 64, 65, 66, 67, 68, 69, 70, 71, 104, 105, 106, 107, 108, 109, 110, 111]","[2, 7, 8, 13]",DIFF_SB_SR_77,structural_overapprox_mode_simplified
SR_47,SR,47,1,differential,8,"[72, 73, 74, 75, 76, 77, 78, 79]",[9],8,"[72, 73, 74, 75, 76, 77, 78, 79]",[9],DIFF_SB_SR_79,structural_overapprox_mode_simplified
SR_47,SR,47,2,differential,64,"[8, 9, 10, 11, 12, 13, 14, 15, 16, 17, 18, 19, 20, 21, 22, 23, 40, 41, 42, 43, 44, 45, 46, 47, 56, 57, 58, 59, 60, 61, 62, 63, 64, 65, 66, 67, 68, 69, 70, 71, 72, 73, 74, 75, 76, 77, 78, 79, 104, 105, 106, 107, 108, 109, 110, 111, 112, 113, 114, 115, 116, 117, 118, 119]","[1, 2, 5, 7, 8, 9, 13, 14]",32,"[16, 17, 18, 19, 20, 21, 22, 23, 56, 57, 58, 59, 60, 61, 62, 63, 64, 65, 66, 67, 68, 69, 70, 71, 104, 105, 106, 107, 108, 109, 110, 111]","[2, 7, 8, 13]",DIFF_SB_SR_79,structural_overapprox_mode_simplified
SR_48,SR,48,1,differential,8,"[112, 113, 114, 115, 116, 117, 118, 119]",[14],8,"[112, 113, 114, 115, 116, 117, 118, 119]",[14],DIFF_SB_SR_112,structural_overapprox_mode_simplified
SR_48,SR,48,2,differential,64,"[8, 9, 10, 11, 12, 13, 14, 15, 16, 17, 18, 19, 20, 21, 22, 23, 48, 49, 50, 51, 52, 53, 54, 55, 80, 81, 82, 83, 84, 85, 86, 87, 88, 89, 90, 91, 92, 93, 94, 95, 96, 97, 98, 99, 100, 101, 102, 103, 112, 113, 114, 115, 116, 117, 118, 119, 120, 121, 122, 123, 124, 125, 126, 127]","[1, 2, 6, 10, 11, 12, 14, 15]",32,"[8, 9, 10, 11, 12, 13, 14, 15, 48, 49, 50, 51, 52, 53, 54, 55, 88, 89, 90, 91, 92, 93, 94, 95, 96, 97, 98, 99, 100, 101, 102, 103]","[1, 6, 11, 12]",DIFF_SB_SR_112,structural_overapprox_mode_simplified
SR_49,SR,49,1,differential,8,"[112, 113, 114, 115, 116, 117, 118, 119]",[14],8,"[112, 113, 114, 115, 116, 117, 118, 119]",[14],DIFF_SB_SR_113,structural_overapprox_mode_simplified
SR_49,SR,49,2,differential,64,"[8, 9, 10, 11, 12, 13, 14, 15, 16, 17, 18, 19, 20, 21, 22, 23, 48, 49, 50, 51, 52, 53, 54, 55, 80, 81, 82, 83, 84, 85, 86, 87, 88, 89, 90, 91, 92, 93, 94, 95, 96, 97, 98, 99, 100, 101, 102, 103, 112, 113, 114, 115, 116, 117, 118, 119, 120, 121, 122, 123, 124, 125, 126, 127]","[1, 2, 6, 10, 11, 12, 14, 15]",32,"[8, 9, 10, 11, 12, 13, 14, 15, 48, 49, 50, 51, 52, 53, 54, 55, 88, 89, 90, 91, 92, 93, 94, 95, 96, 97, 98, 99, 100, 101, 102, 103]","[1, 6, 11, 12]",DIFF_SB_SR_113,structural_overapprox_mode_simplified
SR_51,SR,51,1,differential,8,"[112, 113, 114, 115, 116, 117, 118, 119]",[14],8,"[112, 113, 114, 115, 116, 117, 118, 119]",[14],DIFF_SB_SR_115,structural_overapprox_mode_simplified
SR_51,SR,51,2,differential,64,"[8, 9, 10, 11, 12, 13, 14, 15, 16, 17, 18, 19, 20, 21, 22, 23, 48, 49, 50, 51, 52, 53, 54, 55, 80, 81, 82, 83, 84, 85, 86, 87, 88, 89, 90, 91, 92, 93, 94, 95, 96, 97, 98, 99, 100, 101, 102, 103, 112, 113, 114, 115, 116, 117, 118, 119, 120, 121, 122, 123, 124, 125, 126, 127]","[1, 2, 6, 10, 11, 12, 14, 15]",32,"[8, 9, 10, 11, 12, 13, 14, 15, 48, 49, 50, 51, 52, 53, 54, 55, 88, 89, 90, 91, 92, 93, 94, 95, 96, 97, 98, 99, 100, 101, 102, 103]","[1, 6, 11, 12]",DIFF_SB_SR_115,structural_overapprox_mode_simplified
SR_52,SR,52,1,differential,8,"[112, 113, 114, 115, 116, 117, 118, 119]",[14],8,"[112, 113, 114, 115, 116, 117, 118, 119]",[14],DIFF_SB_SR_116,structural_overapprox_mode_simplified
SR_52,SR,52,2,differential,64,"[8, 9, 10, 11, 12, 13, 14, 15, 16, 17, 18, 19, 20, 21, 22, 23, 48, 49, 50, 51, 52, 53, 54, 55, 80, 81, 82, 83, 84, 85, 86, 87, 88, 89, 90, 91, 92, 93, 94, 95, 96, 97, 98, 99, 100, 101, 102, 103, 112, 113, 114, 115, 116, 117, 118, 119, 120, 121, 122, 123, 124, 125, 126, 127]","[1, 2, 6, 10, 11, 12, 14, 15]",32,"[8, 9, 10, 11, 12, 13, 14, 15, 48, 49, 50, 51, 52, 53, 54, 55, 88, 89, 90, 91, 92, 93, 94, 95, 96, 97, 98, 99, 100, 101, 102, 103]","[1, 6, 11, 12]",DIFF_SB_SR_116,structural_overapprox_mode_simplified
SR_53,SR,53,1,differential,8,"[112, 113, 114, 115, 116, 117, 118, 119]",[14],8,"[112, 113, 114, 115, 116, 117, 118, 119]",[14],DIFF_SB_SR_117,structural_overapprox_mode_simplified
SR_53,SR,53,2,differential,64,"[8, 9, 10, 11, 12, 13, 14, 15, 16, 17, 18, 19, 20, 21, 22, 23, 48, 49, 50, 51, 52, 53, 54, 55, 80, 81, 82, 83, 84, 85, 86, 87, 88, 89, 90, 91, 92, 93, 94, 95, 96, 97, 98, 99, 100, 101, 102, 103, 112, 113, 114, 115, 116, 117, 118, 119, 120, 121, 122, 123, 124, 125, 126, 127]","[1, 2, 6, 10, 11, 12, 14, 15]",32,"[8, 9, 10, 11, 12, 13, 14, 15, 48, 49, 50, 51, 52, 53, 54, 55, 88, 89, 90, 91, 92, 93, 94, 95, 96, 97, 98, 99, 100, 101, 102, 103]","[1, 6, 11, 12]",DIFF_SB_SR_117,structural_overapprox_mode_simplified
SR_54,SR,54,1,differential,8,"[112, 113, 114, 115, 116, 117, 118, 119]",[14],8,"[112, 113, 114, 115, 116, 117, 118, 119]",[14],DIFF_SB_SR_118,structural_overapprox_mode_simplified
SR_54,SR,54,2,differential,64,"[8, 9, 10, 11, 12, 13, 14, 15, 16, 17, 18, 19, 20, 21, 22, 23, 48, 49, 50, 51, 52, 53, 54, 55, 80, 81, 82, 83, 84, 85, 86, 87, 88, 89, 90, 91, 92, 93, 94, 95, 96, 97, 98, 99, 100, 101, 102, 103, 112, 113, 114, 115, 116, 117, 118, 119, 120, 121, 122, 123, 124, 125, 126, 127]","[1, 2, 6, 10, 11, 12, 14, 15]",32,"[8, 9, 10, 11, 12, 13, 14, 15, 48, 49, 50, 51, 52, 53, 54, 55, 88, 89, 90, 91, 92, 93, 94, 95, 96, 97, 98, 99, 100, 101, 102, 103]","[1, 6, 11, 12]",DIFF_SB_SR_118,structural_overapprox_mode_simplified
SR_55,SR,55,1,differential,8,"[112, 113, 114, 115, 116, 117, 118, 119]",[14],8,"[112, 113, 114, 115, 116, 117, 118, 119]",[14],DIFF_SB_SR_119,structural_overapprox_mode_simplified
SR_55,SR,55,2,differential,64,"[8, 9, 10, 11, 12, 13, 14, 15, 16, 17, 18, 19, 20, 21, 22, 23, 48, 49, 50, 51, 52, 53, 54, 55, 80, 81, 82, 83, 84, 85, 86, 87, 88, 89, 90, 91, 92, 93, 94, 95, 96, 97, 98, 99, 100, 101, 102, 103, 112, 113, 114, 115, 116, 117, 118, 119, 120, 121, 122, 123, 124, 125, 126, 127]","[1, 2, 6, 10, 11, 12, 14, 15]",32,"[8, 9, 10, 11, 12, 13, 14, 15, 48, 49, 50, 51, 52, 53, 54, 55, 88, 89, 90, 91, 92, 93, 94, 95, 96, 97, 98, 99, 100, 101, 102, 103]","[1, 6, 11, 12]",DIFF_SB_SR_119,structural_overapprox_mode_simplified
SR_56,SR,56,1,differential,8,"[24, 25, 26, 27, 28, 29, 30, 31]",[3],8,"[24, 25, 26, 27, 28, 29, 30, 31]",[3],DIFF_SB_SR_24,structural_overapprox_mode_simplified
SR_56,SR,56,2,differential,48,"[0, 1, 2, 3, 4, 5, 6, 7, 24, 25, 26, 27, 28, 29, 30, 31, 40, 41, 42, 43, 44, 45, 46, 47, 80, 81, 82, 83, 84, 85, 86, 87, 96, 97, 98, 99, 100, 101, 102, 103, 120, 121, 122, 123, 124, 125, 126, 127]","[0, 3, 5, 10, 12, 15]",32,"[0, 1, 2, 3, 4, 5, 6, 7, 40, 41, 42, 43, 44, 45, 46, 47, 80, 81, 82, 83, 84, 85, 86, 87, 120, 121, 122, 123, 124, 125, 126, 127]","[0, 5, 10, 15]",DIFF_SB_SR_24,structural_overapprox_mode_simplified
SR_57,SR,57,1,differential,8,"[24, 25, 26, 27, 28, 29, 30, 31]",[3],8,"[24, 25, 26, 27, 28, 29, 30, 31]",[3],DIFF_SB_SR_25,structural_overapprox_mode_simplified
SR_57,SR,57,2,differential,48,"[0, 1, 2, 3, 4, 5, 6, 7, 24, 25, 26, 27, 28, 29, 30, 31, 40, 41, 42, 43, 44, 45, 46, 47, 80, 81, 82, 83, 84, 85, 86, 87, 96, 97, 98, 99, 100, 101, 102, 103, 120, 121, 122, 123, 124, 125, 126, 127]","[0, 3, 5, 10, 12, 15]",32,"[0, 1, 2, 3, 4, 5, 6, 7, 40, 41, 42, 43, 44, 45, 46, 47, 80, 81, 82, 83, 84, 85, 86, 87, 120, 121, 122, 123, 124, 125, 126, 127]","[0, 5, 10, 15]",DIFF_SB_SR_25,structural_overapprox_mode_simplified
SR_58,SR,58,1,differential,8,"[24, 25, 26, 27, 28, 29, 30, 31]",[3],8,"[24, 25, 26, 27, 28, 29, 30, 31]",[3],DIFF_SB_SR_26,structural_overapprox_mode_simplified
SR_58,SR,58,2,differential,48,"[0, 1, 2, 3, 4, 5, 6, 7, 24, 25, 26, 27, 28, 29, 30, 31, 40, 41, 42, 43, 44, 45, 46, 47, 80, 81, 82, 83, 84, 85, 86, 87, 96, 97, 98, 99, 100, 101, 102, 103, 120, 121, 122, 123, 124, 125, 126, 127]","[0, 3, 5, 10, 12, 15]",32,"[0, 1, 2, 3, 4, 5, 6, 7, 40, 41, 42, 43, 44, 45, 46, 47, 80, 81, 82, 83, 84, 85, 86, 87, 120, 121, 122, 123, 124, 125, 126, 127]","[0, 5, 10, 15]",DIFF_SB_SR_26,structural_overapprox_mode_simplified
SR_6,SR,6,1,differential,8,"[0, 1, 2, 3, 4, 5, 6, 7]",[0],8,"[0, 1, 2, 3, 4, 5, 6, 7]",[0],DIFF_SB_SR_6,structural_overapprox_mode_simplified
SR_6,SR,6,2,differential,40,"[0, 1, 2, 3, 4, 5, 6, 7, 40, 41, 42, 43, 44, 45, 46, 47, 80, 81, 82, 83, 84, 85, 86, 87, 104, 105, 106, 107, 108, 109, 110, 111, 120, 121, 122, 123, 124, 125, 126, 127]","[0, 5, 10, 13, 15]",32,"[0, 1, 2, 3, 4, 5, 6, 7, 40, 41, 42, 43, 44, 45, 46, 47, 80, 81, 82, 83, 84, 85, 86, 87, 120, 121, 122, 123, 124, 125, 126, 127]","[0, 5, 10, 15]",DIFF_SB_SR_6,structural_overapprox_mode_simplified
SR_61,SR,61,1,differential,8,"[24, 25, 26, 27, 28, 29, 30, 31]",[3],8,"[24, 25, 26, 27, 28, 29, 30, 31]",[3],DIFF_SB_SR_29,structural_overapprox_mode_simplified
SR_61,SR,61,2,differential,48,"[0, 1, 2, 3, 4, 5, 6, 7, 24, 25, 26, 27, 28, 29, 30, 31, 40, 41, 42, 43, 44, 45, 46, 47, 80, 81, 82, 83, 84, 85, 86, 87, 96, 97, 98, 99, 100, 101, 102, 103, 120, 121, 122, 123, 124, 125, 126, 127]","[0, 3, 5, 10, 12, 15]",32,"[0, 1, 2, 3, 4, 5, 6, 7, 40, 41, 42, 43, 44, 45, 46, 47, 80, 81, 82, 83, 84, 85, 86, 87, 120, 121, 122, 123, 124, 125, 126, 127]","[0, 5, 10, 15]",DIFF_SB_SR_29,structural_overapprox_mode_simplified
SR_62,SR,62,1,differential,8,"[24, 25, 26, 27, 28, 29, 30, 31]",[3],8,"[24, 25, 26, 27, 28, 29, 30, 31]",[3],DIFF_SB_SR_30,structural_overapprox_mode_simplified
SR_62,SR,62,2,differential,48,"[0, 1, 2, 3, 4, 5, 6, 7, 24, 25, 26, 27, 28, 29, 30, 31, 40, 41, 42, 43, 44, 45, 46, 47, 80, 81, 82, 83, 84, 85, 86, 87, 96, 97, 98, 99, 100, 101, 102, 103, 120, 121, 122, 123, 124, 125, 126, 127]","[0, 3, 5, 10, 12, 15]",32,"[0, 1, 2, 3, 4, 5, 6, 7, 40, 41, 42, 43, 44, 45, 46, 47, 80, 81, 82, 83, 84, 85, 86, 87, 120, 121, 122, 123, 124, 125, 126, 127]","[0, 5, 10, 15]",DIFF_SB_SR_30,structural_overapprox_mode_simplified
SR_63,SR,63,1,differential,8,"[24, 25, 26, 27, 28, 29, 30, 31]",[3],8,"[24, 25, 26, 27, 28, 29, 30, 31]",[3],DIFF_SB_SR_31,structural_overapprox_mode_simplified
SR_63,SR,63,2,differential,48,"[0, 1, 2, 3, 4, 5, 6, 7, 24, 25, 26, 27, 28, 29, 30, 31, 40, 41, 42, 43, 44, 45, 46, 47, 80, 81, 82, 83, 84, 85, 86, 87, 96, 97, 98, 99, 100, 101, 102, 103, 120, 121, 122, 123, 124, 125, 126, 127]","[0, 3, 5, 10, 12, 15]",32,"[0, 1, 2, 3, 4, 5, 6, 7, 40, 41, 42, 43, 44, 45, 46, 47, 80, 81, 82, 83, 84, 85, 86, 87, 120, 121, 122, 123, 124, 125, 126, 127]","[0, 5, 10, 15]",DIFF_SB_SR_31,structural_overapprox_mode_simplified
SR_64,SR,64,1,differential,8,"[64, 65, 66, 67, 68, 69, 70, 71]",[8],8,"[64, 65, 66, 67, 68, 69, 70, 71]",[8],DIFF_SB_SR_64,structural_overapprox_mode_simplified
SR_64,SR,64,2,differential,48,"[0, 1, 2, 3, 4, 5, 6, 7, 16, 17, 18, 19, 20, 21, 22, 23, 32, 33, 34, 35, 36, 37, 38, 39, 56, 57, 58, 59, 60, 61, 62, 63, 64, 65, 66, 67, 68, 69, 70, 71, 104, 105, 106, 107, 108, 109, 110, 111]","[0, 2, 4, 7, 8, 13]",32,"[16, 17, 18, 19, 20, 21, 22, 23, 56, 57, 58, 59, 60, 61, 62, 63, 64, 65, 66, 67, 68, 69, 70, 71, 104, 105, 106, 107, 108, 109, 110, 111]","[2, 7, 8, 13]",DIFF_SB_SR_64,structural_overapprox_mode_simplified
SR_65,SR,65,1,differential,8,"[64, 65, 66, 67, 68, 69, 70, 71]",[8],8,"[64, 65, 66, 67, 68, 69, 70, 71]",[8],DIFF_SB_SR_65,structural_overapprox_mode_simplified
SR_65,SR,65,2,differential,48,"[0, 1, 2, 3, 4, 5, 6, 7, 16, 17, 18, 19, 20, 21, 22, 23, 32, 33, 34, 35, 36, 37, 38, 39, 56, 57, 58, 59, 60, 61, 62, 63, 64, 65, 66, 67, 68, 69, 70, 71, 104, 105, 106, 107, 108, 109, 110, 111]","[0, 2, 4, 7, 8, 13]",32,"[16, 17, 18, 19, 20, 21, 22, 23, 56, 57, 58, 59, 60, 61, 62, 63, 64, 65, 66, 67, 68, 69, 70, 71, 104, 105, 106, 107, 108, 109, 110, 111]","[2, 7, 8, 13]",DIFF_SB_SR_65,structural_overapprox_mode_simplified
SR_66,SR,66,1,differential,8,"[64, 65, 66, 67, 68, 69, 70, 71]",[8],8,"[64, 65, 66, 67, 68, 69, 70, 71]",[8],DIFF_SB_SR_66,structural_overapprox_mode_simplified
SR_66,SR,66,2,differential,48,"[0, 1, 2, 3, 4, 5, 6, 7, 16, 17, 18, 19, 20, 21, 22, 23, 32, 33, 34, 35, 36, 37, 38, 39, 56, 57, 58, 59, 60, 61, 62, 63, 64, 65, 66, 67, 68, 69, 70, 71, 104, 105, 106, 107, 108, 109, 110, 111]","[0, 2, 4, 7, 8, 13]",32,"[16, 17, 18, 19, 20, 21, 22, 23, 56, 57, 58, 59, 60, 61, 62, 63, 64, 65, 66, 67, 68, 69, 70, 71, 104, 105, 106, 107, 108, 109, 110, 111]","[2, 7, 8, 13]",DIFF_SB_SR_66,structural_overapprox_mode_simplified
SR_67,SR,67,1,differential,8,"[64, 65, 66, 67, 68, 69, 70, 71]",[8],8,"[64, 65, 66, 67, 68, 69, 70, 71]",[8],DIFF_SB_SR_67,structural_overapprox_mode_simplified
SR_67,SR,67,2,differential,48,"[0, 1, 2, 3, 4, 5, 6, 7, 16, 17, 18, 19, 20, 21, 22, 23, 32, 33, 34, 35, 36, 37, 38, 39, 56, 57, 58, 59, 60, 61, 62, 63, 64, 65, 66, 67, 68, 69, 70, 71, 104, 105, 106, 107, 108, 109, 110, 111]","[0, 2, 4, 7, 8, 13]",32,"[16, 17, 18, 19, 20, 21, 22, 23, 56, 57, 58, 59, 60, 61, 62, 63, 64, 65, 66, 67, 68, 69, 70, 71, 104, 105, 106, 107, 108, 109, 110, 111]","[2, 7, 8, 13]",DIFF_SB_SR_67,structural_overapprox_mode_simplified
SR_69,SR,69,1,differential,8,"[64, 65, 66, 67, 68, 69, 70, 71]",[8],8,"[64, 65, 66, 67, 68, 69, 70, 71]",[8],DIFF_SB_SR_69,structural_overapprox_mode_simplified
SR_69,SR,69,2,differential,48,"[0, 1, 2, 3, 4, 5, 6, 7, 16, 17, 18, 19, 20, 21, 22, 23, 32, 33, 34, 35, 36, 37, 38, 39, 56, 57, 58, 59, 60, 61, 62, 63, 64, 65, 66, 67, 68, 69, 70, 71, 104, 105, 106, 107, 108, 109, 110, 111]","[0, 2, 4, 7, 8, 13]",32,"[16, 17, 18, 19, 20, 21, 22, 23, 56, 57, 58, 59, 60, 61, 62, 63, 64, 65, 66, 67, 68, 69, 70, 71, 104, 105, 106, 107, 108, 109, 110, 111]","[2, 7, 8, 13]",DIFF_SB_SR_69,structural_overapprox_mode_simplified
SR_70,SR,70,1,differential,8,"[64, 65, 66, 67, 68, 69, 70, 71]",[8],8,"[64, 65, 66, 67, 68, 69, 70, 71]",[8],DIFF_SB_SR_70,structural_overapprox_mode_simplified
SR_70,SR,70,2,differential,48,"[0, 1, 2, 3, 4, 5, 6, 7, 16, 17, 18, 19, 20, 21, 22, 23, 32, 33, 34, 35, 36, 37, 38, 39, 56, 57, 58, 59, 60, 61, 62, 63, 64, 65, 66, 67, 68, 69, 70, 71, 104, 105, 106, 107, 108, 109, 110, 111]","[0, 2, 4, 7, 8, 13]",32,"[16, 17, 18, 19, 20, 21, 22, 23, 56, 57, 58, 59, 60, 61, 62, 63, 64, 65, 66, 67, 68, 69, 70, 71, 104, 105, 106, 107, 108, 109, 110, 111]","[2, 7, 8, 13]",DIFF_SB_SR_70,structural_overapprox_mode_simplified
SR_74,SR,74,1,differential,8,"[104, 105, 106, 107, 108, 109, 110, 111]",[13],8,"[104, 105, 106, 107, 108, 109, 110, 111]",[13],DIFF_SB_SR_106,structural_overapprox_mode_simplified
SR_74,SR,74,2,differential,64,"[8, 9, 10, 11, 12, 13, 14, 15, 40, 41, 42, 43, 44, 45, 46, 47, 48, 49, 50, 51, 52, 53, 54, 55, 72, 73, 74, 75, 76, 77, 78, 79, 88, 89, 90, 91, 92, 93, 94, 95, 96, 97, 98, 99, 100, 101, 102, 103, 104, 105, 106, 107, 108, 109, 110, 111, 112, 113, 114, 115, 116, 117, 118, 119]","[1, 5, 6, 9, 11, 12, 13, 14]",32,"[8, 9, 10, 11, 12, 13, 14, 15, 48, 49, 50, 51, 52, 53, 54, 55, 88, 89, 90, 91, 92, 93, 94, 95, 96, 97, 98, 99, 100, 101, 102, 103]","[1, 6, 11, 12]",DIFF_SB_SR_106,structural_overapprox_mode_simplified
SR_76,SR,76,1,differential,8,"[104, 105, 106, 107, 108, 109, 110, 111]",[13],8,"[104, 105, 106, 107, 108, 109, 110, 111]",[13],DIFF_SB_SR_108,structural_overapprox_mode_simplified
SR_76,SR,76,2,differential,64,"[8, 9, 10, 11, 12, 13, 14, 15, 40, 41, 42, 43, 44, 45, 46, 47, 48, 49, 50, 51, 52, 53, 54, 55, 72, 73, 74, 75, 76, 77, 78, 79, 88, 89, 90, 91, 92, 93, 94, 95, 96, 97, 98, 99, 100, 101, 102, 103, 104, 105, 106, 107, 108, 109, 110, 111, 112, 113, 114, 115, 116, 117, 118, 119]","[1, 5, 6, 9, 11, 12, 13, 14]",32,"[8, 9, 10, 11, 12, 13, 14, 15, 48, 49, 50, 51, 52, 53, 54, 55, 88, 89, 90, 91, 92, 93, 94, 95, 96, 97, 98, 99, 100, 101, 102, 103]","[1, 6, 11, 12]",DIFF_SB_SR_108,structural_overapprox_mode_simplified
SR_77,SR,77,1,differential,8,"[104, 105, 106, 107, 108, 109, 110, 111]",[13],8,"[104, 105, 106, 107, 108, 109, 110, 111]",[13],DIFF_SB_SR_109,structural_overapprox_mode_simplified
SR_77,SR,77,2,differential,64,"[8, 9, 10, 11, 12, 13, 14, 15, 40, 41, 42, 43, 44, 45, 46, 47, 48, 49, 50, 51, 52, 53, 54, 55, 72, 73, 74, 75, 76, 77, 78, 79, 88, 89, 90, 91, 92, 93, 94, 95, 96, 97, 98, 99, 100, 101, 102, 103, 104, 105, 106, 107, 108, 109, 110, 111, 112, 113, 114, 115, 116, 117, 118, 119]","[1, 5, 6, 9, 11, 12, 13, 14]",32,"[8, 9, 10, 11, 12, 13, 14, 15, 48, 49, 50, 51, 52, 53, 54, 55, 88, 89, 90, 91, 92, 93, 94, 95, 96, 97, 98, 99, 100, 101, 102, 103]","[1, 6, 11, 12]",DIFF_SB_SR_109,structural_overapprox_mode_simplified
SR_78,SR,78,1,differential,8,"[104, 105, 106, 107, 108, 109, 110, 111]",[13],8,"[104, 105, 106, 107, 108, 109, 110, 111]",[13],DIFF_SB_SR_110,structural_overapprox_mode_simplified
SR_78,SR,78,2,differential,64,"[8, 9, 10, 11, 12, 13, 14, 15, 40, 41, 42, 43, 44, 45, 46, 47, 48, 49, 50, 51, 52, 53, 54, 55, 72, 73, 74, 75, 76, 77, 78, 79, 88, 89, 90, 91, 92, 93, 94, 95, 96, 97, 98, 99, 100, 101, 102, 103, 104, 105, 106, 107, 108, 109, 110, 111, 112, 113, 114, 115, 116, 117, 118, 119]","[1, 5, 6, 9, 11, 12, 13, 14]",32,"[8, 9, 10, 11, 12, 13, 14, 15, 48, 49, 50, 51, 52, 53, 54, 55, 88, 89, 90, 91, 92, 93, 94, 95, 96, 97, 98, 99, 100, 101, 102, 103]","[1, 6, 11, 12]",DIFF_SB_SR_110,structural_overapprox_mode_simplified
SR_79,SR,79,1,differential,8,"[104, 105, 106, 107, 108, 109, 110, 111]",[13],8,"[104, 105, 106, 107, 108, 109, 110, 111]",[13],DIFF_SB_SR_111,structural_overapprox_mode_simplified
SR_79,SR,79,2,differential,64,"[8, 9, 10, 11, 12, 13, 14, 15, 40, 41, 42, 43, 44, 45, 46, 47, 48, 49, 50, 51, 52, 53, 54, 55, 72, 73, 74, 75, 76, 77, 78, 79, 88, 89, 90, 91, 92, 93, 94, 95, 96, 97, 98, 99, 100, 101, 102, 103, 104, 105, 106, 107, 108, 109, 110, 111, 112, 113, 114, 115, 116, 117, 118, 119]","[1, 5, 6, 9, 11, 12, 13, 14]",32,"[8, 9, 10, 11, 12, 13, 14, 15, 48, 49, 50, 51, 52, 53, 54, 55, 88, 89, 90, 91, 92, 93, 94, 95, 96, 97, 98, 99, 100, 101, 102, 103]","[1, 6, 11, 12]",DIFF_SB_SR_111,structural_overapprox_mode_simplified
SR_81,SR,81,1,differential,8,"[16, 17, 18, 19, 20, 21, 22, 23]",[2],8,"[16, 17, 18, 19, 20, 21, 22, 23]",[2],DIFF_SB_SR_17,structural_overapprox_mode_simplified
SR_81,SR,81,2,differential,40,"[0, 1, 2, 3, 4, 5, 6, 7, 16, 17, 18, 19, 20, 21, 22, 23, 40, 41, 42, 43, 44, 45, 46, 47, 80, 81, 82, 83, 84, 85, 86, 87, 120, 121, 122, 123, 124, 125, 126, 127]","[0, 2, 5, 10, 15]",32,"[0, 1, 2, 3, 4, 5, 6, 7, 40, 41, 42, 43, 44, 45, 46, 47, 80, 81, 82, 83, 84, 85, 86, 87, 120, 121, 122, 123, 124, 125, 126, 127]","[0, 5, 10, 15]",DIFF_SB_SR_17,structural_overapprox_mode_simplified
SR_82,SR,82,1,differential,8,"[16, 17, 18, 19, 20, 21, 22, 23]",[2],8,"[16, 17, 18, 19, 20, 21, 22, 23]",[2],DIFF_SB_SR_18,structural_overapprox_mode_simplified
SR_82,SR,82,2,differential,40,"[0, 1, 2, 3, 4, 5, 6, 7, 16, 17, 18, 19, 20, 21, 22, 23, 40, 41, 42, 43, 44, 45, 46, 47, 80, 81, 82, 83, 84, 85, 86, 87, 120, 121, 122, 123, 124, 125, 126, 127]","[0, 2, 5, 10, 15]",32,"[0, 1, 2, 3, 4, 5, 6, 7, 40, 41, 42, 43, 44, 45, 46, 47, 80, 81, 82, 83, 84, 85, 86, 87, 120, 121, 122, 123, 124, 125, 126, 127]","[0, 5, 10, 15]",DIFF_SB_SR_18,structural_overapprox_mode_simplified
SR_83,SR,83,1,differential,8,"[16, 17, 18, 19, 20, 21, 22, 23]",[2],8,"[16, 17, 18, 19, 20, 21, 22, 23]",[2],DIFF_SB_SR_19,structural_overapprox_mode_simplified
SR_83,SR,83,2,differential,40,"[0, 1, 2, 3, 4, 5, 6, 7, 16, 17, 18, 19, 20, 21, 22, 23, 40, 41, 42, 43, 44, 45, 46, 47, 80, 81, 82, 83, 84, 85, 86, 87, 120, 121, 122, 123, 124, 125, 126, 127]","[0, 2, 5, 10, 15]",32,"[0, 1, 2, 3, 4, 5, 6, 7, 40, 41, 42, 43, 44, 45, 46, 47, 80, 81, 82, 83, 84, 85, 86, 87, 120, 121, 122, 123, 124, 125, 126, 127]","[0, 5, 10, 15]",DIFF_SB_SR_19,structural_overapprox_mode_simplified
SR_84,SR,84,1,differential,8,"[16, 17, 18, 19, 20, 21, 22, 23]",[2],8,"[16, 17, 18, 19, 20, 21, 22, 23]",[2],DIFF_SB_SR_20,structural_overapprox_mode_simplified
SR_84,SR,84,2,differential,40,"[0, 1, 2, 3, 4, 5, 6, 7, 16, 17, 18, 19, 20, 21, 22, 23, 40, 41, 42, 43, 44, 45, 46, 47, 80, 81, 82, 83, 84, 85, 86, 87, 120, 121, 122, 123, 124, 125, 126, 127]","[0, 2, 5, 10, 15]",32,"[0, 1, 2, 3, 4, 5, 6, 7, 40, 41, 42, 43, 44, 45, 46, 47, 80, 81, 82, 83, 84, 85, 86, 87, 120, 121, 122, 123, 124, 125, 126, 127]","[0, 5, 10, 15]",DIFF_SB_SR_20,structural_overapprox_mode_simplified
SR_88,SR,88,1,differential,8,"[56, 57, 58, 59, 60, 61, 62, 63]",[7],8,"[56, 57, 58, 59, 60, 61, 62, 63]",[7],DIFF_SB_SR_56,structural_overapprox_mode_simplified
SR_88,SR,88,2,differential,48,"[24, 25, 26, 27, 28, 29, 30, 31, 32, 33, 34, 35, 36, 37, 38, 39, 56, 57, 58, 59, 60, 61, 62, 63, 72, 73, 74, 75, 76, 77, 78, 79, 96, 97, 98, 99, 100, 101, 102, 103, 112, 113, 114, 115, 116, 117, 118, 119]","[3, 4, 7, 9, 12, 14]",32,"[24, 25, 26, 27, 28, 29, 30, 31, 32, 33, 34, 35, 36, 37, 38, 39, 72, 73, 74, 75, 76, 77, 78, 79, 112, 113, 114, 115, 116, 117, 118, 119]","[3, 4, 9, 14]",DIFF_SB_SR_56,structural_overapprox_mode_simplified
SR_92,SR,92,1,differential,8,"[56, 57, 58, 59, 60, 61, 62, 63]",[7],8,"[56, 57, 58, 59, 60, 61, 62, 63]",[7],DIFF_SB_SR_60,structural_overapprox_mode_simplified
SR_92,SR,92,2,differential,48,"[24, 25, 26, 27, 28, 29, 30, 31, 32, 33, 34, 35, 36, 37, 38, 39, 56, 57, 58, 59, 60, 61, 62, 63, 72, 73, 74, 75, 76, 77, 78, 79, 96, 97, 98, 99, 100, 101, 102, 103, 112, 113, 114, 115, 116, 117, 118, 119]","[3, 4, 7, 9, 12, 14]",32,"[24, 25, 26, 27, 28, 29, 30, 31, 32, 33, 34, 35, 36, 37, 38, 39, 72, 73, 74, 75, 76, 77, 78, 79, 112, 113, 114, 115, 116, 117, 118, 119]","[3, 4, 9, 14]",DIFF_SB_SR_60,structural_overapprox_mode_simplified
SR_93,SR,93,1,differential,8,"[56, 57, 58, 59, 60, 61, 62, 63]",[7],8,"[56, 57, 58, 59, 60, 61, 62, 63]",[7],DIFF_SB_SR_61,structural_overapprox_mode_simplified
SR_93,SR,93,2,differential,48,"[24, 25, 26, 27, 28, 29, 30, 31, 32, 33, 34, 35, 36, 37, 38, 39, 56, 57, 58, 59, 60, 61, 62, 63, 72, 73, 74, 75, 76, 77, 78, 79, 96, 97, 98, 99, 100, 101, 102, 103, 112, 113, 114, 115, 116, 117, 118, 119]","[3, 4, 7, 9, 12, 14]",32,"[24, 25, 26, 27, 28, 29, 30, 31, 32, 33, 34, 35, 36, 37, 38, 39, 72, 73, 74, 75, 76, 77, 78, 79, 112, 113, 114, 115, 116, 117, 118, 119]","[3, 4, 9, 14]",DIFF_SB_SR_61,structural_overapprox_mode_simplified
SR_94,SR,94,1,differential,8,"[56, 57, 58, 59, 60, 61, 62, 63]",[7],8,"[56, 57, 58, 59, 60, 61, 62, 63]",[7],DIFF_SB_SR_62,structural_overapprox_mode_simplified
SR_94,SR,94,2,differential,48,"[24, 25, 26, 27, 28, 29, 30, 31, 32, 33, 34, 35, 36, 37, 38, 39, 56, 57, 58, 59, 60, 61, 62, 63, 72, 73, 74, 75, 76, 77, 78, 79, 96, 97, 98, 99, 100, 101, 102, 103, 112, 113, 114, 115, 116, 117, 118, 119]","[3, 4, 7, 9, 12, 14]",32,"[24, 25, 26, 27, 28, 29, 30, 31, 32, 33, 34, 35, 36, 37, 38, 39, 72, 73, 74, 75, 76, 77, 78, 79, 112, 113, 114, 115, 116, 117, 118, 119]","[3, 4, 9, 14]",DIFF_SB_SR_62,structural_overapprox_mode_simplified
SR_95,SR,95,1,differential,8,"[56, 57, 58, 59, 60, 61, 62, 63]",[7],8,"[56, 57, 58, 59, 60, 61, 62, 63]",[7],DIFF_SB_SR_63,structural_overapprox_mode_simplified
SR_95,SR,95,2,differential,48,"[24, 25, 26, 27, 28, 29, 30, 31, 32, 33, 34, 35, 36, 37, 38, 39, 56, 57, 58, 59, 60, 61, 62, 63, 72, 73, 74, 75, 76, 77, 78, 79, 96, 97, 98, 99, 100, 101, 102, 103, 112, 113, 114, 115, 116, 117, 118, 119]","[3, 4, 7, 9, 12, 14]",32,"[24, 25, 26, 27, 28, 29, 30, 31, 32, 33, 34, 35, 36, 37, 38, 39, 72, 73, 74, 75, 76, 77, 78, 79, 112, 113, 114, 115, 116, 117, 118, 119]","[3, 4, 9, 14]",DIFF_SB_SR_63,structural_overapprox_mode_simplified
SR_98,SR,98,1,differential,8,"[96, 97, 98, 99, 100, 101, 102, 103]",[12],8,"[96, 97, 98, 99, 100, 101, 102, 103]",[12],DIFF_SB_SR_98,structural_overapprox_mode_simplified
SR_98,SR,98,2,differential,64,"[0, 1, 2, 3, 4, 5, 6, 7, 8, 9, 10, 11, 12, 13, 14, 15, 32, 33, 34, 35, 36, 37, 38, 39, 48, 49, 50, 51, 52, 53, 54, 55, 64, 65, 66, 67, 68, 69, 70, 71, 88, 89, 90, 91, 92, 93, 94, 95, 96, 97, 98, 99, 100, 101, 102, 103, 104, 105, 106, 107, 108, 109, 110, 111]","[0, 1, 4, 6, 8, 11, 12, 13]",32,"[8, 9, 10, 11, 12, 13, 14, 15, 48, 49, 50, 51, 52, 53, 54, 55, 88, 89, 90, 91, 92, 93, 94, 95, 96, 97, 98, 99, 100, 101, 102, 103]","[1, 6, 11, 12]",DIFF_SB_SR_98,structural_overapprox_mode_simplified
SR_99,SR,99,1,differential,8,"[96, 97, 98, 99, 100, 101, 102, 103]",[12],8,"[96, 97, 98, 99, 100, 101, 102, 103]",[12],DIFF_SB_SR_99,structural_overapprox_mode_simplified
SR_99,SR,99,2,differential,64,"[0, 1, 2, 3, 4, 5, 6, 7, 8, 9, 10, 11, 12, 13, 14, 15, 32, 33, 34, 35, 36, 37, 38, 39, 48, 49, 50, 51, 52, 53, 54, 55, 64, 65, 66, 67, 68, 69, 70, 71, 88, 89, 90, 91, 92, 93, 94, 95, 96, 97, 98, 99, 100, 101, 102, 103, 104, 105, 106, 107, 108, 109, 110, 111]","[0, 1, 4, 6, 8, 11, 12, 13]",32,"[8, 9, 10, 11, 12, 13, 14, 15, 48, 49, 50, 51, 52, 53, 54, 55, 88, 89, 90, 91, 92, 93, 94, 95, 96, 97, 98, 99, 100, 101, 102, 103]","[1, 6, 11, 12]",DIFF_SB_SR_99,structural_overapprox_mode_simplified
