case_id,cand_a,cand_b,cand_c,cand_d,topology_class,selection_reason,seed,query_count,depth,mode,first_result,second_result,first_time,second_time,first_model,first_model_hex,alternative_model,first_model_correct,true_key_satisfiable,true_key_timeout,second_timeout,timeout,z3_reason_unknown,byte_diagnostic_summary,column_diagnostic_summary,fixed_bytes,free_bytes,unknown_bytes,first_timeout,classification,confirmed_unique_candidate,sbox_encoding,domain_true_key_retained
3bit_early__SR_104__SR_14__SR_58,SR_104,SR_14,SR_58,,early_only,early_only_hard_case,2,128,2,differential,sat,sat,0.003734136000275612,17.234357308596373,a66f001322590000009f8f00f400db61,a66f001322590000009f8f00f400db61,a66f001322590000109f8f00f400db61,False,sat,False,False,False,,"{""0"": ""fixed"", ""1"": ""unknown"", ""10"": ""unknown"", ""11"": ""unknown"", ""12"": ""unknown"", ""13"": ""unknown"", ""14"": ""unknown"", ""15"": ""unknown"", ""2"": ""unknown"", ""3"": ""unknown"", ""4"": ""unknown"", ""5"": ""unknown"", ""6"": ""unknown"", ""7"": ""unknown"", ""8"": ""free"", ""9"": ""unknown""}","{""0"": ""free"", ""1"": ""free"", ""2"": ""free"", ""3"": ""free""}",[0],[8],"[1, 2, 3, 4, 5, 6, 7, 9, 10, 11, 12, 13, 14, 15]",False,ambiguity,False,uf_axiom,
3bit_early__SB_15__SB_16__SB_47,SB_15,SB_16,SB_47,,early_only,early_only_hard_case,1,128,2,differential,sat,sat,0.004563666880130768,24.242305498570204,99107579bc3c0000007a8a0000003606,99107579bc3c0000007a8a0000003606,99107579bc3c0002007a8a0000003606,False,sat,False,False,False,,"{""0"": ""fixed"", ""1"": ""fixed"", ""10"": ""unknown"", ""11"": ""unknown"", ""12"": ""unknown"", ""13"": ""unknown"", ""14"": ""unknown"", ""15"": ""unknown"", ""2"": ""fixed"", ""3"": ""fixed"", ""4"": ""unknown"", ""5"": ""unknown"", ""6"": ""unknown"", ""7"": ""free"", ""8"": ""unknown"", ""9"": ""unknown""}","{""0"": ""fixed"", ""1"": ""free"", ""2"": ""unknown"", ""3"": ""unknown""}","[0, 1, 2, 3]",[7],"[4, 5, 6, 8, 9, 10, 11, 12, 13, 14, 15]",False,ambiguity,False,uf_axiom,
3bit_early__SR_104__SR_14__SR_58,SR_104,SR_14,SR_58,,early_only,early_only_hard_case,0,128,2,differential,sat,sat,0.003184717148542404,59.84965481236577,edf4009a19e40000001eec008b000cf6,edf4009a19e40000001eec008b000cf6,edf4029a19e40000001eec008b000cf6,False,sat,False,False,False,,"{""0"": ""unknown"", ""1"": ""unknown"", ""10"": ""unknown"", ""11"": ""unknown"", ""12"": ""unknown"", ""13"": ""unknown"", ""14"": ""unknown"", ""15"": ""unknown"", ""2"": ""free"", ""3"": ""unknown"", ""4"": ""unknown"", ""5"": ""unknown"", ""6"": ""unknown"", ""7"": ""unknown"", ""8"": ""unknown"", ""9"": ""unknown""}","{""0"": ""free"", ""1"": ""free"", ""2"": ""free"", ""3"": ""free""}",[],[2],"[0, 1, 3, 4, 5, 6, 7, 8, 9, 10, 11, 12, 13, 14, 15]",False,ambiguity,False,uf_axiom,
3bit_early__SB_3__SR_101__SR_14,SB_3,SR_101,SR_14,,early_only,early_only_hard_case,1,128,2,differential,sat,sat,0.003572791814804077,71.07283218763769,99100079bc3c2c000d7a8a6fd1573606,99100079bc3c2c000d7a8a6fd1573606,9910006a9e3ccb00288b876fd1a17306,False,sat,False,False,False,,"{""0"": ""fixed"", ""1"": ""unknown"", ""10"": ""free"", ""11"": ""unknown"", ""12"": ""unknown"", ""13"": ""free"", ""14"": ""free"", ""15"": ""unknown"", ""2"": ""unknown"", ""3"": ""free"", ""4"": ""free"", ""5"": ""unknown"", ""6"": ""free"", ""7"": ""unknown"", ""8"": ""free"", ""9"": ""free""}","{""0"": ""free"", ""1"": ""free"", ""2"": ""free"", ""3"": ""free""}",[0],"[3, 4, 6, 8, 9, 10, 13, 14]","[1, 2, 5, 7, 11, 12, 15]",False,ambiguity,False,uf_axiom,
3bit_early__SB_15__SB_16__SB_47,SB_15,SB_16,SB_47,,early_only,early_only_hard_case,0,128,2,differential,sat,sat,0.005160234868526459,119.99962358921766,edf43a9a19e40000001eec0000000cf6,edf43a9a19e40000001eec0000000cf6,edf43a9a19e40000001eec0200000cf6,False,sat,False,False,False,,"{""0"": ""unknown"", ""1"": ""unknown"", ""10"": ""unknown"", ""11"": ""free"", ""12"": ""unknown"", ""13"": ""unknown"", ""14"": ""unknown"", ""15"": ""unknown"", ""2"": ""unknown"", ""3"": ""unknown"", ""4"": ""unknown"", ""5"": ""unknown"", ""6"": ""unknown"", ""7"": ""unknown"", ""8"": ""unknown"", ""9"": ""unknown""}","{""0"": ""unknown"", ""1"": ""unknown"", ""2"": ""free"", ""3"": ""unknown""}",[],[11],"[0, 1, 2, 3, 4, 5, 6, 7, 8, 9, 10, 12, 13, 14, 15]",False,ambiguity,False,uf_axiom,
3bit_early__SB_119__SB_51__SR_66,SB_119,SB_51,SR_66,,early_only,early_only_hard_case,0,128,2,differential,sat,sat,0.007132958620786667,102.24900767952204,edf43a9a1900a3f3bf1eec668bd00cf6,edf43a9a1900a3f3bf1eec668bd00cf6,72f5509a1900a3f8bf1eb5668bd00cee,False,sat,False,False,False,,"{""0"": ""free"", ""1"": ""free"", ""10"": ""free"", ""11"": ""unknown"", ""12"": ""unknown"", ""13"": ""unknown"", ""14"": ""unknown"", ""15"": ""free"", ""2"": ""free"", ""3"": ""unknown"", ""4"": ""unknown"", ""5"": ""unknown"", ""6"": ""unknown"", ""7"": ""free"", ""8"": ""unknown"", ""9"": ""unknown""}","{""0"": ""free"", ""1"": ""free"", ""2"": ""free"", ""3"": ""free""}",[],"[0, 1, 2, 7, 10, 15]","[3, 4, 5, 6, 8, 9, 11, 12, 13, 14]",False,ambiguity,False,uf_axiom,
3bit_early__SB_23__SB_35__SB_98,SB_23,SB_35,SB_98,,early_only,early_only_hard_case,2,128,2,differential,sat,sat,0.004471857100725174,86.85816379636526,a66f651322597100ab9f8f8af4c2db61,a66f651322597100ab9f8f8af4c2db61,77d9651322489d00c5477193f4afdb1a,False,sat,False,False,False,,"{""0"": ""free"", ""1"": ""free"", ""10"": ""free"", ""11"": ""free"", ""12"": ""unknown"", ""13"": ""free"", ""14"": ""unknown"", ""15"": ""free"", ""2"": ""fixed"", ""3"": ""fixed"", ""4"": ""fixed"", ""5"": ""free"", ""6"": ""free"", ""7"": ""unknown"", ""8"": ""free"", ""9"": ""free""}","{""0"": ""free"", ""1"": ""free"", ""2"": ""free"", ""3"": ""free""}","[2, 3, 4]","[0, 1, 5, 6, 8, 9, 10, 11, 13, 15]","[7, 12, 14]",False,ambiguity,False,uf_axiom,
3bit_early__SB_125__SB_83__SB_87,SB_125,SB_83,SB_87,,early_only,early_only_hard_case,2,128,2,differential,sat,sat,0.004248304292559624,62.27507887780666,006f651300007191ab008f8af4c20061,006f651300007191ab008f8af4c20061,0095650100007191ab008fcc41c20061,False,sat,False,False,False,,"{""0"": ""free"", ""1"": ""free"", ""10"": ""unknown"", ""11"": ""free"", ""12"": ""free"", ""13"": ""unknown"", ""14"": ""unknown"", ""15"": ""unknown"", ""2"": ""unknown"", ""3"": ""free"", ""4"": ""unknown"", ""5"": ""unknown"", ""6"": ""unknown"", ""7"": ""unknown"", ""8"": ""unknown"", ""9"": ""unknown""}","{""0"": ""free"", ""1"": ""free"", ""2"": ""free"", ""3"": ""free""}",[],"[0, 1, 3, 11, 12]","[2, 4, 5, 6, 7, 8, 9, 10, 13, 14, 15]",False,ambiguity,False,uf_axiom,
3bit_early__SB_49__SR_55__SR_66,SB_49,SR_55,SR_66,,early_only,early_only_hard_case,0,128,2,differential,sat,sat,0.005010291934013367,61.336710907518864,edf43a9a1900a3f3bf1eec668bd00cf6,edf43a9a1900a3f3bf1eec668bd00cf6,1a663a9aa200a3f8bfe4c07955d00c20,False,sat,False,False,False,,"{""0"": ""free"", ""1"": ""free"", ""10"": ""free"", ""11"": ""free"", ""12"": ""free"", ""13"": ""unknown"", ""14"": ""unknown"", ""15"": ""free"", ""2"": ""unknown"", ""3"": ""unknown"", ""4"": ""free"", ""5"": ""unknown"", ""6"": ""unknown"", ""7"": ""free"", ""8"": ""unknown"", ""9"": ""free""}","{""0"": ""free"", ""1"": ""free"", ""2"": ""free"", ""3"": ""free""}",[],"[0, 1, 4, 7, 9, 10, 11, 12, 15]","[2, 3, 5, 6, 8, 13, 14]",False,ambiguity,False,uf_axiom,
3bit_early__SR_10__SR_108__SR_66,SR_10,SR_108,SR_66,,early_only,early_only_hard_case,0,128,2,differential,sat,sat,0.005927445366978645,128.8127514515072,edf43a9a19e400f3bf1eec0000d00cf6,edf43a9a19e400f3bf1eec0000d00cf6,edf4279a19e400f8bf1eec0800d00cf6,False,sat,False,False,False,,"{""0"": ""unknown"", ""1"": ""unknown"", ""10"": ""unknown"", ""11"": ""free"", ""12"": ""unknown"", ""13"": ""unknown"", ""14"": ""unknown"", ""15"": ""unknown"", ""2"": ""free"", ""3"": ""unknown"", ""4"": ""unknown"", ""5"": ""unknown"", ""6"": ""unknown"", ""7"": ""free"", ""8"": ""unknown"", ""9"": ""unknown""}","{""0"": ""free"", ""1"": ""free"", ""2"": ""free"", ""3"": ""free""}",[],"[2, 7, 11]","[0, 1, 3, 4, 5, 6, 8, 9, 10, 12, 13, 14, 15]",False,ambiguity,False,uf_axiom,
3bit_early__SB_22__SR_48__SR_7,SB_22,SR_48,SR_7,,early_only,early_only_hard_case,0,128,2,differential,sat,sat,0.004151932895183563,81.97284603118896,edf43a0000e4a3000000ec668bd00cf6,edf43a0000e4a3000000ec668bd00cf6,ed273a0008e46f000000ecaf9fd00cf6,False,sat,False,False,False,,"{""0"": ""fixed"", ""1"": ""free"", ""10"": ""unknown"", ""11"": ""free"", ""12"": ""free"", ""13"": ""unknown"", ""14"": ""unknown"", ""15"": ""unknown"", ""2"": ""unknown"", ""3"": ""unknown"", ""4"": ""free"", ""5"": ""unknown"", ""6"": ""free"", ""7"": ""unknown"", ""8"": ""unknown"", ""9"": ""unknown""}","{""0"": ""free"", ""1"": ""free"", ""2"": ""free"", ""3"": ""free""}",[0],"[1, 4, 6, 11, 12]","[2, 3, 5, 7, 8, 9, 10, 13, 14, 15]",False,ambiguity,False,uf_axiom,
3bit_early__SB_15__SB_16__SB_47,SB_15,SB_16,SB_47,,early_only,early_only_hard_case,2,128,2,differential,sat,sat,0.005899662151932716,70.10969075001776,a66f651322590000009f8f000000db61,a66f651322590000009f8f000000db61,a66f651322590000009f8f000040db61,False,sat,False,False,False,,"{""0"": ""unknown"", ""1"": ""unknown"", ""10"": ""unknown"", ""11"": ""unknown"", ""12"": ""unknown"", ""13"": ""free"", ""14"": ""unknown"", ""15"": ""unknown"", ""2"": ""unknown"", ""3"": ""unknown"", ""4"": ""unknown"", ""5"": ""unknown"", ""6"": ""unknown"", ""7"": ""unknown"", ""8"": ""unknown"", ""9"": ""unknown""}","{""0"": ""unknown"", ""1"": ""unknown"", ""2"": ""unknown"", ""3"": ""free""}",[],[13],"[0, 1, 2, 3, 4, 5, 6, 7, 8, 9, 10, 11, 12, 14, 15]",False,ambiguity,False,uf_axiom,
3bit_early__SB_107__SB_36__SR_8,SB_107,SB_36,SR_8,,early_only,early_only_hard_case,2,128,2,differential,sat,sat,0.003144996240735054,41.727848103269935,a66f001322597100009f008af4c2db00,a66f001322597100009f008af4c2db00,a892001322599f0000ee0064bbc2db00,False,sat,False,False,False,,"{""0"": ""free"", ""1"": ""free"", ""10"": ""unknown"", ""11"": ""free"", ""12"": ""free"", ""13"": ""unknown"", ""14"": ""unknown"", ""15"": ""unknown"", ""2"": ""free"", ""3"": ""unknown"", ""4"": ""unknown"", ""5"": ""unknown"", ""6"": ""free"", ""7"": ""unknown"", ""8"": ""unknown"", ""9"": ""free""}","{""0"": ""free"", ""1"": ""free"", ""2"": ""free"", ""3"": ""free""}",[],"[0, 1, 2, 6, 9, 11, 12]","[3, 4, 5, 7, 8, 10, 13, 14, 15]",False,ambiguity,False,uf_axiom,
3bit_early__SR_104__SR_14__SR_58,SR_104,SR_14,SR_58,,early_only,early_only_hard_case,1,128,2,differential,sat,sat,0.0048076435923576355,43.80029773339629,99100079bc3c0000007a8a00d1003606,99100079bc3c0000007a8a00d1003606,99100079bc3c0000007a8a80d1003606,False,sat,False,False,False,,"{""0"": ""unknown"", ""1"": ""unknown"", ""10"": ""unknown"", ""11"": ""free"", ""12"": ""unknown"", ""13"": ""unknown"", ""14"": ""unknown"", ""15"": ""unknown"", ""2"": ""unknown"", ""3"": ""unknown"", ""4"": ""unknown"", ""5"": ""unknown"", ""6"": ""unknown"", ""7"": ""unknown"", ""8"": ""unknown"", ""9"": ""unknown""}","{""0"": ""free"", ""1"": ""free"", ""2"": ""free"", ""3"": ""free""}",[],[11],"[0, 1, 2, 3, 4, 5, 6, 7, 8, 9, 10, 12, 13, 14, 15]",False,ambiguity,False,uf_axiom,
3bit_early__SB_81__SR_46__SR_88,SB_81,SR_46,SR_88,,early_only,early_only_hard_case,1,128,2,differential,sat,sat,0.00344291515648365,70.29010888561606,00107579bc3c2c3b0d7a8a00d1573606,00107579bc3c2c3b0d7a8a00d1573606,006875612f664d3b0d7a84009c573d52,False,sat,False,False,False,,"{""0"": ""free"", ""1"": ""free"", ""10"": ""free"", ""11"": ""unknown"", ""12"": ""free"", ""13"": ""unknown"", ""14"": ""free"", ""15"": ""free"", ""2"": ""unknown"", ""3"": ""free"", ""4"": ""free"", ""5"": ""free"", ""6"": ""free"", ""7"": ""unknown"", ""8"": ""unknown"", ""9"": ""unknown""}","{""0"": ""free"", ""1"": ""free"", ""2"": ""free"", ""3"": ""free""}",[],"[0, 1, 3, 4, 5, 6, 10, 12, 14, 15]","[2, 7, 8, 9, 11, 13]",False,ambiguity,False,uf_axiom,
3bit_early__SB_119__SB_51__SR_66,SB_119,SB_51,SR_66,,early_only,early_only_hard_case,2,128,2,differential,sat,sat,0.0040484946221113205,83.19681905955076,a66f651322007191ab9f8f8af4c2db61,a66f651322007191ab9f8f8af4c2db61,e45c651322001391ab77e2864030db71,False,sat,False,False,False,,"{""0"": ""free"", ""1"": ""free"", ""10"": ""free"", ""11"": ""free"", ""12"": ""free"", ""13"": ""free"", ""14"": ""unknown"", ""15"": ""free"", ""2"": ""fixed"", ""3"": ""unknown"", ""4"": ""unknown"", ""5"": ""unknown"", ""6"": ""free"", ""7"": ""unknown"", ""8"": ""unknown"", ""9"": ""free""}","{""0"": ""free"", ""1"": ""free"", ""2"": ""free"", ""3"": ""free""}",[2],"[0, 1, 6, 9, 10, 11, 12, 13, 15]","[3, 4, 5, 7, 8, 14]",False,ambiguity,False,uf_axiom,
3bit_early__SB_3__SR_101__SR_14,SB_3,SR_101,SR_14,,early_only,early_only_hard_case,0,128,2,differential,sat,sat,0.007211629301309586,247.2469890359789,edf4009a19e4a300bf1eec668bd00cf6,edf4009a19e4a300bf1eec668bd00cf6,ed1e008978e4a300ebbdec668b406d49,False,sat,False,False,False,,"{""0"": ""fixed"", ""1"": ""free"", ""10"": ""unknown"", ""11"": ""unknown"", ""12"": ""unknown"", ""13"": ""free"", ""14"": ""free"", ""15"": ""free"", ""2"": ""free"", ""3"": ""free"", ""4"": ""free"", ""5"": ""fixed"", ""6"": ""fixed"", ""7"": ""unknown"", ""8"": ""free"", ""9"": ""free""}","{""0"": ""free"", ""1"": ""free"", ""2"": ""free"", ""3"": ""free""}","[0, 5, 6]","[1, 2, 3, 4, 8, 9, 13, 14, 15]","[7, 10, 11, 12]",False,ambiguity,False,uf_axiom,
3bit_early__SB_3__SR_101__SR_14,SB_3,SR_101,SR_14,,early_only,early_only_hard_case,2,128,2,differential,sat,sat,0.003301648423075676,271.01492458954453,a66f001322597100ab9f8f8af4c2db61,a66f001322597100ab9f8f8af4c2db61,a622001ac959e400ca0af7da297795a6,False,sat,False,False,False,,"{""0"": ""fixed"", ""1"": ""free"", ""10"": ""free"", ""11"": ""free"", ""12"": ""free"", ""13"": ""free"", ""14"": ""free"", ""15"": ""free"", ""2"": ""unknown"", ""3"": ""free"", ""4"": ""free"", ""5"": ""unknown"", ""6"": ""free"", ""7"": ""unknown"", ""8"": ""free"", ""9"": ""free""}","{""0"": ""free"", ""1"": ""free"", ""2"": ""free"", ""3"": ""free""}",[0],"[1, 3, 4, 6, 8, 9, 10, 11, 12, 13, 14, 15]","[2, 5, 7]",False,ambiguity,False,uf_axiom,
3bit_early__SB_119__SB_51__SR_66,SB_119,SB_51,SR_66,,early_only,early_only_hard_case,1,128,2,differential,sat,sat,0.004613922908902168,68.54328377731144,99107579bc002c3b0d7a8a6fd1573606,99107579bc002c3b0d7a8a6fd1573606,231075eb25402c880d2fdd6f5719af88,False,sat,False,False,False,,"{""0"": ""free"", ""1"": ""unknown"", ""10"": ""free"", ""11"": ""unknown"", ""12"": ""free"", ""13"": ""free"", ""14"": ""free"", ""15"": ""free"", ""2"": ""unknown"", ""3"": ""free"", ""4"": ""free"", ""5"": ""free"", ""6"": ""unknown"", ""7"": ""free"", ""8"": ""unknown"", ""9"": ""free""}","{""0"": ""free"", ""1"": ""free"", ""2"": ""free"", ""3"": ""free""}",[],"[0, 3, 4, 5, 7, 9, 10, 12, 13, 14, 15]","[1, 2, 6, 8, 11]",False,ambiguity,False,uf_axiom,
3bit_early__SB_47__SB_52__SR_44,SB_47,SB_52,SR_44,,early_only,early_only_hard_case,1,192,2,differential,sat,sat,0.005781501531600952,60.57490857318044,00107579bc3c2c3b0d7a000000573606,00107579bc3c2c3b0d7a000000573606,10107579bc3c2c3b0d7a000000573606,False,sat,False,False,False,,"{""0"": ""free"", ""1"": ""unknown"", ""10"": ""unknown"", ""11"": ""unknown"", ""12"": ""unknown"", ""13"": ""unknown"", ""14"": ""unknown"", ""15"": ""unknown"", ""2"": ""unknown"", ""3"": ""unknown"", ""4"": ""unknown"", ""5"": ""unknown"", ""6"": ""unknown"", ""7"": ""unknown"", ""8"": ""unknown"", ""9"": ""unknown""}","{""0"": ""free"", ""1"": ""unknown"", ""2"": ""unknown"", ""3"": ""unknown""}",[],[0],"[1, 2, 3, 4, 5, 6, 7, 8, 9, 10, 11, 12, 13, 14, 15]",False,ambiguity,False,uf_axiom,
3bit_early__SB_23__SB_35__SB_98,SB_23,SB_35,SB_98,,early_only,early_only_hard_case,1,128,2,differential,sat,sat,0.007063055410981178,209.24553745053709,99107579bc3c2c000d7a8a6fd1573606,99107579bc3c2c000d7a8a6fd1573606,998e759c383c2c02ae7d8a6fd1397706,False,sat,False,False,False,,"{""0"": ""unknown"", ""1"": ""free"", ""10"": ""unknown"", ""11"": ""unknown"", ""12"": ""unknown"", ""13"": ""free"", ""14"": ""free"", ""15"": ""unknown"", ""2"": ""unknown"", ""3"": ""free"", ""4"": ""free"", ""5"": ""unknown"", ""6"": ""unknown"", ""7"": ""free"", ""8"": ""free"", ""9"": ""free""}","{""0"": ""free"", ""1"": ""free"", ""2"": ""free"", ""3"": ""free""}",[],"[1, 3, 4, 7, 8, 9, 13, 14]","[0, 2, 5, 6, 10, 11, 12, 15]",False,ambiguity,False,uf_axiom,
3bit_early__SR_10__SR_108__SR_66,SR_10,SR_108,SR_66,,early_only,early_only_hard_case,1,128,2,differential,sat,sat,0.00468483567237854,105.90470938384533,99107579bc3c003b0d7a8a0000573606,99107579bc3c003b0d7a8a0000573606,99107579bc3c203b0d7a8a0000573606,False,sat,False,False,False,,"{""0"": ""unknown"", ""1"": ""unknown"", ""10"": ""unknown"", ""11"": ""unknown"", ""12"": ""unknown"", ""13"": ""unknown"", ""14"": ""unknown"", ""15"": ""unknown"", ""2"": ""unknown"", ""3"": ""unknown"", ""4"": ""unknown"", ""5"": ""unknown"", ""6"": ""free"", ""7"": ""unknown"", ""8"": ""unknown"", ""9"": ""unknown""}","{""0"": ""unknown"", ""1"": ""free"", ""2"": ""unknown"", ""3"": ""unknown""}",[],[6],"[0, 1, 2, 3, 4, 5, 7, 8, 9, 10, 11, 12, 13, 14, 15]",False,ambiguity,False,uf_axiom,
3bit_early__SB_81__SR_46__SR_88,SB_81,SR_46,SR_88,,early_only,early_only_hard_case,2,128,2,differential,sat,sat,0.005472252145409584,92.20325266756117,006f651322597191ab9f8f00f4c2db61,006f651322597191ab9f8f00f4c2db61,008f651322030d91ab9f0a0036c2d5ff,False,sat,False,False,False,,"{""0"": ""free"", ""1"": ""free"", ""10"": ""free"", ""11"": ""unknown"", ""12"": ""free"", ""13"": ""unknown"", ""14"": ""free"", ""15"": ""free"", ""2"": ""fixed"", ""3"": ""unknown"", ""4"": ""unknown"", ""5"": ""free"", ""6"": ""free"", ""7"": ""unknown"", ""8"": ""unknown"", ""9"": ""unknown""}","{""0"": ""free"", ""1"": ""free"", ""2"": ""free"", ""3"": ""free""}",[2],"[0, 1, 5, 6, 10, 12, 14, 15]","[3, 4, 7, 8, 9, 11, 13]",False,ambiguity,False,uf_axiom,
3bit_early__SB_49__SR_55__SR_66,SB_49,SR_55,SR_66,,early_only,early_only_hard_case,1,128,2,differential,sat,sat,0.0046164244413375854,123.87925050221384,99107579bc002c3b0d7a8a6fd1573606,99107579bc002c3b0d7a8a6fd1573606,214a754754002c880d509a6f57908dcd,False,sat,False,False,False,,"{""0"": ""free"", ""1"": ""free"", ""10"": ""free"", ""11"": ""unknown"", ""12"": ""free"", ""13"": ""free"", ""14"": ""free"", ""15"": ""free"", ""2"": ""fixed"", ""3"": ""free"", ""4"": ""free"", ""5"": ""unknown"", ""6"": ""unknown"", ""7"": ""free"", ""8"": ""unknown"", ""9"": ""free""}","{""0"": ""free"", ""1"": ""free"", ""2"": ""free"", ""3"": ""free""}",[2],"[0, 1, 3, 4, 7, 9, 10, 12, 13, 14, 15]","[5, 6, 8, 11]",False,ambiguity,False,uf_axiom,
3bit_early__SB_22__SR_48__SR_7,SB_22,SR_48,SR_7,,early_only,early_only_hard_case,2,128,2,differential,sat,sat,0.004841770976781845,199.16804382577538,a66f65000059710000008f8af4c2db61,a66f65000059710000008f8af4c2db61,a6df650200590f0000008f92ddc2b461,False,sat,False,False,False,,"{""0"": ""fixed"", ""1"": ""free"", ""10"": ""unknown"", ""11"": ""free"", ""12"": ""free"", ""13"": ""unknown"", ""14"": ""free"", ""15"": ""unknown"", ""2"": ""fixed"", ""3"": ""free"", ""4"": ""unknown"", ""5"": ""unknown"", ""6"": ""free"", ""7"": ""unknown"", ""8"": ""unknown"", ""9"": ""unknown""}","{""0"": ""free"", ""1"": ""free"", ""2"": ""free"", ""3"": ""free""}","[0, 2]","[1, 3, 6, 11, 12, 14]","[4, 5, 7, 8, 9, 10, 13, 15]",False,ambiguity,False,uf_axiom,
3bit_early__SB_40__SR_22__SR_57,SB_40,SR_22,SR_57,,early_only,early_only_hard_case,2,128,2,differential,sat,sat,0.006932560354471207,188.26760428026319,a66f651322597191ab9f8f00f4c2db61,a66f651322597191ab9f8f00f4c2db61,bbc965132259eb91abee8f00dd4c8eaf,False,sat,False,False,False,,"{""0"": ""free"", ""1"": ""free"", ""10"": ""unknown"", ""11"": ""unknown"", ""12"": ""free"", ""13"": ""free"", ""14"": ""free"", ""15"": ""free"", ""2"": ""unknown"", ""3"": ""unknown"", ""4"": ""unknown"", ""5"": ""unknown"", ""6"": ""free"", ""7"": ""unknown"", ""8"": ""unknown"", ""9"": ""free""}","{""0"": ""free"", ""1"": ""free"", ""2"": ""free"", ""3"": ""free""}",[],"[0, 1, 6, 9, 12, 13, 14, 15]","[2, 3, 4, 5, 7, 8, 10, 11]",False,ambiguity,False,uf_axiom,
3bit_early__SB_12__SB_57__SR_12,SB_12,SB_57,SR_12,,early_only,early_only_hard_case,0,128,2,differential,sat,sat,0.005460364744067192,257.30164295621216,edf4009a19e400f3001eec008b000cf6,edf4009a19e400f3001eec008b000cf6,edf4009a19e400c1001eec40fb000cf6,False,sat,False,False,False,,"{""0"": ""unknown"", ""1"": ""unknown"", ""10"": ""unknown"", ""11"": ""free"", ""12"": ""free"", ""13"": ""unknown"", ""14"": ""unknown"", ""15"": ""unknown"", ""2"": ""unknown"", ""3"": ""unknown"", ""4"": ""unknown"", ""5"": ""unknown"", ""6"": ""unknown"", ""7"": ""free"", ""8"": ""unknown"", ""9"": ""unknown""}","{""0"": ""free"", ""1"": ""free"", ""2"": ""free"", ""3"": ""free""}",[],"[7, 11, 12]","[0, 1, 2, 3, 4, 5, 6, 8, 9, 10, 13, 14, 15]",False,ambiguity,False,uf_axiom,
3bit_early__SB_12__SB_57__SR_12,SB_12,SB_57,SR_12,,early_only,early_only_hard_case,2,128,2,differential,sat,sat,0.003304118290543556,219.2295837905258,a66f001322590091009f8f00f400db61,a66f001322590091009f8f00f400db61,a66f001322590091409f8f00f400db61,False,sat,False,False,False,,"{""0"": ""unknown"", ""1"": ""unknown"", ""10"": ""unknown"", ""11"": ""unknown"", ""12"": ""unknown"", ""13"": ""unknown"", ""14"": ""unknown"", ""15"": ""unknown"", ""2"": ""unknown"", ""3"": ""unknown"", ""4"": ""unknown"", ""5"": ""unknown"", ""6"": ""unknown"", ""7"": ""unknown"", ""8"": ""free"", ""9"": ""unknown""}","{""0"": ""free"", ""1"": ""unknown"", ""2"": ""free"", ""3"": ""unknown""}",[],[8],"[0, 1, 2, 3, 4, 5, 6, 7, 9, 10, 11, 12, 13, 14, 15]",False,ambiguity,False,uf_axiom,
3bit_early__SB_126__SB_71__SR_7,SB_126,SB_71,SR_7,,early_only,early_only_hard_case,2,128,2,differential,sat,sat,0.007023848593235016,29.087846115231514,a66f651322597191ab008f8af4c20061,a66f651322597191ab008f8af4c20061,a637659c22592491ab008fcbd8c20061,False,sat,False,False,False,,"{""0"": ""fixed"", ""1"": ""free"", ""10"": ""unknown"", ""11"": ""free"", ""12"": ""free"", ""13"": ""unknown"", ""14"": ""unknown"", ""15"": ""unknown"", ""2"": ""fixed"", ""3"": ""free"", ""4"": ""unknown"", ""5"": ""unknown"", ""6"": ""free"", ""7"": ""unknown"", ""8"": ""unknown"", ""9"": ""unknown""}","{""0"": ""free"", ""1"": ""free"", ""2"": ""free"", ""3"": ""free""}","[0, 2]","[1, 3, 6, 11, 12]","[4, 5, 7, 8, 9, 10, 13, 14, 15]",False,ambiguity,False,uf_axiom,
3bit_early__SB_33__SR_77__SR_9,SB_33,SR_77,SR_9,,early_only,early_only_hard_case,2,128,2,differential,sat,sat,0.003335956484079361,47.34129933454096,a66f001322597100009f008af4c2db00,a66f001322597100009f008af4c2db00,b96f00132259fd00009f00611aa2db00,False,sat,False,False,False,,"{""0"": ""free"", ""1"": ""unknown"", ""10"": ""unknown"", ""11"": ""free"", ""12"": ""free"", ""13"": ""free"", ""14"": ""unknown"", ""15"": ""unknown"", ""2"": ""unknown"", ""3"": ""unknown"", ""4"": ""unknown"", ""5"": ""unknown"", ""6"": ""free"", ""7"": ""unknown"", ""8"": ""unknown"", ""9"": ""unknown""}","{""0"": ""free"", ""1"": ""free"", ""2"": ""free"", ""3"": ""free""}",[],"[0, 6, 11, 12, 13]","[1, 2, 3, 4, 5, 7, 8, 9, 10, 14, 15]",False,ambiguity,False,uf_axiom,
3bit_early__SB_125__SB_83__SB_87,SB_125,SB_83,SB_87,,early_only,early_only_hard_case,1,128,2,differential,sat,sat,0.0030865874141454697,218.8678778987378,0010757900002c3b0d008a6fd1570006,0010757900002c3b0d008a6fd1570006,0010757920002c3b0d008a6fd1570006,False,sat,False,False,False,,"{""0"": ""unknown"", ""1"": ""unknown"", ""10"": ""unknown"", ""11"": ""unknown"", ""12"": ""unknown"", ""13"": ""unknown"", ""14"": ""unknown"", ""15"": ""unknown"", ""2"": ""unknown"", ""3"": ""unknown"", ""4"": ""free"", ""5"": ""unknown"", ""6"": ""unknown"", ""7"": ""unknown"", ""8"": ""unknown"", ""9"": ""unknown""}","{""0"": ""free"", ""1"": ""free"", ""2"": ""unknown"", ""3"": ""unknown""}",[],[4],"[0, 1, 2, 3, 5, 6, 7, 8, 9, 10, 11, 12, 13, 14, 15]",False,ambiguity,False,uf_axiom,
3bit_early__SB_49__SR_55__SR_66,SB_49,SR_55,SR_66,,early_only,early_only_hard_case,2,192,2,differential,sat,sat,0.006224902346730232,83.27173770591617,a66f651322007191ab9f8f8af4c2db61,a66f651322007191ab9f8f8af4c2db61,a66f657d22007191abb99f8af4c2db7d,False,sat,False,False,False,,"{""0"": ""fixed"", ""1"": ""unknown"", ""10"": ""free"", ""11"": ""unknown"", ""12"": ""unknown"", ""13"": ""unknown"", ""14"": ""unknown"", ""15"": ""free"", ""2"": ""unknown"", ""3"": ""free"", ""4"": ""unknown"", ""5"": ""unknown"", ""6"": ""unknown"", ""7"": ""unknown"", ""8"": ""unknown"", ""9"": ""free""}","{""0"": ""free"", ""1"": ""free"", ""2"": ""free"", ""3"": ""free""}",[0],"[3, 9, 10, 15]","[1, 2, 4, 5, 6, 7, 8, 11, 12, 13, 14]",False,ambiguity,False,uf_axiom,
3bit_early__SB_47__SB_52__SR_44,SB_47,SB_52,SR_44,,early_only,early_only_hard_case,0,128,2,differential,sat,sat,0.005890673026442528,243.94323392398655,00f43a9a19e4a3f3bf1e000000d00cf6,00f43a9a19e4a3f3bf1e000000d00cf6,000d689a191da3c3581e000000a40c7c,False,sat,False,False,False,,"{""0"": ""free"", ""1"": ""free"", ""10"": ""unknown"", ""11"": ""unknown"", ""12"": ""unknown"", ""13"": ""free"", ""14"": ""unknown"", ""15"": ""free"", ""2"": ""free"", ""3"": ""fixed"", ""4"": ""fixed"", ""5"": ""free"", ""6"": ""fixed"", ""7"": ""free"", ""8"": ""free"", ""9"": ""fixed""}","{""0"": ""free"", ""1"": ""free"", ""2"": ""free"", ""3"": ""free""}","[3, 4, 6, 9]","[0, 1, 2, 5, 7, 8, 13, 15]","[10, 11, 12, 14]",False,ambiguity,False,uf_axiom,
3bit_early__SB_107__SB_36__SR_8,SB_107,SB_36,SR_8,,early_only,early_only_hard_case,1,128,2,differential,sat,sat,0.004169141873717308,153.6385553330183,99100079bc3c2c00007a006fd1573600,99100079bc3c2c00007a006fd1573600,99100079bc3c2c00007a026fd1573600,False,sat,False,False,False,,"{""0"": ""unknown"", ""1"": ""unknown"", ""10"": ""free"", ""11"": ""unknown"", ""12"": ""unknown"", ""13"": ""unknown"", ""14"": ""unknown"", ""15"": ""unknown"", ""2"": ""unknown"", ""3"": ""unknown"", ""4"": ""unknown"", ""5"": ""unknown"", ""6"": ""unknown"", ""7"": ""unknown"", ""8"": ""unknown"", ""9"": ""unknown""}","{""0"": ""unknown"", ""1"": ""unknown"", ""2"": ""free"", ""3"": ""unknown""}",[],[10],"[0, 1, 2, 3, 4, 5, 6, 7, 8, 9, 11, 12, 13, 14, 15]",False,ambiguity,False,uf_axiom,
3bit_early__SB_101__SB_112__SR_86,SB_101,SB_112,SR_86,,early_only,early_only_hard_case,2,192,2,differential,sat,sat,0.010609269142150879,122.03103104047477,a66f650022597100ab008f8af4c2db61,a66f650022597100ab008f8af4c2db61,a66f65004659710085008f8af406db61,False,sat,False,False,False,,"{""0"": ""unknown"", ""1"": ""unknown"", ""10"": ""unknown"", ""11"": ""unknown"", ""12"": ""unknown"", ""13"": ""free"", ""14"": ""unknown"", ""15"": ""unknown"", ""2"": ""unknown"", ""3"": ""unknown"", ""4"": ""free"", ""5"": ""unknown"", ""6"": ""unknown"", ""7"": ""unknown"", ""8"": ""free"", ""9"": ""unknown""}","{""0"": ""free"", ""1"": ""free"", ""2"": ""free"", ""3"": ""free""}",[],"[4, 8, 13]","[0, 1, 2, 3, 5, 6, 7, 9, 10, 11, 12, 14, 15]",False,ambiguity,False,uf_axiom,
3bit_early__SB_126__SB_71__SR_7,SB_126,SB_71,SR_7,,early_only,early_only_hard_case,0,128,2,differential,sat,sat,0.005356108769774437,76.32294046878815,edf43a9a19e4a3f3bf00ec668bd000f6,edf43a9a19e4a3f3bf00ec668bd000f6,edd0a282eae4dd86bf00ec8a6cd000f6,False,sat,False,False,False,,"{""0"": ""fixed"", ""1"": ""free"", ""10"": ""unknown"", ""11"": ""free"", ""12"": ""free"", ""13"": ""unknown"", ""14"": ""unknown"", ""15"": ""unknown"", ""2"": ""free"", ""3"": ""free"", ""4"": ""free"", ""5"": ""unknown"", ""6"": ""free"", ""7"": ""free"", ""8"": ""unknown"", ""9"": ""unknown""}","{""0"": ""free"", ""1"": ""free"", ""2"": ""free"", ""3"": ""free""}",[0],"[1, 2, 3, 4, 6, 7, 11, 12]","[5, 8, 9, 10, 13, 14, 15]",False,ambiguity,False,uf_axiom,
3bit_early__SB_107__SB_36__SR_8,SB_107,SB_36,SR_8,,early_only,early_only_hard_case,0,192,2,differential,sat,sat,0.011241834610700607,95.16824208572507,edf4009a19e4a300001e00668bd00c00,edf4009a19e4a300001e00668bd00c00,edf4029a19e4a300001e00668bd00c00,False,sat,False,False,False,,"{""0"": ""unknown"", ""1"": ""unknown"", ""10"": ""unknown"", ""11"": ""unknown"", ""12"": ""unknown"", ""13"": ""unknown"", ""14"": ""unknown"", ""15"": ""unknown"", ""2"": ""free"", ""3"": ""unknown"", ""4"": ""unknown"", ""5"": ""unknown"", ""6"": ""unknown"", ""7"": ""unknown"", ""8"": ""unknown"", ""9"": ""unknown""}","{""0"": ""free"", ""1"": ""free"", ""2"": ""free"", ""3"": ""unknown""}",[],[2],"[0, 1, 3, 4, 5, 6, 7, 8, 9, 10, 11, 12, 13, 14, 15]",False,ambiguity,False,uf_axiom,
3bit_early__SB_63__SR_107__SR_65,SB_63,SR_107,SR_65,,early_only,early_only_hard_case,0,192,2,differential,sat,sat,0.006337936967611313,205.9365923292935,edf43a9a19e400f3bf1eec008bd00cf6,edf43a9a19e400f3bf1eec008bd00cf6,edf43a9a19e402f3bf1eec008bd00cf6,False,sat,False,False,False,,"{""0"": ""unknown"", ""1"": ""unknown"", ""10"": ""unknown"", ""11"": ""unknown"", ""12"": ""unknown"", ""13"": ""unknown"", ""14"": ""unknown"", ""15"": ""unknown"", ""2"": ""unknown"", ""3"": ""unknown"", ""4"": ""unknown"", ""5"": ""unknown"", ""6"": ""free"", ""7"": ""unknown"", ""8"": ""unknown"", ""9"": ""unknown""}","{""0"": ""unknown"", ""1"": ""free"", ""2"": ""unknown"", ""3"": ""unknown""}",[],[6],"[0, 1, 2, 3, 4, 5, 7, 8, 9, 10, 11, 12, 13, 14, 15]",False,ambiguity,False,uf_axiom,
3bit_early__SB_12__SB_57__SR_12,SB_12,SB_57,SR_12,,early_only,early_only_hard_case,1,128,2,differential,sat,sat,0.0030951034277677536,274.83272902294993,99100079bc3c003b007a8a00d1003606,99100079bc3c003b007a8a00d1003606,e0100079bc3c003b007a0300d1003606,False,sat,False,False,False,,"{""0"": ""free"", ""1"": ""unknown"", ""10"": ""free"", ""11"": ""unknown"", ""12"": ""unknown"", ""13"": ""unknown"", ""14"": ""unknown"", ""15"": ""unknown"", ""2"": ""unknown"", ""3"": ""unknown"", ""4"": ""unknown"", ""5"": ""unknown"", ""6"": ""unknown"", ""7"": ""unknown"", ""8"": ""unknown"", ""9"": ""unknown""}","{""0"": ""free"", ""1"": ""unknown"", ""2"": ""free"", ""3"": ""unknown""}",[],"[0, 10]","[1, 2, 3, 4, 5, 6, 7, 8, 9, 11, 12, 13, 14, 15]",False,ambiguity,False,uf_axiom,
3bit_early__SB_23__SB_35__SB_98,SB_23,SB_35,SB_98,,early_only,early_only_hard_case,0,192,2,differential,sat,sat,0.00558464415371418,162.57186003774405,edf43a9a19e4a300bf1eec668bd00cf6,edf43a9a19e4a300bf1eec668bd00cf6,edee3a9a19e4a3001d1eec668bd00cf6,False,sat,False,False,False,,"{""0"": ""unknown"", ""1"": ""free"", ""10"": ""unknown"", ""11"": ""unknown"", ""12"": ""unknown"", ""13"": ""unknown"", ""14"": ""unknown"", ""15"": ""unknown"", ""2"": ""unknown"", ""3"": ""unknown"", ""4"": ""unknown"", ""5"": ""unknown"", ""6"": ""unknown"", ""7"": ""unknown"", ""8"": ""free"", ""9"": ""unknown""}","{""0"": ""free"", ""1"": ""free"", ""2"": ""free"", ""3"": ""unknown""}",[],"[1, 8]","[0, 2, 3, 4, 5, 6, 7, 9, 10, 11, 12, 13, 14, 15]",False,ambiguity,False,uf_axiom,
3bit_early__SB_101__SB_112__SR_86,SB_101,SB_112,SR_86,,early_only,early_only_hard_case,1,128,2,differential,sat,sat,0.008238336071372032,165.25876687280834,99107500bc3c2c000d008a6fd1573606,99107500bc3c2c000d008a6fd1573606,99107500d33c2c0000008a6fd15b3606,False,sat,False,False,False,,"{""0"": ""unknown"", ""1"": ""unknown"", ""10"": ""unknown"", ""11"": ""unknown"", ""12"": ""unknown"", ""13"": ""free"", ""14"": ""unknown"", ""15"": ""unknown"", ""2"": ""unknown"", ""3"": ""unknown"", ""4"": ""free"", ""5"": ""unknown"", ""6"": ""unknown"", ""7"": ""unknown"", ""8"": ""free"", ""9"": ""unknown""}","{""0"": ""free"", ""1"": ""free"", ""2"": ""free"", ""3"": ""free""}",[],"[4, 8, 13]","[0, 1, 2, 3, 5, 6, 7, 9, 10, 11, 12, 14, 15]",False,ambiguity,False,uf_axiom,
3bit_early__SB_40__SR_22__SR_57,SB_40,SR_22,SR_57,,early_only,early_only_hard_case,1,192,2,differential,sat,sat,0.006579183042049408,246.28801495023072,99107579bc3c2c3b0d7a8a00d1573606,99107579bc3c2c3b0d7a8a00d1573606,99107579bc3cc13b0d7a8a80d1793606,False,sat,False,False,False,,"{""0"": ""unknown"", ""1"": ""unknown"", ""10"": ""unknown"", ""11"": ""free"", ""12"": ""unknown"", ""13"": ""free"", ""14"": ""unknown"", ""15"": ""unknown"", ""2"": ""unknown"", ""3"": ""unknown"", ""4"": ""unknown"", ""5"": ""unknown"", ""6"": ""free"", ""7"": ""unknown"", ""8"": ""unknown"", ""9"": ""unknown""}","{""0"": ""unknown"", ""1"": ""free"", ""2"": ""free"", ""3"": ""free""}",[],"[6, 11, 13]","[0, 1, 2, 3, 4, 5, 7, 8, 9, 10, 12, 14, 15]",False,ambiguity,False,uf_axiom,
3bit_early__SB_22__SR_48__SR_7,SB_22,SR_48,SR_7,,early_only,early_only_hard_case,1,192,2,differential,sat,sat,0.010584339499473572,175.6086987890303,99107500003c2c0000008a6fd1573606,99107500003c2c0000008a6fd1573606,99107500003c2c0000088a6fd1573606,False,sat,False,False,False,,"{""0"": ""unknown"", ""1"": ""unknown"", ""10"": ""unknown"", ""11"": ""unknown"", ""12"": ""unknown"", ""13"": ""unknown"", ""14"": ""unknown"", ""15"": ""unknown"", ""2"": ""unknown"", ""3"": ""unknown"", ""4"": ""unknown"", ""5"": ""unknown"", ""6"": ""unknown"", ""7"": ""unknown"", ""8"": ""unknown"", ""9"": ""free""}","{""0"": ""free"", ""1"": ""unknown"", ""2"": ""free"", ""3"": ""unknown""}",[],[9],"[0, 1, 2, 3, 4, 5, 6, 7, 8, 10, 11, 12, 13, 14, 15]",False,ambiguity,False,uf_axiom,
3bit_early__SB_111__SB_119__SB_13,SB_111,SB_119,SB_13,,early_only,early_only_hard_case,0,192,2,differential,sat,sat,0.005407737568020821,70.20149342156947,edf43a0000e4a300001eec668bd00cf6,edf43a0000e4a300001eec668bd00cf6,edf43a0000e4a308001eec668bd00cf6,False,sat,False,False,False,,"{""0"": ""unknown"", ""1"": ""unknown"", ""10"": ""unknown"", ""11"": ""unknown"", ""12"": ""unknown"", ""13"": ""unknown"", ""14"": ""unknown"", ""15"": ""unknown"", ""2"": ""unknown"", ""3"": ""unknown"", ""4"": ""unknown"", ""5"": ""unknown"", ""6"": ""unknown"", ""7"": ""free"", ""8"": ""unknown"", ""9"": ""unknown""}","{""0"": ""unknown"", ""1"": ""free"", ""2"": ""unknown"", ""3"": ""unknown""}",[],[7],"[0, 1, 2, 3, 4, 5, 6, 8, 9, 10, 11, 12, 13, 14, 15]",False,ambiguity,False,uf_axiom,
3bit_early__SB_110__SB_79__SR_14,SB_110,SB_79,SR_14,,early_only,early_only_hard_case,1,192,2,differential,sat,sat,0.0070977844297885895,121.86193174310029,00107579bc3c2c3b0d7a006fd1573600,00107579bc3c2c3b0d7a006fd1573600,00107579bc3c2c3b0d7a016fd1573600,False,sat,False,False,False,,"{""0"": ""unknown"", ""1"": ""unknown"", ""10"": ""free"", ""11"": ""unknown"", ""12"": ""unknown"", ""13"": ""unknown"", ""14"": ""unknown"", ""15"": ""unknown"", ""2"": ""unknown"", ""3"": ""unknown"", ""4"": ""unknown"", ""5"": ""unknown"", ""6"": ""unknown"", ""7"": ""unknown"", ""8"": ""unknown"", ""9"": ""unknown""}","{""0"": ""free"", ""1"": ""unknown"", ""2"": ""free"", ""3"": ""unknown""}",[],[10],"[0, 1, 2, 3, 4, 5, 6, 7, 8, 9, 11, 12, 13, 14, 15]",False,ambiguity,False,uf_axiom,
3bit_early__SB_126__SB_71__SR_7,SB_126,SB_71,SR_7,,early_only,early_only_hard_case,1,128,2,differential,sat,sat,0.003874698653817177,179.04311911202967,99107579bc3c2c3b0d008a6fd1570006,99107579bc3c2c3b0d008a6fd1570006,996575ccbc3c6a3b0d008a8c8c570006,False,sat,False,False,False,,"{""0"": ""fixed"", ""1"": ""free"", ""10"": ""unknown"", ""11"": ""free"", ""12"": ""free"", ""13"": ""unknown"", ""14"": ""unknown"", ""15"": ""unknown"", ""2"": ""fixed"", ""3"": ""free"", ""4"": ""unknown"", ""5"": ""unknown"", ""6"": ""free"", ""7"": ""unknown"", ""8"": ""unknown"", ""9"": ""unknown""}","{""0"": ""free"", ""1"": ""free"", ""2"": ""free"", ""3"": ""free""}","[0, 2]","[1, 3, 6, 11, 12]","[4, 5, 7, 8, 9, 10, 13, 14, 15]",False,ambiguity,False,uf_axiom,
3bit_early__SB_81__SR_46__SR_88,SB_81,SR_46,SR_88,,early_only,early_only_hard_case,0,128,2,differential,sat,sat,0.006541118025779724,229.24719204194844,00f43a9a19e4a3f3bf1eec008bd00cf6,00f43a9a19e4a3f3bf1eec008bd00cf6,00173a52048812f3bfbcec04bdd0a97e,False,sat,False,False,False,,"{""0"": ""free"", ""1"": ""free"", ""10"": ""unknown"", ""11"": ""free"", ""12"": ""free"", ""13"": ""unknown"", ""14"": ""free"", ""15"": ""free"", ""2"": ""unknown"", ""3"": ""free"", ""4"": ""free"", ""5"": ""free"", ""6"": ""free"", ""7"": ""unknown"", ""8"": ""unknown"", ""9"": ""free""}","{""0"": ""free"", ""1"": ""free"", ""2"": ""free"", ""3"": ""free""}",[],"[0, 1, 3, 4, 5, 6, 9, 11, 12, 14, 15]","[2, 7, 8, 10, 13]",False,ambiguity,False,uf_axiom,
3bit_early__SB_44__SB_52__SR_88,SB_44,SB_52,SR_88,,early_only,early_only_hard_case,0,192,2,differential,sat,sat,0.007865168154239655,168.3396558780223,00f43a9a19e4a3f3001e00008b000cf6,00f43a9a19e4a3f3001e00008b000cf6,4014709a1904a3f3001e00008b000cbf,False,sat,False,False,False,,"{""0"": ""free"", ""1"": ""free"", ""10"": ""unknown"", ""11"": ""unknown"", ""12"": ""unknown"", ""13"": ""unknown"", ""14"": ""unknown"", ""15"": ""free"", ""2"": ""free"", ""3"": ""unknown"", ""4"": ""unknown"", ""5"": ""free"", ""6"": ""unknown"", ""7"": ""unknown"", ""8"": ""unknown"", ""9"": ""unknown""}","{""0"": ""free"", ""1"": ""free"", ""2"": ""free"", ""3"": ""free""}",[],"[0, 1, 2, 5, 15]","[3, 4, 6, 7, 8, 9, 10, 11, 12, 13, 14]",False,ambiguity,False,uf_axiom,
3bit_early__SB_111__SB_119__SB_13,SB_111,SB_119,SB_13,,early_only,early_only_hard_case,2,192,2,differential,sat,sat,0.008760981261730194,246.9587017800659,a66f650000597100009f8f8af4c2db61,a66f650000597100009f8f8af4c2db61,a66f650800597100009f8f8af4c2db61,False,sat,False,False,False,,"{""0"": ""unknown"", ""1"": ""unknown"", ""10"": ""unknown"", ""11"": ""unknown"", ""12"": ""unknown"", ""13"": ""unknown"", ""14"": ""unknown"", ""15"": ""unknown"", ""2"": ""unknown"", ""3"": ""free"", ""4"": ""unknown"", ""5"": ""unknown"", ""6"": ""unknown"", ""7"": ""unknown"", ""8"": ""unknown"", ""9"": ""unknown""}","{""0"": ""free"", ""1"": ""free"", ""2"": ""free"", ""3"": ""unknown""}",[],[3],"[0, 1, 2, 4, 5, 6, 7, 8, 9, 10, 11, 12, 13, 14, 15]",False,ambiguity,False,uf_axiom,
3bit_early__SR_0__SR_111__SR_67,SR_0,SR_111,SR_67,,early_only,early_only_hard_case,1,128,2,differential,sat,sat,0.003321319818496704,23.500272881239653,99107500bc3c003b0d008a0000573606,99107500bc3c003b0d008a0000573606,99107500bc3c003b0d008a0400573606,False,sat,False,False,False,,"{""0"": ""fixed"", ""1"": ""fixed"", ""10"": ""unknown"", ""11"": ""free"", ""12"": ""unknown"", ""13"": ""unknown"", ""14"": ""unknown"", ""15"": ""unknown"", ""2"": ""fixed"", ""3"": ""unknown"", ""4"": ""unknown"", ""5"": ""unknown"", ""6"": ""unknown"", ""7"": ""unknown"", ""8"": ""unknown"", ""9"": ""unknown""}","{""0"": ""free"", ""1"": ""free"", ""2"": ""free"", ""3"": ""free""}","[0, 1, 2]",[11],"[3, 4, 5, 6, 7, 8, 9, 10, 12, 13, 14, 15]",False,ambiguity,False,uf_axiom,
3bit_early__SB_101__SB_112__SR_86,SB_101,SB_112,SR_86,,early_only,early_only_hard_case,0,128,2,differential,sat,sat,0.005839232355356216,279.5600599627942,edf43a0019e4a300bf00ec668bd00cf6,edf43a0019e4a300bf00ec668bd00cf6,edf43a809de4a3004100ec668ba30cf6,False,sat,False,False,False,,"{""0"": ""unknown"", ""1"": ""unknown"", ""10"": ""unknown"", ""11"": ""unknown"", ""12"": ""unknown"", ""13"": ""free"", ""14"": ""unknown"", ""15"": ""unknown"", ""2"": ""unknown"", ""3"": ""free"", ""4"": ""free"", ""5"": ""unknown"", ""6"": ""unknown"", ""7"": ""unknown"", ""8"": ""free"", ""9"": ""unknown""}","{""0"": ""free"", ""1"": ""free"", ""2"": ""free"", ""3"": ""free""}",[],"[3, 4, 8, 13]","[0, 1, 2, 5, 6, 7, 9, 10, 11, 12, 14, 15]",False,ambiguity,False,uf_axiom,
3bit_early__SB_111__SB_119__SB_13,SB_111,SB_119,SB_13,,early_only,early_only_hard_case,1,192,2,differential,sat,sat,0.011225899681448936,147.06145706772804,99107500003c2c00007a8a6fd1573606,99107500003c2c00007a8a6fd1573606,99107500003c2c0000f98a6fd1d43606,False,sat,False,False,False,,"{""0"": ""unknown"", ""1"": ""unknown"", ""10"": ""unknown"", ""11"": ""unknown"", ""12"": ""unknown"", ""13"": ""free"", ""14"": ""unknown"", ""15"": ""unknown"", ""2"": ""unknown"", ""3"": ""unknown"", ""4"": ""unknown"", ""5"": ""unknown"", ""6"": ""unknown"", ""7"": ""unknown"", ""8"": ""unknown"", ""9"": ""free""}","{""0"": ""free"", ""1"": ""free"", ""2"": ""free"", ""3"": ""free""}",[],"[9, 13]","[0, 1, 2, 3, 4, 5, 6, 7, 8, 10, 11, 12, 14, 15]",False,ambiguity,False,uf_axiom,
3bit_early__SB_32__SR_69__SR_88,SB_32,SR_69,SR_88,,early_only,early_only_hard_case,2,128,2,differential,sat,sat,0.005995588377118111,15.876519279554486,a600651322000091ab9f0000f4c2db00,a600651322000091ab9f0000f4c2db00,a600651322000091ab9f0000f4c2db02,False,sat,False,False,False,,"{""0"": ""fixed"", ""1"": ""unknown"", ""10"": ""unknown"", ""11"": ""unknown"", ""12"": ""unknown"", ""13"": ""unknown"", ""14"": ""unknown"", ""15"": ""free"", ""2"": ""unknown"", ""3"": ""unknown"", ""4"": ""unknown"", ""5"": ""unknown"", ""6"": ""unknown"", ""7"": ""unknown"", ""8"": ""unknown"", ""9"": ""unknown""}","{""0"": ""free"", ""1"": ""free"", ""2"": ""free"", ""3"": ""free""}",[0],[15],"[1, 2, 3, 4, 5, 6, 7, 8, 9, 10, 11, 12, 13, 14]",False,ambiguity,False,uf_axiom,
3bit_early__SB_33__SR_77__SR_9,SB_33,SR_77,SR_9,,early_only,early_only_hard_case,0,128,2,differential,sat,sat,0.003365207463502884,245.55151566304266,edf4009a19e4a300001e00668bd00c00,edf4009a19e4a300001e00668bd00c00,edf4009a19e4a300001e80668bd00c00,False,sat,False,False,False,,"{""0"": ""unknown"", ""1"": ""unknown"", ""10"": ""free"", ""11"": ""unknown"", ""12"": ""unknown"", ""13"": ""unknown"", ""14"": ""unknown"", ""15"": ""unknown"", ""2"": ""unknown"", ""3"": ""unknown"", ""4"": ""unknown"", ""5"": ""unknown"", ""6"": ""unknown"", ""7"": ""unknown"", ""8"": ""unknown"", ""9"": ""unknown""}","{""0"": ""free"", ""1"": ""free"", ""2"": ""free"", ""3"": ""free""}",[],[10],"[0, 1, 2, 3, 4, 5, 6, 7, 8, 9, 11, 12, 13, 14, 15]",False,ambiguity,False,uf_axiom,
3bit_early__SB_110__SB_79__SR_14,SB_110,SB_79,SR_14,,early_only,early_only_hard_case,2,192,2,differential,sat,sat,0.006723035126924515,272.6123637203127,006f651322597191ab9f008af4c2db00,006f651322597191ab9f008af4c2db00,006f651322597191ab9f008af4c2db04,False,sat,False,False,False,,"{""0"": ""unknown"", ""1"": ""unknown"", ""10"": ""unknown"", ""11"": ""unknown"", ""12"": ""unknown"", ""13"": ""unknown"", ""14"": ""unknown"", ""15"": ""free"", ""2"": ""unknown"", ""3"": ""unknown"", ""4"": ""unknown"", ""5"": ""unknown"", ""6"": ""unknown"", ""7"": ""unknown"", ""8"": ""unknown"", ""9"": ""unknown""}","{""0"": ""free"", ""1"": ""unknown"", ""2"": ""unknown"", ""3"": ""free""}",[],[15],"[0, 1, 2, 3, 4, 5, 6, 7, 8, 9, 10, 11, 12, 13, 14]",False,ambiguity,False,uf_axiom,
3bit_early__SB_47__SB_52__SR_44,SB_47,SB_52,SR_44,,early_only,early_only_hard_case,2,192,2,differential,sat,sat,0.011458268389105797,71.84407553635538,006f651322597191ab9f000000c2db61,006f651322597191ab9f000000c2db61,006f651322597191ab9f010000c2db61,False,sat,False,False,False,,"{""0"": ""unknown"", ""1"": ""unknown"", ""10"": ""free"", ""11"": ""unknown"", ""12"": ""unknown"", ""13"": ""unknown"", ""14"": ""unknown"", ""15"": ""unknown"", ""2"": ""unknown"", ""3"": ""unknown"", ""4"": ""unknown"", ""5"": ""unknown"", ""6"": ""unknown"", ""7"": ""unknown"", ""8"": ""unknown"", ""9"": ""unknown""}","{""0"": ""free"", ""1"": ""unknown"", ""2"": ""free"", ""3"": ""unknown""}",[],[10],"[0, 1, 2, 3, 4, 5, 6, 7, 8, 9, 11, 12, 13, 14, 15]",False,ambiguity,False,uf_axiom,
3bit_early__SR_0__SR_111__SR_67,SR_0,SR_111,SR_67,,early_only,early_only_hard_case,0,128,2,differential,sat,sat,0.004364339634776115,4.787150120362639,edf43a0019e400f3bf00ec0000d00cf6,edf43a0019e400f3bf00ec0000d00cf6,ed15d000e9e400f3bf00ec0010d0cbf6,False,sat,False,False,False,,"{""0"": ""fixed"", ""1"": ""free"", ""10"": ""fixed"", ""11"": ""free"", ""12"": ""free"", ""13"": ""unknown"", ""14"": ""free"", ""15"": ""unknown"", ""2"": ""free"", ""3"": ""free"", ""4"": ""free"", ""5"": ""fixed"", ""6"": ""free"", ""7"": ""free"", ""8"": ""fixed"", ""9"": ""free""}","{""0"": ""free"", ""1"": ""free"", ""2"": ""free"", ""3"": ""free""}","[0, 5, 8, 10]","[1, 2, 3, 4, 6, 7, 9, 11, 12, 14]","[13, 15]",False,ambiguity,False,uf_axiom,
3bit_early__SB_110__SB_79__SR_14,SB_110,SB_79,SR_14,,early_only,early_only_hard_case,0,192,2,differential,sat,sat,0.010357111692428589,284.8393686078489,00f43a9a19e4a3f3bf1e00668bd00c00,00f43a9a19e4a3f3bf1e00668bd00c00,00f43a9a19e4a3f3bf1e02668bd00c00,False,sat,False,False,False,,"{""0"": ""unknown"", ""1"": ""unknown"", ""10"": ""free"", ""11"": ""unknown"", ""12"": ""unknown"", ""13"": ""unknown"", ""14"": ""unknown"", ""15"": ""unknown"", ""2"": ""unknown"", ""3"": ""unknown"", ""4"": ""unknown"", ""5"": ""unknown"", ""6"": ""unknown"", ""7"": ""unknown"", ""8"": ""unknown"", ""9"": ""unknown""}","{""0"": ""free"", ""1"": ""unknown"", ""2"": ""free"", ""3"": ""unknown""}",[],[10],"[0, 1, 2, 3, 4, 5, 6, 7, 8, 9, 11, 12, 13, 14, 15]",False,ambiguity,False,uf_axiom,
3bit_early__SB_63__SR_107__SR_65,SB_63,SR_107,SR_65,,early_only,early_only_hard_case,1,192,2,differential,sat,sat,0.005805453285574913,469.6720876544714,99107579bc3c003b0d7a8a00d1573606,99107579bc3c003b0d7a8a00d1573606,99107579bc3c003b0d7a8a08d1573606,False,sat,False,False,False,,"{""0"": ""unknown"", ""1"": ""unknown"", ""10"": ""unknown"", ""11"": ""free"", ""12"": ""unknown"", ""13"": ""unknown"", ""14"": ""unknown"", ""15"": ""unknown"", ""2"": ""unknown"", ""3"": ""unknown"", ""4"": ""unknown"", ""5"": ""unknown"", ""6"": ""unknown"", ""7"": ""unknown"", ""8"": ""unknown"", ""9"": ""unknown""}","{""0"": ""unknown"", ""1"": ""unknown"", ""2"": ""free"", ""3"": ""unknown""}",[],[11],"[0, 1, 2, 3, 4, 5, 6, 7, 8, 9, 10, 12, 13, 14, 15]",False,ambiguity,False,uf_axiom,
3bit_early__SB_44__SB_52__SR_88,SB_44,SB_52,SR_88,,early_only,early_only_hard_case,2,192,2,differential,sat,sat,0.004614640027284622,125.5347294267267,006f651322597191009f0000f400db61,006f651322597191009f0000f400db61,006f8a1322597191009f0800f400db52,False,sat,False,False,False,,"{""0"": ""unknown"", ""1"": ""unknown"", ""10"": ""free"", ""11"": ""unknown"", ""12"": ""unknown"", ""13"": ""unknown"", ""14"": ""unknown"", ""15"": ""free"", ""2"": ""free"", ""3"": ""unknown"", ""4"": ""unknown"", ""5"": ""unknown"", ""6"": ""unknown"", ""7"": ""unknown"", ""8"": ""unknown"", ""9"": ""unknown""}","{""0"": ""free"", ""1"": ""unknown"", ""2"": ""free"", ""3"": ""free""}",[],"[2, 10, 15]","[0, 1, 3, 4, 5, 6, 7, 8, 9, 11, 12, 13, 14]",False,ambiguity,False,uf_axiom,
3bit_early__SB_56__SB_78__SB_81,SB_56,SB_78,SB_81,,early_only,early_only_hard_case,1,128,2,differential,sat,sat,0.0037629324942827225,67.02136420831084,00107579bc3c2c3b0d7a8a00d1573606,00107579bc3c2c3b0d7a8a00d1573606,00827561bf8ce43b0d7a1d0069573d08,False,sat,False,False,False,,"{""0"": ""unknown"", ""1"": ""free"", ""10"": ""free"", ""11"": ""unknown"", ""12"": ""free"", ""13"": ""unknown"", ""14"": ""free"", ""15"": ""free"", ""2"": ""unknown"", ""3"": ""free"", ""4"": ""free"", ""5"": ""free"", ""6"": ""free"", ""7"": ""unknown"", ""8"": ""unknown"", ""9"": ""unknown""}","{""0"": ""free"", ""1"": ""free"", ""2"": ""free"", ""3"": ""free""}",[],"[1, 3, 4, 5, 6, 10, 12, 14, 15]","[0, 2, 7, 8, 9, 11, 13]",False,ambiguity,False,uf_axiom,
3bit_early__SB_125__SB_83__SB_87,SB_125,SB_83,SB_87,,early_only,early_only_hard_case,0,192,2,differential,sat,sat,0.006659232079982758,161.21804646402597,00f43a9a0000a3f3bf00ec668bd000f6,00f43a9a0000a3f3bf00ec668bd000f6,00d23a900000a3f3bf00ec668bd010f6,False,sat,False,False,False,,"{""0"": ""unknown"", ""1"": ""free"", ""10"": ""unknown"", ""11"": ""unknown"", ""12"": ""unknown"", ""13"": ""unknown"", ""14"": ""free"", ""15"": ""unknown"", ""2"": ""unknown"", ""3"": ""free"", ""4"": ""unknown"", ""5"": ""unknown"", ""6"": ""unknown"", ""7"": ""unknown"", ""8"": ""unknown"", ""9"": ""unknown""}","{""0"": ""free"", ""1"": ""unknown"", ""2"": ""unknown"", ""3"": ""free""}",[],"[1, 3, 14]","[0, 2, 4, 5, 6, 7, 8, 9, 10, 11, 12, 13, 15]",False,ambiguity,False,uf_axiom,
3bit_early__SB_63__SR_107__SR_65,SB_63,SR_107,SR_65,,early_only,early_only_hard_case,2,192,2,differential,sat,sat,0.005953231826424599,483.4954971354455,a66f651322590091ab9f8f00f4c2db61,a66f651322590091ab9f8f00f4c2db61,a66f651322592091ab9f8f00f4c2db61,False,sat,False,False,False,,"{""0"": ""unknown"", ""1"": ""unknown"", ""10"": ""unknown"", ""11"": ""unknown"", ""12"": ""unknown"", ""13"": ""unknown"", ""14"": ""unknown"", ""15"": ""unknown"", ""2"": ""unknown"", ""3"": ""unknown"", ""4"": ""unknown"", ""5"": ""unknown"", ""6"": ""free"", ""7"": ""unknown"", ""8"": ""unknown"", ""9"": ""unknown""}","{""0"": ""unknown"", ""1"": ""free"", ""2"": ""unknown"", ""3"": ""unknown""}",[],[6],"[0, 1, 2, 3, 4, 5, 7, 8, 9, 10, 11, 12, 13, 14, 15]",False,ambiguity,False,uf_axiom,
3bit_early__SR_10__SR_108__SR_66,SR_10,SR_108,SR_66,,early_only,early_only_hard_case,2,192,2,differential,sat,sat,0.010252969339489937,202.49770764820278,a66f651322590091ab9f8f0000c2db61,a66f651322590091ab9f8f0000c2db61,a66f651322590491ab9f8f0000c2db61,False,sat,False,False,False,,"{""0"": ""unknown"", ""1"": ""unknown"", ""10"": ""unknown"", ""11"": ""unknown"", ""12"": ""unknown"", ""13"": ""unknown"", ""14"": ""unknown"", ""15"": ""unknown"", ""2"": ""unknown"", ""3"": ""unknown"", ""4"": ""unknown"", ""5"": ""unknown"", ""6"": ""free"", ""7"": ""unknown"", ""8"": ""unknown"", ""9"": ""unknown""}","{""0"": ""unknown"", ""1"": ""free"", ""2"": ""unknown"", ""3"": ""unknown""}",[],[6],"[0, 1, 2, 3, 4, 5, 7, 8, 9, 10, 11, 12, 13, 14, 15]",False,ambiguity,False,uf_axiom,
3bit_early__SB_114__SB_125__SB_71,SB_114,SB_125,SB_71,,early_only,early_only_hard_case,0,192,2,differential,sat,sat,0.009749187156558037,173.89404004998505,edf43a9a1900a3f3bf00ec668bd00cf6,edf43a9a1900a3f3bf00ec668bd00cf6,00f4609aa400a3f3bf00b6668bd00cf6,False,sat,False,False,False,,"{""0"": ""free"", ""1"": ""unknown"", ""10"": ""free"", ""11"": ""unknown"", ""12"": ""unknown"", ""13"": ""unknown"", ""14"": ""unknown"", ""15"": ""unknown"", ""2"": ""free"", ""3"": ""unknown"", ""4"": ""free"", ""5"": ""unknown"", ""6"": ""unknown"", ""7"": ""unknown"", ""8"": ""unknown"", ""9"": ""unknown""}","{""0"": ""free"", ""1"": ""free"", ""2"": ""free"", ""3"": ""unknown""}",[],"[0, 2, 4, 10]","[1, 3, 5, 6, 7, 8, 9, 11, 12, 13, 14, 15]",False,ambiguity,False,uf_axiom,
3bit_early__SB_114__SB_125__SB_71,SB_114,SB_125,SB_71,,early_only,early_only_hard_case,2,255,2,differential,sat,sat,0.016431555151939392,51.59624474681914,a66f651322007191ab008f8af4c2db61,a66f651322007191ab008f8af4c2db61,046f651380007191ab008f8af4c2db61,False,sat,False,False,False,,"{""0"": ""free"", ""1"": ""unknown"", ""10"": ""unknown"", ""11"": ""unknown"", ""12"": ""unknown"", ""13"": ""unknown"", ""14"": ""unknown"", ""15"": ""unknown"", ""2"": ""unknown"", ""3"": ""unknown"", ""4"": ""free"", ""5"": ""unknown"", ""6"": ""unknown"", ""7"": ""unknown"", ""8"": ""unknown"", ""9"": ""unknown""}","{""0"": ""free"", ""1"": ""free"", ""2"": ""free"", ""3"": ""unknown""}",[],"[0, 4]","[1, 2, 3, 5, 6, 7, 8, 9, 10, 11, 12, 13, 14, 15]",False,ambiguity,False,uf_axiom,
3bit_early__SB_1__SB_91__SR_6,SB_1,SB_91,SR_6,,early_only,early_only_hard_case,1,128,2,differential,sat,sat,0.005551762878894806,127.79523530602455,99007579003c003b0d008a6fd1570006,99007579003c003b0d008a6fd1570006,99007541003c003b7b008a5aa1570006,False,sat,False,False,False,,"{""0"": ""fixed"", ""1"": ""unknown"", ""10"": ""unknown"", ""11"": ""free"", ""12"": ""free"", ""13"": ""unknown"", ""14"": ""unknown"", ""15"": ""unknown"", ""2"": ""unknown"", ""3"": ""free"", ""4"": ""unknown"", ""5"": ""unknown"", ""6"": ""unknown"", ""7"": ""unknown"", ""8"": ""free"", ""9"": ""unknown""}","{""0"": ""free"", ""1"": ""free"", ""2"": ""free"", ""3"": ""free""}",[0],"[3, 8, 11, 12]","[1, 2, 4, 5, 6, 7, 9, 10, 13, 14, 15]",False,ambiguity,False,uf_axiom,
3bit_early__SB_114__SB_125__SB_71,SB_114,SB_125,SB_71,,early_only,early_only_hard_case,1,192,2,differential,sat,sat,0.010749436914920807,230.49618110992014,99107579bc002c3b0d008a6fd1573606,99107579bc002c3b0d008a6fd1573606,d5107579f0002c3b0d048a6fd1573606,False,sat,False,False,False,,"{""0"": ""free"", ""1"": ""unknown"", ""10"": ""unknown"", ""11"": ""unknown"", ""12"": ""unknown"", ""13"": ""unknown"", ""14"": ""unknown"", ""15"": ""unknown"", ""2"": ""unknown"", ""3"": ""unknown"", ""4"": ""free"", ""5"": ""unknown"", ""6"": ""unknown"", ""7"": ""unknown"", ""8"": ""unknown"", ""9"": ""free""}","{""0"": ""free"", ""1"": ""free"", ""2"": ""free"", ""3"": ""unknown""}",[],"[0, 4, 9]","[1, 2, 3, 5, 6, 7, 8, 10, 11, 12, 13, 14, 15]",False,ambiguity,False,uf_axiom,
3bit_early__SB_44__SB_52__SR_88,SB_44,SB_52,SR_88,,early_only,early_only_hard_case,1,192,2,differential,sat,sat,0.0036949440836906433,243.93356442637742,00107579bc3c2c3b007a0000d1003606,00107579bc3c2c3b007a0000d1003606,00101a79bc3c2c3b007a0000d1003652,False,sat,False,False,False,,"{""0"": ""unknown"", ""1"": ""unknown"", ""10"": ""unknown"", ""11"": ""unknown"", ""12"": ""unknown"", ""13"": ""unknown"", ""14"": ""unknown"", ""15"": ""free"", ""2"": ""free"", ""3"": ""unknown"", ""4"": ""unknown"", ""5"": ""unknown"", ""6"": ""unknown"", ""7"": ""unknown"", ""8"": ""unknown"", ""9"": ""unknown""}","{""0"": ""free"", ""1"": ""unknown"", ""2"": ""unknown"", ""3"": ""free""}",[],"[2, 15]","[0, 1, 3, 4, 5, 6, 7, 8, 9, 10, 11, 12, 13, 14]",False,ambiguity,False,uf_axiom,
3bit_early__SB_101__SB_54__SR_24,SB_101,SB_54,SR_24,,early_only,early_only_hard_case,0,128,2,differential,sat,sat,0.003581179305911064,94.60839670710266,edf43a9a1900a3f3bf1e00668bd00cf6,edf43a9a1900a3f3bf1e00668bd00cf6,89f466522200a33b14fe00668b4f64f6,False,sat,False,False,False,,"{""0"": ""free"", ""1"": ""unknown"", ""10"": ""unknown"", ""11"": ""unknown"", ""12"": ""unknown"", ""13"": ""free"", ""14"": ""free"", ""15"": ""unknown"", ""2"": ""free"", ""3"": ""free"", ""4"": ""free"", ""5"": ""unknown"", ""6"": ""unknown"", ""7"": ""free"", ""8"": ""free"", ""9"": ""free""}","{""0"": ""free"", ""1"": ""free"", ""2"": ""free"", ""3"": ""free""}",[],"[0, 2, 3, 4, 7, 8, 9, 13, 14]","[1, 5, 6, 10, 11, 12, 15]",False,ambiguity,False,uf_axiom,
3bit_early__SB_83__SR_53__SR_61,SB_83,SR_53,SR_61,,early_only,early_only_hard_case,2,192,2,differential,sat,sat,0.01080186478793621,450.5137332994491,a66f651300597191ab008f8af4c2db61,a66f651300597191ab008f8af4c2db61,a66f651308597191ab008f8af4c2db61,False,sat,False,False,False,,"{""0"": ""unknown"", ""1"": ""unknown"", ""10"": ""unknown"", ""11"": ""unknown"", ""12"": ""unknown"", ""13"": ""unknown"", ""14"": ""unknown"", ""15"": ""unknown"", ""2"": ""unknown"", ""3"": ""unknown"", ""4"": ""free"", ""5"": ""unknown"", ""6"": ""unknown"", ""7"": ""unknown"", ""8"": ""unknown"", ""9"": ""unknown""}","{""0"": ""unknown"", ""1"": ""free"", ""2"": ""unknown"", ""3"": ""unknown""}",[],[4],"[0, 1, 2, 3, 5, 6, 7, 8, 9, 10, 11, 12, 13, 14, 15]",False,ambiguity,False,uf_axiom,
3bit_early__SB_117__SB_16__SR_33,SB_117,SB_16,SR_33,,early_only,early_only_hard_case,0,192,2,differential,sat,sat,0.00908161886036396,243.7859202120453,edf43a9a19e4a300001eec668bd00cf6,edf43a9a19e4a300001eec668bd00cf6,edf43a9a19e4a3100015ec668bf30cf6,False,sat,False,False,False,,"{""0"": ""unknown"", ""1"": ""unknown"", ""10"": ""unknown"", ""11"": ""unknown"", ""12"": ""unknown"", ""13"": ""free"", ""14"": ""unknown"", ""15"": ""unknown"", ""2"": ""unknown"", ""3"": ""unknown"", ""4"": ""unknown"", ""5"": ""unknown"", ""6"": ""unknown"", ""7"": ""free"", ""8"": ""unknown"", ""9"": ""free""}","{""0"": ""unknown"", ""1"": ""free"", ""2"": ""free"", ""3"": ""free""}",[],"[7, 9, 13]","[0, 1, 2, 3, 4, 5, 6, 8, 10, 11, 12, 14, 15]",False,ambiguity,False,uf_axiom,
3bit_early__SB_112__SB_28__SR_38,SB_112,SB_28,SR_38,,early_only,early_only_hard_case,0,192,2,differential,sat,sat,0.010894788429141045,187.6027677115053,edf43a9a19e4a300001eec668bd00cf6,edf43a9a19e4a300001eec668bd00cf6,edf43a9a19e4a308001eec668bd00cf6,False,sat,False,False,False,,"{""0"": ""unknown"", ""1"": ""unknown"", ""10"": ""unknown"", ""11"": ""unknown"", ""12"": ""unknown"", ""13"": ""unknown"", ""14"": ""unknown"", ""15"": ""unknown"", ""2"": ""unknown"", ""3"": ""unknown"", ""4"": ""unknown"", ""5"": ""unknown"", ""6"": ""unknown"", ""7"": ""free"", ""8"": ""unknown"", ""9"": ""unknown""}","{""0"": ""unknown"", ""1"": ""free"", ""2"": ""unknown"", ""3"": ""unknown""}",[],[7],"[0, 1, 2, 3, 4, 5, 6, 8, 9, 10, 11, 12, 13, 14, 15]",False,ambiguity,False,uf_axiom,
3bit_early__SB_108__SR_127__SR_33,SB_108,SR_127,SR_33,,early_only,early_only_hard_case,1,192,2,differential,sat,sat,0.005833808332681656,100.9610082283616,99107579bc3c2c3b0d7a006fd1573600,99107579bc3c2c3b0d7a006fd1573600,1e107579bc1b8b3b0d89006fd1573600,False,sat,False,False,False,,"{""0"": ""free"", ""1"": ""unknown"", ""10"": ""unknown"", ""11"": ""unknown"", ""12"": ""unknown"", ""13"": ""unknown"", ""14"": ""unknown"", ""15"": ""unknown"", ""2"": ""unknown"", ""3"": ""unknown"", ""4"": ""unknown"", ""5"": ""free"", ""6"": ""free"", ""7"": ""unknown"", ""8"": ""unknown"", ""9"": ""free""}","{""0"": ""free"", ""1"": ""free"", ""2"": ""free"", ""3"": ""free""}",[],"[0, 5, 6, 9]","[1, 2, 3, 4, 7, 8, 10, 11, 12, 13, 14, 15]",False,ambiguity,False,uf_axiom,
3bit_early__SB_108__SR_127__SR_33,SB_108,SR_127,SR_33,,early_only,early_only_hard_case,0,192,2,differential,sat,sat,0.00868898443877697,29.241824900731444,edf43a9a19e4a3f3bf1e00668bd00c00,edf43a9a19e4a3f3bf1e00668bd00c00,edf43a9a19e4a3f3bf1e00668bd00c20,False,sat,False,False,False,,"{""0"": ""unknown"", ""1"": ""unknown"", ""10"": ""unknown"", ""11"": ""unknown"", ""12"": ""unknown"", ""13"": ""unknown"", ""14"": ""unknown"", ""15"": ""free"", ""2"": ""unknown"", ""3"": ""unknown"", ""4"": ""unknown"", ""5"": ""unknown"", ""6"": ""unknown"", ""7"": ""unknown"", ""8"": ""unknown"", ""9"": ""unknown""}","{""0"": ""unknown"", ""1"": ""unknown"", ""2"": ""unknown"", ""3"": ""free""}",[],[15],"[0, 1, 2, 3, 4, 5, 6, 7, 8, 9, 10, 11, 12, 13, 14]",False,ambiguity,False,uf_axiom,
3bit_early__SB_32__SR_69__SR_88,SB_32,SR_69,SR_88,,early_only,early_only_hard_case,0,128,2,differential,sat,sat,0.0033603310585021973,177.2826264258474,ed003a9a190000f3bf1e00008bd00c00,ed003a9a190000f3bf1e00008bd00c00,ed013a9a190000f3bf1e00008bd00c00,False,sat,False,False,False,,"{""0"": ""unknown"", ""1"": ""free"", ""10"": ""unknown"", ""11"": ""unknown"", ""12"": ""unknown"", ""13"": ""unknown"", ""14"": ""unknown"", ""15"": ""unknown"", ""2"": ""unknown"", ""3"": ""unknown"", ""4"": ""unknown"", ""5"": ""unknown"", ""6"": ""unknown"", ""7"": ""unknown"", ""8"": ""unknown"", ""9"": ""unknown""}","{""0"": ""free"", ""1"": ""free"", ""2"": ""free"", ""3"": ""free""}",[],[1],"[0, 2, 3, 4, 5, 6, 7, 8, 9, 10, 11, 12, 13, 14, 15]",False,ambiguity,False,uf_axiom,
3bit_early__SB_57__SR_22__SR_46,SB_57,SR_22,SR_46,,early_only,early_only_hard_case,1,128,2,differential,sat,sat,0.003599219024181366,61.24698377214372,00107579bc3c2c3b0d7a8a00d1573606,00107579bc3c2c3b0d7a8a00d1573606,003175794963c23b0d7a6c0027b82f6c,False,sat,False,False,False,,"{""0"": ""free"", ""1"": ""free"", ""10"": ""free"", ""11"": ""unknown"", ""12"": ""free"", ""13"": ""free"", ""14"": ""free"", ""15"": ""free"", ""2"": ""fixed"", ""3"": ""unknown"", ""4"": ""free"", ""5"": ""free"", ""6"": ""free"", ""7"": ""unknown"", ""8"": ""unknown"", ""9"": ""unknown""}","{""0"": ""free"", ""1"": ""free"", ""2"": ""free"", ""3"": ""free""}",[2],"[0, 1, 4, 5, 6, 10, 12, 13, 14, 15]","[3, 7, 8, 9, 11]",False,ambiguity,False,uf_axiom,
3bit_early__SB_112__SB_28__SR_38,SB_112,SB_28,SR_38,,early_only,early_only_hard_case,2,192,2,differential,sat,sat,0.0051282551139593124,589.837912036106,a66f651322597100009f8f8af4c2db61,a66f651322597100009f8f8af4c2db61,a625d6132259ba00809f8ff8f4c2db61,False,sat,False,False,False,,"{""0"": ""unknown"", ""1"": ""free"", ""10"": ""unknown"", ""11"": ""free"", ""12"": ""unknown"", ""13"": ""unknown"", ""14"": ""unknown"", ""15"": ""unknown"", ""2"": ""free"", ""3"": ""unknown"", ""4"": ""unknown"", ""5"": ""unknown"", ""6"": ""free"", ""7"": ""unknown"", ""8"": ""free"", ""9"": ""unknown""}","{""0"": ""free"", ""1"": ""free"", ""2"": ""free"", ""3"": ""unknown""}",[],"[1, 2, 6, 8, 11]","[0, 3, 4, 5, 7, 9, 10, 12, 13, 14, 15]",False,ambiguity,False,uf_axiom,
3bit_early__SB_56__SB_78__SB_81,SB_56,SB_78,SB_81,,early_only,early_only_hard_case,2,128,2,differential,sat,sat,0.007551068440079689,99.09949960932136,006f651322597191ab9f8f00f4c2db61,006f651322597191ab9f8f00f4c2db61,0009651322447091ab9fc70088c2a8c5,False,sat,False,False,False,,"{""0"": ""free"", ""1"": ""free"", ""10"": ""free"", ""11"": ""unknown"", ""12"": ""free"", ""13"": ""unknown"", ""14"": ""free"", ""15"": ""free"", ""2"": ""fixed"", ""3"": ""unknown"", ""4"": ""unknown"", ""5"": ""free"", ""6"": ""free"", ""7"": ""unknown"", ""8"": ""unknown"", ""9"": ""unknown""}","{""0"": ""free"", ""1"": ""free"", ""2"": ""free"", ""3"": ""free""}",[2],"[0, 1, 5, 6, 10, 12, 14, 15]","[3, 4, 7, 8, 9, 11, 13]",False,ambiguity,False,uf_axiom,
3bit_early__SB_108__SR_127__SR_33,SB_108,SR_127,SR_33,,early_only,early_only_hard_case,2,128,2,differential,sat,sat,0.0044968146830797195,260.4089609924704,a66f651322597191ab9f008af4c2db00,a66f651322597191ab9f008af4c2db00,ab5265132225b191ab07008af4c23500,False,sat,False,False,False,,"{""0"": ""free"", ""1"": ""free"", ""10"": ""unknown"", ""11"": ""unknown"", ""12"": ""unknown"", ""13"": ""unknown"", ""14"": ""free"", ""15"": ""unknown"", ""2"": ""unknown"", ""3"": ""unknown"", ""4"": ""unknown"", ""5"": ""free"", ""6"": ""free"", ""7"": ""unknown"", ""8"": ""unknown"", ""9"": ""free""}","{""0"": ""free"", ""1"": ""free"", ""2"": ""free"", ""3"": ""free""}",[],"[0, 1, 5, 6, 9, 14]","[2, 3, 4, 7, 8, 10, 11, 12, 13, 15]",False,ambiguity,False,uf_axiom,
3bit_early__SB_117__SB_16__SR_33,SB_117,SB_16,SR_33,,early_only,early_only_hard_case,1,192,2,differential,sat,sat,0.005478834733366966,245.66457094624639,99107579bc3c2c00007a8a6fd1573606,99107579bc3c2c00007a8a6fd1573606,99107579bc3c2c1000678a6fd1c03606,False,sat,False,False,False,,"{""0"": ""unknown"", ""1"": ""unknown"", ""10"": ""unknown"", ""11"": ""unknown"", ""12"": ""unknown"", ""13"": ""free"", ""14"": ""unknown"", ""15"": ""unknown"", ""2"": ""unknown"", ""3"": ""unknown"", ""4"": ""unknown"", ""5"": ""unknown"", ""6"": ""unknown"", ""7"": ""free"", ""8"": ""unknown"", ""9"": ""free""}","{""0"": ""unknown"", ""1"": ""free"", ""2"": ""free"", ""3"": ""free""}",[],"[7, 9, 13]","[0, 1, 2, 3, 4, 5, 6, 8, 10, 11, 12, 14, 15]",False,ambiguity,False,uf_axiom,
3bit_early__SR_0__SR_111__SR_67,SR_0,SR_111,SR_67,,early_only,early_only_hard_case,2,128,2,differential,sat,sat,0.003444179892539978,78.26793913543224,a66f650022590091ab008f0000c2db61,a66f650022590091ab008f0000c2db61,a641650022590091ab008f0001c28561,False,sat,False,False,False,,"{""0"": ""unknown"", ""1"": ""free"", ""10"": ""unknown"", ""11"": ""unknown"", ""12"": ""free"", ""13"": ""unknown"", ""14"": ""free"", ""15"": ""unknown"", ""2"": ""unknown"", ""3"": ""unknown"", ""4"": ""unknown"", ""5"": ""unknown"", ""6"": ""unknown"", ""7"": ""unknown"", ""8"": ""unknown"", ""9"": ""unknown""}","{""0"": ""free"", ""1"": ""unknown"", ""2"": ""unknown"", ""3"": ""free""}",[],"[1, 12, 14]","[0, 2, 3, 4, 5, 6, 7, 8, 9, 10, 11, 13, 15]",False,ambiguity,False,uf_axiom,
3bit_early__SB_33__SR_77__SR_9,SB_33,SR_77,SR_9,,early_only,early_only_hard_case,1,192,2,differential,sat,sat,0.004740780219435692,161.77239135280252,99100079bc3c2c00007a006fd1573600,99100079bc3c2c00007a006fd1573600,99100079bc3c2c00407a006fd1573600,False,sat,False,False,False,,"{""0"": ""unknown"", ""1"": ""unknown"", ""10"": ""unknown"", ""11"": ""unknown"", ""12"": ""unknown"", ""13"": ""unknown"", ""14"": ""unknown"", ""15"": ""unknown"", ""2"": ""unknown"", ""3"": ""unknown"", ""4"": ""unknown"", ""5"": ""unknown"", ""6"": ""unknown"", ""7"": ""unknown"", ""8"": ""free"", ""9"": ""unknown""}","{""0"": ""unknown"", ""1"": ""unknown"", ""2"": ""free"", ""3"": ""unknown""}",[],[8],"[0, 1, 2, 3, 4, 5, 6, 7, 9, 10, 11, 12, 13, 14, 15]",False,ambiguity,False,uf_axiom,
3bit_early__SB_1__SB_91__SR_6,SB_1,SB_91,SR_6,,early_only,early_only_hard_case,2,128,2,differential,sat,sat,0.002784488722681999,165.86397944949567,a600651300590091ab008f8af4c20061,a600651300590091ab008f8af4c20061,a600659200590091ab008f3611c20061,False,sat,False,False,False,,"{""0"": ""fixed"", ""1"": ""unknown"", ""10"": ""unknown"", ""11"": ""free"", ""12"": ""free"", ""13"": ""unknown"", ""14"": ""unknown"", ""15"": ""unknown"", ""2"": ""unknown"", ""3"": ""free"", ""4"": ""unknown"", ""5"": ""unknown"", ""6"": ""unknown"", ""7"": ""unknown"", ""8"": ""unknown"", ""9"": ""unknown""}","{""0"": ""free"", ""1"": ""free"", ""2"": ""free"", ""3"": ""free""}",[0],"[3, 11, 12]","[1, 2, 4, 5, 6, 7, 8, 9, 10, 13, 14, 15]",False,ambiguity,False,uf_axiom,
3bit_early__SB_122__SB_29__SR_29,SB_122,SB_29,SR_29,,early_only,early_only_hard_case,1,128,2,differential,sat,sat,0.0044402629137039185,27.108587458729744,99100079003c2c3b00008a6fd1000006,99100079003c2c3b00008a6fd1000006,991000c2003c2c800000076fd1000006,False,sat,False,False,False,,"{""0"": ""unknown"", ""1"": ""unknown"", ""10"": ""free"", ""11"": ""unknown"", ""12"": ""unknown"", ""13"": ""unknown"", ""14"": ""unknown"", ""15"": ""unknown"", ""2"": ""unknown"", ""3"": ""free"", ""4"": ""unknown"", ""5"": ""unknown"", ""6"": ""unknown"", ""7"": ""free"", ""8"": ""unknown"", ""9"": ""unknown""}","{""0"": ""free"", ""1"": ""free"", ""2"": ""free"", ""3"": ""free""}",[],"[3, 7, 10]","[0, 1, 2, 4, 5, 6, 8, 9, 11, 12, 13, 14, 15]",False,ambiguity,False,uf_axiom,
3bit_early__SB_73__SR_106__SR_74,SB_73,SR_106,SR_74,,early_only,early_only_hard_case,1,192,2,differential,sat,sat,0.010777108371257782,357.9674020409584,99107500003c2c3b0d7a8a6fd1573606,99107500003c2c3b0d7a8a6fd1573606,99107510003c2c3b0d7a8a6fd1573606,False,sat,False,False,False,,"{""0"": ""unknown"", ""1"": ""unknown"", ""10"": ""unknown"", ""11"": ""unknown"", ""12"": ""unknown"", ""13"": ""unknown"", ""14"": ""unknown"", ""15"": ""unknown"", ""2"": ""unknown"", ""3"": ""free"", ""4"": ""unknown"", ""5"": ""unknown"", ""6"": ""unknown"", ""7"": ""unknown"", ""8"": ""unknown"", ""9"": ""unknown""}","{""0"": ""free"", ""1"": ""free"", ""2"": ""unknown"", ""3"": ""unknown""}",[],[3],"[0, 1, 2, 4, 5, 6, 7, 8, 9, 10, 11, 12, 13, 14, 15]",False,ambiguity,False,uf_axiom,
3bit_early__SB_5__SB_58__SR_8,SB_5,SB_58,SR_8,,early_only,early_only_hard_case,0,192,2,differential,sat,sat,0.005075652152299881,107.98704964481294,edf4009a19e400f3001eec008bd00cf6,edf4009a19e400f3001eec008bd00cf6,edf4109a19e400f3001eec008bd00cf6,False,sat,False,False,False,,"{""0"": ""unknown"", ""1"": ""unknown"", ""10"": ""unknown"", ""11"": ""unknown"", ""12"": ""unknown"", ""13"": ""unknown"", ""14"": ""unknown"", ""15"": ""unknown"", ""2"": ""free"", ""3"": ""unknown"", ""4"": ""unknown"", ""5"": ""unknown"", ""6"": ""unknown"", ""7"": ""unknown"", ""8"": ""unknown"", ""9"": ""unknown""}","{""0"": ""free"", ""1"": ""free"", ""2"": ""free"", ""3"": ""unknown""}",[],[2],"[0, 1, 3, 4, 5, 6, 7, 8, 9, 10, 11, 12, 13, 14, 15]",False,ambiguity,False,uf_axiom,
3bit_early__SB_122__SB_29__SR_29,SB_122,SB_29,SR_29,,early_only,early_only_hard_case,0,128,2,differential,sat,sat,0.003328358754515648,48.05714247561991,edf4009a00e4a3f30000ec668b0000f6,edf4009a00e4a3f30000ec668b0000f6,edf4006200aca30b0000ec668b0000f6,False,sat,False,False,False,,"{""0"": ""unknown"", ""1"": ""unknown"", ""10"": ""unknown"", ""11"": ""unknown"", ""12"": ""unknown"", ""13"": ""unknown"", ""14"": ""unknown"", ""15"": ""unknown"", ""2"": ""unknown"", ""3"": ""free"", ""4"": ""unknown"", ""5"": ""free"", ""6"": ""unknown"", ""7"": ""free"", ""8"": ""unknown"", ""9"": ""unknown""}","{""0"": ""free"", ""1"": ""free"", ""2"": ""free"", ""3"": ""free""}",[],"[3, 5, 7]","[0, 1, 2, 4, 6, 8, 9, 10, 11, 12, 13, 14, 15]",False,ambiguity,False,uf_axiom,
3bit_early__SB_5__SB_58__SR_8,SB_5,SB_58,SR_8,,early_only,early_only_hard_case,1,128,2,differential,sat,sat,0.003191927447915077,229.06348109990358,99100079bc3c003b007a8a00d1573606,99100079bc3c003b007a8a00d1573606,99100079bc3c00c4007aa900ddd63606,False,sat,False,False,False,,"{""0"": ""fixed"", ""1"": ""unknown"", ""10"": ""free"", ""11"": ""unknown"", ""12"": ""free"", ""13"": ""free"", ""14"": ""unknown"", ""15"": ""unknown"", ""2"": ""unknown"", ""3"": ""unknown"", ""4"": ""unknown"", ""5"": ""unknown"", ""6"": ""unknown"", ""7"": ""free"", ""8"": ""unknown"", ""9"": ""unknown""}","{""0"": ""free"", ""1"": ""free"", ""2"": ""free"", ""3"": ""free""}",[0],"[7, 10, 12, 13]","[1, 2, 3, 4, 5, 6, 8, 9, 11, 14, 15]",False,ambiguity,False,uf_axiom,
3bit_early__SB_1__SB_91__SR_6,SB_1,SB_91,SR_6,,early_only,early_only_hard_case,0,128,2,differential,sat,sat,0.00380716472864151,279.88863199949265,ed003a9a00e400f3bf00ec668bd000f6,ed003a9a00e400f3bf00ec668bd000f6,ed00214a00e4002abf00ec401dd020f6,False,sat,False,False,False,,"{""0"": ""fixed"", ""1"": ""free"", ""10"": ""unknown"", ""11"": ""free"", ""12"": ""free"", ""13"": ""unknown"", ""14"": ""free"", ""15"": ""unknown"", ""2"": ""free"", ""3"": ""free"", ""4"": ""free"", ""5"": ""unknown"", ""6"": ""unknown"", ""7"": ""free"", ""8"": ""unknown"", ""9"": ""unknown""}","{""0"": ""free"", ""1"": ""free"", ""2"": ""free"", ""3"": ""free""}",[0],"[1, 2, 3, 4, 7, 11, 12, 14]","[5, 6, 8, 9, 10, 13, 15]",False,ambiguity,False,uf_axiom,
3bit_early__SB_57__SR_22__SR_46,SB_57,SR_22,SR_46,,early_only,early_only_hard_case,2,128,2,differential,sat,sat,0.004576990380883217,93.95011566020548,006f651322597191ab9f8f00f4c2db61,006f651322597191ab9f8f00f4c2db61,007f651322908f91ab9ffa02d3c2908c,False,sat,False,False,False,,"{""0"": ""free"", ""1"": ""free"", ""10"": ""free"", ""11"": ""free"", ""12"": ""free"", ""13"": ""unknown"", ""14"": ""free"", ""15"": ""free"", ""2"": ""unknown"", ""3"": ""unknown"", ""4"": ""unknown"", ""5"": ""free"", ""6"": ""free"", ""7"": ""unknown"", ""8"": ""unknown"", ""9"": ""unknown""}","{""0"": ""free"", ""1"": ""free"", ""2"": ""free"", ""3"": ""free""}",[],"[0, 1, 5, 6, 10, 11, 12, 14, 15]","[2, 3, 4, 7, 8, 9, 13]",False,ambiguity,False,uf_axiom,
3bit_early__SB_32__SR_69__SR_88,SB_32,SR_69,SR_88,,early_only,early_only_hard_case,1,128,2,differential,sat,sat,0.0031048227101564407,53.42437967658043,99007579bc00003b0d7a0000d1573600,99007579bc00003b0d7a0000d1573600,99107579bc00003b0d7a0000d1573600,False,sat,False,False,False,,"{""0"": ""unknown"", ""1"": ""free"", ""10"": ""unknown"", ""11"": ""unknown"", ""12"": ""unknown"", ""13"": ""unknown"", ""14"": ""unknown"", ""15"": ""unknown"", ""2"": ""unknown"", ""3"": ""unknown"", ""4"": ""unknown"", ""5"": ""unknown"", ""6"": ""unknown"", ""7"": ""unknown"", ""8"": ""unknown"", ""9"": ""unknown""}","{""0"": ""free"", ""1"": ""free"", ""2"": ""free"", ""3"": ""free""}",[],[1],"[0, 2, 3, 4, 5, 6, 7, 8, 9, 10, 11, 12, 13, 14, 15]",False,ambiguity,False,uf_axiom,
3bit_early__SB_101__SB_54__SR_24,SB_101,SB_54,SR_24,,early_only,early_only_hard_case,1,128,2,differential,sat,sat,0.0039804838597774506,76.86416136845946,99107579bc002c3b0d7a006fd1573606,99107579bc002c3b0d7a006fd1573606,ea109b0459002c46a48c006fd18c3006,False,sat,False,False,False,,"{""0"": ""free"", ""1"": ""unknown"", ""10"": ""unknown"", ""11"": ""unknown"", ""12"": ""unknown"", ""13"": ""free"", ""14"": ""free"", ""15"": ""unknown"", ""2"": ""free"", ""3"": ""free"", ""4"": ""free"", ""5"": ""unknown"", ""6"": ""unknown"", ""7"": ""free"", ""8"": ""free"", ""9"": ""free""}","{""0"": ""free"", ""1"": ""free"", ""2"": ""free"", ""3"": ""free""}",[],"[0, 2, 3, 4, 7, 8, 9, 13, 14]","[1, 5, 6, 10, 11, 12, 15]",False,ambiguity,False,uf_axiom,
3bit_early__SB_24__SB_46__SR_124,SB_24,SB_46,SR_124,,early_only,early_only_hard_case,2,128,2,differential,sat,sat,0.006521936506032944,190.6243455093354,a66f651322590091ab9f8f8af4c2db61,a66f651322590091ab9f8f8af4c2db61,71f9d01322590091ab9faf033d400461,False,sat,False,False,False,,"{""0"": ""free"", ""1"": ""free"", ""10"": ""free"", ""11"": ""free"", ""12"": ""free"", ""13"": ""free"", ""14"": ""free"", ""15"": ""unknown"", ""2"": ""free"", ""3"": ""fixed"", ""4"": ""fixed"", ""5"": ""fixed"", ""6"": ""unknown"", ""7"": ""unknown"", ""8"": ""unknown"", ""9"": ""unknown""}","{""0"": ""free"", ""1"": ""free"", ""2"": ""free"", ""3"": ""free""}","[3, 4, 5]","[0, 1, 2, 10, 11, 12, 13, 14]","[6, 7, 8, 9, 15]",False,ambiguity,False,uf_axiom,
3bit_early__SB_35__SB_64__SR_120,SB_35,SB_64,SR_120,,early_only,early_only_hard_case,2,128,2,differential,sat,sat,0.004243949428200722,14.709971971809864,a600651322000091ab9f008af4c2db00,a600651322000091ab9f008af4c2db00,a600651322000291ab9f000666c2db00,False,sat,False,False,False,,"{""0"": ""fixed"", ""1"": ""free"", ""10"": ""unknown"", ""11"": ""free"", ""12"": ""free"", ""13"": ""unknown"", ""14"": ""unknown"", ""15"": ""unknown"", ""2"": ""fixed"", ""3"": ""fixed"", ""4"": ""fixed"", ""5"": ""unknown"", ""6"": ""free"", ""7"": ""unknown"", ""8"": ""unknown"", ""9"": ""unknown""}","{""0"": ""free"", ""1"": ""free"", ""2"": ""free"", ""3"": ""free""}","[0, 2, 3, 4]","[1, 6, 11, 12]","[5, 7, 8, 9, 10, 13, 14, 15]",False,ambiguity,False,uf_axiom,
3bit_early__SB_122__SB_29__SR_29,SB_122,SB_29,SR_29,,early_only,early_only_hard_case,2,128,2,differential,sat,sat,0.002235967665910721,70.38012071326375,a66f00130059719100008f8af4000061,a66f00130059719100008f8af4000061,a66f02130059719100008f8af4000061,False,sat,False,False,False,,"{""0"": ""unknown"", ""1"": ""unknown"", ""10"": ""unknown"", ""11"": ""unknown"", ""12"": ""unknown"", ""13"": ""unknown"", ""14"": ""unknown"", ""15"": ""unknown"", ""2"": ""free"", ""3"": ""unknown"", ""4"": ""unknown"", ""5"": ""unknown"", ""6"": ""unknown"", ""7"": ""unknown"", ""8"": ""unknown"", ""9"": ""unknown""}","{""0"": ""free"", ""1"": ""free"", ""2"": ""free"", ""3"": ""free""}",[],[2],"[0, 1, 3, 4, 5, 6, 7, 8, 9, 10, 11, 12, 13, 14, 15]",False,ambiguity,False,uf_axiom,
3bit_early__SB_123__SB_40__SB_43,SB_123,SB_40,SB_43,,early_only,early_only_hard_case,2,128,2,differential,sat,sat,0.00247238390147686,103.9229686819017,006f001322597191009f008af400db61,006f001322597191009f008af400db61,006f001322590989009f00030c80db61,False,sat,False,False,False,,"{""0"": ""free"", ""1"": ""unknown"", ""10"": ""unknown"", ""11"": ""free"", ""12"": ""free"", ""13"": ""free"", ""14"": ""unknown"", ""15"": ""unknown"", ""2"": ""unknown"", ""3"": ""unknown"", ""4"": ""unknown"", ""5"": ""unknown"", ""6"": ""free"", ""7"": ""free"", ""8"": ""unknown"", ""9"": ""unknown""}","{""0"": ""free"", ""1"": ""free"", ""2"": ""free"", ""3"": ""free""}",[],"[0, 6, 7, 11, 12, 13]","[1, 2, 3, 4, 5, 8, 9, 10, 14, 15]",False,ambiguity,False,uf_axiom,
3bit_early__SB_123__SB_40__SB_43,SB_123,SB_40,SB_43,,early_only,early_only_hard_case,0,128,2,differential,sat,sat,0.0025506503880023956,78.20536935143173,00f4009a19e4a3f3001e00668b000cf6,00f4009a19e4a3f3001e00668b000cf6,00f4009a19e40998001e08a01b000cf6,False,sat,False,False,False,,"{""0"": ""free"", ""1"": ""unknown"", ""10"": ""free"", ""11"": ""free"", ""12"": ""free"", ""13"": ""unknown"", ""14"": ""unknown"", ""15"": ""unknown"", ""2"": ""unknown"", ""3"": ""unknown"", ""4"": ""unknown"", ""5"": ""unknown"", ""6"": ""free"", ""7"": ""free"", ""8"": ""unknown"", ""9"": ""unknown""}","{""0"": ""free"", ""1"": ""free"", ""2"": ""free"", ""3"": ""free""}",[],"[0, 6, 7, 10, 11, 12]","[1, 2, 3, 4, 5, 8, 9, 13, 14, 15]",False,ambiguity,False,uf_axiom,
3bit_early__SB_40__SR_22__SR_57,SB_40,SR_22,SR_57,,early_only,early_only_hard_case,0,255,2,differential,sat,sat,0.008195525035262108,253.00686282105744,edf43a9a19e4a3f3bf1eec008bd00cf6,edf43a9a19e4a3f3bf1eec008bd00cf6,edf43a9a19e4a3f3bf1eec808bd00cf6,False,sat,False,False,False,,"{""0"": ""unknown"", ""1"": ""unknown"", ""10"": ""unknown"", ""11"": ""free"", ""12"": ""unknown"", ""13"": ""unknown"", ""14"": ""unknown"", ""15"": ""unknown"", ""2"": ""unknown"", ""3"": ""unknown"", ""4"": ""unknown"", ""5"": ""unknown"", ""6"": ""unknown"", ""7"": ""unknown"", ""8"": ""unknown"", ""9"": ""unknown""}","{""0"": ""unknown"", ""1"": ""unknown"", ""2"": ""free"", ""3"": ""unknown""}",[],[11],"[0, 1, 2, 3, 4, 5, 6, 7, 8, 9, 10, 12, 13, 14, 15]",False,ambiguity,False,uf_axiom,
3bit_early__SR_103__SR_63__SR_96,SR_103,SR_63,SR_96,,early_only,early_only_hard_case,2,128,2,differential,sat,sat,0.0021575428545475006,68.09315325506032,a66f001322597100ab008f8af4c20061,a66f001322597100ab008f8af4c20061,fd6f00778d6271001b004f8af4d800d9,False,sat,False,False,False,,"{""0"": ""free"", ""1"": ""unknown"", ""10"": ""free"", ""11"": ""unknown"", ""12"": ""unknown"", ""13"": ""free"", ""14"": ""unknown"", ""15"": ""free"", ""2"": ""unknown"", ""3"": ""free"", ""4"": ""free"", ""5"": ""free"", ""6"": ""unknown"", ""7"": ""unknown"", ""8"": ""free"", ""9"": ""unknown""}","{""0"": ""free"", ""1"": ""free"", ""2"": ""free"", ""3"": ""free""}",[],"[0, 3, 4, 5, 8, 10, 13, 15]","[1, 2, 6, 7, 9, 11, 12, 14]",False,ambiguity,False,uf_axiom,
3bit_early__SB_112__SB_28__SR_38,SB_112,SB_28,SR_38,,early_only,early_only_hard_case,1,192,2,differential,sat,sat,0.01075480692088604,513.1655541229993,99107579bc3c2c00007a8a6fd1573606,99107579bc3c2c00007a8a6fd1573606,99107579bc3c2c00047a8a6fd1573606,False,sat,False,False,False,,"{""0"": ""unknown"", ""1"": ""unknown"", ""10"": ""unknown"", ""11"": ""unknown"", ""12"": ""unknown"", ""13"": ""unknown"", ""14"": ""unknown"", ""15"": ""unknown"", ""2"": ""unknown"", ""3"": ""unknown"", ""4"": ""unknown"", ""5"": ""unknown"", ""6"": ""unknown"", ""7"": ""unknown"", ""8"": ""free"", ""9"": ""unknown""}","{""0"": ""unknown"", ""1"": ""unknown"", ""2"": ""free"", ""3"": ""unknown""}",[],[8],"[0, 1, 2, 3, 4, 5, 6, 7, 9, 10, 11, 12, 13, 14, 15]",False,ambiguity,False,uf_axiom,
3bit_early__SB_35__SB_64__SR_120,SB_35,SB_64,SR_120,,early_only,early_only_hard_case,0,128,2,differential,sat,sat,0.0034312978386878967,191.86017820425332,ed003a9a190000f3bf1e00668bd00c00,ed003a9a190000f3bf1e00668bd00c00,ed003a9a198000f3bf1e00fe29d00c00,False,sat,False,False,False,,"{""0"": ""unknown"", ""1"": ""unknown"", ""10"": ""unknown"", ""11"": ""free"", ""12"": ""free"", ""13"": ""unknown"", ""14"": ""unknown"", ""15"": ""unknown"", ""2"": ""unknown"", ""3"": ""unknown"", ""4"": ""unknown"", ""5"": ""free"", ""6"": ""unknown"", ""7"": ""unknown"", ""8"": ""unknown"", ""9"": ""unknown""}","{""0"": ""unknown"", ""1"": ""free"", ""2"": ""free"", ""3"": ""free""}",[],"[5, 11, 12]","[0, 1, 2, 3, 4, 6, 7, 8, 9, 10, 13, 14, 15]",False,ambiguity,False,uf_axiom,
3bit_early__SB_101__SB_54__SR_24,SB_101,SB_54,SR_24,,early_only,early_only_hard_case,2,128,2,differential,sat,sat,0.003158997744321823,180.71405442245305,a66f651322007191ab9f008af4c2db61,a66f651322007191ab9f008af4c2db61,3a6f5f8df60071dd454a008af441dab3,False,sat,False,False,False,,"{""0"": ""free"", ""1"": ""unknown"", ""10"": ""unknown"", ""11"": ""unknown"", ""12"": ""unknown"", ""13"": ""free"", ""14"": ""free"", ""15"": ""free"", ""2"": ""free"", ""3"": ""free"", ""4"": ""free"", ""5"": ""unknown"", ""6"": ""unknown"", ""7"": ""free"", ""8"": ""free"", ""9"": ""free""}","{""0"": ""free"", ""1"": ""free"", ""2"": ""free"", ""3"": ""free""}",[],"[0, 2, 3, 4, 7, 8, 9, 13, 14, 15]","[1, 5, 6, 10, 11, 12]",False,ambiguity,False,uf_axiom,
3bit_early__SB_73__SR_106__SR_74,SB_73,SR_106,SR_74,,early_only,early_only_hard_case,0,192,2,differential,sat,sat,0.006132829934358597,341.12323126755655,edf43a0000e4a3f3bf1eec668bd00cf6,edf43a0000e4a3f3bf1eec668bd00cf6,edf43a0008e4a3f3bf1eec668bd00cf6,False,sat,False,False,False,,"{""0"": ""unknown"", ""1"": ""unknown"", ""10"": ""unknown"", ""11"": ""unknown"", ""12"": ""unknown"", ""13"": ""unknown"", ""14"": ""unknown"", ""15"": ""unknown"", ""2"": ""unknown"", ""3"": ""unknown"", ""4"": ""free"", ""5"": ""unknown"", ""6"": ""unknown"", ""7"": ""unknown"", ""8"": ""unknown"", ""9"": ""unknown""}","{""0"": ""free"", ""1"": ""free"", ""2"": ""unknown"", ""3"": ""unknown""}",[],[4],"[0, 1, 2, 3, 5, 6, 7, 8, 9, 10, 11, 12, 13, 14, 15]",False,ambiguity,False,uf_axiom,
3bit_early__SR_103__SR_63__SR_96,SR_103,SR_63,SR_96,,early_only,early_only_hard_case,1,128,2,differential,sat,sat,0.0027779825031757355,74.39012980088592,99100079bc3c2c000d008a6fd1570006,99100079bc3c2c000d008a6fd1570006,0010007901302c007200966fd15200da,False,sat,False,False,False,,"{""0"": ""free"", ""1"": ""fixed"", ""10"": ""free"", ""11"": ""unknown"", ""12"": ""unknown"", ""13"": ""free"", ""14"": ""unknown"", ""15"": ""free"", ""2"": ""unknown"", ""3"": ""unknown"", ""4"": ""free"", ""5"": ""free"", ""6"": ""unknown"", ""7"": ""unknown"", ""8"": ""free"", ""9"": ""unknown""}","{""0"": ""free"", ""1"": ""free"", ""2"": ""free"", ""3"": ""free""}",[1],"[0, 4, 5, 8, 10, 13, 15]","[2, 3, 6, 7, 9, 11, 12, 14]",False,ambiguity,False,uf_axiom,
3bit_early__SB_65__SB_84__SR_115,SB_65,SB_84,SR_115,,early_only,early_only_hard_case,0,128,2,differential,sat,sat,0.003499062731862068,184.61060490831733,ed003a9a1900a3f3bf1eec0000d00cf6,ed003a9a1900a3f3bf1eec0000d00cf6,e9003a3d1d00a3f3bf0bec0010d0a9f6,False,sat,False,False,False,,"{""0"": ""free"", ""1"": ""free"", ""10"": ""unknown"", ""11"": ""unknown"", ""12"": ""free"", ""13"": ""unknown"", ""14"": ""free"", ""15"": ""unknown"", ""2"": ""unknown"", ""3"": ""free"", ""4"": ""free"", ""5"": ""unknown"", ""6"": ""unknown"", ""7"": ""unknown"", ""8"": ""unknown"", ""9"": ""free""}","{""0"": ""free"", ""1"": ""free"", ""2"": ""free"", ""3"": ""free""}",[],"[0, 1, 3, 4, 9, 12, 14]","[2, 5, 6, 7, 8, 10, 11, 13, 15]",False,ambiguity,False,uf_axiom,
3bit_early__SB_24__SB_46__SR_124,SB_24,SB_46,SR_124,,early_only,early_only_hard_case,1,192,2,differential,sat,sat,0.006244877353310585,188.09235609322786,99107579bc3c003b0d7a8a6fd1573606,99107579bc3c003b0d7a8a6fd1573606,99107579bc3c803b0d7a8a6fd1573606,False,sat,False,False,False,,"{""0"": ""unknown"", ""1"": ""unknown"", ""10"": ""unknown"", ""11"": ""unknown"", ""12"": ""unknown"", ""13"": ""unknown"", ""14"": ""unknown"", ""15"": ""unknown"", ""2"": ""unknown"", ""3"": ""unknown"", ""4"": ""unknown"", ""5"": ""unknown"", ""6"": ""free"", ""7"": ""unknown"", ""8"": ""unknown"", ""9"": ""unknown""}","{""0"": ""unknown"", ""1"": ""free"", ""2"": ""unknown"", ""3"": ""unknown""}",[],[6],"[0, 1, 2, 3, 4, 5, 7, 8, 9, 10, 11, 12, 13, 14, 15]",False,ambiguity,False,uf_axiom,
3bit_early__SB_116__SB_40__SR_20,SB_116,SB_40,SR_20,,early_only,early_only_hard_case,1,255,2,differential,sat,sat,0.009881488978862762,276.23701217770576,00107579bc3c2c3b0d7a8a6fd1573606,00107579bc3c2c3b0d7a8a6fd1573606,01107579bc3c2c3b0d7a8a6fd1573606,False,sat,False,False,False,,"{""0"": ""free"", ""1"": ""unknown"", ""10"": ""unknown"", ""11"": ""unknown"", ""12"": ""unknown"", ""13"": ""unknown"", ""14"": ""unknown"", ""15"": ""unknown"", ""2"": ""unknown"", ""3"": ""unknown"", ""4"": ""unknown"", ""5"": ""unknown"", ""6"": ""unknown"", ""7"": ""unknown"", ""8"": ""unknown"", ""9"": ""unknown""}","{""0"": ""free"", ""1"": ""unknown"", ""2"": ""unknown"", ""3"": ""unknown""}",[],[0],"[1, 2, 3, 4, 5, 6, 7, 8, 9, 10, 11, 12, 13, 14, 15]",False,ambiguity,False,uf_axiom,
3bit_early__SB_117__SB_16__SR_33,SB_117,SB_16,SR_33,,early_only,early_only_hard_case,2,255,2,differential,sat,sat,0.012620287016034126,173.53380086831748,a66f651322597100009f8f8af4c2db61,a66f651322597100009f8f8af4c2db61,a66f651322597100089f8f8af4c2db61,False,sat,False,False,False,,"{""0"": ""unknown"", ""1"": ""unknown"", ""10"": ""unknown"", ""11"": ""unknown"", ""12"": ""unknown"", ""13"": ""unknown"", ""14"": ""unknown"", ""15"": ""unknown"", ""2"": ""unknown"", ""3"": ""unknown"", ""4"": ""unknown"", ""5"": ""unknown"", ""6"": ""unknown"", ""7"": ""unknown"", ""8"": ""free"", ""9"": ""unknown""}","{""0"": ""unknown"", ""1"": ""unknown"", ""2"": ""free"", ""3"": ""unknown""}",[],[8],"[0, 1, 2, 3, 4, 5, 6, 7, 9, 10, 11, 12, 13, 14, 15]",False,ambiguity,False,uf_axiom,
3bit_early__SB_24__SB_46__SR_124,SB_24,SB_46,SR_124,,early_only,early_only_hard_case,0,192,2,differential,sat,sat,0.005825664848089218,157.19170335680246,edf43a9a19e400f3bf1eec668bd00cf6,edf43a9a19e400f3bf1eec668bd00cf6,edf43a9a19e408f3bf1eec668bd00cf6,False,sat,False,False,False,,"{""0"": ""unknown"", ""1"": ""unknown"", ""10"": ""unknown"", ""11"": ""unknown"", ""12"": ""unknown"", ""13"": ""unknown"", ""14"": ""unknown"", ""15"": ""unknown"", ""2"": ""unknown"", ""3"": ""unknown"", ""4"": ""unknown"", ""5"": ""unknown"", ""6"": ""free"", ""7"": ""unknown"", ""8"": ""unknown"", ""9"": ""unknown""}","{""0"": ""unknown"", ""1"": ""free"", ""2"": ""unknown"", ""3"": ""unknown""}",[],[6],"[0, 1, 2, 3, 4, 5, 7, 8, 9, 10, 11, 12, 13, 14, 15]",False,ambiguity,False,uf_axiom,
3bit_early__SR_103__SR_63__SR_96,SR_103,SR_63,SR_96,,early_only,early_only_hard_case,0,128,2,differential,sat,sat,0.002821497619152069,144.31521324627101,edf4009a19e4a300bf00ec668bd000f6,edf4009a19e4a300bf00ec668bd000f6,edf4009ae4e4a3003b02ec668b4000f6,False,sat,False,False,False,,"{""0"": ""unknown"", ""1"": ""unknown"", ""10"": ""unknown"", ""11"": ""unknown"", ""12"": ""unknown"", ""13"": ""free"", ""14"": ""unknown"", ""15"": ""unknown"", ""2"": ""unknown"", ""3"": ""unknown"", ""4"": ""free"", ""5"": ""unknown"", ""6"": ""unknown"", ""7"": ""unknown"", ""8"": ""free"", ""9"": ""free""}","{""0"": ""unknown"", ""1"": ""free"", ""2"": ""free"", ""3"": ""free""}",[],"[4, 8, 9, 13]","[0, 1, 2, 3, 5, 6, 7, 10, 11, 12, 14, 15]",False,ambiguity,False,uf_axiom,
3bit_early__SB_73__SR_106__SR_74,SB_73,SR_106,SR_74,,early_only,early_only_hard_case,2,192,2,differential,sat,sat,0.007949672639369965,442.5777499973774,a66f650000597191ab9f8f8af4c2db61,a66f650000597191ab9f8f8af4c2db61,a66f650400597191ab9f8f8af4c2db61,False,sat,False,False,False,,"{""0"": ""unknown"", ""1"": ""unknown"", ""10"": ""unknown"", ""11"": ""unknown"", ""12"": ""unknown"", ""13"": ""unknown"", ""14"": ""unknown"", ""15"": ""unknown"", ""2"": ""unknown"", ""3"": ""free"", ""4"": ""unknown"", ""5"": ""unknown"", ""6"": ""unknown"", ""7"": ""unknown"", ""8"": ""unknown"", ""9"": ""unknown""}","{""0"": ""free"", ""1"": ""free"", ""2"": ""unknown"", ""3"": ""unknown""}",[],[3],"[0, 1, 2, 4, 5, 6, 7, 8, 9, 10, 11, 12, 13, 14, 15]",False,ambiguity,False,uf_axiom,
3bit_early__SB_56__SB_78__SB_81,SB_56,SB_78,SB_81,,early_only,early_only_hard_case,0,128,2,differential,sat,sat,0.003580627962946892,292.8230231720954,00f43a9a19e4a3f3bf1eec008bd00cf6,00f43a9a19e4a3f3bf1eec008bd00cf6,00943a52359081f3bfbcec0065d0d490,False,sat,False,False,False,,"{""0"": ""free"", ""1"": ""free"", ""10"": ""unknown"", ""11"": ""unknown"", ""12"": ""free"", ""13"": ""unknown"", ""14"": ""free"", ""15"": ""free"", ""2"": ""unknown"", ""3"": ""free"", ""4"": ""free"", ""5"": ""free"", ""6"": ""free"", ""7"": ""unknown"", ""8"": ""unknown"", ""9"": ""free""}","{""0"": ""free"", ""1"": ""free"", ""2"": ""free"", ""3"": ""free""}",[],"[0, 1, 3, 4, 5, 6, 9, 12, 14, 15]","[2, 7, 8, 10, 11, 13]",False,ambiguity,False,uf_axiom,
3bit_early__SB_35__SB_64__SR_120,SB_35,SB_64,SR_120,,early_only,early_only_hard_case,1,128,2,differential,sat,sat,0.0034288987517356873,64.79004525952041,99007579bc00003b0d7a006fd1573600,99007579bc00003b0d7a006fd1573600,99007579bc02003b0d7a006fd1573600,False,sat,False,False,False,,"{""0"": ""unknown"", ""1"": ""unknown"", ""10"": ""unknown"", ""11"": ""unknown"", ""12"": ""unknown"", ""13"": ""unknown"", ""14"": ""unknown"", ""15"": ""unknown"", ""2"": ""unknown"", ""3"": ""unknown"", ""4"": ""unknown"", ""5"": ""free"", ""6"": ""unknown"", ""7"": ""unknown"", ""8"": ""unknown"", ""9"": ""unknown""}","{""0"": ""unknown"", ""1"": ""free"", ""2"": ""unknown"", ""3"": ""unknown""}",[],[5],"[0, 1, 2, 3, 4, 6, 7, 8, 9, 10, 11, 12, 13, 14, 15]",False,ambiguity,False,uf_axiom,
3bit_early__SB_116__SB_40__SR_20,SB_116,SB_40,SR_20,,early_only,early_only_hard_case,2,255,2,differential,sat,sat,0.008384091779589653,417.5524474643171,006f651322597191ab9f8f8af4c2db61,006f651322597191ab9f8f8af4c2db61,016f651322597191ab9f8f8af4c2db61,False,sat,False,False,False,,"{""0"": ""free"", ""1"": ""unknown"", ""10"": ""unknown"", ""11"": ""unknown"", ""12"": ""unknown"", ""13"": ""unknown"", ""14"": ""unknown"", ""15"": ""unknown"", ""2"": ""unknown"", ""3"": ""unknown"", ""4"": ""unknown"", ""5"": ""unknown"", ""6"": ""unknown"", ""7"": ""unknown"", ""8"": ""unknown"", ""9"": ""unknown""}","{""0"": ""free"", ""1"": ""unknown"", ""2"": ""unknown"", ""3"": ""unknown""}",[],[0],"[1, 2, 3, 4, 5, 6, 7, 8, 9, 10, 11, 12, 13, 14, 15]",False,ambiguity,False,uf_axiom,
3bit_early__SB_116__SB_40__SR_20,SB_116,SB_40,SR_20,,early_only,early_only_hard_case,0,255,2,differential,sat,sat,0.016202766448259354,301.6434203609824,00f43a9a19e4a3f3bf1eec668bd00cf6,00f43a9a19e4a3f3bf1eec668bd00cf6,20f43a9a19e4a3f3bf1eec668bd00cf6,False,sat,False,False,False,,"{""0"": ""free"", ""1"": ""unknown"", ""10"": ""unknown"", ""11"": ""unknown"", ""12"": ""unknown"", ""13"": ""unknown"", ""14"": ""unknown"", ""15"": ""unknown"", ""2"": ""unknown"", ""3"": ""unknown"", ""4"": ""unknown"", ""5"": ""unknown"", ""6"": ""unknown"", ""7"": ""unknown"", ""8"": ""unknown"", ""9"": ""unknown""}","{""0"": ""free"", ""1"": ""unknown"", ""2"": ""unknown"", ""3"": ""unknown""}",[],[0],"[1, 2, 3, 4, 5, 6, 7, 8, 9, 10, 11, 12, 13, 14, 15]",False,ambiguity,False,uf_axiom,
3bit_early__SB_80__SR_104__SR_94,SB_80,SR_104,SR_94,,early_only,early_only_hard_case,2,192,2,differential,sat,sat,0.01115000993013382,207.64214793592691,a66f651322597191ab9f8f00f4c2db61,a66f651322597191ab9f8f00f4c2db61,5661651322597191ab9f8f01a6c29461,False,sat,False,False,False,,"{""0"": ""free"", ""1"": ""free"", ""10"": ""unknown"", ""11"": ""free"", ""12"": ""free"", ""13"": ""unknown"", ""14"": ""free"", ""15"": ""unknown"", ""2"": ""unknown"", ""3"": ""unknown"", ""4"": ""unknown"", ""5"": ""unknown"", ""6"": ""unknown"", ""7"": ""unknown"", ""8"": ""unknown"", ""9"": ""unknown""}","{""0"": ""free"", ""1"": ""unknown"", ""2"": ""free"", ""3"": ""free""}",[],"[0, 1, 11, 12, 14]","[2, 3, 4, 5, 6, 7, 8, 9, 10, 13, 15]",False,ambiguity,False,uf_axiom,
3bit_early__SB_57__SR_22__SR_46,SB_57,SR_22,SR_46,,early_only,early_only_hard_case,0,128,2,differential,sat,sat,0.0037671364843845367,289.9610909111798,00f43a9a19e4a3f3bf1eec008bd00cf6,00f43a9a19e4a3f3bf1eec008bd00cf6,0098c49aed0404f3bf1eec0035d08076,False,sat,False,False,False,,"{""0"": ""unknown"", ""1"": ""free"", ""10"": ""unknown"", ""11"": ""unknown"", ""12"": ""free"", ""13"": ""unknown"", ""14"": ""free"", ""15"": ""free"", ""2"": ""free"", ""3"": ""unknown"", ""4"": ""free"", ""5"": ""free"", ""6"": ""free"", ""7"": ""unknown"", ""8"": ""unknown"", ""9"": ""unknown""}","{""0"": ""free"", ""1"": ""free"", ""2"": ""unknown"", ""3"": ""free""}",[],"[1, 2, 4, 5, 6, 12, 14, 15]","[0, 3, 7, 8, 9, 10, 11, 13]",False,ambiguity,False,uf_axiom,
3bit_early__SB_83__SR_53__SR_61,SB_83,SR_53,SR_61,,early_only,early_only_hard_case,1,255,2,differential,sat,sat,0.008854705840349197,401.15197802707553,99107579003c2c3b0d008a6fd1573606,99107579003c2c3b0d008a6fd1573606,99107579003c2c3b0d208a6fd1573606,False,sat,False,False,False,,"{""0"": ""unknown"", ""1"": ""unknown"", ""10"": ""unknown"", ""11"": ""unknown"", ""12"": ""unknown"", ""13"": ""unknown"", ""14"": ""unknown"", ""15"": ""unknown"", ""2"": ""unknown"", ""3"": ""unknown"", ""4"": ""unknown"", ""5"": ""unknown"", ""6"": ""unknown"", ""7"": ""unknown"", ""8"": ""unknown"", ""9"": ""free""}","{""0"": ""unknown"", ""1"": ""unknown"", ""2"": ""free"", ""3"": ""unknown""}",[],[9],"[0, 1, 2, 3, 4, 5, 6, 7, 8, 10, 11, 12, 13, 14, 15]",False,ambiguity,False,uf_axiom,
3bit_early__SB_102__SR_31__SR_76,SB_102,SR_31,SR_76,,early_only,early_only_hard_case,2,128,2,differential,sat,sat,0.002808026969432831,63.63811054825783,a66f001322597191ab9f008af4c2db61,a66f001322597191ab9f008af4c2db61,206f0082003971000f24008af4c2ab61,False,sat,False,False,False,,"{""0"": ""free"", ""1"": ""fixed"", ""10"": ""unknown"", ""11"": ""unknown"", ""12"": ""unknown"", ""13"": ""unknown"", ""14"": ""free"", ""15"": ""unknown"", ""2"": ""unknown"", ""3"": ""free"", ""4"": ""free"", ""5"": ""free"", ""6"": ""unknown"", ""7"": ""free"", ""8"": ""free"", ""9"": ""free""}","{""0"": ""free"", ""1"": ""free"", ""2"": ""free"", ""3"": ""free""}",[1],"[0, 3, 4, 5, 7, 8, 9, 14]","[2, 6, 10, 11, 12, 13, 15]",False,ambiguity,False,uf_axiom,
3bit_early__SB_80__SR_104__SR_94,SB_80,SR_104,SR_94,,early_only,early_only_hard_case,1,192,2,differential,sat,sat,0.0070225633680820465,206.8683973569423,99107579bc3c2c3b0d7a8a00d1573606,99107579bc3c2c3b0d7a8a00d1573606,99107579bc3c573b0df58a006a543606,False,sat,False,False,False,,"{""0"": ""unknown"", ""1"": ""unknown"", ""10"": ""unknown"", ""11"": ""unknown"", ""12"": ""free"", ""13"": ""free"", ""14"": ""unknown"", ""15"": ""unknown"", ""2"": ""unknown"", ""3"": ""unknown"", ""4"": ""unknown"", ""5"": ""unknown"", ""6"": ""free"", ""7"": ""unknown"", ""8"": ""unknown"", ""9"": ""free""}","{""0"": ""unknown"", ""1"": ""free"", ""2"": ""free"", ""3"": ""free""}",[],"[6, 9, 12, 13]","[0, 1, 2, 3, 4, 5, 7, 8, 10, 11, 14, 15]",False,ambiguity,False,uf_axiom,
3bit_early__SB_83__SR_53__SR_61,SB_83,SR_53,SR_61,,early_only,early_only_hard_case,0,255,2,differential,sat,sat,0.010133258998394012,386.15031141601503,edf43a9a00e4a3f3bf00ec668bd00cf6,edf43a9a00e4a3f3bf00ec668bd00cf6,edf43a9a00e4a3f3bf40ec668bd00cf6,False,sat,False,False,False,,"{""0"": ""unknown"", ""1"": ""unknown"", ""10"": ""unknown"", ""11"": ""unknown"", ""12"": ""unknown"", ""13"": ""unknown"", ""14"": ""unknown"", ""15"": ""unknown"", ""2"": ""unknown"", ""3"": ""unknown"", ""4"": ""unknown"", ""5"": ""unknown"", ""6"": ""unknown"", ""7"": ""unknown"", ""8"": ""unknown"", ""9"": ""free""}","{""0"": ""unknown"", ""1"": ""unknown"", ""2"": ""free"", ""3"": ""unknown""}",[],[9],"[0, 1, 2, 3, 4, 5, 6, 7, 8, 10, 11, 12, 13, 14, 15]",False,ambiguity,False,uf_axiom,
3bit_early__SB_109__SB_67__SR_120,SB_109,SB_67,SR_120,,early_only,early_only_hard_case,0,128,2,differential,sat,sat,0.005948927253484726,94.14359056018293,edf43a9a19e4a3f3bf1e00668bd00c00,edf43a9a19e4a3f3bf1e00668bd00c00,bdf49cc417a4a3f3bf4900668bd0eb00,False,sat,False,False,False,,"{""0"": ""free"", ""1"": ""unknown"", ""10"": ""unknown"", ""11"": ""unknown"", ""12"": ""unknown"", ""13"": ""unknown"", ""14"": ""free"", ""15"": ""unknown"", ""2"": ""free"", ""3"": ""free"", ""4"": ""free"", ""5"": ""free"", ""6"": ""unknown"", ""7"": ""unknown"", ""8"": ""unknown"", ""9"": ""free""}","{""0"": ""free"", ""1"": ""free"", ""2"": ""free"", ""3"": ""free""}",[],"[0, 2, 3, 4, 5, 9, 14]","[1, 6, 7, 8, 10, 11, 12, 13, 15]",False,ambiguity,False,uf_axiom,
3bit_early__SB_112__SB_117__SB_3,SB_112,SB_117,SB_3,,early_only,early_only_hard_case,0,128,2,differential,sat,sat,0.004532884806394577,77.96737853251398,edf43a0000e4a3000000ec668bd00cf6,edf43a0000e4a3000000ec668bd00cf6,edf4430040e4a3000000ec668b400c49,False,sat,False,False,False,,"{""0"": ""unknown"", ""1"": ""unknown"", ""10"": ""unknown"", ""11"": ""unknown"", ""12"": ""unknown"", ""13"": ""free"", ""14"": ""unknown"", ""15"": ""free"", ""2"": ""free"", ""3"": ""unknown"", ""4"": ""free"", ""5"": ""unknown"", ""6"": ""unknown"", ""7"": ""unknown"", ""8"": ""unknown"", ""9"": ""unknown""}","{""0"": ""free"", ""1"": ""free"", ""2"": ""unknown"", ""3"": ""free""}",[],"[2, 4, 13, 15]","[0, 1, 3, 5, 6, 7, 8, 9, 10, 11, 12, 14]",False,ambiguity,False,uf_axiom,
3bit_early__SB_65__SB_84__SR_115,SB_65,SB_84,SR_115,,early_only,early_only_hard_case,1,128,2,differential,sat,sat,0.0035752542316913605,173.45311118289828,99007579bc002c3b0d7a8a0000573606,99007579bc002c3b0d7a8a0000573606,550075625e202c3b0dfd5d00005dbb1b,False,sat,False,False,False,,"{""0"": ""free"", ""1"": ""free"", ""10"": ""free"", ""11"": ""unknown"", ""12"": ""unknown"", ""13"": ""free"", ""14"": ""free"", ""15"": ""free"", ""2"": ""fixed"", ""3"": ""free"", ""4"": ""free"", ""5"": ""free"", ""6"": ""fixed"", ""7"": ""fixed"", ""8"": ""unknown"", ""9"": ""free""}","{""0"": ""free"", ""1"": ""free"", ""2"": ""free"", ""3"": ""free""}","[2, 6, 7]","[0, 1, 3, 4, 5, 9, 10, 13, 14, 15]","[8, 11, 12]",False,ambiguity,False,uf_axiom,
3bit_early__SB_80__SR_104__SR_94,SB_80,SR_104,SR_94,,early_only,early_only_hard_case,0,192,2,differential,sat,sat,0.006849819794297218,153.3630501627922,edf43a9a19e4a3f3bf1eec008bd00cf6,edf43a9a19e4a3f3bf1eec008bd00cf6,edf4c29a19e40af3bf1eec008bd00cf6,False,sat,False,False,False,,"{""0"": ""unknown"", ""1"": ""unknown"", ""10"": ""unknown"", ""11"": ""unknown"", ""12"": ""unknown"", ""13"": ""unknown"", ""14"": ""unknown"", ""15"": ""unknown"", ""2"": ""free"", ""3"": ""unknown"", ""4"": ""unknown"", ""5"": ""unknown"", ""6"": ""free"", ""7"": ""unknown"", ""8"": ""unknown"", ""9"": ""unknown""}","{""0"": ""free"", ""1"": ""free"", ""2"": ""free"", ""3"": ""unknown""}",[],"[2, 6]","[0, 1, 3, 4, 5, 7, 8, 9, 10, 11, 12, 13, 14, 15]",False,ambiguity,False,uf_axiom,
3bit_early__SB_121__SB_36__SR_14,SB_121,SB_36,SR_14,,early_only,early_only_hard_case,2,128,2,differential,sat,sat,0.0038599465042352676,36.834735779091716,a66f001322597191009f008af4c2db61,a66f001322597191009f008af4c2db61,376f001322593f33009f00f8edc6db0a,False,sat,False,False,False,,"{""0"": ""free"", ""1"": ""fixed"", ""10"": ""unknown"", ""11"": ""free"", ""12"": ""free"", ""13"": ""free"", ""14"": ""unknown"", ""15"": ""free"", ""2"": ""unknown"", ""3"": ""unknown"", ""4"": ""unknown"", ""5"": ""unknown"", ""6"": ""free"", ""7"": ""free"", ""8"": ""unknown"", ""9"": ""unknown""}","{""0"": ""free"", ""1"": ""free"", ""2"": ""free"", ""3"": ""free""}",[1],"[0, 6, 7, 11, 12, 13, 15]","[2, 3, 4, 5, 8, 9, 10, 14]",False,ambiguity,False,uf_axiom,
3bit_early__SB_102__SR_31__SR_76,SB_102,SR_31,SR_76,,early_only,early_only_hard_case,1,128,2,differential,sat,sat,0.0038055237382650375,30.623588049784303,99100079bc3c2c3b0d7a006fd1573606,99100079bc3c2c3b0d7a006fd1573606,34100042c00a2c007610006fd12bc206,False,sat,False,False,False,,"{""0"": ""free"", ""1"": ""fixed"", ""10"": ""unknown"", ""11"": ""unknown"", ""12"": ""unknown"", ""13"": ""free"", ""14"": ""free"", ""15"": ""unknown"", ""2"": ""unknown"", ""3"": ""free"", ""4"": ""free"", ""5"": ""free"", ""6"": ""unknown"", ""7"": ""free"", ""8"": ""free"", ""9"": ""free""}","{""0"": ""free"", ""1"": ""free"", ""2"": ""free"", ""3"": ""free""}",[1],"[0, 3, 4, 5, 7, 8, 9, 13, 14]","[2, 6, 10, 11, 12, 15]",False,ambiguity,False,uf_axiom,
3bit_early__SB_5__SB_58__SR_8,SB_5,SB_58,SR_8,,early_only,early_only_hard_case,2,192,2,differential,sat,sat,0.008152561262249947,271.23386006616056,a66f001322590091009f8f00f4c2db61,a66f001322590091009f8f00f4c2db61,a66f001322590091009fee00f48adb61,False,sat,False,False,False,,"{""0"": ""fixed"", ""1"": ""unknown"", ""10"": ""free"", ""11"": ""unknown"", ""12"": ""unknown"", ""13"": ""free"", ""14"": ""unknown"", ""15"": ""unknown"", ""2"": ""unknown"", ""3"": ""unknown"", ""4"": ""unknown"", ""5"": ""unknown"", ""6"": ""unknown"", ""7"": ""unknown"", ""8"": ""unknown"", ""9"": ""unknown""}","{""0"": ""free"", ""1"": ""free"", ""2"": ""free"", ""3"": ""free""}",[0],"[10, 13]","[1, 2, 3, 4, 5, 6, 7, 8, 9, 11, 12, 14, 15]",False,ambiguity,False,uf_axiom,
3bit_early__SB_112__SB_70__SR_57,SB_112,SB_70,SR_57,,early_only,early_only_hard_case,0,192,2,differential,sat,sat,0.006951581686735153,540.0573358926922,edf43a9a19e4a3f3bf00ec668bd00cf6,edf43a9a19e4a3f3bf00ec668bd00cf6,edf43a9a19e4a3f3bf08ec668bd00cf6,False,sat,False,False,False,,"{""0"": ""unknown"", ""1"": ""unknown"", ""10"": ""unknown"", ""11"": ""unknown"", ""12"": ""unknown"", ""13"": ""unknown"", ""14"": ""unknown"", ""15"": ""unknown"", ""2"": ""unknown"", ""3"": ""unknown"", ""4"": ""unknown"", ""5"": ""unknown"", ""6"": ""unknown"", ""7"": ""unknown"", ""8"": ""unknown"", ""9"": ""free""}","{""0"": ""unknown"", ""1"": ""unknown"", ""2"": ""free"", ""3"": ""unknown""}",[],[9],"[0, 1, 2, 3, 4, 5, 6, 7, 8, 10, 11, 12, 13, 14, 15]",False,ambiguity,False,uf_axiom,
3bit_early__SB_109__SB_67__SR_120,SB_109,SB_67,SR_120,,early_only,early_only_hard_case,2,128,2,differential,sat,sat,0.0039597731083631516,69.19405224174261,a66f651322597191ab9f008af4c2db00,a66f651322597191ab9f008af4c2db00,04206567802a4c91ab040008a4c23500,False,sat,False,False,False,,"{""0"": ""free"", ""1"": ""free"", ""10"": ""unknown"", ""11"": ""free"", ""12"": ""free"", ""13"": ""unknown"", ""14"": ""free"", ""15"": ""unknown"", ""2"": ""unknown"", ""3"": ""free"", ""4"": ""free"", ""5"": ""free"", ""6"": ""free"", ""7"": ""unknown"", ""8"": ""unknown"", ""9"": ""free""}","{""0"": ""free"", ""1"": ""free"", ""2"": ""free"", ""3"": ""free""}",[],"[0, 1, 3, 4, 5, 6, 9, 11, 12, 14]","[2, 7, 8, 10, 13, 15]",False,ambiguity,False,uf_axiom,
3bit_early__SB_78__SB_82__SR_63,SB_78,SB_82,SR_63,,early_only,early_only_hard_case,1,192,2,differential,sat,sat,0.011825904250144958,161.51856041513383,99107579003c2c3b0d7a8a00d1573606,99107579003c2c3b0d7a8a00d1573606,999c7579043c2c3b0d7a8a00d157f206,False,sat,False,False,False,,"{""0"": ""fixed"", ""1"": ""free"", ""10"": ""unknown"", ""11"": ""unknown"", ""12"": ""unknown"", ""13"": ""unknown"", ""14"": ""free"", ""15"": ""unknown"", ""2"": ""unknown"", ""3"": ""unknown"", ""4"": ""free"", ""5"": ""unknown"", ""6"": ""unknown"", ""7"": ""unknown"", ""8"": ""unknown"", ""9"": ""unknown""}","{""0"": ""free"", ""1"": ""free"", ""2"": ""free"", ""3"": ""free""}",[0],"[1, 4, 14]","[2, 3, 5, 6, 7, 8, 9, 10, 11, 12, 13, 15]",False,ambiguity,False,uf_axiom,
3bit_early__SB_123__SB_40__SB_43,SB_123,SB_40,SB_43,,early_only,early_only_hard_case,1,128,2,differential,sat,sat,0.005122510716319084,152.6838056333363,00100079bc3c2c3b007a006fd1003606,00100079bc3c2c3b007a006fd1003606,00100079bc3c2c3b007a086fd1003606,False,sat,False,False,False,,"{""0"": ""unknown"", ""1"": ""unknown"", ""10"": ""free"", ""11"": ""unknown"", ""12"": ""unknown"", ""13"": ""unknown"", ""14"": ""unknown"", ""15"": ""unknown"", ""2"": ""unknown"", ""3"": ""unknown"", ""4"": ""unknown"", ""5"": ""unknown"", ""6"": ""unknown"", ""7"": ""unknown"", ""8"": ""unknown"", ""9"": ""unknown""}","{""0"": ""free"", ""1"": ""unknown"", ""2"": ""free"", ""3"": ""unknown""}",[],[10],"[0, 1, 2, 3, 4, 5, 6, 7, 8, 9, 11, 12, 13, 14, 15]",False,ambiguity,False,uf_axiom,
3bit_early__SB_124__SR_114__SR_80,SB_124,SR_114,SR_80,,early_only,early_only_hard_case,1,128,2,differential,sat,sat,0.0038551539182662964,129.63555322773755,99107579bc3c2c3b007a8a6fd1003606,99107579bc3c2c3b007a8a6fd1003606,999375babf3c2cee007b8a6fd100a406,False,sat,False,False,False,,"{""0"": ""unknown"", ""1"": ""free"", ""10"": ""unknown"", ""11"": ""unknown"", ""12"": ""unknown"", ""13"": ""unknown"", ""14"": ""free"", ""15"": ""unknown"", ""2"": ""unknown"", ""3"": ""free"", ""4"": ""free"", ""5"": ""unknown"", ""6"": ""unknown"", ""7"": ""free"", ""8"": ""unknown"", ""9"": ""free""}","{""0"": ""free"", ""1"": ""free"", ""2"": ""free"", ""3"": ""free""}",[],"[1, 3, 4, 7, 9, 14]","[0, 2, 5, 6, 8, 10, 11, 12, 13, 15]",False,ambiguity,False,uf_axiom,
3bit_early__SB_57__SB_9__SR_57,SB_57,SB_9,SR_57,,early_only,early_only_hard_case,1,192,2,differential,sat,sat,0.0053829625248909,125.95876109972596,99100079bc3c003b007a8a00d1003606,99100079bc3c003b007a8a00d1003606,99100079bc3c003b207a8a00d1003606,False,sat,False,False,False,,"{""0"": ""unknown"", ""1"": ""unknown"", ""10"": ""unknown"", ""11"": ""unknown"", ""12"": ""unknown"", ""13"": ""unknown"", ""14"": ""unknown"", ""15"": ""unknown"", ""2"": ""unknown"", ""3"": ""unknown"", ""4"": ""unknown"", ""5"": ""unknown"", ""6"": ""unknown"", ""7"": ""unknown"", ""8"": ""free"", ""9"": ""unknown""}","{""0"": ""free"", ""1"": ""free"", ""2"": ""free"", ""3"": ""free""}",[],[8],"[0, 1, 2, 3, 4, 5, 6, 7, 9, 10, 11, 12, 13, 14, 15]",False,ambiguity,False,uf_axiom,
3bit_early__SB_48__SB_49__SB_97,SB_48,SB_49,SB_97,,early_only,early_only_hard_case,2,128,2,differential,sat,sat,0.002624794840812683,47.03746887668967,a66f651322007100ab9f008af4c2db61,a66f651322007100ab9f008af4c2db61,35288a1322007100929f0005f4c2db52,False,sat,False,False,False,,"{""0"": ""free"", ""1"": ""free"", ""10"": ""unknown"", ""11"": ""free"", ""12"": ""unknown"", ""13"": ""unknown"", ""14"": ""unknown"", ""15"": ""free"", ""2"": ""free"", ""3"": ""fixed"", ""4"": ""unknown"", ""5"": ""unknown"", ""6"": ""unknown"", ""7"": ""unknown"", ""8"": ""free"", ""9"": ""unknown""}","{""0"": ""free"", ""1"": ""free"", ""2"": ""free"", ""3"": ""free""}",[3],"[0, 1, 2, 8, 11, 15]","[4, 5, 6, 7, 9, 10, 12, 13, 14]",False,ambiguity,False,uf_axiom,
3bit_early__SB_112__SB_70__SR_57,SB_112,SB_70,SR_57,,early_only,early_only_hard_case,1,192,2,differential,sat,sat,0.007014123722910881,544.3966580443084,99107579bc3c2c3b0d008a6fd1573606,99107579bc3c2c3b0d008a6fd1573606,99107579bc3c2c3b0d048a6fd1573606,False,sat,False,False,False,,"{""0"": ""unknown"", ""1"": ""unknown"", ""10"": ""unknown"", ""11"": ""unknown"", ""12"": ""unknown"", ""13"": ""unknown"", ""14"": ""unknown"", ""15"": ""unknown"", ""2"": ""unknown"", ""3"": ""unknown"", ""4"": ""unknown"", ""5"": ""unknown"", ""6"": ""unknown"", ""7"": ""unknown"", ""8"": ""unknown"", ""9"": ""free""}","{""0"": ""unknown"", ""1"": ""unknown"", ""2"": ""free"", ""3"": ""unknown""}",[],[9],"[0, 1, 2, 3, 4, 5, 6, 7, 8, 10, 11, 12, 13, 14, 15]",False,ambiguity,False,uf_axiom,
3bit_early__SB_0__SR_122__SR_37,SB_0,SR_122,SR_37,,early_only,early_only_hard_case,0,192,2,differential,sat,sat,0.006128974258899689,192.42844172753394,ed003a9a19e400f3bf1eec668bd00cf6,ed003a9a19e400f3bf1eec668bd00cf6,ed004c9a19e400f3bf1eecf4a5d00cf6,False,sat,False,False,False,,"{""0"": ""fixed"", ""1"": ""unknown"", ""10"": ""unknown"", ""11"": ""free"", ""12"": ""free"", ""13"": ""unknown"", ""14"": ""unknown"", ""15"": ""unknown"", ""2"": ""free"", ""3"": ""unknown"", ""4"": ""unknown"", ""5"": ""unknown"", ""6"": ""unknown"", ""7"": ""unknown"", ""8"": ""unknown"", ""9"": ""unknown""}","{""0"": ""free"", ""1"": ""free"", ""2"": ""free"", ""3"": ""free""}",[0],"[2, 11, 12]","[1, 3, 4, 5, 6, 7, 8, 9, 10, 13, 14, 15]",False,ambiguity,False,uf_axiom,
3bit_early__SB_16__SB_34__SR_41,SB_16,SB_34,SR_41,,early_only,early_only_hard_case,1,128,2,differential,sat,sat,0.0036587174981832504,138.79427444376051,99107579bc3c003b0d7a8a0000573606,99107579bc3c003b0d7a8a0000573606,99627579bc3c003b297a8a0000573606,False,sat,False,False,False,,"{""0"": ""unknown"", ""1"": ""free"", ""10"": ""unknown"", ""11"": ""unknown"", ""12"": ""unknown"", ""13"": ""unknown"", ""14"": ""unknown"", ""15"": ""unknown"", ""2"": ""unknown"", ""3"": ""unknown"", ""4"": ""unknown"", ""5"": ""unknown"", ""6"": ""unknown"", ""7"": ""unknown"", ""8"": ""free"", ""9"": ""unknown""}","{""0"": ""free"", ""1"": ""free"", ""2"": ""free"", ""3"": ""free""}",[],"[1, 8]","[0, 2, 3, 4, 5, 6, 7, 9, 10, 11, 12, 13, 14, 15]",False,ambiguity,False,uf_axiom,
3bit_early__SB_16__SB_34__SR_41,SB_16,SB_34,SR_41,,early_only,early_only_hard_case,2,128,2,differential,sat,sat,0.007408298552036285,286.87895115092397,a66f651322590091ab9f8f0000c2db61,a66f651322590091ab9f8f0000c2db61,a8aa651322710091ab9f552000b4cb42,False,sat,False,False,False,,"{""0"": ""free"", ""1"": ""free"", ""10"": ""free"", ""11"": ""free"", ""12"": ""unknown"", ""13"": ""free"", ""14"": ""free"", ""15"": ""free"", ""2"": ""fixed"", ""3"": ""unknown"", ""4"": ""unknown"", ""5"": ""free"", ""6"": ""unknown"", ""7"": ""unknown"", ""8"": ""unknown"", ""9"": ""unknown""}","{""0"": ""free"", ""1"": ""free"", ""2"": ""free"", ""3"": ""free""}",[2],"[0, 1, 5, 10, 11, 13, 14, 15]","[3, 4, 6, 7, 8, 9, 12]",False,ambiguity,False,uf_axiom,
3bit_early__SB_0__SR_122__SR_37,SB_0,SR_122,SR_37,,early_only,early_only_hard_case,1,192,2,differential,sat,sat,0.009770426899194717,161.24866975285113,99007579bc3c003b0d7a8a6fd1573606,99007579bc3c003b0d7a8a6fd1573606,99007579bc3c023b0d7a8a6fd1573606,False,sat,False,False,False,,"{""0"": ""unknown"", ""1"": ""unknown"", ""10"": ""unknown"", ""11"": ""unknown"", ""12"": ""unknown"", ""13"": ""unknown"", ""14"": ""unknown"", ""15"": ""unknown"", ""2"": ""unknown"", ""3"": ""unknown"", ""4"": ""unknown"", ""5"": ""unknown"", ""6"": ""free"", ""7"": ""unknown"", ""8"": ""unknown"", ""9"": ""unknown""}","{""0"": ""free"", ""1"": ""free"", ""2"": ""unknown"", ""3"": ""unknown""}",[],[6],"[0, 1, 2, 3, 4, 5, 7, 8, 9, 10, 11, 12, 13, 14, 15]",False,ambiguity,False,uf_axiom,
3bit_early__SR_53__SR_88__SR_92,SR_53,SR_88,SR_92,,early_only,early_only_hard_case,2,128,2,differential,sat,sat,0.002542128786444664,139.57335569523275,006f651322007191009f8f8af400db61,006f651322007191009f8f8af400db61,0047d8132200cc91009f21adf400dba5,False,sat,False,False,False,,"{""0"": ""unknown"", ""1"": ""free"", ""10"": ""free"", ""11"": ""free"", ""12"": ""unknown"", ""13"": ""unknown"", ""14"": ""unknown"", ""15"": ""free"", ""2"": ""free"", ""3"": ""unknown"", ""4"": ""unknown"", ""5"": ""unknown"", ""6"": ""free"", ""7"": ""unknown"", ""8"": ""unknown"", ""9"": ""unknown""}","{""0"": ""free"", ""1"": ""free"", ""2"": ""free"", ""3"": ""free""}",[],"[1, 2, 6, 10, 11, 15]","[0, 3, 4, 5, 7, 8, 9, 12, 13, 14]",False,ambiguity,False,uf_axiom,
3bit_early__SB_57__SB_9__SR_57,SB_57,SB_9,SR_57,,early_only,early_only_hard_case,0,192,2,differential,sat,sat,0.011176170781254768,190.4007025808096,edf4009a19e400f3001eec008b000cf6,edf4009a19e400f3001eec008b000cf6,edf4009a19e400f3001eec008b100cf6,False,sat,False,False,False,,"{""0"": ""unknown"", ""1"": ""unknown"", ""10"": ""unknown"", ""11"": ""unknown"", ""12"": ""unknown"", ""13"": ""free"", ""14"": ""unknown"", ""15"": ""unknown"", ""2"": ""unknown"", ""3"": ""unknown"", ""4"": ""unknown"", ""5"": ""unknown"", ""6"": ""unknown"", ""7"": ""unknown"", ""8"": ""unknown"", ""9"": ""unknown""}","{""0"": ""free"", ""1"": ""free"", ""2"": ""unknown"", ""3"": ""free""}",[],[13],"[0, 1, 2, 3, 4, 5, 6, 7, 8, 9, 10, 11, 12, 14, 15]",False,ambiguity,False,uf_axiom,
3bit_early__SB_0__SR_122__SR_37,SB_0,SR_122,SR_37,,early_only,early_only_hard_case,2,192,2,differential,sat,sat,0.010134255513548851,72.66154251806438,a600651322590091ab9f8f8af4c2db61,a600651322590091ab9f8f8af4c2db61,a600651322590091ab9f8f8220c2db61,False,sat,False,False,False,,"{""0"": ""unknown"", ""1"": ""unknown"", ""10"": ""unknown"", ""11"": ""free"", ""12"": ""free"", ""13"": ""unknown"", ""14"": ""unknown"", ""15"": ""unknown"", ""2"": ""unknown"", ""3"": ""unknown"", ""4"": ""unknown"", ""5"": ""unknown"", ""6"": ""unknown"", ""7"": ""unknown"", ""8"": ""unknown"", ""9"": ""unknown""}","{""0"": ""free"", ""1"": ""free"", ""2"": ""free"", ""3"": ""free""}",[],"[11, 12]","[0, 1, 2, 3, 4, 5, 6, 7, 8, 9, 10, 13, 14, 15]",False,ambiguity,False,uf_axiom,
3bit_early__SB_65__SB_84__SR_115,SB_65,SB_84,SR_115,,early_only,early_only_hard_case,2,192,2,differential,sat,sat,0.007862772792577744,282.3239652402699,a600651322007191ab9f8f0000c2db61,a600651322007191ab9f8f0000c2db61,a600651322207191ab9f8f0000c2db61,False,sat,False,False,False,,"{""0"": ""unknown"", ""1"": ""unknown"", ""10"": ""unknown"", ""11"": ""unknown"", ""12"": ""unknown"", ""13"": ""unknown"", ""14"": ""unknown"", ""15"": ""unknown"", ""2"": ""unknown"", ""3"": ""unknown"", ""4"": ""unknown"", ""5"": ""free"", ""6"": ""unknown"", ""7"": ""unknown"", ""8"": ""unknown"", ""9"": ""unknown""}","{""0"": ""free"", ""1"": ""free"", ""2"": ""free"", ""3"": ""free""}",[],[5],"[0, 1, 2, 3, 4, 6, 7, 8, 9, 10, 11, 12, 13, 14, 15]",False,ambiguity,False,uf_axiom,
3bit_early__SR_53__SR_88__SR_92,SR_53,SR_88,SR_92,,early_only,early_only_hard_case,0,128,2,differential,sat,sat,0.002581428736448288,116.15990742109716,00f43a9a1900a3f3001eec668b000cf6,00f43a9a1900a3f3001eec668b000cf6,0208349a1900a3f3001e0ca98b000c34,False,sat,False,False,False,,"{""0"": ""free"", ""1"": ""free"", ""10"": ""free"", ""11"": ""free"", ""12"": ""unknown"", ""13"": ""unknown"", ""14"": ""unknown"", ""15"": ""free"", ""2"": ""free"", ""3"": ""unknown"", ""4"": ""unknown"", ""5"": ""unknown"", ""6"": ""unknown"", ""7"": ""unknown"", ""8"": ""unknown"", ""9"": ""unknown""}","{""0"": ""free"", ""1"": ""unknown"", ""2"": ""free"", ""3"": ""free""}",[],"[0, 1, 2, 10, 11, 15]","[3, 4, 5, 6, 7, 8, 9, 12, 13, 14]",False,ambiguity,False,uf_axiom,
3bit_early__SB_124__SR_114__SR_80,SB_124,SR_114,SR_80,,early_only,early_only_hard_case,0,128,2,differential,sat,sat,0.004166742786765099,229.7009298671037,edf43a9a19e4a3f3001eec668b000cf6,edf43a9a19e4a3f3001eec668b000cf6,ed533a9a19e4a35b001eec6f48000cf6,False,sat,False,False,False,,"{""0"": ""unknown"", ""1"": ""free"", ""10"": ""unknown"", ""11"": ""free"", ""12"": ""free"", ""13"": ""unknown"", ""14"": ""unknown"", ""15"": ""unknown"", ""2"": ""unknown"", ""3"": ""unknown"", ""4"": ""unknown"", ""5"": ""unknown"", ""6"": ""unknown"", ""7"": ""free"", ""8"": ""unknown"", ""9"": ""unknown""}","{""0"": ""free"", ""1"": ""free"", ""2"": ""free"", ""3"": ""free""}",[],"[1, 7, 11, 12]","[0, 2, 3, 4, 5, 6, 8, 9, 10, 13, 14, 15]",False,ambiguity,False,uf_axiom,
3bit_early__SB_57__SB_9__SR_57,SB_57,SB_9,SR_57,,early_only,early_only_hard_case,2,192,2,differential,sat,sat,0.00470813550055027,178.79716982878745,a66f001322590091009f8f00f400db61,a66f001322590091009f8f00f400db61,a66f001322590091009f8f00f402db61,False,sat,False,False,False,,"{""0"": ""unknown"", ""1"": ""unknown"", ""10"": ""unknown"", ""11"": ""unknown"", ""12"": ""unknown"", ""13"": ""free"", ""14"": ""unknown"", ""15"": ""unknown"", ""2"": ""unknown"", ""3"": ""unknown"", ""4"": ""unknown"", ""5"": ""unknown"", ""6"": ""unknown"", ""7"": ""unknown"", ""8"": ""unknown"", ""9"": ""unknown""}","{""0"": ""free"", ""1"": ""free"", ""2"": ""free"", ""3"": ""free""}",[],[13],"[0, 1, 2, 3, 4, 5, 6, 7, 8, 9, 10, 11, 12, 14, 15]",False,ambiguity,False,uf_axiom,
3bit_weak_late__ARK_15__ARK_27__MC_12,ARK_15,ARK_27,MC_12,,weak_same_column,weak_same_column_hard_case,1,64,2,differential,sat,unsat,0.0032124724239110947,131.9476065132767,99107579bc3c2c3b0d7a8a6fd1573606,99107579bc3c2c3b0d7a8a6fd1573606,,True,sat,False,False,False,,"{""0"": ""fixed"", ""1"": ""fixed"", ""10"": ""fixed"", ""11"": ""fixed"", ""12"": ""fixed"", ""13"": ""fixed"", ""14"": ""fixed"", ""15"": ""fixed"", ""2"": ""fixed"", ""3"": ""fixed"", ""4"": ""fixed"", ""5"": ""fixed"", ""6"": ""fixed"", ""7"": ""fixed"", ""8"": ""fixed"", ""9"": ""fixed""}","{""0"": ""fixed"", ""1"": ""fixed"", ""2"": ""fixed"", ""3"": ""fixed""}","[0, 1, 2, 3, 4, 5, 6, 7, 8, 9, 10, 11, 12, 13, 14, 15]",[],[],False,full_key_unique,True,uf_axiom,
3bit_early__SB_115__SB_126__SB_61,SB_115,SB_126,SB_61,,early_only,early_only_hard_case,2,128,2,differential,sat,sat,0.005465395748615265,290.4553070310503,006f651322007191009f8f8af400db61,006f651322007191009f8f8af400db61,006f081322007191009fe28af404db61,False,sat,False,False,False,,"{""0"": ""free"", ""1"": ""unknown"", ""10"": ""free"", ""11"": ""unknown"", ""12"": ""unknown"", ""13"": ""free"", ""14"": ""unknown"", ""15"": ""unknown"", ""2"": ""free"", ""3"": ""unknown"", ""4"": ""unknown"", ""5"": ""unknown"", ""6"": ""unknown"", ""7"": ""unknown"", ""8"": ""unknown"", ""9"": ""unknown""}","{""0"": ""free"", ""1"": ""free"", ""2"": ""free"", ""3"": ""free""}",[],"[0, 2, 10, 13]","[1, 3, 4, 5, 6, 7, 8, 9, 11, 12, 14, 15]",False,ambiguity,False,uf_axiom,
3bit_weak_late__ARK_15__ARK_27__MC_12,ARK_15,ARK_27,MC_12,,weak_same_column,weak_same_column_hard_case,0,64,2,differential,sat,unsat,0.0058649200946092606,80.93577842973173,edf43a9a19e4a3f3bf1eec668bd00cf6,edf43a9a19e4a3f3bf1eec668bd00cf6,,True,sat,False,False,False,,"{""0"": ""fixed"", ""1"": ""fixed"", ""10"": ""fixed"", ""11"": ""fixed"", ""12"": ""fixed"", ""13"": ""fixed"", ""14"": ""fixed"", ""15"": ""fixed"", ""2"": ""fixed"", ""3"": ""fixed"", ""4"": ""fixed"", ""5"": ""fixed"", ""6"": ""fixed"", ""7"": ""fixed"", ""8"": ""fixed"", ""9"": ""fixed""}","{""0"": ""fixed"", ""1"": ""fixed"", ""2"": ""fixed"", ""3"": ""fixed""}","[0, 1, 2, 3, 4, 5, 6, 7, 8, 9, 10, 11, 12, 13, 14, 15]",[],[],False,full_key_unique,True,uf_axiom,
3bit_early__SB_121__SB_36__SR_14,SB_121,SB_36,SR_14,,early_only,early_only_hard_case,1,128,2,differential,sat,sat,0.004312876611948013,157.89237624406815,99100079bc3c2c3b007a006fd1573606,99100079bc3c2c3b007a006fd1573606,b2101079bc3c2c3b007a006fd1d03606,False,sat,False,False,False,,"{""0"": ""free"", ""1"": ""unknown"", ""10"": ""unknown"", ""11"": ""unknown"", ""12"": ""unknown"", ""13"": ""free"", ""14"": ""unknown"", ""15"": ""unknown"", ""2"": ""free"", ""3"": ""unknown"", ""4"": ""unknown"", ""5"": ""unknown"", ""6"": ""unknown"", ""7"": ""unknown"", ""8"": ""unknown"", ""9"": ""unknown""}","{""0"": ""free"", ""1"": ""unknown"", ""2"": ""unknown"", ""3"": ""free""}",[],"[0, 2, 13]","[1, 3, 4, 5, 6, 7, 8, 9, 10, 11, 12, 14, 15]",False,ambiguity,False,uf_axiom,
3bit_early__SB_109__SB_67__SR_120,SB_109,SB_67,SR_120,,early_only,early_only_hard_case,1,128,2,differential,sat,sat,0.006133250892162323,22.92579839192331,99107579bc3c2c3b0d7a006fd1573600,99107579bc3c2c3b0d7a006fd1573600,2160758904672c3b0d82006fec573900,False,sat,False,False,False,,"{""0"": ""free"", ""1"": ""free"", ""10"": ""unknown"", ""11"": ""unknown"", ""12"": ""free"", ""13"": ""unknown"", ""14"": ""free"", ""15"": ""unknown"", ""2"": ""fixed"", ""3"": ""free"", ""4"": ""free"", ""5"": ""free"", ""6"": ""unknown"", ""7"": ""unknown"", ""8"": ""unknown"", ""9"": ""free""}","{""0"": ""free"", ""1"": ""free"", ""2"": ""free"", ""3"": ""free""}",[2],"[0, 1, 3, 4, 5, 9, 12, 14]","[6, 7, 8, 10, 11, 13, 15]",False,ambiguity,False,uf_axiom,
3bit_early__SB_102__SR_31__SR_76,SB_102,SR_31,SR_76,,early_only,early_only_hard_case,0,128,2,differential,sat,sat,0.006057485938072205,133.36842190288007,edf4009a19e4a3f3bf1e00668bd00cf6,edf4009a19e4a3f3bf1e00668bd00cf6,42f400080110a37c082400668bd008eb,False,sat,False,False,False,,"{""0"": ""free"", ""1"": ""unknown"", ""10"": ""unknown"", ""11"": ""unknown"", ""12"": ""unknown"", ""13"": ""unknown"", ""14"": ""free"", ""15"": ""free"", ""2"": ""unknown"", ""3"": ""free"", ""4"": ""free"", ""5"": ""free"", ""6"": ""unknown"", ""7"": ""free"", ""8"": ""free"", ""9"": ""free""}","{""0"": ""free"", ""1"": ""free"", ""2"": ""free"", ""3"": ""free""}",[],"[0, 3, 4, 5, 7, 8, 9, 14, 15]","[1, 2, 6, 10, 11, 12, 13]",False,ambiguity,False,uf_axiom,
3bit_early__SB_112__SB_70__SR_57,SB_112,SB_70,SR_57,,early_only,early_only_hard_case,2,255,2,differential,sat,sat,0.008373744785785675,261.8403564505279,a66f651322597191ab008f8af4c2db61,a66f651322597191ab008f8af4c2db61,a66f651322597191ab208f8af4c2db61,False,sat,False,False,False,,"{""0"": ""unknown"", ""1"": ""unknown"", ""10"": ""unknown"", ""11"": ""unknown"", ""12"": ""unknown"", ""13"": ""unknown"", ""14"": ""unknown"", ""15"": ""unknown"", ""2"": ""unknown"", ""3"": ""unknown"", ""4"": ""unknown"", ""5"": ""unknown"", ""6"": ""unknown"", ""7"": ""unknown"", ""8"": ""unknown"", ""9"": ""free""}","{""0"": ""unknown"", ""1"": ""unknown"", ""2"": ""free"", ""3"": ""unknown""}",[],[9],"[0, 1, 2, 3, 4, 5, 6, 7, 8, 10, 11, 12, 13, 14, 15]",False,ambiguity,False,uf_axiom,
3bit_weak_late__ARK_26__ARK_31__MC_2,ARK_26,ARK_31,MC_2,,weak_same_column,weak_same_column_hard_case,0,64,2,differential,sat,unsat,0.003107834607362747,114.44344952329993,edf43a9a19e4a3f3bf1eec668bd00cf6,edf43a9a19e4a3f3bf1eec668bd00cf6,,True,sat,False,False,False,,"{""0"": ""fixed"", ""1"": ""fixed"", ""10"": ""fixed"", ""11"": ""fixed"", ""12"": ""fixed"", ""13"": ""fixed"", ""14"": ""fixed"", ""15"": ""fixed"", ""2"": ""fixed"", ""3"": ""fixed"", ""4"": ""fixed"", ""5"": ""fixed"", ""6"": ""fixed"", ""7"": ""fixed"", ""8"": ""fixed"", ""9"": ""fixed""}","{""0"": ""fixed"", ""1"": ""fixed"", ""2"": ""fixed"", ""3"": ""fixed""}","[0, 1, 2, 3, 4, 5, 6, 7, 8, 9, 10, 11, 12, 13, 14, 15]",[],[],False,full_key_unique,True,uf_axiom,
3bit_early__SB_78__SB_82__SR_63,SB_78,SB_82,SR_63,,early_only,early_only_hard_case,2,192,2,differential,sat,sat,0.010126475244760513,129.5804706811905,a66f651300597191ab9f8f00f4c2db61,a66f651300597191ab9f8f00f4c2db61,f5c6651300597191ab9f8f003bc27c61,False,sat,False,False,False,,"{""0"": ""free"", ""1"": ""free"", ""10"": ""unknown"", ""11"": ""unknown"", ""12"": ""free"", ""13"": ""unknown"", ""14"": ""free"", ""15"": ""unknown"", ""2"": ""unknown"", ""3"": ""unknown"", ""4"": ""unknown"", ""5"": ""unknown"", ""6"": ""unknown"", ""7"": ""unknown"", ""8"": ""unknown"", ""9"": ""unknown""}","{""0"": ""free"", ""1"": ""free"", ""2"": ""free"", ""3"": ""free""}",[],"[0, 1, 12, 14]","[2, 3, 4, 5, 6, 7, 8, 9, 10, 11, 13, 15]",False,ambiguity,False,uf_axiom,
3bit_early__SB_48__SB_49__SB_97,SB_48,SB_49,SB_97,,early_only,early_only_hard_case,1,128,2,differential,sat,sat,0.0026999525725841522,96.97638176754117,99107579bc002c000d7a006fd1573606,99107579bc002c000d7a006fd1573606,1a100a79bc002c00007a006fd1b5367c,False,sat,False,False,False,,"{""0"": ""free"", ""1"": ""unknown"", ""10"": ""unknown"", ""11"": ""unknown"", ""12"": ""unknown"", ""13"": ""free"", ""14"": ""unknown"", ""15"": ""free"", ""2"": ""free"", ""3"": ""unknown"", ""4"": ""unknown"", ""5"": ""unknown"", ""6"": ""unknown"", ""7"": ""unknown"", ""8"": ""free"", ""9"": ""unknown""}","{""0"": ""free"", ""1"": ""free"", ""2"": ""free"", ""3"": ""free""}",[],"[0, 2, 8, 13, 15]","[1, 3, 4, 5, 6, 7, 9, 10, 11, 12, 14]",False,ambiguity,False,uf_axiom,
3bit_early__SB_112__SB_117__SB_3,SB_112,SB_117,SB_3,,early_only,early_only_hard_case,1,128,2,differential,sat,sat,0.002683652564883232,49.08687046356499,99107500003c2c0000008a6fd1573606,99107500003c2c0000008a6fd1573606,9910780000d52c000000876fd1e33606,False,sat,False,False,False,,"{""0"": ""fixed"", ""1"": ""fixed"", ""10"": ""free"", ""11"": ""unknown"", ""12"": ""unknown"", ""13"": ""free"", ""14"": ""unknown"", ""15"": ""unknown"", ""2"": ""free"", ""3"": ""unknown"", ""4"": ""unknown"", ""5"": ""free"", ""6"": ""unknown"", ""7"": ""unknown"", ""8"": ""unknown"", ""9"": ""unknown""}","{""0"": ""free"", ""1"": ""free"", ""2"": ""free"", ""3"": ""free""}","[0, 1]","[2, 5, 10, 13]","[3, 4, 6, 7, 8, 9, 11, 12, 14, 15]",False,ambiguity,False,uf_axiom,
3bit_weak_late__ARK_15__ARK_18__ARK_23,ARK_15,ARK_18,ARK_23,,weak_same_column,weak_same_column_hard_case,1,64,2,differential,sat,unsat,0.0035600680857896805,239.87337507493794,99107579bc3c2c3b0d7a8a6fd1573606,99107579bc3c2c3b0d7a8a6fd1573606,,True,sat,False,False,False,,"{""0"": ""fixed"", ""1"": ""fixed"", ""10"": ""fixed"", ""11"": ""fixed"", ""12"": ""fixed"", ""13"": ""fixed"", ""14"": ""fixed"", ""15"": ""fixed"", ""2"": ""fixed"", ""3"": ""fixed"", ""4"": ""fixed"", ""5"": ""fixed"", ""6"": ""fixed"", ""7"": ""fixed"", ""8"": ""fixed"", ""9"": ""fixed""}","{""0"": ""fixed"", ""1"": ""fixed"", ""2"": ""fixed"", ""3"": ""fixed""}","[0, 1, 2, 3, 4, 5, 6, 7, 8, 9, 10, 11, 12, 13, 14, 15]",[],[],False,full_key_unique,True,uf_axiom,
3bit_early__SB_48__SB_49__SB_97,SB_48,SB_49,SB_97,,early_only,early_only_hard_case,0,128,2,differential,sat,sat,0.00454944372177124,149.41897179186344,edf43a9a1900a300bf1e00668bd00cf6,edf43a9a1900a300bf1e00668bd00cf6,3039b99a1900a300021e00a9cec30cdd,False,sat,False,False,False,,"{""0"": ""free"", ""1"": ""free"", ""10"": ""unknown"", ""11"": ""free"", ""12"": ""free"", ""13"": ""free"", ""14"": ""unknown"", ""15"": ""free"", ""2"": ""free"", ""3"": ""fixed"", ""4"": ""unknown"", ""5"": ""unknown"", ""6"": ""unknown"", ""7"": ""unknown"", ""8"": ""free"", ""9"": ""unknown""}","{""0"": ""free"", ""1"": ""free"", ""2"": ""free"", ""3"": ""free""}",[3],"[0, 1, 2, 8, 11, 12, 13, 15]","[4, 5, 6, 7, 9, 10, 14]",False,ambiguity,False,uf_axiom,
3bit_early__SB_112__SB_117__SB_3,SB_112,SB_117,SB_3,,early_only,early_only_hard_case,2,192,2,differential,sat,sat,0.006105497479438782,91.27475599572062,a66f65000059710000008f8af4c2db61,a66f65000059710000008f8af4c2db61,a66f65008059710000008f8af4c2db61,False,sat,False,False,False,,"{""0"": ""unknown"", ""1"": ""unknown"", ""10"": ""unknown"", ""11"": ""unknown"", ""12"": ""unknown"", ""13"": ""unknown"", ""14"": ""unknown"", ""15"": ""unknown"", ""2"": ""unknown"", ""3"": ""unknown"", ""4"": ""free"", ""5"": ""unknown"", ""6"": ""unknown"", ""7"": ""unknown"", ""8"": ""unknown"", ""9"": ""unknown""}","{""0"": ""free"", ""1"": ""free"", ""2"": ""free"", ""3"": ""unknown""}",[],[4],"[0, 1, 2, 3, 5, 6, 7, 8, 9, 10, 11, 12, 13, 14, 15]",False,ambiguity,False,uf_axiom,
3bit_weak_late__MC_23__MC_6__MC_7,MC_23,MC_6,MC_7,,weak_same_column,weak_same_column_hard_case,0,64,2,differential,sat,unsat,0.003211000934243202,121.23530049808323,edf43a9a19e4a3f3bf1eec668bd00cf6,edf43a9a19e4a3f3bf1eec668bd00cf6,,True,sat,False,False,False,,"{""0"": ""fixed"", ""1"": ""fixed"", ""10"": ""fixed"", ""11"": ""fixed"", ""12"": ""fixed"", ""13"": ""fixed"", ""14"": ""fixed"", ""15"": ""fixed"", ""2"": ""fixed"", ""3"": ""fixed"", ""4"": ""fixed"", ""5"": ""fixed"", ""6"": ""fixed"", ""7"": ""fixed"", ""8"": ""fixed"", ""9"": ""fixed""}","{""0"": ""fixed"", ""1"": ""fixed"", ""2"": ""fixed"", ""3"": ""fixed""}","[0, 1, 2, 3, 4, 5, 6, 7, 8, 9, 10, 11, 12, 13, 14, 15]",[],[],False,full_key_unique,True,uf_axiom,
3bit_weak_late__ARK_16__MC_15__MC_19,ARK_16,MC_15,MC_19,,weak_same_column,weak_same_column_hard_case,1,64,2,differential,sat,unsat,0.006207309663295746,218.20458014123142,99107579bc3c2c3b0d7a8a6fd1573606,99107579bc3c2c3b0d7a8a6fd1573606,,True,sat,False,False,False,,"{""0"": ""fixed"", ""1"": ""fixed"", ""10"": ""fixed"", ""11"": ""fixed"", ""12"": ""fixed"", ""13"": ""fixed"", ""14"": ""fixed"", ""15"": ""fixed"", ""2"": ""fixed"", ""3"": ""fixed"", ""4"": ""fixed"", ""5"": ""fixed"", ""6"": ""fixed"", ""7"": ""fixed"", ""8"": ""fixed"", ""9"": ""fixed""}","{""0"": ""fixed"", ""1"": ""fixed"", ""2"": ""fixed"", ""3"": ""fixed""}","[0, 1, 2, 3, 4, 5, 6, 7, 8, 9, 10, 11, 12, 13, 14, 15]",[],[],False,full_key_unique,True,uf_axiom,
3bit_weak_late__ARK_31__MC_12__MC_20,ARK_31,MC_12,MC_20,,weak_same_column,weak_same_column_hard_case,1,64,2,differential,sat,unsat,0.005483873188495636,203.41292939335108,99107579bc3c2c3b0d7a8a6fd1573606,99107579bc3c2c3b0d7a8a6fd1573606,,True,sat,False,False,False,,"{""0"": ""fixed"", ""1"": ""fixed"", ""10"": ""fixed"", ""11"": ""fixed"", ""12"": ""fixed"", ""13"": ""fixed"", ""14"": ""fixed"", ""15"": ""fixed"", ""2"": ""fixed"", ""3"": ""fixed"", ""4"": ""fixed"", ""5"": ""fixed"", ""6"": ""fixed"", ""7"": ""fixed"", ""8"": ""fixed"", ""9"": ""fixed""}","{""0"": ""fixed"", ""1"": ""fixed"", ""2"": ""fixed"", ""3"": ""fixed""}","[0, 1, 2, 3, 4, 5, 6, 7, 8, 9, 10, 11, 12, 13, 14, 15]",[],[],False,full_key_unique,True,uf_axiom,
3bit_early__SB_121__SB_36__SR_14,SB_121,SB_36,SR_14,,early_only,early_only_hard_case,0,192,2,differential,sat,sat,0.005493199452757835,100.1607533916831,edf4009a19e4a3f3001e00668bd00cf6,edf4009a19e4a3f3001e00668bd00cf6,05f4009a19e4a3f3001e20668be20cf6,False,sat,False,False,False,,"{""0"": ""free"", ""1"": ""unknown"", ""10"": ""free"", ""11"": ""unknown"", ""12"": ""unknown"", ""13"": ""free"", ""14"": ""unknown"", ""15"": ""unknown"", ""2"": ""unknown"", ""3"": ""unknown"", ""4"": ""unknown"", ""5"": ""unknown"", ""6"": ""unknown"", ""7"": ""unknown"", ""8"": ""unknown"", ""9"": ""unknown""}","{""0"": ""free"", ""1"": ""unknown"", ""2"": ""free"", ""3"": ""free""}",[],"[0, 10, 13]","[1, 2, 3, 4, 5, 6, 7, 8, 9, 11, 12, 14, 15]",False,ambiguity,False,uf_axiom,
3bit_early__SR_6__SR_76__SR_91,SR_6,SR_76,SR_91,,early_only,early_only_hard_case,0,255,2,differential,sat,sat,0.009022608399391174,323.03429162316024,edf4009a19e4a3f3001eec668bd00cf6,edf4009a19e4a3f3001eec668bd00cf6,edf4809a19e4a3f3001eec668bd00cf6,False,sat,False,False,False,,"{""0"": ""unknown"", ""1"": ""unknown"", ""10"": ""unknown"", ""11"": ""unknown"", ""12"": ""unknown"", ""13"": ""unknown"", ""14"": ""unknown"", ""15"": ""unknown"", ""2"": ""free"", ""3"": ""unknown"", ""4"": ""unknown"", ""5"": ""unknown"", ""6"": ""unknown"", ""7"": ""unknown"", ""8"": ""unknown"", ""9"": ""unknown""}","{""0"": ""free"", ""1"": ""unknown"", ""2"": ""unknown"", ""3"": ""unknown""}",[],[2],"[0, 1, 3, 4, 5, 6, 7, 8, 9, 10, 11, 12, 13, 14, 15]",False,ambiguity,False,uf_axiom,
3bit_early__SB_27__SR_111__SR_82,SB_27,SR_111,SR_82,,early_only,early_only_hard_case,1,128,2,differential,sat,sat,0.0029458384960889816,177.31227620132267,99107579003c000000008a00d1003606,99107579003c000000008a00d1003606,99107579083c000000008a00d1003606,False,sat,False,False,False,,"{""0"": ""unknown"", ""1"": ""unknown"", ""10"": ""unknown"", ""11"": ""unknown"", ""12"": ""unknown"", ""13"": ""unknown"", ""14"": ""unknown"", ""15"": ""unknown"", ""2"": ""unknown"", ""3"": ""unknown"", ""4"": ""free"", ""5"": ""unknown"", ""6"": ""unknown"", ""7"": ""unknown"", ""8"": ""unknown"", ""9"": ""unknown""}","{""0"": ""unknown"", ""1"": ""free"", ""2"": ""unknown"", ""3"": ""unknown""}",[],[4],"[0, 1, 2, 3, 5, 6, 7, 8, 9, 10, 11, 12, 13, 14, 15]",False,ambiguity,False,uf_axiom,
3bit_weak_late__ARK_15__ARK_18__ARK_23,ARK_15,ARK_18,ARK_23,,weak_same_column,weak_same_column_hard_case,0,64,2,differential,sat,unsat,0.0036222822964191437,160.0753656104207,edf43a9a19e4a3f3bf1eec668bd00cf6,edf43a9a19e4a3f3bf1eec668bd00cf6,,True,sat,False,False,False,,"{""0"": ""fixed"", ""1"": ""fixed"", ""10"": ""fixed"", ""11"": ""fixed"", ""12"": ""fixed"", ""13"": ""fixed"", ""14"": ""fixed"", ""15"": ""fixed"", ""2"": ""fixed"", ""3"": ""fixed"", ""4"": ""fixed"", ""5"": ""fixed"", ""6"": ""fixed"", ""7"": ""fixed"", ""8"": ""fixed"", ""9"": ""fixed""}","{""0"": ""fixed"", ""1"": ""fixed"", ""2"": ""fixed"", ""3"": ""fixed""}","[0, 1, 2, 3, 4, 5, 6, 7, 8, 9, 10, 11, 12, 13, 14, 15]",[],[],False,full_key_unique,True,uf_axiom,
3bit_weak_late__ARK_26__ARK_31__MC_2,ARK_26,ARK_31,MC_2,,weak_same_column,weak_same_column_hard_case,1,64,2,differential,sat,unsat,0.003102736547589302,180.46208704076707,99107579bc3c2c3b0d7a8a6fd1573606,99107579bc3c2c3b0d7a8a6fd1573606,,True,sat,False,False,False,,"{""0"": ""fixed"", ""1"": ""fixed"", ""10"": ""fixed"", ""11"": ""fixed"", ""12"": ""fixed"", ""13"": ""fixed"", ""14"": ""fixed"", ""15"": ""fixed"", ""2"": ""fixed"", ""3"": ""fixed"", ""4"": ""fixed"", ""5"": ""fixed"", ""6"": ""fixed"", ""7"": ""fixed"", ""8"": ""fixed"", ""9"": ""fixed""}","{""0"": ""fixed"", ""1"": ""fixed"", ""2"": ""fixed"", ""3"": ""fixed""}","[0, 1, 2, 3, 4, 5, 6, 7, 8, 9, 10, 11, 12, 13, 14, 15]",[],[],False,full_key_unique,True,uf_axiom,
3bit_weak_late__ARK_26__MC_12__MC_7,ARK_26,MC_12,MC_7,,weak_same_column,weak_same_column_hard_case,0,64,2,differential,sat,unsat,0.0032472386956214905,70.92481406405568,edf43a9a19e4a3f3bf1eec668bd00cf6,edf43a9a19e4a3f3bf1eec668bd00cf6,,True,sat,False,False,False,,"{""0"": ""fixed"", ""1"": ""fixed"", ""10"": ""fixed"", ""11"": ""fixed"", ""12"": ""fixed"", ""13"": ""fixed"", ""14"": ""fixed"", ""15"": ""fixed"", ""2"": ""fixed"", ""3"": ""fixed"", ""4"": ""fixed"", ""5"": ""fixed"", ""6"": ""fixed"", ""7"": ""fixed"", ""8"": ""fixed"", ""9"": ""fixed""}","{""0"": ""fixed"", ""1"": ""fixed"", ""2"": ""fixed"", ""3"": ""fixed""}","[0, 1, 2, 3, 4, 5, 6, 7, 8, 9, 10, 11, 12, 13, 14, 15]",[],[],False,full_key_unique,True,uf_axiom,
3bit_weak_late__ARK_4__MC_18__MC_4,ARK_4,MC_18,MC_4,,weak_same_column,weak_same_column_hard_case,2,96,2,differential,sat,unsat,0.007849879562854767,236.1931761149317,a66f651322597191ab9f8f8af4c2db61,a66f651322597191ab9f8f8af4c2db61,,True,sat,False,False,False,,"{""0"": ""fixed"", ""1"": ""fixed"", ""10"": ""fixed"", ""11"": ""fixed"", ""12"": ""fixed"", ""13"": ""fixed"", ""14"": ""fixed"", ""15"": ""fixed"", ""2"": ""fixed"", ""3"": ""fixed"", ""4"": ""fixed"", ""5"": ""fixed"", ""6"": ""fixed"", ""7"": ""fixed"", ""8"": ""fixed"", ""9"": ""fixed""}","{""0"": ""fixed"", ""1"": ""fixed"", ""2"": ""fixed"", ""3"": ""fixed""}","[0, 1, 2, 3, 4, 5, 6, 7, 8, 9, 10, 11, 12, 13, 14, 15]",[],[],False,full_key_unique,True,uf_axiom,
3bit_weak_late__ARK_31__MC_12__MC_20,ARK_31,MC_12,MC_20,,weak_same_column,weak_same_column_hard_case,0,64,2,differential,sat,unsat,0.005086176097393036,77.87868019752204,edf43a9a19e4a3f3bf1eec668bd00cf6,edf43a9a19e4a3f3bf1eec668bd00cf6,,True,sat,False,False,False,,"{""0"": ""fixed"", ""1"": ""fixed"", ""10"": ""fixed"", ""11"": ""fixed"", ""12"": ""fixed"", ""13"": ""fixed"", ""14"": ""fixed"", ""15"": ""fixed"", ""2"": ""fixed"", ""3"": ""fixed"", ""4"": ""fixed"", ""5"": ""fixed"", ""6"": ""fixed"", ""7"": ""fixed"", ""8"": ""fixed"", ""9"": ""fixed""}","{""0"": ""fixed"", ""1"": ""fixed"", ""2"": ""fixed"", ""3"": ""fixed""}","[0, 1, 2, 3, 4, 5, 6, 7, 8, 9, 10, 11, 12, 13, 14, 15]",[],[],False,full_key_unique,True,uf_axiom,
3bit_early__SB_16__SB_34__SR_41,SB_16,SB_34,SR_41,,early_only,early_only_hard_case,0,192,2,differential,sat,sat,0.006891708821058273,184.72287930361927,edf43a9a19e400f3bf1eec0000d00cf6,edf43a9a19e400f3bf1eec0000d00cf6,edf43a9a19e400f3bf1eec0040d00cf6,False,sat,False,False,False,,"{""0"": ""unknown"", ""1"": ""unknown"", ""10"": ""unknown"", ""11"": ""unknown"", ""12"": ""free"", ""13"": ""unknown"", ""14"": ""unknown"", ""15"": ""unknown"", ""2"": ""unknown"", ""3"": ""unknown"", ""4"": ""unknown"", ""5"": ""unknown"", ""6"": ""unknown"", ""7"": ""unknown"", ""8"": ""unknown"", ""9"": ""unknown""}","{""0"": ""unknown"", ""1"": ""unknown"", ""2"": ""unknown"", ""3"": ""free""}",[],[12],"[0, 1, 2, 3, 4, 5, 6, 7, 8, 9, 10, 11, 13, 14, 15]",False,ambiguity,False,uf_axiom,
3bit_weak_late__MC_13__MC_22__MC_7,MC_13,MC_22,MC_7,,weak_same_column,weak_same_column_hard_case,2,96,2,differential,sat,unsat,0.004903975874185562,210.84304390661418,a66f651322597191ab9f8f8af4c2db61,a66f651322597191ab9f8f8af4c2db61,,True,sat,False,False,False,,"{""0"": ""fixed"", ""1"": ""fixed"", ""10"": ""fixed"", ""11"": ""fixed"", ""12"": ""fixed"", ""13"": ""fixed"", ""14"": ""fixed"", ""15"": ""fixed"", ""2"": ""fixed"", ""3"": ""fixed"", ""4"": ""fixed"", ""5"": ""fixed"", ""6"": ""fixed"", ""7"": ""fixed"", ""8"": ""fixed"", ""9"": ""fixed""}","{""0"": ""fixed"", ""1"": ""fixed"", ""2"": ""fixed"", ""3"": ""fixed""}","[0, 1, 2, 3, 4, 5, 6, 7, 8, 9, 10, 11, 12, 13, 14, 15]",[],[],False,full_key_unique,True,uf_axiom,
3bit_weak_late__ARK_15__ARK_18__ARK_23,ARK_15,ARK_18,ARK_23,,weak_same_column,weak_same_column_hard_case,2,64,2,differential,sat,unsat,0.00506448931992054,206.56034191139042,a66f651322597191ab9f8f8af4c2db61,a66f651322597191ab9f8f8af4c2db61,,True,sat,False,False,False,,"{""0"": ""fixed"", ""1"": ""fixed"", ""10"": ""fixed"", ""11"": ""fixed"", ""12"": ""fixed"", ""13"": ""fixed"", ""14"": ""fixed"", ""15"": ""fixed"", ""2"": ""fixed"", ""3"": ""fixed"", ""4"": ""fixed"", ""5"": ""fixed"", ""6"": ""fixed"", ""7"": ""fixed"", ""8"": ""fixed"", ""9"": ""fixed""}","{""0"": ""fixed"", ""1"": ""fixed"", ""2"": ""fixed"", ""3"": ""fixed""}","[0, 1, 2, 3, 4, 5, 6, 7, 8, 9, 10, 11, 12, 13, 14, 15]",[],[],False,full_key_unique,True,uf_axiom,
3bit_early__SB_78__SB_82__SR_63,SB_78,SB_82,SR_63,,early_only,early_only_hard_case,0,192,2,differential,sat,sat,0.009411461651325226,445.4566018972546,edf43a9a00e4a3f3bf1eec008bd00cf6,edf43a9a00e4a3f3bf1eec008bd00cf6,ed063a6200e4a3f3bf1eec0007d081f6,False,sat,False,False,False,,"{""0"": ""fixed"", ""1"": ""free"", ""10"": ""unknown"", ""11"": ""unknown"", ""12"": ""free"", ""13"": ""unknown"", ""14"": ""free"", ""15"": ""unknown"", ""2"": ""unknown"", ""3"": ""free"", ""4"": ""unknown"", ""5"": ""unknown"", ""6"": ""unknown"", ""7"": ""unknown"", ""8"": ""unknown"", ""9"": ""unknown""}","{""0"": ""free"", ""1"": ""free"", ""2"": ""free"", ""3"": ""free""}",[0],"[1, 3, 12, 14]","[2, 4, 5, 6, 7, 8, 9, 10, 11, 13, 15]",False,ambiguity,False,uf_axiom,
3bit_weak_late__ARK_4__MC_18__MC_4,ARK_4,MC_18,MC_4,,weak_same_column,weak_same_column_hard_case,0,96,2,differential,sat,unsat,0.004773441702127457,256.0226696971804,edf43a9a19e4a3f3bf1eec668bd00cf6,edf43a9a19e4a3f3bf1eec668bd00cf6,,True,sat,False,False,False,,"{""0"": ""fixed"", ""1"": ""fixed"", ""10"": ""fixed"", ""11"": ""fixed"", ""12"": ""fixed"", ""13"": ""fixed"", ""14"": ""fixed"", ""15"": ""fixed"", ""2"": ""fixed"", ""3"": ""fixed"", ""4"": ""fixed"", ""5"": ""fixed"", ""6"": ""fixed"", ""7"": ""fixed"", ""8"": ""fixed"", ""9"": ""fixed""}","{""0"": ""fixed"", ""1"": ""fixed"", ""2"": ""fixed"", ""3"": ""fixed""}","[0, 1, 2, 3, 4, 5, 6, 7, 8, 9, 10, 11, 12, 13, 14, 15]",[],[],False,full_key_unique,True,uf_axiom,
3bit_weak_late__ARK_16__MC_15__MC_19,ARK_16,MC_15,MC_19,,weak_same_column,weak_same_column_hard_case,0,64,2,differential,sat,unsat,0.005423074588179588,286.268174642697,edf43a9a19e4a3f3bf1eec668bd00cf6,edf43a9a19e4a3f3bf1eec668bd00cf6,,True,sat,False,False,False,,"{""0"": ""fixed"", ""1"": ""fixed"", ""10"": ""fixed"", ""11"": ""fixed"", ""12"": ""fixed"", ""13"": ""fixed"", ""14"": ""fixed"", ""15"": ""fixed"", ""2"": ""fixed"", ""3"": ""fixed"", ""4"": ""fixed"", ""5"": ""fixed"", ""6"": ""fixed"", ""7"": ""fixed"", ""8"": ""fixed"", ""9"": ""fixed""}","{""0"": ""fixed"", ""1"": ""fixed"", ""2"": ""fixed"", ""3"": ""fixed""}","[0, 1, 2, 3, 4, 5, 6, 7, 8, 9, 10, 11, 12, 13, 14, 15]",[],[],False,full_key_unique,True,uf_axiom,
3bit_early__SR_6__SR_76__SR_91,SR_6,SR_76,SR_91,,early_only,early_only_hard_case,2,255,2,differential,sat,sat,0.007546018809080124,477.1779786925763,a66f001322597191009f8f8af4c2db61,a66f001322597191009f8f8af4c2db61,a66f001322597191809f8f8af4c2db61,False,sat,False,False,False,,"{""0"": ""unknown"", ""1"": ""unknown"", ""10"": ""unknown"", ""11"": ""unknown"", ""12"": ""unknown"", ""13"": ""unknown"", ""14"": ""unknown"", ""15"": ""unknown"", ""2"": ""unknown"", ""3"": ""unknown"", ""4"": ""unknown"", ""5"": ""unknown"", ""6"": ""unknown"", ""7"": ""unknown"", ""8"": ""free"", ""9"": ""unknown""}","{""0"": ""free"", ""1"": ""unknown"", ""2"": ""free"", ""3"": ""unknown""}",[],[8],"[0, 1, 2, 3, 4, 5, 6, 7, 9, 10, 11, 12, 13, 14, 15]",False,ambiguity,False,uf_axiom,
3bit_weak_late__ARK_17__ARK_2__MC_16,ARK_17,ARK_2,MC_16,,weak_same_column,weak_same_column_hard_case,2,64,2,differential,sat,unsat,0.00518219918012619,120.89355216547847,a66f651322597191ab9f8f8af4c2db61,a66f651322597191ab9f8f8af4c2db61,,True,sat,False,False,False,,"{""0"": ""fixed"", ""1"": ""fixed"", ""10"": ""fixed"", ""11"": ""fixed"", ""12"": ""fixed"", ""13"": ""fixed"", ""14"": ""fixed"", ""15"": ""fixed"", ""2"": ""fixed"", ""3"": ""fixed"", ""4"": ""fixed"", ""5"": ""fixed"", ""6"": ""fixed"", ""7"": ""fixed"", ""8"": ""fixed"", ""9"": ""fixed""}","{""0"": ""fixed"", ""1"": ""fixed"", ""2"": ""fixed"", ""3"": ""fixed""}","[0, 1, 2, 3, 4, 5, 6, 7, 8, 9, 10, 11, 12, 13, 14, 15]",[],[],False,full_key_unique,True,uf_axiom,
3bit_weak_late__ARK_5__MC_21__MC_7,ARK_5,MC_21,MC_7,,weak_same_column,weak_same_column_hard_case,1,64,2,differential,sat,unsat,0.005090035498142242,196.26849411986768,99107579bc3c2c3b0d7a8a6fd1573606,99107579bc3c2c3b0d7a8a6fd1573606,,True,sat,False,False,False,,"{""0"": ""fixed"", ""1"": ""fixed"", ""10"": ""fixed"", ""11"": ""fixed"", ""12"": ""fixed"", ""13"": ""fixed"", ""14"": ""fixed"", ""15"": ""fixed"", ""2"": ""fixed"", ""3"": ""fixed"", ""4"": ""fixed"", ""5"": ""fixed"", ""6"": ""fixed"", ""7"": ""fixed"", ""8"": ""fixed"", ""9"": ""fixed""}","{""0"": ""fixed"", ""1"": ""fixed"", ""2"": ""fixed"", ""3"": ""fixed""}","[0, 1, 2, 3, 4, 5, 6, 7, 8, 9, 10, 11, 12, 13, 14, 15]",[],[],False,full_key_unique,True,uf_axiom,
3bit_early__SB_124__SR_114__SR_80,SB_124,SR_114,SR_80,,early_only,early_only_hard_case,2,192,2,differential,sat,sat,0.011237354949116707,157.9085252005607,a66f651322597191009f8f8af400db61,a66f651322597191009f8f8af400db61,a6eb6513225971d0009f8f8af410db61,False,sat,False,False,False,,"{""0"": ""unknown"", ""1"": ""free"", ""10"": ""unknown"", ""11"": ""unknown"", ""12"": ""unknown"", ""13"": ""free"", ""14"": ""unknown"", ""15"": ""unknown"", ""2"": ""unknown"", ""3"": ""unknown"", ""4"": ""unknown"", ""5"": ""unknown"", ""6"": ""unknown"", ""7"": ""free"", ""8"": ""unknown"", ""9"": ""unknown""}","{""0"": ""free"", ""1"": ""free"", ""2"": ""free"", ""3"": ""free""}",[],"[1, 7, 13]","[0, 2, 3, 4, 5, 6, 8, 9, 10, 11, 12, 14, 15]",False,ambiguity,False,uf_axiom,
3bit_weak_late__ARK_5__MC_21__MC_7,ARK_5,MC_21,MC_7,,weak_same_column,weak_same_column_hard_case,0,64,2,differential,sat,unsat,0.003369990736246109,68.91260403767228,edf43a9a19e4a3f3bf1eec668bd00cf6,edf43a9a19e4a3f3bf1eec668bd00cf6,,True,sat,False,False,False,,"{""0"": ""fixed"", ""1"": ""fixed"", ""10"": ""fixed"", ""11"": ""fixed"", ""12"": ""fixed"", ""13"": ""fixed"", ""14"": ""fixed"", ""15"": ""fixed"", ""2"": ""fixed"", ""3"": ""fixed"", ""4"": ""fixed"", ""5"": ""fixed"", ""6"": ""fixed"", ""7"": ""fixed"", ""8"": ""fixed"", ""9"": ""fixed""}","{""0"": ""fixed"", ""1"": ""fixed"", ""2"": ""fixed"", ""3"": ""fixed""}","[0, 1, 2, 3, 4, 5, 6, 7, 8, 9, 10, 11, 12, 13, 14, 15]",[],[],False,full_key_unique,True,uf_axiom,
3bit_weak_late__ARK_17__ARK_2__MC_16,ARK_17,ARK_2,MC_16,,weak_same_column,weak_same_column_hard_case,0,64,2,differential,sat,unsat,0.004591900855302811,135.91540911979973,edf43a9a19e4a3f3bf1eec668bd00cf6,edf43a9a19e4a3f3bf1eec668bd00cf6,,True,sat,False,False,False,,"{""0"": ""fixed"", ""1"": ""fixed"", ""10"": ""fixed"", ""11"": ""fixed"", ""12"": ""fixed"", ""13"": ""fixed"", ""14"": ""fixed"", ""15"": ""fixed"", ""2"": ""fixed"", ""3"": ""fixed"", ""4"": ""fixed"", ""5"": ""fixed"", ""6"": ""fixed"", ""7"": ""fixed"", ""8"": ""fixed"", ""9"": ""fixed""}","{""0"": ""fixed"", ""1"": ""fixed"", ""2"": ""fixed"", ""3"": ""fixed""}","[0, 1, 2, 3, 4, 5, 6, 7, 8, 9, 10, 11, 12, 13, 14, 15]",[],[],False,full_key_unique,True,uf_axiom,
3bit_early__SB_117__SB_30__SB_36,SB_117,SB_30,SB_36,,early_only,early_only_hard_case,0,192,2,differential,sat,sat,0.011579098179936409,172.4829322155565,edf43a9a19e4a300001eec668bd00cf6,edf43a9a19e4a300001eec668bd00cf6,ed55429a19e4a300401eeca98bd00cf6,False,sat,False,False,False,,"{""0"": ""unknown"", ""1"": ""free"", ""10"": ""unknown"", ""11"": ""free"", ""12"": ""unknown"", ""13"": ""unknown"", ""14"": ""unknown"", ""15"": ""unknown"", ""2"": ""free"", ""3"": ""unknown"", ""4"": ""unknown"", ""5"": ""unknown"", ""6"": ""unknown"", ""7"": ""unknown"", ""8"": ""free"", ""9"": ""unknown""}","{""0"": ""free"", ""1"": ""free"", ""2"": ""free"", ""3"": ""unknown""}",[],"[1, 2, 8, 11]","[0, 3, 4, 5, 6, 7, 9, 10, 12, 13, 14, 15]",False,ambiguity,False,uf_axiom,
3bit_weak_late__ARK_17__ARK_2__MC_16,ARK_17,ARK_2,MC_16,,weak_same_column,weak_same_column_hard_case,1,64,2,differential,sat,unsat,0.0032081976532936096,290.37431233748794,99107579bc3c2c3b0d7a8a6fd1573606,99107579bc3c2c3b0d7a8a6fd1573606,,True,sat,False,False,False,,"{""0"": ""fixed"", ""1"": ""fixed"", ""10"": ""fixed"", ""11"": ""fixed"", ""12"": ""fixed"", ""13"": ""fixed"", ""14"": ""fixed"", ""15"": ""fixed"", ""2"": ""fixed"", ""3"": ""fixed"", ""4"": ""fixed"", ""5"": ""fixed"", ""6"": ""fixed"", ""7"": ""fixed"", ""8"": ""fixed"", ""9"": ""fixed""}","{""0"": ""fixed"", ""1"": ""fixed"", ""2"": ""fixed"", ""3"": ""fixed""}","[0, 1, 2, 3, 4, 5, 6, 7, 8, 9, 10, 11, 12, 13, 14, 15]",[],[],False,full_key_unique,True,uf_axiom,
3bit_weak_late__ARK_10__ARK_24__MC_21,ARK_10,ARK_24,MC_21,,weak_same_column,weak_same_column_hard_case,1,64,2,differential,sat,unsat,0.004216734319925308,163.85429814830422,99107579bc3c2c3b0d7a8a6fd1573606,99107579bc3c2c3b0d7a8a6fd1573606,,True,sat,False,False,False,,"{""0"": ""fixed"", ""1"": ""fixed"", ""10"": ""fixed"", ""11"": ""fixed"", ""12"": ""fixed"", ""13"": ""fixed"", ""14"": ""fixed"", ""15"": ""fixed"", ""2"": ""fixed"", ""3"": ""fixed"", ""4"": ""fixed"", ""5"": ""fixed"", ""6"": ""fixed"", ""7"": ""fixed"", ""8"": ""fixed"", ""9"": ""fixed""}","{""0"": ""fixed"", ""1"": ""fixed"", ""2"": ""fixed"", ""3"": ""fixed""}","[0, 1, 2, 3, 4, 5, 6, 7, 8, 9, 10, 11, 12, 13, 14, 15]",[],[],False,full_key_unique,True,uf_axiom,
3bit_weak_late__ARK_26__ARK_31__MC_2,ARK_26,ARK_31,MC_2,,weak_same_column,weak_same_column_hard_case,2,96,2,differential,sat,unsat,0.00508095882833004,226.899450160563,a66f651322597191ab9f8f8af4c2db61,a66f651322597191ab9f8f8af4c2db61,,True,sat,False,False,False,,"{""0"": ""fixed"", ""1"": ""fixed"", ""10"": ""fixed"", ""11"": ""fixed"", ""12"": ""fixed"", ""13"": ""fixed"", ""14"": ""fixed"", ""15"": ""fixed"", ""2"": ""fixed"", ""3"": ""fixed"", ""4"": ""fixed"", ""5"": ""fixed"", ""6"": ""fixed"", ""7"": ""fixed"", ""8"": ""fixed"", ""9"": ""fixed""}","{""0"": ""fixed"", ""1"": ""fixed"", ""2"": ""fixed"", ""3"": ""fixed""}","[0, 1, 2, 3, 4, 5, 6, 7, 8, 9, 10, 11, 12, 13, 14, 15]",[],[],False,full_key_unique,True,uf_axiom,
3bit_early__SB_115__SB_126__SB_61,SB_115,SB_126,SB_61,,early_only,early_only_hard_case,1,192,2,differential,sat,sat,0.005790283903479576,95.75296570174396,00107579bc002c3b007a8a6fd1003606,00107579bc002c3b007a8a6fd1003606,00100a79bc002c3b007af56fd1003606,False,sat,False,False,False,,"{""0"": ""free"", ""1"": ""unknown"", ""10"": ""free"", ""11"": ""unknown"", ""12"": ""unknown"", ""13"": ""unknown"", ""14"": ""unknown"", ""15"": ""unknown"", ""2"": ""free"", ""3"": ""unknown"", ""4"": ""unknown"", ""5"": ""unknown"", ""6"": ""unknown"", ""7"": ""unknown"", ""8"": ""unknown"", ""9"": ""unknown""}","{""0"": ""free"", ""1"": ""free"", ""2"": ""free"", ""3"": ""free""}",[],"[0, 2, 10]","[1, 3, 4, 5, 6, 7, 8, 9, 11, 12, 13, 14, 15]",False,ambiguity,False,uf_axiom,
3bit_early__SB_27__SR_111__SR_82,SB_27,SR_111,SR_82,,early_only,early_only_hard_case,0,128,2,differential,sat,sat,0.003156505525112152,243.82057627476752,edf43a9a00e400000000ec008b000cf6,edf43a9a00e400000000ec008b000cf6,ed153a9a00e400000008ec008b00cbf6,False,sat,False,False,False,,"{""0"": ""unknown"", ""1"": ""free"", ""10"": ""unknown"", ""11"": ""unknown"", ""12"": ""unknown"", ""13"": ""unknown"", ""14"": ""free"", ""15"": ""unknown"", ""2"": ""unknown"", ""3"": ""unknown"", ""4"": ""unknown"", ""5"": ""unknown"", ""6"": ""unknown"", ""7"": ""unknown"", ""8"": ""unknown"", ""9"": ""free""}","{""0"": ""free"", ""1"": ""free"", ""2"": ""free"", ""3"": ""free""}",[],"[1, 9, 14]","[0, 2, 3, 4, 5, 6, 7, 8, 10, 11, 12, 13, 15]",False,ambiguity,False,uf_axiom,
3bit_early__SR_6__SR_76__SR_91,SR_6,SR_76,SR_91,,early_only,early_only_hard_case,1,255,2,differential,sat,sat,0.013636801391839981,438.0351340658963,99100079bc3c2c3b007a8a6fd1573606,99100079bc3c2c3b007a8a6fd1573606,99100079bc3c2c3b047a8a6fd1573606,False,sat,False,False,False,,"{""0"": ""unknown"", ""1"": ""unknown"", ""10"": ""unknown"", ""11"": ""unknown"", ""12"": ""unknown"", ""13"": ""unknown"", ""14"": ""unknown"", ""15"": ""unknown"", ""2"": ""unknown"", ""3"": ""unknown"", ""4"": ""unknown"", ""5"": ""unknown"", ""6"": ""unknown"", ""7"": ""unknown"", ""8"": ""free"", ""9"": ""unknown""}","{""0"": ""free"", ""1"": ""unknown"", ""2"": ""free"", ""3"": ""unknown""}",[],[8],"[0, 1, 2, 3, 4, 5, 6, 7, 9, 10, 11, 12, 13, 14, 15]",False,ambiguity,False,uf_axiom,
3bit_early__SB_10__SB_32__SR_45,SB_10,SB_32,SR_45,,early_only,early_only_hard_case,1,192,2,differential,sat,sat,0.00904919020831585,342.7467193827033,99107579bc3c003b0d7a8a0000573606,99107579bc3c003b0d7a8a0000573606,99107579bc3c003b0d7a8a0020573606,False,sat,False,False,False,,"{""0"": ""unknown"", ""1"": ""unknown"", ""10"": ""unknown"", ""11"": ""unknown"", ""12"": ""free"", ""13"": ""unknown"", ""14"": ""unknown"", ""15"": ""unknown"", ""2"": ""unknown"", ""3"": ""unknown"", ""4"": ""unknown"", ""5"": ""unknown"", ""6"": ""unknown"", ""7"": ""unknown"", ""8"": ""unknown"", ""9"": ""unknown""}","{""0"": ""unknown"", ""1"": ""unknown"", ""2"": ""unknown"", ""3"": ""free""}",[],[12],"[0, 1, 2, 3, 4, 5, 6, 7, 8, 9, 10, 11, 13, 14, 15]",False,ambiguity,False,uf_axiom,
3bit_early__SB_10__SB_32__SR_45,SB_10,SB_32,SR_45,,early_only,early_only_hard_case,0,192,2,differential,sat,sat,0.005950406193733215,307.96668023988605,edf43a9a19e400f3bf1eec0000d00cf6,edf43a9a19e400f3bf1eec0000d00cf6,edf43a9a19e408f3bf1eec0000d00cf6,False,sat,False,False,False,,"{""0"": ""unknown"", ""1"": ""unknown"", ""10"": ""unknown"", ""11"": ""unknown"", ""12"": ""unknown"", ""13"": ""unknown"", ""14"": ""unknown"", ""15"": ""unknown"", ""2"": ""unknown"", ""3"": ""unknown"", ""4"": ""unknown"", ""5"": ""unknown"", ""6"": ""free"", ""7"": ""unknown"", ""8"": ""unknown"", ""9"": ""unknown""}","{""0"": ""unknown"", ""1"": ""free"", ""2"": ""unknown"", ""3"": ""unknown""}",[],[6],"[0, 1, 2, 3, 4, 5, 7, 8, 9, 10, 11, 12, 13, 14, 15]",False,ambiguity,False,uf_axiom,
3bit_weak_late__ARK_3__MC_13__MC_9,ARK_3,MC_13,MC_9,,weak_same_column,weak_same_column_hard_case,1,64,2,differential,sat,unsat,0.005835236981511116,179.81419582664967,99107579bc3c2c3b0d7a8a6fd1573606,99107579bc3c2c3b0d7a8a6fd1573606,,True,sat,False,False,False,,"{""0"": ""fixed"", ""1"": ""fixed"", ""10"": ""fixed"", ""11"": ""fixed"", ""12"": ""fixed"", ""13"": ""fixed"", ""14"": ""fixed"", ""15"": ""fixed"", ""2"": ""fixed"", ""3"": ""fixed"", ""4"": ""fixed"", ""5"": ""fixed"", ""6"": ""fixed"", ""7"": ""fixed"", ""8"": ""fixed"", ""9"": ""fixed""}","{""0"": ""fixed"", ""1"": ""fixed"", ""2"": ""fixed"", ""3"": ""fixed""}","[0, 1, 2, 3, 4, 5, 6, 7, 8, 9, 10, 11, 12, 13, 14, 15]",[],[],False,full_key_unique,True,uf_axiom,
3bit_early__SB_108__SR_7__SR_88,SB_108,SR_7,SR_88,,early_only,early_only_hard_case,2,192,2,differential,sat,sat,0.00746552087366581,521.9000526145101,a66f001322597191009f8f8af4c2db61,a66f001322597191009f8f8af4c2db61,a66f801322597191009f8f8af4c2db61,False,sat,False,False,False,,"{""0"": ""unknown"", ""1"": ""unknown"", ""10"": ""unknown"", ""11"": ""unknown"", ""12"": ""unknown"", ""13"": ""unknown"", ""14"": ""unknown"", ""15"": ""unknown"", ""2"": ""free"", ""3"": ""unknown"", ""4"": ""unknown"", ""5"": ""unknown"", ""6"": ""unknown"", ""7"": ""unknown"", ""8"": ""unknown"", ""9"": ""unknown""}","{""0"": ""free"", ""1"": ""unknown"", ""2"": ""unknown"", ""3"": ""unknown""}",[],[2],"[0, 1, 3, 4, 5, 6, 7, 8, 9, 10, 11, 12, 13, 14, 15]",False,ambiguity,False,uf_axiom,
3bit_weak_late__ARK_26__MC_12__MC_7,ARK_26,MC_12,MC_7,,weak_same_column,weak_same_column_hard_case,1,64,2,differential,sat,unsat,0.005215823650360107,132.96920972503722,99107579bc3c2c3b0d7a8a6fd1573606,99107579bc3c2c3b0d7a8a6fd1573606,,True,sat,False,False,False,,"{""0"": ""fixed"", ""1"": ""fixed"", ""10"": ""fixed"", ""11"": ""fixed"", ""12"": ""fixed"", ""13"": ""fixed"", ""14"": ""fixed"", ""15"": ""fixed"", ""2"": ""fixed"", ""3"": ""fixed"", ""4"": ""fixed"", ""5"": ""fixed"", ""6"": ""fixed"", ""7"": ""fixed"", ""8"": ""fixed"", ""9"": ""fixed""}","{""0"": ""fixed"", ""1"": ""fixed"", ""2"": ""fixed"", ""3"": ""fixed""}","[0, 1, 2, 3, 4, 5, 6, 7, 8, 9, 10, 11, 12, 13, 14, 15]",[],[],False,full_key_unique,True,uf_axiom,
3bit_weak_late__ARK_8__MC_10__MC_16,ARK_8,MC_10,MC_16,,weak_same_column,weak_same_column_hard_case,2,64,2,differential,sat,unsat,0.005328705534338951,111.66795991919935,a66f651322597191ab9f8f8af4c2db61,a66f651322597191ab9f8f8af4c2db61,,True,sat,False,False,False,,"{""0"": ""fixed"", ""1"": ""fixed"", ""10"": ""fixed"", ""11"": ""fixed"", ""12"": ""fixed"", ""13"": ""fixed"", ""14"": ""fixed"", ""15"": ""fixed"", ""2"": ""fixed"", ""3"": ""fixed"", ""4"": ""fixed"", ""5"": ""fixed"", ""6"": ""fixed"", ""7"": ""fixed"", ""8"": ""fixed"", ""9"": ""fixed""}","{""0"": ""fixed"", ""1"": ""fixed"", ""2"": ""fixed"", ""3"": ""fixed""}","[0, 1, 2, 3, 4, 5, 6, 7, 8, 9, 10, 11, 12, 13, 14, 15]",[],[],False,full_key_unique,True,uf_axiom,
3bit_weak_late__ARK_15__ARK_27__MC_12,ARK_15,ARK_27,MC_12,,weak_same_column,weak_same_column_hard_case,2,96,2,differential,sat,unsat,0.005200836807489395,243.46337350457907,a66f651322597191ab9f8f8af4c2db61,a66f651322597191ab9f8f8af4c2db61,,True,sat,False,False,False,,"{""0"": ""fixed"", ""1"": ""fixed"", ""10"": ""fixed"", ""11"": ""fixed"", ""12"": ""fixed"", ""13"": ""fixed"", ""14"": ""fixed"", ""15"": ""fixed"", ""2"": ""fixed"", ""3"": ""fixed"", ""4"": ""fixed"", ""5"": ""fixed"", ""6"": ""fixed"", ""7"": ""fixed"", ""8"": ""fixed"", ""9"": ""fixed""}","{""0"": ""fixed"", ""1"": ""fixed"", ""2"": ""fixed"", ""3"": ""fixed""}","[0, 1, 2, 3, 4, 5, 6, 7, 8, 9, 10, 11, 12, 13, 14, 15]",[],[],False,full_key_unique,True,uf_axiom,
3bit_early__SB_115__SB_126__SB_61,SB_115,SB_126,SB_61,,early_only,early_only_hard_case,0,192,2,differential,sat,sat,0.005755092948675156,186.65737454034388,00f43a9a1900a3f3001eec668b000cf6,00f43a9a1900a3f3001eec668b000cf6,00f4809a1902a3f3001e56668b000cf6,False,sat,False,False,False,,"{""0"": ""free"", ""1"": ""unknown"", ""10"": ""free"", ""11"": ""unknown"", ""12"": ""unknown"", ""13"": ""unknown"", ""14"": ""unknown"", ""15"": ""unknown"", ""2"": ""free"", ""3"": ""unknown"", ""4"": ""unknown"", ""5"": ""free"", ""6"": ""unknown"", ""7"": ""unknown"", ""8"": ""unknown"", ""9"": ""unknown""}","{""0"": ""free"", ""1"": ""free"", ""2"": ""free"", ""3"": ""free""}",[],"[0, 2, 5, 10]","[1, 3, 4, 6, 7, 8, 9, 11, 12, 13, 14, 15]",False,ambiguity,False,uf_axiom,
3bit_weak_late__ARK_26__MC_12__MC_7,ARK_26,MC_12,MC_7,,weak_same_column,weak_same_column_hard_case,2,64,2,differential,sat,unsat,0.0030666179955005646,195.0911865774542,a66f651322597191ab9f8f8af4c2db61,a66f651322597191ab9f8f8af4c2db61,,True,sat,False,False,False,,"{""0"": ""fixed"", ""1"": ""fixed"", ""10"": ""fixed"", ""11"": ""fixed"", ""12"": ""fixed"", ""13"": ""fixed"", ""14"": ""fixed"", ""15"": ""fixed"", ""2"": ""fixed"", ""3"": ""fixed"", ""4"": ""fixed"", ""5"": ""fixed"", ""6"": ""fixed"", ""7"": ""fixed"", ""8"": ""fixed"", ""9"": ""fixed""}","{""0"": ""fixed"", ""1"": ""fixed"", ""2"": ""fixed"", ""3"": ""fixed""}","[0, 1, 2, 3, 4, 5, 6, 7, 8, 9, 10, 11, 12, 13, 14, 15]",[],[],False,full_key_unique,True,uf_axiom,
3bit_weak_late__ARK_3__MC_13__MC_9,ARK_3,MC_13,MC_9,,weak_same_column,weak_same_column_hard_case,0,64,2,differential,sat,unsat,0.005367461591959,165.80989233590662,edf43a9a19e4a3f3bf1eec668bd00cf6,edf43a9a19e4a3f3bf1eec668bd00cf6,,True,sat,False,False,False,,"{""0"": ""fixed"", ""1"": ""fixed"", ""10"": ""fixed"", ""11"": ""fixed"", ""12"": ""fixed"", ""13"": ""fixed"", ""14"": ""fixed"", ""15"": ""fixed"", ""2"": ""fixed"", ""3"": ""fixed"", ""4"": ""fixed"", ""5"": ""fixed"", ""6"": ""fixed"", ""7"": ""fixed"", ""8"": ""fixed"", ""9"": ""fixed""}","{""0"": ""fixed"", ""1"": ""fixed"", ""2"": ""fixed"", ""3"": ""fixed""}","[0, 1, 2, 3, 4, 5, 6, 7, 8, 9, 10, 11, 12, 13, 14, 15]",[],[],False,full_key_unique,True,uf_axiom,
3bit_weak_late__MC_13__MC_22__MC_7,MC_13,MC_22,MC_7,,weak_same_column,weak_same_column_hard_case,1,96,2,differential,sat,unsat,0.004656843841075897,143.0672110915184,99107579bc3c2c3b0d7a8a6fd1573606,99107579bc3c2c3b0d7a8a6fd1573606,,True,sat,False,False,False,,"{""0"": ""fixed"", ""1"": ""fixed"", ""10"": ""fixed"", ""11"": ""fixed"", ""12"": ""fixed"", ""13"": ""fixed"", ""14"": ""fixed"", ""15"": ""fixed"", ""2"": ""fixed"", ""3"": ""fixed"", ""4"": ""fixed"", ""5"": ""fixed"", ""6"": ""fixed"", ""7"": ""fixed"", ""8"": ""fixed"", ""9"": ""fixed""}","{""0"": ""fixed"", ""1"": ""fixed"", ""2"": ""fixed"", ""3"": ""fixed""}","[0, 1, 2, 3, 4, 5, 6, 7, 8, 9, 10, 11, 12, 13, 14, 15]",[],[],False,full_key_unique,True,uf_axiom,
3bit_weak_late__ARK_16__MC_15__MC_19,ARK_16,MC_15,MC_19,,weak_same_column,weak_same_column_hard_case,2,96,2,differential,sat,unsat,0.007569300010800362,175.90902435965836,a66f651322597191ab9f8f8af4c2db61,a66f651322597191ab9f8f8af4c2db61,,True,sat,False,False,False,,"{""0"": ""fixed"", ""1"": ""fixed"", ""10"": ""fixed"", ""11"": ""fixed"", ""12"": ""fixed"", ""13"": ""fixed"", ""14"": ""fixed"", ""15"": ""fixed"", ""2"": ""fixed"", ""3"": ""fixed"", ""4"": ""fixed"", ""5"": ""fixed"", ""6"": ""fixed"", ""7"": ""fixed"", ""8"": ""fixed"", ""9"": ""fixed""}","{""0"": ""fixed"", ""1"": ""fixed"", ""2"": ""fixed"", ""3"": ""fixed""}","[0, 1, 2, 3, 4, 5, 6, 7, 8, 9, 10, 11, 12, 13, 14, 15]",[],[],False,full_key_unique,True,uf_axiom,
3bit_weak_late__ARK_31__MC_12__MC_20,ARK_31,MC_12,MC_20,,weak_same_column,weak_same_column_hard_case,2,96,2,differential,sat,unsat,0.0057123154401779175,146.90880831331015,a66f651322597191ab9f8f8af4c2db61,a66f651322597191ab9f8f8af4c2db61,,True,sat,False,False,False,,"{""0"": ""fixed"", ""1"": ""fixed"", ""10"": ""fixed"", ""11"": ""fixed"", ""12"": ""fixed"", ""13"": ""fixed"", ""14"": ""fixed"", ""15"": ""fixed"", ""2"": ""fixed"", ""3"": ""fixed"", ""4"": ""fixed"", ""5"": ""fixed"", ""6"": ""fixed"", ""7"": ""fixed"", ""8"": ""fixed"", ""9"": ""fixed""}","{""0"": ""fixed"", ""1"": ""fixed"", ""2"": ""fixed"", ""3"": ""fixed""}","[0, 1, 2, 3, 4, 5, 6, 7, 8, 9, 10, 11, 12, 13, 14, 15]",[],[],False,full_key_unique,True,uf_axiom,
3bit_weak_late__ARK_16__MC_23__MC_8,ARK_16,MC_23,MC_8,,weak_same_column,weak_same_column_hard_case,0,96,2,differential,sat,unsat,0.004498777911067009,180.0314930807799,edf43a9a19e4a3f3bf1eec668bd00cf6,edf43a9a19e4a3f3bf1eec668bd00cf6,,True,sat,False,False,False,,"{""0"": ""fixed"", ""1"": ""fixed"", ""10"": ""fixed"", ""11"": ""fixed"", ""12"": ""fixed"", ""13"": ""fixed"", ""14"": ""fixed"", ""15"": ""fixed"", ""2"": ""fixed"", ""3"": ""fixed"", ""4"": ""fixed"", ""5"": ""fixed"", ""6"": ""fixed"", ""7"": ""fixed"", ""8"": ""fixed"", ""9"": ""fixed""}","{""0"": ""fixed"", ""1"": ""fixed"", ""2"": ""fixed"", ""3"": ""fixed""}","[0, 1, 2, 3, 4, 5, 6, 7, 8, 9, 10, 11, 12, 13, 14, 15]",[],[],False,full_key_unique,True,uf_axiom,
3bit_weak_late__ARK_4__MC_18__MC_4,ARK_4,MC_18,MC_4,,weak_same_column,weak_same_column_hard_case,1,128,2,differential,sat,unsat,0.010629385709762573,109.2269804738462,99107579bc3c2c3b0d7a8a6fd1573606,99107579bc3c2c3b0d7a8a6fd1573606,,True,sat,False,False,False,,"{""0"": ""fixed"", ""1"": ""fixed"", ""10"": ""fixed"", ""11"": ""fixed"", ""12"": ""fixed"", ""13"": ""fixed"", ""14"": ""fixed"", ""15"": ""fixed"", ""2"": ""fixed"", ""3"": ""fixed"", ""4"": ""fixed"", ""5"": ""fixed"", ""6"": ""fixed"", ""7"": ""fixed"", ""8"": ""fixed"", ""9"": ""fixed""}","{""0"": ""fixed"", ""1"": ""fixed"", ""2"": ""fixed"", ""3"": ""fixed""}","[0, 1, 2, 3, 4, 5, 6, 7, 8, 9, 10, 11, 12, 13, 14, 15]",[],[],False,full_key_unique,True,uf_axiom,
3bit_weak_late__ARK_23__ARK_28__MC_5,ARK_23,ARK_28,MC_5,,weak_same_column,weak_same_column_hard_case,1,64,2,differential,sat,unsat,0.0029337089508771896,96.92174072563648,99107579bc3c2c3b0d7a8a6fd1573606,99107579bc3c2c3b0d7a8a6fd1573606,,True,sat,False,False,False,,"{""0"": ""fixed"", ""1"": ""fixed"", ""10"": ""fixed"", ""11"": ""fixed"", ""12"": ""fixed"", ""13"": ""fixed"", ""14"": ""fixed"", ""15"": ""fixed"", ""2"": ""fixed"", ""3"": ""fixed"", ""4"": ""fixed"", ""5"": ""fixed"", ""6"": ""fixed"", ""7"": ""fixed"", ""8"": ""fixed"", ""9"": ""fixed""}","{""0"": ""fixed"", ""1"": ""fixed"", ""2"": ""fixed"", ""3"": ""fixed""}","[0, 1, 2, 3, 4, 5, 6, 7, 8, 9, 10, 11, 12, 13, 14, 15]",[],[],False,full_key_unique,True,uf_axiom,
3bit_weak_late__ARK_8__MC_10__MC_16,ARK_8,MC_10,MC_16,,weak_same_column,weak_same_column_hard_case,0,64,2,differential,sat,unsat,0.0029043033719062805,112.50498150289059,edf43a9a19e4a3f3bf1eec668bd00cf6,edf43a9a19e4a3f3bf1eec668bd00cf6,,True,sat,False,False,False,,"{""0"": ""fixed"", ""1"": ""fixed"", ""10"": ""fixed"", ""11"": ""fixed"", ""12"": ""fixed"", ""13"": ""fixed"", ""14"": ""fixed"", ""15"": ""fixed"", ""2"": ""fixed"", ""3"": ""fixed"", ""4"": ""fixed"", ""5"": ""fixed"", ""6"": ""fixed"", ""7"": ""fixed"", ""8"": ""fixed"", ""9"": ""fixed""}","{""0"": ""fixed"", ""1"": ""fixed"", ""2"": ""fixed"", ""3"": ""fixed""}","[0, 1, 2, 3, 4, 5, 6, 7, 8, 9, 10, 11, 12, 13, 14, 15]",[],[],False,full_key_unique,True,uf_axiom,
3bit_weak_late__ARK_13__ARK_21__MC_10,ARK_13,ARK_21,MC_10,,weak_same_column,weak_same_column_hard_case,1,64,2,differential,sat,unsat,0.003026595339179039,49.73736200667918,99107579bc3c2c3b0d7a8a6fd1573606,99107579bc3c2c3b0d7a8a6fd1573606,,True,sat,False,False,False,,"{""0"": ""fixed"", ""1"": ""fixed"", ""10"": ""fixed"", ""11"": ""fixed"", ""12"": ""fixed"", ""13"": ""fixed"", ""14"": ""fixed"", ""15"": ""fixed"", ""2"": ""fixed"", ""3"": ""fixed"", ""4"": ""fixed"", ""5"": ""fixed"", ""6"": ""fixed"", ""7"": ""fixed"", ""8"": ""fixed"", ""9"": ""fixed""}","{""0"": ""fixed"", ""1"": ""fixed"", ""2"": ""fixed"", ""3"": ""fixed""}","[0, 1, 2, 3, 4, 5, 6, 7, 8, 9, 10, 11, 12, 13, 14, 15]",[],[],False,full_key_unique,True,uf_axiom,
3bit_weak_late__ARK_10__ARK_24__MC_21,ARK_10,ARK_24,MC_21,,weak_same_column,weak_same_column_hard_case,0,64,2,differential,sat,unsat,0.003174707293510437,203.55250197090209,edf43a9a19e4a3f3bf1eec668bd00cf6,edf43a9a19e4a3f3bf1eec668bd00cf6,,True,sat,False,False,False,,"{""0"": ""fixed"", ""1"": ""fixed"", ""10"": ""fixed"", ""11"": ""fixed"", ""12"": ""fixed"", ""13"": ""fixed"", ""14"": ""fixed"", ""15"": ""fixed"", ""2"": ""fixed"", ""3"": ""fixed"", ""4"": ""fixed"", ""5"": ""fixed"", ""6"": ""fixed"", ""7"": ""fixed"", ""8"": ""fixed"", ""9"": ""fixed""}","{""0"": ""fixed"", ""1"": ""fixed"", ""2"": ""fixed"", ""3"": ""fixed""}","[0, 1, 2, 3, 4, 5, 6, 7, 8, 9, 10, 11, 12, 13, 14, 15]",[],[],False,full_key_unique,True,uf_axiom,
3bit_weak_late__MC_13__MC_22__MC_7,MC_13,MC_22,MC_7,,weak_same_column,weak_same_column_hard_case,0,96,2,differential,sat,unsat,0.005416877567768097,157.2551612202078,edf43a9a19e4a3f3bf1eec668bd00cf6,edf43a9a19e4a3f3bf1eec668bd00cf6,,True,sat,False,False,False,,"{""0"": ""fixed"", ""1"": ""fixed"", ""10"": ""fixed"", ""11"": ""fixed"", ""12"": ""fixed"", ""13"": ""fixed"", ""14"": ""fixed"", ""15"": ""fixed"", ""2"": ""fixed"", ""3"": ""fixed"", ""4"": ""fixed"", ""5"": ""fixed"", ""6"": ""fixed"", ""7"": ""fixed"", ""8"": ""fixed"", ""9"": ""fixed""}","{""0"": ""fixed"", ""1"": ""fixed"", ""2"": ""fixed"", ""3"": ""fixed""}","[0, 1, 2, 3, 4, 5, 6, 7, 8, 9, 10, 11, 12, 13, 14, 15]",[],[],False,full_key_unique,True,uf_axiom,
3bit_weak_late__ARK_8__MC_10__MC_16,ARK_8,MC_10,MC_16,,weak_same_column,weak_same_column_hard_case,1,64,2,differential,sat,unsat,0.0034106355160474777,147.6693697515875,99107579bc3c2c3b0d7a8a6fd1573606,99107579bc3c2c3b0d7a8a6fd1573606,,True,sat,False,False,False,,"{""0"": ""fixed"", ""1"": ""fixed"", ""10"": ""fixed"", ""11"": ""fixed"", ""12"": ""fixed"", ""13"": ""fixed"", ""14"": ""fixed"", ""15"": ""fixed"", ""2"": ""fixed"", ""3"": ""fixed"", ""4"": ""fixed"", ""5"": ""fixed"", ""6"": ""fixed"", ""7"": ""fixed"", ""8"": ""fixed"", ""9"": ""fixed""}","{""0"": ""fixed"", ""1"": ""fixed"", ""2"": ""fixed"", ""3"": ""fixed""}","[0, 1, 2, 3, 4, 5, 6, 7, 8, 9, 10, 11, 12, 13, 14, 15]",[],[],False,full_key_unique,True,uf_axiom,
3bit_weak_late__MC_23__MC_6__MC_7,MC_23,MC_6,MC_7,,weak_same_column,weak_same_column_hard_case,2,96,2,differential,sat,unsat,0.007320379838347435,132.04607571288943,a66f651322597191ab9f8f8af4c2db61,a66f651322597191ab9f8f8af4c2db61,,True,sat,False,False,False,,"{""0"": ""fixed"", ""1"": ""fixed"", ""10"": ""fixed"", ""11"": ""fixed"", ""12"": ""fixed"", ""13"": ""fixed"", ""14"": ""fixed"", ""15"": ""fixed"", ""2"": ""fixed"", ""3"": ""fixed"", ""4"": ""fixed"", ""5"": ""fixed"", ""6"": ""fixed"", ""7"": ""fixed"", ""8"": ""fixed"", ""9"": ""fixed""}","{""0"": ""fixed"", ""1"": ""fixed"", ""2"": ""fixed"", ""3"": ""fixed""}","[0, 1, 2, 3, 4, 5, 6, 7, 8, 9, 10, 11, 12, 13, 14, 15]",[],[],False,full_key_unique,True,uf_axiom,
3bit_weak_late__ARK_15__ARK_2__MC_6,ARK_15,ARK_2,MC_6,,weak_same_column,weak_same_column_hard_case,0,64,2,differential,sat,unsat,0.0030567459762096405,168.20406587980688,edf43a9a19e4a3f3bf1eec668bd00cf6,edf43a9a19e4a3f3bf1eec668bd00cf6,,True,sat,False,False,False,,"{""0"": ""fixed"", ""1"": ""fixed"", ""10"": ""fixed"", ""11"": ""fixed"", ""12"": ""fixed"", ""13"": ""fixed"", ""14"": ""fixed"", ""15"": ""fixed"", ""2"": ""fixed"", ""3"": ""fixed"", ""4"": ""fixed"", ""5"": ""fixed"", ""6"": ""fixed"", ""7"": ""fixed"", ""8"": ""fixed"", ""9"": ""fixed""}","{""0"": ""fixed"", ""1"": ""fixed"", ""2"": ""fixed"", ""3"": ""fixed""}","[0, 1, 2, 3, 4, 5, 6, 7, 8, 9, 10, 11, 12, 13, 14, 15]",[],[],False,full_key_unique,True,uf_axiom,
3bit_weak_late__ARK_16__MC_23__MC_8,ARK_16,MC_23,MC_8,,weak_same_column,weak_same_column_hard_case,2,96,2,differential,sat,unsat,0.006600767374038696,263.5731236189604,a66f651322597191ab9f8f8af4c2db61,a66f651322597191ab9f8f8af4c2db61,,True,sat,False,False,False,,"{""0"": ""fixed"", ""1"": ""fixed"", ""10"": ""fixed"", ""11"": ""fixed"", ""12"": ""fixed"", ""13"": ""fixed"", ""14"": ""fixed"", ""15"": ""fixed"", ""2"": ""fixed"", ""3"": ""fixed"", ""4"": ""fixed"", ""5"": ""fixed"", ""6"": ""fixed"", ""7"": ""fixed"", ""8"": ""fixed"", ""9"": ""fixed""}","{""0"": ""fixed"", ""1"": ""fixed"", ""2"": ""fixed"", ""3"": ""fixed""}","[0, 1, 2, 3, 4, 5, 6, 7, 8, 9, 10, 11, 12, 13, 14, 15]",[],[],False,full_key_unique,True,uf_axiom,
3bit_weak_late__MC_14__MC_23__MC_9,MC_14,MC_23,MC_9,,weak_same_column,weak_same_column_hard_case,0,64,2,differential,sat,unsat,0.004945402964949608,106.52412039600313,edf43a9a19e4a3f3bf1eec668bd00cf6,edf43a9a19e4a3f3bf1eec668bd00cf6,,True,sat,False,False,False,,"{""0"": ""fixed"", ""1"": ""fixed"", ""10"": ""fixed"", ""11"": ""fixed"", ""12"": ""fixed"", ""13"": ""fixed"", ""14"": ""fixed"", ""15"": ""fixed"", ""2"": ""fixed"", ""3"": ""fixed"", ""4"": ""fixed"", ""5"": ""fixed"", ""6"": ""fixed"", ""7"": ""fixed"", ""8"": ""fixed"", ""9"": ""fixed""}","{""0"": ""fixed"", ""1"": ""fixed"", ""2"": ""fixed"", ""3"": ""fixed""}","[0, 1, 2, 3, 4, 5, 6, 7, 8, 9, 10, 11, 12, 13, 14, 15]",[],[],False,full_key_unique,True,uf_axiom,
3bit_weak_late__MC_11__MC_16__MC_19,MC_11,MC_16,MC_19,,weak_same_column,weak_same_column_hard_case,1,64,2,differential,sat,unsat,0.006195452064275742,77.0151222795248,99107579bc3c2c3b0d7a8a6fd1573606,99107579bc3c2c3b0d7a8a6fd1573606,,True,sat,False,False,False,,"{""0"": ""fixed"", ""1"": ""fixed"", ""10"": ""fixed"", ""11"": ""fixed"", ""12"": ""fixed"", ""13"": ""fixed"", ""14"": ""fixed"", ""15"": ""fixed"", ""2"": ""fixed"", ""3"": ""fixed"", ""4"": ""fixed"", ""5"": ""fixed"", ""6"": ""fixed"", ""7"": ""fixed"", ""8"": ""fixed"", ""9"": ""fixed""}","{""0"": ""fixed"", ""1"": ""fixed"", ""2"": ""fixed"", ""3"": ""fixed""}","[0, 1, 2, 3, 4, 5, 6, 7, 8, 9, 10, 11, 12, 13, 14, 15]",[],[],False,full_key_unique,True,uf_axiom,
3bit_weak_late__ARK_5__MC_21__MC_7,ARK_5,MC_21,MC_7,,weak_same_column,weak_same_column_hard_case,2,96,2,differential,sat,unsat,0.004484865814447403,231.56598689220846,a66f651322597191ab9f8f8af4c2db61,a66f651322597191ab9f8f8af4c2db61,,True,sat,False,False,False,,"{""0"": ""fixed"", ""1"": ""fixed"", ""10"": ""fixed"", ""11"": ""fixed"", ""12"": ""fixed"", ""13"": ""fixed"", ""14"": ""fixed"", ""15"": ""fixed"", ""2"": ""fixed"", ""3"": ""fixed"", ""4"": ""fixed"", ""5"": ""fixed"", ""6"": ""fixed"", ""7"": ""fixed"", ""8"": ""fixed"", ""9"": ""fixed""}","{""0"": ""fixed"", ""1"": ""fixed"", ""2"": ""fixed"", ""3"": ""fixed""}","[0, 1, 2, 3, 4, 5, 6, 7, 8, 9, 10, 11, 12, 13, 14, 15]",[],[],False,full_key_unique,True,uf_axiom,
3bit_weak_late__ARK_22__ARK_7__MC_13,ARK_22,ARK_7,MC_13,,weak_same_column,weak_same_column_hard_case,1,64,2,differential,sat,unsat,0.005436401814222336,112.4066640753299,99107579bc3c2c3b0d7a8a6fd1573606,99107579bc3c2c3b0d7a8a6fd1573606,,True,sat,False,False,False,,"{""0"": ""fixed"", ""1"": ""fixed"", ""10"": ""fixed"", ""11"": ""fixed"", ""12"": ""fixed"", ""13"": ""fixed"", ""14"": ""fixed"", ""15"": ""fixed"", ""2"": ""fixed"", ""3"": ""fixed"", ""4"": ""fixed"", ""5"": ""fixed"", ""6"": ""fixed"", ""7"": ""fixed"", ""8"": ""fixed"", ""9"": ""fixed""}","{""0"": ""fixed"", ""1"": ""fixed"", ""2"": ""fixed"", ""3"": ""fixed""}","[0, 1, 2, 3, 4, 5, 6, 7, 8, 9, 10, 11, 12, 13, 14, 15]",[],[],False,full_key_unique,True,uf_axiom,
3bit_weak_late__ARK_16__MC_23__MC_8,ARK_16,MC_23,MC_8,,weak_same_column,weak_same_column_hard_case,1,96,2,differential,sat,unsat,0.0044232700020074844,101.93650603108108,99107579bc3c2c3b0d7a8a6fd1573606,99107579bc3c2c3b0d7a8a6fd1573606,,True,sat,False,False,False,,"{""0"": ""fixed"", ""1"": ""fixed"", ""10"": ""fixed"", ""11"": ""fixed"", ""12"": ""fixed"", ""13"": ""fixed"", ""14"": ""fixed"", ""15"": ""fixed"", ""2"": ""fixed"", ""3"": ""fixed"", ""4"": ""fixed"", ""5"": ""fixed"", ""6"": ""fixed"", ""7"": ""fixed"", ""8"": ""fixed"", ""9"": ""fixed""}","{""0"": ""fixed"", ""1"": ""fixed"", ""2"": ""fixed"", ""3"": ""fixed""}","[0, 1, 2, 3, 4, 5, 6, 7, 8, 9, 10, 11, 12, 13, 14, 15]",[],[],False,full_key_unique,True,uf_axiom,
3bit_weak_late__ARK_23__ARK_28__MC_5,ARK_23,ARK_28,MC_5,,weak_same_column,weak_same_column_hard_case,0,64,2,differential,sat,unsat,0.002962496131658554,106.71362360194325,edf43a9a19e4a3f3bf1eec668bd00cf6,edf43a9a19e4a3f3bf1eec668bd00cf6,,True,sat,False,False,False,,"{""0"": ""fixed"", ""1"": ""fixed"", ""10"": ""fixed"", ""11"": ""fixed"", ""12"": ""fixed"", ""13"": ""fixed"", ""14"": ""fixed"", ""15"": ""fixed"", ""2"": ""fixed"", ""3"": ""fixed"", ""4"": ""fixed"", ""5"": ""fixed"", ""6"": ""fixed"", ""7"": ""fixed"", ""8"": ""fixed"", ""9"": ""fixed""}","{""0"": ""fixed"", ""1"": ""fixed"", ""2"": ""fixed"", ""3"": ""fixed""}","[0, 1, 2, 3, 4, 5, 6, 7, 8, 9, 10, 11, 12, 13, 14, 15]",[],[],False,full_key_unique,True,uf_axiom,
3bit_weak_late__ARK_15__ARK_2__MC_6,ARK_15,ARK_2,MC_6,,weak_same_column,weak_same_column_hard_case,1,64,2,differential,sat,unsat,0.0056413207203149796,275.8960748594254,99107579bc3c2c3b0d7a8a6fd1573606,99107579bc3c2c3b0d7a8a6fd1573606,,True,sat,False,False,False,,"{""0"": ""fixed"", ""1"": ""fixed"", ""10"": ""fixed"", ""11"": ""fixed"", ""12"": ""fixed"", ""13"": ""fixed"", ""14"": ""fixed"", ""15"": ""fixed"", ""2"": ""fixed"", ""3"": ""fixed"", ""4"": ""fixed"", ""5"": ""fixed"", ""6"": ""fixed"", ""7"": ""fixed"", ""8"": ""fixed"", ""9"": ""fixed""}","{""0"": ""fixed"", ""1"": ""fixed"", ""2"": ""fixed"", ""3"": ""fixed""}","[0, 1, 2, 3, 4, 5, 6, 7, 8, 9, 10, 11, 12, 13, 14, 15]",[],[],False,full_key_unique,True,uf_axiom,
3bit_weak_late__ARK_14__ARK_31__ARK_6,ARK_14,ARK_31,ARK_6,,weak_same_column,weak_same_column_hard_case,0,96,2,differential,sat,unsat,0.0048036035150289536,197.97299657203257,edf43a9a19e4a3f3bf1eec668bd00cf6,edf43a9a19e4a3f3bf1eec668bd00cf6,,True,sat,False,False,False,,"{""0"": ""fixed"", ""1"": ""fixed"", ""10"": ""fixed"", ""11"": ""fixed"", ""12"": ""fixed"", ""13"": ""fixed"", ""14"": ""fixed"", ""15"": ""fixed"", ""2"": ""fixed"", ""3"": ""fixed"", ""4"": ""fixed"", ""5"": ""fixed"", ""6"": ""fixed"", ""7"": ""fixed"", ""8"": ""fixed"", ""9"": ""fixed""}","{""0"": ""fixed"", ""1"": ""fixed"", ""2"": ""fixed"", ""3"": ""fixed""}","[0, 1, 2, 3, 4, 5, 6, 7, 8, 9, 10, 11, 12, 13, 14, 15]",[],[],False,full_key_unique,True,uf_axiom,
3bit_weak_late__ARK_24__MC_18__MC_4,ARK_24,MC_18,MC_4,,weak_same_column,weak_same_column_hard_case,1,64,2,differential,sat,unsat,0.0034061186015605927,152.63727639988065,99107579bc3c2c3b0d7a8a6fd1573606,99107579bc3c2c3b0d7a8a6fd1573606,,True,sat,False,False,False,,"{""0"": ""fixed"", ""1"": ""fixed"", ""10"": ""fixed"", ""11"": ""fixed"", ""12"": ""fixed"", ""13"": ""fixed"", ""14"": ""fixed"", ""15"": ""fixed"", ""2"": ""fixed"", ""3"": ""fixed"", ""4"": ""fixed"", ""5"": ""fixed"", ""6"": ""fixed"", ""7"": ""fixed"", ""8"": ""fixed"", ""9"": ""fixed""}","{""0"": ""fixed"", ""1"": ""fixed"", ""2"": ""fixed"", ""3"": ""fixed""}","[0, 1, 2, 3, 4, 5, 6, 7, 8, 9, 10, 11, 12, 13, 14, 15]",[],[],False,full_key_unique,True,uf_axiom,
3bit_early__SB_117__SB_30__SB_36,SB_117,SB_30,SB_36,,early_only,early_only_hard_case,1,192,2,differential,sat,sat,0.006580447778105736,331.43987569212914,99107579bc3c2c00007a8a6fd1573606,99107579bc3c2c00007a8a6fd1573606,99100d79bc3c5540007a8a6fd1573606,False,sat,False,False,False,,"{""0"": ""unknown"", ""1"": ""unknown"", ""10"": ""unknown"", ""11"": ""unknown"", ""12"": ""unknown"", ""13"": ""unknown"", ""14"": ""unknown"", ""15"": ""unknown"", ""2"": ""free"", ""3"": ""unknown"", ""4"": ""unknown"", ""5"": ""unknown"", ""6"": ""free"", ""7"": ""free"", ""8"": ""unknown"", ""9"": ""unknown""}","{""0"": ""free"", ""1"": ""free"", ""2"": ""unknown"", ""3"": ""unknown""}",[],"[2, 6, 7]","[0, 1, 3, 4, 5, 8, 9, 10, 11, 12, 13, 14, 15]",False,ambiguity,False,uf_axiom,
3bit_weak_late__MC_11__MC_16__MC_19,MC_11,MC_16,MC_19,,weak_same_column,weak_same_column_hard_case,0,64,2,differential,sat,unsat,0.0030738916248083115,72.75917074456811,edf43a9a19e4a3f3bf1eec668bd00cf6,edf43a9a19e4a3f3bf1eec668bd00cf6,,True,sat,False,False,False,,"{""0"": ""fixed"", ""1"": ""fixed"", ""10"": ""fixed"", ""11"": ""fixed"", ""12"": ""fixed"", ""13"": ""fixed"", ""14"": ""fixed"", ""15"": ""fixed"", ""2"": ""fixed"", ""3"": ""fixed"", ""4"": ""fixed"", ""5"": ""fixed"", ""6"": ""fixed"", ""7"": ""fixed"", ""8"": ""fixed"", ""9"": ""fixed""}","{""0"": ""fixed"", ""1"": ""fixed"", ""2"": ""fixed"", ""3"": ""fixed""}","[0, 1, 2, 3, 4, 5, 6, 7, 8, 9, 10, 11, 12, 13, 14, 15]",[],[],False,full_key_unique,True,uf_axiom,
3bit_early__SB_27__SR_111__SR_82,SB_27,SR_111,SR_82,,early_only,early_only_hard_case,2,192,2,differential,sat,sat,0.007471183314919472,44.65768033452332,a66f65130059000000008f00f400db61,a66f65130059000000008f00f400db61,a6c265130059000000008f00f4009b61,False,sat,False,False,False,,"{""0"": ""unknown"", ""1"": ""free"", ""10"": ""unknown"", ""11"": ""unknown"", ""12"": ""unknown"", ""13"": ""unknown"", ""14"": ""free"", ""15"": ""unknown"", ""2"": ""unknown"", ""3"": ""unknown"", ""4"": ""unknown"", ""5"": ""unknown"", ""6"": ""unknown"", ""7"": ""unknown"", ""8"": ""unknown"", ""9"": ""unknown""}","{""0"": ""free"", ""1"": ""free"", ""2"": ""free"", ""3"": ""free""}",[],"[1, 14]","[0, 2, 3, 4, 5, 6, 7, 8, 9, 10, 11, 12, 13, 15]",False,ambiguity,False,uf_axiom,
3bit_early__SB_10__SB_32__SR_45,SB_10,SB_32,SR_45,,early_only,early_only_hard_case,2,192,2,differential,sat,sat,0.0066736917942762375,521.7143597714603,a66f651322590091ab9f8f0000c2db61,a66f651322590091ab9f8f0000c2db61,a66f651322590091ab9f8f0080c2db61,False,sat,False,False,False,,"{""0"": ""unknown"", ""1"": ""unknown"", ""10"": ""unknown"", ""11"": ""unknown"", ""12"": ""free"", ""13"": ""unknown"", ""14"": ""unknown"", ""15"": ""unknown"", ""2"": ""unknown"", ""3"": ""unknown"", ""4"": ""unknown"", ""5"": ""unknown"", ""6"": ""unknown"", ""7"": ""unknown"", ""8"": ""unknown"", ""9"": ""unknown""}","{""0"": ""unknown"", ""1"": ""unknown"", ""2"": ""unknown"", ""3"": ""free""}",[],[12],"[0, 1, 2, 3, 4, 5, 6, 7, 8, 9, 10, 11, 13, 14, 15]",False,ambiguity,False,uf_axiom,
3bit_weak_late__ARK_24__MC_18__MC_4,ARK_24,MC_18,MC_4,,weak_same_column,weak_same_column_hard_case,0,64,2,differential,sat,unsat,0.005305532366037369,123.62699273228645,edf43a9a19e4a3f3bf1eec668bd00cf6,edf43a9a19e4a3f3bf1eec668bd00cf6,,True,sat,False,False,False,,"{""0"": ""fixed"", ""1"": ""fixed"", ""10"": ""fixed"", ""11"": ""fixed"", ""12"": ""fixed"", ""13"": ""fixed"", ""14"": ""fixed"", ""15"": ""fixed"", ""2"": ""fixed"", ""3"": ""fixed"", ""4"": ""fixed"", ""5"": ""fixed"", ""6"": ""fixed"", ""7"": ""fixed"", ""8"": ""fixed"", ""9"": ""fixed""}","{""0"": ""fixed"", ""1"": ""fixed"", ""2"": ""fixed"", ""3"": ""fixed""}","[0, 1, 2, 3, 4, 5, 6, 7, 8, 9, 10, 11, 12, 13, 14, 15]",[],[],False,full_key_unique,True,uf_axiom,
3bit_weak_late__ARK_13__ARK_21__MC_10,ARK_13,ARK_21,MC_10,,weak_same_column,weak_same_column_hard_case,0,64,2,differential,sat,unsat,0.0064772795885801315,139.15271494537592,edf43a9a19e4a3f3bf1eec668bd00cf6,edf43a9a19e4a3f3bf1eec668bd00cf6,,True,sat,False,False,False,,"{""0"": ""fixed"", ""1"": ""fixed"", ""10"": ""fixed"", ""11"": ""fixed"", ""12"": ""fixed"", ""13"": ""fixed"", ""14"": ""fixed"", ""15"": ""fixed"", ""2"": ""fixed"", ""3"": ""fixed"", ""4"": ""fixed"", ""5"": ""fixed"", ""6"": ""fixed"", ""7"": ""fixed"", ""8"": ""fixed"", ""9"": ""fixed""}","{""0"": ""fixed"", ""1"": ""fixed"", ""2"": ""fixed"", ""3"": ""fixed""}","[0, 1, 2, 3, 4, 5, 6, 7, 8, 9, 10, 11, 12, 13, 14, 15]",[],[],False,full_key_unique,True,uf_axiom,
3bit_weak_late__MC_0__MC_13__MC_15,MC_0,MC_13,MC_15,,weak_same_column,weak_same_column_hard_case,0,64,2,differential,sat,unsat,0.005450038239359856,81.40574997663498,edf43a9a19e4a3f3bf1eec668bd00cf6,edf43a9a19e4a3f3bf1eec668bd00cf6,,True,sat,False,False,False,,"{""0"": ""fixed"", ""1"": ""fixed"", ""10"": ""fixed"", ""11"": ""fixed"", ""12"": ""fixed"", ""13"": ""fixed"", ""14"": ""fixed"", ""15"": ""fixed"", ""2"": ""fixed"", ""3"": ""fixed"", ""4"": ""fixed"", ""5"": ""fixed"", ""6"": ""fixed"", ""7"": ""fixed"", ""8"": ""fixed"", ""9"": ""fixed""}","{""0"": ""fixed"", ""1"": ""fixed"", ""2"": ""fixed"", ""3"": ""fixed""}","[0, 1, 2, 3, 4, 5, 6, 7, 8, 9, 10, 11, 12, 13, 14, 15]",[],[],False,full_key_unique,True,uf_axiom,
3bit_weak_late__MC_11__MC_26__MC_4,MC_11,MC_26,MC_4,,weak_same_column,weak_same_column_hard_case,0,64,2,differential,sat,unsat,0.003365280106663704,49.56249248608947,edf43a9a19e4a3f3bf1eec668bd00cf6,edf43a9a19e4a3f3bf1eec668bd00cf6,,True,sat,False,False,False,,"{""0"": ""fixed"", ""1"": ""fixed"", ""10"": ""fixed"", ""11"": ""fixed"", ""12"": ""fixed"", ""13"": ""fixed"", ""14"": ""fixed"", ""15"": ""fixed"", ""2"": ""fixed"", ""3"": ""fixed"", ""4"": ""fixed"", ""5"": ""fixed"", ""6"": ""fixed"", ""7"": ""fixed"", ""8"": ""fixed"", ""9"": ""fixed""}","{""0"": ""fixed"", ""1"": ""fixed"", ""2"": ""fixed"", ""3"": ""fixed""}","[0, 1, 2, 3, 4, 5, 6, 7, 8, 9, 10, 11, 12, 13, 14, 15]",[],[],False,full_key_unique,True,uf_axiom,
3bit_weak_late__ARK_1__ARK_31__MC_15,ARK_1,ARK_31,MC_15,,weak_same_column,weak_same_column_hard_case,1,64,2,differential,sat,unsat,0.0031454842537641525,205.24017139151692,99107579bc3c2c3b0d7a8a6fd1573606,99107579bc3c2c3b0d7a8a6fd1573606,,True,sat,False,False,False,,"{""0"": ""fixed"", ""1"": ""fixed"", ""10"": ""fixed"", ""11"": ""fixed"", ""12"": ""fixed"", ""13"": ""fixed"", ""14"": ""fixed"", ""15"": ""fixed"", ""2"": ""fixed"", ""3"": ""fixed"", ""4"": ""fixed"", ""5"": ""fixed"", ""6"": ""fixed"", ""7"": ""fixed"", ""8"": ""fixed"", ""9"": ""fixed""}","{""0"": ""fixed"", ""1"": ""fixed"", ""2"": ""fixed"", ""3"": ""fixed""}","[0, 1, 2, 3, 4, 5, 6, 7, 8, 9, 10, 11, 12, 13, 14, 15]",[],[],False,full_key_unique,True,uf_axiom,
3bit_weak_late__MC_22__MC_24__MC_6,MC_22,MC_24,MC_6,,weak_same_column,weak_same_column_hard_case,1,64,2,differential,sat,unsat,0.0033229105174541473,148.87461086921394,99107579bc3c2c3b0d7a8a6fd1573606,99107579bc3c2c3b0d7a8a6fd1573606,,True,sat,False,False,False,,"{""0"": ""fixed"", ""1"": ""fixed"", ""10"": ""fixed"", ""11"": ""fixed"", ""12"": ""fixed"", ""13"": ""fixed"", ""14"": ""fixed"", ""15"": ""fixed"", ""2"": ""fixed"", ""3"": ""fixed"", ""4"": ""fixed"", ""5"": ""fixed"", ""6"": ""fixed"", ""7"": ""fixed"", ""8"": ""fixed"", ""9"": ""fixed""}","{""0"": ""fixed"", ""1"": ""fixed"", ""2"": ""fixed"", ""3"": ""fixed""}","[0, 1, 2, 3, 4, 5, 6, 7, 8, 9, 10, 11, 12, 13, 14, 15]",[],[],False,full_key_unique,True,uf_axiom,
3bit_early__SB_108__SR_7__SR_88,SB_108,SR_7,SR_88,,early_only,early_only_hard_case,0,255,2,differential,sat,sat,0.011624503880739212,265.74802957102656,edf4009a19e4a3f3001eec668bd00cf6,edf4009a19e4a3f3001eec668bd00cf6,edf4009a19e4a3f3101eec668bd00cf6,False,sat,False,False,False,,"{""0"": ""unknown"", ""1"": ""unknown"", ""10"": ""unknown"", ""11"": ""unknown"", ""12"": ""unknown"", ""13"": ""unknown"", ""14"": ""unknown"", ""15"": ""unknown"", ""2"": ""unknown"", ""3"": ""unknown"", ""4"": ""unknown"", ""5"": ""unknown"", ""6"": ""unknown"", ""7"": ""unknown"", ""8"": ""free"", ""9"": ""unknown""}","{""0"": ""free"", ""1"": ""unknown"", ""2"": ""free"", ""3"": ""unknown""}",[],[8],"[0, 1, 2, 3, 4, 5, 6, 7, 9, 10, 11, 12, 13, 14, 15]",False,ambiguity,False,uf_axiom,
3bit_weak_late__ARK_11__MC_16__MC_2,ARK_11,MC_16,MC_2,,weak_same_column,weak_same_column_hard_case,2,64,2,differential,sat,unsat,0.003024248406291008,100.5305668991059,a66f651322597191ab9f8f8af4c2db61,a66f651322597191ab9f8f8af4c2db61,,True,sat,False,False,False,,"{""0"": ""fixed"", ""1"": ""fixed"", ""10"": ""fixed"", ""11"": ""fixed"", ""12"": ""fixed"", ""13"": ""fixed"", ""14"": ""fixed"", ""15"": ""fixed"", ""2"": ""fixed"", ""3"": ""fixed"", ""4"": ""fixed"", ""5"": ""fixed"", ""6"": ""fixed"", ""7"": ""fixed"", ""8"": ""fixed"", ""9"": ""fixed""}","{""0"": ""fixed"", ""1"": ""fixed"", ""2"": ""fixed"", ""3"": ""fixed""}","[0, 1, 2, 3, 4, 5, 6, 7, 8, 9, 10, 11, 12, 13, 14, 15]",[],[],False,full_key_unique,True,uf_axiom,
3bit_weak_late__MC_23__MC_6__MC_7,MC_23,MC_6,MC_7,,weak_same_column,weak_same_column_hard_case,1,128,2,differential,sat,unsat,0.005818931385874748,113.49677078984678,99107579bc3c2c3b0d7a8a6fd1573606,99107579bc3c2c3b0d7a8a6fd1573606,,True,sat,False,False,False,,"{""0"": ""fixed"", ""1"": ""fixed"", ""10"": ""fixed"", ""11"": ""fixed"", ""12"": ""fixed"", ""13"": ""fixed"", ""14"": ""fixed"", ""15"": ""fixed"", ""2"": ""fixed"", ""3"": ""fixed"", ""4"": ""fixed"", ""5"": ""fixed"", ""6"": ""fixed"", ""7"": ""fixed"", ""8"": ""fixed"", ""9"": ""fixed""}","{""0"": ""fixed"", ""1"": ""fixed"", ""2"": ""fixed"", ""3"": ""fixed""}","[0, 1, 2, 3, 4, 5, 6, 7, 8, 9, 10, 11, 12, 13, 14, 15]",[],[],False,full_key_unique,True,uf_axiom,
3bit_early__SB_108__SR_7__SR_88,SB_108,SR_7,SR_88,,early_only,early_only_hard_case,1,255,2,differential,sat,sat,0.01238078624010086,305.1098451819271,99100079bc3c2c3b007a8a6fd1573606,99100079bc3c2c3b007a8a6fd1573606,99100079bc3c2c3b047a8a6fd1573606,False,sat,False,False,False,,"{""0"": ""unknown"", ""1"": ""unknown"", ""10"": ""unknown"", ""11"": ""unknown"", ""12"": ""unknown"", ""13"": ""unknown"", ""14"": ""unknown"", ""15"": ""unknown"", ""2"": ""unknown"", ""3"": ""unknown"", ""4"": ""unknown"", ""5"": ""unknown"", ""6"": ""unknown"", ""7"": ""unknown"", ""8"": ""free"", ""9"": ""unknown""}","{""0"": ""free"", ""1"": ""unknown"", ""2"": ""free"", ""3"": ""unknown""}",[],[8],"[0, 1, 2, 3, 4, 5, 6, 7, 9, 10, 11, 12, 13, 14, 15]",False,ambiguity,False,uf_axiom,
3bit_weak_late__ARK_10__ARK_24__MC_21,ARK_10,ARK_24,MC_21,,weak_same_column,weak_same_column_hard_case,2,96,2,differential,sat,unsat,0.004498165100812912,279.3762631304562,a66f651322597191ab9f8f8af4c2db61,a66f651322597191ab9f8f8af4c2db61,,True,sat,False,False,False,,"{""0"": ""fixed"", ""1"": ""fixed"", ""10"": ""fixed"", ""11"": ""fixed"", ""12"": ""fixed"", ""13"": ""fixed"", ""14"": ""fixed"", ""15"": ""fixed"", ""2"": ""fixed"", ""3"": ""fixed"", ""4"": ""fixed"", ""5"": ""fixed"", ""6"": ""fixed"", ""7"": ""fixed"", ""8"": ""fixed"", ""9"": ""fixed""}","{""0"": ""fixed"", ""1"": ""fixed"", ""2"": ""fixed"", ""3"": ""fixed""}","[0, 1, 2, 3, 4, 5, 6, 7, 8, 9, 10, 11, 12, 13, 14, 15]",[],[],False,full_key_unique,True,uf_axiom,
3bit_weak_late__ARK_11__MC_16__MC_2,ARK_11,MC_16,MC_2,,weak_same_column,weak_same_column_hard_case,0,64,2,differential,sat,unsat,0.0050918832421302795,167.77307126671076,edf43a9a19e4a3f3bf1eec668bd00cf6,edf43a9a19e4a3f3bf1eec668bd00cf6,,True,sat,False,False,False,,"{""0"": ""fixed"", ""1"": ""fixed"", ""10"": ""fixed"", ""11"": ""fixed"", ""12"": ""fixed"", ""13"": ""fixed"", ""14"": ""fixed"", ""15"": ""fixed"", ""2"": ""fixed"", ""3"": ""fixed"", ""4"": ""fixed"", ""5"": ""fixed"", ""6"": ""fixed"", ""7"": ""fixed"", ""8"": ""fixed"", ""9"": ""fixed""}","{""0"": ""fixed"", ""1"": ""fixed"", ""2"": ""fixed"", ""3"": ""fixed""}","[0, 1, 2, 3, 4, 5, 6, 7, 8, 9, 10, 11, 12, 13, 14, 15]",[],[],False,full_key_unique,True,uf_axiom,
3bit_weak_late__ARK_22__ARK_7__MC_13,ARK_22,ARK_7,MC_13,,weak_same_column,weak_same_column_hard_case,0,64,2,differential,sat,unsat,0.0028627607971429825,234.2313331719488,edf43a9a19e4a3f3bf1eec668bd00cf6,edf43a9a19e4a3f3bf1eec668bd00cf6,,True,sat,False,False,False,,"{""0"": ""fixed"", ""1"": ""fixed"", ""10"": ""fixed"", ""11"": ""fixed"", ""12"": ""fixed"", ""13"": ""fixed"", ""14"": ""fixed"", ""15"": ""fixed"", ""2"": ""fixed"", ""3"": ""fixed"", ""4"": ""fixed"", ""5"": ""fixed"", ""6"": ""fixed"", ""7"": ""fixed"", ""8"": ""fixed"", ""9"": ""fixed""}","{""0"": ""fixed"", ""1"": ""fixed"", ""2"": ""fixed"", ""3"": ""fixed""}","[0, 1, 2, 3, 4, 5, 6, 7, 8, 9, 10, 11, 12, 13, 14, 15]",[],[],False,full_key_unique,True,uf_axiom,
3bit_weak_late__MC_0__MC_13__MC_15,MC_0,MC_13,MC_15,,weak_same_column,weak_same_column_hard_case,1,64,2,differential,sat,unsat,0.0034669414162635803,222.90525275468826,99107579bc3c2c3b0d7a8a6fd1573606,99107579bc3c2c3b0d7a8a6fd1573606,,True,sat,False,False,False,,"{""0"": ""fixed"", ""1"": ""fixed"", ""10"": ""fixed"", ""11"": ""fixed"", ""12"": ""fixed"", ""13"": ""fixed"", ""14"": ""fixed"", ""15"": ""fixed"", ""2"": ""fixed"", ""3"": ""fixed"", ""4"": ""fixed"", ""5"": ""fixed"", ""6"": ""fixed"", ""7"": ""fixed"", ""8"": ""fixed"", ""9"": ""fixed""}","{""0"": ""fixed"", ""1"": ""fixed"", ""2"": ""fixed"", ""3"": ""fixed""}","[0, 1, 2, 3, 4, 5, 6, 7, 8, 9, 10, 11, 12, 13, 14, 15]",[],[],False,full_key_unique,True,uf_axiom,
3bit_weak_late__ARK_18__ARK_20__ARK_9,ARK_18,ARK_20,ARK_9,,weak_same_column,weak_same_column_hard_case,0,64,2,differential,sat,unsat,0.0032176710665225983,91.09867588803172,edf43a9a19e4a3f3bf1eec668bd00cf6,edf43a9a19e4a3f3bf1eec668bd00cf6,,True,sat,False,False,False,,"{""0"": ""fixed"", ""1"": ""fixed"", ""10"": ""fixed"", ""11"": ""fixed"", ""12"": ""fixed"", ""13"": ""fixed"", ""14"": ""fixed"", ""15"": ""fixed"", ""2"": ""fixed"", ""3"": ""fixed"", ""4"": ""fixed"", ""5"": ""fixed"", ""6"": ""fixed"", ""7"": ""fixed"", ""8"": ""fixed"", ""9"": ""fixed""}","{""0"": ""fixed"", ""1"": ""fixed"", ""2"": ""fixed"", ""3"": ""fixed""}","[0, 1, 2, 3, 4, 5, 6, 7, 8, 9, 10, 11, 12, 13, 14, 15]",[],[],False,full_key_unique,True,uf_axiom,
3bit_weak_late__ARK_1__ARK_31__MC_15,ARK_1,ARK_31,MC_15,,weak_same_column,weak_same_column_hard_case,0,64,2,differential,sat,unsat,0.003407249227166176,240.1015416253358,edf43a9a19e4a3f3bf1eec668bd00cf6,edf43a9a19e4a3f3bf1eec668bd00cf6,,True,sat,False,False,False,,"{""0"": ""fixed"", ""1"": ""fixed"", ""10"": ""fixed"", ""11"": ""fixed"", ""12"": ""fixed"", ""13"": ""fixed"", ""14"": ""fixed"", ""15"": ""fixed"", ""2"": ""fixed"", ""3"": ""fixed"", ""4"": ""fixed"", ""5"": ""fixed"", ""6"": ""fixed"", ""7"": ""fixed"", ""8"": ""fixed"", ""9"": ""fixed""}","{""0"": ""fixed"", ""1"": ""fixed"", ""2"": ""fixed"", ""3"": ""fixed""}","[0, 1, 2, 3, 4, 5, 6, 7, 8, 9, 10, 11, 12, 13, 14, 15]",[],[],False,full_key_unique,True,uf_axiom,
3bit_weak_late__ARK_1__ARK_19__MC_24,ARK_1,ARK_19,MC_24,,weak_same_column,weak_same_column_hard_case,0,64,2,differential,sat,unsat,0.003101566806435585,110.73756058514118,edf43a9a19e4a3f3bf1eec668bd00cf6,edf43a9a19e4a3f3bf1eec668bd00cf6,,True,sat,False,False,False,,"{""0"": ""fixed"", ""1"": ""fixed"", ""10"": ""fixed"", ""11"": ""fixed"", ""12"": ""fixed"", ""13"": ""fixed"", ""14"": ""fixed"", ""15"": ""fixed"", ""2"": ""fixed"", ""3"": ""fixed"", ""4"": ""fixed"", ""5"": ""fixed"", ""6"": ""fixed"", ""7"": ""fixed"", ""8"": ""fixed"", ""9"": ""fixed""}","{""0"": ""fixed"", ""1"": ""fixed"", ""2"": ""fixed"", ""3"": ""fixed""}","[0, 1, 2, 3, 4, 5, 6, 7, 8, 9, 10, 11, 12, 13, 14, 15]",[],[],False,full_key_unique,True,uf_axiom,
3bit_weak_late__ARK_1__ARK_19__MC_24,ARK_1,ARK_19,MC_24,,weak_same_column,weak_same_column_hard_case,1,64,2,differential,sat,unsat,0.0035622846335172653,146.63856014423072,99107579bc3c2c3b0d7a8a6fd1573606,99107579bc3c2c3b0d7a8a6fd1573606,,True,sat,False,False,False,,"{""0"": ""fixed"", ""1"": ""fixed"", ""10"": ""fixed"", ""11"": ""fixed"", ""12"": ""fixed"", ""13"": ""fixed"", ""14"": ""fixed"", ""15"": ""fixed"", ""2"": ""fixed"", ""3"": ""fixed"", ""4"": ""fixed"", ""5"": ""fixed"", ""6"": ""fixed"", ""7"": ""fixed"", ""8"": ""fixed"", ""9"": ""fixed""}","{""0"": ""fixed"", ""1"": ""fixed"", ""2"": ""fixed"", ""3"": ""fixed""}","[0, 1, 2, 3, 4, 5, 6, 7, 8, 9, 10, 11, 12, 13, 14, 15]",[],[],False,full_key_unique,True,uf_axiom,
3bit_weak_late__ARK_12__MC_23__MC_6,ARK_12,MC_23,MC_6,,weak_same_column,weak_same_column_hard_case,0,64,2,differential,sat,unsat,0.002846676856279373,71.58242768608034,edf43a9a19e4a3f3bf1eec668bd00cf6,edf43a9a19e4a3f3bf1eec668bd00cf6,,True,sat,False,False,False,,"{""0"": ""fixed"", ""1"": ""fixed"", ""10"": ""fixed"", ""11"": ""fixed"", ""12"": ""fixed"", ""13"": ""fixed"", ""14"": ""fixed"", ""15"": ""fixed"", ""2"": ""fixed"", ""3"": ""fixed"", ""4"": ""fixed"", ""5"": ""fixed"", ""6"": ""fixed"", ""7"": ""fixed"", ""8"": ""fixed"", ""9"": ""fixed""}","{""0"": ""fixed"", ""1"": ""fixed"", ""2"": ""fixed"", ""3"": ""fixed""}","[0, 1, 2, 3, 4, 5, 6, 7, 8, 9, 10, 11, 12, 13, 14, 15]",[],[],False,full_key_unique,True,uf_axiom,
3bit_weak_late__ARK_15__ARK_2__MC_6,ARK_15,ARK_2,MC_6,,weak_same_column,weak_same_column_hard_case,2,96,2,differential,sat,unsat,0.008707012981176376,117.70526521280408,a66f651322597191ab9f8f8af4c2db61,a66f651322597191ab9f8f8af4c2db61,,True,sat,False,False,False,,"{""0"": ""fixed"", ""1"": ""fixed"", ""10"": ""fixed"", ""11"": ""fixed"", ""12"": ""fixed"", ""13"": ""fixed"", ""14"": ""fixed"", ""15"": ""fixed"", ""2"": ""fixed"", ""3"": ""fixed"", ""4"": ""fixed"", ""5"": ""fixed"", ""6"": ""fixed"", ""7"": ""fixed"", ""8"": ""fixed"", ""9"": ""fixed""}","{""0"": ""fixed"", ""1"": ""fixed"", ""2"": ""fixed"", ""3"": ""fixed""}","[0, 1, 2, 3, 4, 5, 6, 7, 8, 9, 10, 11, 12, 13, 14, 15]",[],[],False,full_key_unique,True,uf_axiom,
3bit_weak_late__MC_11__MC_26__MC_4,MC_11,MC_26,MC_4,,weak_same_column,weak_same_column_hard_case,1,64,2,differential,sat,unsat,0.0037437379360198975,146.2728392854333,99107579bc3c2c3b0d7a8a6fd1573606,99107579bc3c2c3b0d7a8a6fd1573606,,True,sat,False,False,False,,"{""0"": ""fixed"", ""1"": ""fixed"", ""10"": ""fixed"", ""11"": ""fixed"", ""12"": ""fixed"", ""13"": ""fixed"", ""14"": ""fixed"", ""15"": ""fixed"", ""2"": ""fixed"", ""3"": ""fixed"", ""4"": ""fixed"", ""5"": ""fixed"", ""6"": ""fixed"", ""7"": ""fixed"", ""8"": ""fixed"", ""9"": ""fixed""}","{""0"": ""fixed"", ""1"": ""fixed"", ""2"": ""fixed"", ""3"": ""fixed""}","[0, 1, 2, 3, 4, 5, 6, 7, 8, 9, 10, 11, 12, 13, 14, 15]",[],[],False,full_key_unique,True,uf_axiom,
3bit_weak_late__ARK_12__MC_14__MC_3,ARK_12,MC_14,MC_3,,weak_same_column,weak_same_column_hard_case,0,64,2,differential,sat,unsat,0.003151068463921547,88.19996278174222,edf43a9a19e4a3f3bf1eec668bd00cf6,edf43a9a19e4a3f3bf1eec668bd00cf6,,True,sat,False,False,False,,"{""0"": ""fixed"", ""1"": ""fixed"", ""10"": ""fixed"", ""11"": ""fixed"", ""12"": ""fixed"", ""13"": ""fixed"", ""14"": ""fixed"", ""15"": ""fixed"", ""2"": ""fixed"", ""3"": ""fixed"", ""4"": ""fixed"", ""5"": ""fixed"", ""6"": ""fixed"", ""7"": ""fixed"", ""8"": ""fixed"", ""9"": ""fixed""}","{""0"": ""fixed"", ""1"": ""fixed"", ""2"": ""fixed"", ""3"": ""fixed""}","[0, 1, 2, 3, 4, 5, 6, 7, 8, 9, 10, 11, 12, 13, 14, 15]",[],[],False,full_key_unique,True,uf_axiom,
3bit_weak_late__ARK_18__ARK_20__ARK_9,ARK_18,ARK_20,ARK_9,,weak_same_column,weak_same_column_hard_case,2,64,2,differential,sat,unsat,0.003377111628651619,95.24659544974566,a66f651322597191ab9f8f8af4c2db61,a66f651322597191ab9f8f8af4c2db61,,True,sat,False,False,False,,"{""0"": ""fixed"", ""1"": ""fixed"", ""10"": ""fixed"", ""11"": ""fixed"", ""12"": ""fixed"", ""13"": ""fixed"", ""14"": ""fixed"", ""15"": ""fixed"", ""2"": ""fixed"", ""3"": ""fixed"", ""4"": ""fixed"", ""5"": ""fixed"", ""6"": ""fixed"", ""7"": ""fixed"", ""8"": ""fixed"", ""9"": ""fixed""}","{""0"": ""fixed"", ""1"": ""fixed"", ""2"": ""fixed"", ""3"": ""fixed""}","[0, 1, 2, 3, 4, 5, 6, 7, 8, 9, 10, 11, 12, 13, 14, 15]",[],[],False,full_key_unique,True,uf_axiom,
3bit_weak_late__ARK_11__ARK_17__ARK_26,ARK_11,ARK_17,ARK_26,,weak_same_column,weak_same_column_hard_case,0,64,2,differential,sat,unsat,0.003695119172334671,202.38299349322915,edf43a9a19e4a3f3bf1eec668bd00cf6,edf43a9a19e4a3f3bf1eec668bd00cf6,,True,sat,False,False,False,,"{""0"": ""fixed"", ""1"": ""fixed"", ""10"": ""fixed"", ""11"": ""fixed"", ""12"": ""fixed"", ""13"": ""fixed"", ""14"": ""fixed"", ""15"": ""fixed"", ""2"": ""fixed"", ""3"": ""fixed"", ""4"": ""fixed"", ""5"": ""fixed"", ""6"": ""fixed"", ""7"": ""fixed"", ""8"": ""fixed"", ""9"": ""fixed""}","{""0"": ""fixed"", ""1"": ""fixed"", ""2"": ""fixed"", ""3"": ""fixed""}","[0, 1, 2, 3, 4, 5, 6, 7, 8, 9, 10, 11, 12, 13, 14, 15]",[],[],False,full_key_unique,True,uf_axiom,
3bit_early__SB_117__SB_30__SB_36,SB_117,SB_30,SB_36,,early_only,early_only_hard_case,2,255,2,differential,sat,sat,0.007377795875072479,288.6002208311111,a66f651322597100009f8f8af4c2db61,a66f651322597100009f8f8af4c2db61,a66f651322597104009f8f8af4c2db61,False,sat,False,False,False,,"{""0"": ""unknown"", ""1"": ""unknown"", ""10"": ""unknown"", ""11"": ""unknown"", ""12"": ""unknown"", ""13"": ""unknown"", ""14"": ""unknown"", ""15"": ""unknown"", ""2"": ""unknown"", ""3"": ""unknown"", ""4"": ""unknown"", ""5"": ""unknown"", ""6"": ""unknown"", ""7"": ""free"", ""8"": ""unknown"", ""9"": ""unknown""}","{""0"": ""unknown"", ""1"": ""free"", ""2"": ""unknown"", ""3"": ""unknown""}",[],[7],"[0, 1, 2, 3, 4, 5, 6, 8, 9, 10, 11, 12, 13, 14, 15]",False,ambiguity,False,uf_axiom,
3bit_weak_late__MC_14__MC_23__MC_9,MC_14,MC_23,MC_9,,weak_same_column,weak_same_column_hard_case,1,96,2,differential,sat,unsat,0.005267517641186714,127.42410720139742,99107579bc3c2c3b0d7a8a6fd1573606,99107579bc3c2c3b0d7a8a6fd1573606,,True,sat,False,False,False,,"{""0"": ""fixed"", ""1"": ""fixed"", ""10"": ""fixed"", ""11"": ""fixed"", ""12"": ""fixed"", ""13"": ""fixed"", ""14"": ""fixed"", ""15"": ""fixed"", ""2"": ""fixed"", ""3"": ""fixed"", ""4"": ""fixed"", ""5"": ""fixed"", ""6"": ""fixed"", ""7"": ""fixed"", ""8"": ""fixed"", ""9"": ""fixed""}","{""0"": ""fixed"", ""1"": ""fixed"", ""2"": ""fixed"", ""3"": ""fixed""}","[0, 1, 2, 3, 4, 5, 6, 7, 8, 9, 10, 11, 12, 13, 14, 15]",[],[],False,full_key_unique,True,uf_axiom,
3bit_weak_late__ARK_18__ARK_25__MC_19,ARK_18,ARK_25,MC_19,,weak_same_column,weak_same_column_hard_case,0,64,2,differential,sat,unsat,0.005280200392007828,42.891181260347366,edf43a9a19e4a3f3bf1eec668bd00cf6,edf43a9a19e4a3f3bf1eec668bd00cf6,,True,sat,False,False,False,,"{""0"": ""fixed"", ""1"": ""fixed"", ""10"": ""fixed"", ""11"": ""fixed"", ""12"": ""fixed"", ""13"": ""fixed"", ""14"": ""fixed"", ""15"": ""fixed"", ""2"": ""fixed"", ""3"": ""fixed"", ""4"": ""fixed"", ""5"": ""fixed"", ""6"": ""fixed"", ""7"": ""fixed"", ""8"": ""fixed"", ""9"": ""fixed""}","{""0"": ""fixed"", ""1"": ""fixed"", ""2"": ""fixed"", ""3"": ""fixed""}","[0, 1, 2, 3, 4, 5, 6, 7, 8, 9, 10, 11, 12, 13, 14, 15]",[],[],False,full_key_unique,True,uf_axiom,
3bit_weak_late__ARK_3__MC_13__MC_9,ARK_3,MC_13,MC_9,,weak_same_column,weak_same_column_hard_case,2,128,2,differential,sat,unsat,0.011332182213664055,101.42931484244764,a66f651322597191ab9f8f8af4c2db61,a66f651322597191ab9f8f8af4c2db61,,True,sat,False,False,False,,"{""0"": ""fixed"", ""1"": ""fixed"", ""10"": ""fixed"", ""11"": ""fixed"", ""12"": ""fixed"", ""13"": ""fixed"", ""14"": ""fixed"", ""15"": ""fixed"", ""2"": ""fixed"", ""3"": ""fixed"", ""4"": ""fixed"", ""5"": ""fixed"", ""6"": ""fixed"", ""7"": ""fixed"", ""8"": ""fixed"", ""9"": ""fixed""}","{""0"": ""fixed"", ""1"": ""fixed"", ""2"": ""fixed"", ""3"": ""fixed""}","[0, 1, 2, 3, 4, 5, 6, 7, 8, 9, 10, 11, 12, 13, 14, 15]",[],[],False,full_key_unique,True,uf_axiom,
3bit_weak_late__ARK_14__ARK_31__ARK_6,ARK_14,ARK_31,ARK_6,,weak_same_column,weak_same_column_hard_case,1,96,2,differential,sat,unsat,0.004550870507955551,177.87156338617206,99107579bc3c2c3b0d7a8a6fd1573606,99107579bc3c2c3b0d7a8a6fd1573606,,True,sat,False,False,False,,"{""0"": ""fixed"", ""1"": ""fixed"", ""10"": ""fixed"", ""11"": ""fixed"", ""12"": ""fixed"", ""13"": ""fixed"", ""14"": ""fixed"", ""15"": ""fixed"", ""2"": ""fixed"", ""3"": ""fixed"", ""4"": ""fixed"", ""5"": ""fixed"", ""6"": ""fixed"", ""7"": ""fixed"", ""8"": ""fixed"", ""9"": ""fixed""}","{""0"": ""fixed"", ""1"": ""fixed"", ""2"": ""fixed"", ""3"": ""fixed""}","[0, 1, 2, 3, 4, 5, 6, 7, 8, 9, 10, 11, 12, 13, 14, 15]",[],[],False,full_key_unique,True,uf_axiom,
3bit_weak_late__ARK_11__ARK_17__ARK_26,ARK_11,ARK_17,ARK_26,,weak_same_column,weak_same_column_hard_case,1,96,2,differential,sat,unsat,0.007493894547224045,97.72083963640034,99107579bc3c2c3b0d7a8a6fd1573606,99107579bc3c2c3b0d7a8a6fd1573606,,True,sat,False,False,False,,"{""0"": ""fixed"", ""1"": ""fixed"", ""10"": ""fixed"", ""11"": ""fixed"", ""12"": ""fixed"", ""13"": ""fixed"", ""14"": ""fixed"", ""15"": ""fixed"", ""2"": ""fixed"", ""3"": ""fixed"", ""4"": ""fixed"", ""5"": ""fixed"", ""6"": ""fixed"", ""7"": ""fixed"", ""8"": ""fixed"", ""9"": ""fixed""}","{""0"": ""fixed"", ""1"": ""fixed"", ""2"": ""fixed"", ""3"": ""fixed""}","[0, 1, 2, 3, 4, 5, 6, 7, 8, 9, 10, 11, 12, 13, 14, 15]",[],[],False,full_key_unique,True,uf_axiom,
3bit_weak_late__ARK_17__MC_28__MC_7,ARK_17,MC_28,MC_7,,weak_same_column,weak_same_column_hard_case,0,64,2,differential,sat,unsat,0.0033660493791103363,73.8954124674201,edf43a9a19e4a3f3bf1eec668bd00cf6,edf43a9a19e4a3f3bf1eec668bd00cf6,,True,sat,False,False,False,,"{""0"": ""fixed"", ""1"": ""fixed"", ""10"": ""fixed"", ""11"": ""fixed"", ""12"": ""fixed"", ""13"": ""fixed"", ""14"": ""fixed"", ""15"": ""fixed"", ""2"": ""fixed"", ""3"": ""fixed"", ""4"": ""fixed"", ""5"": ""fixed"", ""6"": ""fixed"", ""7"": ""fixed"", ""8"": ""fixed"", ""9"": ""fixed""}","{""0"": ""fixed"", ""1"": ""fixed"", ""2"": ""fixed"", ""3"": ""fixed""}","[0, 1, 2, 3, 4, 5, 6, 7, 8, 9, 10, 11, 12, 13, 14, 15]",[],[],False,full_key_unique,True,uf_axiom,
3bit_weak_late__ARK_12__MC_24__MC_27,ARK_12,MC_24,MC_27,,weak_same_column,weak_same_column_hard_case,1,64,2,differential,sat,unsat,0.0056012943387031555,192.71325173601508,99107579bc3c2c3b0d7a8a6fd1573606,99107579bc3c2c3b0d7a8a6fd1573606,,True,sat,False,False,False,,"{""0"": ""fixed"", ""1"": ""fixed"", ""10"": ""fixed"", ""11"": ""fixed"", ""12"": ""fixed"", ""13"": ""fixed"", ""14"": ""fixed"", ""15"": ""fixed"", ""2"": ""fixed"", ""3"": ""fixed"", ""4"": ""fixed"", ""5"": ""fixed"", ""6"": ""fixed"", ""7"": ""fixed"", ""8"": ""fixed"", ""9"": ""fixed""}","{""0"": ""fixed"", ""1"": ""fixed"", ""2"": ""fixed"", ""3"": ""fixed""}","[0, 1, 2, 3, 4, 5, 6, 7, 8, 9, 10, 11, 12, 13, 14, 15]",[],[],False,full_key_unique,True,uf_axiom,
3bit_weak_late__MC_22__MC_24__MC_6,MC_22,MC_24,MC_6,,weak_same_column,weak_same_column_hard_case,0,64,2,differential,sat,unsat,0.0031194109469652176,150.04506799019873,edf43a9a19e4a3f3bf1eec668bd00cf6,edf43a9a19e4a3f3bf1eec668bd00cf6,,True,sat,False,False,False,,"{""0"": ""fixed"", ""1"": ""fixed"", ""10"": ""fixed"", ""11"": ""fixed"", ""12"": ""fixed"", ""13"": ""fixed"", ""14"": ""fixed"", ""15"": ""fixed"", ""2"": ""fixed"", ""3"": ""fixed"", ""4"": ""fixed"", ""5"": ""fixed"", ""6"": ""fixed"", ""7"": ""fixed"", ""8"": ""fixed"", ""9"": ""fixed""}","{""0"": ""fixed"", ""1"": ""fixed"", ""2"": ""fixed"", ""3"": ""fixed""}","[0, 1, 2, 3, 4, 5, 6, 7, 8, 9, 10, 11, 12, 13, 14, 15]",[],[],False,full_key_unique,True,uf_axiom,
3bit_weak_late__ARK_6__MC_28__MC_29,ARK_6,MC_28,MC_29,,weak_same_column,weak_same_column_hard_case,1,64,2,differential,sat,unsat,0.0031522829085588455,188.95574402064085,99107579bc3c2c3b0d7a8a6fd1573606,99107579bc3c2c3b0d7a8a6fd1573606,,True,sat,False,False,False,,"{""0"": ""fixed"", ""1"": ""fixed"", ""10"": ""fixed"", ""11"": ""fixed"", ""12"": ""fixed"", ""13"": ""fixed"", ""14"": ""fixed"", ""15"": ""fixed"", ""2"": ""fixed"", ""3"": ""fixed"", ""4"": ""fixed"", ""5"": ""fixed"", ""6"": ""fixed"", ""7"": ""fixed"", ""8"": ""fixed"", ""9"": ""fixed""}","{""0"": ""fixed"", ""1"": ""fixed"", ""2"": ""fixed"", ""3"": ""fixed""}","[0, 1, 2, 3, 4, 5, 6, 7, 8, 9, 10, 11, 12, 13, 14, 15]",[],[],False,full_key_unique,True,uf_axiom,
3bit_weak_late__ARK_18__ARK_20__ARK_9,ARK_18,ARK_20,ARK_9,,weak_same_column,weak_same_column_hard_case,1,64,2,differential,sat,unsat,0.0035115107893943787,255.6419470142573,99107579bc3c2c3b0d7a8a6fd1573606,99107579bc3c2c3b0d7a8a6fd1573606,,True,sat,False,False,False,,"{""0"": ""fixed"", ""1"": ""fixed"", ""10"": ""fixed"", ""11"": ""fixed"", ""12"": ""fixed"", ""13"": ""fixed"", ""14"": ""fixed"", ""15"": ""fixed"", ""2"": ""fixed"", ""3"": ""fixed"", ""4"": ""fixed"", ""5"": ""fixed"", ""6"": ""fixed"", ""7"": ""fixed"", ""8"": ""fixed"", ""9"": ""fixed""}","{""0"": ""fixed"", ""1"": ""fixed"", ""2"": ""fixed"", ""3"": ""fixed""}","[0, 1, 2, 3, 4, 5, 6, 7, 8, 9, 10, 11, 12, 13, 14, 15]",[],[],False,full_key_unique,True,uf_axiom,
3bit_weak_late__MC_14__MC_23__MC_9,MC_14,MC_23,MC_9,,weak_same_column,weak_same_column_hard_case,2,96,2,differential,sat,unsat,0.0051431115716695786,192.6415412425995,a66f651322597191ab9f8f8af4c2db61,a66f651322597191ab9f8f8af4c2db61,,True,sat,False,False,False,,"{""0"": ""fixed"", ""1"": ""fixed"", ""10"": ""fixed"", ""11"": ""fixed"", ""12"": ""fixed"", ""13"": ""fixed"", ""14"": ""fixed"", ""15"": ""fixed"", ""2"": ""fixed"", ""3"": ""fixed"", ""4"": ""fixed"", ""5"": ""fixed"", ""6"": ""fixed"", ""7"": ""fixed"", ""8"": ""fixed"", ""9"": ""fixed""}","{""0"": ""fixed"", ""1"": ""fixed"", ""2"": ""fixed"", ""3"": ""fixed""}","[0, 1, 2, 3, 4, 5, 6, 7, 8, 9, 10, 11, 12, 13, 14, 15]",[],[],False,full_key_unique,True,uf_axiom,
3bit_weak_late__ARK_6__MC_28__MC_29,ARK_6,MC_28,MC_29,,weak_same_column,weak_same_column_hard_case,2,96,2,differential,sat,unsat,0.004520665854215622,82.43670736812055,a66f651322597191ab9f8f8af4c2db61,a66f651322597191ab9f8f8af4c2db61,,True,sat,False,False,False,,"{""0"": ""fixed"", ""1"": ""fixed"", ""10"": ""fixed"", ""11"": ""fixed"", ""12"": ""fixed"", ""13"": ""fixed"", ""14"": ""fixed"", ""15"": ""fixed"", ""2"": ""fixed"", ""3"": ""fixed"", ""4"": ""fixed"", ""5"": ""fixed"", ""6"": ""fixed"", ""7"": ""fixed"", ""8"": ""fixed"", ""9"": ""fixed""}","{""0"": ""fixed"", ""1"": ""fixed"", ""2"": ""fixed"", ""3"": ""fixed""}","[0, 1, 2, 3, 4, 5, 6, 7, 8, 9, 10, 11, 12, 13, 14, 15]",[],[],False,full_key_unique,True,uf_axiom,
3bit_weak_late__MC_0__MC_13__MC_15,MC_0,MC_13,MC_15,,weak_same_column,weak_same_column_hard_case,2,96,2,differential,sat,unsat,0.004852719604969025,209.73331333510578,a66f651322597191ab9f8f8af4c2db61,a66f651322597191ab9f8f8af4c2db61,,True,sat,False,False,False,,"{""0"": ""fixed"", ""1"": ""fixed"", ""10"": ""fixed"", ""11"": ""fixed"", ""12"": ""fixed"", ""13"": ""fixed"", ""14"": ""fixed"", ""15"": ""fixed"", ""2"": ""fixed"", ""3"": ""fixed"", ""4"": ""fixed"", ""5"": ""fixed"", ""6"": ""fixed"", ""7"": ""fixed"", ""8"": ""fixed"", ""9"": ""fixed""}","{""0"": ""fixed"", ""1"": ""fixed"", ""2"": ""fixed"", ""3"": ""fixed""}","[0, 1, 2, 3, 4, 5, 6, 7, 8, 9, 10, 11, 12, 13, 14, 15]",[],[],False,full_key_unique,True,uf_axiom,
3bit_weak_late__ARK_17__MC_28__MC_7,ARK_17,MC_28,MC_7,,weak_same_column,weak_same_column_hard_case,1,64,2,differential,sat,unsat,0.003599978983402252,207.12225943244994,99107579bc3c2c3b0d7a8a6fd1573606,99107579bc3c2c3b0d7a8a6fd1573606,,True,sat,False,False,False,,"{""0"": ""fixed"", ""1"": ""fixed"", ""10"": ""fixed"", ""11"": ""fixed"", ""12"": ""fixed"", ""13"": ""fixed"", ""14"": ""fixed"", ""15"": ""fixed"", ""2"": ""fixed"", ""3"": ""fixed"", ""4"": ""fixed"", ""5"": ""fixed"", ""6"": ""fixed"", ""7"": ""fixed"", ""8"": ""fixed"", ""9"": ""fixed""}","{""0"": ""fixed"", ""1"": ""fixed"", ""2"": ""fixed"", ""3"": ""fixed""}","[0, 1, 2, 3, 4, 5, 6, 7, 8, 9, 10, 11, 12, 13, 14, 15]",[],[],False,full_key_unique,True,uf_axiom,
3bit_weak_late__ARK_11__MC_16__MC_2,ARK_11,MC_16,MC_2,,weak_same_column,weak_same_column_hard_case,1,96,2,differential,sat,unsat,0.005182957276701927,68.03680621273816,99107579bc3c2c3b0d7a8a6fd1573606,99107579bc3c2c3b0d7a8a6fd1573606,,True,sat,False,False,False,,"{""0"": ""fixed"", ""1"": ""fixed"", ""10"": ""fixed"", ""11"": ""fixed"", ""12"": ""fixed"", ""13"": ""fixed"", ""14"": ""fixed"", ""15"": ""fixed"", ""2"": ""fixed"", ""3"": ""fixed"", ""4"": ""fixed"", ""5"": ""fixed"", ""6"": ""fixed"", ""7"": ""fixed"", ""8"": ""fixed"", ""9"": ""fixed""}","{""0"": ""fixed"", ""1"": ""fixed"", ""2"": ""fixed"", ""3"": ""fixed""}","[0, 1, 2, 3, 4, 5, 6, 7, 8, 9, 10, 11, 12, 13, 14, 15]",[],[],False,full_key_unique,True,uf_axiom,
3bit_weak_late__ARK_1__ARK_31__MC_15,ARK_1,ARK_31,MC_15,,weak_same_column,weak_same_column_hard_case,2,96,2,differential,sat,unsat,0.00476713664829731,241.20103555731475,a66f651322597191ab9f8f8af4c2db61,a66f651322597191ab9f8f8af4c2db61,,True,sat,False,False,False,,"{""0"": ""fixed"", ""1"": ""fixed"", ""10"": ""fixed"", ""11"": ""fixed"", ""12"": ""fixed"", ""13"": ""fixed"", ""14"": ""fixed"", ""15"": ""fixed"", ""2"": ""fixed"", ""3"": ""fixed"", ""4"": ""fixed"", ""5"": ""fixed"", ""6"": ""fixed"", ""7"": ""fixed"", ""8"": ""fixed"", ""9"": ""fixed""}","{""0"": ""fixed"", ""1"": ""fixed"", ""2"": ""fixed"", ""3"": ""fixed""}","[0, 1, 2, 3, 4, 5, 6, 7, 8, 9, 10, 11, 12, 13, 14, 15]",[],[],False,full_key_unique,True,uf_axiom,
3bit_weak_late__ARK_12__MC_14__MC_3,ARK_12,MC_14,MC_3,,weak_same_column,weak_same_column_hard_case,1,64,2,differential,sat,unsat,0.005784982815384865,149.21553436480463,99107579bc3c2c3b0d7a8a6fd1573606,99107579bc3c2c3b0d7a8a6fd1573606,,True,sat,False,False,False,,"{""0"": ""fixed"", ""1"": ""fixed"", ""10"": ""fixed"", ""11"": ""fixed"", ""12"": ""fixed"", ""13"": ""fixed"", ""14"": ""fixed"", ""15"": ""fixed"", ""2"": ""fixed"", ""3"": ""fixed"", ""4"": ""fixed"", ""5"": ""fixed"", ""6"": ""fixed"", ""7"": ""fixed"", ""8"": ""fixed"", ""9"": ""fixed""}","{""0"": ""fixed"", ""1"": ""fixed"", ""2"": ""fixed"", ""3"": ""fixed""}","[0, 1, 2, 3, 4, 5, 6, 7, 8, 9, 10, 11, 12, 13, 14, 15]",[],[],False,full_key_unique,True,uf_axiom,
3bit_weak_late__ARK_6__MC_28__MC_29,ARK_6,MC_28,MC_29,,weak_same_column,weak_same_column_hard_case,0,64,2,differential,sat,unsat,0.0031246300786733627,137.32898182794452,edf43a9a19e4a3f3bf1eec668bd00cf6,edf43a9a19e4a3f3bf1eec668bd00cf6,,True,sat,False,False,False,,"{""0"": ""fixed"", ""1"": ""fixed"", ""10"": ""fixed"", ""11"": ""fixed"", ""12"": ""fixed"", ""13"": ""fixed"", ""14"": ""fixed"", ""15"": ""fixed"", ""2"": ""fixed"", ""3"": ""fixed"", ""4"": ""fixed"", ""5"": ""fixed"", ""6"": ""fixed"", ""7"": ""fixed"", ""8"": ""fixed"", ""9"": ""fixed""}","{""0"": ""fixed"", ""1"": ""fixed"", ""2"": ""fixed"", ""3"": ""fixed""}","[0, 1, 2, 3, 4, 5, 6, 7, 8, 9, 10, 11, 12, 13, 14, 15]",[],[],False,full_key_unique,True,uf_axiom,
3bit_weak_late__ARK_12__MC_24__MC_27,ARK_12,MC_24,MC_27,,weak_same_column,weak_same_column_hard_case,0,64,2,differential,sat,unsat,0.003176383674144745,118.12777893990278,edf43a9a19e4a3f3bf1eec668bd00cf6,edf43a9a19e4a3f3bf1eec668bd00cf6,,True,sat,False,False,False,,"{""0"": ""fixed"", ""1"": ""fixed"", ""10"": ""fixed"", ""11"": ""fixed"", ""12"": ""fixed"", ""13"": ""fixed"", ""14"": ""fixed"", ""15"": ""fixed"", ""2"": ""fixed"", ""3"": ""fixed"", ""4"": ""fixed"", ""5"": ""fixed"", ""6"": ""fixed"", ""7"": ""fixed"", ""8"": ""fixed"", ""9"": ""fixed""}","{""0"": ""fixed"", ""1"": ""fixed"", ""2"": ""fixed"", ""3"": ""fixed""}","[0, 1, 2, 3, 4, 5, 6, 7, 8, 9, 10, 11, 12, 13, 14, 15]",[],[],False,full_key_unique,True,uf_axiom,
3bit_weak_late__ARK_18__ARK_25__MC_19,ARK_18,ARK_25,MC_19,,weak_same_column,weak_same_column_hard_case,1,64,2,differential,sat,unsat,0.003365723416209221,171.69469522312284,99107579bc3c2c3b0d7a8a6fd1573606,99107579bc3c2c3b0d7a8a6fd1573606,,True,sat,False,False,False,,"{""0"": ""fixed"", ""1"": ""fixed"", ""10"": ""fixed"", ""11"": ""fixed"", ""12"": ""fixed"", ""13"": ""fixed"", ""14"": ""fixed"", ""15"": ""fixed"", ""2"": ""fixed"", ""3"": ""fixed"", ""4"": ""fixed"", ""5"": ""fixed"", ""6"": ""fixed"", ""7"": ""fixed"", ""8"": ""fixed"", ""9"": ""fixed""}","{""0"": ""fixed"", ""1"": ""fixed"", ""2"": ""fixed"", ""3"": ""fixed""}","[0, 1, 2, 3, 4, 5, 6, 7, 8, 9, 10, 11, 12, 13, 14, 15]",[],[],False,full_key_unique,True,uf_axiom,
3bit_weak_late__ARK_21__MC_15__MC_28,ARK_21,MC_15,MC_28,,weak_same_column,weak_same_column_hard_case,1,64,2,differential,sat,unsat,0.0029770378023386,97.3957503233105,99107579bc3c2c3b0d7a8a6fd1573606,99107579bc3c2c3b0d7a8a6fd1573606,,True,sat,False,False,False,,"{""0"": ""fixed"", ""1"": ""fixed"", ""10"": ""fixed"", ""11"": ""fixed"", ""12"": ""fixed"", ""13"": ""fixed"", ""14"": ""fixed"", ""15"": ""fixed"", ""2"": ""fixed"", ""3"": ""fixed"", ""4"": ""fixed"", ""5"": ""fixed"", ""6"": ""fixed"", ""7"": ""fixed"", ""8"": ""fixed"", ""9"": ""fixed""}","{""0"": ""fixed"", ""1"": ""fixed"", ""2"": ""fixed"", ""3"": ""fixed""}","[0, 1, 2, 3, 4, 5, 6, 7, 8, 9, 10, 11, 12, 13, 14, 15]",[],[],False,full_key_unique,True,uf_axiom,
3bit_weak_late__ARK_21__MC_15__MC_28,ARK_21,MC_15,MC_28,,weak_same_column,weak_same_column_hard_case,0,64,2,differential,sat,unsat,0.00249495729804039,30.63385504670441,edf43a9a19e4a3f3bf1eec668bd00cf6,edf43a9a19e4a3f3bf1eec668bd00cf6,,True,sat,False,False,False,,"{""0"": ""fixed"", ""1"": ""fixed"", ""10"": ""fixed"", ""11"": ""fixed"", ""12"": ""fixed"", ""13"": ""fixed"", ""14"": ""fixed"", ""15"": ""fixed"", ""2"": ""fixed"", ""3"": ""fixed"", ""4"": ""fixed"", ""5"": ""fixed"", ""6"": ""fixed"", ""7"": ""fixed"", ""8"": ""fixed"", ""9"": ""fixed""}","{""0"": ""fixed"", ""1"": ""fixed"", ""2"": ""fixed"", ""3"": ""fixed""}","[0, 1, 2, 3, 4, 5, 6, 7, 8, 9, 10, 11, 12, 13, 14, 15]",[],[],False,full_key_unique,True,uf_axiom,
3bit_weak_late__ARK_14__ARK_31__ARK_6,ARK_14,ARK_31,ARK_6,,weak_same_column,weak_same_column_hard_case,2,128,2,differential,sat,unsat,0.00781325250864029,195.23840050026774,a66f651322597191ab9f8f8af4c2db61,a66f651322597191ab9f8f8af4c2db61,,True,sat,False,False,False,,"{""0"": ""fixed"", ""1"": ""fixed"", ""10"": ""fixed"", ""11"": ""fixed"", ""12"": ""fixed"", ""13"": ""fixed"", ""14"": ""fixed"", ""15"": ""fixed"", ""2"": ""fixed"", ""3"": ""fixed"", ""4"": ""fixed"", ""5"": ""fixed"", ""6"": ""fixed"", ""7"": ""fixed"", ""8"": ""fixed"", ""9"": ""fixed""}","{""0"": ""fixed"", ""1"": ""fixed"", ""2"": ""fixed"", ""3"": ""fixed""}","[0, 1, 2, 3, 4, 5, 6, 7, 8, 9, 10, 11, 12, 13, 14, 15]",[],[],False,full_key_unique,True,uf_axiom,
3bit_weak_late__ARK_12__MC_23__MC_6,ARK_12,MC_23,MC_6,,weak_same_column,weak_same_column_hard_case,2,96,2,differential,sat,unsat,0.0048674363642930984,210.9120634160936,a66f651322597191ab9f8f8af4c2db61,a66f651322597191ab9f8f8af4c2db61,,True,sat,False,False,False,,"{""0"": ""fixed"", ""1"": ""fixed"", ""10"": ""fixed"", ""11"": ""fixed"", ""12"": ""fixed"", ""13"": ""fixed"", ""14"": ""fixed"", ""15"": ""fixed"", ""2"": ""fixed"", ""3"": ""fixed"", ""4"": ""fixed"", ""5"": ""fixed"", ""6"": ""fixed"", ""7"": ""fixed"", ""8"": ""fixed"", ""9"": ""fixed""}","{""0"": ""fixed"", ""1"": ""fixed"", ""2"": ""fixed"", ""3"": ""fixed""}","[0, 1, 2, 3, 4, 5, 6, 7, 8, 9, 10, 11, 12, 13, 14, 15]",[],[],False,full_key_unique,True,uf_axiom,
3bit_weak_late__MC_11__MC_16__MC_19,MC_11,MC_16,MC_19,,weak_same_column,weak_same_column_hard_case,2,96,2,differential,sat,unsat,0.00513850525021553,229.0807000696659,a66f651322597191ab9f8f8af4c2db61,a66f651322597191ab9f8f8af4c2db61,,True,sat,False,False,False,,"{""0"": ""fixed"", ""1"": ""fixed"", ""10"": ""fixed"", ""11"": ""fixed"", ""12"": ""fixed"", ""13"": ""fixed"", ""14"": ""fixed"", ""15"": ""fixed"", ""2"": ""fixed"", ""3"": ""fixed"", ""4"": ""fixed"", ""5"": ""fixed"", ""6"": ""fixed"", ""7"": ""fixed"", ""8"": ""fixed"", ""9"": ""fixed""}","{""0"": ""fixed"", ""1"": ""fixed"", ""2"": ""fixed"", ""3"": ""fixed""}","[0, 1, 2, 3, 4, 5, 6, 7, 8, 9, 10, 11, 12, 13, 14, 15]",[],[],False,full_key_unique,True,uf_axiom,
3bit_weak_late__ARK_1__MC_16__MC_28,ARK_1,MC_16,MC_28,,weak_same_column,weak_same_column_hard_case,0,64,2,differential,sat,unsat,0.0029541049152612686,95.04016363248229,edf43a9a19e4a3f3bf1eec668bd00cf6,edf43a9a19e4a3f3bf1eec668bd00cf6,,True,sat,False,False,False,,"{""0"": ""fixed"", ""1"": ""fixed"", ""10"": ""fixed"", ""11"": ""fixed"", ""12"": ""fixed"", ""13"": ""fixed"", ""14"": ""fixed"", ""15"": ""fixed"", ""2"": ""fixed"", ""3"": ""fixed"", ""4"": ""fixed"", ""5"": ""fixed"", ""6"": ""fixed"", ""7"": ""fixed"", ""8"": ""fixed"", ""9"": ""fixed""}","{""0"": ""fixed"", ""1"": ""fixed"", ""2"": ""fixed"", ""3"": ""fixed""}","[0, 1, 2, 3, 4, 5, 6, 7, 8, 9, 10, 11, 12, 13, 14, 15]",[],[],False,full_key_unique,True,uf_axiom,
3bit_weak_late__MC_0__MC_13__MC_31,MC_0,MC_13,MC_31,,weak_same_column,weak_same_column_hard_case,0,64,2,differential,sat,unsat,0.0026116911321878433,64.84547358937562,edf43a9a19e4a3f3bf1eec668bd00cf6,edf43a9a19e4a3f3bf1eec668bd00cf6,,True,sat,False,False,False,,"{""0"": ""fixed"", ""1"": ""fixed"", ""10"": ""fixed"", ""11"": ""fixed"", ""12"": ""fixed"", ""13"": ""fixed"", ""14"": ""fixed"", ""15"": ""fixed"", ""2"": ""fixed"", ""3"": ""fixed"", ""4"": ""fixed"", ""5"": ""fixed"", ""6"": ""fixed"", ""7"": ""fixed"", ""8"": ""fixed"", ""9"": ""fixed""}","{""0"": ""fixed"", ""1"": ""fixed"", ""2"": ""fixed"", ""3"": ""fixed""}","[0, 1, 2, 3, 4, 5, 6, 7, 8, 9, 10, 11, 12, 13, 14, 15]",[],[],False,full_key_unique,True,uf_axiom,
3bit_weak_late__ARK_12__MC_23__MC_6,ARK_12,MC_23,MC_6,,weak_same_column,weak_same_column_hard_case,1,96,2,differential,sat,unsat,0.004306696355342865,104.3106277231127,99107579bc3c2c3b0d7a8a6fd1573606,99107579bc3c2c3b0d7a8a6fd1573606,,True,sat,False,False,False,,"{""0"": ""fixed"", ""1"": ""fixed"", ""10"": ""fixed"", ""11"": ""fixed"", ""12"": ""fixed"", ""13"": ""fixed"", ""14"": ""fixed"", ""15"": ""fixed"", ""2"": ""fixed"", ""3"": ""fixed"", ""4"": ""fixed"", ""5"": ""fixed"", ""6"": ""fixed"", ""7"": ""fixed"", ""8"": ""fixed"", ""9"": ""fixed""}","{""0"": ""fixed"", ""1"": ""fixed"", ""2"": ""fixed"", ""3"": ""fixed""}","[0, 1, 2, 3, 4, 5, 6, 7, 8, 9, 10, 11, 12, 13, 14, 15]",[],[],False,full_key_unique,True,uf_axiom,
3bit_weak_late__ARK_1__MC_16__MC_28,ARK_1,MC_16,MC_28,,weak_same_column,weak_same_column_hard_case,2,64,2,differential,sat,unsat,0.002672756090760231,99.54869938641787,a66f651322597191ab9f8f8af4c2db61,a66f651322597191ab9f8f8af4c2db61,,True,sat,False,False,False,,"{""0"": ""fixed"", ""1"": ""fixed"", ""10"": ""fixed"", ""11"": ""fixed"", ""12"": ""fixed"", ""13"": ""fixed"", ""14"": ""fixed"", ""15"": ""fixed"", ""2"": ""fixed"", ""3"": ""fixed"", ""4"": ""fixed"", ""5"": ""fixed"", ""6"": ""fixed"", ""7"": ""fixed"", ""8"": ""fixed"", ""9"": ""fixed""}","{""0"": ""fixed"", ""1"": ""fixed"", ""2"": ""fixed"", ""3"": ""fixed""}","[0, 1, 2, 3, 4, 5, 6, 7, 8, 9, 10, 11, 12, 13, 14, 15]",[],[],False,full_key_unique,True,uf_axiom,
3bit_weak_late__ARK_22__ARK_7__MC_13,ARK_22,ARK_7,MC_13,,weak_same_column,weak_same_column_hard_case,2,96,2,differential,sat,unsat,0.003906184807419777,143.14960203319788,a66f651322597191ab9f8f8af4c2db61,a66f651322597191ab9f8f8af4c2db61,,True,sat,False,False,False,,"{""0"": ""fixed"", ""1"": ""fixed"", ""10"": ""fixed"", ""11"": ""fixed"", ""12"": ""fixed"", ""13"": ""fixed"", ""14"": ""fixed"", ""15"": ""fixed"", ""2"": ""fixed"", ""3"": ""fixed"", ""4"": ""fixed"", ""5"": ""fixed"", ""6"": ""fixed"", ""7"": ""fixed"", ""8"": ""fixed"", ""9"": ""fixed""}","{""0"": ""fixed"", ""1"": ""fixed"", ""2"": ""fixed"", ""3"": ""fixed""}","[0, 1, 2, 3, 4, 5, 6, 7, 8, 9, 10, 11, 12, 13, 14, 15]",[],[],False,full_key_unique,True,uf_axiom,
3bit_weak_late__ARK_12__MC_24__MC_27,ARK_12,MC_24,MC_27,,weak_same_column,weak_same_column_hard_case,2,96,2,differential,sat,unsat,0.005829865112900734,99.20949483662844,a66f651322597191ab9f8f8af4c2db61,a66f651322597191ab9f8f8af4c2db61,,True,sat,False,False,False,,"{""0"": ""fixed"", ""1"": ""fixed"", ""10"": ""fixed"", ""11"": ""fixed"", ""12"": ""fixed"", ""13"": ""fixed"", ""14"": ""fixed"", ""15"": ""fixed"", ""2"": ""fixed"", ""3"": ""fixed"", ""4"": ""fixed"", ""5"": ""fixed"", ""6"": ""fixed"", ""7"": ""fixed"", ""8"": ""fixed"", ""9"": ""fixed""}","{""0"": ""fixed"", ""1"": ""fixed"", ""2"": ""fixed"", ""3"": ""fixed""}","[0, 1, 2, 3, 4, 5, 6, 7, 8, 9, 10, 11, 12, 13, 14, 15]",[],[],False,full_key_unique,True,uf_axiom,
3bit_weak_late__ARK_1__ARK_19__MC_24,ARK_1,ARK_19,MC_24,,weak_same_column,weak_same_column_hard_case,2,96,2,differential,sat,unsat,0.004306459799408913,184.2581823449582,a66f651322597191ab9f8f8af4c2db61,a66f651322597191ab9f8f8af4c2db61,,True,sat,False,False,False,,"{""0"": ""fixed"", ""1"": ""fixed"", ""10"": ""fixed"", ""11"": ""fixed"", ""12"": ""fixed"", ""13"": ""fixed"", ""14"": ""fixed"", ""15"": ""fixed"", ""2"": ""fixed"", ""3"": ""fixed"", ""4"": ""fixed"", ""5"": ""fixed"", ""6"": ""fixed"", ""7"": ""fixed"", ""8"": ""fixed"", ""9"": ""fixed""}","{""0"": ""fixed"", ""1"": ""fixed"", ""2"": ""fixed"", ""3"": ""fixed""}","[0, 1, 2, 3, 4, 5, 6, 7, 8, 9, 10, 11, 12, 13, 14, 15]",[],[],False,full_key_unique,True,uf_axiom,
3bit_weak_late__ARK_13__ARK_21__MC_10,ARK_13,ARK_21,MC_10,,weak_same_column,weak_same_column_hard_case,2,128,2,differential,sat,unsat,0.004290333017706871,44.3246542327106,a66f651322597191ab9f8f8af4c2db61,a66f651322597191ab9f8f8af4c2db61,,True,sat,False,False,False,,"{""0"": ""fixed"", ""1"": ""fixed"", ""10"": ""fixed"", ""11"": ""fixed"", ""12"": ""fixed"", ""13"": ""fixed"", ""14"": ""fixed"", ""15"": ""fixed"", ""2"": ""fixed"", ""3"": ""fixed"", ""4"": ""fixed"", ""5"": ""fixed"", ""6"": ""fixed"", ""7"": ""fixed"", ""8"": ""fixed"", ""9"": ""fixed""}","{""0"": ""fixed"", ""1"": ""fixed"", ""2"": ""fixed"", ""3"": ""fixed""}","[0, 1, 2, 3, 4, 5, 6, 7, 8, 9, 10, 11, 12, 13, 14, 15]",[],[],False,full_key_unique,True,uf_axiom,
3bit_weak_late__ARK_17__MC_28__MC_7,ARK_17,MC_28,MC_7,,weak_same_column,weak_same_column_hard_case,2,96,2,differential,sat,unsat,0.003603307530283928,115.57323758490384,a66f651322597191ab9f8f8af4c2db61,a66f651322597191ab9f8f8af4c2db61,,True,sat,False,False,False,,"{""0"": ""fixed"", ""1"": ""fixed"", ""10"": ""fixed"", ""11"": ""fixed"", ""12"": ""fixed"", ""13"": ""fixed"", ""14"": ""fixed"", ""15"": ""fixed"", ""2"": ""fixed"", ""3"": ""fixed"", ""4"": ""fixed"", ""5"": ""fixed"", ""6"": ""fixed"", ""7"": ""fixed"", ""8"": ""fixed"", ""9"": ""fixed""}","{""0"": ""fixed"", ""1"": ""fixed"", ""2"": ""fixed"", ""3"": ""fixed""}","[0, 1, 2, 3, 4, 5, 6, 7, 8, 9, 10, 11, 12, 13, 14, 15]",[],[],False,full_key_unique,True,uf_axiom,
3bit_weak_late__ARK_11__ARK_17__ARK_26,ARK_11,ARK_17,ARK_26,,weak_same_column,weak_same_column_hard_case,2,96,2,differential,sat,unsat,0.004158642143011093,172.19869207032025,a66f651322597191ab9f8f8af4c2db61,a66f651322597191ab9f8f8af4c2db61,,True,sat,False,False,False,,"{""0"": ""fixed"", ""1"": ""fixed"", ""10"": ""fixed"", ""11"": ""fixed"", ""12"": ""fixed"", ""13"": ""fixed"", ""14"": ""fixed"", ""15"": ""fixed"", ""2"": ""fixed"", ""3"": ""fixed"", ""4"": ""fixed"", ""5"": ""fixed"", ""6"": ""fixed"", ""7"": ""fixed"", ""8"": ""fixed"", ""9"": ""fixed""}","{""0"": ""fixed"", ""1"": ""fixed"", ""2"": ""fixed"", ""3"": ""fixed""}","[0, 1, 2, 3, 4, 5, 6, 7, 8, 9, 10, 11, 12, 13, 14, 15]",[],[],False,full_key_unique,True,uf_axiom,
3bit_early__SR_53__SR_88__SR_92,SR_53,SR_88,SR_92,,early_only,early_only_hard_case,1,255,2,differential,sat,sat,0.0040108636021614075,103.93837849795818,00107579bc002c3b007a8a6fd1003606,00107579bc002c3b007a8a6fd1003606,00100079bc002c3b007a106fd100363a,False,sat,False,False,False,,"{""0"": ""unknown"", ""1"": ""unknown"", ""10"": ""free"", ""11"": ""unknown"", ""12"": ""unknown"", ""13"": ""unknown"", ""14"": ""unknown"", ""15"": ""free"", ""2"": ""free"", ""3"": ""unknown"", ""4"": ""unknown"", ""5"": ""unknown"", ""6"": ""unknown"", ""7"": ""unknown"", ""8"": ""unknown"", ""9"": ""unknown""}","{""0"": ""free"", ""1"": ""unknown"", ""2"": ""free"", ""3"": ""free""}",[],"[2, 10, 15]","[0, 1, 3, 4, 5, 6, 7, 8, 9, 11, 12, 13, 14]",False,ambiguity,False,uf_axiom,
3bit_weak_late__MC_0__MC_13__MC_31,MC_0,MC_13,MC_31,,weak_same_column,weak_same_column_hard_case,1,64,2,differential,sat,unsat,0.0023191235959529877,234.4100055359304,99107579bc3c2c3b0d7a8a6fd1573606,99107579bc3c2c3b0d7a8a6fd1573606,,True,sat,False,False,False,,"{""0"": ""fixed"", ""1"": ""fixed"", ""10"": ""fixed"", ""11"": ""fixed"", ""12"": ""fixed"", ""13"": ""fixed"", ""14"": ""fixed"", ""15"": ""fixed"", ""2"": ""fixed"", ""3"": ""fixed"", ""4"": ""fixed"", ""5"": ""fixed"", ""6"": ""fixed"", ""7"": ""fixed"", ""8"": ""fixed"", ""9"": ""fixed""}","{""0"": ""fixed"", ""1"": ""fixed"", ""2"": ""fixed"", ""3"": ""fixed""}","[0, 1, 2, 3, 4, 5, 6, 7, 8, 9, 10, 11, 12, 13, 14, 15]",[],[],False,full_key_unique,True,uf_axiom,
3bit_weak_late__MC_22__MC_24__MC_6,MC_22,MC_24,MC_6,,weak_same_column,weak_same_column_hard_case,2,96,2,differential,sat,unsat,0.0034975241869688034,203.39857217110693,a66f651322597191ab9f8f8af4c2db61,a66f651322597191ab9f8f8af4c2db61,,True,sat,False,False,False,,"{""0"": ""fixed"", ""1"": ""fixed"", ""10"": ""fixed"", ""11"": ""fixed"", ""12"": ""fixed"", ""13"": ""fixed"", ""14"": ""fixed"", ""15"": ""fixed"", ""2"": ""fixed"", ""3"": ""fixed"", ""4"": ""fixed"", ""5"": ""fixed"", ""6"": ""fixed"", ""7"": ""fixed"", ""8"": ""fixed"", ""9"": ""fixed""}","{""0"": ""fixed"", ""1"": ""fixed"", ""2"": ""fixed"", ""3"": ""fixed""}","[0, 1, 2, 3, 4, 5, 6, 7, 8, 9, 10, 11, 12, 13, 14, 15]",[],[],False,full_key_unique,True,uf_axiom,
3bit_weak_late__ARK_1__MC_16__MC_28,ARK_1,MC_16,MC_28,,weak_same_column,weak_same_column_hard_case,1,96,2,differential,sat,unsat,0.0035555530339479446,103.58758323453367,99107579bc3c2c3b0d7a8a6fd1573606,99107579bc3c2c3b0d7a8a6fd1573606,,True,sat,False,False,False,,"{""0"": ""fixed"", ""1"": ""fixed"", ""10"": ""fixed"", ""11"": ""fixed"", ""12"": ""fixed"", ""13"": ""fixed"", ""14"": ""fixed"", ""15"": ""fixed"", ""2"": ""fixed"", ""3"": ""fixed"", ""4"": ""fixed"", ""5"": ""fixed"", ""6"": ""fixed"", ""7"": ""fixed"", ""8"": ""fixed"", ""9"": ""fixed""}","{""0"": ""fixed"", ""1"": ""fixed"", ""2"": ""fixed"", ""3"": ""fixed""}","[0, 1, 2, 3, 4, 5, 6, 7, 8, 9, 10, 11, 12, 13, 14, 15]",[],[],False,full_key_unique,True,uf_axiom,
3bit_weak_late__ARK_23__ARK_28__MC_5,ARK_23,ARK_28,MC_5,,weak_same_column,weak_same_column_hard_case,2,128,2,differential,sat,unsat,0.004932919517159462,234.99726228415966,a66f651322597191ab9f8f8af4c2db61,a66f651322597191ab9f8f8af4c2db61,,True,sat,False,False,False,,"{""0"": ""fixed"", ""1"": ""fixed"", ""10"": ""fixed"", ""11"": ""fixed"", ""12"": ""fixed"", ""13"": ""fixed"", ""14"": ""fixed"", ""15"": ""fixed"", ""2"": ""fixed"", ""3"": ""fixed"", ""4"": ""fixed"", ""5"": ""fixed"", ""6"": ""fixed"", ""7"": ""fixed"", ""8"": ""fixed"", ""9"": ""fixed""}","{""0"": ""fixed"", ""1"": ""fixed"", ""2"": ""fixed"", ""3"": ""fixed""}","[0, 1, 2, 3, 4, 5, 6, 7, 8, 9, 10, 11, 12, 13, 14, 15]",[],[],False,full_key_unique,True,uf_axiom,
3bit_weak_late__MC_0__MC_13__MC_31,MC_0,MC_13,MC_31,,weak_same_column,weak_same_column_hard_case,2,96,2,differential,sat,unsat,0.00542978011071682,198.9532042965293,a66f651322597191ab9f8f8af4c2db61,a66f651322597191ab9f8f8af4c2db61,,True,sat,False,False,False,,"{""0"": ""fixed"", ""1"": ""fixed"", ""10"": ""fixed"", ""11"": ""fixed"", ""12"": ""fixed"", ""13"": ""fixed"", ""14"": ""fixed"", ""15"": ""fixed"", ""2"": ""fixed"", ""3"": ""fixed"", ""4"": ""fixed"", ""5"": ""fixed"", ""6"": ""fixed"", ""7"": ""fixed"", ""8"": ""fixed"", ""9"": ""fixed""}","{""0"": ""fixed"", ""1"": ""fixed"", ""2"": ""fixed"", ""3"": ""fixed""}","[0, 1, 2, 3, 4, 5, 6, 7, 8, 9, 10, 11, 12, 13, 14, 15]",[],[],False,full_key_unique,True,uf_axiom,
3bit_weak_late__ARK_21__MC_15__MC_28,ARK_21,MC_15,MC_28,,weak_same_column,weak_same_column_hard_case,2,96,2,differential,sat,unsat,0.005582854151725769,145.9447785243392,a66f651322597191ab9f8f8af4c2db61,a66f651322597191ab9f8f8af4c2db61,,True,sat,False,False,False,,"{""0"": ""fixed"", ""1"": ""fixed"", ""10"": ""fixed"", ""11"": ""fixed"", ""12"": ""fixed"", ""13"": ""fixed"", ""14"": ""fixed"", ""15"": ""fixed"", ""2"": ""fixed"", ""3"": ""fixed"", ""4"": ""fixed"", ""5"": ""fixed"", ""6"": ""fixed"", ""7"": ""fixed"", ""8"": ""fixed"", ""9"": ""fixed""}","{""0"": ""fixed"", ""1"": ""fixed"", ""2"": ""fixed"", ""3"": ""fixed""}","[0, 1, 2, 3, 4, 5, 6, 7, 8, 9, 10, 11, 12, 13, 14, 15]",[],[],False,full_key_unique,True,uf_axiom,
3bit_weak_late__ARK_24__MC_18__MC_4,ARK_24,MC_18,MC_4,,weak_same_column,weak_same_column_hard_case,2,128,2,differential,sat,unsat,0.0074274055659770966,196.58463285677135,a66f651322597191ab9f8f8af4c2db61,a66f651322597191ab9f8f8af4c2db61,,True,sat,False,False,False,,"{""0"": ""fixed"", ""1"": ""fixed"", ""10"": ""fixed"", ""11"": ""fixed"", ""12"": ""fixed"", ""13"": ""fixed"", ""14"": ""fixed"", ""15"": ""fixed"", ""2"": ""fixed"", ""3"": ""fixed"", ""4"": ""fixed"", ""5"": ""fixed"", ""6"": ""fixed"", ""7"": ""fixed"", ""8"": ""fixed"", ""9"": ""fixed""}","{""0"": ""fixed"", ""1"": ""fixed"", ""2"": ""fixed"", ""3"": ""fixed""}","[0, 1, 2, 3, 4, 5, 6, 7, 8, 9, 10, 11, 12, 13, 14, 15]",[],[],False,full_key_unique,True,uf_axiom,
3bit_weak_late__MC_11__MC_26__MC_4,MC_11,MC_26,MC_4,,weak_same_column,weak_same_column_hard_case,2,128,2,differential,sat,unsat,0.008089808747172356,73.27817136235535,a66f651322597191ab9f8f8af4c2db61,a66f651322597191ab9f8f8af4c2db61,,True,sat,False,False,False,,"{""0"": ""fixed"", ""1"": ""fixed"", ""10"": ""fixed"", ""11"": ""fixed"", ""12"": ""fixed"", ""13"": ""fixed"", ""14"": ""fixed"", ""15"": ""fixed"", ""2"": ""fixed"", ""3"": ""fixed"", ""4"": ""fixed"", ""5"": ""fixed"", ""6"": ""fixed"", ""7"": ""fixed"", ""8"": ""fixed"", ""9"": ""fixed""}","{""0"": ""fixed"", ""1"": ""fixed"", ""2"": ""fixed"", ""3"": ""fixed""}","[0, 1, 2, 3, 4, 5, 6, 7, 8, 9, 10, 11, 12, 13, 14, 15]",[],[],False,full_key_unique,True,uf_axiom,
3bit_weak_late__ARK_18__ARK_25__MC_19,ARK_18,ARK_25,MC_19,,weak_same_column,weak_same_column_hard_case,2,128,2,differential,sat,unsat,0.008891668170690536,75.98108108900487,a66f651322597191ab9f8f8af4c2db61,a66f651322597191ab9f8f8af4c2db61,,True,sat,False,False,False,,"{""0"": ""fixed"", ""1"": ""fixed"", ""10"": ""fixed"", ""11"": ""fixed"", ""12"": ""fixed"", ""13"": ""fixed"", ""14"": ""fixed"", ""15"": ""fixed"", ""2"": ""fixed"", ""3"": ""fixed"", ""4"": ""fixed"", ""5"": ""fixed"", ""6"": ""fixed"", ""7"": ""fixed"", ""8"": ""fixed"", ""9"": ""fixed""}","{""0"": ""fixed"", ""1"": ""fixed"", ""2"": ""fixed"", ""3"": ""fixed""}","[0, 1, 2, 3, 4, 5, 6, 7, 8, 9, 10, 11, 12, 13, 14, 15]",[],[],False,full_key_unique,True,uf_axiom,
3bit_weak_late__ARK_12__MC_14__MC_3,ARK_12,MC_14,MC_3,,weak_same_column,weak_same_column_hard_case,2,128,2,differential,sat,unsat,0.005108635872602463,140.14691189676523,a66f651322597191ab9f8f8af4c2db61,a66f651322597191ab9f8f8af4c2db61,,True,sat,False,False,False,,"{""0"": ""fixed"", ""1"": ""fixed"", ""10"": ""fixed"", ""11"": ""fixed"", ""12"": ""fixed"", ""13"": ""fixed"", ""14"": ""fixed"", ""15"": ""fixed"", ""2"": ""fixed"", ""3"": ""fixed"", ""4"": ""fixed"", ""5"": ""fixed"", ""6"": ""fixed"", ""7"": ""fixed"", ""8"": ""fixed"", ""9"": ""fixed""}","{""0"": ""fixed"", ""1"": ""fixed"", ""2"": ""fixed"", ""3"": ""fixed""}","[0, 1, 2, 3, 4, 5, 6, 7, 8, 9, 10, 11, 12, 13, 14, 15]",[],[],False,full_key_unique,True,uf_axiom,
