case_id,cand_a,cand_b,cand_c,cand_d,topology_class,selection_reason,seed,query_count,depth,mode,first_result,second_result,first_time,second_time,first_model,first_model_hex,alternative_model,first_model_correct,true_key_satisfiable,true_key_timeout,second_timeout,timeout,z3_reason_unknown,byte_diagnostic_summary,column_diagnostic_summary,fixed_bytes,free_bytes,unknown_bytes,first_timeout,classification,confirmed_unique_candidate,sbox_encoding,domain_true_key_retained
4bit_early__SB_49__SR_116__SR_48__SR_69,SB_49,SR_116,SR_48,SR_69,early_only,early_only_hard_case,1,128,2,differential,sat,sat,0.004713935777544975,28.949129104614258,99107579bc002c3b0d7a8a6fd1573606,99107579bc002c3b0d7a8a6fd1573606,9d107579bc802c3b0d7a2912d1153606,False,sat,False,False,False,,"{""0"": ""free"", ""1"": ""fixed"", ""10"": ""free"", ""11"": ""free"", ""12"": ""unknown"", ""13"": ""free"", ""14"": ""unknown"", ""15"": ""unknown"", ""2"": ""unknown"", ""3"": ""unknown"", ""4"": ""unknown"", ""5"": ""free"", ""6"": ""unknown"", ""7"": ""unknown"", ""8"": ""unknown"", ""9"": ""unknown""}","{""0"": ""free"", ""1"": ""free"", ""2"": ""free"", ""3"": ""free""}",[1],"[0, 5, 10, 11, 13]","[2, 3, 4, 6, 7, 8, 9, 12, 14, 15]",False,ambiguity,False,uf_axiom,
4bit_early__SB_66__SB_96__SB_97__SR_115,SB_66,SB_96,SB_97,SR_115,early_only,early_only_hard_case,0,128,2,differential,sat,sat,0.004703236743807793,98.16462978348136,edf43a9a1900a3f3bf1e00668bd00cf6,edf43a9a1900a3f3bf1e00668bd00cf6,f4f43ac80000a3f3bfa400668bd0ec90,False,sat,False,False,False,,"{""0"": ""free"", ""1"": ""unknown"", ""10"": ""unknown"", ""11"": ""unknown"", ""12"": ""unknown"", ""13"": ""unknown"", ""14"": ""free"", ""15"": ""free"", ""2"": ""unknown"", ""3"": ""free"", ""4"": ""free"", ""5"": ""unknown"", ""6"": ""unknown"", ""7"": ""unknown"", ""8"": ""unknown"", ""9"": ""free""}","{""0"": ""free"", ""1"": ""free"", ""2"": ""free"", ""3"": ""free""}",[],"[0, 3, 4, 9, 14, 15]","[1, 2, 5, 6, 7, 8, 10, 11, 12, 13]",False,ambiguity,False,uf_axiom,
4bit_early__SB_49__SR_116__SR_48__SR_69,SB_49,SR_116,SR_48,SR_69,early_only,early_only_hard_case,0,128,2,differential,sat,sat,0.003837786614894867,37.00997955724597,edf43a9a1900a3f3bf1eec668bd00cf6,edf43a9a1900a3f3bf1eec668bd00cf6,2e0e1b9a1920a3e0bf1ee65041d00c00,False,sat,False,False,False,,"{""0"": ""free"", ""1"": ""free"", ""10"": ""free"", ""11"": ""free"", ""12"": ""free"", ""13"": ""unknown"", ""14"": ""unknown"", ""15"": ""free"", ""2"": ""free"", ""3"": ""fixed"", ""4"": ""unknown"", ""5"": ""free"", ""6"": ""unknown"", ""7"": ""free"", ""8"": ""unknown"", ""9"": ""unknown""}","{""0"": ""free"", ""1"": ""free"", ""2"": ""free"", ""3"": ""free""}",[3],"[0, 1, 2, 5, 7, 10, 11, 12, 15]","[4, 6, 8, 9, 13, 14]",False,ambiguity,False,uf_axiom,
4bit_early__SB_66__SB_96__SB_97__SR_115,SB_66,SB_96,SB_97,SR_115,early_only,early_only_hard_case,1,128,2,differential,sat,sat,0.007633967325091362,52.77398127876222,99107579bc002c3b0d7a006fd1573606,99107579bc002c3b0d7a006fd1573606,6410753a41002c3b0d6f006fd157354b,False,sat,False,False,False,,"{""0"": ""free"", ""1"": ""unknown"", ""10"": ""unknown"", ""11"": ""unknown"", ""12"": ""unknown"", ""13"": ""unknown"", ""14"": ""free"", ""15"": ""free"", ""2"": ""unknown"", ""3"": ""free"", ""4"": ""free"", ""5"": ""unknown"", ""6"": ""unknown"", ""7"": ""unknown"", ""8"": ""unknown"", ""9"": ""free""}","{""0"": ""free"", ""1"": ""free"", ""2"": ""free"", ""3"": ""free""}",[],"[0, 3, 4, 9, 14, 15]","[1, 2, 5, 6, 7, 8, 10, 11, 12, 13]",False,ambiguity,False,uf_axiom,
4bit_early__SB_126__SB_22__SB_25__SR_4,SB_126,SB_22,SB_25,SR_4,early_only,early_only_hard_case,2,128,2,differential,sat,sat,0.0033301040530204773,21.996128452941775,a66f65130059719100008f8af4c20061,a66f65130059719100008f8af4c20061,a6bb65130059ad5200008fcbf4c20061,False,sat,False,False,False,,"{""0"": ""fixed"", ""1"": ""free"", ""10"": ""unknown"", ""11"": ""free"", ""12"": ""unknown"", ""13"": ""unknown"", ""14"": ""unknown"", ""15"": ""unknown"", ""2"": ""fixed"", ""3"": ""fixed"", ""4"": ""free"", ""5"": ""fixed"", ""6"": ""free"", ""7"": ""free"", ""8"": ""unknown"", ""9"": ""unknown""}","{""0"": ""free"", ""1"": ""free"", ""2"": ""free"", ""3"": ""free""}","[0, 2, 3, 5]","[1, 4, 6, 7, 11]","[8, 9, 10, 12, 13, 14, 15]",False,ambiguity,False,uf_axiom,
4bit_early__SB_37__SB_81__SR_16__SR_45,SB_37,SB_81,SR_16,SR_45,early_only,early_only_hard_case,2,128,2,differential,sat,sat,0.005403989925980568,47.71630796790123,a66f651322597191ab9f8f0000c2db61,a66f651322597191ab9f8f0000c2db61,a6a6651322904e91ab9f8f0000c2db60,False,sat,False,False,False,,"{""0"": ""unknown"", ""1"": ""free"", ""10"": ""unknown"", ""11"": ""unknown"", ""12"": ""unknown"", ""13"": ""unknown"", ""14"": ""unknown"", ""15"": ""free"", ""2"": ""unknown"", ""3"": ""unknown"", ""4"": ""unknown"", ""5"": ""free"", ""6"": ""free"", ""7"": ""unknown"", ""8"": ""unknown"", ""9"": ""unknown""}","{""0"": ""free"", ""1"": ""free"", ""2"": ""free"", ""3"": ""free""}",[],"[1, 5, 6, 15]","[0, 2, 3, 4, 7, 8, 9, 10, 11, 12, 13, 14]",False,ambiguity,False,uf_axiom,
4bit_early__SB_3__SB_38__SR_11__SR_94,SB_3,SB_38,SR_11,SR_94,early_only,early_only_hard_case,2,128,2,differential,sat,sat,0.004186548292636871,31.10952003672719,a66f001322590091009f8f00f4c2db61,a66f001322590091009f8f00f4c2db61,a66f001322590891009f8f00f4c2db61,False,sat,False,False,False,,"{""0"": ""unknown"", ""1"": ""unknown"", ""10"": ""unknown"", ""11"": ""unknown"", ""12"": ""unknown"", ""13"": ""unknown"", ""14"": ""unknown"", ""15"": ""unknown"", ""2"": ""unknown"", ""3"": ""unknown"", ""4"": ""unknown"", ""5"": ""unknown"", ""6"": ""free"", ""7"": ""unknown"", ""8"": ""unknown"", ""9"": ""unknown""}","{""0"": ""free"", ""1"": ""free"", ""2"": ""free"", ""3"": ""unknown""}",[],[6],"[0, 1, 2, 3, 4, 5, 7, 8, 9, 10, 11, 12, 13, 14, 15]",False,ambiguity,False,uf_axiom,
4bit_early__SB_49__SR_116__SR_48__SR_69,SB_49,SR_116,SR_48,SR_69,early_only,early_only_hard_case,2,128,2,differential,sat,sat,0.0040267035365104675,24.220459431409836,a66f651322007191ab9f8f8af4c2db61,a66f651322007191ab9f8f8af4c2db61,a6a4651322027191ab9fa24fb5c2db61,False,sat,False,False,False,,"{""0"": ""unknown"", ""1"": ""free"", ""10"": ""free"", ""11"": ""free"", ""12"": ""free"", ""13"": ""unknown"", ""14"": ""unknown"", ""15"": ""unknown"", ""2"": ""unknown"", ""3"": ""unknown"", ""4"": ""unknown"", ""5"": ""free"", ""6"": ""unknown"", ""7"": ""unknown"", ""8"": ""unknown"", ""9"": ""unknown""}","{""0"": ""free"", ""1"": ""free"", ""2"": ""free"", ""3"": ""free""}",[],"[1, 5, 10, 11, 12]","[0, 2, 3, 4, 6, 7, 8, 9, 13, 14, 15]",False,ambiguity,False,uf_axiom,
4bit_early__SB_35__SB_48__SB_57__SR_10,SB_35,SB_48,SB_57,SR_10,early_only,early_only_hard_case,2,128,2,differential,sat,sat,0.004697095602750778,5.737519837915897,a66f651322597191009f0000f4c2db61,a66f651322597191009f0000f4c2db61,d035221322038b91009f0000f450db48,False,sat,False,False,False,,"{""0"": ""free"", ""1"": ""free"", ""10"": ""unknown"", ""11"": ""unknown"", ""12"": ""unknown"", ""13"": ""free"", ""14"": ""unknown"", ""15"": ""free"", ""2"": ""free"", ""3"": ""unknown"", ""4"": ""unknown"", ""5"": ""free"", ""6"": ""free"", ""7"": ""unknown"", ""8"": ""unknown"", ""9"": ""unknown""}","{""0"": ""free"", ""1"": ""free"", ""2"": ""free"", ""3"": ""free""}",[],"[0, 1, 2, 5, 6, 13, 15]","[3, 4, 7, 8, 9, 10, 11, 12, 14]",False,ambiguity,False,uf_axiom,
4bit_early__SB_66__SB_96__SB_97__SR_115,SB_66,SB_96,SB_97,SR_115,early_only,early_only_hard_case,2,128,2,differential,sat,sat,0.004900708794593811,219.91192790679634,a66f651322007191ab9f008af4c2db61,a66f651322007191ab9f008af4c2db61,896f65710d017191abe3008af4c23427,False,sat,False,False,False,,"{""0"": ""free"", ""1"": ""unknown"", ""10"": ""unknown"", ""11"": ""unknown"", ""12"": ""unknown"", ""13"": ""unknown"", ""14"": ""free"", ""15"": ""free"", ""2"": ""unknown"", ""3"": ""free"", ""4"": ""free"", ""5"": ""free"", ""6"": ""unknown"", ""7"": ""unknown"", ""8"": ""unknown"", ""9"": ""free""}","{""0"": ""free"", ""1"": ""free"", ""2"": ""free"", ""3"": ""free""}",[],"[0, 3, 4, 5, 9, 14, 15]","[1, 2, 6, 7, 8, 10, 11, 12, 13]",False,ambiguity,False,uf_axiom,
4bit_early__SB_126__SB_22__SB_25__SR_4,SB_126,SB_22,SB_25,SR_4,early_only,early_only_hard_case,0,128,2,differential,sat,sat,0.00430888868868351,58.058682506904006,edf43a9a00e4a3f30000ec668bd000f6,edf43a9a00e4a3f30000ec668bd000f6,edb63a9a00e4a3020002ec668bd000f6,False,sat,False,False,False,,"{""0"": ""fixed"", ""1"": ""free"", ""10"": ""unknown"", ""11"": ""unknown"", ""12"": ""unknown"", ""13"": ""unknown"", ""14"": ""unknown"", ""15"": ""unknown"", ""2"": ""unknown"", ""3"": ""unknown"", ""4"": ""unknown"", ""5"": ""unknown"", ""6"": ""unknown"", ""7"": ""free"", ""8"": ""unknown"", ""9"": ""free""}","{""0"": ""free"", ""1"": ""free"", ""2"": ""free"", ""3"": ""free""}",[0],"[1, 7, 9]","[2, 3, 4, 5, 6, 8, 10, 11, 12, 13, 14, 15]",False,ambiguity,False,uf_axiom,
4bit_early__SB_114__SB_30__SB_57__SR_93,SB_114,SB_30,SB_57,SR_93,early_only,early_only_hard_case,2,128,2,differential,sat,sat,0.0048200227320194244,259.51996668986976,a66f651322597191009f8f8af400db61,a66f651322597191009f8f8af400db61,ee4e721322d2d191009f0083f400db43,False,sat,False,False,False,,"{""0"": ""free"", ""1"": ""free"", ""10"": ""free"", ""11"": ""free"", ""12"": ""unknown"", ""13"": ""unknown"", ""14"": ""unknown"", ""15"": ""free"", ""2"": ""free"", ""3"": ""fixed"", ""4"": ""fixed"", ""5"": ""free"", ""6"": ""free"", ""7"": ""fixed"", ""8"": ""unknown"", ""9"": ""unknown""}","{""0"": ""free"", ""1"": ""free"", ""2"": ""free"", ""3"": ""free""}","[3, 4, 7]","[0, 1, 2, 5, 6, 10, 11, 15]","[8, 9, 12, 13, 14]",False,ambiguity,False,uf_axiom,
4bit_early__SB_24__SB_62__SB_73__SR_114,SB_24,SB_62,SB_73,SR_114,early_only,early_only_hard_case,2,128,2,differential,sat,sat,0.0050347428768873215,66.83262018114328,a66f651322597191ab9f8f00f4c2db61,a66f651322597191ab9f8f00f4c2db61,a65f651322597191ab9f8f00f48bdb61,False,sat,False,False,False,,"{""0"": ""unknown"", ""1"": ""free"", ""10"": ""unknown"", ""11"": ""unknown"", ""12"": ""unknown"", ""13"": ""free"", ""14"": ""unknown"", ""15"": ""unknown"", ""2"": ""unknown"", ""3"": ""unknown"", ""4"": ""unknown"", ""5"": ""unknown"", ""6"": ""unknown"", ""7"": ""unknown"", ""8"": ""unknown"", ""9"": ""unknown""}","{""0"": ""free"", ""1"": ""unknown"", ""2"": ""unknown"", ""3"": ""free""}",[],"[1, 13]","[0, 2, 3, 4, 5, 6, 7, 8, 9, 10, 11, 12, 14, 15]",False,ambiguity,False,uf_axiom,
4bit_early__SB_126__SB_22__SB_25__SR_4,SB_126,SB_22,SB_25,SR_4,early_only,early_only_hard_case,1,128,2,differential,sat,sat,0.007661912590265274,77.91434513963759,99107579003c2c3b00008a6fd1570006,99107579003c2c3b00008a6fd1570006,99447579003c2cea00028a6fd1570006,False,sat,False,False,False,,"{""0"": ""unknown"", ""1"": ""free"", ""10"": ""unknown"", ""11"": ""unknown"", ""12"": ""unknown"", ""13"": ""unknown"", ""14"": ""unknown"", ""15"": ""unknown"", ""2"": ""unknown"", ""3"": ""unknown"", ""4"": ""unknown"", ""5"": ""unknown"", ""6"": ""unknown"", ""7"": ""free"", ""8"": ""unknown"", ""9"": ""free""}","{""0"": ""free"", ""1"": ""free"", ""2"": ""free"", ""3"": ""unknown""}",[],"[1, 7, 9]","[0, 2, 3, 4, 5, 6, 8, 10, 11, 12, 13, 14, 15]",False,ambiguity,False,uf_axiom,
4bit_early__SB_33__SR_119__SR_15__SR_6,SB_33,SR_119,SR_15,SR_6,early_only,early_only_hard_case,0,128,2,differential,sat,sat,0.004035355523228645,56.92295390367508,edf43a9a19e4a300001eec0000d00cf6,edf43a9a19e4a300001eec0000d00cf6,edf43a9a19e4a300001eec0008d00cf6,False,sat,False,False,False,,"{""0"": ""unknown"", ""1"": ""unknown"", ""10"": ""unknown"", ""11"": ""unknown"", ""12"": ""free"", ""13"": ""unknown"", ""14"": ""unknown"", ""15"": ""unknown"", ""2"": ""unknown"", ""3"": ""unknown"", ""4"": ""unknown"", ""5"": ""unknown"", ""6"": ""unknown"", ""7"": ""unknown"", ""8"": ""unknown"", ""9"": ""unknown""}","{""0"": ""unknown"", ""1"": ""unknown"", ""2"": ""unknown"", ""3"": ""free""}",[],[12],"[0, 1, 2, 3, 4, 5, 6, 7, 8, 9, 10, 11, 13, 14, 15]",False,ambiguity,False,uf_axiom,
4bit_early__SB_17__SB_55__SR_20__SR_33,SB_17,SB_55,SR_20,SR_33,early_only,early_only_hard_case,2,128,2,differential,sat,sat,0.009060174226760864,104.24919765815139,a600651322597191ab9f8f0000c2db61,a600651322597191ab9f8f0000c2db61,a610651322597191ab9f8f0000c2db61,False,sat,False,False,False,,"{""0"": ""unknown"", ""1"": ""free"", ""10"": ""unknown"", ""11"": ""unknown"", ""12"": ""unknown"", ""13"": ""unknown"", ""14"": ""unknown"", ""15"": ""unknown"", ""2"": ""unknown"", ""3"": ""unknown"", ""4"": ""unknown"", ""5"": ""unknown"", ""6"": ""unknown"", ""7"": ""unknown"", ""8"": ""unknown"", ""9"": ""unknown""}","{""0"": ""free"", ""1"": ""unknown"", ""2"": ""unknown"", ""3"": ""unknown""}",[],[1],"[0, 2, 3, 4, 5, 6, 7, 8, 9, 10, 11, 12, 13, 14, 15]",False,ambiguity,False,uf_axiom,
4bit_early__SB_24__SB_62__SB_73__SR_114,SB_24,SB_62,SB_73,SR_114,early_only,early_only_hard_case,1,128,2,differential,sat,sat,0.007245531305670738,69.22790552303195,99107579bc3c2c3b0d7a8a00d1573606,99107579bc3c2c3b0d7a8a00d1573606,99977579bc3c2c3b297a8a00d1aa3606,False,sat,False,False,False,,"{""0"": ""unknown"", ""1"": ""free"", ""10"": ""unknown"", ""11"": ""unknown"", ""12"": ""unknown"", ""13"": ""free"", ""14"": ""unknown"", ""15"": ""unknown"", ""2"": ""unknown"", ""3"": ""unknown"", ""4"": ""unknown"", ""5"": ""unknown"", ""6"": ""unknown"", ""7"": ""unknown"", ""8"": ""free"", ""9"": ""unknown""}","{""0"": ""free"", ""1"": ""unknown"", ""2"": ""free"", ""3"": ""free""}",[],"[1, 8, 13]","[0, 2, 3, 4, 5, 6, 7, 9, 10, 11, 12, 14, 15]",False,ambiguity,False,uf_axiom,
4bit_early__SB_37__SB_81__SR_16__SR_45,SB_37,SB_81,SR_16,SR_45,early_only,early_only_hard_case,1,128,2,differential,sat,sat,0.004310961812734604,84.00571352802217,99107579bc3c2c3b0d7a8a0000573606,99107579bc3c2c3b0d7a8a0000573606,992e7579bc02953b0d7a5400005736bf,False,sat,False,False,False,,"{""0"": ""unknown"", ""1"": ""free"", ""10"": ""free"", ""11"": ""unknown"", ""12"": ""unknown"", ""13"": ""unknown"", ""14"": ""unknown"", ""15"": ""free"", ""2"": ""unknown"", ""3"": ""unknown"", ""4"": ""unknown"", ""5"": ""free"", ""6"": ""free"", ""7"": ""unknown"", ""8"": ""unknown"", ""9"": ""unknown""}","{""0"": ""free"", ""1"": ""free"", ""2"": ""free"", ""3"": ""free""}",[],"[1, 5, 6, 10, 15]","[0, 2, 3, 4, 7, 8, 9, 11, 12, 13, 14]",False,ambiguity,False,uf_axiom,
4bit_early__SB_33__SR_119__SR_15__SR_6,SB_33,SR_119,SR_15,SR_6,early_only,early_only_hard_case,2,128,2,differential,sat,sat,0.004941495135426521,9.233860248699784,a66f651322597100009f8f0000c2db61,a66f651322597100009f8f0000c2db61,a66fc0132259d420009f8f0000c2db61,False,sat,False,False,False,,"{""0"": ""fixed"", ""1"": ""fixed"", ""10"": ""unknown"", ""11"": ""unknown"", ""12"": ""unknown"", ""13"": ""unknown"", ""14"": ""unknown"", ""15"": ""unknown"", ""2"": ""free"", ""3"": ""fixed"", ""4"": ""fixed"", ""5"": ""unknown"", ""6"": ""free"", ""7"": ""free"", ""8"": ""unknown"", ""9"": ""unknown""}","{""0"": ""free"", ""1"": ""free"", ""2"": ""free"", ""3"": ""free""}","[0, 1, 3, 4]","[2, 6, 7]","[5, 8, 9, 10, 11, 12, 13, 14, 15]",False,ambiguity,False,uf_axiom,
4bit_early__SB_3__SB_38__SR_11__SR_94,SB_3,SB_38,SR_11,SR_94,early_only,early_only_hard_case,0,128,2,differential,sat,sat,0.006551140919327736,216.34961870871484,edf4009a19e400f3001eec008bd00cf6,edf4009a19e400f3001eec008bd00cf6,edf4009a19e404a6001eec00f7d00cf6,False,sat,False,False,False,,"{""0"": ""fixed"", ""1"": ""unknown"", ""10"": ""unknown"", ""11"": ""unknown"", ""12"": ""free"", ""13"": ""unknown"", ""14"": ""unknown"", ""15"": ""unknown"", ""2"": ""unknown"", ""3"": ""unknown"", ""4"": ""unknown"", ""5"": ""unknown"", ""6"": ""free"", ""7"": ""free"", ""8"": ""unknown"", ""9"": ""unknown""}","{""0"": ""free"", ""1"": ""free"", ""2"": ""free"", ""3"": ""free""}",[0],"[6, 7, 12]","[1, 2, 3, 4, 5, 8, 9, 10, 11, 13, 14, 15]",False,ambiguity,False,uf_axiom,
4bit_early__SB_114__SB_30__SB_57__SR_93,SB_114,SB_30,SB_57,SR_93,early_only,early_only_hard_case,0,128,2,differential,sat,sat,0.007525939494371414,275.7486185096204,edf43a9a19e4a3f3001eec668b000cf6,edf43a9a19e4a3f3001eec668b000cf6,edf41f9a19e4a3f3001eece58b000cf6,False,sat,False,False,False,,"{""0"": ""unknown"", ""1"": ""unknown"", ""10"": ""unknown"", ""11"": ""free"", ""12"": ""unknown"", ""13"": ""unknown"", ""14"": ""unknown"", ""15"": ""unknown"", ""2"": ""free"", ""3"": ""unknown"", ""4"": ""unknown"", ""5"": ""unknown"", ""6"": ""unknown"", ""7"": ""unknown"", ""8"": ""unknown"", ""9"": ""unknown""}","{""0"": ""free"", ""1"": ""unknown"", ""2"": ""free"", ""3"": ""unknown""}",[],"[2, 11]","[0, 1, 3, 4, 5, 6, 7, 8, 9, 10, 12, 13, 14, 15]",False,ambiguity,False,uf_axiom,
4bit_early__SB_114__SB_30__SB_57__SR_93,SB_114,SB_30,SB_57,SR_93,early_only,early_only_hard_case,1,128,2,differential,sat,sat,0.0045961420983076096,201.82736180350184,99107579bc3c2c3b007a8a6fd1003606,99107579bc3c2c3b007a8a6fd1003606,99107579bc3c2c3b207a8a6fd1003606,False,sat,False,False,False,,"{""0"": ""unknown"", ""1"": ""unknown"", ""10"": ""unknown"", ""11"": ""unknown"", ""12"": ""unknown"", ""13"": ""unknown"", ""14"": ""unknown"", ""15"": ""unknown"", ""2"": ""unknown"", ""3"": ""unknown"", ""4"": ""unknown"", ""5"": ""unknown"", ""6"": ""unknown"", ""7"": ""unknown"", ""8"": ""free"", ""9"": ""unknown""}","{""0"": ""unknown"", ""1"": ""unknown"", ""2"": ""free"", ""3"": ""unknown""}",[],[8],"[0, 1, 2, 3, 4, 5, 6, 7, 9, 10, 11, 12, 13, 14, 15]",False,ambiguity,False,uf_axiom,
4bit_early__SB_3__SB_38__SR_11__SR_94,SB_3,SB_38,SR_11,SR_94,early_only,early_only_hard_case,1,128,2,differential,sat,sat,0.004142170771956444,56.12879982031882,99100079bc3c003b007a8a00d1573606,99100079bc3c003b007a8a00d1573606,99100879bc3c003b007a8a00d1573606,False,sat,False,False,False,,"{""0"": ""unknown"", ""1"": ""unknown"", ""10"": ""unknown"", ""11"": ""unknown"", ""12"": ""unknown"", ""13"": ""unknown"", ""14"": ""unknown"", ""15"": ""unknown"", ""2"": ""free"", ""3"": ""unknown"", ""4"": ""unknown"", ""5"": ""unknown"", ""6"": ""unknown"", ""7"": ""unknown"", ""8"": ""unknown"", ""9"": ""unknown""}","{""0"": ""free"", ""1"": ""free"", ""2"": ""free"", ""3"": ""unknown""}",[],[2],"[0, 1, 3, 4, 5, 6, 7, 8, 9, 10, 11, 12, 13, 14, 15]",False,ambiguity,False,uf_axiom,
4bit_early__SB_35__SB_48__SB_57__SR_10,SB_35,SB_48,SB_57,SR_10,early_only,early_only_hard_case,1,128,2,differential,sat,sat,0.0034738928079605103,46.01846929639578,99107579bc3c2c3b007a0000d1573606,99107579bc3c2c3b007a0000d1573606,a1bb1279bc972c3b007a0000d10036bf,False,sat,False,False,False,,"{""0"": ""free"", ""1"": ""free"", ""10"": ""unknown"", ""11"": ""unknown"", ""12"": ""unknown"", ""13"": ""free"", ""14"": ""unknown"", ""15"": ""free"", ""2"": ""free"", ""3"": ""unknown"", ""4"": ""unknown"", ""5"": ""free"", ""6"": ""unknown"", ""7"": ""unknown"", ""8"": ""unknown"", ""9"": ""unknown""}","{""0"": ""free"", ""1"": ""free"", ""2"": ""free"", ""3"": ""free""}",[],"[0, 1, 2, 5, 13, 15]","[3, 4, 6, 7, 8, 9, 10, 11, 12, 14]",False,ambiguity,False,uf_axiom,
4bit_early__SB_37__SR_102__SR_26__SR_34,SB_37,SR_102,SR_26,SR_34,early_only,early_only_hard_case,2,128,2,differential,sat,sat,0.005425566807389259,23.228547340258956,a66f001322007191ab9f008af4c2db61,a66f001322007191ab9f008af4c2db61,836f001322007191ab9f008af452db61,False,sat,False,False,False,,"{""0"": ""free"", ""1"": ""unknown"", ""10"": ""unknown"", ""11"": ""unknown"", ""12"": ""unknown"", ""13"": ""free"", ""14"": ""unknown"", ""15"": ""unknown"", ""2"": ""unknown"", ""3"": ""unknown"", ""4"": ""unknown"", ""5"": ""unknown"", ""6"": ""unknown"", ""7"": ""unknown"", ""8"": ""unknown"", ""9"": ""unknown""}","{""0"": ""free"", ""1"": ""free"", ""2"": ""free"", ""3"": ""free""}",[],"[0, 13]","[1, 2, 3, 4, 5, 6, 7, 8, 9, 10, 11, 12, 14, 15]",False,ambiguity,False,uf_axiom,
4bit_early__SB_59__SB_90__SR_66__SR_81,SB_59,SB_90,SR_66,SR_81,early_only,early_only_hard_case,2,192,2,differential,sat,sat,0.010114477947354317,165.88872260414064,a600651322590091ab9f8f8af4c2db61,a600651322590091ab9f8f8af4c2db61,a600651322592091ab9f8f8af4c2db61,False,sat,False,False,False,,"{""0"": ""unknown"", ""1"": ""unknown"", ""10"": ""unknown"", ""11"": ""unknown"", ""12"": ""unknown"", ""13"": ""unknown"", ""14"": ""unknown"", ""15"": ""unknown"", ""2"": ""unknown"", ""3"": ""unknown"", ""4"": ""unknown"", ""5"": ""unknown"", ""6"": ""free"", ""7"": ""unknown"", ""8"": ""unknown"", ""9"": ""unknown""}","{""0"": ""free"", ""1"": ""free"", ""2"": ""unknown"", ""3"": ""unknown""}",[],[6],"[0, 1, 2, 3, 4, 5, 7, 8, 9, 10, 11, 12, 13, 14, 15]",False,ambiguity,False,uf_axiom,
4bit_early__SB_68__SR_12__SR_14__SR_57,SB_68,SR_12,SR_14,SR_57,early_only,early_only_hard_case,0,128,2,differential,sat,sat,0.0067236535251140594,8.346332143992186,edf43a9a19e400f3bf1eec008bd00cf6,edf43a9a19e400f3bf1eec008bd00cf6,edf43a9a19e400f3bf1eec0072d00c2b,False,sat,False,False,False,,"{""0"": ""unknown"", ""1"": ""unknown"", ""10"": ""unknown"", ""11"": ""unknown"", ""12"": ""free"", ""13"": ""unknown"", ""14"": ""unknown"", ""15"": ""free"", ""2"": ""unknown"", ""3"": ""unknown"", ""4"": ""unknown"", ""5"": ""unknown"", ""6"": ""unknown"", ""7"": ""unknown"", ""8"": ""unknown"", ""9"": ""unknown""}","{""0"": ""unknown"", ""1"": ""unknown"", ""2"": ""unknown"", ""3"": ""free""}",[],"[12, 15]","[0, 1, 2, 3, 4, 5, 6, 7, 8, 9, 10, 11, 13, 14]",False,ambiguity,False,uf_axiom,
4bit_early__SB_114__SB_4__SB_80__SR_14,SB_114,SB_4,SB_80,SR_14,early_only,early_only_hard_case,2,128,2,differential,sat,unsat,0.010099507868289948,154.2097751237452,a66f651322597191ab9f8f8af4c2db61,a66f651322597191ab9f8f8af4c2db61,,True,sat,False,False,False,,"{""0"": ""fixed"", ""1"": ""fixed"", ""10"": ""fixed"", ""11"": ""fixed"", ""12"": ""fixed"", ""13"": ""fixed"", ""14"": ""fixed"", ""15"": ""fixed"", ""2"": ""fixed"", ""3"": ""fixed"", ""4"": ""fixed"", ""5"": ""fixed"", ""6"": ""fixed"", ""7"": ""fixed"", ""8"": ""fixed"", ""9"": ""fixed""}","{""0"": ""fixed"", ""1"": ""fixed"", ""2"": ""fixed"", ""3"": ""fixed""}","[0, 1, 2, 3, 4, 5, 6, 7, 8, 9, 10, 11, 12, 13, 14, 15]",[],[],False,full_key_unique,True,uf_axiom,
4bit_early__SB_19__SR_40__SR_61__SR_95,SB_19,SR_40,SR_61,SR_95,early_only,early_only_hard_case,1,128,2,differential,sat,sat,0.007053172215819359,201.36940419487655,99107579bc3c003b0d7a8a00d1573606,99107579bc3c003b0d7a8a00d1573606,995a7579bc3c003b607a8a00d1173606,False,sat,False,False,False,,"{""0"": ""unknown"", ""1"": ""free"", ""10"": ""unknown"", ""11"": ""unknown"", ""12"": ""unknown"", ""13"": ""free"", ""14"": ""unknown"", ""15"": ""unknown"", ""2"": ""unknown"", ""3"": ""unknown"", ""4"": ""unknown"", ""5"": ""unknown"", ""6"": ""unknown"", ""7"": ""unknown"", ""8"": ""free"", ""9"": ""unknown""}","{""0"": ""free"", ""1"": ""free"", ""2"": ""free"", ""3"": ""free""}",[],"[1, 8, 13]","[0, 2, 3, 4, 5, 6, 7, 9, 10, 11, 12, 14, 15]",False,ambiguity,False,uf_axiom,
4bit_early__SB_68__SR_12__SR_14__SR_57,SB_68,SR_12,SR_14,SR_57,early_only,early_only_hard_case,2,128,2,differential,sat,sat,0.00661127083003521,11.814106799662113,a66f651322590091ab9f8f00f4c2db61,a66f651322590091ab9f8f00f4c2db61,a66f651322590891ab9f270052c2db61,False,sat,False,False,False,,"{""0"": ""fixed"", ""1"": ""fixed"", ""10"": ""free"", ""11"": ""unknown"", ""12"": ""free"", ""13"": ""unknown"", ""14"": ""unknown"", ""15"": ""unknown"", ""2"": ""fixed"", ""3"": ""fixed"", ""4"": ""fixed"", ""5"": ""fixed"", ""6"": ""free"", ""7"": ""unknown"", ""8"": ""unknown"", ""9"": ""unknown""}","{""0"": ""fixed"", ""1"": ""free"", ""2"": ""free"", ""3"": ""free""}","[0, 1, 2, 3, 4, 5]","[6, 10, 12]","[7, 8, 9, 11, 13, 14, 15]",False,ambiguity,False,uf_axiom,
4bit_early__SB_31__SB_91__SB_98__SR_12,SB_31,SB_91,SB_98,SR_12,early_only,early_only_hard_case,2,128,2,differential,sat,sat,0.005240773782134056,207.22076543048024,a66f651322597191ab9f8f8af4c2db61,a66f651322597191ab9f8f8af4c2db61,a66f651322597191ab4c8f8af4c2cc61,True,sat,False,False,False,,"{""0"": ""unknown"", ""1"": ""unknown"", ""10"": ""unknown"", ""11"": ""unknown"", ""12"": ""unknown"", ""13"": ""unknown"", ""14"": ""free"", ""15"": ""unknown"", ""2"": ""unknown"", ""3"": ""unknown"", ""4"": ""unknown"", ""5"": ""unknown"", ""6"": ""unknown"", ""7"": ""unknown"", ""8"": ""unknown"", ""9"": ""free""}","{""0"": ""unknown"", ""1"": ""unknown"", ""2"": ""free"", ""3"": ""free""}",[],"[9, 14]","[0, 1, 2, 3, 4, 5, 6, 7, 8, 10, 11, 12, 13, 15]",False,ambiguity,False,uf_axiom,
4bit_early__SR_123__SR_25__SR_77__SR_78,SR_123,SR_25,SR_77,SR_78,early_only,early_only_hard_case,1,128,2,differential,sat,sat,0.004946785047650337,173.86936600506306,00107579003c2c3b0d7a006fd1573606,00107579003c2c3b0d7a006fd1573606,0010757900112c3b0d81016fd157a906,False,sat,False,False,False,,"{""0"": ""free"", ""1"": ""unknown"", ""10"": ""free"", ""11"": ""unknown"", ""12"": ""unknown"", ""13"": ""unknown"", ""14"": ""free"", ""15"": ""unknown"", ""2"": ""unknown"", ""3"": ""unknown"", ""4"": ""unknown"", ""5"": ""free"", ""6"": ""unknown"", ""7"": ""unknown"", ""8"": ""unknown"", ""9"": ""free""}","{""0"": ""free"", ""1"": ""free"", ""2"": ""free"", ""3"": ""free""}",[],"[0, 5, 9, 10, 14]","[1, 2, 3, 4, 6, 7, 8, 11, 12, 13, 15]",False,ambiguity,False,uf_axiom,
4bit_early__SB_38__SB_67__SR_1__SR_98,SB_38,SB_67,SR_1,SR_98,early_only,early_only_hard_case,2,128,2,differential,sat,sat,0.006182875484228134,47.29410067945719,a66f651322597191ab9f8f8af4c2db61,a66f651322597191ab9f8f8af4c2db61,a6d9651322590b91ab9f8f5cf4c2db61,True,sat,False,False,False,,"{""0"": ""unknown"", ""1"": ""free"", ""10"": ""unknown"", ""11"": ""free"", ""12"": ""unknown"", ""13"": ""unknown"", ""14"": ""unknown"", ""15"": ""unknown"", ""2"": ""unknown"", ""3"": ""unknown"", ""4"": ""unknown"", ""5"": ""unknown"", ""6"": ""free"", ""7"": ""unknown"", ""8"": ""unknown"", ""9"": ""unknown""}","{""0"": ""free"", ""1"": ""free"", ""2"": ""free"", ""3"": ""unknown""}",[],"[1, 6, 11]","[0, 2, 3, 4, 5, 7, 8, 9, 10, 12, 13, 14, 15]",False,ambiguity,False,uf_axiom,
4bit_early__SB_68__SR_12__SR_14__SR_57,SB_68,SR_12,SR_14,SR_57,early_only,early_only_hard_case,1,128,2,differential,sat,sat,0.0035202112048864365,13.291819600388408,99107579bc3c003b0d7a8a00d1573606,99107579bc3c003b0d7a8a00d1573606,99107579bc3c013b0d7a0800d0573606,False,sat,False,False,False,,"{""0"": ""unknown"", ""1"": ""unknown"", ""10"": ""free"", ""11"": ""unknown"", ""12"": ""free"", ""13"": ""unknown"", ""14"": ""unknown"", ""15"": ""unknown"", ""2"": ""unknown"", ""3"": ""unknown"", ""4"": ""unknown"", ""5"": ""unknown"", ""6"": ""free"", ""7"": ""unknown"", ""8"": ""unknown"", ""9"": ""unknown""}","{""0"": ""unknown"", ""1"": ""free"", ""2"": ""free"", ""3"": ""free""}",[],"[6, 10, 12]","[0, 1, 2, 3, 4, 5, 7, 8, 9, 11, 13, 14, 15]",False,ambiguity,False,uf_axiom,
4bit_early__SB_17__SB_55__SR_20__SR_33,SB_17,SB_55,SR_20,SR_33,early_only,early_only_hard_case,0,128,2,differential,sat,sat,0.004496371373534203,240.4928018283099,ed003a9a19e4a3f3bf1eec0000d00cf6,ed003a9a19e4a3f3bf1eec0000d00cf6,ed003a9a19e4a3f3bf1eec2000d00cf6,False,sat,False,False,False,,"{""0"": ""unknown"", ""1"": ""unknown"", ""10"": ""unknown"", ""11"": ""free"", ""12"": ""unknown"", ""13"": ""unknown"", ""14"": ""unknown"", ""15"": ""unknown"", ""2"": ""unknown"", ""3"": ""unknown"", ""4"": ""unknown"", ""5"": ""unknown"", ""6"": ""unknown"", ""7"": ""unknown"", ""8"": ""unknown"", ""9"": ""unknown""}","{""0"": ""free"", ""1"": ""unknown"", ""2"": ""free"", ""3"": ""unknown""}",[],[11],"[0, 1, 2, 3, 4, 5, 6, 7, 8, 9, 10, 12, 13, 14, 15]",False,ambiguity,False,uf_axiom,
4bit_early__SB_19__SR_40__SR_61__SR_95,SB_19,SR_40,SR_61,SR_95,early_only,early_only_hard_case,2,128,2,differential,sat,sat,0.004586728289723396,230.98287948779762,a66f651322590091ab9f8f00f4c2db61,a66f651322590091ab9f8f00f4c2db61,a6e4651322590091ab9f8f00f453db61,False,sat,False,False,False,,"{""0"": ""unknown"", ""1"": ""free"", ""10"": ""unknown"", ""11"": ""unknown"", ""12"": ""unknown"", ""13"": ""free"", ""14"": ""unknown"", ""15"": ""unknown"", ""2"": ""unknown"", ""3"": ""unknown"", ""4"": ""unknown"", ""5"": ""unknown"", ""6"": ""unknown"", ""7"": ""unknown"", ""8"": ""unknown"", ""9"": ""unknown""}","{""0"": ""free"", ""1"": ""free"", ""2"": ""free"", ""3"": ""free""}",[],"[1, 13]","[0, 2, 3, 4, 5, 6, 7, 8, 9, 10, 11, 12, 14, 15]",False,ambiguity,False,uf_axiom,
4bit_early__SB_31__SB_91__SB_98__SR_12,SB_31,SB_91,SB_98,SR_12,early_only,early_only_hard_case,1,192,2,differential,sat,unsat,0.008032295852899551,77.19169996678829,99107579bc3c2c3b0d7a8a6fd1573606,99107579bc3c2c3b0d7a8a6fd1573606,,True,sat,False,False,False,,"{""0"": ""fixed"", ""1"": ""fixed"", ""10"": ""fixed"", ""11"": ""fixed"", ""12"": ""fixed"", ""13"": ""fixed"", ""14"": ""fixed"", ""15"": ""fixed"", ""2"": ""fixed"", ""3"": ""fixed"", ""4"": ""fixed"", ""5"": ""fixed"", ""6"": ""fixed"", ""7"": ""fixed"", ""8"": ""fixed"", ""9"": ""fixed""}","{""0"": ""fixed"", ""1"": ""fixed"", ""2"": ""fixed"", ""3"": ""fixed""}","[0, 1, 2, 3, 4, 5, 6, 7, 8, 9, 10, 11, 12, 13, 14, 15]",[],[],False,full_key_unique,True,uf_axiom,
4bit_early__SB_17__SB_55__SR_20__SR_33,SB_17,SB_55,SR_20,SR_33,early_only,early_only_hard_case,1,128,2,differential,sat,sat,0.004399536177515984,250.5869436506182,99007579bc3c2c3b0d7a8a0000573606,99007579bc3c2c3b0d7a8a0000573606,99007579bc3c2c3b0d7a8a4000573606,False,sat,False,False,False,,"{""0"": ""unknown"", ""1"": ""unknown"", ""10"": ""unknown"", ""11"": ""free"", ""12"": ""unknown"", ""13"": ""unknown"", ""14"": ""unknown"", ""15"": ""unknown"", ""2"": ""unknown"", ""3"": ""unknown"", ""4"": ""unknown"", ""5"": ""unknown"", ""6"": ""unknown"", ""7"": ""unknown"", ""8"": ""unknown"", ""9"": ""unknown""}","{""0"": ""free"", ""1"": ""unknown"", ""2"": ""free"", ""3"": ""unknown""}",[],[11],"[0, 1, 2, 3, 4, 5, 6, 7, 8, 9, 10, 12, 13, 14, 15]",False,ambiguity,False,uf_axiom,
4bit_early__SB_37__SR_102__SR_26__SR_34,SB_37,SR_102,SR_26,SR_34,early_only,early_only_hard_case,1,128,2,differential,sat,sat,0.004451394081115723,69.45558783225715,99100079bc002c3b0d7a006fd1573606,99100079bc002c3b0d7a006fd1573606,c0104079bc002c3b0d7a006fd16a3606,False,sat,False,False,False,,"{""0"": ""free"", ""1"": ""unknown"", ""10"": ""unknown"", ""11"": ""unknown"", ""12"": ""unknown"", ""13"": ""free"", ""14"": ""unknown"", ""15"": ""unknown"", ""2"": ""free"", ""3"": ""unknown"", ""4"": ""unknown"", ""5"": ""unknown"", ""6"": ""unknown"", ""7"": ""unknown"", ""8"": ""unknown"", ""9"": ""unknown""}","{""0"": ""free"", ""1"": ""free"", ""2"": ""free"", ""3"": ""free""}",[],"[0, 2, 13]","[1, 3, 4, 5, 6, 7, 8, 9, 10, 11, 12, 14, 15]",False,ambiguity,False,uf_axiom,
4bit_early__SB_35__SB_48__SB_57__SR_10,SB_35,SB_48,SB_57,SR_10,early_only,early_only_hard_case,0,128,2,differential,sat,sat,0.0044918544590473175,294.6970463078469,edf43a9a19e4a3f3001e00008bd00cf6,edf43a9a19e4a3f3001e00008bd00cf6,04f4fe9a19e4a3f8001e080024f90cdc,False,sat,False,False,False,,"{""0"": ""free"", ""1"": ""unknown"", ""10"": ""free"", ""11"": ""unknown"", ""12"": ""free"", ""13"": ""free"", ""14"": ""unknown"", ""15"": ""free"", ""2"": ""free"", ""3"": ""unknown"", ""4"": ""unknown"", ""5"": ""unknown"", ""6"": ""unknown"", ""7"": ""free"", ""8"": ""unknown"", ""9"": ""unknown""}","{""0"": ""free"", ""1"": ""free"", ""2"": ""free"", ""3"": ""free""}",[],"[0, 2, 7, 10, 12, 13, 15]","[1, 3, 4, 5, 6, 8, 9, 11, 14]",False,ambiguity,False,uf_axiom,
4bit_early__SB_19__SR_40__SR_61__SR_95,SB_19,SR_40,SR_61,SR_95,early_only,early_only_hard_case,0,192,2,differential,sat,sat,0.006742615252733231,96.73283368721604,edf43a9a19e400f3bf1eec008bd00cf6,edf43a9a19e400f3bf1eec008bd00cf6,edf43a9a19e440f3bf1eec008bd00cf6,False,sat,False,False,False,,"{""0"": ""unknown"", ""1"": ""unknown"", ""10"": ""unknown"", ""11"": ""unknown"", ""12"": ""unknown"", ""13"": ""unknown"", ""14"": ""unknown"", ""15"": ""unknown"", ""2"": ""unknown"", ""3"": ""unknown"", ""4"": ""unknown"", ""5"": ""unknown"", ""6"": ""free"", ""7"": ""unknown"", ""8"": ""unknown"", ""9"": ""unknown""}","{""0"": ""unknown"", ""1"": ""free"", ""2"": ""unknown"", ""3"": ""unknown""}",[],[6],"[0, 1, 2, 3, 4, 5, 7, 8, 9, 10, 11, 12, 13, 14, 15]",False,ambiguity,False,uf_axiom,
4bit_early__SB_59__SB_90__SR_66__SR_81,SB_59,SB_90,SR_66,SR_81,early_only,early_only_hard_case,0,192,2,differential,sat,sat,0.008625110611319542,258.23482863232493,ed003a9a19e400f3bf1eec668bd00cf6,ed003a9a19e400f3bf1eec668bd00cf6,ed003a9a19e402f3bf1eec668bd00cf6,False,sat,False,False,False,,"{""0"": ""unknown"", ""1"": ""unknown"", ""10"": ""unknown"", ""11"": ""unknown"", ""12"": ""unknown"", ""13"": ""unknown"", ""14"": ""unknown"", ""15"": ""unknown"", ""2"": ""unknown"", ""3"": ""unknown"", ""4"": ""unknown"", ""5"": ""unknown"", ""6"": ""free"", ""7"": ""unknown"", ""8"": ""unknown"", ""9"": ""unknown""}","{""0"": ""free"", ""1"": ""free"", ""2"": ""unknown"", ""3"": ""unknown""}",[],[6],"[0, 1, 2, 3, 4, 5, 7, 8, 9, 10, 11, 12, 13, 14, 15]",False,ambiguity,False,uf_axiom,
4bit_early__SB_33__SR_119__SR_15__SR_6,SB_33,SR_119,SR_15,SR_6,early_only,early_only_hard_case,1,128,2,differential,sat,sat,0.0037888437509536743,82.80933798663318,99107579bc3c2c00007a8a0000573606,99107579bc3c2c00007a8a0000573606,99104179bc3c1800007a8a0000573606,False,sat,False,False,False,,"{""0"": ""fixed"", ""1"": ""unknown"", ""10"": ""unknown"", ""11"": ""unknown"", ""12"": ""unknown"", ""13"": ""unknown"", ""14"": ""unknown"", ""15"": ""unknown"", ""2"": ""free"", ""3"": ""unknown"", ""4"": ""unknown"", ""5"": ""unknown"", ""6"": ""free"", ""7"": ""unknown"", ""8"": ""unknown"", ""9"": ""unknown""}","{""0"": ""free"", ""1"": ""free"", ""2"": ""free"", ""3"": ""free""}",[0],"[2, 6]","[1, 3, 4, 5, 7, 8, 9, 10, 11, 12, 13, 14, 15]",False,ambiguity,False,uf_axiom,
4bit_early__SB_59__SB_90__SR_66__SR_81,SB_59,SB_90,SR_66,SR_81,early_only,early_only_hard_case,1,192,2,differential,sat,sat,0.014388956129550934,210.4766057021916,99007579bc3c003b0d7a8a6fd1573606,99007579bc3c003b0d7a8a6fd1573606,99107579bc3c003b0d7a8a6fd1573606,False,sat,False,False,False,,"{""0"": ""unknown"", ""1"": ""free"", ""10"": ""unknown"", ""11"": ""unknown"", ""12"": ""unknown"", ""13"": ""unknown"", ""14"": ""unknown"", ""15"": ""unknown"", ""2"": ""unknown"", ""3"": ""unknown"", ""4"": ""unknown"", ""5"": ""unknown"", ""6"": ""unknown"", ""7"": ""unknown"", ""8"": ""unknown"", ""9"": ""unknown""}","{""0"": ""free"", ""1"": ""free"", ""2"": ""unknown"", ""3"": ""unknown""}",[],[1],"[0, 2, 3, 4, 5, 6, 7, 8, 9, 10, 11, 12, 13, 14, 15]",False,ambiguity,False,uf_axiom,
4bit_early__SB_119__SB_77__SR_104__SR_113,SB_119,SB_77,SR_104,SR_113,early_only,early_only_hard_case,1,192,2,differential,sat,unsat,0.008414585143327713,333.3604965917766,99107579bc3c2c3b0d7a8a6fd1573606,99107579bc3c2c3b0d7a8a6fd1573606,,True,sat,False,False,False,,"{""0"": ""fixed"", ""1"": ""fixed"", ""10"": ""fixed"", ""11"": ""fixed"", ""12"": ""fixed"", ""13"": ""fixed"", ""14"": ""fixed"", ""15"": ""fixed"", ""2"": ""fixed"", ""3"": ""fixed"", ""4"": ""fixed"", ""5"": ""fixed"", ""6"": ""fixed"", ""7"": ""fixed"", ""8"": ""fixed"", ""9"": ""fixed""}","{""0"": ""fixed"", ""1"": ""fixed"", ""2"": ""fixed"", ""3"": ""fixed""}","[0, 1, 2, 3, 4, 5, 6, 7, 8, 9, 10, 11, 12, 13, 14, 15]",[],[],False,full_key_unique,True,uf_axiom,
4bit_weak_late__ARK_0__ARK_2__ARK_21__ARK_30,ARK_0,ARK_2,ARK_21,ARK_30,weak_same_column,weak_same_column_hard_case,0,64,2,differential,sat,unsat,0.002953203395009041,147.0859160758555,edf43a9a19e4a3f3bf1eec668bd00cf6,edf43a9a19e4a3f3bf1eec668bd00cf6,,True,sat,False,False,False,,"{""0"": ""fixed"", ""1"": ""fixed"", ""10"": ""fixed"", ""11"": ""fixed"", ""12"": ""fixed"", ""13"": ""fixed"", ""14"": ""fixed"", ""15"": ""fixed"", ""2"": ""fixed"", ""3"": ""fixed"", ""4"": ""fixed"", ""5"": ""fixed"", ""6"": ""fixed"", ""7"": ""fixed"", ""8"": ""fixed"", ""9"": ""fixed""}","{""0"": ""fixed"", ""1"": ""fixed"", ""2"": ""fixed"", ""3"": ""fixed""}","[0, 1, 2, 3, 4, 5, 6, 7, 8, 9, 10, 11, 12, 13, 14, 15]",[],[],False,full_key_unique,True,uf_axiom,
4bit_early__SB_22__SR_105__SR_119__SR_49,SB_22,SR_105,SR_119,SR_49,early_only,early_only_hard_case,1,192,2,differential,sat,sat,0.00716337189078331,28.723695116117597,99107579bc3c2c00007a8a6fd1003606,99107579bc3c2c00007a8a6fd1003606,99107579bc3c2c00087a8a6fd1003606,False,sat,False,False,False,,"{""0"": ""unknown"", ""1"": ""unknown"", ""10"": ""unknown"", ""11"": ""unknown"", ""12"": ""unknown"", ""13"": ""unknown"", ""14"": ""unknown"", ""15"": ""unknown"", ""2"": ""unknown"", ""3"": ""unknown"", ""4"": ""unknown"", ""5"": ""unknown"", ""6"": ""unknown"", ""7"": ""unknown"", ""8"": ""free"", ""9"": ""unknown""}","{""0"": ""unknown"", ""1"": ""unknown"", ""2"": ""free"", ""3"": ""unknown""}",[],[8],"[0, 1, 2, 3, 4, 5, 6, 7, 9, 10, 11, 12, 13, 14, 15]",False,ambiguity,False,uf_axiom,
4bit_early__SR_123__SR_25__SR_77__SR_78,SR_123,SR_25,SR_77,SR_78,early_only,early_only_hard_case,0,128,2,differential,sat,sat,0.006544595584273338,57.594099501147866,00f43a9a00e4a3f3bf1e00668bd00cf6,00f43a9a00e4a3f3bf1e00668bd00cf6,00f43a9a0000a3f3bf0400668bd052f6,False,sat,False,False,False,,"{""0"": ""free"", ""1"": ""unknown"", ""10"": ""unknown"", ""11"": ""unknown"", ""12"": ""unknown"", ""13"": ""unknown"", ""14"": ""free"", ""15"": ""unknown"", ""2"": ""unknown"", ""3"": ""unknown"", ""4"": ""unknown"", ""5"": ""free"", ""6"": ""unknown"", ""7"": ""unknown"", ""8"": ""unknown"", ""9"": ""free""}","{""0"": ""free"", ""1"": ""free"", ""2"": ""free"", ""3"": ""free""}",[],"[0, 5, 9, 14]","[1, 2, 3, 4, 6, 7, 8, 10, 11, 12, 13, 15]",False,ambiguity,False,uf_axiom,
4bit_early__SB_37__SR_102__SR_26__SR_34,SB_37,SR_102,SR_26,SR_34,early_only,early_only_hard_case,0,128,2,differential,sat,sat,0.005653927102684975,88.42306397296488,edf4009a1900a3f3bf1e00668bd00cf6,edf4009a1900a3f3bf1e00668bd00cf6,95f4009a1900a3a8bf1e00668bbf0cad,False,sat,False,False,False,,"{""0"": ""free"", ""1"": ""unknown"", ""10"": ""unknown"", ""11"": ""unknown"", ""12"": ""unknown"", ""13"": ""free"", ""14"": ""unknown"", ""15"": ""free"", ""2"": ""unknown"", ""3"": ""unknown"", ""4"": ""unknown"", ""5"": ""unknown"", ""6"": ""unknown"", ""7"": ""free"", ""8"": ""unknown"", ""9"": ""unknown""}","{""0"": ""free"", ""1"": ""free"", ""2"": ""free"", ""3"": ""free""}",[],"[0, 7, 13, 15]","[1, 2, 3, 4, 5, 6, 8, 9, 10, 11, 12, 14]",False,ambiguity,False,uf_axiom,
4bit_early__SB_119__SB_77__SR_104__SR_113,SB_119,SB_77,SR_104,SR_113,early_only,early_only_hard_case,0,192,2,differential,sat,unsat,0.008443107828497887,101.13211455568671,edf43a9a19e4a3f3bf1eec668bd00cf6,edf43a9a19e4a3f3bf1eec668bd00cf6,,True,sat,False,False,False,,"{""0"": ""fixed"", ""1"": ""fixed"", ""10"": ""fixed"", ""11"": ""fixed"", ""12"": ""fixed"", ""13"": ""fixed"", ""14"": ""fixed"", ""15"": ""fixed"", ""2"": ""fixed"", ""3"": ""fixed"", ""4"": ""fixed"", ""5"": ""fixed"", ""6"": ""fixed"", ""7"": ""fixed"", ""8"": ""fixed"", ""9"": ""fixed""}","{""0"": ""fixed"", ""1"": ""fixed"", ""2"": ""fixed"", ""3"": ""fixed""}","[0, 1, 2, 3, 4, 5, 6, 7, 8, 9, 10, 11, 12, 13, 14, 15]",[],[],False,full_key_unique,True,uf_axiom,
4bit_early__SB_115__SB_14__SB_59__SR_20,SB_115,SB_14,SB_59,SR_20,early_only,early_only_hard_case,2,192,2,differential,sat,unsat,0.013345576822757721,114.05523570999503,a66f651322597191ab9f8f8af4c2db61,a66f651322597191ab9f8f8af4c2db61,,True,sat,False,False,False,,"{""0"": ""fixed"", ""1"": ""fixed"", ""10"": ""fixed"", ""11"": ""fixed"", ""12"": ""fixed"", ""13"": ""fixed"", ""14"": ""fixed"", ""15"": ""fixed"", ""2"": ""fixed"", ""3"": ""fixed"", ""4"": ""fixed"", ""5"": ""fixed"", ""6"": ""fixed"", ""7"": ""fixed"", ""8"": ""fixed"", ""9"": ""fixed""}","{""0"": ""fixed"", ""1"": ""fixed"", ""2"": ""fixed"", ""3"": ""fixed""}","[0, 1, 2, 3, 4, 5, 6, 7, 8, 9, 10, 11, 12, 13, 14, 15]",[],[],False,full_key_unique,True,uf_axiom,
4bit_early__SB_4__SB_51__SB_80__SR_27,SB_4,SB_51,SB_80,SR_27,early_only,early_only_hard_case,1,192,2,differential,sat,unsat,0.013864435255527496,129.47187864407897,99107579bc3c2c3b0d7a8a6fd1573606,99107579bc3c2c3b0d7a8a6fd1573606,,True,sat,False,False,False,,"{""0"": ""fixed"", ""1"": ""fixed"", ""10"": ""fixed"", ""11"": ""fixed"", ""12"": ""fixed"", ""13"": ""fixed"", ""14"": ""fixed"", ""15"": ""fixed"", ""2"": ""fixed"", ""3"": ""fixed"", ""4"": ""fixed"", ""5"": ""fixed"", ""6"": ""fixed"", ""7"": ""fixed"", ""8"": ""fixed"", ""9"": ""fixed""}","{""0"": ""fixed"", ""1"": ""fixed"", ""2"": ""fixed"", ""3"": ""fixed""}","[0, 1, 2, 3, 4, 5, 6, 7, 8, 9, 10, 11, 12, 13, 14, 15]",[],[],False,full_key_unique,True,uf_axiom,
4bit_early__SB_38__SB_67__SR_1__SR_98,SB_38,SB_67,SR_1,SR_98,early_only,early_only_hard_case,0,128,2,differential,sat,unsat,0.00640476867556572,182.0068814456463,edf43a9a19e4a3f3bf1eec668bd00cf6,edf43a9a19e4a3f3bf1eec668bd00cf6,,True,sat,False,False,False,,"{""0"": ""fixed"", ""1"": ""fixed"", ""10"": ""fixed"", ""11"": ""fixed"", ""12"": ""fixed"", ""13"": ""fixed"", ""14"": ""fixed"", ""15"": ""fixed"", ""2"": ""fixed"", ""3"": ""fixed"", ""4"": ""fixed"", ""5"": ""fixed"", ""6"": ""fixed"", ""7"": ""fixed"", ""8"": ""fixed"", ""9"": ""fixed""}","{""0"": ""fixed"", ""1"": ""fixed"", ""2"": ""fixed"", ""3"": ""fixed""}","[0, 1, 2, 3, 4, 5, 6, 7, 8, 9, 10, 11, 12, 13, 14, 15]",[],[],False,full_key_unique,True,uf_axiom,
4bit_early__SB_38__SB_67__SR_1__SR_98,SB_38,SB_67,SR_1,SR_98,early_only,early_only_hard_case,1,128,2,differential,sat,unsat,0.006509663537144661,40.796375554054976,99107579bc3c2c3b0d7a8a6fd1573606,99107579bc3c2c3b0d7a8a6fd1573606,,True,sat,False,False,False,,"{""0"": ""fixed"", ""1"": ""fixed"", ""10"": ""fixed"", ""11"": ""fixed"", ""12"": ""fixed"", ""13"": ""fixed"", ""14"": ""fixed"", ""15"": ""fixed"", ""2"": ""fixed"", ""3"": ""fixed"", ""4"": ""fixed"", ""5"": ""fixed"", ""6"": ""fixed"", ""7"": ""fixed"", ""8"": ""fixed"", ""9"": ""fixed""}","{""0"": ""fixed"", ""1"": ""fixed"", ""2"": ""fixed"", ""3"": ""fixed""}","[0, 1, 2, 3, 4, 5, 6, 7, 8, 9, 10, 11, 12, 13, 14, 15]",[],[],False,full_key_unique,True,uf_axiom,
4bit_early__SB_101__SB_7__SR_16__SR_54,SB_101,SB_7,SR_16,SR_54,early_only,early_only_hard_case,2,192,2,differential,sat,sat,0.010614529252052307,104.74126482196152,a66f650022597191ab008f8af4c2db61,a66f650022597191ab008f8af4c2db61,a66f650122597191ab008f8af4c2db61,False,sat,False,False,False,,"{""0"": ""unknown"", ""1"": ""unknown"", ""10"": ""unknown"", ""11"": ""unknown"", ""12"": ""unknown"", ""13"": ""unknown"", ""14"": ""unknown"", ""15"": ""unknown"", ""2"": ""unknown"", ""3"": ""free"", ""4"": ""unknown"", ""5"": ""unknown"", ""6"": ""unknown"", ""7"": ""unknown"", ""8"": ""unknown"", ""9"": ""unknown""}","{""0"": ""free"", ""1"": ""unknown"", ""2"": ""unknown"", ""3"": ""unknown""}",[],[3],"[0, 1, 2, 4, 5, 6, 7, 8, 9, 10, 11, 12, 13, 14, 15]",False,ambiguity,False,uf_axiom,
4bit_early__SB_31__SB_91__SB_98__SR_12,SB_31,SB_91,SB_98,SR_12,early_only,early_only_hard_case,0,192,2,differential,sat,unsat,0.008449684828519821,120.76318516768515,edf43a9a19e4a3f3bf1eec668bd00cf6,edf43a9a19e4a3f3bf1eec668bd00cf6,,True,sat,False,False,False,,"{""0"": ""fixed"", ""1"": ""fixed"", ""10"": ""fixed"", ""11"": ""fixed"", ""12"": ""fixed"", ""13"": ""fixed"", ""14"": ""fixed"", ""15"": ""fixed"", ""2"": ""fixed"", ""3"": ""fixed"", ""4"": ""fixed"", ""5"": ""fixed"", ""6"": ""fixed"", ""7"": ""fixed"", ""8"": ""fixed"", ""9"": ""fixed""}","{""0"": ""fixed"", ""1"": ""fixed"", ""2"": ""fixed"", ""3"": ""fixed""}","[0, 1, 2, 3, 4, 5, 6, 7, 8, 9, 10, 11, 12, 13, 14, 15]",[],[],False,full_key_unique,True,uf_axiom,
4bit_early__SB_57__SR_46__SR_56__SR_79,SB_57,SR_46,SR_56,SR_79,early_only,early_only_hard_case,2,192,2,differential,sat,unsat,0.008321007713675499,373.289300467819,a66f651322597191ab9f8f8af4c2db61,a66f651322597191ab9f8f8af4c2db61,,True,sat,False,False,False,,"{""0"": ""fixed"", ""1"": ""fixed"", ""10"": ""fixed"", ""11"": ""fixed"", ""12"": ""fixed"", ""13"": ""fixed"", ""14"": ""fixed"", ""15"": ""fixed"", ""2"": ""fixed"", ""3"": ""fixed"", ""4"": ""fixed"", ""5"": ""fixed"", ""6"": ""fixed"", ""7"": ""fixed"", ""8"": ""fixed"", ""9"": ""fixed""}","{""0"": ""fixed"", ""1"": ""fixed"", ""2"": ""fixed"", ""3"": ""fixed""}","[0, 1, 2, 3, 4, 5, 6, 7, 8, 9, 10, 11, 12, 13, 14, 15]",[],[],False,full_key_unique,True,uf_axiom,
4bit_early__SB_115__SB_14__SB_59__SR_20,SB_115,SB_14,SB_59,SR_20,early_only,early_only_hard_case,0,192,2,differential,sat,unsat,0.009598057717084885,145.81800684332848,edf43a9a19e4a3f3bf1eec668bd00cf6,edf43a9a19e4a3f3bf1eec668bd00cf6,,True,sat,False,False,False,,"{""0"": ""fixed"", ""1"": ""fixed"", ""10"": ""fixed"", ""11"": ""fixed"", ""12"": ""fixed"", ""13"": ""fixed"", ""14"": ""fixed"", ""15"": ""fixed"", ""2"": ""fixed"", ""3"": ""fixed"", ""4"": ""fixed"", ""5"": ""fixed"", ""6"": ""fixed"", ""7"": ""fixed"", ""8"": ""fixed"", ""9"": ""fixed""}","{""0"": ""fixed"", ""1"": ""fixed"", ""2"": ""fixed"", ""3"": ""fixed""}","[0, 1, 2, 3, 4, 5, 6, 7, 8, 9, 10, 11, 12, 13, 14, 15]",[],[],False,full_key_unique,True,uf_axiom,
4bit_weak_late__ARK_29__MC_1__MC_14__MC_9,ARK_29,MC_1,MC_14,MC_9,weak_same_column,weak_same_column_hard_case,2,64,2,differential,sat,unsat,0.003401337191462517,97.2035146150738,a66f651322597191ab9f8f8af4c2db61,a66f651322597191ab9f8f8af4c2db61,,True,sat,False,False,False,,"{""0"": ""fixed"", ""1"": ""fixed"", ""10"": ""fixed"", ""11"": ""fixed"", ""12"": ""fixed"", ""13"": ""fixed"", ""14"": ""fixed"", ""15"": ""fixed"", ""2"": ""fixed"", ""3"": ""fixed"", ""4"": ""fixed"", ""5"": ""fixed"", ""6"": ""fixed"", ""7"": ""fixed"", ""8"": ""fixed"", ""9"": ""fixed""}","{""0"": ""fixed"", ""1"": ""fixed"", ""2"": ""fixed"", ""3"": ""fixed""}","[0, 1, 2, 3, 4, 5, 6, 7, 8, 9, 10, 11, 12, 13, 14, 15]",[],[],False,full_key_unique,True,uf_axiom,
4bit_weak_late__ARK_2__MC_17__MC_19__MC_8,ARK_2,MC_17,MC_19,MC_8,weak_same_column,weak_same_column_hard_case,0,64,2,differential,sat,unsat,0.006127607077360153,115.76691881939769,edf43a9a19e4a3f3bf1eec668bd00cf6,edf43a9a19e4a3f3bf1eec668bd00cf6,,True,sat,False,False,False,,"{""0"": ""fixed"", ""1"": ""fixed"", ""10"": ""fixed"", ""11"": ""fixed"", ""12"": ""fixed"", ""13"": ""fixed"", ""14"": ""fixed"", ""15"": ""fixed"", ""2"": ""fixed"", ""3"": ""fixed"", ""4"": ""fixed"", ""5"": ""fixed"", ""6"": ""fixed"", ""7"": ""fixed"", ""8"": ""fixed"", ""9"": ""fixed""}","{""0"": ""fixed"", ""1"": ""fixed"", ""2"": ""fixed"", ""3"": ""fixed""}","[0, 1, 2, 3, 4, 5, 6, 7, 8, 9, 10, 11, 12, 13, 14, 15]",[],[],False,full_key_unique,True,uf_axiom,
4bit_early__SB_22__SR_105__SR_119__SR_49,SB_22,SR_105,SR_119,SR_49,early_only,early_only_hard_case,0,192,2,differential,sat,sat,0.011870011687278748,166.48243970796466,edf43a9a19e4a300001eec668b000cf6,edf43a9a19e4a300001eec668b000cf6,edf43a9a19e4a300021eec668b000cf6,False,sat,False,False,False,,"{""0"": ""unknown"", ""1"": ""unknown"", ""10"": ""unknown"", ""11"": ""unknown"", ""12"": ""unknown"", ""13"": ""unknown"", ""14"": ""unknown"", ""15"": ""unknown"", ""2"": ""unknown"", ""3"": ""unknown"", ""4"": ""unknown"", ""5"": ""unknown"", ""6"": ""unknown"", ""7"": ""unknown"", ""8"": ""free"", ""9"": ""unknown""}","{""0"": ""unknown"", ""1"": ""unknown"", ""2"": ""free"", ""3"": ""unknown""}",[],[8],"[0, 1, 2, 3, 4, 5, 6, 7, 9, 10, 11, 12, 13, 14, 15]",False,ambiguity,False,uf_axiom,
4bit_early__SB_37__SB_71__SR_11__SR_83,SB_37,SB_71,SR_11,SR_83,early_only,early_only_hard_case,2,128,2,differential,sat,sat,0.006145363673567772,5.873029913753271,a66f651322590091ab9f8f0000c2db61,a66f651322590091ab9f8f0000c2db61,a66f651322590091ab9f8f0001c2db61,False,sat,False,False,False,,"{""0"": ""fixed"", ""1"": ""fixed"", ""10"": ""fixed"", ""11"": ""unknown"", ""12"": ""free"", ""13"": ""unknown"", ""14"": ""unknown"", ""15"": ""unknown"", ""2"": ""fixed"", ""3"": ""fixed"", ""4"": ""fixed"", ""5"": ""fixed"", ""6"": ""free"", ""7"": ""fixed"", ""8"": ""fixed"", ""9"": ""fixed""}","{""0"": ""fixed"", ""1"": ""free"", ""2"": ""free"", ""3"": ""free""}","[0, 1, 2, 3, 4, 5, 7, 8, 9, 10]","[6, 12]","[11, 13, 14, 15]",False,ambiguity,False,uf_axiom,
4bit_early__SB_4__SB_51__SB_80__SR_27,SB_4,SB_51,SB_80,SR_27,early_only,early_only_hard_case,2,192,2,differential,sat,unsat,0.007600670680403709,176.22394903376698,a66f651322597191ab9f8f8af4c2db61,a66f651322597191ab9f8f8af4c2db61,,True,sat,False,False,False,,"{""0"": ""fixed"", ""1"": ""fixed"", ""10"": ""fixed"", ""11"": ""fixed"", ""12"": ""fixed"", ""13"": ""fixed"", ""14"": ""fixed"", ""15"": ""fixed"", ""2"": ""fixed"", ""3"": ""fixed"", ""4"": ""fixed"", ""5"": ""fixed"", ""6"": ""fixed"", ""7"": ""fixed"", ""8"": ""fixed"", ""9"": ""fixed""}","{""0"": ""fixed"", ""1"": ""fixed"", ""2"": ""fixed"", ""3"": ""fixed""}","[0, 1, 2, 3, 4, 5, 6, 7, 8, 9, 10, 11, 12, 13, 14, 15]",[],[],False,full_key_unique,True,uf_axiom,
4bit_early__SB_37__SB_81__SR_16__SR_45,SB_37,SB_81,SR_16,SR_45,early_only,early_only_hard_case,0,192,2,differential,sat,sat,0.008944878354668617,85.28457614779472,edf43a9a19e4a3f3bf1eec0000d00cf6,edf43a9a19e4a3f3bf1eec0000d00cf6,5a943a9a193363f3bf1eec0000d0a411,False,sat,False,False,False,,"{""0"": ""free"", ""1"": ""free"", ""10"": ""unknown"", ""11"": ""unknown"", ""12"": ""unknown"", ""13"": ""unknown"", ""14"": ""free"", ""15"": ""free"", ""2"": ""unknown"", ""3"": ""unknown"", ""4"": ""unknown"", ""5"": ""free"", ""6"": ""free"", ""7"": ""unknown"", ""8"": ""unknown"", ""9"": ""unknown""}","{""0"": ""free"", ""1"": ""free"", ""2"": ""free"", ""3"": ""free""}",[],"[0, 1, 5, 6, 14, 15]","[2, 3, 4, 7, 8, 9, 10, 11, 12, 13]",False,ambiguity,False,uf_axiom,
4bit_weak_late__MC_18__MC_22__MC_4__MC_7,MC_18,MC_22,MC_4,MC_7,weak_same_column,weak_same_column_hard_case,0,64,2,differential,sat,unsat,0.0037758201360702515,89.60030364617705,edf43a9a19e4a3f3bf1eec668bd00cf6,edf43a9a19e4a3f3bf1eec668bd00cf6,,True,sat,False,False,False,,"{""0"": ""fixed"", ""1"": ""fixed"", ""10"": ""fixed"", ""11"": ""fixed"", ""12"": ""fixed"", ""13"": ""fixed"", ""14"": ""fixed"", ""15"": ""fixed"", ""2"": ""fixed"", ""3"": ""fixed"", ""4"": ""fixed"", ""5"": ""fixed"", ""6"": ""fixed"", ""7"": ""fixed"", ""8"": ""fixed"", ""9"": ""fixed""}","{""0"": ""fixed"", ""1"": ""fixed"", ""2"": ""fixed"", ""3"": ""fixed""}","[0, 1, 2, 3, 4, 5, 6, 7, 8, 9, 10, 11, 12, 13, 14, 15]",[],[],False,full_key_unique,True,uf_axiom,
4bit_weak_late__ARK_20__MC_11__MC_12__MC_2,ARK_20,MC_11,MC_12,MC_2,weak_same_column,weak_same_column_hard_case,0,64,2,differential,sat,unsat,0.003854747861623764,106.93812653236091,edf43a9a19e4a3f3bf1eec668bd00cf6,edf43a9a19e4a3f3bf1eec668bd00cf6,,True,sat,False,False,False,,"{""0"": ""fixed"", ""1"": ""fixed"", ""10"": ""fixed"", ""11"": ""fixed"", ""12"": ""fixed"", ""13"": ""fixed"", ""14"": ""fixed"", ""15"": ""fixed"", ""2"": ""fixed"", ""3"": ""fixed"", ""4"": ""fixed"", ""5"": ""fixed"", ""6"": ""fixed"", ""7"": ""fixed"", ""8"": ""fixed"", ""9"": ""fixed""}","{""0"": ""fixed"", ""1"": ""fixed"", ""2"": ""fixed"", ""3"": ""fixed""}","[0, 1, 2, 3, 4, 5, 6, 7, 8, 9, 10, 11, 12, 13, 14, 15]",[],[],False,full_key_unique,True,uf_axiom,
4bit_early__SR_38__SR_55__SR_65__SR_79,SR_38,SR_55,SR_65,SR_79,early_only,early_only_hard_case,0,192,2,differential,sat,sat,0.009080260992050171,145.35408398881555,edf43a9a19e4a3f3bf1eec668bd00cf6,edf43a9a19e4a3f3bf1eec668bd00cf6,edf43a9a19e4a3f3bf1e09668bd00c89,True,sat,False,False,False,,"{""0"": ""unknown"", ""1"": ""unknown"", ""10"": ""free"", ""11"": ""unknown"", ""12"": ""unknown"", ""13"": ""unknown"", ""14"": ""unknown"", ""15"": ""free"", ""2"": ""unknown"", ""3"": ""unknown"", ""4"": ""unknown"", ""5"": ""unknown"", ""6"": ""unknown"", ""7"": ""unknown"", ""8"": ""unknown"", ""9"": ""unknown""}","{""0"": ""unknown"", ""1"": ""unknown"", ""2"": ""free"", ""3"": ""free""}",[],"[10, 15]","[0, 1, 2, 3, 4, 5, 6, 7, 8, 9, 11, 12, 13, 14]",False,ambiguity,False,uf_axiom,
4bit_early__SB_22__SR_105__SR_119__SR_49,SB_22,SR_105,SR_119,SR_49,early_only,early_only_hard_case,2,192,2,differential,sat,sat,0.008451519533991814,210.77038562484086,a66f651322597100009f8f8af400db61,a66f651322597100009f8f8af400db61,a66f651322597102009f8f8af400db61,False,sat,False,False,False,,"{""0"": ""unknown"", ""1"": ""unknown"", ""10"": ""unknown"", ""11"": ""unknown"", ""12"": ""unknown"", ""13"": ""unknown"", ""14"": ""unknown"", ""15"": ""unknown"", ""2"": ""unknown"", ""3"": ""unknown"", ""4"": ""unknown"", ""5"": ""unknown"", ""6"": ""unknown"", ""7"": ""free"", ""8"": ""unknown"", ""9"": ""unknown""}","{""0"": ""unknown"", ""1"": ""free"", ""2"": ""unknown"", ""3"": ""unknown""}",[],[7],"[0, 1, 2, 3, 4, 5, 6, 8, 9, 10, 11, 12, 13, 14, 15]",False,ambiguity,False,uf_axiom,
4bit_early__SB_57__SR_46__SR_56__SR_79,SB_57,SR_46,SR_56,SR_79,early_only,early_only_hard_case,1,192,2,differential,sat,unsat,0.007901398465037346,245.16313131153584,99107579bc3c2c3b0d7a8a6fd1573606,99107579bc3c2c3b0d7a8a6fd1573606,,True,sat,False,False,False,,"{""0"": ""fixed"", ""1"": ""fixed"", ""10"": ""fixed"", ""11"": ""fixed"", ""12"": ""fixed"", ""13"": ""fixed"", ""14"": ""fixed"", ""15"": ""fixed"", ""2"": ""fixed"", ""3"": ""fixed"", ""4"": ""fixed"", ""5"": ""fixed"", ""6"": ""fixed"", ""7"": ""fixed"", ""8"": ""fixed"", ""9"": ""fixed""}","{""0"": ""fixed"", ""1"": ""fixed"", ""2"": ""fixed"", ""3"": ""fixed""}","[0, 1, 2, 3, 4, 5, 6, 7, 8, 9, 10, 11, 12, 13, 14, 15]",[],[],False,full_key_unique,True,uf_axiom,
4bit_early__SB_24__SB_62__SB_73__SR_114,SB_24,SB_62,SB_73,SR_114,early_only,early_only_hard_case,0,192,2,differential,sat,sat,0.00926649197936058,323.6038916390389,edf43a9a19e4a3f3bf1eec008bd00cf6,edf43a9a19e4a3f3bf1eec008bd00cf6,edf43a9a19e4a3f3bf1eec028bd00cf6,False,sat,False,False,False,,"{""0"": ""unknown"", ""1"": ""unknown"", ""10"": ""unknown"", ""11"": ""free"", ""12"": ""unknown"", ""13"": ""unknown"", ""14"": ""unknown"", ""15"": ""unknown"", ""2"": ""unknown"", ""3"": ""unknown"", ""4"": ""unknown"", ""5"": ""unknown"", ""6"": ""unknown"", ""7"": ""unknown"", ""8"": ""unknown"", ""9"": ""unknown""}","{""0"": ""unknown"", ""1"": ""unknown"", ""2"": ""free"", ""3"": ""unknown""}",[],[11],"[0, 1, 2, 3, 4, 5, 6, 7, 8, 9, 10, 12, 13, 14, 15]",False,ambiguity,False,uf_axiom,
4bit_weak_late__ARK_20__ARK_22__MC_27__MC_9,ARK_20,ARK_22,MC_27,MC_9,weak_same_column,weak_same_column_hard_case,1,64,2,differential,sat,unsat,0.0034295469522476196,88.18761305510998,99107579bc3c2c3b0d7a8a6fd1573606,99107579bc3c2c3b0d7a8a6fd1573606,,True,sat,False,False,False,,"{""0"": ""fixed"", ""1"": ""fixed"", ""10"": ""fixed"", ""11"": ""fixed"", ""12"": ""fixed"", ""13"": ""fixed"", ""14"": ""fixed"", ""15"": ""fixed"", ""2"": ""fixed"", ""3"": ""fixed"", ""4"": ""fixed"", ""5"": ""fixed"", ""6"": ""fixed"", ""7"": ""fixed"", ""8"": ""fixed"", ""9"": ""fixed""}","{""0"": ""fixed"", ""1"": ""fixed"", ""2"": ""fixed"", ""3"": ""fixed""}","[0, 1, 2, 3, 4, 5, 6, 7, 8, 9, 10, 11, 12, 13, 14, 15]",[],[],False,full_key_unique,True,uf_axiom,
4bit_weak_late__ARK_0__ARK_2__ARK_21__ARK_30,ARK_0,ARK_2,ARK_21,ARK_30,weak_same_column,weak_same_column_hard_case,1,64,2,differential,sat,unsat,0.0037838276475667953,127.42933304049075,99107579bc3c2c3b0d7a8a6fd1573606,99107579bc3c2c3b0d7a8a6fd1573606,,True,sat,False,False,False,,"{""0"": ""fixed"", ""1"": ""fixed"", ""10"": ""fixed"", ""11"": ""fixed"", ""12"": ""fixed"", ""13"": ""fixed"", ""14"": ""fixed"", ""15"": ""fixed"", ""2"": ""fixed"", ""3"": ""fixed"", ""4"": ""fixed"", ""5"": ""fixed"", ""6"": ""fixed"", ""7"": ""fixed"", ""8"": ""fixed"", ""9"": ""fixed""}","{""0"": ""fixed"", ""1"": ""fixed"", ""2"": ""fixed"", ""3"": ""fixed""}","[0, 1, 2, 3, 4, 5, 6, 7, 8, 9, 10, 11, 12, 13, 14, 15]",[],[],False,full_key_unique,True,uf_axiom,
4bit_weak_late__ARK_20__ARK_22__MC_27__MC_9,ARK_20,ARK_22,MC_27,MC_9,weak_same_column,weak_same_column_hard_case,0,64,2,differential,sat,unsat,0.0033175889402627945,87.07110684551299,edf43a9a19e4a3f3bf1eec668bd00cf6,edf43a9a19e4a3f3bf1eec668bd00cf6,,True,sat,False,False,False,,"{""0"": ""fixed"", ""1"": ""fixed"", ""10"": ""fixed"", ""11"": ""fixed"", ""12"": ""fixed"", ""13"": ""fixed"", ""14"": ""fixed"", ""15"": ""fixed"", ""2"": ""fixed"", ""3"": ""fixed"", ""4"": ""fixed"", ""5"": ""fixed"", ""6"": ""fixed"", ""7"": ""fixed"", ""8"": ""fixed"", ""9"": ""fixed""}","{""0"": ""fixed"", ""1"": ""fixed"", ""2"": ""fixed"", ""3"": ""fixed""}","[0, 1, 2, 3, 4, 5, 6, 7, 8, 9, 10, 11, 12, 13, 14, 15]",[],[],False,full_key_unique,True,uf_axiom,
4bit_early__SB_43__SR_48__SR_74__SR_99,SB_43,SR_48,SR_74,SR_99,early_only,early_only_hard_case,1,128,2,differential,sat,sat,0.004988186061382294,194.36551822535694,99107579bc3c2c000d7a8a6fd1573606,99107579bc3c2c000d7a8a6fd1573606,12102879bc3c2c00867af06fd15736d4,False,sat,False,False,False,,"{""0"": ""free"", ""1"": ""unknown"", ""10"": ""free"", ""11"": ""unknown"", ""12"": ""unknown"", ""13"": ""unknown"", ""14"": ""unknown"", ""15"": ""free"", ""2"": ""free"", ""3"": ""unknown"", ""4"": ""unknown"", ""5"": ""unknown"", ""6"": ""unknown"", ""7"": ""unknown"", ""8"": ""free"", ""9"": ""unknown""}","{""0"": ""free"", ""1"": ""free"", ""2"": ""free"", ""3"": ""free""}",[],"[0, 2, 8, 10, 15]","[1, 3, 4, 5, 6, 7, 9, 11, 12, 13, 14]",False,ambiguity,False,uf_axiom,
4bit_weak_late__ARK_29__MC_1__MC_14__MC_9,ARK_29,MC_1,MC_14,MC_9,weak_same_column,weak_same_column_hard_case,1,64,2,differential,sat,unsat,0.0034986604005098343,81.25956327654421,99107579bc3c2c3b0d7a8a6fd1573606,99107579bc3c2c3b0d7a8a6fd1573606,,True,sat,False,False,False,,"{""0"": ""fixed"", ""1"": ""fixed"", ""10"": ""fixed"", ""11"": ""fixed"", ""12"": ""fixed"", ""13"": ""fixed"", ""14"": ""fixed"", ""15"": ""fixed"", ""2"": ""fixed"", ""3"": ""fixed"", ""4"": ""fixed"", ""5"": ""fixed"", ""6"": ""fixed"", ""7"": ""fixed"", ""8"": ""fixed"", ""9"": ""fixed""}","{""0"": ""fixed"", ""1"": ""fixed"", ""2"": ""fixed"", ""3"": ""fixed""}","[0, 1, 2, 3, 4, 5, 6, 7, 8, 9, 10, 11, 12, 13, 14, 15]",[],[],False,full_key_unique,True,uf_axiom,
4bit_early__SB_115__SB_14__SB_59__SR_20,SB_115,SB_14,SB_59,SR_20,early_only,early_only_hard_case,1,192,2,differential,sat,unsat,0.008374616503715515,253.3354806676507,99107579bc3c2c3b0d7a8a6fd1573606,99107579bc3c2c3b0d7a8a6fd1573606,,True,sat,False,False,False,,"{""0"": ""fixed"", ""1"": ""fixed"", ""10"": ""fixed"", ""11"": ""fixed"", ""12"": ""fixed"", ""13"": ""fixed"", ""14"": ""fixed"", ""15"": ""fixed"", ""2"": ""fixed"", ""3"": ""fixed"", ""4"": ""fixed"", ""5"": ""fixed"", ""6"": ""fixed"", ""7"": ""fixed"", ""8"": ""fixed"", ""9"": ""fixed""}","{""0"": ""fixed"", ""1"": ""fixed"", ""2"": ""fixed"", ""3"": ""fixed""}","[0, 1, 2, 3, 4, 5, 6, 7, 8, 9, 10, 11, 12, 13, 14, 15]",[],[],False,full_key_unique,True,uf_axiom,
4bit_early__SB_37__SB_71__SR_11__SR_83,SB_37,SB_71,SR_11,SR_83,early_only,early_only_hard_case,0,128,2,differential,sat,sat,0.004425296559929848,116.90164072625339,edf43a9a19e400f3bf1eec0000d00cf6,edf43a9a19e400f3bf1eec0000d00cf6,edf43a9a19e401f3bf1eec0000d00cf6,False,sat,False,False,False,,"{""0"": ""unknown"", ""1"": ""unknown"", ""10"": ""unknown"", ""11"": ""unknown"", ""12"": ""unknown"", ""13"": ""unknown"", ""14"": ""unknown"", ""15"": ""unknown"", ""2"": ""unknown"", ""3"": ""unknown"", ""4"": ""unknown"", ""5"": ""unknown"", ""6"": ""free"", ""7"": ""unknown"", ""8"": ""unknown"", ""9"": ""unknown""}","{""0"": ""unknown"", ""1"": ""free"", ""2"": ""unknown"", ""3"": ""unknown""}",[],[6],"[0, 1, 2, 3, 4, 5, 7, 8, 9, 10, 11, 12, 13, 14, 15]",False,ambiguity,False,uf_axiom,
4bit_early__SB_119__SB_77__SR_104__SR_113,SB_119,SB_77,SR_104,SR_113,early_only,early_only_hard_case,2,192,2,differential,sat,unsat,0.007848130539059639,408.67721335589886,a66f651322597191ab9f8f8af4c2db61,a66f651322597191ab9f8f8af4c2db61,,True,sat,False,False,False,,"{""0"": ""fixed"", ""1"": ""fixed"", ""10"": ""fixed"", ""11"": ""fixed"", ""12"": ""fixed"", ""13"": ""fixed"", ""14"": ""fixed"", ""15"": ""fixed"", ""2"": ""fixed"", ""3"": ""fixed"", ""4"": ""fixed"", ""5"": ""fixed"", ""6"": ""fixed"", ""7"": ""fixed"", ""8"": ""fixed"", ""9"": ""fixed""}","{""0"": ""fixed"", ""1"": ""fixed"", ""2"": ""fixed"", ""3"": ""fixed""}","[0, 1, 2, 3, 4, 5, 6, 7, 8, 9, 10, 11, 12, 13, 14, 15]",[],[],False,full_key_unique,True,uf_axiom,
4bit_weak_late__ARK_11__ARK_6__MC_10__MC_2,ARK_11,ARK_6,MC_10,MC_2,weak_same_column,weak_same_column_hard_case,1,64,2,differential,sat,unsat,0.003084275871515274,98.94271130301058,99107579bc3c2c3b0d7a8a6fd1573606,99107579bc3c2c3b0d7a8a6fd1573606,,True,sat,False,False,False,,"{""0"": ""fixed"", ""1"": ""fixed"", ""10"": ""fixed"", ""11"": ""fixed"", ""12"": ""fixed"", ""13"": ""fixed"", ""14"": ""fixed"", ""15"": ""fixed"", ""2"": ""fixed"", ""3"": ""fixed"", ""4"": ""fixed"", ""5"": ""fixed"", ""6"": ""fixed"", ""7"": ""fixed"", ""8"": ""fixed"", ""9"": ""fixed""}","{""0"": ""fixed"", ""1"": ""fixed"", ""2"": ""fixed"", ""3"": ""fixed""}","[0, 1, 2, 3, 4, 5, 6, 7, 8, 9, 10, 11, 12, 13, 14, 15]",[],[],False,full_key_unique,True,uf_axiom,
4bit_weak_late__ARK_12__MC_19__MC_2__MC_31,ARK_12,MC_19,MC_2,MC_31,weak_same_column,weak_same_column_hard_case,1,64,2,differential,sat,unsat,0.004020432010293007,96.94727988913655,99107579bc3c2c3b0d7a8a6fd1573606,99107579bc3c2c3b0d7a8a6fd1573606,,True,sat,False,False,False,,"{""0"": ""fixed"", ""1"": ""fixed"", ""10"": ""fixed"", ""11"": ""fixed"", ""12"": ""fixed"", ""13"": ""fixed"", ""14"": ""fixed"", ""15"": ""fixed"", ""2"": ""fixed"", ""3"": ""fixed"", ""4"": ""fixed"", ""5"": ""fixed"", ""6"": ""fixed"", ""7"": ""fixed"", ""8"": ""fixed"", ""9"": ""fixed""}","{""0"": ""fixed"", ""1"": ""fixed"", ""2"": ""fixed"", ""3"": ""fixed""}","[0, 1, 2, 3, 4, 5, 6, 7, 8, 9, 10, 11, 12, 13, 14, 15]",[],[],False,full_key_unique,True,uf_axiom,
4bit_weak_late__ARK_17__ARK_26__MC_11__MC_7,ARK_17,ARK_26,MC_11,MC_7,weak_same_column,weak_same_column_hard_case,0,64,2,differential,sat,unsat,0.003673279657959938,88.97184941545129,edf43a9a19e4a3f3bf1eec668bd00cf6,edf43a9a19e4a3f3bf1eec668bd00cf6,,True,sat,False,False,False,,"{""0"": ""fixed"", ""1"": ""fixed"", ""10"": ""fixed"", ""11"": ""fixed"", ""12"": ""fixed"", ""13"": ""fixed"", ""14"": ""fixed"", ""15"": ""fixed"", ""2"": ""fixed"", ""3"": ""fixed"", ""4"": ""fixed"", ""5"": ""fixed"", ""6"": ""fixed"", ""7"": ""fixed"", ""8"": ""fixed"", ""9"": ""fixed""}","{""0"": ""fixed"", ""1"": ""fixed"", ""2"": ""fixed"", ""3"": ""fixed""}","[0, 1, 2, 3, 4, 5, 6, 7, 8, 9, 10, 11, 12, 13, 14, 15]",[],[],False,full_key_unique,True,uf_axiom,
4bit_weak_late__ARK_11__ARK_6__MC_10__MC_2,ARK_11,ARK_6,MC_10,MC_2,weak_same_column,weak_same_column_hard_case,0,64,2,differential,sat,unsat,0.003179393708705902,105.5573046784848,edf43a9a19e4a3f3bf1eec668bd00cf6,edf43a9a19e4a3f3bf1eec668bd00cf6,,True,sat,False,False,False,,"{""0"": ""fixed"", ""1"": ""fixed"", ""10"": ""fixed"", ""11"": ""fixed"", ""12"": ""fixed"", ""13"": ""fixed"", ""14"": ""fixed"", ""15"": ""fixed"", ""2"": ""fixed"", ""3"": ""fixed"", ""4"": ""fixed"", ""5"": ""fixed"", ""6"": ""fixed"", ""7"": ""fixed"", ""8"": ""fixed"", ""9"": ""fixed""}","{""0"": ""fixed"", ""1"": ""fixed"", ""2"": ""fixed"", ""3"": ""fixed""}","[0, 1, 2, 3, 4, 5, 6, 7, 8, 9, 10, 11, 12, 13, 14, 15]",[],[],False,full_key_unique,True,uf_axiom,
4bit_early__SB_2__SB_32__SB_91__SR_22,SB_2,SB_32,SB_91,SR_22,early_only,early_only_hard_case,2,192,2,differential,sat,sat,0.008967939764261246,261.1367060802877,a600651322597191ab9f8f8af4c2db61,a600651322597191ab9f8f8af4c2db61,a602651322597191ab9f8f8af4c2db61,False,sat,False,False,False,,"{""0"": ""unknown"", ""1"": ""free"", ""10"": ""unknown"", ""11"": ""unknown"", ""12"": ""unknown"", ""13"": ""unknown"", ""14"": ""unknown"", ""15"": ""unknown"", ""2"": ""unknown"", ""3"": ""unknown"", ""4"": ""unknown"", ""5"": ""unknown"", ""6"": ""unknown"", ""7"": ""unknown"", ""8"": ""unknown"", ""9"": ""unknown""}","{""0"": ""free"", ""1"": ""unknown"", ""2"": ""unknown"", ""3"": ""unknown""}",[],[1],"[0, 2, 3, 4, 5, 6, 7, 8, 9, 10, 11, 12, 13, 14, 15]",False,ambiguity,False,uf_axiom,
4bit_early__SB_119__SB_124__SB_17__SR_121,SB_119,SB_124,SB_17,SR_121,early_only,early_only_hard_case,1,128,2,differential,sat,sat,0.004931366071105003,62.18445829488337,99107579003c2c3b0d008a6fd1573606,99107579003c2c3b0d008a6fd1573606,99107579003c2c3b0d018a6fd1573606,False,sat,False,False,False,,"{""0"": ""unknown"", ""1"": ""unknown"", ""10"": ""unknown"", ""11"": ""unknown"", ""12"": ""unknown"", ""13"": ""unknown"", ""14"": ""unknown"", ""15"": ""unknown"", ""2"": ""unknown"", ""3"": ""unknown"", ""4"": ""unknown"", ""5"": ""unknown"", ""6"": ""unknown"", ""7"": ""unknown"", ""8"": ""unknown"", ""9"": ""free""}","{""0"": ""unknown"", ""1"": ""unknown"", ""2"": ""free"", ""3"": ""unknown""}",[],[9],"[0, 1, 2, 3, 4, 5, 6, 7, 8, 10, 11, 12, 13, 14, 15]",False,ambiguity,False,uf_axiom,
4bit_early__SB_4__SB_51__SB_80__SR_27,SB_4,SB_51,SB_80,SR_27,early_only,early_only_hard_case,0,192,2,differential,sat,unsat,0.008387971669435501,352.68854257650673,edf43a9a19e4a3f3bf1eec668bd00cf6,edf43a9a19e4a3f3bf1eec668bd00cf6,,True,sat,False,False,False,,"{""0"": ""fixed"", ""1"": ""fixed"", ""10"": ""fixed"", ""11"": ""fixed"", ""12"": ""fixed"", ""13"": ""fixed"", ""14"": ""fixed"", ""15"": ""fixed"", ""2"": ""fixed"", ""3"": ""fixed"", ""4"": ""fixed"", ""5"": ""fixed"", ""6"": ""fixed"", ""7"": ""fixed"", ""8"": ""fixed"", ""9"": ""fixed""}","{""0"": ""fixed"", ""1"": ""fixed"", ""2"": ""fixed"", ""3"": ""fixed""}","[0, 1, 2, 3, 4, 5, 6, 7, 8, 9, 10, 11, 12, 13, 14, 15]",[],[],False,full_key_unique,True,uf_axiom,
4bit_early__SR_123__SR_25__SR_77__SR_78,SR_123,SR_25,SR_77,SR_78,early_only,early_only_hard_case,2,128,2,differential,sat,sat,0.0035672616213560104,223.09219725616276,006f651300597191ab9f008af4c2db61,006f651300597191ab9f008af4c2db61,026f651300cd7191ab41008af4c27e61,False,sat,False,False,False,,"{""0"": ""free"", ""1"": ""unknown"", ""10"": ""unknown"", ""11"": ""unknown"", ""12"": ""unknown"", ""13"": ""unknown"", ""14"": ""free"", ""15"": ""unknown"", ""2"": ""unknown"", ""3"": ""unknown"", ""4"": ""unknown"", ""5"": ""free"", ""6"": ""unknown"", ""7"": ""unknown"", ""8"": ""unknown"", ""9"": ""free""}","{""0"": ""free"", ""1"": ""free"", ""2"": ""free"", ""3"": ""free""}",[],"[0, 5, 9, 14]","[1, 2, 3, 4, 6, 7, 8, 10, 11, 12, 13, 15]",False,ambiguity,False,uf_axiom,
4bit_early__SB_43__SR_48__SR_74__SR_99,SB_43,SR_48,SR_74,SR_99,early_only,early_only_hard_case,2,128,2,differential,sat,sat,0.0037401244044303894,128.93314295262098,a66f651322597100ab9f8f8af4c2db61,a66f651322597100ab9f8f8af4c2db61,816f8913225971008c9f068af4c2dbcf,False,sat,False,False,False,,"{""0"": ""free"", ""1"": ""unknown"", ""10"": ""free"", ""11"": ""unknown"", ""12"": ""unknown"", ""13"": ""unknown"", ""14"": ""unknown"", ""15"": ""free"", ""2"": ""free"", ""3"": ""unknown"", ""4"": ""unknown"", ""5"": ""unknown"", ""6"": ""unknown"", ""7"": ""unknown"", ""8"": ""free"", ""9"": ""unknown""}","{""0"": ""free"", ""1"": ""free"", ""2"": ""free"", ""3"": ""free""}",[],"[0, 2, 8, 10, 15]","[1, 3, 4, 5, 6, 7, 9, 11, 12, 13, 14]",False,ambiguity,False,uf_axiom,
4bit_weak_late__ARK_2__MC_17__MC_19__MC_8,ARK_2,MC_17,MC_19,MC_8,weak_same_column,weak_same_column_hard_case,1,64,2,differential,sat,unsat,0.0035046953707933426,144.86606512404978,99107579bc3c2c3b0d7a8a6fd1573606,99107579bc3c2c3b0d7a8a6fd1573606,,True,sat,False,False,False,,"{""0"": ""fixed"", ""1"": ""fixed"", ""10"": ""fixed"", ""11"": ""fixed"", ""12"": ""fixed"", ""13"": ""fixed"", ""14"": ""fixed"", ""15"": ""fixed"", ""2"": ""fixed"", ""3"": ""fixed"", ""4"": ""fixed"", ""5"": ""fixed"", ""6"": ""fixed"", ""7"": ""fixed"", ""8"": ""fixed"", ""9"": ""fixed""}","{""0"": ""fixed"", ""1"": ""fixed"", ""2"": ""fixed"", ""3"": ""fixed""}","[0, 1, 2, 3, 4, 5, 6, 7, 8, 9, 10, 11, 12, 13, 14, 15]",[],[],False,full_key_unique,True,uf_axiom,
4bit_early__SB_114__SB_4__SB_80__SR_14,SB_114,SB_4,SB_80,SR_14,early_only,early_only_hard_case,0,192,2,differential,sat,unsat,0.008297180756926537,524.2899796180427,edf43a9a19e4a3f3bf1eec668bd00cf6,edf43a9a19e4a3f3bf1eec668bd00cf6,,True,sat,False,False,False,,"{""0"": ""fixed"", ""1"": ""fixed"", ""10"": ""fixed"", ""11"": ""fixed"", ""12"": ""fixed"", ""13"": ""fixed"", ""14"": ""fixed"", ""15"": ""fixed"", ""2"": ""fixed"", ""3"": ""fixed"", ""4"": ""fixed"", ""5"": ""fixed"", ""6"": ""fixed"", ""7"": ""fixed"", ""8"": ""fixed"", ""9"": ""fixed""}","{""0"": ""fixed"", ""1"": ""fixed"", ""2"": ""fixed"", ""3"": ""fixed""}","[0, 1, 2, 3, 4, 5, 6, 7, 8, 9, 10, 11, 12, 13, 14, 15]",[],[],False,full_key_unique,True,uf_axiom,
4bit_early__SR_38__SR_55__SR_65__SR_79,SR_38,SR_55,SR_65,SR_79,early_only,early_only_hard_case,1,192,2,differential,sat,sat,0.007774963974952698,330.5535207949579,99107579bc3c2c3b0d7a8a6fd1573606,99107579bc3c2c3b0d7a8a6fd1573606,99107579bc3c2c3b0d7a9e6fd1573603,True,sat,False,False,False,,"{""0"": ""unknown"", ""1"": ""unknown"", ""10"": ""free"", ""11"": ""unknown"", ""12"": ""unknown"", ""13"": ""unknown"", ""14"": ""unknown"", ""15"": ""free"", ""2"": ""unknown"", ""3"": ""unknown"", ""4"": ""unknown"", ""5"": ""unknown"", ""6"": ""unknown"", ""7"": ""unknown"", ""8"": ""unknown"", ""9"": ""unknown""}","{""0"": ""unknown"", ""1"": ""unknown"", ""2"": ""free"", ""3"": ""free""}",[],"[10, 15]","[0, 1, 2, 3, 4, 5, 6, 7, 8, 9, 11, 12, 13, 14]",False,ambiguity,False,uf_axiom,
4bit_early__SB_101__SB_7__SR_16__SR_54,SB_101,SB_7,SR_16,SR_54,early_only,early_only_hard_case,1,192,2,differential,sat,sat,0.010378312319517136,343.02666042000055,99107500bc3c2c3b0d008a6fd1573606,99107500bc3c2c3b0d008a6fd1573606,99107500bc3c2c3b0d208a6fd1573606,False,sat,False,False,False,,"{""0"": ""unknown"", ""1"": ""unknown"", ""10"": ""unknown"", ""11"": ""unknown"", ""12"": ""unknown"", ""13"": ""unknown"", ""14"": ""unknown"", ""15"": ""unknown"", ""2"": ""unknown"", ""3"": ""unknown"", ""4"": ""unknown"", ""5"": ""unknown"", ""6"": ""unknown"", ""7"": ""unknown"", ""8"": ""unknown"", ""9"": ""free""}","{""0"": ""free"", ""1"": ""unknown"", ""2"": ""free"", ""3"": ""unknown""}",[],[9],"[0, 1, 2, 3, 4, 5, 6, 7, 8, 10, 11, 12, 13, 14, 15]",False,ambiguity,False,uf_axiom,
4bit_early__SB_37__SB_71__SR_11__SR_83,SB_37,SB_71,SR_11,SR_83,early_only,early_only_hard_case,1,128,2,differential,sat,sat,0.004170559346675873,140.75541791133583,99107579bc3c003b0d7a8a0000573606,99107579bc3c003b0d7a8a0000573606,99107579bc3c103b0d7a8a0000573606,False,sat,False,False,False,,"{""0"": ""unknown"", ""1"": ""unknown"", ""10"": ""unknown"", ""11"": ""unknown"", ""12"": ""unknown"", ""13"": ""unknown"", ""14"": ""unknown"", ""15"": ""unknown"", ""2"": ""unknown"", ""3"": ""unknown"", ""4"": ""unknown"", ""5"": ""unknown"", ""6"": ""free"", ""7"": ""unknown"", ""8"": ""unknown"", ""9"": ""unknown""}","{""0"": ""unknown"", ""1"": ""free"", ""2"": ""unknown"", ""3"": ""unknown""}",[],[6],"[0, 1, 2, 3, 4, 5, 7, 8, 9, 10, 11, 12, 13, 14, 15]",False,ambiguity,False,uf_axiom,
4bit_weak_late__ARK_16__ARK_17__ARK_21__MC_18,ARK_16,ARK_17,ARK_21,MC_18,weak_same_column,weak_same_column_hard_case,1,64,2,differential,sat,unsat,0.0030960366129875183,99.89711086824536,99107579bc3c2c3b0d7a8a6fd1573606,99107579bc3c2c3b0d7a8a6fd1573606,,True,sat,False,False,False,,"{""0"": ""fixed"", ""1"": ""fixed"", ""10"": ""fixed"", ""11"": ""fixed"", ""12"": ""fixed"", ""13"": ""fixed"", ""14"": ""fixed"", ""15"": ""fixed"", ""2"": ""fixed"", ""3"": ""fixed"", ""4"": ""fixed"", ""5"": ""fixed"", ""6"": ""fixed"", ""7"": ""fixed"", ""8"": ""fixed"", ""9"": ""fixed""}","{""0"": ""fixed"", ""1"": ""fixed"", ""2"": ""fixed"", ""3"": ""fixed""}","[0, 1, 2, 3, 4, 5, 6, 7, 8, 9, 10, 11, 12, 13, 14, 15]",[],[],False,full_key_unique,True,uf_axiom,
4bit_weak_late__ARK_4__ARK_6__ARK_8__MC_3,ARK_4,ARK_6,ARK_8,MC_3,weak_same_column,weak_same_column_hard_case,0,64,2,differential,sat,unsat,0.0038329437375068665,117.64128647372127,edf43a9a19e4a3f3bf1eec668bd00cf6,edf43a9a19e4a3f3bf1eec668bd00cf6,,True,sat,False,False,False,,"{""0"": ""fixed"", ""1"": ""fixed"", ""10"": ""fixed"", ""11"": ""fixed"", ""12"": ""fixed"", ""13"": ""fixed"", ""14"": ""fixed"", ""15"": ""fixed"", ""2"": ""fixed"", ""3"": ""fixed"", ""4"": ""fixed"", ""5"": ""fixed"", ""6"": ""fixed"", ""7"": ""fixed"", ""8"": ""fixed"", ""9"": ""fixed""}","{""0"": ""fixed"", ""1"": ""fixed"", ""2"": ""fixed"", ""3"": ""fixed""}","[0, 1, 2, 3, 4, 5, 6, 7, 8, 9, 10, 11, 12, 13, 14, 15]",[],[],False,full_key_unique,True,uf_axiom,
4bit_early__SB_2__SB_32__SB_91__SR_22,SB_2,SB_32,SB_91,SR_22,early_only,early_only_hard_case,0,192,2,differential,sat,sat,0.007904771715402603,391.10567191801965,ed003a9a19e4a3f3bf1eec668bd00cf6,ed003a9a19e4a3f3bf1eec668bd00cf6,ed203a9a19e4a3f3bf1eec668bd00cf6,False,sat,False,False,False,,"{""0"": ""unknown"", ""1"": ""free"", ""10"": ""unknown"", ""11"": ""unknown"", ""12"": ""unknown"", ""13"": ""unknown"", ""14"": ""unknown"", ""15"": ""unknown"", ""2"": ""unknown"", ""3"": ""unknown"", ""4"": ""unknown"", ""5"": ""unknown"", ""6"": ""unknown"", ""7"": ""unknown"", ""8"": ""unknown"", ""9"": ""unknown""}","{""0"": ""free"", ""1"": ""unknown"", ""2"": ""unknown"", ""3"": ""unknown""}",[],[1],"[0, 2, 3, 4, 5, 6, 7, 8, 9, 10, 11, 12, 13, 14, 15]",False,ambiguity,False,uf_axiom,
4bit_weak_late__ARK_20__ARK_22__MC_27__MC_9,ARK_20,ARK_22,MC_27,MC_9,weak_same_column,weak_same_column_hard_case,2,64,2,differential,sat,unsat,0.003268785774707794,82.0699219238013,a66f651322597191ab9f8f8af4c2db61,a66f651322597191ab9f8f8af4c2db61,,True,sat,False,False,False,,"{""0"": ""fixed"", ""1"": ""fixed"", ""10"": ""fixed"", ""11"": ""fixed"", ""12"": ""fixed"", ""13"": ""fixed"", ""14"": ""fixed"", ""15"": ""fixed"", ""2"": ""fixed"", ""3"": ""fixed"", ""4"": ""fixed"", ""5"": ""fixed"", ""6"": ""fixed"", ""7"": ""fixed"", ""8"": ""fixed"", ""9"": ""fixed""}","{""0"": ""fixed"", ""1"": ""fixed"", ""2"": ""fixed"", ""3"": ""fixed""}","[0, 1, 2, 3, 4, 5, 6, 7, 8, 9, 10, 11, 12, 13, 14, 15]",[],[],False,full_key_unique,True,uf_axiom,
4bit_weak_late__MC_18__MC_22__MC_4__MC_7,MC_18,MC_22,MC_4,MC_7,weak_same_column,weak_same_column_hard_case,1,64,2,differential,sat,unsat,0.004111431539058685,77.71139026805758,99107579bc3c2c3b0d7a8a6fd1573606,99107579bc3c2c3b0d7a8a6fd1573606,,True,sat,False,False,False,,"{""0"": ""fixed"", ""1"": ""fixed"", ""10"": ""fixed"", ""11"": ""fixed"", ""12"": ""fixed"", ""13"": ""fixed"", ""14"": ""fixed"", ""15"": ""fixed"", ""2"": ""fixed"", ""3"": ""fixed"", ""4"": ""fixed"", ""5"": ""fixed"", ""6"": ""fixed"", ""7"": ""fixed"", ""8"": ""fixed"", ""9"": ""fixed""}","{""0"": ""fixed"", ""1"": ""fixed"", ""2"": ""fixed"", ""3"": ""fixed""}","[0, 1, 2, 3, 4, 5, 6, 7, 8, 9, 10, 11, 12, 13, 14, 15]",[],[],False,full_key_unique,True,uf_axiom,
4bit_weak_late__ARK_4__ARK_6__ARK_8__MC_3,ARK_4,ARK_6,ARK_8,MC_3,weak_same_column,weak_same_column_hard_case,1,64,2,differential,sat,unsat,0.004120176658034325,50.374076794832945,99107579bc3c2c3b0d7a8a6fd1573606,99107579bc3c2c3b0d7a8a6fd1573606,,True,sat,False,False,False,,"{""0"": ""fixed"", ""1"": ""fixed"", ""10"": ""fixed"", ""11"": ""fixed"", ""12"": ""fixed"", ""13"": ""fixed"", ""14"": ""fixed"", ""15"": ""fixed"", ""2"": ""fixed"", ""3"": ""fixed"", ""4"": ""fixed"", ""5"": ""fixed"", ""6"": ""fixed"", ""7"": ""fixed"", ""8"": ""fixed"", ""9"": ""fixed""}","{""0"": ""fixed"", ""1"": ""fixed"", ""2"": ""fixed"", ""3"": ""fixed""}","[0, 1, 2, 3, 4, 5, 6, 7, 8, 9, 10, 11, 12, 13, 14, 15]",[],[],False,full_key_unique,True,uf_axiom,
4bit_weak_late__ARK_3__MC_1__MC_21__MC_23,ARK_3,MC_1,MC_21,MC_23,weak_same_column,weak_same_column_hard_case,0,64,2,differential,sat,unsat,0.003186943009495735,53.376885211095214,edf43a9a19e4a3f3bf1eec668bd00cf6,edf43a9a19e4a3f3bf1eec668bd00cf6,,True,sat,False,False,False,,"{""0"": ""fixed"", ""1"": ""fixed"", ""10"": ""fixed"", ""11"": ""fixed"", ""12"": ""fixed"", ""13"": ""fixed"", ""14"": ""fixed"", ""15"": ""fixed"", ""2"": ""fixed"", ""3"": ""fixed"", ""4"": ""fixed"", ""5"": ""fixed"", ""6"": ""fixed"", ""7"": ""fixed"", ""8"": ""fixed"", ""9"": ""fixed""}","{""0"": ""fixed"", ""1"": ""fixed"", ""2"": ""fixed"", ""3"": ""fixed""}","[0, 1, 2, 3, 4, 5, 6, 7, 8, 9, 10, 11, 12, 13, 14, 15]",[],[],False,full_key_unique,True,uf_axiom,
4bit_weak_late__ARK_2__MC_17__MC_19__MC_8,ARK_2,MC_17,MC_19,MC_8,weak_same_column,weak_same_column_hard_case,2,64,2,differential,sat,unsat,0.0030773375183343887,138.35882523469627,a66f651322597191ab9f8f8af4c2db61,a66f651322597191ab9f8f8af4c2db61,,True,sat,False,False,False,,"{""0"": ""fixed"", ""1"": ""fixed"", ""10"": ""fixed"", ""11"": ""fixed"", ""12"": ""fixed"", ""13"": ""fixed"", ""14"": ""fixed"", ""15"": ""fixed"", ""2"": ""fixed"", ""3"": ""fixed"", ""4"": ""fixed"", ""5"": ""fixed"", ""6"": ""fixed"", ""7"": ""fixed"", ""8"": ""fixed"", ""9"": ""fixed""}","{""0"": ""fixed"", ""1"": ""fixed"", ""2"": ""fixed"", ""3"": ""fixed""}","[0, 1, 2, 3, 4, 5, 6, 7, 8, 9, 10, 11, 12, 13, 14, 15]",[],[],False,full_key_unique,True,uf_axiom,
4bit_early__SB_114__SB_4__SB_80__SR_14,SB_114,SB_4,SB_80,SR_14,early_only,early_only_hard_case,1,192,2,differential,sat,unsat,0.014779163524508476,508.2689930200577,99107579bc3c2c3b0d7a8a6fd1573606,99107579bc3c2c3b0d7a8a6fd1573606,,True,sat,False,False,False,,"{""0"": ""fixed"", ""1"": ""fixed"", ""10"": ""fixed"", ""11"": ""fixed"", ""12"": ""fixed"", ""13"": ""fixed"", ""14"": ""fixed"", ""15"": ""fixed"", ""2"": ""fixed"", ""3"": ""fixed"", ""4"": ""fixed"", ""5"": ""fixed"", ""6"": ""fixed"", ""7"": ""fixed"", ""8"": ""fixed"", ""9"": ""fixed""}","{""0"": ""fixed"", ""1"": ""fixed"", ""2"": ""fixed"", ""3"": ""fixed""}","[0, 1, 2, 3, 4, 5, 6, 7, 8, 9, 10, 11, 12, 13, 14, 15]",[],[],False,full_key_unique,True,uf_axiom,
4bit_weak_late__ARK_4__ARK_7__MC_15__MC_4,ARK_4,ARK_7,MC_15,MC_4,weak_same_column,weak_same_column_hard_case,1,96,2,differential,sat,unsat,0.004658050835132599,61.028125904500484,99107579bc3c2c3b0d7a8a6fd1573606,99107579bc3c2c3b0d7a8a6fd1573606,,True,sat,False,False,False,,"{""0"": ""fixed"", ""1"": ""fixed"", ""10"": ""fixed"", ""11"": ""fixed"", ""12"": ""fixed"", ""13"": ""fixed"", ""14"": ""fixed"", ""15"": ""fixed"", ""2"": ""fixed"", ""3"": ""fixed"", ""4"": ""fixed"", ""5"": ""fixed"", ""6"": ""fixed"", ""7"": ""fixed"", ""8"": ""fixed"", ""9"": ""fixed""}","{""0"": ""fixed"", ""1"": ""fixed"", ""2"": ""fixed"", ""3"": ""fixed""}","[0, 1, 2, 3, 4, 5, 6, 7, 8, 9, 10, 11, 12, 13, 14, 15]",[],[],False,full_key_unique,True,uf_axiom,
4bit_early__SR_38__SR_55__SR_65__SR_79,SR_38,SR_55,SR_65,SR_79,early_only,early_only_hard_case,2,192,2,differential,sat,sat,0.007553828880190849,517.8852913677692,a66f651322597191ab9f8f8af4c2db61,a66f651322597191ab9f8f8af4c2db61,a66f651322597191ab9f608af4c2db52,True,sat,False,False,False,,"{""0"": ""unknown"", ""1"": ""unknown"", ""10"": ""free"", ""11"": ""unknown"", ""12"": ""unknown"", ""13"": ""unknown"", ""14"": ""unknown"", ""15"": ""free"", ""2"": ""unknown"", ""3"": ""unknown"", ""4"": ""unknown"", ""5"": ""unknown"", ""6"": ""unknown"", ""7"": ""unknown"", ""8"": ""unknown"", ""9"": ""unknown""}","{""0"": ""unknown"", ""1"": ""unknown"", ""2"": ""free"", ""3"": ""free""}",[],"[10, 15]","[0, 1, 2, 3, 4, 5, 6, 7, 8, 9, 11, 12, 13, 14]",False,ambiguity,False,uf_axiom,
4bit_weak_late__ARK_15__ARK_31__MC_26__MC_7,ARK_15,ARK_31,MC_26,MC_7,weak_same_column,weak_same_column_hard_case,0,64,2,differential,sat,unsat,0.00276939757168293,64.8443141579628,edf43a9a19e4a3f3bf1eec668bd00cf6,edf43a9a19e4a3f3bf1eec668bd00cf6,,True,sat,False,False,False,,"{""0"": ""fixed"", ""1"": ""fixed"", ""10"": ""fixed"", ""11"": ""fixed"", ""12"": ""fixed"", ""13"": ""fixed"", ""14"": ""fixed"", ""15"": ""fixed"", ""2"": ""fixed"", ""3"": ""fixed"", ""4"": ""fixed"", ""5"": ""fixed"", ""6"": ""fixed"", ""7"": ""fixed"", ""8"": ""fixed"", ""9"": ""fixed""}","{""0"": ""fixed"", ""1"": ""fixed"", ""2"": ""fixed"", ""3"": ""fixed""}","[0, 1, 2, 3, 4, 5, 6, 7, 8, 9, 10, 11, 12, 13, 14, 15]",[],[],False,full_key_unique,True,uf_axiom,
4bit_weak_late__ARK_20__MC_11__MC_12__MC_2,ARK_20,MC_11,MC_12,MC_2,weak_same_column,weak_same_column_hard_case,1,64,2,differential,sat,unsat,0.003451351076364517,233.60222965665162,99107579bc3c2c3b0d7a8a6fd1573606,99107579bc3c2c3b0d7a8a6fd1573606,,True,sat,False,False,False,,"{""0"": ""fixed"", ""1"": ""fixed"", ""10"": ""fixed"", ""11"": ""fixed"", ""12"": ""fixed"", ""13"": ""fixed"", ""14"": ""fixed"", ""15"": ""fixed"", ""2"": ""fixed"", ""3"": ""fixed"", ""4"": ""fixed"", ""5"": ""fixed"", ""6"": ""fixed"", ""7"": ""fixed"", ""8"": ""fixed"", ""9"": ""fixed""}","{""0"": ""fixed"", ""1"": ""fixed"", ""2"": ""fixed"", ""3"": ""fixed""}","[0, 1, 2, 3, 4, 5, 6, 7, 8, 9, 10, 11, 12, 13, 14, 15]",[],[],False,full_key_unique,True,uf_axiom,
4bit_early__SB_57__SR_46__SR_56__SR_79,SB_57,SR_46,SR_56,SR_79,early_only,early_only_hard_case,0,192,2,differential,sat,unsat,0.011574164032936096,477.0792985279113,edf43a9a19e4a3f3bf1eec668bd00cf6,edf43a9a19e4a3f3bf1eec668bd00cf6,,True,sat,False,False,False,,"{""0"": ""fixed"", ""1"": ""fixed"", ""10"": ""fixed"", ""11"": ""fixed"", ""12"": ""fixed"", ""13"": ""fixed"", ""14"": ""fixed"", ""15"": ""fixed"", ""2"": ""fixed"", ""3"": ""fixed"", ""4"": ""fixed"", ""5"": ""fixed"", ""6"": ""fixed"", ""7"": ""fixed"", ""8"": ""fixed"", ""9"": ""fixed""}","{""0"": ""fixed"", ""1"": ""fixed"", ""2"": ""fixed"", ""3"": ""fixed""}","[0, 1, 2, 3, 4, 5, 6, 7, 8, 9, 10, 11, 12, 13, 14, 15]",[],[],False,full_key_unique,True,uf_axiom,
4bit_weak_late__MC_18__MC_22__MC_4__MC_7,MC_18,MC_22,MC_4,MC_7,weak_same_column,weak_same_column_hard_case,2,64,2,differential,sat,unsat,0.003061370924115181,119.32983512058854,a66f651322597191ab9f8f8af4c2db61,a66f651322597191ab9f8f8af4c2db61,,True,sat,False,False,False,,"{""0"": ""fixed"", ""1"": ""fixed"", ""10"": ""fixed"", ""11"": ""fixed"", ""12"": ""fixed"", ""13"": ""fixed"", ""14"": ""fixed"", ""15"": ""fixed"", ""2"": ""fixed"", ""3"": ""fixed"", ""4"": ""fixed"", ""5"": ""fixed"", ""6"": ""fixed"", ""7"": ""fixed"", ""8"": ""fixed"", ""9"": ""fixed""}","{""0"": ""fixed"", ""1"": ""fixed"", ""2"": ""fixed"", ""3"": ""fixed""}","[0, 1, 2, 3, 4, 5, 6, 7, 8, 9, 10, 11, 12, 13, 14, 15]",[],[],False,full_key_unique,True,uf_axiom,
4bit_weak_late__ARK_15__ARK_31__MC_26__MC_7,ARK_15,ARK_31,MC_26,MC_7,weak_same_column,weak_same_column_hard_case,1,64,2,differential,sat,unsat,0.003123130649328232,277.6265174858272,99107579bc3c2c3b0d7a8a6fd1573606,99107579bc3c2c3b0d7a8a6fd1573606,,True,sat,False,False,False,,"{""0"": ""fixed"", ""1"": ""fixed"", ""10"": ""fixed"", ""11"": ""fixed"", ""12"": ""fixed"", ""13"": ""fixed"", ""14"": ""fixed"", ""15"": ""fixed"", ""2"": ""fixed"", ""3"": ""fixed"", ""4"": ""fixed"", ""5"": ""fixed"", ""6"": ""fixed"", ""7"": ""fixed"", ""8"": ""fixed"", ""9"": ""fixed""}","{""0"": ""fixed"", ""1"": ""fixed"", ""2"": ""fixed"", ""3"": ""fixed""}","[0, 1, 2, 3, 4, 5, 6, 7, 8, 9, 10, 11, 12, 13, 14, 15]",[],[],False,full_key_unique,True,uf_axiom,
4bit_weak_late__ARK_3__MC_1__MC_21__MC_23,ARK_3,MC_1,MC_21,MC_23,weak_same_column,weak_same_column_hard_case,1,64,2,differential,sat,unsat,0.003254815936088562,111.24580780789256,99107579bc3c2c3b0d7a8a6fd1573606,99107579bc3c2c3b0d7a8a6fd1573606,,True,sat,False,False,False,,"{""0"": ""fixed"", ""1"": ""fixed"", ""10"": ""fixed"", ""11"": ""fixed"", ""12"": ""fixed"", ""13"": ""fixed"", ""14"": ""fixed"", ""15"": ""fixed"", ""2"": ""fixed"", ""3"": ""fixed"", ""4"": ""fixed"", ""5"": ""fixed"", ""6"": ""fixed"", ""7"": ""fixed"", ""8"": ""fixed"", ""9"": ""fixed""}","{""0"": ""fixed"", ""1"": ""fixed"", ""2"": ""fixed"", ""3"": ""fixed""}","[0, 1, 2, 3, 4, 5, 6, 7, 8, 9, 10, 11, 12, 13, 14, 15]",[],[],False,full_key_unique,True,uf_axiom,
4bit_weak_late__ARK_17__ARK_26__MC_11__MC_7,ARK_17,ARK_26,MC_11,MC_7,weak_same_column,weak_same_column_hard_case,1,64,2,differential,sat,unsat,0.00406661257147789,214.07478987425566,99107579bc3c2c3b0d7a8a6fd1573606,99107579bc3c2c3b0d7a8a6fd1573606,,True,sat,False,False,False,,"{""0"": ""fixed"", ""1"": ""fixed"", ""10"": ""fixed"", ""11"": ""fixed"", ""12"": ""fixed"", ""13"": ""fixed"", ""14"": ""fixed"", ""15"": ""fixed"", ""2"": ""fixed"", ""3"": ""fixed"", ""4"": ""fixed"", ""5"": ""fixed"", ""6"": ""fixed"", ""7"": ""fixed"", ""8"": ""fixed"", ""9"": ""fixed""}","{""0"": ""fixed"", ""1"": ""fixed"", ""2"": ""fixed"", ""3"": ""fixed""}","[0, 1, 2, 3, 4, 5, 6, 7, 8, 9, 10, 11, 12, 13, 14, 15]",[],[],False,full_key_unique,True,uf_axiom,
4bit_weak_late__ARK_22__ARK_31__ARK_5__MC_26,ARK_22,ARK_31,ARK_5,MC_26,weak_same_column,weak_same_column_hard_case,0,64,2,differential,sat,unsat,0.0023920536041259766,69.4237348753959,edf43a9a19e4a3f3bf1eec668bd00cf6,edf43a9a19e4a3f3bf1eec668bd00cf6,,True,sat,False,False,False,,"{""0"": ""fixed"", ""1"": ""fixed"", ""10"": ""fixed"", ""11"": ""fixed"", ""12"": ""fixed"", ""13"": ""fixed"", ""14"": ""fixed"", ""15"": ""fixed"", ""2"": ""fixed"", ""3"": ""fixed"", ""4"": ""fixed"", ""5"": ""fixed"", ""6"": ""fixed"", ""7"": ""fixed"", ""8"": ""fixed"", ""9"": ""fixed""}","{""0"": ""fixed"", ""1"": ""fixed"", ""2"": ""fixed"", ""3"": ""fixed""}","[0, 1, 2, 3, 4, 5, 6, 7, 8, 9, 10, 11, 12, 13, 14, 15]",[],[],False,full_key_unique,True,uf_axiom,
4bit_early__SB_33__SR_121__SR_17__SR_40,SB_33,SR_121,SR_17,SR_40,early_only,early_only_hard_case,2,192,2,differential,sat,sat,0.011453831568360329,67.66876727156341,a66f651322597191ab9f8f8af4c2db61,a66f651322597191ab9f8f8af4c2db61,a61265132224c691ab9f8f8af4c2db5e,True,sat,False,False,False,,"{""0"": ""unknown"", ""1"": ""free"", ""10"": ""unknown"", ""11"": ""unknown"", ""12"": ""unknown"", ""13"": ""unknown"", ""14"": ""unknown"", ""15"": ""free"", ""2"": ""unknown"", ""3"": ""unknown"", ""4"": ""unknown"", ""5"": ""free"", ""6"": ""free"", ""7"": ""unknown"", ""8"": ""unknown"", ""9"": ""unknown""}","{""0"": ""free"", ""1"": ""free"", ""2"": ""unknown"", ""3"": ""free""}",[],"[1, 5, 6, 15]","[0, 2, 3, 4, 7, 8, 9, 10, 11, 12, 13, 14]",False,ambiguity,False,uf_axiom,
4bit_weak_late__ARK_29__MC_1__MC_14__MC_9,ARK_29,MC_1,MC_14,MC_9,weak_same_column,weak_same_column_hard_case,0,64,2,differential,sat,unsat,0.003271501511335373,297.1674705762416,edf43a9a19e4a3f3bf1eec668bd00cf6,edf43a9a19e4a3f3bf1eec668bd00cf6,,True,sat,False,False,False,,"{""0"": ""fixed"", ""1"": ""fixed"", ""10"": ""fixed"", ""11"": ""fixed"", ""12"": ""fixed"", ""13"": ""fixed"", ""14"": ""fixed"", ""15"": ""fixed"", ""2"": ""fixed"", ""3"": ""fixed"", ""4"": ""fixed"", ""5"": ""fixed"", ""6"": ""fixed"", ""7"": ""fixed"", ""8"": ""fixed"", ""9"": ""fixed""}","{""0"": ""fixed"", ""1"": ""fixed"", ""2"": ""fixed"", ""3"": ""fixed""}","[0, 1, 2, 3, 4, 5, 6, 7, 8, 9, 10, 11, 12, 13, 14, 15]",[],[],False,full_key_unique,True,uf_axiom,
4bit_weak_late__ARK_16__ARK_17__ARK_21__MC_18,ARK_16,ARK_17,ARK_21,MC_18,weak_same_column,weak_same_column_hard_case,0,64,2,differential,sat,unsat,0.0033223293721675873,283.2923822812736,edf43a9a19e4a3f3bf1eec668bd00cf6,edf43a9a19e4a3f3bf1eec668bd00cf6,,True,sat,False,False,False,,"{""0"": ""fixed"", ""1"": ""fixed"", ""10"": ""fixed"", ""11"": ""fixed"", ""12"": ""fixed"", ""13"": ""fixed"", ""14"": ""fixed"", ""15"": ""fixed"", ""2"": ""fixed"", ""3"": ""fixed"", ""4"": ""fixed"", ""5"": ""fixed"", ""6"": ""fixed"", ""7"": ""fixed"", ""8"": ""fixed"", ""9"": ""fixed""}","{""0"": ""fixed"", ""1"": ""fixed"", ""2"": ""fixed"", ""3"": ""fixed""}","[0, 1, 2, 3, 4, 5, 6, 7, 8, 9, 10, 11, 12, 13, 14, 15]",[],[],False,full_key_unique,True,uf_axiom,
4bit_early__SB_33__SR_121__SR_17__SR_40,SB_33,SR_121,SR_17,SR_40,early_only,early_only_hard_case,1,192,2,differential,sat,sat,0.0066719818860292435,219.1039269361645,99107579bc3c2c3b0d7a8a6fd1573606,99107579bc3c2c3b0d7a8a6fd1573606,99047579bc281d3b0d7a8a6fd157369d,True,sat,False,False,False,,"{""0"": ""unknown"", ""1"": ""free"", ""10"": ""unknown"", ""11"": ""unknown"", ""12"": ""unknown"", ""13"": ""unknown"", ""14"": ""unknown"", ""15"": ""free"", ""2"": ""unknown"", ""3"": ""unknown"", ""4"": ""unknown"", ""5"": ""free"", ""6"": ""free"", ""7"": ""unknown"", ""8"": ""unknown"", ""9"": ""unknown""}","{""0"": ""free"", ""1"": ""free"", ""2"": ""unknown"", ""3"": ""free""}",[],"[1, 5, 6, 15]","[0, 2, 3, 4, 7, 8, 9, 10, 11, 12, 13, 14]",False,ambiguity,False,uf_axiom,
4bit_weak_late__ARK_22__ARK_31__ARK_5__MC_26,ARK_22,ARK_31,ARK_5,MC_26,weak_same_column,weak_same_column_hard_case,1,64,2,differential,sat,unsat,0.0030752718448638916,200.96627231128514,99107579bc3c2c3b0d7a8a6fd1573606,99107579bc3c2c3b0d7a8a6fd1573606,,True,sat,False,False,False,,"{""0"": ""fixed"", ""1"": ""fixed"", ""10"": ""fixed"", ""11"": ""fixed"", ""12"": ""fixed"", ""13"": ""fixed"", ""14"": ""fixed"", ""15"": ""fixed"", ""2"": ""fixed"", ""3"": ""fixed"", ""4"": ""fixed"", ""5"": ""fixed"", ""6"": ""fixed"", ""7"": ""fixed"", ""8"": ""fixed"", ""9"": ""fixed""}","{""0"": ""fixed"", ""1"": ""fixed"", ""2"": ""fixed"", ""3"": ""fixed""}","[0, 1, 2, 3, 4, 5, 6, 7, 8, 9, 10, 11, 12, 13, 14, 15]",[],[],False,full_key_unique,True,uf_axiom,
4bit_weak_late__ARK_12__MC_19__MC_2__MC_31,ARK_12,MC_19,MC_2,MC_31,weak_same_column,weak_same_column_hard_case,0,96,2,differential,sat,unsat,0.0057515911757946014,76.87034781090915,edf43a9a19e4a3f3bf1eec668bd00cf6,edf43a9a19e4a3f3bf1eec668bd00cf6,,True,sat,False,False,False,,"{""0"": ""fixed"", ""1"": ""fixed"", ""10"": ""fixed"", ""11"": ""fixed"", ""12"": ""fixed"", ""13"": ""fixed"", ""14"": ""fixed"", ""15"": ""fixed"", ""2"": ""fixed"", ""3"": ""fixed"", ""4"": ""fixed"", ""5"": ""fixed"", ""6"": ""fixed"", ""7"": ""fixed"", ""8"": ""fixed"", ""9"": ""fixed""}","{""0"": ""fixed"", ""1"": ""fixed"", ""2"": ""fixed"", ""3"": ""fixed""}","[0, 1, 2, 3, 4, 5, 6, 7, 8, 9, 10, 11, 12, 13, 14, 15]",[],[],False,full_key_unique,True,uf_axiom,
4bit_weak_late__ARK_17__ARK_26__MC_11__MC_7,ARK_17,ARK_26,MC_11,MC_7,weak_same_column,weak_same_column_hard_case,2,64,2,differential,sat,unsat,0.0041209254413843155,71.42377062700689,a66f651322597191ab9f8f8af4c2db61,a66f651322597191ab9f8f8af4c2db61,,True,sat,False,False,False,,"{""0"": ""fixed"", ""1"": ""fixed"", ""10"": ""fixed"", ""11"": ""fixed"", ""12"": ""fixed"", ""13"": ""fixed"", ""14"": ""fixed"", ""15"": ""fixed"", ""2"": ""fixed"", ""3"": ""fixed"", ""4"": ""fixed"", ""5"": ""fixed"", ""6"": ""fixed"", ""7"": ""fixed"", ""8"": ""fixed"", ""9"": ""fixed""}","{""0"": ""fixed"", ""1"": ""fixed"", ""2"": ""fixed"", ""3"": ""fixed""}","[0, 1, 2, 3, 4, 5, 6, 7, 8, 9, 10, 11, 12, 13, 14, 15]",[],[],False,full_key_unique,True,uf_axiom,
4bit_early__SB_119__SB_124__SB_17__SR_121,SB_119,SB_124,SB_17,SR_121,early_only,early_only_hard_case,2,128,2,differential,sat,sat,0.004829583689570427,264.50413748808205,a66f651300597191ab008f8af4c2db61,a66f651300597191ab008f8af4c2db61,a66f651300597191ab048f8af4c2db61,False,sat,False,False,False,,"{""0"": ""unknown"", ""1"": ""unknown"", ""10"": ""unknown"", ""11"": ""unknown"", ""12"": ""unknown"", ""13"": ""unknown"", ""14"": ""unknown"", ""15"": ""unknown"", ""2"": ""unknown"", ""3"": ""unknown"", ""4"": ""unknown"", ""5"": ""unknown"", ""6"": ""unknown"", ""7"": ""unknown"", ""8"": ""unknown"", ""9"": ""free""}","{""0"": ""unknown"", ""1"": ""unknown"", ""2"": ""free"", ""3"": ""unknown""}",[],[9],"[0, 1, 2, 3, 4, 5, 6, 7, 8, 10, 11, 12, 13, 14, 15]",False,ambiguity,False,uf_axiom,
4bit_weak_late__ARK_11__ARK_6__MC_10__MC_2,ARK_11,ARK_6,MC_10,MC_2,weak_same_column,weak_same_column_hard_case,2,96,2,differential,sat,unsat,0.0038692504167556763,193.77424888685346,a66f651322597191ab9f8f8af4c2db61,a66f651322597191ab9f8f8af4c2db61,,True,sat,False,False,False,,"{""0"": ""fixed"", ""1"": ""fixed"", ""10"": ""fixed"", ""11"": ""fixed"", ""12"": ""fixed"", ""13"": ""fixed"", ""14"": ""fixed"", ""15"": ""fixed"", ""2"": ""fixed"", ""3"": ""fixed"", ""4"": ""fixed"", ""5"": ""fixed"", ""6"": ""fixed"", ""7"": ""fixed"", ""8"": ""fixed"", ""9"": ""fixed""}","{""0"": ""fixed"", ""1"": ""fixed"", ""2"": ""fixed"", ""3"": ""fixed""}","[0, 1, 2, 3, 4, 5, 6, 7, 8, 9, 10, 11, 12, 13, 14, 15]",[],[],False,full_key_unique,True,uf_axiom,
4bit_early__SB_119__SB_124__SB_17__SR_121,SB_119,SB_124,SB_17,SR_121,early_only,early_only_hard_case,0,128,2,differential,sat,sat,0.0044649504125118256,220.95227131992579,edf43a9a00e4a3f3bf00ec668bd00cf6,edf43a9a00e4a3f3bf00ec668bd00cf6,edf43a9a10e4a3f3bf00ec668bd00cf6,False,sat,False,False,False,,"{""0"": ""unknown"", ""1"": ""unknown"", ""10"": ""unknown"", ""11"": ""unknown"", ""12"": ""unknown"", ""13"": ""unknown"", ""14"": ""unknown"", ""15"": ""unknown"", ""2"": ""unknown"", ""3"": ""unknown"", ""4"": ""free"", ""5"": ""unknown"", ""6"": ""unknown"", ""7"": ""unknown"", ""8"": ""unknown"", ""9"": ""unknown""}","{""0"": ""unknown"", ""1"": ""free"", ""2"": ""unknown"", ""3"": ""unknown""}",[],[4],"[0, 1, 2, 3, 5, 6, 7, 8, 9, 10, 11, 12, 13, 14, 15]",False,ambiguity,False,uf_axiom,
4bit_weak_late__ARK_16__ARK_17__ARK_21__MC_18,ARK_16,ARK_17,ARK_21,MC_18,weak_same_column,weak_same_column_hard_case,2,64,2,differential,sat,unsat,0.00446024164557457,182.83081059902906,a66f651322597191ab9f8f8af4c2db61,a66f651322597191ab9f8f8af4c2db61,,True,sat,False,False,False,,"{""0"": ""fixed"", ""1"": ""fixed"", ""10"": ""fixed"", ""11"": ""fixed"", ""12"": ""fixed"", ""13"": ""fixed"", ""14"": ""fixed"", ""15"": ""fixed"", ""2"": ""fixed"", ""3"": ""fixed"", ""4"": ""fixed"", ""5"": ""fixed"", ""6"": ""fixed"", ""7"": ""fixed"", ""8"": ""fixed"", ""9"": ""fixed""}","{""0"": ""fixed"", ""1"": ""fixed"", ""2"": ""fixed"", ""3"": ""fixed""}","[0, 1, 2, 3, 4, 5, 6, 7, 8, 9, 10, 11, 12, 13, 14, 15]",[],[],False,full_key_unique,True,uf_axiom,
4bit_early__SB_33__SR_121__SR_17__SR_40,SB_33,SR_121,SR_17,SR_40,early_only,early_only_hard_case,0,192,2,differential,sat,sat,0.006942840293049812,338.0797524303198,edf43a9a19e4a3f3bf1eec668bd00cf6,edf43a9a19e4a3f3bf1eec668bd00cf6,ed043a9a191492f3bf1eec668bd00c8f,True,sat,False,False,False,,"{""0"": ""unknown"", ""1"": ""free"", ""10"": ""unknown"", ""11"": ""unknown"", ""12"": ""unknown"", ""13"": ""unknown"", ""14"": ""unknown"", ""15"": ""free"", ""2"": ""unknown"", ""3"": ""unknown"", ""4"": ""unknown"", ""5"": ""free"", ""6"": ""free"", ""7"": ""unknown"", ""8"": ""unknown"", ""9"": ""unknown""}","{""0"": ""free"", ""1"": ""free"", ""2"": ""unknown"", ""3"": ""free""}",[],"[1, 5, 6, 15]","[0, 2, 3, 4, 7, 8, 9, 10, 11, 12, 13, 14]",False,ambiguity,False,uf_axiom,
4bit_weak_late__ARK_0__ARK_2__ARK_21__ARK_30,ARK_0,ARK_2,ARK_21,ARK_30,weak_same_column,weak_same_column_hard_case,2,96,2,differential,sat,unsat,0.0037088897079229355,161.54015260376036,a66f651322597191ab9f8f8af4c2db61,a66f651322597191ab9f8f8af4c2db61,,True,sat,False,False,False,,"{""0"": ""fixed"", ""1"": ""fixed"", ""10"": ""fixed"", ""11"": ""fixed"", ""12"": ""fixed"", ""13"": ""fixed"", ""14"": ""fixed"", ""15"": ""fixed"", ""2"": ""fixed"", ""3"": ""fixed"", ""4"": ""fixed"", ""5"": ""fixed"", ""6"": ""fixed"", ""7"": ""fixed"", ""8"": ""fixed"", ""9"": ""fixed""}","{""0"": ""fixed"", ""1"": ""fixed"", ""2"": ""fixed"", ""3"": ""fixed""}","[0, 1, 2, 3, 4, 5, 6, 7, 8, 9, 10, 11, 12, 13, 14, 15]",[],[],False,full_key_unique,True,uf_axiom,
4bit_weak_late__ARK_4__ARK_6__ARK_8__MC_3,ARK_4,ARK_6,ARK_8,MC_3,weak_same_column,weak_same_column_hard_case,2,64,2,differential,sat,unsat,0.0028686970472335815,268.2276195269078,a66f651322597191ab9f8f8af4c2db61,a66f651322597191ab9f8f8af4c2db61,,True,sat,False,False,False,,"{""0"": ""fixed"", ""1"": ""fixed"", ""10"": ""fixed"", ""11"": ""fixed"", ""12"": ""fixed"", ""13"": ""fixed"", ""14"": ""fixed"", ""15"": ""fixed"", ""2"": ""fixed"", ""3"": ""fixed"", ""4"": ""fixed"", ""5"": ""fixed"", ""6"": ""fixed"", ""7"": ""fixed"", ""8"": ""fixed"", ""9"": ""fixed""}","{""0"": ""fixed"", ""1"": ""fixed"", ""2"": ""fixed"", ""3"": ""fixed""}","[0, 1, 2, 3, 4, 5, 6, 7, 8, 9, 10, 11, 12, 13, 14, 15]",[],[],False,full_key_unique,True,uf_axiom,
4bit_early__SB_2__SB_32__SB_91__SR_22,SB_2,SB_32,SB_91,SR_22,early_only,early_only_hard_case,1,255,2,differential,sat,sat,0.011163925752043724,82.00548874400556,99007579bc3c2c3b0d7a8a6fd1573606,99007579bc3c2c3b0d7a8a6fd1573606,99027579bc3c2c3b0d7a8a6fd1573606,False,sat,False,False,False,,"{""0"": ""unknown"", ""1"": ""free"", ""10"": ""unknown"", ""11"": ""unknown"", ""12"": ""unknown"", ""13"": ""unknown"", ""14"": ""unknown"", ""15"": ""unknown"", ""2"": ""unknown"", ""3"": ""unknown"", ""4"": ""unknown"", ""5"": ""unknown"", ""6"": ""unknown"", ""7"": ""unknown"", ""8"": ""unknown"", ""9"": ""unknown""}","{""0"": ""free"", ""1"": ""unknown"", ""2"": ""unknown"", ""3"": ""unknown""}",[],[1],"[0, 2, 3, 4, 5, 6, 7, 8, 9, 10, 11, 12, 13, 14, 15]",False,ambiguity,False,uf_axiom,
4bit_weak_late__ARK_20__MC_11__MC_12__MC_2,ARK_20,MC_11,MC_12,MC_2,weak_same_column,weak_same_column_hard_case,2,96,2,differential,sat,unsat,0.003753524273633957,124.07816901244223,a66f651322597191ab9f8f8af4c2db61,a66f651322597191ab9f8f8af4c2db61,,True,sat,False,False,False,,"{""0"": ""fixed"", ""1"": ""fixed"", ""10"": ""fixed"", ""11"": ""fixed"", ""12"": ""fixed"", ""13"": ""fixed"", ""14"": ""fixed"", ""15"": ""fixed"", ""2"": ""fixed"", ""3"": ""fixed"", ""4"": ""fixed"", ""5"": ""fixed"", ""6"": ""fixed"", ""7"": ""fixed"", ""8"": ""fixed"", ""9"": ""fixed""}","{""0"": ""fixed"", ""1"": ""fixed"", ""2"": ""fixed"", ""3"": ""fixed""}","[0, 1, 2, 3, 4, 5, 6, 7, 8, 9, 10, 11, 12, 13, 14, 15]",[],[],False,full_key_unique,True,uf_axiom,
4bit_weak_late__ARK_12__MC_19__MC_2__MC_31,ARK_12,MC_19,MC_2,MC_31,weak_same_column,weak_same_column_hard_case,2,96,2,differential,sat,unsat,0.003704505041241646,176.67880492471159,a66f651322597191ab9f8f8af4c2db61,a66f651322597191ab9f8f8af4c2db61,,True,sat,False,False,False,,"{""0"": ""fixed"", ""1"": ""fixed"", ""10"": ""fixed"", ""11"": ""fixed"", ""12"": ""fixed"", ""13"": ""fixed"", ""14"": ""fixed"", ""15"": ""fixed"", ""2"": ""fixed"", ""3"": ""fixed"", ""4"": ""fixed"", ""5"": ""fixed"", ""6"": ""fixed"", ""7"": ""fixed"", ""8"": ""fixed"", ""9"": ""fixed""}","{""0"": ""fixed"", ""1"": ""fixed"", ""2"": ""fixed"", ""3"": ""fixed""}","[0, 1, 2, 3, 4, 5, 6, 7, 8, 9, 10, 11, 12, 13, 14, 15]",[],[],False,full_key_unique,True,uf_axiom,
4bit_weak_late__ARK_15__ARK_31__MC_26__MC_7,ARK_15,ARK_31,MC_26,MC_7,weak_same_column,weak_same_column_hard_case,2,96,2,differential,sat,unsat,0.0033866427838802338,183.08855926059186,a66f651322597191ab9f8f8af4c2db61,a66f651322597191ab9f8f8af4c2db61,,True,sat,False,False,False,,"{""0"": ""fixed"", ""1"": ""fixed"", ""10"": ""fixed"", ""11"": ""fixed"", ""12"": ""fixed"", ""13"": ""fixed"", ""14"": ""fixed"", ""15"": ""fixed"", ""2"": ""fixed"", ""3"": ""fixed"", ""4"": ""fixed"", ""5"": ""fixed"", ""6"": ""fixed"", ""7"": ""fixed"", ""8"": ""fixed"", ""9"": ""fixed""}","{""0"": ""fixed"", ""1"": ""fixed"", ""2"": ""fixed"", ""3"": ""fixed""}","[0, 1, 2, 3, 4, 5, 6, 7, 8, 9, 10, 11, 12, 13, 14, 15]",[],[],False,full_key_unique,True,uf_axiom,
4bit_weak_late__ARK_22__ARK_31__ARK_5__MC_26,ARK_22,ARK_31,ARK_5,MC_26,weak_same_column,weak_same_column_hard_case,2,96,2,differential,sat,unsat,0.0037178322672843933,205.2866251077503,a66f651322597191ab9f8f8af4c2db61,a66f651322597191ab9f8f8af4c2db61,,True,sat,False,False,False,,"{""0"": ""fixed"", ""1"": ""fixed"", ""10"": ""fixed"", ""11"": ""fixed"", ""12"": ""fixed"", ""13"": ""fixed"", ""14"": ""fixed"", ""15"": ""fixed"", ""2"": ""fixed"", ""3"": ""fixed"", ""4"": ""fixed"", ""5"": ""fixed"", ""6"": ""fixed"", ""7"": ""fixed"", ""8"": ""fixed"", ""9"": ""fixed""}","{""0"": ""fixed"", ""1"": ""fixed"", ""2"": ""fixed"", ""3"": ""fixed""}","[0, 1, 2, 3, 4, 5, 6, 7, 8, 9, 10, 11, 12, 13, 14, 15]",[],[],False,full_key_unique,True,uf_axiom,
4bit_weak_late__ARK_4__ARK_7__MC_15__MC_4,ARK_4,ARK_7,MC_15,MC_4,weak_same_column,weak_same_column_hard_case,0,128,2,differential,sat,unsat,0.013563264161348343,118.87403782084584,edf43a9a19e4a3f3bf1eec668bd00cf6,edf43a9a19e4a3f3bf1eec668bd00cf6,,True,sat,False,False,False,,"{""0"": ""fixed"", ""1"": ""fixed"", ""10"": ""fixed"", ""11"": ""fixed"", ""12"": ""fixed"", ""13"": ""fixed"", ""14"": ""fixed"", ""15"": ""fixed"", ""2"": ""fixed"", ""3"": ""fixed"", ""4"": ""fixed"", ""5"": ""fixed"", ""6"": ""fixed"", ""7"": ""fixed"", ""8"": ""fixed"", ""9"": ""fixed""}","{""0"": ""fixed"", ""1"": ""fixed"", ""2"": ""fixed"", ""3"": ""fixed""}","[0, 1, 2, 3, 4, 5, 6, 7, 8, 9, 10, 11, 12, 13, 14, 15]",[],[],False,full_key_unique,True,uf_axiom,
4bit_early__SB_43__SR_48__SR_74__SR_99,SB_43,SR_48,SR_74,SR_99,early_only,early_only_hard_case,0,192,2,differential,sat,sat,0.008729202672839165,235.8732190541923,edf43a9a19e4a300bf1eec668bd00cf6,edf43a9a19e4a300bf1eec668bd00cf6,30f4659a19e4a300621e92668bd00c00,False,sat,False,False,False,,"{""0"": ""free"", ""1"": ""fixed"", ""10"": ""free"", ""11"": ""unknown"", ""12"": ""unknown"", ""13"": ""unknown"", ""14"": ""unknown"", ""15"": ""free"", ""2"": ""free"", ""3"": ""unknown"", ""4"": ""unknown"", ""5"": ""unknown"", ""6"": ""unknown"", ""7"": ""unknown"", ""8"": ""free"", ""9"": ""unknown""}","{""0"": ""free"", ""1"": ""free"", ""2"": ""free"", ""3"": ""free""}",[1],"[0, 2, 8, 10, 15]","[3, 4, 5, 6, 7, 9, 11, 12, 13, 14]",False,ambiguity,False,uf_axiom,
4bit_early__SB_101__SB_7__SR_16__SR_54,SB_101,SB_7,SR_16,SR_54,early_only,early_only_hard_case,0,255,2,differential,sat,sat,0.007923001423478127,405.6061201412231,edf43a0019e4a3f3bf00ec668bd00cf6,edf43a0019e4a3f3bf00ec668bd00cf6,edf43a0019e4a3f3bf02ec668bd00cf6,False,sat,False,False,False,,"{""0"": ""unknown"", ""1"": ""unknown"", ""10"": ""unknown"", ""11"": ""unknown"", ""12"": ""unknown"", ""13"": ""unknown"", ""14"": ""unknown"", ""15"": ""unknown"", ""2"": ""unknown"", ""3"": ""unknown"", ""4"": ""unknown"", ""5"": ""unknown"", ""6"": ""unknown"", ""7"": ""unknown"", ""8"": ""unknown"", ""9"": ""free""}","{""0"": ""free"", ""1"": ""unknown"", ""2"": ""free"", ""3"": ""unknown""}",[],[9],"[0, 1, 2, 3, 4, 5, 6, 7, 8, 10, 11, 12, 13, 14, 15]",False,ambiguity,False,uf_axiom,
4bit_weak_late__ARK_3__MC_1__MC_21__MC_23,ARK_3,MC_1,MC_21,MC_23,weak_same_column,weak_same_column_hard_case,2,96,2,differential,sat,unsat,0.007823215797543526,206.37068582326174,a66f651322597191ab9f8f8af4c2db61,a66f651322597191ab9f8f8af4c2db61,,True,sat,False,False,False,,"{""0"": ""fixed"", ""1"": ""fixed"", ""10"": ""fixed"", ""11"": ""fixed"", ""12"": ""fixed"", ""13"": ""fixed"", ""14"": ""fixed"", ""15"": ""fixed"", ""2"": ""fixed"", ""3"": ""fixed"", ""4"": ""fixed"", ""5"": ""fixed"", ""6"": ""fixed"", ""7"": ""fixed"", ""8"": ""fixed"", ""9"": ""fixed""}","{""0"": ""fixed"", ""1"": ""fixed"", ""2"": ""fixed"", ""3"": ""fixed""}","[0, 1, 2, 3, 4, 5, 6, 7, 8, 9, 10, 11, 12, 13, 14, 15]",[],[],False,full_key_unique,True,uf_axiom,
4bit_weak_late__ARK_4__ARK_7__MC_15__MC_4,ARK_4,ARK_7,MC_15,MC_4,weak_same_column,weak_same_column_hard_case,2,192,2,differential,sat,unsat,0.011304011568427086,113.24999045580626,a66f651322597191ab9f8f8af4c2db61,a66f651322597191ab9f8f8af4c2db61,,True,sat,False,False,False,,"{""0"": ""fixed"", ""1"": ""fixed"", ""10"": ""fixed"", ""11"": ""fixed"", ""12"": ""fixed"", ""13"": ""fixed"", ""14"": ""fixed"", ""15"": ""fixed"", ""2"": ""fixed"", ""3"": ""fixed"", ""4"": ""fixed"", ""5"": ""fixed"", ""6"": ""fixed"", ""7"": ""fixed"", ""8"": ""fixed"", ""9"": ""fixed""}","{""0"": ""fixed"", ""1"": ""fixed"", ""2"": ""fixed"", ""3"": ""fixed""}","[0, 1, 2, 3, 4, 5, 6, 7, 8, 9, 10, 11, 12, 13, 14, 15]",[],[],False,full_key_unique,True,uf_axiom,
