pair_id,cand_a,cand_b,stage_pair,same_stage,same_byte,same_row,same_column,same_bit_in_byte,same_byte_farbit,same_col_samebit,same_col_diagbit,distinct_row,distinct_diag,scatter,potentially_redundant,expected_risk_class,selection_reason,case_id,seed,query_count,depth,mode,attempt_count,attempts_json,first_result,second_result,first_time,second_time,first_model,first_model_hex,alternative_model,first_model_correct,true_key_satisfiable,true_key_timeout,second_timeout,timeout,z3_reason_unknown,byte_diagnostic_summary,column_diagnostic_summary,fixed_bytes,free_bytes,unknown_bytes,first_timeout,classification,confirmed_unique_candidate,sbox_encoding,domain_true_key_retained
SB_1__MC_24,SB_1,MC_24,SB-MC,0,0,0,1,0,0,0,0,0,0,0,0,early_late_mixed,gap_uncovered_structural_cell,SB_1__MC_24,0,32,2,differential,1,"[{""classification"": ""ambiguity"", ""elapsed"": 14.311867579817772, ""first_result"": ""sat"", ""first_timeout_ms"": 60000, ""query_count"": 32, ""second_result"": ""sat"", ""second_timeout_ms"": 300000, ""z3_reason_unknown"": """"}]",sat,sat,0.0016435924917459488,13.816882606595755,edf43a9a19e4a3f3bf1eec668bd00cf6,edf43a9a19e4a3f3bf1eec668bd00cf6,e0c55801cf8023c21289bc008299a898,True,sat,False,False,False,,"{""0"": ""free"", ""1"": ""free"", ""10"": ""free"", ""11"": ""free"", ""12"": ""free"", ""13"": ""free"", ""14"": ""free"", ""15"": ""free"", ""2"": ""free"", ""3"": ""free"", ""4"": ""free"", ""5"": ""free"", ""6"": ""free"", ""7"": ""free"", ""8"": ""free"", ""9"": ""free""}","{""0"": ""free"", ""1"": ""free"", ""2"": ""free"", ""3"": ""free""}",[],"[0, 1, 2, 3, 4, 5, 6, 7, 8, 9, 10, 11, 12, 13, 14, 15]",[],False,ambiguity,False,uf_axiom,
SB_67__MC_82,SB_67,MC_82,SB-MC,0,0,0,1,0,0,0,0,0,0,0,0,early_late_mixed,gap_uncovered_structural_cell,SB_67__MC_82,0,32,2,differential,1,"[{""classification"": ""ambiguity"", ""elapsed"": 15.104005850851536, ""first_result"": ""sat"", ""first_timeout_ms"": 60000, ""query_count"": 32, ""second_result"": ""sat"", ""second_timeout_ms"": 300000, ""z3_reason_unknown"": """"}]",sat,sat,0.0014914833009243011,8.295454360544682,edf43a9a19e4a3f3bf1eec668bd00cf6,edf43a9a19e4a3f3bf1eec668bd00cf6,00485e38684a72a4bfc0902008d00ef7,True,sat,False,False,False,,"{""0"": ""free"", ""1"": ""free"", ""10"": ""free"", ""11"": ""free"", ""12"": ""free"", ""13"": ""fixed"", ""14"": ""free"", ""15"": ""free"", ""2"": ""free"", ""3"": ""free"", ""4"": ""free"", ""5"": ""free"", ""6"": ""free"", ""7"": ""free"", ""8"": ""fixed"", ""9"": ""free""}","{""0"": ""free"", ""1"": ""free"", ""2"": ""free"", ""3"": ""free""}","[8, 13]","[0, 1, 2, 3, 4, 5, 6, 7, 9, 10, 11, 12, 14, 15]",[],False,ambiguity,False,uf_axiom,
SB_110__MC_46,SB_110,MC_46,SB-MC,0,0,1,0,1,0,0,0,1,0,0,0,early_late_mixed,gap_uncovered_structural_cell,SB_110__MC_46,2,32,2,differential,1,"[{""classification"": ""ambiguity"", ""elapsed"": 17.31671761162579, ""first_result"": ""sat"", ""first_timeout_ms"": 60000, ""query_count"": 32, ""second_result"": ""sat"", ""second_timeout_ms"": 300000, ""z3_reason_unknown"": """"}]",sat,sat,0.003148207440972328,16.86812947317958,a66f651322597191ab9f8f8af4c2db61,a66f651322597191ab9f8f8af4c2db61,ac669e3ac72e00f6a1c77c907c5bf1ce,True,sat,False,False,False,,"{""0"": ""free"", ""1"": ""free"", ""10"": ""free"", ""11"": ""free"", ""12"": ""free"", ""13"": ""free"", ""14"": ""free"", ""15"": ""free"", ""2"": ""free"", ""3"": ""free"", ""4"": ""free"", ""5"": ""free"", ""6"": ""free"", ""7"": ""free"", ""8"": ""free"", ""9"": ""free""}","{""0"": ""free"", ""1"": ""free"", ""2"": ""free"", ""3"": ""free""}",[],"[0, 1, 2, 3, 4, 5, 6, 7, 8, 9, 10, 11, 12, 13, 14, 15]",[],False,ambiguity,False,uf_axiom,
SB_2__MC_28,SB_2,MC_28,SB-MC,0,0,0,1,0,0,0,0,0,0,0,0,early_late_mixed,gap_uncovered_structural_cell,SB_2__MC_28,2,32,2,differential,1,"[{""classification"": ""ambiguity"", ""elapsed"": 20.97359098121524, ""first_result"": ""sat"", ""first_timeout_ms"": 60000, ""query_count"": 32, ""second_result"": ""sat"", ""second_timeout_ms"": 300000, ""z3_reason_unknown"": """"}]",sat,sat,0.0016728751361370087,20.530517419800162,a66f651322597191ab9f8f8af4c2db61,a66f651322597191ab9f8f8af4c2db61,a2c473ad6a520beb1dd7e82670aaa300,True,sat,False,False,False,,"{""0"": ""free"", ""1"": ""free"", ""10"": ""free"", ""11"": ""free"", ""12"": ""free"", ""13"": ""free"", ""14"": ""free"", ""15"": ""free"", ""2"": ""free"", ""3"": ""free"", ""4"": ""free"", ""5"": ""free"", ""6"": ""free"", ""7"": ""free"", ""8"": ""free"", ""9"": ""free""}","{""0"": ""free"", ""1"": ""free"", ""2"": ""free"", ""3"": ""free""}",[],"[0, 1, 2, 3, 4, 5, 6, 7, 8, 9, 10, 11, 12, 13, 14, 15]",[],False,ambiguity,False,uf_axiom,
SB_114__MC_42,SB_114,MC_42,SB-MC,0,0,0,0,1,0,0,0,0,0,1,0,early_late_mixed,gap_uncovered_structural_cell,SB_114__MC_42,2,32,2,differential,1,"[{""classification"": ""ambiguity"", ""elapsed"": 21.586798569187522, ""first_result"": ""sat"", ""first_timeout_ms"": 60000, ""query_count"": 32, ""second_result"": ""sat"", ""second_timeout_ms"": 300000, ""z3_reason_unknown"": """"}]",sat,sat,0.0026427581906318665,21.02911009080708,a66f651322597191ab9f8f8af4c2db61,a66f651322597191ab9f8f8af4c2db61,0024cd0e14821e66273aaacfb2814103,True,sat,False,False,False,,"{""0"": ""free"", ""1"": ""free"", ""10"": ""free"", ""11"": ""free"", ""12"": ""free"", ""13"": ""free"", ""14"": ""free"", ""15"": ""free"", ""2"": ""free"", ""3"": ""free"", ""4"": ""free"", ""5"": ""free"", ""6"": ""free"", ""7"": ""free"", ""8"": ""free"", ""9"": ""free""}","{""0"": ""free"", ""1"": ""free"", ""2"": ""free"", ""3"": ""free""}",[],"[0, 1, 2, 3, 4, 5, 6, 7, 8, 9, 10, 11, 12, 13, 14, 15]",[],False,ambiguity,False,uf_axiom,
SB_94__MC_70,SB_94,MC_70,SB-MC,0,0,0,1,1,0,1,0,0,0,0,0,early_late_mixed,gap_uncovered_structural_cell,SB_94__MC_70,2,32,2,differential,1,"[{""classification"": ""ambiguity"", ""elapsed"": 29.632362961769104, ""first_result"": ""sat"", ""first_timeout_ms"": 60000, ""query_count"": 32, ""second_result"": ""sat"", ""second_timeout_ms"": 300000, ""z3_reason_unknown"": """"}]",sat,sat,0.0019383858889341354,29.198166072368622,a66f651322597191ab9f8f8af4c2db61,a66f651322597191ab9f8f8af4c2db61,3a00be530091d5ba9bd51689110466d2,True,sat,False,False,False,,"{""0"": ""free"", ""1"": ""free"", ""10"": ""free"", ""11"": ""free"", ""12"": ""free"", ""13"": ""free"", ""14"": ""free"", ""15"": ""free"", ""2"": ""free"", ""3"": ""free"", ""4"": ""free"", ""5"": ""free"", ""6"": ""free"", ""7"": ""free"", ""8"": ""free"", ""9"": ""free""}","{""0"": ""free"", ""1"": ""free"", ""2"": ""free"", ""3"": ""free""}",[],"[0, 1, 2, 3, 4, 5, 6, 7, 8, 9, 10, 11, 12, 13, 14, 15]",[],False,ambiguity,False,uf_axiom,
SB_6__MC_117,SB_6,MC_117,SB-MC,0,0,0,0,0,0,0,0,0,0,1,0,early_late_mixed,gap_uncovered_structural_cell,SB_6__MC_117,1,32,2,differential,1,"[{""classification"": ""ambiguity"", ""elapsed"": 34.734071588143706, ""first_result"": ""sat"", ""first_timeout_ms"": 60000, ""query_count"": 32, ""second_result"": ""sat"", ""second_timeout_ms"": 300000, ""z3_reason_unknown"": """"}]",sat,sat,0.0035091396421194077,34.194459702819586,99107579bc3c2c3b0d7a8a6fd1573606,99107579bc3c2c3b0d7a8a6fd1573606,8c09ec10f30434de007547ab5938dc9f,True,sat,False,False,False,,"{""0"": ""free"", ""1"": ""free"", ""10"": ""free"", ""11"": ""free"", ""12"": ""free"", ""13"": ""free"", ""14"": ""free"", ""15"": ""free"", ""2"": ""free"", ""3"": ""free"", ""4"": ""free"", ""5"": ""free"", ""6"": ""free"", ""7"": ""free"", ""8"": ""free"", ""9"": ""free""}","{""0"": ""free"", ""1"": ""free"", ""2"": ""free"", ""3"": ""free""}",[],"[0, 1, 2, 3, 4, 5, 6, 7, 8, 9, 10, 11, 12, 13, 14, 15]",[],False,ambiguity,False,uf_axiom,
SB_6__MC_117,SB_6,MC_117,SB-MC,0,0,0,0,0,0,0,0,0,0,1,0,early_late_mixed,gap_uncovered_structural_cell,SB_6__MC_117,0,32,2,differential,1,"[{""classification"": ""ambiguity"", ""elapsed"": 35.19903453066945, ""first_result"": ""sat"", ""first_timeout_ms"": 60000, ""query_count"": 32, ""second_result"": ""sat"", ""second_timeout_ms"": 300000, ""z3_reason_unknown"": """"}]",sat,sat,0.0029791798442602158,34.65214169211686,edf43a9a19e4a3f3bf1eec668bd00cf6,edf43a9a19e4a3f3bf1eec668bd00cf6,400210ad5f1f5908309b5f0c9b2a9867,True,sat,False,False,False,,"{""0"": ""free"", ""1"": ""free"", ""10"": ""free"", ""11"": ""free"", ""12"": ""free"", ""13"": ""free"", ""14"": ""free"", ""15"": ""free"", ""2"": ""free"", ""3"": ""free"", ""4"": ""free"", ""5"": ""free"", ""6"": ""free"", ""7"": ""free"", ""8"": ""free"", ""9"": ""free""}","{""0"": ""free"", ""1"": ""free"", ""2"": ""free"", ""3"": ""free""}",[],"[0, 1, 2, 3, 4, 5, 6, 7, 8, 9, 10, 11, 12, 13, 14, 15]",[],False,ambiguity,False,uf_axiom,
SB_1__MC_24,SB_1,MC_24,SB-MC,0,0,0,1,0,0,0,0,0,0,0,0,early_late_mixed,gap_uncovered_structural_cell,SB_1__MC_24,1,32,2,differential,1,"[{""classification"": ""ambiguity"", ""elapsed"": 37.09998806193471, ""first_result"": ""sat"", ""first_timeout_ms"": 60000, ""query_count"": 32, ""second_result"": ""sat"", ""second_timeout_ms"": 300000, ""z3_reason_unknown"": """"}]",sat,sat,0.0024875905364751816,36.54170196503401,99107579bc3c2c3b0d7a8a6fd1573606,99107579bc3c2c3b0d7a8a6fd1573606,6845a00000b77d2a9837d0cc10521cea,True,sat,False,False,False,,"{""0"": ""free"", ""1"": ""free"", ""10"": ""free"", ""11"": ""free"", ""12"": ""free"", ""13"": ""free"", ""14"": ""free"", ""15"": ""free"", ""2"": ""free"", ""3"": ""free"", ""4"": ""free"", ""5"": ""free"", ""6"": ""free"", ""7"": ""free"", ""8"": ""free"", ""9"": ""free""}","{""0"": ""free"", ""1"": ""free"", ""2"": ""free"", ""3"": ""free""}",[],"[0, 1, 2, 3, 4, 5, 6, 7, 8, 9, 10, 11, 12, 13, 14, 15]",[],False,ambiguity,False,uf_axiom,
SB_120__MC_33,SB_120,MC_33,SB-MC,0,0,0,0,0,0,0,0,0,0,1,0,early_late_mixed,gap_uncovered_structural_cell,SB_120__MC_33,2,32,2,differential,1,"[{""classification"": ""ambiguity"", ""elapsed"": 39.28743166476488, ""first_result"": ""sat"", ""first_timeout_ms"": 60000, ""query_count"": 32, ""second_result"": ""sat"", ""second_timeout_ms"": 300000, ""z3_reason_unknown"": """"}]",sat,sat,0.0033513791859149933,38.81579111889005,a66f651322597191ab9f8f8af4c2db61,a66f651322597191ab9f8f8af4c2db61,1100543801215c5bdbea4588df865e4f,True,sat,False,False,False,,"{""0"": ""free"", ""1"": ""free"", ""10"": ""free"", ""11"": ""free"", ""12"": ""free"", ""13"": ""free"", ""14"": ""free"", ""15"": ""free"", ""2"": ""free"", ""3"": ""free"", ""4"": ""free"", ""5"": ""free"", ""6"": ""free"", ""7"": ""free"", ""8"": ""free"", ""9"": ""free""}","{""0"": ""free"", ""1"": ""free"", ""2"": ""free"", ""3"": ""free""}",[],"[0, 1, 2, 3, 4, 5, 6, 7, 8, 9, 10, 11, 12, 13, 14, 15]",[],False,ambiguity,False,uf_axiom,
SB_2__MC_28,SB_2,MC_28,SB-MC,0,0,0,1,0,0,0,0,0,0,0,0,early_late_mixed,gap_uncovered_structural_cell,SB_2__MC_28,0,32,2,differential,1,"[{""classification"": ""ambiguity"", ""elapsed"": 39.312537740916014, ""first_result"": ""sat"", ""first_timeout_ms"": 60000, ""query_count"": 32, ""second_result"": ""sat"", ""second_timeout_ms"": 300000, ""z3_reason_unknown"": """"}]",sat,sat,0.0024245325475931168,38.775938702747226,edf43a9a19e4a3f3bf1eec668bd00cf6,edf43a9a19e4a3f3bf1eec668bd00cf6,7eb2a008e204002ec310a0a46827ce86,True,sat,False,False,False,,"{""0"": ""free"", ""1"": ""free"", ""10"": ""free"", ""11"": ""free"", ""12"": ""free"", ""13"": ""free"", ""14"": ""free"", ""15"": ""free"", ""2"": ""free"", ""3"": ""free"", ""4"": ""free"", ""5"": ""free"", ""6"": ""free"", ""7"": ""free"", ""8"": ""free"", ""9"": ""free""}","{""0"": ""free"", ""1"": ""free"", ""2"": ""free"", ""3"": ""free""}",[],"[0, 1, 2, 3, 4, 5, 6, 7, 8, 9, 10, 11, 12, 13, 14, 15]",[],False,ambiguity,False,uf_axiom,
SB_67__MC_82,SB_67,MC_82,SB-MC,0,0,0,1,0,0,0,0,0,0,0,0,early_late_mixed,gap_uncovered_structural_cell,SB_67__MC_82,2,32,2,differential,1,"[{""classification"": ""ambiguity"", ""elapsed"": 41.21120847016573, ""first_result"": ""sat"", ""first_timeout_ms"": 60000, ""query_count"": 32, ""second_result"": ""sat"", ""second_timeout_ms"": 300000, ""z3_reason_unknown"": """"}]",sat,sat,0.00259285606443882,17.97034233622253,a66f651322597191ab9f8f8af4c2db61,a66f651322597191ab9f8f8af4c2db61,8689651548808591ab703a524752b03a,True,sat,False,False,False,,"{""0"": ""free"", ""1"": ""free"", ""10"": ""free"", ""11"": ""free"", ""12"": ""free"", ""13"": ""free"", ""14"": ""free"", ""15"": ""free"", ""2"": ""free"", ""3"": ""free"", ""4"": ""free"", ""5"": ""free"", ""6"": ""free"", ""7"": ""free"", ""8"": ""free"", ""9"": ""free""}","{""0"": ""free"", ""1"": ""free"", ""2"": ""free"", ""3"": ""free""}",[],"[0, 1, 2, 3, 4, 5, 6, 7, 8, 9, 10, 11, 12, 13, 14, 15]",[],False,ambiguity,False,uf_axiom,
SB_56__MC_117,SB_56,MC_117,SB-MC,0,0,0,0,0,0,0,0,0,0,1,0,early_late_mixed,gap_uncovered_structural_cell,SB_56__MC_117,0,32,2,differential,1,"[{""classification"": ""ambiguity"", ""elapsed"": 43.09775300510228, ""first_result"": ""sat"", ""first_timeout_ms"": 60000, ""query_count"": 32, ""second_result"": ""sat"", ""second_timeout_ms"": 300000, ""z3_reason_unknown"": """"}]",sat,sat,0.0016774069517850876,42.72762314416468,edf43a9a19e4a3f3bf1eec668bd00cf6,edf43a9a19e4a3f3bf1eec668bd00cf6,22b5e359a217c569009902f07909c88c,True,sat,False,False,False,,"{""0"": ""free"", ""1"": ""free"", ""10"": ""free"", ""11"": ""free"", ""12"": ""free"", ""13"": ""free"", ""14"": ""free"", ""15"": ""free"", ""2"": ""free"", ""3"": ""free"", ""4"": ""free"", ""5"": ""free"", ""6"": ""free"", ""7"": ""free"", ""8"": ""free"", ""9"": ""free""}","{""0"": ""free"", ""1"": ""free"", ""2"": ""free"", ""3"": ""free""}",[],"[0, 1, 2, 3, 4, 5, 6, 7, 8, 9, 10, 11, 12, 13, 14, 15]",[],False,ambiguity,False,uf_axiom,
SB_1__MC_24,SB_1,MC_24,SB-MC,0,0,0,1,0,0,0,0,0,0,0,0,early_late_mixed,gap_uncovered_structural_cell,SB_1__MC_24,2,32,2,differential,1,"[{""classification"": ""ambiguity"", ""elapsed"": 44.69937573559582, ""first_result"": ""sat"", ""first_timeout_ms"": 60000, ""query_count"": 32, ""second_result"": ""sat"", ""second_timeout_ms"": 300000, ""z3_reason_unknown"": """"}]",sat,sat,0.0016158055514097214,44.33388898521662,a66f651322597191ab9f8f8af4c2db61,a66f651322597191ab9f8f8af4c2db61,d9d420c198c6285b00fa080132544054,True,sat,False,False,False,,"{""0"": ""free"", ""1"": ""free"", ""10"": ""free"", ""11"": ""free"", ""12"": ""free"", ""13"": ""free"", ""14"": ""free"", ""15"": ""free"", ""2"": ""free"", ""3"": ""free"", ""4"": ""free"", ""5"": ""free"", ""6"": ""free"", ""7"": ""free"", ""8"": ""free"", ""9"": ""free""}","{""0"": ""free"", ""1"": ""free"", ""2"": ""free"", ""3"": ""free""}",[],"[0, 1, 2, 3, 4, 5, 6, 7, 8, 9, 10, 11, 12, 13, 14, 15]",[],False,ambiguity,False,uf_axiom,
SB_120__MC_33,SB_120,MC_33,SB-MC,0,0,0,0,0,0,0,0,0,0,1,0,early_late_mixed,gap_uncovered_structural_cell,SB_120__MC_33,0,32,2,differential,1,"[{""classification"": ""ambiguity"", ""elapsed"": 45.075736213475466, ""first_result"": ""sat"", ""first_timeout_ms"": 60000, ""query_count"": 32, ""second_result"": ""sat"", ""second_timeout_ms"": 300000, ""z3_reason_unknown"": """"}]",sat,sat,0.0019151568412780762,44.692495569586754,edf43a9a19e4a3f3bf1eec668bd00cf6,edf43a9a19e4a3f3bf1eec668bd00cf6,2e34ca2510104688e300021d0805935c,True,sat,False,False,False,,"{""0"": ""free"", ""1"": ""free"", ""10"": ""free"", ""11"": ""free"", ""12"": ""free"", ""13"": ""free"", ""14"": ""free"", ""15"": ""free"", ""2"": ""free"", ""3"": ""free"", ""4"": ""free"", ""5"": ""free"", ""6"": ""free"", ""7"": ""free"", ""8"": ""free"", ""9"": ""free""}","{""0"": ""free"", ""1"": ""free"", ""2"": ""free"", ""3"": ""free""}",[],"[0, 1, 2, 3, 4, 5, 6, 7, 8, 9, 10, 11, 12, 13, 14, 15]",[],False,ambiguity,False,uf_axiom,
SB_2__MC_28,SB_2,MC_28,SB-MC,0,0,0,1,0,0,0,0,0,0,0,0,early_late_mixed,gap_uncovered_structural_cell,SB_2__MC_28,1,32,2,differential,1,"[{""classification"": ""ambiguity"", ""elapsed"": 46.34630261734128, ""first_result"": ""sat"", ""first_timeout_ms"": 60000, ""query_count"": 32, ""second_result"": ""sat"", ""second_timeout_ms"": 300000, ""z3_reason_unknown"": """"}]",sat,sat,0.0015927422791719437,45.88874284736812,99107579bc3c2c3b0d7a8a6fd1573606,99107579bc3c2c3b0d7a8a6fd1573606,1d730ccf3f065f8840c40980216adc41,True,sat,False,False,False,,"{""0"": ""free"", ""1"": ""free"", ""10"": ""free"", ""11"": ""free"", ""12"": ""free"", ""13"": ""free"", ""14"": ""free"", ""15"": ""free"", ""2"": ""free"", ""3"": ""free"", ""4"": ""free"", ""5"": ""free"", ""6"": ""free"", ""7"": ""free"", ""8"": ""free"", ""9"": ""free""}","{""0"": ""free"", ""1"": ""free"", ""2"": ""free"", ""3"": ""free""}",[],"[0, 1, 2, 3, 4, 5, 6, 7, 8, 9, 10, 11, 12, 13, 14, 15]",[],False,ambiguity,False,uf_axiom,
SB_94__MC_70,SB_94,MC_70,SB-MC,0,0,0,1,1,0,1,0,0,0,0,0,early_late_mixed,gap_uncovered_structural_cell,SB_94__MC_70,1,32,2,differential,1,"[{""classification"": ""ambiguity"", ""elapsed"": 54.4436320271343, ""first_result"": ""sat"", ""first_timeout_ms"": 60000, ""query_count"": 32, ""second_result"": ""sat"", ""second_timeout_ms"": 300000, ""z3_reason_unknown"": """"}]",sat,sat,0.0016045626252889633,54.021711211651564,99107579bc3c2c3b0d7a8a6fd1573606,99107579bc3c2c3b0d7a8a6fd1573606,6178a418385a30d6335d75ba54384f1f,True,sat,False,False,False,,"{""0"": ""free"", ""1"": ""free"", ""10"": ""free"", ""11"": ""free"", ""12"": ""free"", ""13"": ""free"", ""14"": ""free"", ""15"": ""free"", ""2"": ""free"", ""3"": ""free"", ""4"": ""free"", ""5"": ""free"", ""6"": ""free"", ""7"": ""free"", ""8"": ""free"", ""9"": ""free""}","{""0"": ""free"", ""1"": ""free"", ""2"": ""free"", ""3"": ""free""}",[],"[0, 1, 2, 3, 4, 5, 6, 7, 8, 9, 10, 11, 12, 13, 14, 15]",[],False,ambiguity,False,uf_axiom,
SB_67__MC_82,SB_67,MC_82,SB-MC,0,0,0,1,0,0,0,0,0,0,0,0,early_late_mixed,gap_uncovered_structural_cell,SB_67__MC_82,1,32,2,differential,1,"[{""classification"": ""ambiguity"", ""elapsed"": 55.313249630853534, ""first_result"": ""sat"", ""first_timeout_ms"": 60000, ""query_count"": 32, ""second_result"": ""sat"", ""second_timeout_ms"": 300000, ""z3_reason_unknown"": """"}]",sat,sat,0.0014310739934444427,41.65234195999801,99107579bc3c2c3b0d7a8a6fd1573606,99107579bc3c2c3b0d7a8a6fd1573606,11868a0008e86ac20d002ece6ebe9580,True,sat,False,False,False,,"{""0"": ""free"", ""1"": ""free"", ""10"": ""free"", ""11"": ""free"", ""12"": ""free"", ""13"": ""free"", ""14"": ""free"", ""15"": ""free"", ""2"": ""free"", ""3"": ""free"", ""4"": ""free"", ""5"": ""free"", ""6"": ""free"", ""7"": ""free"", ""8"": ""free"", ""9"": ""free""}","{""0"": ""free"", ""1"": ""free"", ""2"": ""free"", ""3"": ""free""}",[],"[0, 1, 2, 3, 4, 5, 6, 7, 8, 9, 10, 11, 12, 13, 14, 15]",[],False,ambiguity,False,uf_axiom,
SB_6__MC_117,SB_6,MC_117,SB-MC,0,0,0,0,0,0,0,0,0,0,1,0,early_late_mixed,gap_uncovered_structural_cell,SB_6__MC_117,2,32,2,differential,1,"[{""classification"": ""ambiguity"", ""elapsed"": 58.134691674262285, ""first_result"": ""sat"", ""first_timeout_ms"": 60000, ""query_count"": 32, ""second_result"": ""sat"", ""second_timeout_ms"": 300000, ""z3_reason_unknown"": """"}]",sat,sat,0.0027398262172937393,57.590097000822425,a66f651322597191ab9f8f8af4c2db61,a66f651322597191ab9f8f8af4c2db61,2904323e00d85d26263d5673e50941a5,True,sat,False,False,False,,"{""0"": ""free"", ""1"": ""free"", ""10"": ""free"", ""11"": ""free"", ""12"": ""free"", ""13"": ""free"", ""14"": ""free"", ""15"": ""free"", ""2"": ""free"", ""3"": ""free"", ""4"": ""free"", ""5"": ""free"", ""6"": ""free"", ""7"": ""free"", ""8"": ""free"", ""9"": ""free""}","{""0"": ""free"", ""1"": ""free"", ""2"": ""free"", ""3"": ""free""}",[],"[0, 1, 2, 3, 4, 5, 6, 7, 8, 9, 10, 11, 12, 13, 14, 15]",[],False,ambiguity,False,uf_axiom,
SB_93__MC_85,SB_93,MC_85,SB-MC,0,0,0,1,1,0,1,0,0,0,0,0,early_late_mixed,gap_uncovered_structural_cell,SB_93__MC_85,1,32,2,differential,1,"[{""classification"": ""ambiguity"", ""elapsed"": 60.82303742878139, ""first_result"": ""sat"", ""first_timeout_ms"": 60000, ""query_count"": 32, ""second_result"": ""sat"", ""second_timeout_ms"": 300000, ""z3_reason_unknown"": """"}]",sat,sat,0.001639062538743019,60.37079933471978,99107579bc3c2c3b0d7a8a6fd1573606,99107579bc3c2c3b0d7a8a6fd1573606,3034d31864443a34781ac1098c1e7279,True,sat,False,False,False,,"{""0"": ""free"", ""1"": ""free"", ""10"": ""free"", ""11"": ""free"", ""12"": ""free"", ""13"": ""free"", ""14"": ""free"", ""15"": ""free"", ""2"": ""free"", ""3"": ""free"", ""4"": ""free"", ""5"": ""free"", ""6"": ""free"", ""7"": ""free"", ""8"": ""free"", ""9"": ""free""}","{""0"": ""free"", ""1"": ""free"", ""2"": ""free"", ""3"": ""free""}",[],"[0, 1, 2, 3, 4, 5, 6, 7, 8, 9, 10, 11, 12, 13, 14, 15]",[],False,ambiguity,False,uf_axiom,
SB_110__MC_46,SB_110,MC_46,SB-MC,0,0,1,0,1,0,0,0,1,0,0,0,early_late_mixed,gap_uncovered_structural_cell,SB_110__MC_46,1,32,2,differential,1,"[{""classification"": ""ambiguity"", ""elapsed"": 61.303422855213284, ""first_result"": ""sat"", ""first_timeout_ms"": 60000, ""query_count"": 32, ""second_result"": ""sat"", ""second_timeout_ms"": 300000, ""z3_reason_unknown"": """"}]",sat,sat,0.0018674246966838837,60.86368525587022,99107579bc3c2c3b0d7a8a6fd1573606,99107579bc3c2c3b0d7a8a6fd1573606,0100910961c5e91b631006f89b60c6c7,True,sat,False,False,False,,"{""0"": ""free"", ""1"": ""free"", ""10"": ""free"", ""11"": ""free"", ""12"": ""free"", ""13"": ""free"", ""14"": ""free"", ""15"": ""free"", ""2"": ""free"", ""3"": ""free"", ""4"": ""free"", ""5"": ""free"", ""6"": ""free"", ""7"": ""free"", ""8"": ""free"", ""9"": ""free""}","{""0"": ""free"", ""1"": ""free"", ""2"": ""free"", ""3"": ""free""}",[],"[0, 1, 2, 3, 4, 5, 6, 7, 8, 9, 10, 11, 12, 13, 14, 15]",[],False,ambiguity,False,uf_axiom,
SB_56__MC_117,SB_56,MC_117,SB-MC,0,0,0,0,0,0,0,0,0,0,1,0,early_late_mixed,gap_uncovered_structural_cell,SB_56__MC_117,1,32,2,differential,1,"[{""classification"": ""ambiguity"", ""elapsed"": 62.9496412165463, ""first_result"": ""sat"", ""first_timeout_ms"": 60000, ""query_count"": 32, ""second_result"": ""sat"", ""second_timeout_ms"": 300000, ""z3_reason_unknown"": """"}]",sat,sat,0.0017391089349985123,62.501168793067336,99107579bc3c2c3b0d7a8a6fd1573606,99107579bc3c2c3b0d7a8a6fd1573606,a09794604d51010400059a7e08d05a1a,True,sat,False,False,False,,"{""0"": ""free"", ""1"": ""free"", ""10"": ""free"", ""11"": ""free"", ""12"": ""free"", ""13"": ""free"", ""14"": ""free"", ""15"": ""free"", ""2"": ""free"", ""3"": ""free"", ""4"": ""free"", ""5"": ""free"", ""6"": ""free"", ""7"": ""free"", ""8"": ""free"", ""9"": ""free""}","{""0"": ""free"", ""1"": ""free"", ""2"": ""free"", ""3"": ""free""}",[],"[0, 1, 2, 3, 4, 5, 6, 7, 8, 9, 10, 11, 12, 13, 14, 15]",[],False,ambiguity,False,uf_axiom,
SB_56__MC_117,SB_56,MC_117,SB-MC,0,0,0,0,0,0,0,0,0,0,1,0,early_late_mixed,gap_uncovered_structural_cell,SB_56__MC_117,2,32,2,differential,1,"[{""classification"": ""ambiguity"", ""elapsed"": 65.18878951482475, ""first_result"": ""sat"", ""first_timeout_ms"": 60000, ""query_count"": 32, ""second_result"": ""sat"", ""second_timeout_ms"": 300000, ""z3_reason_unknown"": """"}]",sat,sat,0.0019444599747657776,64.80838858895004,a66f651322597191ab9f8f8af4c2db61,a66f651322597191ab9f8f8af4c2db61,9d8241e18b9d9b60526436524cc036b4,True,sat,False,False,False,,"{""0"": ""free"", ""1"": ""free"", ""10"": ""free"", ""11"": ""free"", ""12"": ""free"", ""13"": ""free"", ""14"": ""free"", ""15"": ""free"", ""2"": ""free"", ""3"": ""free"", ""4"": ""free"", ""5"": ""free"", ""6"": ""free"", ""7"": ""free"", ""8"": ""free"", ""9"": ""free""}","{""0"": ""free"", ""1"": ""free"", ""2"": ""free"", ""3"": ""free""}",[],"[0, 1, 2, 3, 4, 5, 6, 7, 8, 9, 10, 11, 12, 13, 14, 15]",[],False,ambiguity,False,uf_axiom,
SB_114__MC_42,SB_114,MC_42,SB-MC,0,0,0,0,1,0,0,0,0,0,1,0,early_late_mixed,gap_uncovered_structural_cell,SB_114__MC_42,0,32,2,differential,1,"[{""classification"": ""ambiguity"", ""elapsed"": 68.85323870927095, ""first_result"": ""sat"", ""first_timeout_ms"": 60000, ""query_count"": 32, ""second_result"": ""sat"", ""second_timeout_ms"": 300000, ""z3_reason_unknown"": """"}]",sat,sat,0.0024068113416433334,38.50269160978496,edf43a9a19e4a3f3bf1eec668bd00cf6,edf43a9a19e4a3f3bf1eec668bd00cf6,0b71001b10080080bf00a464a59b11b6,True,sat,False,False,False,,"{""0"": ""free"", ""1"": ""free"", ""10"": ""free"", ""11"": ""free"", ""12"": ""free"", ""13"": ""free"", ""14"": ""free"", ""15"": ""free"", ""2"": ""free"", ""3"": ""free"", ""4"": ""free"", ""5"": ""free"", ""6"": ""free"", ""7"": ""free"", ""8"": ""free"", ""9"": ""free""}","{""0"": ""free"", ""1"": ""free"", ""2"": ""free"", ""3"": ""free""}",[],"[0, 1, 2, 3, 4, 5, 6, 7, 8, 9, 10, 11, 12, 13, 14, 15]",[],False,ambiguity,False,uf_axiom,
SB_114__MC_42,SB_114,MC_42,SB-MC,0,0,0,0,1,0,0,0,0,0,1,0,early_late_mixed,gap_uncovered_structural_cell,SB_114__MC_42,1,32,2,differential,1,"[{""classification"": ""ambiguity"", ""elapsed"": 74.2394905705005, ""first_result"": ""sat"", ""first_timeout_ms"": 60000, ""query_count"": 32, ""second_result"": ""sat"", ""second_timeout_ms"": 300000, ""z3_reason_unknown"": """"}]",sat,sat,0.0029051825404167175,73.78019623458385,99107579bc3c2c3b0d7a8a6fd1573606,99107579bc3c2c3b0d7a8a6fd1573606,6ad760c42d3963d441d5b891b4972008,True,sat,False,False,False,,"{""0"": ""free"", ""1"": ""free"", ""10"": ""free"", ""11"": ""free"", ""12"": ""free"", ""13"": ""free"", ""14"": ""free"", ""15"": ""free"", ""2"": ""free"", ""3"": ""free"", ""4"": ""free"", ""5"": ""free"", ""6"": ""free"", ""7"": ""free"", ""8"": ""free"", ""9"": ""free""}","{""0"": ""free"", ""1"": ""free"", ""2"": ""free"", ""3"": ""free""}",[],"[0, 1, 2, 3, 4, 5, 6, 7, 8, 9, 10, 11, 12, 13, 14, 15]",[],False,ambiguity,False,uf_axiom,
SB_110__MC_46,SB_110,MC_46,SB-MC,0,0,1,0,1,0,0,0,1,0,0,0,early_late_mixed,gap_uncovered_structural_cell,SB_110__MC_46,0,32,2,differential,1,"[{""classification"": ""ambiguity"", ""elapsed"": 74.43774602562189, ""first_result"": ""sat"", ""first_timeout_ms"": 60000, ""query_count"": 32, ""second_result"": ""sat"", ""second_timeout_ms"": 300000, ""z3_reason_unknown"": """"}]",sat,sat,0.0017850790172815323,43.97931808792055,edf43a9a19e4a3f3bf1eec668bd00cf6,edf43a9a19e4a3f3bf1eec668bd00cf6,60520210a00cc73098f63adb52d01419,True,sat,False,False,False,,"{""0"": ""free"", ""1"": ""free"", ""10"": ""free"", ""11"": ""free"", ""12"": ""free"", ""13"": ""unknown"", ""14"": ""free"", ""15"": ""free"", ""2"": ""free"", ""3"": ""free"", ""4"": ""free"", ""5"": ""free"", ""6"": ""free"", ""7"": ""free"", ""8"": ""free"", ""9"": ""free""}","{""0"": ""free"", ""1"": ""free"", ""2"": ""free"", ""3"": ""free""}",[],"[0, 1, 2, 3, 4, 5, 6, 7, 8, 9, 10, 11, 12, 14, 15]",[13],False,ambiguity,False,uf_axiom,
SB_93__MC_85,SB_93,MC_85,SB-MC,0,0,0,1,1,0,1,0,0,0,0,0,early_late_mixed,gap_uncovered_structural_cell,SB_93__MC_85,0,32,2,differential,1,"[{""classification"": ""ambiguity"", ""elapsed"": 81.17687275633216, ""first_result"": ""sat"", ""first_timeout_ms"": 60000, ""query_count"": 32, ""second_result"": ""sat"", ""second_timeout_ms"": 300000, ""z3_reason_unknown"": """"}]",sat,sat,0.001960335299372673,80.80491611361504,edf43a9a19e4a3f3bf1eec668bd00cf6,edf43a9a19e4a3f3bf1eec668bd00cf6,3004c02010359ca59b02c3e1b7458d07,True,sat,False,False,False,,"{""0"": ""free"", ""1"": ""free"", ""10"": ""free"", ""11"": ""free"", ""12"": ""free"", ""13"": ""free"", ""14"": ""free"", ""15"": ""free"", ""2"": ""free"", ""3"": ""free"", ""4"": ""free"", ""5"": ""free"", ""6"": ""free"", ""7"": ""free"", ""8"": ""free"", ""9"": ""free""}","{""0"": ""free"", ""1"": ""free"", ""2"": ""free"", ""3"": ""free""}",[],"[0, 1, 2, 3, 4, 5, 6, 7, 8, 9, 10, 11, 12, 13, 14, 15]",[],False,ambiguity,False,uf_axiom,
SB_93__MC_85,SB_93,MC_85,SB-MC,0,0,0,1,1,0,1,0,0,0,0,0,early_late_mixed,gap_uncovered_structural_cell,SB_93__MC_85,2,32,2,differential,1,"[{""classification"": ""ambiguity"", ""elapsed"": 81.87210789136589, ""first_result"": ""sat"", ""first_timeout_ms"": 60000, ""query_count"": 32, ""second_result"": ""sat"", ""second_timeout_ms"": 300000, ""z3_reason_unknown"": """"}]",sat,sat,0.0017215833067893982,51.47684804536402,a66f651322597191ab9f8f8af4c2db61,a66f651322597191ab9f8f8af4c2db61,5a09734e52f4e691cd62969301b1a690,True,sat,False,False,False,,"{""0"": ""free"", ""1"": ""free"", ""10"": ""free"", ""11"": ""free"", ""12"": ""free"", ""13"": ""free"", ""14"": ""free"", ""15"": ""free"", ""2"": ""free"", ""3"": ""free"", ""4"": ""free"", ""5"": ""free"", ""6"": ""free"", ""7"": ""unknown"", ""8"": ""free"", ""9"": ""free""}","{""0"": ""free"", ""1"": ""free"", ""2"": ""free"", ""3"": ""free""}",[],"[0, 1, 2, 3, 4, 5, 6, 8, 9, 10, 11, 12, 13, 14, 15]",[7],False,ambiguity,False,uf_axiom,
SB_120__MC_33,SB_120,MC_33,SB-MC,0,0,0,0,0,0,0,0,0,0,1,0,early_late_mixed,gap_uncovered_structural_cell,SB_120__MC_33,1,32,2,differential,1,"[{""classification"": ""ambiguity"", ""elapsed"": 104.54658153653145, ""first_result"": ""sat"", ""first_timeout_ms"": 60000, ""query_count"": 32, ""second_result"": ""sat"", ""second_timeout_ms"": 300000, ""z3_reason_unknown"": """"}]",sat,sat,0.0030865613371133804,74.11529887281358,99107579bc3c2c3b0d7a8a6fd1573606,99107579bc3c2c3b0d7a8a6fd1573606,43c9398b8353a1291300e6d597d8db06,True,sat,False,False,False,,"{""0"": ""free"", ""1"": ""free"", ""10"": ""free"", ""11"": ""free"", ""12"": ""free"", ""13"": ""free"", ""14"": ""free"", ""15"": ""unknown"", ""2"": ""free"", ""3"": ""free"", ""4"": ""free"", ""5"": ""free"", ""6"": ""free"", ""7"": ""free"", ""8"": ""free"", ""9"": ""free""}","{""0"": ""free"", ""1"": ""free"", ""2"": ""free"", ""3"": ""free""}",[],"[0, 1, 2, 3, 4, 5, 6, 7, 8, 9, 10, 11, 12, 13, 14]",[15],False,ambiguity,False,uf_axiom,
SB_94__MC_70,SB_94,MC_70,SB-MC,0,0,0,1,1,0,1,0,0,0,0,0,early_late_mixed,gap_uncovered_structural_cell,SB_94__MC_70,0,32,2,differential,1,"[{""classification"": ""ambiguity"", ""elapsed"": 118.48215458728373, ""first_result"": ""sat"", ""first_timeout_ms"": 60000, ""query_count"": 32, ""second_result"": ""sat"", ""second_timeout_ms"": 300000, ""z3_reason_unknown"": """"}]",sat,sat,0.001782156527042389,118.07409245148301,edf43a9a19e4a3f3bf1eec668bd00cf6,edf43a9a19e4a3f3bf1eec668bd00cf6,5e1009e266b167407b0047e2093073a3,True,sat,False,False,False,,"{""0"": ""free"", ""1"": ""free"", ""10"": ""free"", ""11"": ""free"", ""12"": ""free"", ""13"": ""free"", ""14"": ""free"", ""15"": ""free"", ""2"": ""free"", ""3"": ""free"", ""4"": ""free"", ""5"": ""free"", ""6"": ""free"", ""7"": ""free"", ""8"": ""free"", ""9"": ""free""}","{""0"": ""free"", ""1"": ""free"", ""2"": ""free"", ""3"": ""free""}",[],"[0, 1, 2, 3, 4, 5, 6, 7, 8, 9, 10, 11, 12, 13, 14, 15]",[],False,ambiguity,False,uf_axiom,
SB_59__MC_71,SB_59,MC_71,SB-MC,0,0,0,0,0,0,0,0,0,0,1,0,early_late_mixed,gap_uncovered_structural_cell,SB_59__MC_71,2,32,2,differential,1,"[{""classification"": ""ambiguity"", ""elapsed"": 7.00388391315937, ""first_result"": ""sat"", ""first_timeout_ms"": 60000, ""query_count"": 32, ""second_result"": ""sat"", ""second_timeout_ms"": 300000, ""z3_reason_unknown"": """"}]",sat,sat,0.0014550518244504929,6.596074121072888,a66f651322597191ab9f8f8af4c2db61,a66f651322597191ab9f8f8af4c2db61,7c2304c64200bf91310351276ac7f591,True,sat,False,False,False,,"{""0"": ""free"", ""1"": ""free"", ""10"": ""free"", ""11"": ""free"", ""12"": ""free"", ""13"": ""free"", ""14"": ""free"", ""15"": ""free"", ""2"": ""free"", ""3"": ""free"", ""4"": ""free"", ""5"": ""free"", ""6"": ""free"", ""7"": ""fixed"", ""8"": ""free"", ""9"": ""free""}","{""0"": ""free"", ""1"": ""free"", ""2"": ""free"", ""3"": ""free""}",[7],"[0, 1, 2, 3, 4, 5, 6, 8, 9, 10, 11, 12, 13, 14, 15]",[],False,ambiguity,False,uf_axiom,
SB_34__MC_122,SB_34,MC_122,SB-MC,0,0,0,0,1,0,0,0,0,0,1,0,early_late_mixed,gap_uncovered_structural_cell,SB_34__MC_122,1,32,2,differential,1,"[{""classification"": ""ambiguity"", ""elapsed"": 20.739313147962093, ""first_result"": ""sat"", ""first_timeout_ms"": 60000, ""query_count"": 32, ""second_result"": ""sat"", ""second_timeout_ms"": 300000, ""z3_reason_unknown"": """"}]",sat,sat,0.002834361046552658,20.1777436286211,99107579bc3c2c3b0d7a8a6fd1573606,99107579bc3c2c3b0d7a8a6fd1573606,02a62882011b200b0523c71a906ef315,True,sat,False,False,False,,"{""0"": ""free"", ""1"": ""free"", ""10"": ""free"", ""11"": ""free"", ""12"": ""free"", ""13"": ""free"", ""14"": ""free"", ""15"": ""free"", ""2"": ""free"", ""3"": ""free"", ""4"": ""free"", ""5"": ""free"", ""6"": ""free"", ""7"": ""free"", ""8"": ""free"", ""9"": ""free""}","{""0"": ""free"", ""1"": ""free"", ""2"": ""free"", ""3"": ""free""}",[],"[0, 1, 2, 3, 4, 5, 6, 7, 8, 9, 10, 11, 12, 13, 14, 15]",[],False,ambiguity,False,uf_axiom,
SB_34__MC_122,SB_34,MC_122,SB-MC,0,0,0,0,1,0,0,0,0,0,1,0,early_late_mixed,gap_uncovered_structural_cell,SB_34__MC_122,0,32,2,differential,1,"[{""classification"": ""ambiguity"", ""elapsed"": 21.455216199159622, ""first_result"": ""sat"", ""first_timeout_ms"": 60000, ""query_count"": 32, ""second_result"": ""sat"", ""second_timeout_ms"": 300000, ""z3_reason_unknown"": """"}]",sat,sat,0.0030478984117507935,21.013388443738222,edf43a9a19e4a3f3bf1eec668bd00cf6,edf43a9a19e4a3f3bf1eec668bd00cf6,22b491d410a5d420dd008841073162a9,True,sat,False,False,False,,"{""0"": ""free"", ""1"": ""free"", ""10"": ""free"", ""11"": ""free"", ""12"": ""free"", ""13"": ""free"", ""14"": ""free"", ""15"": ""free"", ""2"": ""free"", ""3"": ""free"", ""4"": ""free"", ""5"": ""free"", ""6"": ""free"", ""7"": ""free"", ""8"": ""free"", ""9"": ""free""}","{""0"": ""free"", ""1"": ""free"", ""2"": ""free"", ""3"": ""free""}",[],"[0, 1, 2, 3, 4, 5, 6, 7, 8, 9, 10, 11, 12, 13, 14, 15]",[],False,ambiguity,False,uf_axiom,
SB_121__MC_7,SB_121,MC_7,SB-MC,0,0,0,0,0,0,0,0,0,0,1,0,early_late_mixed,gap_uncovered_structural_cell,SB_121__MC_7,2,32,2,differential,1,"[{""classification"": ""ambiguity"", ""elapsed"": 24.35584075935185, ""first_result"": ""sat"", ""first_timeout_ms"": 60000, ""query_count"": 32, ""second_result"": ""sat"", ""second_timeout_ms"": 300000, ""z3_reason_unknown"": """"}]",sat,sat,0.0027769189327955246,23.751655036583543,a66f651322597191ab9f8f8af4c2db61,a66f651322597191ab9f8f8af4c2db61,a7a511802d2e2e002f0bbf7600165916,True,sat,False,False,False,,"{""0"": ""free"", ""1"": ""free"", ""10"": ""free"", ""11"": ""free"", ""12"": ""free"", ""13"": ""free"", ""14"": ""free"", ""15"": ""free"", ""2"": ""free"", ""3"": ""free"", ""4"": ""free"", ""5"": ""free"", ""6"": ""free"", ""7"": ""free"", ""8"": ""free"", ""9"": ""free""}","{""0"": ""free"", ""1"": ""free"", ""2"": ""free"", ""3"": ""free""}",[],"[0, 1, 2, 3, 4, 5, 6, 7, 8, 9, 10, 11, 12, 13, 14, 15]",[],False,ambiguity,False,uf_axiom,
SB_5__MC_123,SB_5,MC_123,SB-MC,0,0,0,0,0,0,0,0,0,0,1,0,early_late_mixed,gap_uncovered_structural_cell,SB_5__MC_123,0,32,2,differential,1,"[{""classification"": ""ambiguity"", ""elapsed"": 25.038617512211204, ""first_result"": ""sat"", ""first_timeout_ms"": 60000, ""query_count"": 32, ""second_result"": ""sat"", ""second_timeout_ms"": 300000, ""z3_reason_unknown"": """"}]",sat,sat,0.002901451662182808,24.497762648388743,edf43a9a19e4a3f3bf1eec668bd00cf6,edf43a9a19e4a3f3bf1eec668bd00cf6,06a08c50522d30468b8a7e004336a0bf,True,sat,False,False,False,,"{""0"": ""free"", ""1"": ""free"", ""10"": ""free"", ""11"": ""free"", ""12"": ""free"", ""13"": ""free"", ""14"": ""free"", ""15"": ""free"", ""2"": ""free"", ""3"": ""free"", ""4"": ""free"", ""5"": ""free"", ""6"": ""free"", ""7"": ""free"", ""8"": ""free"", ""9"": ""free""}","{""0"": ""free"", ""1"": ""free"", ""2"": ""free"", ""3"": ""free""}",[],"[0, 1, 2, 3, 4, 5, 6, 7, 8, 9, 10, 11, 12, 13, 14, 15]",[],False,ambiguity,False,uf_axiom,
SB_61__MC_6,SB_61,MC_6,SB-MC,0,0,0,0,0,0,0,0,0,0,1,0,early_late_mixed,gap_uncovered_structural_cell,SB_61__MC_6,1,32,2,differential,1,"[{""classification"": ""ambiguity"", ""elapsed"": 26.438005151227117, ""first_result"": ""sat"", ""first_timeout_ms"": 60000, ""query_count"": 32, ""second_result"": ""sat"", ""second_timeout_ms"": 300000, ""z3_reason_unknown"": """"}]",sat,sat,0.0018211361020803452,25.973627973347902,99107579bc3c2c3b0d7a8a6fd1573606,99107579bc3c2c3b0d7a8a6fd1573606,c8007092a140dc0a9a526a401c620008,True,sat,False,False,False,,"{""0"": ""free"", ""1"": ""free"", ""10"": ""free"", ""11"": ""free"", ""12"": ""free"", ""13"": ""free"", ""14"": ""free"", ""15"": ""free"", ""2"": ""free"", ""3"": ""free"", ""4"": ""free"", ""5"": ""free"", ""6"": ""free"", ""7"": ""free"", ""8"": ""free"", ""9"": ""free""}","{""0"": ""free"", ""1"": ""free"", ""2"": ""free"", ""3"": ""free""}",[],"[0, 1, 2, 3, 4, 5, 6, 7, 8, 9, 10, 11, 12, 13, 14, 15]",[],False,ambiguity,False,uf_axiom,
SB_127__MC_22,SB_127,MC_22,SB-MC,0,0,0,0,0,0,0,0,0,0,1,0,early_late_mixed,gap_uncovered_structural_cell,SB_127__MC_22,2,32,2,differential,1,"[{""classification"": ""ambiguity"", ""elapsed"": 27.567091500386596, ""first_result"": ""sat"", ""first_timeout_ms"": 60000, ""query_count"": 32, ""second_result"": ""sat"", ""second_timeout_ms"": 300000, ""z3_reason_unknown"": """"}]",sat,sat,0.0016047284007072449,27.16663010790944,a66f651322597191ab9f8f8af4c2db61,a66f651322597191ab9f8f8af4c2db61,9c443094c1f855e3011c3024a678f640,True,sat,False,False,False,,"{""0"": ""free"", ""1"": ""free"", ""10"": ""free"", ""11"": ""free"", ""12"": ""free"", ""13"": ""free"", ""14"": ""free"", ""15"": ""free"", ""2"": ""free"", ""3"": ""free"", ""4"": ""free"", ""5"": ""free"", ""6"": ""free"", ""7"": ""free"", ""8"": ""free"", ""9"": ""free""}","{""0"": ""free"", ""1"": ""free"", ""2"": ""free"", ""3"": ""free""}",[],"[0, 1, 2, 3, 4, 5, 6, 7, 8, 9, 10, 11, 12, 13, 14, 15]",[],False,ambiguity,False,uf_axiom,
SB_125__MC_45,SB_125,MC_45,SB-MC,0,0,0,0,1,0,0,0,0,0,1,0,early_late_mixed,gap_uncovered_structural_cell,SB_125__MC_45,1,32,2,differential,1,"[{""classification"": ""ambiguity"", ""elapsed"": 29.74058417417109, ""first_result"": ""sat"", ""first_timeout_ms"": 60000, ""query_count"": 32, ""second_result"": ""sat"", ""second_timeout_ms"": 300000, ""z3_reason_unknown"": """"}]",sat,sat,0.0017940588295459747,29.305320169776678,99107579bc3c2c3b0d7a8a6fd1573606,99107579bc3c2c3b0d7a8a6fd1573606,b3f27c175ac2ec10aaf248cd522518a8,True,sat,False,False,False,,"{""0"": ""free"", ""1"": ""free"", ""10"": ""free"", ""11"": ""free"", ""12"": ""free"", ""13"": ""free"", ""14"": ""free"", ""15"": ""free"", ""2"": ""free"", ""3"": ""free"", ""4"": ""free"", ""5"": ""free"", ""6"": ""free"", ""7"": ""free"", ""8"": ""free"", ""9"": ""free""}","{""0"": ""free"", ""1"": ""free"", ""2"": ""free"", ""3"": ""free""}",[],"[0, 1, 2, 3, 4, 5, 6, 7, 8, 9, 10, 11, 12, 13, 14, 15]",[],False,ambiguity,False,uf_axiom,
SB_113__MC_70,SB_113,MC_70,SB-MC,0,0,0,0,0,0,0,0,0,0,1,0,early_late_mixed,gap_uncovered_structural_cell,SB_113__MC_70,2,32,2,differential,1,"[{""classification"": ""ambiguity"", ""elapsed"": 36.21674058586359, ""first_result"": ""sat"", ""first_timeout_ms"": 60000, ""query_count"": 32, ""second_result"": ""sat"", ""second_timeout_ms"": 300000, ""z3_reason_unknown"": """"}]",sat,sat,0.0028259307146072388,35.66924295388162,a66f651322597191ab9f8f8af4c2db61,a66f651322597191ab9f8f8af4c2db61,c9793482c0de728f99b31edfd5030014,True,sat,False,False,False,,"{""0"": ""free"", ""1"": ""free"", ""10"": ""free"", ""11"": ""free"", ""12"": ""free"", ""13"": ""free"", ""14"": ""free"", ""15"": ""free"", ""2"": ""free"", ""3"": ""free"", ""4"": ""free"", ""5"": ""free"", ""6"": ""free"", ""7"": ""free"", ""8"": ""free"", ""9"": ""free""}","{""0"": ""free"", ""1"": ""free"", ""2"": ""free"", ""3"": ""free""}",[],"[0, 1, 2, 3, 4, 5, 6, 7, 8, 9, 10, 11, 12, 13, 14, 15]",[],False,ambiguity,False,uf_axiom,
SB_90__MC_11,SB_90,MC_11,SB-MC,0,0,0,0,0,0,0,0,0,0,1,0,early_late_mixed,gap_uncovered_structural_cell,SB_90__MC_11,1,32,2,differential,1,"[{""classification"": ""ambiguity"", ""elapsed"": 36.67896608449519, ""first_result"": ""sat"", ""first_timeout_ms"": 60000, ""query_count"": 32, ""second_result"": ""sat"", ""second_timeout_ms"": 300000, ""z3_reason_unknown"": """"}]",sat,sat,0.0027679335325956345,36.18386892415583,99107579bc3c2c3b0d7a8a6fd1573606,99107579bc3c2c3b0d7a8a6fd1573606,f100fc40bb9ea030c8b527cb404b6f25,True,sat,False,False,False,,"{""0"": ""free"", ""1"": ""free"", ""10"": ""free"", ""11"": ""free"", ""12"": ""free"", ""13"": ""free"", ""14"": ""free"", ""15"": ""free"", ""2"": ""free"", ""3"": ""free"", ""4"": ""free"", ""5"": ""free"", ""6"": ""free"", ""7"": ""free"", ""8"": ""free"", ""9"": ""free""}","{""0"": ""free"", ""1"": ""free"", ""2"": ""free"", ""3"": ""free""}",[],"[0, 1, 2, 3, 4, 5, 6, 7, 8, 9, 10, 11, 12, 13, 14, 15]",[],False,ambiguity,False,uf_axiom,
SB_127__MC_22,SB_127,MC_22,SB-MC,0,0,0,0,0,0,0,0,0,0,1,0,early_late_mixed,gap_uncovered_structural_cell,SB_127__MC_22,0,32,2,differential,1,"[{""classification"": ""ambiguity"", ""elapsed"": 37.64813480898738, ""first_result"": ""sat"", ""first_timeout_ms"": 60000, ""query_count"": 32, ""second_result"": ""sat"", ""second_timeout_ms"": 300000, ""z3_reason_unknown"": """"}]",sat,sat,0.0014411304146051407,37.18720314092934,edf43a9a19e4a3f3bf1eec668bd00cf6,edf43a9a19e4a3f3bf1eec668bd00cf6,b8fc4085865f9700bba12f488fdbc73c,True,sat,False,False,False,,"{""0"": ""free"", ""1"": ""free"", ""10"": ""free"", ""11"": ""free"", ""12"": ""free"", ""13"": ""free"", ""14"": ""free"", ""15"": ""free"", ""2"": ""free"", ""3"": ""free"", ""4"": ""free"", ""5"": ""free"", ""6"": ""free"", ""7"": ""free"", ""8"": ""free"", ""9"": ""free""}","{""0"": ""free"", ""1"": ""free"", ""2"": ""free"", ""3"": ""free""}",[],"[0, 1, 2, 3, 4, 5, 6, 7, 8, 9, 10, 11, 12, 13, 14, 15]",[],False,ambiguity,False,uf_axiom,
SB_63__MC_123,SB_63,MC_123,SB-MC,0,0,1,0,0,0,0,0,1,0,0,0,early_late_mixed,gap_uncovered_structural_cell,SB_63__MC_123,2,32,2,differential,1,"[{""classification"": ""ambiguity"", ""elapsed"": 37.76647529937327, ""first_result"": ""sat"", ""first_timeout_ms"": 60000, ""query_count"": 32, ""second_result"": ""sat"", ""second_timeout_ms"": 300000, ""z3_reason_unknown"": """"}]",sat,sat,0.002910992130637169,37.242552580311894,a66f651322597191ab9f8f8af4c2db61,a66f651322597191ab9f8f8af4c2db61,6a3bfef89010ee22fd948b10962da028,True,sat,False,False,False,,"{""0"": ""free"", ""1"": ""free"", ""10"": ""free"", ""11"": ""free"", ""12"": ""free"", ""13"": ""free"", ""14"": ""free"", ""15"": ""free"", ""2"": ""free"", ""3"": ""free"", ""4"": ""free"", ""5"": ""free"", ""6"": ""free"", ""7"": ""free"", ""8"": ""free"", ""9"": ""free""}","{""0"": ""free"", ""1"": ""free"", ""2"": ""free"", ""3"": ""free""}",[],"[0, 1, 2, 3, 4, 5, 6, 7, 8, 9, 10, 11, 12, 13, 14, 15]",[],False,ambiguity,False,uf_axiom,
SB_5__MC_123,SB_5,MC_123,SB-MC,0,0,0,0,0,0,0,0,0,0,1,0,early_late_mixed,gap_uncovered_structural_cell,SB_5__MC_123,1,32,2,differential,1,"[{""classification"": ""ambiguity"", ""elapsed"": 39.47279620729387, ""first_result"": ""sat"", ""first_timeout_ms"": 60000, ""query_count"": 32, ""second_result"": ""sat"", ""second_timeout_ms"": 300000, ""z3_reason_unknown"": """"}]",sat,sat,0.003259170800447464,38.999352395534515,99107579bc3c2c3b0d7a8a6fd1573606,99107579bc3c2c3b0d7a8a6fd1573606,08f8bcc002541ae208eb52a302671ba5,True,sat,False,False,False,,"{""0"": ""free"", ""1"": ""free"", ""10"": ""free"", ""11"": ""free"", ""12"": ""free"", ""13"": ""free"", ""14"": ""free"", ""15"": ""free"", ""2"": ""free"", ""3"": ""free"", ""4"": ""free"", ""5"": ""free"", ""6"": ""free"", ""7"": ""free"", ""8"": ""free"", ""9"": ""free""}","{""0"": ""free"", ""1"": ""free"", ""2"": ""free"", ""3"": ""free""}",[],"[0, 1, 2, 3, 4, 5, 6, 7, 8, 9, 10, 11, 12, 13, 14, 15]",[],False,ambiguity,False,uf_axiom,
SB_59__MC_71,SB_59,MC_71,SB-MC,0,0,0,0,0,0,0,0,0,0,1,0,early_late_mixed,gap_uncovered_structural_cell,SB_59__MC_71,0,32,2,differential,1,"[{""classification"": ""ambiguity"", ""elapsed"": 40.59798547811806, ""first_result"": ""sat"", ""first_timeout_ms"": 60000, ""query_count"": 32, ""second_result"": ""sat"", ""second_timeout_ms"": 300000, ""z3_reason_unknown"": """"}]",sat,sat,0.0015490483492612839,40.22403174825013,edf43a9a19e4a3f3bf1eec668bd00cf6,edf43a9a19e4a3f3bf1eec668bd00cf6,1646d38e5bed549d2e46004c705c8a7b,True,sat,False,False,False,,"{""0"": ""free"", ""1"": ""free"", ""10"": ""free"", ""11"": ""free"", ""12"": ""free"", ""13"": ""free"", ""14"": ""free"", ""15"": ""free"", ""2"": ""free"", ""3"": ""free"", ""4"": ""free"", ""5"": ""free"", ""6"": ""free"", ""7"": ""free"", ""8"": ""free"", ""9"": ""free""}","{""0"": ""free"", ""1"": ""free"", ""2"": ""free"", ""3"": ""free""}",[],"[0, 1, 2, 3, 4, 5, 6, 7, 8, 9, 10, 11, 12, 13, 14, 15]",[],False,ambiguity,False,uf_axiom,
SB_125__MC_45,SB_125,MC_45,SB-MC,0,0,0,0,1,0,0,0,0,0,1,0,early_late_mixed,gap_uncovered_structural_cell,SB_125__MC_45,2,32,2,differential,1,"[{""classification"": ""ambiguity"", ""elapsed"": 42.767626374959946, ""first_result"": ""sat"", ""first_timeout_ms"": 60000, ""query_count"": 32, ""second_result"": ""sat"", ""second_timeout_ms"": 300000, ""z3_reason_unknown"": """"}]",sat,sat,0.001620020717382431,42.372328175231814,a66f651322597191ab9f8f8af4c2db61,a66f651322597191ab9f8f8af4c2db61,495999043d8001e20905dc3a0e52ccea,True,sat,False,False,False,,"{""0"": ""free"", ""1"": ""free"", ""10"": ""free"", ""11"": ""free"", ""12"": ""free"", ""13"": ""free"", ""14"": ""free"", ""15"": ""free"", ""2"": ""free"", ""3"": ""free"", ""4"": ""free"", ""5"": ""free"", ""6"": ""free"", ""7"": ""free"", ""8"": ""free"", ""9"": ""free""}","{""0"": ""free"", ""1"": ""free"", ""2"": ""free"", ""3"": ""free""}",[],"[0, 1, 2, 3, 4, 5, 6, 7, 8, 9, 10, 11, 12, 13, 14, 15]",[],False,ambiguity,False,uf_axiom,
SB_125__MC_45,SB_125,MC_45,SB-MC,0,0,0,0,1,0,0,0,0,0,1,0,early_late_mixed,gap_uncovered_structural_cell,SB_125__MC_45,0,32,2,differential,1,"[{""classification"": ""ambiguity"", ""elapsed"": 43.000961035490036, ""first_result"": ""sat"", ""first_timeout_ms"": 60000, ""query_count"": 32, ""second_result"": ""sat"", ""second_timeout_ms"": 300000, ""z3_reason_unknown"": """"}]",sat,sat,0.0030313320457935333,42.52569690719247,edf43a9a19e4a3f3bf1eec668bd00cf6,edf43a9a19e4a3f3bf1eec668bd00cf6,9b72da0800d7e6551df34061999e4808,True,sat,False,False,False,,"{""0"": ""free"", ""1"": ""free"", ""10"": ""free"", ""11"": ""free"", ""12"": ""free"", ""13"": ""free"", ""14"": ""free"", ""15"": ""free"", ""2"": ""free"", ""3"": ""free"", ""4"": ""free"", ""5"": ""free"", ""6"": ""free"", ""7"": ""free"", ""8"": ""free"", ""9"": ""free""}","{""0"": ""free"", ""1"": ""free"", ""2"": ""free"", ""3"": ""free""}",[],"[0, 1, 2, 3, 4, 5, 6, 7, 8, 9, 10, 11, 12, 13, 14, 15]",[],False,ambiguity,False,uf_axiom,
SB_61__MC_6,SB_61,MC_6,SB-MC,0,0,0,0,0,0,0,0,0,0,1,0,early_late_mixed,gap_uncovered_structural_cell,SB_61__MC_6,0,32,2,differential,1,"[{""classification"": ""ambiguity"", ""elapsed"": 45.353882951661944, ""first_result"": ""sat"", ""first_timeout_ms"": 60000, ""query_count"": 32, ""second_result"": ""sat"", ""second_timeout_ms"": 300000, ""z3_reason_unknown"": """"}]",sat,sat,0.0016385093331336975,44.85304765962064,edf43a9a19e4a3f3bf1eec668bd00cf6,edf43a9a19e4a3f3bf1eec668bd00cf6,492d89c97178477e3fb01d2f05266a3e,True,sat,False,False,False,,"{""0"": ""free"", ""1"": ""free"", ""10"": ""free"", ""11"": ""free"", ""12"": ""free"", ""13"": ""free"", ""14"": ""free"", ""15"": ""free"", ""2"": ""free"", ""3"": ""free"", ""4"": ""free"", ""5"": ""free"", ""6"": ""free"", ""7"": ""free"", ""8"": ""free"", ""9"": ""free""}","{""0"": ""free"", ""1"": ""free"", ""2"": ""free"", ""3"": ""free""}",[],"[0, 1, 2, 3, 4, 5, 6, 7, 8, 9, 10, 11, 12, 13, 14, 15]",[],False,ambiguity,False,uf_axiom,
SB_90__MC_11,SB_90,MC_11,SB-MC,0,0,0,0,0,0,0,0,0,0,1,0,early_late_mixed,gap_uncovered_structural_cell,SB_90__MC_11,0,32,2,differential,1,"[{""classification"": ""ambiguity"", ""elapsed"": 50.875906620174646, ""first_result"": ""sat"", ""first_timeout_ms"": 60000, ""query_count"": 32, ""second_result"": ""sat"", ""second_timeout_ms"": 300000, ""z3_reason_unknown"": """"}]",sat,sat,0.0017987694591283798,50.44956334494054,edf43a9a19e4a3f3bf1eec668bd00cf6,edf43a9a19e4a3f3bf1eec668bd00cf6,a91b90d3c85e2b0b540b013d230b625b,True,sat,False,False,False,,"{""0"": ""free"", ""1"": ""free"", ""10"": ""free"", ""11"": ""free"", ""12"": ""free"", ""13"": ""free"", ""14"": ""free"", ""15"": ""free"", ""2"": ""free"", ""3"": ""free"", ""4"": ""free"", ""5"": ""free"", ""6"": ""free"", ""7"": ""free"", ""8"": ""free"", ""9"": ""free""}","{""0"": ""free"", ""1"": ""free"", ""2"": ""free"", ""3"": ""free""}",[],"[0, 1, 2, 3, 4, 5, 6, 7, 8, 9, 10, 11, 12, 13, 14, 15]",[],False,ambiguity,False,uf_axiom,
SB_59__MC_71,SB_59,MC_71,SB-MC,0,0,0,0,0,0,0,0,0,0,1,0,early_late_mixed,gap_uncovered_structural_cell,SB_59__MC_71,1,32,2,differential,1,"[{""classification"": ""ambiguity"", ""elapsed"": 53.920329531654716, ""first_result"": ""sat"", ""first_timeout_ms"": 60000, ""query_count"": 32, ""second_result"": ""sat"", ""second_timeout_ms"": 300000, ""z3_reason_unknown"": """"}]",sat,sat,0.002909040078520775,53.365805976092815,99107579bc3c2c3b0d7a8a6fd1573606,99107579bc3c2c3b0d7a8a6fd1573606,ae4191002fe9b1bd80be3fe208508c47,True,sat,False,False,False,,"{""0"": ""free"", ""1"": ""free"", ""10"": ""free"", ""11"": ""free"", ""12"": ""free"", ""13"": ""free"", ""14"": ""free"", ""15"": ""free"", ""2"": ""free"", ""3"": ""free"", ""4"": ""free"", ""5"": ""free"", ""6"": ""free"", ""7"": ""free"", ""8"": ""free"", ""9"": ""free""}","{""0"": ""free"", ""1"": ""free"", ""2"": ""free"", ""3"": ""free""}",[],"[0, 1, 2, 3, 4, 5, 6, 7, 8, 9, 10, 11, 12, 13, 14, 15]",[],False,ambiguity,False,uf_axiom,
SB_90__MC_11,SB_90,MC_11,SB-MC,0,0,0,0,0,0,0,0,0,0,1,0,early_late_mixed,gap_uncovered_structural_cell,SB_90__MC_11,2,32,2,differential,1,"[{""classification"": ""ambiguity"", ""elapsed"": 57.92280644364655, ""first_result"": ""sat"", ""first_timeout_ms"": 60000, ""query_count"": 32, ""second_result"": ""sat"", ""second_timeout_ms"": 300000, ""z3_reason_unknown"": """"}]",sat,sat,0.0033050458878278732,57.36604726500809,a66f651322597191ab9f8f8af4c2db61,a66f651322597191ab9f8f8af4c2db61,23d43c63d7a3e71021d74206e032a08d,True,sat,False,False,False,,"{""0"": ""free"", ""1"": ""free"", ""10"": ""free"", ""11"": ""free"", ""12"": ""free"", ""13"": ""free"", ""14"": ""free"", ""15"": ""free"", ""2"": ""free"", ""3"": ""free"", ""4"": ""free"", ""5"": ""free"", ""6"": ""free"", ""7"": ""free"", ""8"": ""free"", ""9"": ""free""}","{""0"": ""free"", ""1"": ""free"", ""2"": ""free"", ""3"": ""free""}",[],"[0, 1, 2, 3, 4, 5, 6, 7, 8, 9, 10, 11, 12, 13, 14, 15]",[],False,ambiguity,False,uf_axiom,
SB_61__MC_6,SB_61,MC_6,SB-MC,0,0,0,0,0,0,0,0,0,0,1,0,early_late_mixed,gap_uncovered_structural_cell,SB_61__MC_6,2,32,2,differential,1,"[{""classification"": ""ambiguity"", ""elapsed"": 59.07870339974761, ""first_result"": ""sat"", ""first_timeout_ms"": 60000, ""query_count"": 32, ""second_result"": ""sat"", ""second_timeout_ms"": 300000, ""z3_reason_unknown"": """"}]",sat,sat,0.002922387793660164,58.51733585819602,a66f651322597191ab9f8f8af4c2db61,a66f651322597191ab9f8f8af4c2db61,790603eebcb87265f9420a4220096054,True,sat,False,False,False,,"{""0"": ""free"", ""1"": ""free"", ""10"": ""free"", ""11"": ""free"", ""12"": ""free"", ""13"": ""free"", ""14"": ""free"", ""15"": ""free"", ""2"": ""free"", ""3"": ""free"", ""4"": ""free"", ""5"": ""free"", ""6"": ""free"", ""7"": ""free"", ""8"": ""free"", ""9"": ""free""}","{""0"": ""free"", ""1"": ""free"", ""2"": ""free"", ""3"": ""free""}",[],"[0, 1, 2, 3, 4, 5, 6, 7, 8, 9, 10, 11, 12, 13, 14, 15]",[],False,ambiguity,False,uf_axiom,
SB_5__MC_123,SB_5,MC_123,SB-MC,0,0,0,0,0,0,0,0,0,0,1,0,early_late_mixed,gap_uncovered_structural_cell,SB_5__MC_123,2,32,2,differential,1,"[{""classification"": ""ambiguity"", ""elapsed"": 59.75087358802557, ""first_result"": ""sat"", ""first_timeout_ms"": 60000, ""query_count"": 32, ""second_result"": ""sat"", ""second_timeout_ms"": 300000, ""z3_reason_unknown"": """"}]",sat,sat,0.0030582360923290253,59.19658639654517,a66f651322597191ab9f8f8af4c2db61,a66f651322597191ab9f8f8af4c2db61,4f24015c8756dd224f6b3a8d9741315b,True,sat,False,False,False,,"{""0"": ""free"", ""1"": ""free"", ""10"": ""free"", ""11"": ""free"", ""12"": ""free"", ""13"": ""free"", ""14"": ""free"", ""15"": ""free"", ""2"": ""free"", ""3"": ""free"", ""4"": ""free"", ""5"": ""free"", ""6"": ""free"", ""7"": ""free"", ""8"": ""free"", ""9"": ""free""}","{""0"": ""free"", ""1"": ""free"", ""2"": ""free"", ""3"": ""free""}",[],"[0, 1, 2, 3, 4, 5, 6, 7, 8, 9, 10, 11, 12, 13, 14, 15]",[],False,ambiguity,False,uf_axiom,
SB_113__MC_70,SB_113,MC_70,SB-MC,0,0,0,0,0,0,0,0,0,0,1,0,early_late_mixed,gap_uncovered_structural_cell,SB_113__MC_70,0,32,2,differential,1,"[{""classification"": ""ambiguity"", ""elapsed"": 63.840160274878144, ""first_result"": ""sat"", ""first_timeout_ms"": 60000, ""query_count"": 32, ""second_result"": ""sat"", ""second_timeout_ms"": 300000, ""z3_reason_unknown"": """"}]",sat,sat,0.003105511888861656,63.28783977776766,edf43a9a19e4a3f3bf1eec668bd00cf6,edf43a9a19e4a3f3bf1eec668bd00cf6,96ecc4af4a12814b2f452a208006d75c,True,sat,False,False,False,,"{""0"": ""free"", ""1"": ""free"", ""10"": ""free"", ""11"": ""free"", ""12"": ""free"", ""13"": ""free"", ""14"": ""free"", ""15"": ""free"", ""2"": ""free"", ""3"": ""free"", ""4"": ""free"", ""5"": ""free"", ""6"": ""free"", ""7"": ""free"", ""8"": ""free"", ""9"": ""free""}","{""0"": ""free"", ""1"": ""free"", ""2"": ""free"", ""3"": ""free""}",[],"[0, 1, 2, 3, 4, 5, 6, 7, 8, 9, 10, 11, 12, 13, 14, 15]",[],False,ambiguity,False,uf_axiom,
SB_127__MC_22,SB_127,MC_22,SB-MC,0,0,0,0,0,0,0,0,0,0,1,0,early_late_mixed,gap_uncovered_structural_cell,SB_127__MC_22,1,32,2,differential,1,"[{""classification"": ""ambiguity"", ""elapsed"": 66.09581616707146, ""first_result"": ""sat"", ""first_timeout_ms"": 60000, ""query_count"": 32, ""second_result"": ""sat"", ""second_timeout_ms"": 300000, ""z3_reason_unknown"": """"}]",sat,sat,0.0015245415270328522,65.66808115318418,99107579bc3c2c3b0d7a8a6fd1573606,99107579bc3c2c3b0d7a8a6fd1573606,29402402a79d67a880040a88372174d5,True,sat,False,False,False,,"{""0"": ""free"", ""1"": ""free"", ""10"": ""free"", ""11"": ""free"", ""12"": ""free"", ""13"": ""free"", ""14"": ""free"", ""15"": ""free"", ""2"": ""free"", ""3"": ""free"", ""4"": ""free"", ""5"": ""free"", ""6"": ""free"", ""7"": ""free"", ""8"": ""free"", ""9"": ""free""}","{""0"": ""free"", ""1"": ""free"", ""2"": ""free"", ""3"": ""free""}",[],"[0, 1, 2, 3, 4, 5, 6, 7, 8, 9, 10, 11, 12, 13, 14, 15]",[],False,ambiguity,False,uf_axiom,
SB_121__MC_7,SB_121,MC_7,SB-MC,0,0,0,0,0,0,0,0,0,0,1,0,early_late_mixed,gap_uncovered_structural_cell,SB_121__MC_7,0,32,2,differential,1,"[{""classification"": ""ambiguity"", ""elapsed"": 66.45597509294748, ""first_result"": ""sat"", ""first_timeout_ms"": 60000, ""query_count"": 32, ""second_result"": ""sat"", ""second_timeout_ms"": 300000, ""z3_reason_unknown"": """"}]",sat,sat,0.0015679672360420227,65.97052962891757,edf43a9a19e4a3f3bf1eec668bd00cf6,edf43a9a19e4a3f3bf1eec668bd00cf6,2ae06f00c085c232f88c4051f52a9806,True,sat,False,False,False,,"{""0"": ""free"", ""1"": ""free"", ""10"": ""free"", ""11"": ""free"", ""12"": ""free"", ""13"": ""free"", ""14"": ""free"", ""15"": ""free"", ""2"": ""free"", ""3"": ""free"", ""4"": ""free"", ""5"": ""free"", ""6"": ""free"", ""7"": ""free"", ""8"": ""free"", ""9"": ""free""}","{""0"": ""free"", ""1"": ""free"", ""2"": ""free"", ""3"": ""free""}",[],"[0, 1, 2, 3, 4, 5, 6, 7, 8, 9, 10, 11, 12, 13, 14, 15]",[],False,ambiguity,False,uf_axiom,
SB_63__MC_123,SB_63,MC_123,SB-MC,0,0,1,0,0,0,0,0,1,0,0,0,early_late_mixed,gap_uncovered_structural_cell,SB_63__MC_123,0,32,2,differential,1,"[{""classification"": ""ambiguity"", ""elapsed"": 72.5079179033637, ""first_result"": ""sat"", ""first_timeout_ms"": 60000, ""query_count"": 32, ""second_result"": ""sat"", ""second_timeout_ms"": 300000, ""z3_reason_unknown"": """"}]",sat,sat,0.0031950268894433975,41.988649459555745,edf43a9a19e4a3f3bf1eec668bd00cf6,edf43a9a19e4a3f3bf1eec668bd00cf6,bca0c4e00096e04428b44f1743a00ca1,True,sat,False,False,False,,"{""0"": ""free"", ""1"": ""free"", ""10"": ""free"", ""11"": ""free"", ""12"": ""free"", ""13"": ""free"", ""14"": ""unknown"", ""15"": ""free"", ""2"": ""free"", ""3"": ""free"", ""4"": ""free"", ""5"": ""free"", ""6"": ""free"", ""7"": ""free"", ""8"": ""free"", ""9"": ""free""}","{""0"": ""free"", ""1"": ""free"", ""2"": ""free"", ""3"": ""free""}",[],"[0, 1, 2, 3, 4, 5, 6, 7, 8, 9, 10, 11, 12, 13, 15]",[14],False,ambiguity,False,uf_axiom,
SB_113__MC_70,SB_113,MC_70,SB-MC,0,0,0,0,0,0,0,0,0,0,1,0,early_late_mixed,gap_uncovered_structural_cell,SB_113__MC_70,1,32,2,differential,1,"[{""classification"": ""ambiguity"", ""elapsed"": 80.52503069862723, ""first_result"": ""sat"", ""first_timeout_ms"": 60000, ""query_count"": 32, ""second_result"": ""sat"", ""second_timeout_ms"": 300000, ""z3_reason_unknown"": """"}]",sat,sat,0.001737751066684723,80.14007522724569,99107579bc3c2c3b0d7a8a6fd1573606,99107579bc3c2c3b0d7a8a6fd1573606,924c49db0c181148131375d5e20460aa,True,sat,False,False,False,,"{""0"": ""free"", ""1"": ""free"", ""10"": ""free"", ""11"": ""free"", ""12"": ""free"", ""13"": ""free"", ""14"": ""free"", ""15"": ""free"", ""2"": ""free"", ""3"": ""free"", ""4"": ""free"", ""5"": ""free"", ""6"": ""free"", ""7"": ""free"", ""8"": ""free"", ""9"": ""free""}","{""0"": ""free"", ""1"": ""free"", ""2"": ""free"", ""3"": ""free""}",[],"[0, 1, 2, 3, 4, 5, 6, 7, 8, 9, 10, 11, 12, 13, 14, 15]",[],False,ambiguity,False,uf_axiom,
SB_34__MC_122,SB_34,MC_122,SB-MC,0,0,0,0,1,0,0,0,0,0,1,0,early_late_mixed,gap_uncovered_structural_cell,SB_34__MC_122,2,32,2,differential,1,"[{""classification"": ""ambiguity"", ""elapsed"": 90.18416487984359, ""first_result"": ""sat"", ""first_timeout_ms"": 60000, ""query_count"": 32, ""second_result"": ""sat"", ""second_timeout_ms"": 300000, ""z3_reason_unknown"": """"}]",sat,sat,0.0030381567776203156,89.63784612156451,a66f651322597191ab9f8f8af4c2db61,a66f651322597191ab9f8f8af4c2db61,10cae5933093acbcd572bcc2dbdd145a,True,sat,False,False,False,,"{""0"": ""free"", ""1"": ""free"", ""10"": ""free"", ""11"": ""free"", ""12"": ""free"", ""13"": ""free"", ""14"": ""free"", ""15"": ""free"", ""2"": ""free"", ""3"": ""free"", ""4"": ""free"", ""5"": ""free"", ""6"": ""free"", ""7"": ""free"", ""8"": ""free"", ""9"": ""free""}","{""0"": ""free"", ""1"": ""free"", ""2"": ""free"", ""3"": ""free""}",[],"[0, 1, 2, 3, 4, 5, 6, 7, 8, 9, 10, 11, 12, 13, 14, 15]",[],False,ambiguity,False,uf_axiom,
SB_63__MC_123,SB_63,MC_123,SB-MC,0,0,1,0,0,0,0,0,1,0,0,0,early_late_mixed,gap_uncovered_structural_cell,SB_63__MC_123,1,32,2,differential,1,"[{""classification"": ""ambiguity"", ""elapsed"": 100.37812281027436, ""first_result"": ""sat"", ""first_timeout_ms"": 60000, ""query_count"": 32, ""second_result"": ""sat"", ""second_timeout_ms"": 300000, ""z3_reason_unknown"": """"}]",sat,sat,0.003252146765589714,99.92271239683032,99107579bc3c2c3b0d7a8a6fd1573606,99107579bc3c2c3b0d7a8a6fd1573606,69f62fb04039bc2c00889677073082a0,True,sat,False,False,False,,"{""0"": ""free"", ""1"": ""free"", ""10"": ""free"", ""11"": ""free"", ""12"": ""free"", ""13"": ""free"", ""14"": ""free"", ""15"": ""free"", ""2"": ""free"", ""3"": ""free"", ""4"": ""free"", ""5"": ""free"", ""6"": ""free"", ""7"": ""free"", ""8"": ""free"", ""9"": ""free""}","{""0"": ""free"", ""1"": ""free"", ""2"": ""free"", ""3"": ""free""}",[],"[0, 1, 2, 3, 4, 5, 6, 7, 8, 9, 10, 11, 12, 13, 14, 15]",[],False,ambiguity,False,uf_axiom,
SB_121__MC_7,SB_121,MC_7,SB-MC,0,0,0,0,0,0,0,0,0,0,1,0,early_late_mixed,gap_uncovered_structural_cell,SB_121__MC_7,1,32,2,differential,1,"[{""classification"": ""ambiguity"", ""elapsed"": 104.18449698761106, ""first_result"": ""sat"", ""first_timeout_ms"": 60000, ""query_count"": 32, ""second_result"": ""sat"", ""second_timeout_ms"": 300000, ""z3_reason_unknown"": """"}]",sat,sat,0.0025926120579242706,73.66141697205603,99107579bc3c2c3b0d7a8a6fd1573606,99107579bc3c2c3b0d7a8a6fd1573606,9e380b97023c5994d58e6790c235efcf,True,sat,False,False,False,,"{""0"": ""free"", ""1"": ""free"", ""10"": ""free"", ""11"": ""free"", ""12"": ""free"", ""13"": ""free"", ""14"": ""free"", ""15"": ""free"", ""2"": ""free"", ""3"": ""free"", ""4"": ""free"", ""5"": ""unknown"", ""6"": ""free"", ""7"": ""free"", ""8"": ""free"", ""9"": ""free""}","{""0"": ""free"", ""1"": ""free"", ""2"": ""free"", ""3"": ""free""}",[],"[0, 1, 2, 3, 4, 6, 7, 8, 9, 10, 11, 12, 13, 14, 15]",[5],False,ambiguity,False,uf_axiom,
SB_102__MC_27,SB_102,MC_27,SB-MC,0,0,0,0,0,0,0,0,0,1,0,0,early_late_mixed,gap_uncovered_structural_cell,SB_102__MC_27,2,32,2,differential,1,"[{""classification"": ""ambiguity"", ""elapsed"": 12.279671963304281, ""first_result"": ""sat"", ""first_timeout_ms"": 60000, ""query_count"": 32, ""second_result"": ""sat"", ""second_timeout_ms"": 300000, ""z3_reason_unknown"": """"}]",sat,sat,0.003042442724108696,11.733119728043675,a66f651322597191ab9f8f8af4c2db61,a66f651322597191ab9f8f8af4c2db61,a0bccc938168d70067313c2fbf00bb65,True,sat,False,False,False,,"{""0"": ""free"", ""1"": ""free"", ""10"": ""free"", ""11"": ""free"", ""12"": ""free"", ""13"": ""free"", ""14"": ""free"", ""15"": ""free"", ""2"": ""free"", ""3"": ""free"", ""4"": ""free"", ""5"": ""free"", ""6"": ""free"", ""7"": ""free"", ""8"": ""free"", ""9"": ""free""}","{""0"": ""free"", ""1"": ""free"", ""2"": ""free"", ""3"": ""free""}",[],"[0, 1, 2, 3, 4, 5, 6, 7, 8, 9, 10, 11, 12, 13, 14, 15]",[],False,ambiguity,False,uf_axiom,
SB_35__MC_29,SB_35,MC_29,SB-MC,0,0,0,0,0,0,0,0,0,0,1,0,early_late_mixed,gap_uncovered_structural_cell,SB_35__MC_29,0,32,2,differential,1,"[{""classification"": ""ambiguity"", ""elapsed"": 19.66266087256372, ""first_result"": ""sat"", ""first_timeout_ms"": 60000, ""query_count"": 32, ""second_result"": ""sat"", ""second_timeout_ms"": 300000, ""z3_reason_unknown"": """"}]",sat,sat,0.0015668589621782303,19.26069730333984,edf43a9a19e4a3f3bf1eec668bd00cf6,edf43a9a19e4a3f3bf1eec668bd00cf6,04e852634912889140b1830727a6ec4f,True,sat,False,False,False,,"{""0"": ""free"", ""1"": ""free"", ""10"": ""free"", ""11"": ""free"", ""12"": ""free"", ""13"": ""free"", ""14"": ""free"", ""15"": ""free"", ""2"": ""free"", ""3"": ""free"", ""4"": ""free"", ""5"": ""free"", ""6"": ""free"", ""7"": ""free"", ""8"": ""free"", ""9"": ""free""}","{""0"": ""free"", ""1"": ""free"", ""2"": ""free"", ""3"": ""free""}",[],"[0, 1, 2, 3, 4, 5, 6, 7, 8, 9, 10, 11, 12, 13, 14, 15]",[],False,ambiguity,False,uf_axiom,
SB_2__MC_52,SB_2,MC_52,SB-MC,0,0,0,0,0,0,0,0,0,0,1,0,early_late_mixed,gap_uncovered_structural_cell,SB_2__MC_52,2,32,2,differential,1,"[{""classification"": ""ambiguity"", ""elapsed"": 22.08480621315539, ""first_result"": ""sat"", ""first_timeout_ms"": 60000, ""query_count"": 32, ""second_result"": ""sat"", ""second_timeout_ms"": 300000, ""z3_reason_unknown"": """"}]",sat,sat,0.0019083134829998016,21.57293334417045,a66f651322597191ab9f8f8af4c2db61,a66f651322597191ab9f8f8af4c2db61,20a8331c2f0a1888a039bf3e411d3088,True,sat,False,False,False,,"{""0"": ""free"", ""1"": ""free"", ""10"": ""free"", ""11"": ""free"", ""12"": ""free"", ""13"": ""free"", ""14"": ""free"", ""15"": ""free"", ""2"": ""free"", ""3"": ""free"", ""4"": ""free"", ""5"": ""free"", ""6"": ""free"", ""7"": ""free"", ""8"": ""free"", ""9"": ""free""}","{""0"": ""free"", ""1"": ""free"", ""2"": ""free"", ""3"": ""free""}",[],"[0, 1, 2, 3, 4, 5, 6, 7, 8, 9, 10, 11, 12, 13, 14, 15]",[],False,ambiguity,False,uf_axiom,
SB_96__MC_105,SB_96,MC_105,SB-MC,0,0,0,1,0,0,0,1,0,0,0,0,early_late_mixed,gap_uncovered_structural_cell,SB_96__MC_105,1,32,2,differential,1,"[{""classification"": ""ambiguity"", ""elapsed"": 27.071325471624732, ""first_result"": ""sat"", ""first_timeout_ms"": 60000, ""query_count"": 32, ""second_result"": ""sat"", ""second_timeout_ms"": 300000, ""z3_reason_unknown"": """"}]",sat,sat,0.002457480877637863,14.459499835968018,99107579bc3c2c3b0d7a8a6fd1573606,99107579bc3c2c3b0d7a8a6fd1573606,d26040e5f600ed18c73bba6fd1377c43,True,sat,False,False,False,,"{""0"": ""free"", ""1"": ""free"", ""10"": ""free"", ""11"": ""fixed"", ""12"": ""fixed"", ""13"": ""free"", ""14"": ""free"", ""15"": ""free"", ""2"": ""free"", ""3"": ""free"", ""4"": ""free"", ""5"": ""free"", ""6"": ""free"", ""7"": ""free"", ""8"": ""free"", ""9"": ""free""}","{""0"": ""free"", ""1"": ""free"", ""2"": ""free"", ""3"": ""free""}","[11, 12]","[0, 1, 2, 3, 4, 5, 6, 7, 8, 9, 10, 13, 14, 15]",[],False,ambiguity,False,uf_axiom,
SB_96__MC_105,SB_96,MC_105,SB-MC,0,0,0,1,0,0,0,1,0,0,0,0,early_late_mixed,gap_uncovered_structural_cell,SB_96__MC_105,0,32,2,differential,1,"[{""classification"": ""ambiguity"", ""elapsed"": 28.29238561913371, ""first_result"": ""sat"", ""first_timeout_ms"": 60000, ""query_count"": 32, ""second_result"": ""sat"", ""second_timeout_ms"": 300000, ""z3_reason_unknown"": """"}]",sat,sat,0.003221563994884491,27.817178076133132,edf43a9a19e4a3f3bf1eec668bd00cf6,edf43a9a19e4a3f3bf1eec668bd00cf6,1851cd0020b2dbed90b0529e34636ad2,True,sat,False,False,False,,"{""0"": ""free"", ""1"": ""free"", ""10"": ""free"", ""11"": ""free"", ""12"": ""free"", ""13"": ""free"", ""14"": ""free"", ""15"": ""free"", ""2"": ""free"", ""3"": ""free"", ""4"": ""free"", ""5"": ""free"", ""6"": ""free"", ""7"": ""free"", ""8"": ""free"", ""9"": ""free""}","{""0"": ""free"", ""1"": ""free"", ""2"": ""free"", ""3"": ""free""}",[],"[0, 1, 2, 3, 4, 5, 6, 7, 8, 9, 10, 11, 12, 13, 14, 15]",[],False,ambiguity,False,uf_axiom,
SR_64__MC_59,SR_64,MC_59,SR-MC,0,0,0,0,0,0,0,0,0,0,1,0,early_late_mixed,gap_uncovered_structural_cell,SR_64__MC_59,1,32,2,differential,1,"[{""classification"": ""ambiguity"", ""elapsed"": 28.87209933064878, ""first_result"": ""sat"", ""first_timeout_ms"": 60000, ""query_count"": 32, ""second_result"": ""sat"", ""second_timeout_ms"": 300000, ""z3_reason_unknown"": """"}]",sat,sat,0.001905687153339386,28.47085538879037,99107579bc3c2c3b0d7a8a6fd1573606,99107579bc3c2c3b0d7a8a6fd1573606,b94661de04943e04191a3941543b2ecf,True,sat,False,False,False,,"{""0"": ""free"", ""1"": ""free"", ""10"": ""free"", ""11"": ""free"", ""12"": ""free"", ""13"": ""free"", ""14"": ""free"", ""15"": ""free"", ""2"": ""free"", ""3"": ""free"", ""4"": ""free"", ""5"": ""free"", ""6"": ""free"", ""7"": ""free"", ""8"": ""free"", ""9"": ""free""}","{""0"": ""free"", ""1"": ""free"", ""2"": ""free"", ""3"": ""free""}",[],"[0, 1, 2, 3, 4, 5, 6, 7, 8, 9, 10, 11, 12, 13, 14, 15]",[],False,ambiguity,False,uf_axiom,
SB_35__MC_29,SB_35,MC_29,SB-MC,0,0,0,0,0,0,0,0,0,0,1,0,early_late_mixed,gap_uncovered_structural_cell,SB_35__MC_29,2,32,2,differential,1,"[{""classification"": ""ambiguity"", ""elapsed"": 29.11573582328856, ""first_result"": ""sat"", ""first_timeout_ms"": 60000, ""query_count"": 32, ""second_result"": ""sat"", ""second_timeout_ms"": 300000, ""z3_reason_unknown"": """"}]",sat,sat,0.003059122711420059,28.623162917792797,a66f651322597191ab9f8f8af4c2db61,a66f651322597191ab9f8f8af4c2db61,af4158e738311ca051209001a0312f04,True,sat,False,False,False,,"{""0"": ""free"", ""1"": ""free"", ""10"": ""free"", ""11"": ""free"", ""12"": ""free"", ""13"": ""free"", ""14"": ""free"", ""15"": ""free"", ""2"": ""free"", ""3"": ""free"", ""4"": ""free"", ""5"": ""free"", ""6"": ""free"", ""7"": ""free"", ""8"": ""free"", ""9"": ""free""}","{""0"": ""free"", ""1"": ""free"", ""2"": ""free"", ""3"": ""free""}",[],"[0, 1, 2, 3, 4, 5, 6, 7, 8, 9, 10, 11, 12, 13, 14, 15]",[],False,ambiguity,False,uf_axiom,
SB_27__MC_34,SB_27,MC_34,SB-MC,0,0,0,0,0,0,0,0,0,0,1,0,early_late_mixed,gap_uncovered_structural_cell,SB_27__MC_34,0,32,2,differential,1,"[{""classification"": ""ambiguity"", ""elapsed"": 32.09898378327489, ""first_result"": ""sat"", ""first_timeout_ms"": 60000, ""query_count"": 32, ""second_result"": ""sat"", ""second_timeout_ms"": 300000, ""z3_reason_unknown"": """"}]",sat,sat,0.0030190814286470413,31.549149572849274,edf43a9a19e4a3f3bf1eec668bd00cf6,edf43a9a19e4a3f3bf1eec668bd00cf6,3452b8d3038356a1350404bff1e160a2,True,sat,False,False,False,,"{""0"": ""free"", ""1"": ""free"", ""10"": ""free"", ""11"": ""free"", ""12"": ""free"", ""13"": ""free"", ""14"": ""free"", ""15"": ""free"", ""2"": ""free"", ""3"": ""free"", ""4"": ""free"", ""5"": ""free"", ""6"": ""free"", ""7"": ""free"", ""8"": ""free"", ""9"": ""free""}","{""0"": ""free"", ""1"": ""free"", ""2"": ""free"", ""3"": ""free""}",[],"[0, 1, 2, 3, 4, 5, 6, 7, 8, 9, 10, 11, 12, 13, 14, 15]",[],False,ambiguity,False,uf_axiom,
SB_27__MC_34,SB_27,MC_34,SB-MC,0,0,0,0,0,0,0,0,0,0,1,0,early_late_mixed,gap_uncovered_structural_cell,SB_27__MC_34,1,32,2,differential,1,"[{""classification"": ""ambiguity"", ""elapsed"": 33.87318445928395, ""first_result"": ""sat"", ""first_timeout_ms"": 60000, ""query_count"": 32, ""second_result"": ""sat"", ""second_timeout_ms"": 300000, ""z3_reason_unknown"": """"}]",sat,sat,0.0026279278099536896,33.31375675648451,99107579bc3c2c3b0d7a8a6fd1573606,99107579bc3c2c3b0d7a8a6fd1573606,43801123c429ae3a41097cd84551418c,True,sat,False,False,False,,"{""0"": ""free"", ""1"": ""free"", ""10"": ""free"", ""11"": ""free"", ""12"": ""free"", ""13"": ""free"", ""14"": ""free"", ""15"": ""free"", ""2"": ""free"", ""3"": ""free"", ""4"": ""free"", ""5"": ""free"", ""6"": ""free"", ""7"": ""free"", ""8"": ""free"", ""9"": ""free""}","{""0"": ""free"", ""1"": ""free"", ""2"": ""free"", ""3"": ""free""}",[],"[0, 1, 2, 3, 4, 5, 6, 7, 8, 9, 10, 11, 12, 13, 14, 15]",[],False,ambiguity,False,uf_axiom,
SB_67__MC_59,SB_67,MC_59,SB-MC,0,0,0,0,1,0,0,0,0,0,1,0,early_late_mixed,gap_uncovered_structural_cell,SB_67__MC_59,1,32,2,differential,1,"[{""classification"": ""ambiguity"", ""elapsed"": 36.45893536135554, ""first_result"": ""sat"", ""first_timeout_ms"": 60000, ""query_count"": 32, ""second_result"": ""sat"", ""second_timeout_ms"": 300000, ""z3_reason_unknown"": """"}]",sat,sat,0.002986116334795952,36.07916891388595,99107579bc3c2c3b0d7a8a6fd1573606,99107579bc3c2c3b0d7a8a6fd1573606,137f411043fa4167601daca7d485d3dd,True,sat,False,False,False,,"{""0"": ""free"", ""1"": ""free"", ""10"": ""free"", ""11"": ""free"", ""12"": ""free"", ""13"": ""free"", ""14"": ""free"", ""15"": ""free"", ""2"": ""free"", ""3"": ""free"", ""4"": ""free"", ""5"": ""free"", ""6"": ""free"", ""7"": ""free"", ""8"": ""free"", ""9"": ""free""}","{""0"": ""free"", ""1"": ""free"", ""2"": ""free"", ""3"": ""free""}",[],"[0, 1, 2, 3, 4, 5, 6, 7, 8, 9, 10, 11, 12, 13, 14, 15]",[],False,ambiguity,False,uf_axiom,
SB_114__MC_80,SB_114,MC_80,SB-MC,0,0,1,0,0,0,0,0,1,0,0,0,early_late_mixed,gap_uncovered_structural_cell,SB_114__MC_80,2,32,2,differential,1,"[{""classification"": ""ambiguity"", ""elapsed"": 37.459527391940355, ""first_result"": ""sat"", ""first_timeout_ms"": 60000, ""query_count"": 32, ""second_result"": ""sat"", ""second_timeout_ms"": 300000, ""z3_reason_unknown"": """"}]",sat,sat,0.001708492636680603,22.85913780517876,a66f651322597191ab9f8f8af4c2db61,a66f651322597191ab9f8f8af4c2db61,dbea9d59ce42c691052e0e1b6a810091,True,sat,False,False,False,,"{""0"": ""free"", ""1"": ""free"", ""10"": ""free"", ""11"": ""free"", ""12"": ""free"", ""13"": ""free"", ""14"": ""free"", ""15"": ""free"", ""2"": ""free"", ""3"": ""free"", ""4"": ""free"", ""5"": ""free"", ""6"": ""free"", ""7"": ""free"", ""8"": ""free"", ""9"": ""free""}","{""0"": ""free"", ""1"": ""free"", ""2"": ""free"", ""3"": ""free""}",[],"[0, 1, 2, 3, 4, 5, 6, 7, 8, 9, 10, 11, 12, 13, 14, 15]",[],False,ambiguity,False,uf_axiom,
SR_64__MC_59,SR_64,MC_59,SR-MC,0,0,0,0,0,0,0,0,0,0,1,0,early_late_mixed,gap_uncovered_structural_cell,SR_64__MC_59,0,32,2,differential,1,"[{""classification"": ""ambiguity"", ""elapsed"": 44.05317225307226, ""first_result"": ""sat"", ""first_timeout_ms"": 60000, ""query_count"": 32, ""second_result"": ""sat"", ""second_timeout_ms"": 300000, ""z3_reason_unknown"": """"}]",sat,sat,0.0033513586968183517,43.55262668989599,edf43a9a19e4a3f3bf1eec668bd00cf6,edf43a9a19e4a3f3bf1eec668bd00cf6,09e909a7b4b0c0d818b82852e274cb40,True,sat,False,False,False,,"{""0"": ""free"", ""1"": ""free"", ""10"": ""free"", ""11"": ""free"", ""12"": ""free"", ""13"": ""free"", ""14"": ""free"", ""15"": ""free"", ""2"": ""free"", ""3"": ""free"", ""4"": ""free"", ""5"": ""free"", ""6"": ""free"", ""7"": ""free"", ""8"": ""free"", ""9"": ""free""}","{""0"": ""free"", ""1"": ""free"", ""2"": ""free"", ""3"": ""free""}",[],"[0, 1, 2, 3, 4, 5, 6, 7, 8, 9, 10, 11, 12, 13, 14, 15]",[],False,ambiguity,False,uf_axiom,
SB_67__MC_59,SB_67,MC_59,SB-MC,0,0,0,0,1,0,0,0,0,0,1,0,early_late_mixed,gap_uncovered_structural_cell,SB_67__MC_59,2,32,2,differential,1,"[{""classification"": ""ambiguity"", ""elapsed"": 45.082399221137166, ""first_result"": ""sat"", ""first_timeout_ms"": 60000, ""query_count"": 32, ""second_result"": ""sat"", ""second_timeout_ms"": 300000, ""z3_reason_unknown"": """"}]",sat,sat,0.0018672570586204529,44.52425058186054,a66f651322597191ab9f8f8af4c2db61,a66f651322597191ab9f8f8af4c2db61,155ca0fcdac8f569a96a7b073a27b74b,True,sat,False,False,False,,"{""0"": ""free"", ""1"": ""free"", ""10"": ""free"", ""11"": ""free"", ""12"": ""free"", ""13"": ""free"", ""14"": ""free"", ""15"": ""free"", ""2"": ""free"", ""3"": ""free"", ""4"": ""free"", ""5"": ""free"", ""6"": ""free"", ""7"": ""free"", ""8"": ""free"", ""9"": ""free""}","{""0"": ""free"", ""1"": ""free"", ""2"": ""free"", ""3"": ""free""}",[],"[0, 1, 2, 3, 4, 5, 6, 7, 8, 9, 10, 11, 12, 13, 14, 15]",[],False,ambiguity,False,uf_axiom,
SB_2__MC_52,SB_2,MC_52,SB-MC,0,0,0,0,0,0,0,0,0,0,1,0,early_late_mixed,gap_uncovered_structural_cell,SB_2__MC_52,1,32,2,differential,1,"[{""classification"": ""ambiguity"", ""elapsed"": 47.55100790783763, ""first_result"": ""sat"", ""first_timeout_ms"": 60000, ""query_count"": 32, ""second_result"": ""sat"", ""second_timeout_ms"": 300000, ""z3_reason_unknown"": """"}]",sat,sat,0.0020203962922096252,47.06472319364548,99107579bc3c2c3b0d7a8a6fd1573606,99107579bc3c2c3b0d7a8a6fd1573606,636a4d74d642486f81400939824d2ea0,True,sat,False,False,False,,"{""0"": ""free"", ""1"": ""free"", ""10"": ""free"", ""11"": ""free"", ""12"": ""free"", ""13"": ""free"", ""14"": ""free"", ""15"": ""free"", ""2"": ""free"", ""3"": ""free"", ""4"": ""free"", ""5"": ""free"", ""6"": ""free"", ""7"": ""free"", ""8"": ""free"", ""9"": ""free""}","{""0"": ""free"", ""1"": ""free"", ""2"": ""free"", ""3"": ""free""}",[],"[0, 1, 2, 3, 4, 5, 6, 7, 8, 9, 10, 11, 12, 13, 14, 15]",[],False,ambiguity,False,uf_axiom,
SR_64__MC_59,SR_64,MC_59,SR-MC,0,0,0,0,0,0,0,0,0,0,1,0,early_late_mixed,gap_uncovered_structural_cell,SR_64__MC_59,2,32,2,differential,1,"[{""classification"": ""ambiguity"", ""elapsed"": 47.72430079989135, ""first_result"": ""sat"", ""first_timeout_ms"": 60000, ""query_count"": 32, ""second_result"": ""sat"", ""second_timeout_ms"": 300000, ""z3_reason_unknown"": """"}]",sat,sat,0.0037976521998643875,47.17403524182737,a66f651322597191ab9f8f8af4c2db61,a66f651322597191ab9f8f8af4c2db61,2a1ee51411300033134017fb35938138,True,sat,False,False,False,,"{""0"": ""free"", ""1"": ""free"", ""10"": ""free"", ""11"": ""free"", ""12"": ""free"", ""13"": ""free"", ""14"": ""free"", ""15"": ""free"", ""2"": ""free"", ""3"": ""free"", ""4"": ""free"", ""5"": ""free"", ""6"": ""free"", ""7"": ""free"", ""8"": ""free"", ""9"": ""free""}","{""0"": ""free"", ""1"": ""free"", ""2"": ""free"", ""3"": ""free""}",[],"[0, 1, 2, 3, 4, 5, 6, 7, 8, 9, 10, 11, 12, 13, 14, 15]",[],False,ambiguity,False,uf_axiom,
SB_114__MC_80,SB_114,MC_80,SB-MC,0,0,1,0,0,0,0,0,1,0,0,0,early_late_mixed,gap_uncovered_structural_cell,SB_114__MC_80,1,32,2,differential,1,"[{""classification"": ""ambiguity"", ""elapsed"": 50.22978344745934, ""first_result"": ""sat"", ""first_timeout_ms"": 60000, ""query_count"": 32, ""second_result"": ""sat"", ""second_timeout_ms"": 300000, ""z3_reason_unknown"": """"}]",sat,sat,0.0017093475908041,49.697305934503675,99107579bc3c2c3b0d7a8a6fd1573606,99107579bc3c2c3b0d7a8a6fd1573606,b07821f94fb611346023723e643828fe,True,sat,False,False,False,,"{""0"": ""free"", ""1"": ""free"", ""10"": ""free"", ""11"": ""free"", ""12"": ""free"", ""13"": ""free"", ""14"": ""free"", ""15"": ""free"", ""2"": ""free"", ""3"": ""free"", ""4"": ""free"", ""5"": ""free"", ""6"": ""free"", ""7"": ""free"", ""8"": ""free"", ""9"": ""free""}","{""0"": ""free"", ""1"": ""free"", ""2"": ""free"", ""3"": ""free""}",[],"[0, 1, 2, 3, 4, 5, 6, 7, 8, 9, 10, 11, 12, 13, 14, 15]",[],False,ambiguity,False,uf_axiom,
SB_67__MC_59,SB_67,MC_59,SB-MC,0,0,0,0,1,0,0,0,0,0,1,0,early_late_mixed,gap_uncovered_structural_cell,SB_67__MC_59,0,32,2,differential,1,"[{""classification"": ""ambiguity"", ""elapsed"": 51.495881920680404, ""first_result"": ""sat"", ""first_timeout_ms"": 60000, ""query_count"": 32, ""second_result"": ""sat"", ""second_timeout_ms"": 300000, ""z3_reason_unknown"": """"}]",sat,sat,0.003592783585190773,50.932971227914095,edf43a9a19e4a3f3bf1eec668bd00cf6,edf43a9a19e4a3f3bf1eec668bd00cf6,cd52006ba58f3a72805100be81f001c4,True,sat,False,False,False,,"{""0"": ""free"", ""1"": ""free"", ""10"": ""free"", ""11"": ""free"", ""12"": ""free"", ""13"": ""free"", ""14"": ""free"", ""15"": ""free"", ""2"": ""free"", ""3"": ""free"", ""4"": ""free"", ""5"": ""free"", ""6"": ""free"", ""7"": ""free"", ""8"": ""free"", ""9"": ""free""}","{""0"": ""free"", ""1"": ""free"", ""2"": ""free"", ""3"": ""free""}",[],"[0, 1, 2, 3, 4, 5, 6, 7, 8, 9, 10, 11, 12, 13, 14, 15]",[],False,ambiguity,False,uf_axiom,
SB_27__MC_34,SB_27,MC_34,SB-MC,0,0,0,0,0,0,0,0,0,0,1,0,early_late_mixed,gap_uncovered_structural_cell,SB_27__MC_34,2,32,2,differential,1,"[{""classification"": ""ambiguity"", ""elapsed"": 52.036003613844514, ""first_result"": ""sat"", ""first_timeout_ms"": 60000, ""query_count"": 32, ""second_result"": ""sat"", ""second_timeout_ms"": 300000, ""z3_reason_unknown"": """"}]",sat,sat,0.0015268847346305847,51.5073616951704,a66f651322597191ab9f8f8af4c2db61,a66f651322597191ab9f8f8af4c2db61,ea11c15c2c1a128150a3b5f2f198054b,True,sat,False,False,False,,"{""0"": ""free"", ""1"": ""free"", ""10"": ""free"", ""11"": ""free"", ""12"": ""free"", ""13"": ""free"", ""14"": ""free"", ""15"": ""free"", ""2"": ""free"", ""3"": ""free"", ""4"": ""free"", ""5"": ""free"", ""6"": ""free"", ""7"": ""free"", ""8"": ""free"", ""9"": ""free""}","{""0"": ""free"", ""1"": ""free"", ""2"": ""free"", ""3"": ""free""}",[],"[0, 1, 2, 3, 4, 5, 6, 7, 8, 9, 10, 11, 12, 13, 14, 15]",[],False,ambiguity,False,uf_axiom,
SB_102__MC_27,SB_102,MC_27,SB-MC,0,0,0,0,0,0,0,0,0,1,0,0,early_late_mixed,gap_uncovered_structural_cell,SB_102__MC_27,1,32,2,differential,1,"[{""classification"": ""ambiguity"", ""elapsed"": 59.47864813543856, ""first_result"": ""sat"", ""first_timeout_ms"": 60000, ""query_count"": 32, ""second_result"": ""sat"", ""second_timeout_ms"": 300000, ""z3_reason_unknown"": """"}]",sat,sat,0.0030090156942605972,58.925221752375364,99107579bc3c2c3b0d7a8a6fd1573606,99107579bc3c2c3b0d7a8a6fd1573606,327164b5e608cf4290a226ce3cb6a780,True,sat,False,False,False,,"{""0"": ""free"", ""1"": ""free"", ""10"": ""free"", ""11"": ""free"", ""12"": ""free"", ""13"": ""free"", ""14"": ""free"", ""15"": ""free"", ""2"": ""free"", ""3"": ""free"", ""4"": ""free"", ""5"": ""free"", ""6"": ""free"", ""7"": ""free"", ""8"": ""free"", ""9"": ""free""}","{""0"": ""free"", ""1"": ""free"", ""2"": ""free"", ""3"": ""free""}",[],"[0, 1, 2, 3, 4, 5, 6, 7, 8, 9, 10, 11, 12, 13, 14, 15]",[],False,ambiguity,False,uf_axiom,
SB_92__MC_114,SB_92,MC_114,SB-MC,0,0,0,0,0,0,0,0,0,0,1,0,early_late_mixed,gap_uncovered_structural_cell,SB_92__MC_114,1,32,2,differential,1,"[{""classification"": ""ambiguity"", ""elapsed"": 63.442296490073204, ""first_result"": ""sat"", ""first_timeout_ms"": 60000, ""query_count"": 32, ""second_result"": ""sat"", ""second_timeout_ms"": 300000, ""z3_reason_unknown"": """"}]",sat,sat,0.0024981535971164703,32.92917328327894,99107579bc3c2c3b0d7a8a6fd1573606,99107579bc3c2c3b0d7a8a6fd1573606,801066944b360804956fe36f5d3072c7,True,sat,False,False,False,,"{""0"": ""free"", ""1"": ""unknown"", ""10"": ""free"", ""11"": ""unknown"", ""12"": ""free"", ""13"": ""free"", ""14"": ""free"", ""15"": ""free"", ""2"": ""free"", ""3"": ""free"", ""4"": ""free"", ""5"": ""free"", ""6"": ""free"", ""7"": ""free"", ""8"": ""free"", ""9"": ""free""}","{""0"": ""free"", ""1"": ""free"", ""2"": ""free"", ""3"": ""free""}",[],"[0, 2, 3, 4, 5, 6, 7, 8, 9, 10, 12, 13, 14, 15]","[1, 11]",False,ambiguity,False,uf_axiom,
SB_96__MC_105,SB_96,MC_105,SB-MC,0,0,0,1,0,0,0,1,0,0,0,0,early_late_mixed,gap_uncovered_structural_cell,SB_96__MC_105,2,32,2,differential,1,"[{""classification"": ""ambiguity"", ""elapsed"": 68.77281705848873, ""first_result"": ""sat"", ""first_timeout_ms"": 60000, ""query_count"": 32, ""second_result"": ""sat"", ""second_timeout_ms"": 300000, ""z3_reason_unknown"": """"}]",sat,sat,0.002940971404314041,38.28934581205249,a66f651322597191ab9f8f8af4c2db61,a66f651322597191ab9f8f8af4c2db61,3850113038e804a6c235ecb9f43df296,True,sat,False,False,False,,"{""0"": ""free"", ""1"": ""free"", ""10"": ""free"", ""11"": ""free"", ""12"": ""unknown"", ""13"": ""free"", ""14"": ""free"", ""15"": ""free"", ""2"": ""free"", ""3"": ""free"", ""4"": ""free"", ""5"": ""free"", ""6"": ""free"", ""7"": ""free"", ""8"": ""free"", ""9"": ""free""}","{""0"": ""free"", ""1"": ""free"", ""2"": ""free"", ""3"": ""free""}",[],"[0, 1, 2, 3, 4, 5, 6, 7, 8, 9, 10, 11, 13, 14, 15]",[12],False,ambiguity,False,uf_axiom,
SB_102__MC_27,SB_102,MC_27,SB-MC,0,0,0,0,0,0,0,0,0,1,0,0,early_late_mixed,gap_uncovered_structural_cell,SB_102__MC_27,0,32,2,differential,1,"[{""classification"": ""ambiguity"", ""elapsed"": 71.17632942087948, ""first_result"": ""sat"", ""first_timeout_ms"": 60000, ""query_count"": 32, ""second_result"": ""sat"", ""second_timeout_ms"": 300000, ""z3_reason_unknown"": """"}]",sat,sat,0.0035313479602336884,70.58830482326448,edf43a9a19e4a3f3bf1eec668bd00cf6,edf43a9a19e4a3f3bf1eec668bd00cf6,00dc107af4255454d7a8d1b1c20c86db,True,sat,False,False,False,,"{""0"": ""free"", ""1"": ""free"", ""10"": ""free"", ""11"": ""free"", ""12"": ""free"", ""13"": ""free"", ""14"": ""free"", ""15"": ""free"", ""2"": ""free"", ""3"": ""free"", ""4"": ""free"", ""5"": ""free"", ""6"": ""free"", ""7"": ""free"", ""8"": ""free"", ""9"": ""free""}","{""0"": ""free"", ""1"": ""free"", ""2"": ""free"", ""3"": ""free""}",[],"[0, 1, 2, 3, 4, 5, 6, 7, 8, 9, 10, 11, 12, 13, 14, 15]",[],False,ambiguity,False,uf_axiom,
SB_35__MC_29,SB_35,MC_29,SB-MC,0,0,0,0,0,0,0,0,0,0,1,0,early_late_mixed,gap_uncovered_structural_cell,SB_35__MC_29,1,32,2,differential,1,"[{""classification"": ""ambiguity"", ""elapsed"": 71.42838221602142, ""first_result"": ""sat"", ""first_timeout_ms"": 60000, ""query_count"": 32, ""second_result"": ""sat"", ""second_timeout_ms"": 300000, ""z3_reason_unknown"": """"}]",sat,sat,0.0017398521304130554,70.9301124587655,99107579bc3c2c3b0d7a8a6fd1573606,99107579bc3c2c3b0d7a8a6fd1573606,951dfd5818fa000404b15c1d9ed04be3,True,sat,False,False,False,,"{""0"": ""free"", ""1"": ""free"", ""10"": ""free"", ""11"": ""free"", ""12"": ""free"", ""13"": ""free"", ""14"": ""free"", ""15"": ""free"", ""2"": ""free"", ""3"": ""free"", ""4"": ""free"", ""5"": ""free"", ""6"": ""free"", ""7"": ""free"", ""8"": ""free"", ""9"": ""free""}","{""0"": ""free"", ""1"": ""free"", ""2"": ""free"", ""3"": ""free""}",[],"[0, 1, 2, 3, 4, 5, 6, 7, 8, 9, 10, 11, 12, 13, 14, 15]",[],False,ambiguity,False,uf_axiom,
SB_2__MC_52,SB_2,MC_52,SB-MC,0,0,0,0,0,0,0,0,0,0,1,0,early_late_mixed,gap_uncovered_structural_cell,SB_2__MC_52,0,32,2,differential,1,"[{""classification"": ""ambiguity"", ""elapsed"": 78.35576015152037, ""first_result"": ""sat"", ""first_timeout_ms"": 60000, ""query_count"": 32, ""second_result"": ""sat"", ""second_timeout_ms"": 300000, ""z3_reason_unknown"": """"}]",sat,sat,0.0030227061361074448,47.790072755888104,edf43a9a19e4a3f3bf1eec668bd00cf6,edf43a9a19e4a3f3bf1eec668bd00cf6,4c18e3310080d02fd70400fcf4d072bb,True,sat,False,False,False,,"{""0"": ""free"", ""1"": ""free"", ""10"": ""free"", ""11"": ""free"", ""12"": ""free"", ""13"": ""unknown"", ""14"": ""free"", ""15"": ""free"", ""2"": ""free"", ""3"": ""free"", ""4"": ""free"", ""5"": ""free"", ""6"": ""free"", ""7"": ""free"", ""8"": ""free"", ""9"": ""free""}","{""0"": ""free"", ""1"": ""free"", ""2"": ""free"", ""3"": ""free""}",[],"[0, 1, 2, 3, 4, 5, 6, 7, 8, 9, 10, 11, 12, 14, 15]",[13],False,ambiguity,False,uf_axiom,
SB_92__MC_114,SB_92,MC_114,SB-MC,0,0,0,0,0,0,0,0,0,0,1,0,early_late_mixed,gap_uncovered_structural_cell,SB_92__MC_114,0,32,2,differential,1,"[{""classification"": ""ambiguity"", ""elapsed"": 85.9756462033838, ""first_result"": ""sat"", ""first_timeout_ms"": 60000, ""query_count"": 32, ""second_result"": ""sat"", ""second_timeout_ms"": 300000, ""z3_reason_unknown"": """"}]",sat,sat,0.0016103330999612808,85.52713095769286,edf43a9a19e4a3f3bf1eec668bd00cf6,edf43a9a19e4a3f3bf1eec668bd00cf6,c40ef0864053fc1e34c8000c8d45dc54,True,sat,False,False,False,,"{""0"": ""free"", ""1"": ""free"", ""10"": ""free"", ""11"": ""free"", ""12"": ""free"", ""13"": ""free"", ""14"": ""free"", ""15"": ""free"", ""2"": ""free"", ""3"": ""free"", ""4"": ""free"", ""5"": ""free"", ""6"": ""free"", ""7"": ""free"", ""8"": ""free"", ""9"": ""free""}","{""0"": ""free"", ""1"": ""free"", ""2"": ""free"", ""3"": ""free""}",[],"[0, 1, 2, 3, 4, 5, 6, 7, 8, 9, 10, 11, 12, 13, 14, 15]",[],False,ambiguity,False,uf_axiom,
SR_127__MC_39,SR_127,MC_39,SR-MC,0,0,0,0,1,0,0,0,0,0,1,0,early_late_mixed,gap_uncovered_structural_cell,SR_127__MC_39,1,32,2,differential,1,"[{""classification"": ""ambiguity"", ""elapsed"": 88.7794677503407, ""first_result"": ""sat"", ""first_timeout_ms"": 60000, ""query_count"": 32, ""second_result"": ""sat"", ""second_timeout_ms"": 300000, ""z3_reason_unknown"": """"}]",sat,sat,0.0032508820295333862,88.23515585623682,99107579bc3c2c3b0d7a8a6fd1573606,99107579bc3c2c3b0d7a8a6fd1573606,608522c00d4b49708440c490842908ef,True,sat,False,False,False,,"{""0"": ""free"", ""1"": ""free"", ""10"": ""free"", ""11"": ""free"", ""12"": ""free"", ""13"": ""free"", ""14"": ""free"", ""15"": ""free"", ""2"": ""free"", ""3"": ""free"", ""4"": ""free"", ""5"": ""free"", ""6"": ""free"", ""7"": ""free"", ""8"": ""free"", ""9"": ""free""}","{""0"": ""free"", ""1"": ""free"", ""2"": ""free"", ""3"": ""free""}",[],"[0, 1, 2, 3, 4, 5, 6, 7, 8, 9, 10, 11, 12, 13, 14, 15]",[],False,ambiguity,False,uf_axiom,
SR_127__MC_39,SR_127,MC_39,SR-MC,0,0,0,0,1,0,0,0,0,0,1,0,early_late_mixed,gap_uncovered_structural_cell,SR_127__MC_39,2,32,2,differential,1,"[{""classification"": ""ambiguity"", ""elapsed"": 108.70230865851045, ""first_result"": ""sat"", ""first_timeout_ms"": 60000, ""query_count"": 32, ""second_result"": ""sat"", ""second_timeout_ms"": 300000, ""z3_reason_unknown"": """"}]",sat,sat,0.003153471276164055,108.1890732422471,a66f651322597191ab9f8f8af4c2db61,a66f651322597191ab9f8f8af4c2db61,d58814b30e7e6f8187147e046c404947,True,sat,False,False,False,,"{""0"": ""free"", ""1"": ""free"", ""10"": ""free"", ""11"": ""free"", ""12"": ""free"", ""13"": ""free"", ""14"": ""free"", ""15"": ""free"", ""2"": ""free"", ""3"": ""free"", ""4"": ""free"", ""5"": ""free"", ""6"": ""free"", ""7"": ""free"", ""8"": ""free"", ""9"": ""free""}","{""0"": ""free"", ""1"": ""free"", ""2"": ""free"", ""3"": ""free""}",[],"[0, 1, 2, 3, 4, 5, 6, 7, 8, 9, 10, 11, 12, 13, 14, 15]",[],False,ambiguity,False,uf_axiom,
SB_92__MC_114,SB_92,MC_114,SB-MC,0,0,0,0,0,0,0,0,0,0,1,0,early_late_mixed,gap_uncovered_structural_cell,SB_92__MC_114,2,32,2,differential,1,"[{""classification"": ""ambiguity"", ""elapsed"": 111.65705308690667, ""first_result"": ""sat"", ""first_timeout_ms"": 60000, ""query_count"": 32, ""second_result"": ""sat"", ""second_timeout_ms"": 300000, ""z3_reason_unknown"": """"}]",sat,sat,0.0028126854449510574,111.10511614754796,a66f651322597191ab9f8f8af4c2db61,a66f651322597191ab9f8f8af4c2db61,0795cc5c60fb20201a5b91fb301dd411,True,sat,False,False,False,,"{""0"": ""free"", ""1"": ""free"", ""10"": ""free"", ""11"": ""free"", ""12"": ""free"", ""13"": ""free"", ""14"": ""free"", ""15"": ""free"", ""2"": ""free"", ""3"": ""free"", ""4"": ""free"", ""5"": ""free"", ""6"": ""free"", ""7"": ""free"", ""8"": ""free"", ""9"": ""free""}","{""0"": ""free"", ""1"": ""free"", ""2"": ""free"", ""3"": ""free""}",[],"[0, 1, 2, 3, 4, 5, 6, 7, 8, 9, 10, 11, 12, 13, 14, 15]",[],False,ambiguity,False,uf_axiom,
SB_114__MC_80,SB_114,MC_80,SB-MC,0,0,1,0,0,0,0,0,1,0,0,0,early_late_mixed,gap_uncovered_structural_cell,SB_114__MC_80,0,32,2,differential,1,"[{""classification"": ""ambiguity"", ""elapsed"": 127.10077353566885, ""first_result"": ""sat"", ""first_timeout_ms"": 60000, ""query_count"": 32, ""second_result"": ""sat"", ""second_timeout_ms"": 300000, ""z3_reason_unknown"": """"}]",sat,sat,0.003161512315273285,126.5754658319056,edf43a9a19e4a3f3bf1eec668bd00cf6,edf43a9a19e4a3f3bf1eec668bd00cf6,dcf5dd62126bbdd7c171be08096c07bf,True,sat,False,False,False,,"{""0"": ""free"", ""1"": ""free"", ""10"": ""free"", ""11"": ""free"", ""12"": ""free"", ""13"": ""free"", ""14"": ""free"", ""15"": ""free"", ""2"": ""free"", ""3"": ""free"", ""4"": ""free"", ""5"": ""free"", ""6"": ""free"", ""7"": ""free"", ""8"": ""free"", ""9"": ""free""}","{""0"": ""free"", ""1"": ""free"", ""2"": ""free"", ""3"": ""free""}",[],"[0, 1, 2, 3, 4, 5, 6, 7, 8, 9, 10, 11, 12, 13, 14, 15]",[],False,ambiguity,False,uf_axiom,
SR_127__MC_39,SR_127,MC_39,SR-MC,0,0,0,0,1,0,0,0,0,0,1,0,early_late_mixed,gap_uncovered_structural_cell,SR_127__MC_39,0,32,2,differential,1,"[{""classification"": ""ambiguity"", ""elapsed"": 152.2239989079535, ""first_result"": ""sat"", ""first_timeout_ms"": 60000, ""query_count"": 32, ""second_result"": ""sat"", ""second_timeout_ms"": 300000, ""z3_reason_unknown"": """"}]",sat,sat,0.0018390323966741562,151.82038006931543,edf43a9a19e4a3f3bf1eec668bd00cf6,edf43a9a19e4a3f3bf1eec668bd00cf6,b411d91a151114414860373e1f9f9438,True,sat,False,False,False,,"{""0"": ""free"", ""1"": ""free"", ""10"": ""free"", ""11"": ""free"", ""12"": ""free"", ""13"": ""free"", ""14"": ""free"", ""15"": ""free"", ""2"": ""free"", ""3"": ""free"", ""4"": ""free"", ""5"": ""free"", ""6"": ""free"", ""7"": ""free"", ""8"": ""free"", ""9"": ""free""}","{""0"": ""free"", ""1"": ""free"", ""2"": ""free"", ""3"": ""free""}",[],"[0, 1, 2, 3, 4, 5, 6, 7, 8, 9, 10, 11, 12, 13, 14, 15]",[],False,ambiguity,False,uf_axiom,
SR_3__MC_123,SR_3,MC_123,SR-MC,0,0,0,0,1,0,0,0,0,0,1,0,early_late_mixed,gap_uncovered_structural_cell,SR_3__MC_123,2,32,2,differential,1,"[{""classification"": ""ambiguity"", ""elapsed"": 10.949940048158169, ""first_result"": ""sat"", ""first_timeout_ms"": 60000, ""query_count"": 32, ""second_result"": ""sat"", ""second_timeout_ms"": 300000, ""z3_reason_unknown"": """"}]",sat,sat,0.002880692481994629,10.404438765719533,a66f651322597191ab9f8f8af4c2db61,a66f651322597191ab9f8f8af4c2db61,dc520a7fe590f59c14907b0ad1943cdc,True,sat,False,False,False,,"{""0"": ""free"", ""1"": ""free"", ""10"": ""free"", ""11"": ""free"", ""12"": ""free"", ""13"": ""free"", ""14"": ""free"", ""15"": ""free"", ""2"": ""free"", ""3"": ""free"", ""4"": ""free"", ""5"": ""free"", ""6"": ""free"", ""7"": ""free"", ""8"": ""free"", ""9"": ""free""}","{""0"": ""free"", ""1"": ""free"", ""2"": ""free"", ""3"": ""free""}",[],"[0, 1, 2, 3, 4, 5, 6, 7, 8, 9, 10, 11, 12, 13, 14, 15]",[],False,ambiguity,False,uf_axiom,
SR_61__MC_103,SR_61,MC_103,SR-MC,0,0,0,0,0,0,0,0,0,0,1,0,early_late_mixed,gap_uncovered_structural_cell,SR_61__MC_103,2,32,2,differential,1,"[{""classification"": ""ambiguity"", ""elapsed"": 13.158407893031836, ""first_result"": ""sat"", ""first_timeout_ms"": 60000, ""query_count"": 32, ""second_result"": ""sat"", ""second_timeout_ms"": 300000, ""z3_reason_unknown"": """"}]",sat,sat,0.0028306320309638977,12.618454592302442,a66f651322597191ab9f8f8af4c2db61,a66f651322597191ab9f8f8af4c2db61,a4714721841f5d065283526867072f5d,True,sat,False,False,False,,"{""0"": ""free"", ""1"": ""free"", ""10"": ""free"", ""11"": ""free"", ""12"": ""free"", ""13"": ""free"", ""14"": ""free"", ""15"": ""free"", ""2"": ""free"", ""3"": ""free"", ""4"": ""free"", ""5"": ""free"", ""6"": ""free"", ""7"": ""free"", ""8"": ""free"", ""9"": ""free""}","{""0"": ""free"", ""1"": ""free"", ""2"": ""free"", ""3"": ""free""}",[],"[0, 1, 2, 3, 4, 5, 6, 7, 8, 9, 10, 11, 12, 13, 14, 15]",[],False,ambiguity,False,uf_axiom,
SR_87__MC_64,SR_87,MC_64,SR-MC,0,0,0,1,0,0,0,0,0,0,0,0,early_late_mixed,gap_uncovered_structural_cell,SR_87__MC_64,1,32,2,differential,1,"[{""classification"": ""ambiguity"", ""elapsed"": 16.77685916982591, ""first_result"": ""sat"", ""first_timeout_ms"": 60000, ""query_count"": 32, ""second_result"": ""sat"", ""second_timeout_ms"": 300000, ""z3_reason_unknown"": """"}]",sat,sat,0.002536943182349205,16.246113097295165,99107579bc3c2c3b0d7a8a6fd1573606,99107579bc3c2c3b0d7a8a6fd1573606,981d8d00e280f8424a9b90bf5ccfee2b,True,sat,False,False,False,,"{""0"": ""free"", ""1"": ""free"", ""10"": ""free"", ""11"": ""free"", ""12"": ""free"", ""13"": ""free"", ""14"": ""free"", ""15"": ""free"", ""2"": ""free"", ""3"": ""free"", ""4"": ""free"", ""5"": ""free"", ""6"": ""free"", ""7"": ""free"", ""8"": ""free"", ""9"": ""free""}","{""0"": ""free"", ""1"": ""free"", ""2"": ""free"", ""3"": ""free""}",[],"[0, 1, 2, 3, 4, 5, 6, 7, 8, 9, 10, 11, 12, 13, 14, 15]",[],False,ambiguity,False,uf_axiom,
SR_87__MC_64,SR_87,MC_64,SR-MC,0,0,0,1,0,0,0,0,0,0,0,0,early_late_mixed,gap_uncovered_structural_cell,SR_87__MC_64,2,32,2,differential,1,"[{""classification"": ""ambiguity"", ""elapsed"": 19.047011086717248, ""first_result"": ""sat"", ""first_timeout_ms"": 60000, ""query_count"": 32, ""second_result"": ""sat"", ""second_timeout_ms"": 300000, ""z3_reason_unknown"": """"}]",sat,sat,0.002351829782128334,18.564500154927373,a66f651322597191ab9f8f8af4c2db61,a66f651322597191ab9f8f8af4c2db61,2000e6088b204e9732000411fd4109d8,True,sat,False,False,False,,"{""0"": ""free"", ""1"": ""free"", ""10"": ""free"", ""11"": ""free"", ""12"": ""free"", ""13"": ""free"", ""14"": ""free"", ""15"": ""free"", ""2"": ""free"", ""3"": ""free"", ""4"": ""free"", ""5"": ""free"", ""6"": ""free"", ""7"": ""free"", ""8"": ""free"", ""9"": ""free""}","{""0"": ""free"", ""1"": ""free"", ""2"": ""free"", ""3"": ""free""}",[],"[0, 1, 2, 3, 4, 5, 6, 7, 8, 9, 10, 11, 12, 13, 14, 15]",[],False,ambiguity,False,uf_axiom,
SR_98__MC_91,SR_98,MC_91,SR-MC,0,0,0,0,0,0,0,0,0,0,1,0,early_late_mixed,gap_uncovered_structural_cell,SR_98__MC_91,2,32,2,differential,1,"[{""classification"": ""ambiguity"", ""elapsed"": 19.71344417706132, ""first_result"": ""sat"", ""first_timeout_ms"": 60000, ""query_count"": 32, ""second_result"": ""sat"", ""second_timeout_ms"": 300000, ""z3_reason_unknown"": """"}]",sat,sat,0.0016808900982141495,19.21155204437673,a66f651322597191ab9f8f8af4c2db61,a66f651322597191ab9f8f8af4c2db61,1596287e7784b5242190e354634ffa00,True,sat,False,False,False,,"{""0"": ""free"", ""1"": ""free"", ""10"": ""free"", ""11"": ""free"", ""12"": ""free"", ""13"": ""free"", ""14"": ""free"", ""15"": ""free"", ""2"": ""free"", ""3"": ""free"", ""4"": ""free"", ""5"": ""free"", ""6"": ""free"", ""7"": ""free"", ""8"": ""free"", ""9"": ""free""}","{""0"": ""free"", ""1"": ""free"", ""2"": ""free"", ""3"": ""free""}",[],"[0, 1, 2, 3, 4, 5, 6, 7, 8, 9, 10, 11, 12, 13, 14, 15]",[],False,ambiguity,False,uf_axiom,
SR_16__MC_66,SR_16,MC_66,SR-MC,0,0,0,0,0,0,0,0,0,1,0,0,early_late_mixed,gap_uncovered_structural_cell,SR_16__MC_66,1,32,2,differential,1,"[{""classification"": ""ambiguity"", ""elapsed"": 20.204751120880246, ""first_result"": ""sat"", ""first_timeout_ms"": 60000, ""query_count"": 32, ""second_result"": ""sat"", ""second_timeout_ms"": 300000, ""z3_reason_unknown"": """"}]",sat,sat,0.0029106438159942627,19.620179802179337,99107579bc3c2c3b0d7a8a6fd1573606,99107579bc3c2c3b0d7a8a6fd1573606,cb28807047441b190f30b8cd1386eba5,True,sat,False,False,False,,"{""0"": ""free"", ""1"": ""free"", ""10"": ""free"", ""11"": ""free"", ""12"": ""free"", ""13"": ""free"", ""14"": ""free"", ""15"": ""free"", ""2"": ""free"", ""3"": ""free"", ""4"": ""free"", ""5"": ""free"", ""6"": ""free"", ""7"": ""free"", ""8"": ""free"", ""9"": ""free""}","{""0"": ""free"", ""1"": ""free"", ""2"": ""free"", ""3"": ""free""}",[],"[0, 1, 2, 3, 4, 5, 6, 7, 8, 9, 10, 11, 12, 13, 14, 15]",[],False,ambiguity,False,uf_axiom,
SR_62__MC_103,SR_62,MC_103,SR-MC,0,0,0,0,0,0,0,0,0,0,1,0,early_late_mixed,gap_uncovered_structural_cell,SR_62__MC_103,0,32,2,differential,1,"[{""classification"": ""ambiguity"", ""elapsed"": 20.936041794717312, ""first_result"": ""sat"", ""first_timeout_ms"": 60000, ""query_count"": 32, ""second_result"": ""sat"", ""second_timeout_ms"": 300000, ""z3_reason_unknown"": """"}]",sat,sat,0.002104341983795166,20.516300776973367,edf43a9a19e4a3f3bf1eec668bd00cf6,edf43a9a19e4a3f3bf1eec668bd00cf6,e8127b511abb2e36b69028db6c00d033,True,sat,False,False,False,,"{""0"": ""free"", ""1"": ""free"", ""10"": ""free"", ""11"": ""free"", ""12"": ""free"", ""13"": ""free"", ""14"": ""free"", ""15"": ""free"", ""2"": ""free"", ""3"": ""free"", ""4"": ""free"", ""5"": ""free"", ""6"": ""free"", ""7"": ""free"", ""8"": ""free"", ""9"": ""free""}","{""0"": ""free"", ""1"": ""free"", ""2"": ""free"", ""3"": ""free""}",[],"[0, 1, 2, 3, 4, 5, 6, 7, 8, 9, 10, 11, 12, 13, 14, 15]",[],False,ambiguity,False,uf_axiom,
SR_0__MC_27,SR_0,MC_27,SR-MC,0,0,0,1,0,0,0,1,0,0,0,0,early_late_mixed,gap_uncovered_structural_cell,SR_0__MC_27,2,32,2,differential,1,"[{""classification"": ""ambiguity"", ""elapsed"": 27.12899719364941, ""first_result"": ""sat"", ""first_timeout_ms"": 60000, ""query_count"": 32, ""second_result"": ""sat"", ""second_timeout_ms"": 300000, ""z3_reason_unknown"": """"}]",sat,sat,0.002804366871714592,26.58582059107721,a66f651322597191ab9f8f8af4c2db61,a66f651322597191ab9f8f8af4c2db61,a906a01d37644563d2b4e18122ceea52,True,sat,False,False,False,,"{""0"": ""free"", ""1"": ""free"", ""10"": ""free"", ""11"": ""free"", ""12"": ""free"", ""13"": ""free"", ""14"": ""free"", ""15"": ""free"", ""2"": ""free"", ""3"": ""free"", ""4"": ""free"", ""5"": ""free"", ""6"": ""free"", ""7"": ""free"", ""8"": ""free"", ""9"": ""free""}","{""0"": ""free"", ""1"": ""free"", ""2"": ""free"", ""3"": ""free""}",[],"[0, 1, 2, 3, 4, 5, 6, 7, 8, 9, 10, 11, 12, 13, 14, 15]",[],False,ambiguity,False,uf_axiom,
SR_94__MC_64,SR_94,MC_64,SR-MC,0,0,0,1,0,0,0,0,0,0,0,0,early_late_mixed,gap_uncovered_structural_cell,SR_94__MC_64,2,32,2,differential,1,"[{""classification"": ""ambiguity"", ""elapsed"": 31.36224721185863, ""first_result"": ""sat"", ""first_timeout_ms"": 60000, ""query_count"": 32, ""second_result"": ""sat"", ""second_timeout_ms"": 300000, ""z3_reason_unknown"": """"}]",sat,sat,0.0024714022874832153,30.774781631305814,a66f651322597191ab9f8f8af4c2db61,a66f651322597191ab9f8f8af4c2db61,3c2abb65b5db5e9190878c8bd4023d7c,True,sat,False,False,False,,"{""0"": ""free"", ""1"": ""free"", ""10"": ""free"", ""11"": ""free"", ""12"": ""free"", ""13"": ""free"", ""14"": ""free"", ""15"": ""free"", ""2"": ""free"", ""3"": ""free"", ""4"": ""free"", ""5"": ""free"", ""6"": ""free"", ""7"": ""fixed"", ""8"": ""free"", ""9"": ""free""}","{""0"": ""free"", ""1"": ""free"", ""2"": ""free"", ""3"": ""free""}",[7],"[0, 1, 2, 3, 4, 5, 6, 8, 9, 10, 11, 12, 13, 14, 15]",[],False,ambiguity,False,uf_axiom,
SR_94__MC_64,SR_94,MC_64,SR-MC,0,0,0,1,0,0,0,0,0,0,0,0,early_late_mixed,gap_uncovered_structural_cell,SR_94__MC_64,0,32,2,differential,1,"[{""classification"": ""ambiguity"", ""elapsed"": 31.859150322154164, ""first_result"": ""sat"", ""first_timeout_ms"": 60000, ""query_count"": 32, ""second_result"": ""sat"", ""second_timeout_ms"": 300000, ""z3_reason_unknown"": """"}]",sat,sat,0.001528056338429451,31.531992441043258,edf43a9a19e4a3f3bf1eec668bd00cf6,edf43a9a19e4a3f3bf1eec668bd00cf6,ca7e8a00f103c7600722e825d3c628c5,True,sat,False,False,False,,"{""0"": ""free"", ""1"": ""free"", ""10"": ""free"", ""11"": ""free"", ""12"": ""free"", ""13"": ""free"", ""14"": ""free"", ""15"": ""free"", ""2"": ""free"", ""3"": ""free"", ""4"": ""free"", ""5"": ""free"", ""6"": ""free"", ""7"": ""free"", ""8"": ""free"", ""9"": ""free""}","{""0"": ""free"", ""1"": ""free"", ""2"": ""free"", ""3"": ""free""}",[],"[0, 1, 2, 3, 4, 5, 6, 7, 8, 9, 10, 11, 12, 13, 14, 15]",[],False,ambiguity,False,uf_axiom,
SR_94__MC_64,SR_94,MC_64,SR-MC,0,0,0,1,0,0,0,0,0,0,0,0,early_late_mixed,gap_uncovered_structural_cell,SR_94__MC_64,1,32,2,differential,1,"[{""classification"": ""ambiguity"", ""elapsed"": 37.312167359516025, ""first_result"": ""sat"", ""first_timeout_ms"": 60000, ""query_count"": 32, ""second_result"": ""sat"", ""second_timeout_ms"": 300000, ""z3_reason_unknown"": """"}]",sat,sat,0.0024262964725494385,36.77171173132956,99107579bc3c2c3b0d7a8a6fd1573606,99107579bc3c2c3b0d7a8a6fd1573606,34633128d54da4784e71ea6c523010e8,True,sat,False,False,False,,"{""0"": ""free"", ""1"": ""free"", ""10"": ""free"", ""11"": ""free"", ""12"": ""free"", ""13"": ""free"", ""14"": ""free"", ""15"": ""free"", ""2"": ""free"", ""3"": ""free"", ""4"": ""free"", ""5"": ""free"", ""6"": ""free"", ""7"": ""free"", ""8"": ""free"", ""9"": ""free""}","{""0"": ""free"", ""1"": ""free"", ""2"": ""free"", ""3"": ""free""}",[],"[0, 1, 2, 3, 4, 5, 6, 7, 8, 9, 10, 11, 12, 13, 14, 15]",[],False,ambiguity,False,uf_axiom,
SR_62__MC_103,SR_62,MC_103,SR-MC,0,0,0,0,0,0,0,0,0,0,1,0,early_late_mixed,gap_uncovered_structural_cell,SR_62__MC_103,2,32,2,differential,1,"[{""classification"": ""ambiguity"", ""elapsed"": 40.37998737953603, ""first_result"": ""sat"", ""first_timeout_ms"": 60000, ""query_count"": 32, ""second_result"": ""sat"", ""second_timeout_ms"": 300000, ""z3_reason_unknown"": """"}]",sat,sat,0.001741074025630951,39.97820248268545,a66f651322597191ab9f8f8af4c2db61,a66f651322597191ab9f8f8af4c2db61,6e22414aa4c852225cc8a03088d167d5,True,sat,False,False,False,,"{""0"": ""free"", ""1"": ""free"", ""10"": ""free"", ""11"": ""free"", ""12"": ""free"", ""13"": ""free"", ""14"": ""free"", ""15"": ""free"", ""2"": ""free"", ""3"": ""free"", ""4"": ""free"", ""5"": ""free"", ""6"": ""free"", ""7"": ""free"", ""8"": ""free"", ""9"": ""free""}","{""0"": ""free"", ""1"": ""free"", ""2"": ""free"", ""3"": ""free""}",[],"[0, 1, 2, 3, 4, 5, 6, 7, 8, 9, 10, 11, 12, 13, 14, 15]",[],False,ambiguity,False,uf_axiom,
SR_0__MC_27,SR_0,MC_27,SR-MC,0,0,0,1,0,0,0,1,0,0,0,0,early_late_mixed,gap_uncovered_structural_cell,SR_0__MC_27,1,32,2,differential,1,"[{""classification"": ""ambiguity"", ""elapsed"": 42.65533202327788, ""first_result"": ""sat"", ""first_timeout_ms"": 60000, ""query_count"": 32, ""second_result"": ""sat"", ""second_timeout_ms"": 300000, ""z3_reason_unknown"": """"}]",sat,sat,0.0028407052159309387,42.14345097541809,99107579bc3c2c3b0d7a8a6fd1573606,99107579bc3c2c3b0d7a8a6fd1573606,330019284029904436c2f205ca3040e5,True,sat,False,False,False,,"{""0"": ""free"", ""1"": ""free"", ""10"": ""free"", ""11"": ""free"", ""12"": ""free"", ""13"": ""free"", ""14"": ""free"", ""15"": ""free"", ""2"": ""free"", ""3"": ""free"", ""4"": ""free"", ""5"": ""free"", ""6"": ""free"", ""7"": ""free"", ""8"": ""free"", ""9"": ""free""}","{""0"": ""free"", ""1"": ""free"", ""2"": ""free"", ""3"": ""free""}",[],"[0, 1, 2, 3, 4, 5, 6, 7, 8, 9, 10, 11, 12, 13, 14, 15]",[],False,ambiguity,False,uf_axiom,
SR_98__MC_91,SR_98,MC_91,SR-MC,0,0,0,0,0,0,0,0,0,0,1,0,early_late_mixed,gap_uncovered_structural_cell,SR_98__MC_91,1,32,2,differential,1,"[{""classification"": ""ambiguity"", ""elapsed"": 42.67519378475845, ""first_result"": ""sat"", ""first_timeout_ms"": 60000, ""query_count"": 32, ""second_result"": ""sat"", ""second_timeout_ms"": 300000, ""z3_reason_unknown"": """"}]",sat,sat,0.0026594139635562897,42.137946559116244,99107579bc3c2c3b0d7a8a6fd1573606,99107579bc3c2c3b0d7a8a6fd1573606,7ce956ed81a7ca7eb1223ec5a0594659,True,sat,False,False,False,,"{""0"": ""free"", ""1"": ""free"", ""10"": ""free"", ""11"": ""free"", ""12"": ""free"", ""13"": ""free"", ""14"": ""free"", ""15"": ""free"", ""2"": ""free"", ""3"": ""free"", ""4"": ""free"", ""5"": ""free"", ""6"": ""free"", ""7"": ""free"", ""8"": ""free"", ""9"": ""free""}","{""0"": ""free"", ""1"": ""free"", ""2"": ""free"", ""3"": ""free""}",[],"[0, 1, 2, 3, 4, 5, 6, 7, 8, 9, 10, 11, 12, 13, 14, 15]",[],False,ambiguity,False,uf_axiom,
SR_73__MC_99,SR_73,MC_99,SR-MC,0,0,0,0,0,0,0,0,0,0,1,0,early_late_mixed,gap_uncovered_structural_cell,SR_73__MC_99,2,32,2,differential,1,"[{""classification"": ""ambiguity"", ""elapsed"": 44.48600044846535, ""first_result"": ""sat"", ""first_timeout_ms"": 60000, ""query_count"": 32, ""second_result"": ""sat"", ""second_timeout_ms"": 300000, ""z3_reason_unknown"": """"}]",sat,sat,0.0017032213509082794,44.0435696542263,a66f651322597191ab9f8f8af4c2db61,a66f651322597191ab9f8f8af4c2db61,1022440a52bf04087c203a505b15b16c,True,sat,False,False,False,,"{""0"": ""free"", ""1"": ""free"", ""10"": ""free"", ""11"": ""free"", ""12"": ""free"", ""13"": ""free"", ""14"": ""free"", ""15"": ""free"", ""2"": ""free"", ""3"": ""free"", ""4"": ""free"", ""5"": ""free"", ""6"": ""free"", ""7"": ""free"", ""8"": ""free"", ""9"": ""free""}","{""0"": ""free"", ""1"": ""free"", ""2"": ""free"", ""3"": ""free""}",[],"[0, 1, 2, 3, 4, 5, 6, 7, 8, 9, 10, 11, 12, 13, 14, 15]",[],False,ambiguity,False,uf_axiom,
SR_96__MC_49,SR_96,MC_49,SR-MC,0,0,0,0,0,0,0,0,0,0,1,0,early_late_mixed,gap_uncovered_structural_cell,SR_96__MC_49,2,32,2,differential,1,"[{""classification"": ""ambiguity"", ""elapsed"": 46.57816239260137, ""first_result"": ""sat"", ""first_timeout_ms"": 60000, ""query_count"": 32, ""second_result"": ""sat"", ""second_timeout_ms"": 300000, ""z3_reason_unknown"": """"}]",sat,sat,0.0027355775237083435,46.03579935617745,a66f651322597191ab9f8f8af4c2db61,a66f651322597191ab9f8f8af4c2db61,ac7247c77325cd0932d0933978aa5827,True,sat,False,False,False,,"{""0"": ""free"", ""1"": ""free"", ""10"": ""free"", ""11"": ""free"", ""12"": ""free"", ""13"": ""free"", ""14"": ""free"", ""15"": ""free"", ""2"": ""free"", ""3"": ""free"", ""4"": ""free"", ""5"": ""free"", ""6"": ""free"", ""7"": ""free"", ""8"": ""free"", ""9"": ""free""}","{""0"": ""free"", ""1"": ""free"", ""2"": ""free"", ""3"": ""free""}",[],"[0, 1, 2, 3, 4, 5, 6, 7, 8, 9, 10, 11, 12, 13, 14, 15]",[],False,ambiguity,False,uf_axiom,
SR_3__MC_123,SR_3,MC_123,SR-MC,0,0,0,0,1,0,0,0,0,0,1,0,early_late_mixed,gap_uncovered_structural_cell,SR_3__MC_123,0,32,2,differential,1,"[{""classification"": ""ambiguity"", ""elapsed"": 46.78362402692437, ""first_result"": ""sat"", ""first_timeout_ms"": 60000, ""query_count"": 32, ""second_result"": ""sat"", ""second_timeout_ms"": 300000, ""z3_reason_unknown"": """"}]",sat,sat,0.0028726737946271896,46.36299595423043,edf43a9a19e4a3f3bf1eec668bd00cf6,edf43a9a19e4a3f3bf1eec668bd00cf6,ae3f91d0d1d15d22c8446ae05494c133,True,sat,False,False,False,,"{""0"": ""free"", ""1"": ""free"", ""10"": ""free"", ""11"": ""free"", ""12"": ""free"", ""13"": ""free"", ""14"": ""free"", ""15"": ""free"", ""2"": ""free"", ""3"": ""free"", ""4"": ""free"", ""5"": ""free"", ""6"": ""free"", ""7"": ""free"", ""8"": ""free"", ""9"": ""free""}","{""0"": ""free"", ""1"": ""free"", ""2"": ""free"", ""3"": ""free""}",[],"[0, 1, 2, 3, 4, 5, 6, 7, 8, 9, 10, 11, 12, 13, 14, 15]",[],False,ambiguity,False,uf_axiom,
SR_16__MC_66,SR_16,MC_66,SR-MC,0,0,0,0,0,0,0,0,0,1,0,0,early_late_mixed,gap_uncovered_structural_cell,SR_16__MC_66,2,32,2,differential,1,"[{""classification"": ""ambiguity"", ""elapsed"": 46.89631208218634, ""first_result"": ""sat"", ""first_timeout_ms"": 60000, ""query_count"": 32, ""second_result"": ""sat"", ""second_timeout_ms"": 300000, ""z3_reason_unknown"": """"}]",sat,sat,0.00293816439807415,46.35608946159482,a66f651322597191ab9f8f8af4c2db61,a66f651322597191ab9f8f8af4c2db61,20fb3468c9400a09fe039b11c9301154,True,sat,False,False,False,,"{""0"": ""free"", ""1"": ""free"", ""10"": ""free"", ""11"": ""free"", ""12"": ""free"", ""13"": ""free"", ""14"": ""free"", ""15"": ""free"", ""2"": ""free"", ""3"": ""free"", ""4"": ""free"", ""5"": ""free"", ""6"": ""free"", ""7"": ""free"", ""8"": ""free"", ""9"": ""free""}","{""0"": ""free"", ""1"": ""free"", ""2"": ""free"", ""3"": ""free""}",[],"[0, 1, 2, 3, 4, 5, 6, 7, 8, 9, 10, 11, 12, 13, 14, 15]",[],False,ambiguity,False,uf_axiom,
SR_61__MC_103,SR_61,MC_103,SR-MC,0,0,0,0,0,0,0,0,0,0,1,0,early_late_mixed,gap_uncovered_structural_cell,SR_61__MC_103,1,32,2,differential,1,"[{""classification"": ""ambiguity"", ""elapsed"": 50.14100634120405, ""first_result"": ""sat"", ""first_timeout_ms"": 60000, ""query_count"": 32, ""second_result"": ""sat"", ""second_timeout_ms"": 300000, ""z3_reason_unknown"": """"}]",sat,sat,0.0019659344106912613,49.60104220546782,99107579bc3c2c3b0d7a8a6fd1573606,99107579bc3c2c3b0d7a8a6fd1573606,8f6a32905842610dafebaab088cb3384,True,sat,False,False,False,,"{""0"": ""free"", ""1"": ""free"", ""10"": ""free"", ""11"": ""free"", ""12"": ""free"", ""13"": ""free"", ""14"": ""free"", ""15"": ""free"", ""2"": ""free"", ""3"": ""free"", ""4"": ""free"", ""5"": ""free"", ""6"": ""free"", ""7"": ""free"", ""8"": ""free"", ""9"": ""free""}","{""0"": ""free"", ""1"": ""free"", ""2"": ""free"", ""3"": ""free""}",[],"[0, 1, 2, 3, 4, 5, 6, 7, 8, 9, 10, 11, 12, 13, 14, 15]",[],False,ambiguity,False,uf_axiom,
SR_61__MC_103,SR_61,MC_103,SR-MC,0,0,0,0,0,0,0,0,0,0,1,0,early_late_mixed,gap_uncovered_structural_cell,SR_61__MC_103,0,32,2,differential,1,"[{""classification"": ""ambiguity"", ""elapsed"": 50.75234389305115, ""first_result"": ""sat"", ""first_timeout_ms"": 60000, ""query_count"": 32, ""second_result"": ""sat"", ""second_timeout_ms"": 300000, ""z3_reason_unknown"": """"}]",sat,sat,0.0029273666441440582,50.2081393674016,edf43a9a19e4a3f3bf1eec668bd00cf6,edf43a9a19e4a3f3bf1eec668bd00cf6,86b9e2043132e10422427b9e6c1f8600,True,sat,False,False,False,,"{""0"": ""free"", ""1"": ""free"", ""10"": ""free"", ""11"": ""free"", ""12"": ""free"", ""13"": ""free"", ""14"": ""free"", ""15"": ""free"", ""2"": ""free"", ""3"": ""free"", ""4"": ""free"", ""5"": ""free"", ""6"": ""free"", ""7"": ""free"", ""8"": ""free"", ""9"": ""free""}","{""0"": ""free"", ""1"": ""free"", ""2"": ""free"", ""3"": ""free""}",[],"[0, 1, 2, 3, 4, 5, 6, 7, 8, 9, 10, 11, 12, 13, 14, 15]",[],False,ambiguity,False,uf_axiom,
SR_62__MC_103,SR_62,MC_103,SR-MC,0,0,0,0,0,0,0,0,0,0,1,0,early_late_mixed,gap_uncovered_structural_cell,SR_62__MC_103,1,32,2,differential,1,"[{""classification"": ""ambiguity"", ""elapsed"": 51.12715693563223, ""first_result"": ""sat"", ""first_timeout_ms"": 60000, ""query_count"": 32, ""second_result"": ""sat"", ""second_timeout_ms"": 300000, ""z3_reason_unknown"": """"}]",sat,sat,0.004241602495312691,20.583055263385177,99107579bc3c2c3b0d7a8a6fd1573606,99107579bc3c2c3b0d7a8a6fd1573606,829cfa2e83323472d07f736f3a00638c,True,sat,False,False,False,,"{""0"": ""free"", ""1"": ""free"", ""10"": ""free"", ""11"": ""unknown"", ""12"": ""free"", ""13"": ""free"", ""14"": ""free"", ""15"": ""free"", ""2"": ""free"", ""3"": ""free"", ""4"": ""free"", ""5"": ""free"", ""6"": ""free"", ""7"": ""free"", ""8"": ""free"", ""9"": ""free""}","{""0"": ""free"", ""1"": ""free"", ""2"": ""free"", ""3"": ""free""}",[],"[0, 1, 2, 3, 4, 5, 6, 7, 8, 9, 10, 12, 13, 14, 15]",[11],False,ambiguity,False,uf_axiom,
SR_87__MC_64,SR_87,MC_64,SR-MC,0,0,0,1,0,0,0,0,0,0,0,0,early_late_mixed,gap_uncovered_structural_cell,SR_87__MC_64,0,32,2,differential,1,"[{""classification"": ""ambiguity"", ""elapsed"": 59.37224027514458, ""first_result"": ""sat"", ""first_timeout_ms"": 60000, ""query_count"": 32, ""second_result"": ""sat"", ""second_timeout_ms"": 300000, ""z3_reason_unknown"": """"}]",sat,sat,0.0015595275908708572,28.848739000037313,edf43a9a19e4a3f3bf1eec668bd00cf6,edf43a9a19e4a3f3bf1eec668bd00cf6,5e700811cbd5397107fa656e94d0dccb,True,sat,False,False,False,,"{""0"": ""free"", ""1"": ""free"", ""10"": ""free"", ""11"": ""free"", ""12"": ""free"", ""13"": ""unknown"", ""14"": ""free"", ""15"": ""free"", ""2"": ""free"", ""3"": ""free"", ""4"": ""free"", ""5"": ""free"", ""6"": ""free"", ""7"": ""free"", ""8"": ""free"", ""9"": ""free""}","{""0"": ""free"", ""1"": ""free"", ""2"": ""free"", ""3"": ""free""}",[],"[0, 1, 2, 3, 4, 5, 6, 7, 8, 9, 10, 11, 12, 14, 15]",[13],False,ambiguity,False,uf_axiom,
SR_16__MC_66,SR_16,MC_66,SR-MC,0,0,0,0,0,0,0,0,0,1,0,0,early_late_mixed,gap_uncovered_structural_cell,SR_16__MC_66,0,32,2,differential,1,"[{""classification"": ""ambiguity"", ""elapsed"": 59.83739466406405, ""first_result"": ""sat"", ""first_timeout_ms"": 60000, ""query_count"": 32, ""second_result"": ""sat"", ""second_timeout_ms"": 300000, ""z3_reason_unknown"": """"}]",sat,sat,0.0030208770185709,59.20336300507188,edf43a9a19e4a3f3bf1eec668bd00cf6,edf43a9a19e4a3f3bf1eec668bd00cf6,876200058898c97c9aa9020876755c86,True,sat,False,False,False,,"{""0"": ""free"", ""1"": ""free"", ""10"": ""free"", ""11"": ""free"", ""12"": ""free"", ""13"": ""free"", ""14"": ""free"", ""15"": ""free"", ""2"": ""free"", ""3"": ""free"", ""4"": ""free"", ""5"": ""free"", ""6"": ""free"", ""7"": ""free"", ""8"": ""free"", ""9"": ""free""}","{""0"": ""free"", ""1"": ""free"", ""2"": ""free"", ""3"": ""free""}",[],"[0, 1, 2, 3, 4, 5, 6, 7, 8, 9, 10, 11, 12, 13, 14, 15]",[],False,ambiguity,False,uf_axiom,
SR_73__MC_99,SR_73,MC_99,SR-MC,0,0,0,0,0,0,0,0,0,0,1,0,early_late_mixed,gap_uncovered_structural_cell,SR_73__MC_99,1,32,2,differential,1,"[{""classification"": ""ambiguity"", ""elapsed"": 73.16655670292675, ""first_result"": ""sat"", ""first_timeout_ms"": 60000, ""query_count"": 32, ""second_result"": ""sat"", ""second_timeout_ms"": 300000, ""z3_reason_unknown"": """"}]",sat,sat,0.003004128113389015,72.62389810010791,99107579bc3c2c3b0d7a8a6fd1573606,99107579bc3c2c3b0d7a8a6fd1573606,13354da0361a6209d997bfc739acf610,True,sat,False,False,False,,"{""0"": ""free"", ""1"": ""free"", ""10"": ""free"", ""11"": ""free"", ""12"": ""free"", ""13"": ""free"", ""14"": ""free"", ""15"": ""free"", ""2"": ""free"", ""3"": ""free"", ""4"": ""free"", ""5"": ""free"", ""6"": ""free"", ""7"": ""free"", ""8"": ""free"", ""9"": ""free""}","{""0"": ""free"", ""1"": ""free"", ""2"": ""free"", ""3"": ""free""}",[],"[0, 1, 2, 3, 4, 5, 6, 7, 8, 9, 10, 11, 12, 13, 14, 15]",[],False,ambiguity,False,uf_axiom,
SR_73__MC_99,SR_73,MC_99,SR-MC,0,0,0,0,0,0,0,0,0,0,1,0,early_late_mixed,gap_uncovered_structural_cell,SR_73__MC_99,0,32,2,differential,1,"[{""classification"": ""ambiguity"", ""elapsed"": 77.54160653986037, ""first_result"": ""sat"", ""first_timeout_ms"": 60000, ""query_count"": 32, ""second_result"": ""sat"", ""second_timeout_ms"": 300000, ""z3_reason_unknown"": """"}]",sat,sat,0.00189133919775486,77.11368609592319,edf43a9a19e4a3f3bf1eec668bd00cf6,edf43a9a19e4a3f3bf1eec668bd00cf6,0430f5e51a1b5d8901058e8e7e24a592,True,sat,False,False,False,,"{""0"": ""free"", ""1"": ""free"", ""10"": ""free"", ""11"": ""free"", ""12"": ""free"", ""13"": ""free"", ""14"": ""free"", ""15"": ""free"", ""2"": ""free"", ""3"": ""free"", ""4"": ""free"", ""5"": ""free"", ""6"": ""free"", ""7"": ""free"", ""8"": ""free"", ""9"": ""free""}","{""0"": ""free"", ""1"": ""free"", ""2"": ""free"", ""3"": ""free""}",[],"[0, 1, 2, 3, 4, 5, 6, 7, 8, 9, 10, 11, 12, 13, 14, 15]",[],False,ambiguity,False,uf_axiom,
SR_3__MC_123,SR_3,MC_123,SR-MC,0,0,0,0,1,0,0,0,0,0,1,0,early_late_mixed,gap_uncovered_structural_cell,SR_3__MC_123,1,32,2,differential,1,"[{""classification"": ""ambiguity"", ""elapsed"": 82.5438425950706, ""first_result"": ""sat"", ""first_timeout_ms"": 60000, ""query_count"": 32, ""second_result"": ""sat"", ""second_timeout_ms"": 300000, ""z3_reason_unknown"": """"}]",sat,sat,0.003126775845885277,52.01809615269303,99107579bc3c2c3b0d7a8a6fd1573606,99107579bc3c2c3b0d7a8a6fd1573606,00f61b392c524aa8c69b097707ca36bc,True,sat,False,False,False,,"{""0"": ""free"", ""1"": ""free"", ""10"": ""free"", ""11"": ""free"", ""12"": ""free"", ""13"": ""free"", ""14"": ""unknown"", ""15"": ""free"", ""2"": ""free"", ""3"": ""free"", ""4"": ""free"", ""5"": ""free"", ""6"": ""free"", ""7"": ""free"", ""8"": ""free"", ""9"": ""free""}","{""0"": ""free"", ""1"": ""free"", ""2"": ""free"", ""3"": ""free""}",[],"[0, 1, 2, 3, 4, 5, 6, 7, 8, 9, 10, 11, 12, 13, 15]",[14],False,ambiguity,False,uf_axiom,
SR_0__MC_27,SR_0,MC_27,SR-MC,0,0,0,1,0,0,0,1,0,0,0,0,early_late_mixed,gap_uncovered_structural_cell,SR_0__MC_27,0,32,2,differential,1,"[{""classification"": ""ambiguity"", ""elapsed"": 83.42665938846767, ""first_result"": ""sat"", ""first_timeout_ms"": 60000, ""query_count"": 32, ""second_result"": ""sat"", ""second_timeout_ms"": 300000, ""z3_reason_unknown"": """"}]",sat,sat,0.0015557482838630676,82.94557120837271,edf43a9a19e4a3f3bf1eec668bd00cf6,edf43a9a19e4a3f3bf1eec668bd00cf6,141225641060d408ea00fc00bb86ed20,True,sat,False,False,False,,"{""0"": ""free"", ""1"": ""free"", ""10"": ""free"", ""11"": ""free"", ""12"": ""free"", ""13"": ""free"", ""14"": ""free"", ""15"": ""free"", ""2"": ""free"", ""3"": ""free"", ""4"": ""free"", ""5"": ""free"", ""6"": ""free"", ""7"": ""free"", ""8"": ""free"", ""9"": ""free""}","{""0"": ""free"", ""1"": ""free"", ""2"": ""free"", ""3"": ""free""}",[],"[0, 1, 2, 3, 4, 5, 6, 7, 8, 9, 10, 11, 12, 13, 14, 15]",[],False,ambiguity,False,uf_axiom,
SR_98__MC_91,SR_98,MC_91,SR-MC,0,0,0,0,0,0,0,0,0,0,1,0,early_late_mixed,gap_uncovered_structural_cell,SR_98__MC_91,0,32,2,differential,1,"[{""classification"": ""ambiguity"", ""elapsed"": 105.43720751442015, ""first_result"": ""sat"", ""first_timeout_ms"": 60000, ""query_count"": 32, ""second_result"": ""sat"", ""second_timeout_ms"": 300000, ""z3_reason_unknown"": """"}]",sat,sat,0.0031108930706977844,104.89710450731218,edf43a9a19e4a3f3bf1eec668bd00cf6,edf43a9a19e4a3f3bf1eec668bd00cf6,54540204a054b82442c0284adc4972d2,True,sat,False,False,False,,"{""0"": ""free"", ""1"": ""free"", ""10"": ""free"", ""11"": ""free"", ""12"": ""free"", ""13"": ""free"", ""14"": ""free"", ""15"": ""free"", ""2"": ""free"", ""3"": ""free"", ""4"": ""free"", ""5"": ""free"", ""6"": ""free"", ""7"": ""free"", ""8"": ""free"", ""9"": ""free""}","{""0"": ""free"", ""1"": ""free"", ""2"": ""free"", ""3"": ""free""}",[],"[0, 1, 2, 3, 4, 5, 6, 7, 8, 9, 10, 11, 12, 13, 14, 15]",[],False,ambiguity,False,uf_axiom,
SR_96__MC_49,SR_96,MC_49,SR-MC,0,0,0,0,0,0,0,0,0,0,1,0,early_late_mixed,gap_uncovered_structural_cell,SR_96__MC_49,1,32,2,differential,1,"[{""classification"": ""ambiguity"", ""elapsed"": 106.83014460653067, ""first_result"": ""sat"", ""first_timeout_ms"": 60000, ""query_count"": 32, ""second_result"": ""sat"", ""second_timeout_ms"": 300000, ""z3_reason_unknown"": """"}]",sat,sat,0.003143535926938057,106.29150790721178,99107579bc3c2c3b0d7a8a6fd1573606,99107579bc3c2c3b0d7a8a6fd1573606,f28cf8914b908843ce54506a42a041b7,True,sat,False,False,False,,"{""0"": ""free"", ""1"": ""free"", ""10"": ""free"", ""11"": ""free"", ""12"": ""free"", ""13"": ""free"", ""14"": ""free"", ""15"": ""free"", ""2"": ""free"", ""3"": ""free"", ""4"": ""free"", ""5"": ""free"", ""6"": ""free"", ""7"": ""free"", ""8"": ""free"", ""9"": ""free""}","{""0"": ""free"", ""1"": ""free"", ""2"": ""free"", ""3"": ""free""}",[],"[0, 1, 2, 3, 4, 5, 6, 7, 8, 9, 10, 11, 12, 13, 14, 15]",[],False,ambiguity,False,uf_axiom,
SR_96__MC_49,SR_96,MC_49,SR-MC,0,0,0,0,0,0,0,0,0,0,1,0,early_late_mixed,gap_uncovered_structural_cell,SR_96__MC_49,0,32,2,differential,1,"[{""classification"": ""ambiguity"", ""elapsed"": 159.7403086964041, ""first_result"": ""sat"", ""first_timeout_ms"": 60000, ""query_count"": 32, ""second_result"": ""sat"", ""second_timeout_ms"": 300000, ""z3_reason_unknown"": """"}]",sat,sat,0.001976640895009041,129.30303062312305,edf43a9a19e4a3f3bf1eec668bd00cf6,edf43a9a19e4a3f3bf1eec668bd00cf6,4015a13519eca90a0100d01982714ce9,True,sat,False,False,False,,"{""0"": ""free"", ""1"": ""free"", ""10"": ""free"", ""11"": ""free"", ""12"": ""free"", ""13"": ""free"", ""14"": ""free"", ""15"": ""free"", ""2"": ""free"", ""3"": ""free"", ""4"": ""unknown"", ""5"": ""free"", ""6"": ""free"", ""7"": ""free"", ""8"": ""free"", ""9"": ""free""}","{""0"": ""free"", ""1"": ""free"", ""2"": ""free"", ""3"": ""free""}",[],"[0, 1, 2, 3, 5, 6, 7, 8, 9, 10, 11, 12, 13, 14, 15]",[4],False,ambiguity,False,uf_axiom,
SR_39__MC_55,SR_39,MC_55,SR-MC,0,0,0,1,1,0,1,0,0,0,0,0,early_late_mixed,gap_uncovered_structural_cell,SR_39__MC_55,0,32,2,differential,1,"[{""classification"": ""ambiguity"", ""elapsed"": 14.238024551421404, ""first_result"": ""sat"", ""first_timeout_ms"": 60000, ""query_count"": 32, ""second_result"": ""sat"", ""second_timeout_ms"": 300000, ""z3_reason_unknown"": """"}]",sat,sat,0.0015492085367441177,13.739914562553167,edf43a9a19e4a3f3bf1eec668bd00cf6,edf43a9a19e4a3f3bf1eec668bd00cf6,b9034f0764964791f4203a2251d2a570,True,sat,False,False,False,,"{""0"": ""free"", ""1"": ""free"", ""10"": ""free"", ""11"": ""free"", ""12"": ""free"", ""13"": ""free"", ""14"": ""free"", ""15"": ""free"", ""2"": ""free"", ""3"": ""free"", ""4"": ""free"", ""5"": ""free"", ""6"": ""free"", ""7"": ""free"", ""8"": ""free"", ""9"": ""free""}","{""0"": ""free"", ""1"": ""free"", ""2"": ""free"", ""3"": ""free""}",[],"[0, 1, 2, 3, 4, 5, 6, 7, 8, 9, 10, 11, 12, 13, 14, 15]",[],False,ambiguity,False,uf_axiom,
SR_125__MC_64,SR_125,MC_64,SR-MC,0,0,0,0,0,0,0,0,0,0,1,0,early_late_mixed,gap_uncovered_structural_cell,SR_125__MC_64,1,32,2,differential,1,"[{""classification"": ""ambiguity"", ""elapsed"": 15.162389475852251, ""first_result"": ""sat"", ""first_timeout_ms"": 60000, ""query_count"": 32, ""second_result"": ""sat"", ""second_timeout_ms"": 300000, ""z3_reason_unknown"": """"}]",sat,sat,0.0027014482766389847,14.685697553679347,99107579bc3c2c3b0d7a8a6fd1573606,99107579bc3c2c3b0d7a8a6fd1573606,869031017c433a8152748c886452f11c,True,sat,False,False,False,,"{""0"": ""free"", ""1"": ""free"", ""10"": ""free"", ""11"": ""free"", ""12"": ""free"", ""13"": ""free"", ""14"": ""free"", ""15"": ""free"", ""2"": ""free"", ""3"": ""free"", ""4"": ""free"", ""5"": ""free"", ""6"": ""free"", ""7"": ""free"", ""8"": ""free"", ""9"": ""free""}","{""0"": ""free"", ""1"": ""free"", ""2"": ""free"", ""3"": ""free""}",[],"[0, 1, 2, 3, 4, 5, 6, 7, 8, 9, 10, 11, 12, 13, 14, 15]",[],False,ambiguity,False,uf_axiom,
SR_39__MC_55,SR_39,MC_55,SR-MC,0,0,0,1,1,0,1,0,0,0,0,0,early_late_mixed,gap_uncovered_structural_cell,SR_39__MC_55,1,32,2,differential,1,"[{""classification"": ""ambiguity"", ""elapsed"": 18.17894515581429, ""first_result"": ""sat"", ""first_timeout_ms"": 60000, ""query_count"": 32, ""second_result"": ""sat"", ""second_timeout_ms"": 300000, ""z3_reason_unknown"": """"}]",sat,sat,0.0016414113342761993,17.694134077057242,99107579bc3c2c3b0d7a8a6fd1573606,99107579bc3c2c3b0d7a8a6fd1573606,88eaad00406900b58ced9ba31209b36c,True,sat,False,False,False,,"{""0"": ""free"", ""1"": ""free"", ""10"": ""free"", ""11"": ""free"", ""12"": ""free"", ""13"": ""free"", ""14"": ""free"", ""15"": ""free"", ""2"": ""free"", ""3"": ""free"", ""4"": ""free"", ""5"": ""free"", ""6"": ""free"", ""7"": ""free"", ""8"": ""free"", ""9"": ""free""}","{""0"": ""free"", ""1"": ""free"", ""2"": ""free"", ""3"": ""free""}",[],"[0, 1, 2, 3, 4, 5, 6, 7, 8, 9, 10, 11, 12, 13, 14, 15]",[],False,ambiguity,False,uf_axiom,
SR_20__MC_22,SR_20,MC_22,SR-MC,0,1,1,1,0,0,0,0,0,0,0,0,early_late_mixed,gap_uncovered_structural_cell,SR_20__MC_22,1,32,2,differential,1,"[{""classification"": ""ambiguity"", ""elapsed"": 21.020899329334497, ""first_result"": ""sat"", ""first_timeout_ms"": 60000, ""query_count"": 32, ""second_result"": ""sat"", ""second_timeout_ms"": 300000, ""z3_reason_unknown"": """"}]",sat,sat,0.001562703400850296,20.466280426830053,99107579bc3c2c3b0d7a8a6fd1573606,99107579bc3c2c3b0d7a8a6fd1573606,8af102eafe3a66bffee3ace0a5822ad5,True,sat,False,False,False,,"{""0"": ""free"", ""1"": ""free"", ""10"": ""free"", ""11"": ""free"", ""12"": ""free"", ""13"": ""free"", ""14"": ""free"", ""15"": ""free"", ""2"": ""free"", ""3"": ""free"", ""4"": ""free"", ""5"": ""free"", ""6"": ""free"", ""7"": ""free"", ""8"": ""free"", ""9"": ""free""}","{""0"": ""free"", ""1"": ""free"", ""2"": ""free"", ""3"": ""free""}",[],"[0, 1, 2, 3, 4, 5, 6, 7, 8, 9, 10, 11, 12, 13, 14, 15]",[],False,ambiguity,False,uf_axiom,
SR_67__MC_91,SR_67,MC_91,SR-MC,0,0,0,1,1,0,1,0,0,0,0,0,early_late_mixed,gap_uncovered_structural_cell,SR_67__MC_91,0,32,2,differential,1,"[{""classification"": ""ambiguity"", ""elapsed"": 22.69602986983955, ""first_result"": ""sat"", ""first_timeout_ms"": 60000, ""query_count"": 32, ""second_result"": ""sat"", ""second_timeout_ms"": 300000, ""z3_reason_unknown"": """"}]",sat,sat,0.002417219802737236,9.329941295087337,edf43a9a19e4a3f3bf1eec668bd00cf6,edf43a9a19e4a3f3bf1eec668bd00cf6,0c00281059574834bf00ab0830d01163,True,sat,False,False,False,,"{""0"": ""free"", ""1"": ""free"", ""10"": ""free"", ""11"": ""free"", ""12"": ""free"", ""13"": ""free"", ""14"": ""free"", ""15"": ""free"", ""2"": ""free"", ""3"": ""free"", ""4"": ""free"", ""5"": ""free"", ""6"": ""free"", ""7"": ""free"", ""8"": ""free"", ""9"": ""free""}","{""0"": ""free"", ""1"": ""free"", ""2"": ""free"", ""3"": ""free""}",[],"[0, 1, 2, 3, 4, 5, 6, 7, 8, 9, 10, 11, 12, 13, 14, 15]",[],False,ambiguity,False,uf_axiom,
SR_63__MC_75,SR_63,MC_75,SR-MC,0,0,0,0,0,0,0,0,0,0,1,0,early_late_mixed,gap_uncovered_structural_cell,SR_63__MC_75,0,32,2,differential,1,"[{""classification"": ""ambiguity"", ""elapsed"": 28.92484257556498, ""first_result"": ""sat"", ""first_timeout_ms"": 60000, ""query_count"": 32, ""second_result"": ""sat"", ""second_timeout_ms"": 300000, ""z3_reason_unknown"": """"}]",sat,sat,0.0017354600131511688,28.41894388012588,edf43a9a19e4a3f3bf1eec668bd00cf6,edf43a9a19e4a3f3bf1eec668bd00cf6,5232f80c2cd51d064af6e197393b3d14,True,sat,False,False,False,,"{""0"": ""free"", ""1"": ""free"", ""10"": ""free"", ""11"": ""free"", ""12"": ""free"", ""13"": ""free"", ""14"": ""free"", ""15"": ""free"", ""2"": ""free"", ""3"": ""free"", ""4"": ""free"", ""5"": ""free"", ""6"": ""free"", ""7"": ""free"", ""8"": ""free"", ""9"": ""free""}","{""0"": ""free"", ""1"": ""free"", ""2"": ""free"", ""3"": ""free""}",[],"[0, 1, 2, 3, 4, 5, 6, 7, 8, 9, 10, 11, 12, 13, 14, 15]",[],False,ambiguity,False,uf_axiom,
SR_67__MC_91,SR_67,MC_91,SR-MC,0,0,0,1,1,0,1,0,0,0,0,0,early_late_mixed,gap_uncovered_structural_cell,SR_67__MC_91,1,32,2,differential,1,"[{""classification"": ""ambiguity"", ""elapsed"": 31.35052583925426, ""first_result"": ""sat"", ""first_timeout_ms"": 60000, ""query_count"": 32, ""second_result"": ""sat"", ""second_timeout_ms"": 300000, ""z3_reason_unknown"": """"}]",sat,sat,0.0023325085639953613,30.82170524634421,99107579bc3c2c3b0d7a8a6fd1573606,99107579bc3c2c3b0d7a8a6fd1573606,5a5c52c100e837fa0628a17b6c546fe1,True,sat,False,False,False,,"{""0"": ""free"", ""1"": ""free"", ""10"": ""free"", ""11"": ""free"", ""12"": ""free"", ""13"": ""free"", ""14"": ""free"", ""15"": ""free"", ""2"": ""free"", ""3"": ""free"", ""4"": ""free"", ""5"": ""free"", ""6"": ""free"", ""7"": ""free"", ""8"": ""free"", ""9"": ""free""}","{""0"": ""free"", ""1"": ""free"", ""2"": ""free"", ""3"": ""free""}",[],"[0, 1, 2, 3, 4, 5, 6, 7, 8, 9, 10, 11, 12, 13, 14, 15]",[],False,ambiguity,False,uf_axiom,
SR_76__MC_82,SR_76,MC_82,SR-MC,0,0,0,1,0,0,0,0,0,0,0,0,early_late_mixed,gap_uncovered_structural_cell,SR_76__MC_82,1,32,2,differential,1,"[{""classification"": ""ambiguity"", ""elapsed"": 32.073808712884784, ""first_result"": ""sat"", ""first_timeout_ms"": 60000, ""query_count"": 32, ""second_result"": ""sat"", ""second_timeout_ms"": 300000, ""z3_reason_unknown"": """"}]",sat,sat,0.0015787109732627869,31.532994816079736,99107579bc3c2c3b0d7a8a6fd1573606,99107579bc3c2c3b0d7a8a6fd1573606,f66cf749020b4f7e5164c19de9000e48,True,sat,False,False,False,,"{""0"": ""free"", ""1"": ""free"", ""10"": ""free"", ""11"": ""free"", ""12"": ""free"", ""13"": ""free"", ""14"": ""free"", ""15"": ""free"", ""2"": ""free"", ""3"": ""free"", ""4"": ""free"", ""5"": ""free"", ""6"": ""free"", ""7"": ""free"", ""8"": ""free"", ""9"": ""free""}","{""0"": ""free"", ""1"": ""free"", ""2"": ""free"", ""3"": ""free""}",[],"[0, 1, 2, 3, 4, 5, 6, 7, 8, 9, 10, 11, 12, 13, 14, 15]",[],False,ambiguity,False,uf_axiom,
SR_107__MC_45,SR_107,MC_45,SR-MC,0,0,1,0,0,0,0,0,1,0,0,0,early_late_mixed,gap_uncovered_structural_cell,SR_107__MC_45,2,32,2,differential,1,"[{""classification"": ""ambiguity"", ""elapsed"": 34.05751351080835, ""first_result"": ""sat"", ""first_timeout_ms"": 60000, ""query_count"": 32, ""second_result"": ""sat"", ""second_timeout_ms"": 300000, ""z3_reason_unknown"": """"}]",sat,sat,0.002715621143579483,33.550392935052514,a66f651322597191ab9f8f8af4c2db61,a66f651322597191ab9f8f8af4c2db61,1db1257a29001282d30a5596822030c7,True,sat,False,False,False,,"{""0"": ""free"", ""1"": ""free"", ""10"": ""free"", ""11"": ""free"", ""12"": ""free"", ""13"": ""free"", ""14"": ""free"", ""15"": ""free"", ""2"": ""free"", ""3"": ""free"", ""4"": ""free"", ""5"": ""free"", ""6"": ""free"", ""7"": ""free"", ""8"": ""free"", ""9"": ""free""}","{""0"": ""free"", ""1"": ""free"", ""2"": ""free"", ""3"": ""free""}",[],"[0, 1, 2, 3, 4, 5, 6, 7, 8, 9, 10, 11, 12, 13, 14, 15]",[],False,ambiguity,False,uf_axiom,
SR_36__MC_58,SR_36,MC_58,SR-MC,0,0,0,1,0,0,0,0,0,0,0,0,early_late_mixed,gap_uncovered_structural_cell,SR_36__MC_58,0,32,2,differential,1,"[{""classification"": ""ambiguity"", ""elapsed"": 34.58551970683038, ""first_result"": ""sat"", ""first_timeout_ms"": 60000, ""query_count"": 32, ""second_result"": ""sat"", ""second_timeout_ms"": 300000, ""z3_reason_unknown"": """"}]",sat,sat,0.0027648117393255234,34.015264585614204,edf43a9a19e4a3f3bf1eec668bd00cf6,edf43a9a19e4a3f3bf1eec668bd00cf6,87869220108dd0c3c1c8113a301d292e,True,sat,False,False,False,,"{""0"": ""free"", ""1"": ""free"", ""10"": ""free"", ""11"": ""free"", ""12"": ""free"", ""13"": ""free"", ""14"": ""free"", ""15"": ""free"", ""2"": ""free"", ""3"": ""free"", ""4"": ""free"", ""5"": ""free"", ""6"": ""free"", ""7"": ""free"", ""8"": ""free"", ""9"": ""free""}","{""0"": ""free"", ""1"": ""free"", ""2"": ""free"", ""3"": ""free""}",[],"[0, 1, 2, 3, 4, 5, 6, 7, 8, 9, 10, 11, 12, 13, 14, 15]",[],False,ambiguity,False,uf_axiom,
SR_63__MC_75,SR_63,MC_75,SR-MC,0,0,0,0,0,0,0,0,0,0,1,0,early_late_mixed,gap_uncovered_structural_cell,SR_63__MC_75,1,32,2,differential,1,"[{""classification"": ""ambiguity"", ""elapsed"": 36.34440761990845, ""first_result"": ""sat"", ""first_timeout_ms"": 60000, ""query_count"": 32, ""second_result"": ""sat"", ""second_timeout_ms"": 300000, ""z3_reason_unknown"": """"}]",sat,sat,0.0025104880332946777,35.85634898580611,99107579bc3c2c3b0d7a8a6fd1573606,99107579bc3c2c3b0d7a8a6fd1573606,003e8c2809965202044070405ea0089c,True,sat,False,False,False,,"{""0"": ""free"", ""1"": ""free"", ""10"": ""free"", ""11"": ""free"", ""12"": ""free"", ""13"": ""free"", ""14"": ""free"", ""15"": ""free"", ""2"": ""free"", ""3"": ""free"", ""4"": ""free"", ""5"": ""free"", ""6"": ""free"", ""7"": ""free"", ""8"": ""free"", ""9"": ""free""}","{""0"": ""free"", ""1"": ""free"", ""2"": ""free"", ""3"": ""free""}",[],"[0, 1, 2, 3, 4, 5, 6, 7, 8, 9, 10, 11, 12, 13, 14, 15]",[],False,ambiguity,False,uf_axiom,
SR_24__MC_40,SR_24,MC_40,SR-MC,0,0,0,0,1,0,0,0,0,0,1,0,early_late_mixed,gap_uncovered_structural_cell,SR_24__MC_40,0,32,2,differential,1,"[{""classification"": ""ambiguity"", ""elapsed"": 36.67648867890239, ""first_result"": ""sat"", ""first_timeout_ms"": 60000, ""query_count"": 32, ""second_result"": ""sat"", ""second_timeout_ms"": 300000, ""z3_reason_unknown"": """"}]",sat,sat,0.0032547209411859512,36.110401250422,edf43a9a19e4a3f3bf1eec668bd00cf6,edf43a9a19e4a3f3bf1eec668bd00cf6,47af1b801dfa6c01b1b7b8d2f2615702,True,sat,False,False,False,,"{""0"": ""free"", ""1"": ""free"", ""10"": ""free"", ""11"": ""free"", ""12"": ""free"", ""13"": ""free"", ""14"": ""free"", ""15"": ""free"", ""2"": ""free"", ""3"": ""free"", ""4"": ""free"", ""5"": ""free"", ""6"": ""free"", ""7"": ""free"", ""8"": ""free"", ""9"": ""free""}","{""0"": ""free"", ""1"": ""free"", ""2"": ""free"", ""3"": ""free""}",[],"[0, 1, 2, 3, 4, 5, 6, 7, 8, 9, 10, 11, 12, 13, 14, 15]",[],False,ambiguity,False,uf_axiom,
SR_107__MC_45,SR_107,MC_45,SR-MC,0,0,1,0,0,0,0,0,1,0,0,0,early_late_mixed,gap_uncovered_structural_cell,SR_107__MC_45,0,32,2,differential,1,"[{""classification"": ""ambiguity"", ""elapsed"": 38.202228209003806, ""first_result"": ""sat"", ""first_timeout_ms"": 60000, ""query_count"": 32, ""second_result"": ""sat"", ""second_timeout_ms"": 300000, ""z3_reason_unknown"": """"}]",sat,sat,0.002823503687977791,37.679372396320105,edf43a9a19e4a3f3bf1eec668bd00cf6,edf43a9a19e4a3f3bf1eec668bd00cf6,81a0d0a416a52000fc001430353d0a4f,True,sat,False,False,False,,"{""0"": ""free"", ""1"": ""free"", ""10"": ""free"", ""11"": ""free"", ""12"": ""free"", ""13"": ""free"", ""14"": ""free"", ""15"": ""free"", ""2"": ""free"", ""3"": ""free"", ""4"": ""free"", ""5"": ""free"", ""6"": ""free"", ""7"": ""free"", ""8"": ""free"", ""9"": ""free""}","{""0"": ""free"", ""1"": ""free"", ""2"": ""free"", ""3"": ""free""}",[],"[0, 1, 2, 3, 4, 5, 6, 7, 8, 9, 10, 11, 12, 13, 14, 15]",[],False,ambiguity,False,uf_axiom,
SR_76__MC_82,SR_76,MC_82,SR-MC,0,0,0,1,0,0,0,0,0,0,0,0,early_late_mixed,gap_uncovered_structural_cell,SR_76__MC_82,0,32,2,differential,1,"[{""classification"": ""ambiguity"", ""elapsed"": 39.09655222855508, ""first_result"": ""sat"", ""first_timeout_ms"": 60000, ""query_count"": 32, ""second_result"": ""sat"", ""second_timeout_ms"": 300000, ""z3_reason_unknown"": """"}]",sat,sat,0.0025370586663484573,38.50769274868071,edf43a9a19e4a3f3bf1eec668bd00cf6,edf43a9a19e4a3f3bf1eec668bd00cf6,d79e3fc6ce0000009412613094d0a628,True,sat,False,False,False,,"{""0"": ""free"", ""1"": ""free"", ""10"": ""free"", ""11"": ""free"", ""12"": ""free"", ""13"": ""fixed"", ""14"": ""free"", ""15"": ""free"", ""2"": ""free"", ""3"": ""free"", ""4"": ""free"", ""5"": ""free"", ""6"": ""free"", ""7"": ""free"", ""8"": ""free"", ""9"": ""free""}","{""0"": ""free"", ""1"": ""free"", ""2"": ""free"", ""3"": ""free""}",[13],"[0, 1, 2, 3, 4, 5, 6, 7, 8, 9, 10, 11, 12, 14, 15]",[],False,ambiguity,False,uf_axiom,
SR_68__MC_54,SR_68,MC_54,SR-MC,0,0,0,0,0,0,0,0,0,0,1,0,early_late_mixed,gap_uncovered_structural_cell,SR_68__MC_54,2,32,2,differential,1,"[{""classification"": ""ambiguity"", ""elapsed"": 40.562533082440495, ""first_result"": ""sat"", ""first_timeout_ms"": 60000, ""query_count"": 32, ""second_result"": ""sat"", ""second_timeout_ms"": 300000, ""z3_reason_unknown"": """"}]",sat,sat,0.0030221156775951385,40.06617894768715,a66f651322597191ab9f8f8af4c2db61,a66f651322597191ab9f8f8af4c2db61,1a900791f50ce0f4203ec8042e7b9f94,True,sat,False,False,False,,"{""0"": ""free"", ""1"": ""free"", ""10"": ""free"", ""11"": ""free"", ""12"": ""free"", ""13"": ""free"", ""14"": ""free"", ""15"": ""free"", ""2"": ""free"", ""3"": ""free"", ""4"": ""free"", ""5"": ""free"", ""6"": ""free"", ""7"": ""free"", ""8"": ""free"", ""9"": ""free""}","{""0"": ""free"", ""1"": ""free"", ""2"": ""free"", ""3"": ""free""}",[],"[0, 1, 2, 3, 4, 5, 6, 7, 8, 9, 10, 11, 12, 13, 14, 15]",[],False,ambiguity,False,uf_axiom,
SR_67__MC_91,SR_67,MC_91,SR-MC,0,0,0,1,1,0,1,0,0,0,0,0,early_late_mixed,gap_uncovered_structural_cell,SR_67__MC_91,2,32,2,differential,1,"[{""classification"": ""ambiguity"", ""elapsed"": 45.983495282009244, ""first_result"": ""sat"", ""first_timeout_ms"": 60000, ""query_count"": 32, ""second_result"": ""sat"", ""second_timeout_ms"": 300000, ""z3_reason_unknown"": """"}]",sat,sat,0.00247783400118351,45.41069015674293,a66f651322597191ab9f8f8af4c2db61,a66f651322597191ab9f8f8af4c2db61,2800d8065362581e278291827603dd3a,True,sat,False,False,False,,"{""0"": ""free"", ""1"": ""free"", ""10"": ""free"", ""11"": ""free"", ""12"": ""free"", ""13"": ""free"", ""14"": ""free"", ""15"": ""free"", ""2"": ""free"", ""3"": ""free"", ""4"": ""free"", ""5"": ""free"", ""6"": ""free"", ""7"": ""free"", ""8"": ""free"", ""9"": ""free""}","{""0"": ""free"", ""1"": ""free"", ""2"": ""free"", ""3"": ""free""}",[],"[0, 1, 2, 3, 4, 5, 6, 7, 8, 9, 10, 11, 12, 13, 14, 15]",[],False,ambiguity,False,uf_axiom,
SR_68__MC_54,SR_68,MC_54,SR-MC,0,0,0,0,0,0,0,0,0,0,1,0,early_late_mixed,gap_uncovered_structural_cell,SR_68__MC_54,1,32,2,differential,1,"[{""classification"": ""ambiguity"", ""elapsed"": 46.25233988277614, ""first_result"": ""sat"", ""first_timeout_ms"": 60000, ""query_count"": 32, ""second_result"": ""sat"", ""second_timeout_ms"": 300000, ""z3_reason_unknown"": """"}]",sat,sat,0.0016327612102031708,45.745716935023665,99107579bc3c2c3b0d7a8a6fd1573606,99107579bc3c2c3b0d7a8a6fd1573606,5d21ec847690018c44a05207033aee63,True,sat,False,False,False,,"{""0"": ""free"", ""1"": ""free"", ""10"": ""free"", ""11"": ""free"", ""12"": ""free"", ""13"": ""free"", ""14"": ""free"", ""15"": ""free"", ""2"": ""free"", ""3"": ""free"", ""4"": ""free"", ""5"": ""free"", ""6"": ""free"", ""7"": ""free"", ""8"": ""free"", ""9"": ""free""}","{""0"": ""free"", ""1"": ""free"", ""2"": ""free"", ""3"": ""free""}",[],"[0, 1, 2, 3, 4, 5, 6, 7, 8, 9, 10, 11, 12, 13, 14, 15]",[],False,ambiguity,False,uf_axiom,
SR_76__MC_82,SR_76,MC_82,SR-MC,0,0,0,1,0,0,0,0,0,0,0,0,early_late_mixed,gap_uncovered_structural_cell,SR_76__MC_82,2,32,2,differential,1,"[{""classification"": ""ambiguity"", ""elapsed"": 47.2352631483227, ""first_result"": ""sat"", ""first_timeout_ms"": 60000, ""query_count"": 32, ""second_result"": ""sat"", ""second_timeout_ms"": 300000, ""z3_reason_unknown"": """"}]",sat,sat,0.002683360129594803,16.677589382976294,a66f651322597191ab9f8f8af4c2db61,a66f651322597191ab9f8f8af4c2db61,4d0065dc823c0991045456f5d5313a36,True,sat,False,False,False,,"{""0"": ""free"", ""1"": ""free"", ""10"": ""free"", ""11"": ""free"", ""12"": ""free"", ""13"": ""free"", ""14"": ""free"", ""15"": ""free"", ""2"": ""free"", ""3"": ""free"", ""4"": ""free"", ""5"": ""free"", ""6"": ""free"", ""7"": ""unknown"", ""8"": ""free"", ""9"": ""free""}","{""0"": ""free"", ""1"": ""free"", ""2"": ""free"", ""3"": ""free""}",[],"[0, 1, 2, 3, 4, 5, 6, 8, 9, 10, 11, 12, 13, 14, 15]",[7],False,ambiguity,False,uf_axiom,
SR_125__MC_64,SR_125,MC_64,SR-MC,0,0,0,0,0,0,0,0,0,0,1,0,early_late_mixed,gap_uncovered_structural_cell,SR_125__MC_64,2,32,2,differential,1,"[{""classification"": ""ambiguity"", ""elapsed"": 49.9975547529757, ""first_result"": ""sat"", ""first_timeout_ms"": 60000, ""query_count"": 32, ""second_result"": ""sat"", ""second_timeout_ms"": 300000, ""z3_reason_unknown"": """"}]",sat,sat,0.00316631980240345,49.44662626646459,a66f651322597191ab9f8f8af4c2db61,a66f651322597191ab9f8f8af4c2db61,45060d0a4d9c8140a843ec225447fd1d,True,sat,False,False,False,,"{""0"": ""free"", ""1"": ""free"", ""10"": ""free"", ""11"": ""free"", ""12"": ""free"", ""13"": ""free"", ""14"": ""free"", ""15"": ""free"", ""2"": ""free"", ""3"": ""free"", ""4"": ""free"", ""5"": ""free"", ""6"": ""free"", ""7"": ""free"", ""8"": ""free"", ""9"": ""free""}","{""0"": ""free"", ""1"": ""free"", ""2"": ""free"", ""3"": ""free""}",[],"[0, 1, 2, 3, 4, 5, 6, 7, 8, 9, 10, 11, 12, 13, 14, 15]",[],False,ambiguity,False,uf_axiom,
SR_39__MC_55,SR_39,MC_55,SR-MC,0,0,0,1,1,0,1,0,0,0,0,0,early_late_mixed,gap_uncovered_structural_cell,SR_39__MC_55,2,32,2,differential,1,"[{""classification"": ""ambiguity"", ""elapsed"": 54.15249309875071, ""first_result"": ""sat"", ""first_timeout_ms"": 60000, ""query_count"": 32, ""second_result"": ""sat"", ""second_timeout_ms"": 300000, ""z3_reason_unknown"": """"}]",sat,sat,0.0026009883731603622,37.795701529830694,a66f651322597191ab9f8f8af4c2db61,a66f651322597191ab9f8f8af4c2db61,8263547a22c417004dcd30a8a228bf24,True,sat,False,False,False,,"{""0"": ""free"", ""1"": ""free"", ""10"": ""free"", ""11"": ""free"", ""12"": ""free"", ""13"": ""free"", ""14"": ""free"", ""15"": ""free"", ""2"": ""free"", ""3"": ""free"", ""4"": ""free"", ""5"": ""free"", ""6"": ""free"", ""7"": ""free"", ""8"": ""free"", ""9"": ""free""}","{""0"": ""free"", ""1"": ""free"", ""2"": ""free"", ""3"": ""free""}",[],"[0, 1, 2, 3, 4, 5, 6, 7, 8, 9, 10, 11, 12, 13, 14, 15]",[],False,ambiguity,False,uf_axiom,
SR_36__MC_58,SR_36,MC_58,SR-MC,0,0,0,1,0,0,0,0,0,0,0,0,early_late_mixed,gap_uncovered_structural_cell,SR_36__MC_58,2,32,2,differential,1,"[{""classification"": ""ambiguity"", ""elapsed"": 58.10421513579786, ""first_result"": ""sat"", ""first_timeout_ms"": 60000, ""query_count"": 32, ""second_result"": ""sat"", ""second_timeout_ms"": 300000, ""z3_reason_unknown"": """"}]",sat,sat,0.0026109274476766586,57.61225236952305,a66f651322597191ab9f8f8af4c2db61,a66f651322597191ab9f8f8af4c2db61,0001518f4b015ca4e9acd80e83de7f79,True,sat,False,False,False,,"{""0"": ""free"", ""1"": ""free"", ""10"": ""free"", ""11"": ""free"", ""12"": ""free"", ""13"": ""free"", ""14"": ""free"", ""15"": ""free"", ""2"": ""free"", ""3"": ""free"", ""4"": ""free"", ""5"": ""free"", ""6"": ""free"", ""7"": ""free"", ""8"": ""free"", ""9"": ""free""}","{""0"": ""free"", ""1"": ""free"", ""2"": ""free"", ""3"": ""free""}",[],"[0, 1, 2, 3, 4, 5, 6, 7, 8, 9, 10, 11, 12, 13, 14, 15]",[],False,ambiguity,False,uf_axiom,
SR_125__MC_64,SR_125,MC_64,SR-MC,0,0,0,0,0,0,0,0,0,0,1,0,early_late_mixed,gap_uncovered_structural_cell,SR_125__MC_64,0,32,2,differential,1,"[{""classification"": ""ambiguity"", ""elapsed"": 60.07879748009145, ""first_result"": ""sat"", ""first_timeout_ms"": 60000, ""query_count"": 32, ""second_result"": ""sat"", ""second_timeout_ms"": 300000, ""z3_reason_unknown"": """"}]",sat,sat,0.0030239857733249664,59.562084283679724,edf43a9a19e4a3f3bf1eec668bd00cf6,edf43a9a19e4a3f3bf1eec668bd00cf6,bde0bc9b1c084f9c4030d798e7c617bd,True,sat,False,False,False,,"{""0"": ""free"", ""1"": ""free"", ""10"": ""free"", ""11"": ""free"", ""12"": ""free"", ""13"": ""free"", ""14"": ""free"", ""15"": ""free"", ""2"": ""free"", ""3"": ""free"", ""4"": ""free"", ""5"": ""free"", ""6"": ""free"", ""7"": ""free"", ""8"": ""free"", ""9"": ""free""}","{""0"": ""free"", ""1"": ""free"", ""2"": ""free"", ""3"": ""free""}",[],"[0, 1, 2, 3, 4, 5, 6, 7, 8, 9, 10, 11, 12, 13, 14, 15]",[],False,ambiguity,False,uf_axiom,
SR_63__MC_75,SR_63,MC_75,SR-MC,0,0,0,0,0,0,0,0,0,0,1,0,early_late_mixed,gap_uncovered_structural_cell,SR_63__MC_75,2,32,2,differential,1,"[{""classification"": ""ambiguity"", ""elapsed"": 61.23292270861566, ""first_result"": ""sat"", ""first_timeout_ms"": 60000, ""query_count"": 32, ""second_result"": ""sat"", ""second_timeout_ms"": 300000, ""z3_reason_unknown"": """"}]",sat,sat,0.002904355525970459,34.33903327584267,a66f651322597191ab9f8f8af4c2db61,a66f651322597191ab9f8f8af4c2db61,a91e5d999a030091023df48d5c447c1c,True,sat,False,False,False,,"{""0"": ""free"", ""1"": ""free"", ""10"": ""free"", ""11"": ""free"", ""12"": ""free"", ""13"": ""free"", ""14"": ""free"", ""15"": ""free"", ""2"": ""free"", ""3"": ""free"", ""4"": ""free"", ""5"": ""free"", ""6"": ""free"", ""7"": ""free"", ""8"": ""free"", ""9"": ""free""}","{""0"": ""free"", ""1"": ""free"", ""2"": ""free"", ""3"": ""free""}",[],"[0, 1, 2, 3, 4, 5, 6, 7, 8, 9, 10, 11, 12, 13, 14, 15]",[],False,ambiguity,False,uf_axiom,
SR_107__MC_45,SR_107,MC_45,SR-MC,0,0,1,0,0,0,0,0,1,0,0,0,early_late_mixed,gap_uncovered_structural_cell,SR_107__MC_45,1,32,2,differential,1,"[{""classification"": ""ambiguity"", ""elapsed"": 67.16659932397306, ""first_result"": ""sat"", ""first_timeout_ms"": 60000, ""query_count"": 32, ""second_result"": ""sat"", ""second_timeout_ms"": 300000, ""z3_reason_unknown"": """"}]",sat,sat,0.002771405503153801,66.62104678340256,99107579bc3c2c3b0d7a8a6fd1573606,99107579bc3c2c3b0d7a8a6fd1573606,459c80971e9301905b5d4b65cc7618aa,True,sat,False,False,False,,"{""0"": ""free"", ""1"": ""free"", ""10"": ""free"", ""11"": ""free"", ""12"": ""free"", ""13"": ""free"", ""14"": ""free"", ""15"": ""free"", ""2"": ""free"", ""3"": ""free"", ""4"": ""free"", ""5"": ""free"", ""6"": ""free"", ""7"": ""free"", ""8"": ""free"", ""9"": ""free""}","{""0"": ""free"", ""1"": ""free"", ""2"": ""free"", ""3"": ""free""}",[],"[0, 1, 2, 3, 4, 5, 6, 7, 8, 9, 10, 11, 12, 13, 14, 15]",[],False,ambiguity,False,uf_axiom,
SR_36__MC_58,SR_36,MC_58,SR-MC,0,0,0,1,0,0,0,0,0,0,0,0,early_late_mixed,gap_uncovered_structural_cell,SR_36__MC_58,1,32,2,differential,1,"[{""classification"": ""ambiguity"", ""elapsed"": 71.71713856235147, ""first_result"": ""sat"", ""first_timeout_ms"": 60000, ""query_count"": 32, ""second_result"": ""sat"", ""second_timeout_ms"": 300000, ""z3_reason_unknown"": """"}]",sat,sat,0.002450874075293541,71.14844470471144,99107579bc3c2c3b0d7a8a6fd1573606,99107579bc3c2c3b0d7a8a6fd1573606,289b86e022503400954757520a9b28a7,True,sat,False,False,False,,"{""0"": ""free"", ""1"": ""free"", ""10"": ""free"", ""11"": ""free"", ""12"": ""free"", ""13"": ""free"", ""14"": ""free"", ""15"": ""free"", ""2"": ""free"", ""3"": ""free"", ""4"": ""free"", ""5"": ""free"", ""6"": ""free"", ""7"": ""free"", ""8"": ""free"", ""9"": ""free""}","{""0"": ""free"", ""1"": ""free"", ""2"": ""free"", ""3"": ""free""}",[],"[0, 1, 2, 3, 4, 5, 6, 7, 8, 9, 10, 11, 12, 13, 14, 15]",[],False,ambiguity,False,uf_axiom,
SR_68__MC_54,SR_68,MC_54,SR-MC,0,0,0,0,0,0,0,0,0,0,1,0,early_late_mixed,gap_uncovered_structural_cell,SR_68__MC_54,0,32,2,differential,1,"[{""classification"": ""ambiguity"", ""elapsed"": 78.00051736272871, ""first_result"": ""sat"", ""first_timeout_ms"": 60000, ""query_count"": 32, ""second_result"": ""sat"", ""second_timeout_ms"": 300000, ""z3_reason_unknown"": """"}]",sat,sat,0.0028966739773750305,77.4545684941113,edf43a9a19e4a3f3bf1eec668bd00cf6,edf43a9a19e4a3f3bf1eec668bd00cf6,8a30348000edcc82bb0d2b3e580af7d3,True,sat,False,False,False,,"{""0"": ""free"", ""1"": ""free"", ""10"": ""free"", ""11"": ""free"", ""12"": ""free"", ""13"": ""free"", ""14"": ""free"", ""15"": ""free"", ""2"": ""free"", ""3"": ""free"", ""4"": ""free"", ""5"": ""free"", ""6"": ""free"", ""7"": ""free"", ""8"": ""free"", ""9"": ""free""}","{""0"": ""free"", ""1"": ""free"", ""2"": ""free"", ""3"": ""free""}",[],"[0, 1, 2, 3, 4, 5, 6, 7, 8, 9, 10, 11, 12, 13, 14, 15]",[],False,ambiguity,False,uf_axiom,
SR_24__MC_40,SR_24,MC_40,SR-MC,0,0,0,0,1,0,0,0,0,0,1,0,early_late_mixed,gap_uncovered_structural_cell,SR_24__MC_40,2,32,2,differential,1,"[{""classification"": ""ambiguity"", ""elapsed"": 80.51965565979481, ""first_result"": ""sat"", ""first_timeout_ms"": 60000, ""query_count"": 32, ""second_result"": ""sat"", ""second_timeout_ms"": 300000, ""z3_reason_unknown"": """"}]",sat,sat,0.001958278939127922,80.13943440467119,a66f651322597191ab9f8f8af4c2db61,a66f651322597191ab9f8f8af4c2db61,1a01f8674d1526103840721f5573b708,True,sat,False,False,False,,"{""0"": ""free"", ""1"": ""free"", ""10"": ""free"", ""11"": ""free"", ""12"": ""free"", ""13"": ""free"", ""14"": ""free"", ""15"": ""free"", ""2"": ""free"", ""3"": ""free"", ""4"": ""free"", ""5"": ""free"", ""6"": ""free"", ""7"": ""free"", ""8"": ""free"", ""9"": ""free""}","{""0"": ""free"", ""1"": ""free"", ""2"": ""free"", ""3"": ""free""}",[],"[0, 1, 2, 3, 4, 5, 6, 7, 8, 9, 10, 11, 12, 13, 14, 15]",[],False,ambiguity,False,uf_axiom,
SR_20__MC_22,SR_20,MC_22,SR-MC,0,1,1,1,0,0,0,0,0,0,0,0,early_late_mixed,gap_uncovered_structural_cell,SR_20__MC_22,0,32,2,differential,1,"[{""classification"": ""ambiguity"", ""elapsed"": 88.38576864264905, ""first_result"": ""sat"", ""first_timeout_ms"": 60000, ""query_count"": 32, ""second_result"": ""sat"", ""second_timeout_ms"": 300000, ""z3_reason_unknown"": """"}]",sat,sat,0.0025246813893318176,87.83949387446046,edf43a9a19e4a3f3bf1eec668bd00cf6,edf43a9a19e4a3f3bf1eec668bd00cf6,515ad78043a46ef624502a0048cb9bd0,True,sat,False,False,False,,"{""0"": ""free"", ""1"": ""free"", ""10"": ""free"", ""11"": ""free"", ""12"": ""free"", ""13"": ""free"", ""14"": ""free"", ""15"": ""free"", ""2"": ""free"", ""3"": ""free"", ""4"": ""free"", ""5"": ""free"", ""6"": ""free"", ""7"": ""free"", ""8"": ""free"", ""9"": ""free""}","{""0"": ""free"", ""1"": ""free"", ""2"": ""free"", ""3"": ""free""}",[],"[0, 1, 2, 3, 4, 5, 6, 7, 8, 9, 10, 11, 12, 13, 14, 15]",[],False,ambiguity,False,uf_axiom,
SR_24__MC_40,SR_24,MC_40,SR-MC,0,0,0,0,1,0,0,0,0,0,1,0,early_late_mixed,gap_uncovered_structural_cell,SR_24__MC_40,1,32,2,differential,1,"[{""classification"": ""ambiguity"", ""elapsed"": 96.5093424860388, ""first_result"": ""sat"", ""first_timeout_ms"": 60000, ""query_count"": 32, ""second_result"": ""sat"", ""second_timeout_ms"": 300000, ""z3_reason_unknown"": """"}]",sat,sat,0.0018708575516939163,95.98269751295447,99107579bc3c2c3b0d7a8a6fd1573606,99107579bc3c2c3b0d7a8a6fd1573606,9fa6a680c7c54f2da42007d2f01ad44f,True,sat,False,False,False,,"{""0"": ""free"", ""1"": ""free"", ""10"": ""free"", ""11"": ""free"", ""12"": ""free"", ""13"": ""free"", ""14"": ""free"", ""15"": ""free"", ""2"": ""free"", ""3"": ""free"", ""4"": ""free"", ""5"": ""free"", ""6"": ""free"", ""7"": ""free"", ""8"": ""free"", ""9"": ""free""}","{""0"": ""free"", ""1"": ""free"", ""2"": ""free"", ""3"": ""free""}",[],"[0, 1, 2, 3, 4, 5, 6, 7, 8, 9, 10, 11, 12, 13, 14, 15]",[],False,ambiguity,False,uf_axiom,
SR_20__MC_22,SR_20,MC_22,SR-MC,0,1,1,1,0,0,0,0,0,0,0,0,early_late_mixed,gap_uncovered_structural_cell,SR_20__MC_22,2,32,2,differential,1,"[{""classification"": ""ambiguity"", ""elapsed"": 103.7253824416548, ""first_result"": ""sat"", ""first_timeout_ms"": 60000, ""query_count"": 32, ""second_result"": ""sat"", ""second_timeout_ms"": 300000, ""z3_reason_unknown"": """"}]",sat,sat,0.002571750432252884,103.19176849536598,a66f651322597191ab9f8f8af4c2db61,a66f651322597191ab9f8f8af4c2db61,12084e82e1c720222f9c54165d6d51e3,True,sat,False,False,False,,"{""0"": ""free"", ""1"": ""free"", ""10"": ""free"", ""11"": ""free"", ""12"": ""free"", ""13"": ""free"", ""14"": ""free"", ""15"": ""free"", ""2"": ""free"", ""3"": ""free"", ""4"": ""free"", ""5"": ""free"", ""6"": ""free"", ""7"": ""free"", ""8"": ""free"", ""9"": ""free""}","{""0"": ""free"", ""1"": ""free"", ""2"": ""free"", ""3"": ""free""}",[],"[0, 1, 2, 3, 4, 5, 6, 7, 8, 9, 10, 11, 12, 13, 14, 15]",[],False,ambiguity,False,uf_axiom,
SR_79__MC_72,SR_79,MC_72,SR-MC,0,1,1,1,0,1,0,0,0,0,0,0,early_late_mixed,gap_uncovered_structural_cell,SR_79__MC_72,1,32,2,differential,1,"[{""classification"": ""ambiguity"", ""elapsed"": 6.353733656927943, ""first_result"": ""sat"", ""first_timeout_ms"": 60000, ""query_count"": 32, ""second_result"": ""sat"", ""second_timeout_ms"": 300000, ""z3_reason_unknown"": """"}]",sat,sat,0.002529287710785866,5.816302740946412,99107579bc3c2c3b0d7a8a6fd1573606,99107579bc3c2c3b0d7a8a6fd1573606,1b2981a30030d1b91e0a00cee1c17003,True,sat,False,False,False,,"{""0"": ""free"", ""1"": ""free"", ""10"": ""free"", ""11"": ""free"", ""12"": ""free"", ""13"": ""free"", ""14"": ""free"", ""15"": ""free"", ""2"": ""free"", ""3"": ""free"", ""4"": ""free"", ""5"": ""free"", ""6"": ""free"", ""7"": ""free"", ""8"": ""free"", ""9"": ""free""}","{""0"": ""free"", ""1"": ""free"", ""2"": ""free"", ""3"": ""free""}",[],"[0, 1, 2, 3, 4, 5, 6, 7, 8, 9, 10, 11, 12, 13, 14, 15]",[],False,ambiguity,False,uf_axiom,
SR_79__MC_72,SR_79,MC_72,SR-MC,0,1,1,1,0,1,0,0,0,0,0,0,early_late_mixed,gap_uncovered_structural_cell,SR_79__MC_72,2,32,2,differential,1,"[{""classification"": ""ambiguity"", ""elapsed"": 10.522224748507142, ""first_result"": ""sat"", ""first_timeout_ms"": 60000, ""query_count"": 32, ""second_result"": ""sat"", ""second_timeout_ms"": 300000, ""z3_reason_unknown"": """"}]",sat,sat,0.002511851489543915,9.971644854173064,a66f651322597191ab9f8f8af4c2db61,a66f651322597191ab9f8f8af4c2db61,c27d1728005bfda54ae4fa5314749e48,True,sat,False,False,False,,"{""0"": ""free"", ""1"": ""free"", ""10"": ""free"", ""11"": ""free"", ""12"": ""free"", ""13"": ""free"", ""14"": ""free"", ""15"": ""free"", ""2"": ""free"", ""3"": ""free"", ""4"": ""free"", ""5"": ""free"", ""6"": ""free"", ""7"": ""free"", ""8"": ""free"", ""9"": ""free""}","{""0"": ""free"", ""1"": ""free"", ""2"": ""free"", ""3"": ""free""}",[],"[0, 1, 2, 3, 4, 5, 6, 7, 8, 9, 10, 11, 12, 13, 14, 15]",[],False,ambiguity,False,uf_axiom,
SR_15__MC_23,SR_15,MC_23,SR-MC,0,0,0,1,1,0,1,0,0,0,0,0,early_late_mixed,gap_uncovered_structural_cell,SR_15__MC_23,1,32,2,differential,1,"[{""classification"": ""ambiguity"", ""elapsed"": 12.240207290276885, ""first_result"": ""sat"", ""first_timeout_ms"": 60000, ""query_count"": 32, ""second_result"": ""sat"", ""second_timeout_ms"": 300000, ""z3_reason_unknown"": """"}]",sat,sat,0.002465793862938881,11.709476295858622,99107579bc3c2c3b0d7a8a6fd1573606,99107579bc3c2c3b0d7a8a6fd1573606,c72129bc2dae56c45764054eae96608d,True,sat,False,False,False,,"{""0"": ""free"", ""1"": ""free"", ""10"": ""free"", ""11"": ""free"", ""12"": ""free"", ""13"": ""free"", ""14"": ""free"", ""15"": ""free"", ""2"": ""free"", ""3"": ""free"", ""4"": ""free"", ""5"": ""free"", ""6"": ""free"", ""7"": ""free"", ""8"": ""free"", ""9"": ""free""}","{""0"": ""free"", ""1"": ""free"", ""2"": ""free"", ""3"": ""free""}",[],"[0, 1, 2, 3, 4, 5, 6, 7, 8, 9, 10, 11, 12, 13, 14, 15]",[],False,ambiguity,False,uf_axiom,
SR_15__MC_23,SR_15,MC_23,SR-MC,0,0,0,1,1,0,1,0,0,0,0,0,early_late_mixed,gap_uncovered_structural_cell,SR_15__MC_23,0,32,2,differential,1,"[{""classification"": ""ambiguity"", ""elapsed"": 17.693233337253332, ""first_result"": ""sat"", ""first_timeout_ms"": 60000, ""query_count"": 32, ""second_result"": ""sat"", ""second_timeout_ms"": 300000, ""z3_reason_unknown"": """"}]",sat,sat,0.0023379623889923096,17.149285104125738,edf43a9a19e4a3f3bf1eec668bd00cf6,edf43a9a19e4a3f3bf1eec668bd00cf6,34e02da12ed5e4059d93004852873601,True,sat,False,False,False,,"{""0"": ""free"", ""1"": ""free"", ""10"": ""free"", ""11"": ""free"", ""12"": ""free"", ""13"": ""free"", ""14"": ""free"", ""15"": ""free"", ""2"": ""free"", ""3"": ""free"", ""4"": ""free"", ""5"": ""free"", ""6"": ""free"", ""7"": ""free"", ""8"": ""free"", ""9"": ""free""}","{""0"": ""free"", ""1"": ""free"", ""2"": ""free"", ""3"": ""free""}",[],"[0, 1, 2, 3, 4, 5, 6, 7, 8, 9, 10, 11, 12, 13, 14, 15]",[],False,ambiguity,False,uf_axiom,
SR_15__MC_23,SR_15,MC_23,SR-MC,0,0,0,1,1,0,1,0,0,0,0,0,early_late_mixed,gap_uncovered_structural_cell,SR_15__MC_23,2,32,2,differential,1,"[{""classification"": ""ambiguity"", ""elapsed"": 21.908975893631577, ""first_result"": ""sat"", ""first_timeout_ms"": 60000, ""query_count"": 32, ""second_result"": ""sat"", ""second_timeout_ms"": 300000, ""z3_reason_unknown"": """"}]",sat,sat,0.0034327562898397446,21.4315427839756,a66f651322597191ab9f8f8af4c2db61,a66f651322597191ab9f8f8af4c2db61,b7be9b6c6ab980b6603a3292b4005384,True,sat,False,False,False,,"{""0"": ""free"", ""1"": ""free"", ""10"": ""free"", ""11"": ""free"", ""12"": ""free"", ""13"": ""free"", ""14"": ""free"", ""15"": ""free"", ""2"": ""free"", ""3"": ""free"", ""4"": ""free"", ""5"": ""free"", ""6"": ""free"", ""7"": ""free"", ""8"": ""free"", ""9"": ""free""}","{""0"": ""free"", ""1"": ""free"", ""2"": ""free"", ""3"": ""free""}",[],"[0, 1, 2, 3, 4, 5, 6, 7, 8, 9, 10, 11, 12, 13, 14, 15]",[],False,ambiguity,False,uf_axiom,
SR_118__MC_62,SR_118,MC_62,SR-MC,0,0,0,0,1,0,0,0,0,0,1,0,early_late_mixed,gap_uncovered_structural_cell,SR_118__MC_62,0,32,2,differential,1,"[{""classification"": ""ambiguity"", ""elapsed"": 27.511509025469422, ""first_result"": ""sat"", ""first_timeout_ms"": 60000, ""query_count"": 32, ""second_result"": ""sat"", ""second_timeout_ms"": 300000, ""z3_reason_unknown"": """"}]",sat,sat,0.002962252125144005,26.94779564999044,edf43a9a19e4a3f3bf1eec668bd00cf6,edf43a9a19e4a3f3bf1eec668bd00cf6,0750300838c1a0095d006e5877d352a7,True,sat,False,False,False,,"{""0"": ""free"", ""1"": ""free"", ""10"": ""free"", ""11"": ""free"", ""12"": ""free"", ""13"": ""free"", ""14"": ""free"", ""15"": ""free"", ""2"": ""free"", ""3"": ""free"", ""4"": ""free"", ""5"": ""free"", ""6"": ""free"", ""7"": ""free"", ""8"": ""free"", ""9"": ""free""}","{""0"": ""free"", ""1"": ""free"", ""2"": ""free"", ""3"": ""free""}",[],"[0, 1, 2, 3, 4, 5, 6, 7, 8, 9, 10, 11, 12, 13, 14, 15]",[],False,ambiguity,False,uf_axiom,
SB_57__ARK_66,SB_57,ARK_66,SB-ARK,0,0,0,0,0,0,0,0,0,0,1,0,early_late_mixed,gap_uncovered_structural_cell,SB_57__ARK_66,1,32,2,differential,1,"[{""classification"": ""ambiguity"", ""elapsed"": 29.4705572668463, ""first_result"": ""sat"", ""first_timeout_ms"": 60000, ""query_count"": 32, ""second_result"": ""sat"", ""second_timeout_ms"": 300000, ""z3_reason_unknown"": """"}]",sat,sat,0.0014564208686351776,29.029410917311907,99107579bc3c2c3b0d7a8a6fd1573606,99107579bc3c2c3b0d7a8a6fd1573606,7e00e83a01f0860001df9414be6ade40,True,sat,False,False,False,,"{""0"": ""free"", ""1"": ""free"", ""10"": ""free"", ""11"": ""free"", ""12"": ""free"", ""13"": ""free"", ""14"": ""free"", ""15"": ""free"", ""2"": ""free"", ""3"": ""free"", ""4"": ""free"", ""5"": ""free"", ""6"": ""free"", ""7"": ""free"", ""8"": ""free"", ""9"": ""free""}","{""0"": ""free"", ""1"": ""free"", ""2"": ""free"", ""3"": ""free""}",[],"[0, 1, 2, 3, 4, 5, 6, 7, 8, 9, 10, 11, 12, 13, 14, 15]",[],False,ambiguity,False,uf_axiom,
SB_57__ARK_66,SB_57,ARK_66,SB-ARK,0,0,0,0,0,0,0,0,0,0,1,0,early_late_mixed,gap_uncovered_structural_cell,SB_57__ARK_66,2,32,2,differential,1,"[{""classification"": ""ambiguity"", ""elapsed"": 30.22069172002375, ""first_result"": ""sat"", ""first_timeout_ms"": 60000, ""query_count"": 32, ""second_result"": ""sat"", ""second_timeout_ms"": 300000, ""z3_reason_unknown"": """"}]",sat,sat,0.0024816468358039856,9.1530209351331,a66f651322597191ab9f8f8af4c2db61,a66f651322597191ab9f8f8af4c2db61,001070f1041ac891004f043033108d52,True,sat,False,False,False,,"{""0"": ""free"", ""1"": ""free"", ""10"": ""free"", ""11"": ""free"", ""12"": ""free"", ""13"": ""free"", ""14"": ""free"", ""15"": ""free"", ""2"": ""free"", ""3"": ""free"", ""4"": ""free"", ""5"": ""free"", ""6"": ""free"", ""7"": ""free"", ""8"": ""free"", ""9"": ""free""}","{""0"": ""free"", ""1"": ""free"", ""2"": ""free"", ""3"": ""free""}",[],"[0, 1, 2, 3, 4, 5, 6, 7, 8, 9, 10, 11, 12, 13, 14, 15]",[],False,ambiguity,False,uf_axiom,
SB_49__ARK_65,SB_49,ARK_65,SB-ARK,0,0,0,0,1,0,0,0,0,0,1,0,early_late_mixed,gap_uncovered_structural_cell,SB_49__ARK_65,1,32,2,differential,1,"[{""classification"": ""ambiguity"", ""elapsed"": 38.08271867595613, ""first_result"": ""sat"", ""first_timeout_ms"": 60000, ""query_count"": 32, ""second_result"": ""sat"", ""second_timeout_ms"": 300000, ""z3_reason_unknown"": """"}]",sat,sat,0.0028862357139587402,37.567155599594116,99107579bc3c2c3b0d7a8a6fd1573606,99107579bc3c2c3b0d7a8a6fd1573606,00881220529211000067219329492fa9,True,sat,False,False,False,,"{""0"": ""free"", ""1"": ""free"", ""10"": ""free"", ""11"": ""free"", ""12"": ""free"", ""13"": ""free"", ""14"": ""free"", ""15"": ""free"", ""2"": ""free"", ""3"": ""free"", ""4"": ""free"", ""5"": ""free"", ""6"": ""free"", ""7"": ""free"", ""8"": ""free"", ""9"": ""free""}","{""0"": ""free"", ""1"": ""free"", ""2"": ""free"", ""3"": ""free""}",[],"[0, 1, 2, 3, 4, 5, 6, 7, 8, 9, 10, 11, 12, 13, 14, 15]",[],False,ambiguity,False,uf_axiom,
SR_79__MC_72,SR_79,MC_72,SR-MC,0,1,1,1,0,1,0,0,0,0,0,0,early_late_mixed,gap_uncovered_structural_cell,SR_79__MC_72,0,32,2,differential,1,"[{""classification"": ""ambiguity"", ""elapsed"": 38.44437196664512, ""first_result"": ""sat"", ""first_timeout_ms"": 60000, ""query_count"": 32, ""second_result"": ""sat"", ""second_timeout_ms"": 300000, ""z3_reason_unknown"": """"}]",sat,sat,0.002609340474009514,37.99297069385648,edf43a9a19e4a3f3bf1eec668bd00cf6,edf43a9a19e4a3f3bf1eec668bd00cf6,007678e11fae5159010074529005bb04,True,sat,False,False,False,,"{""0"": ""free"", ""1"": ""free"", ""10"": ""free"", ""11"": ""free"", ""12"": ""free"", ""13"": ""free"", ""14"": ""free"", ""15"": ""free"", ""2"": ""free"", ""3"": ""free"", ""4"": ""free"", ""5"": ""free"", ""6"": ""free"", ""7"": ""free"", ""8"": ""free"", ""9"": ""free""}","{""0"": ""free"", ""1"": ""free"", ""2"": ""free"", ""3"": ""free""}",[],"[0, 1, 2, 3, 4, 5, 6, 7, 8, 9, 10, 11, 12, 13, 14, 15]",[],False,ambiguity,False,uf_axiom,
SB_93__ARK_68,SB_93,ARK_68,SB-ARK,0,0,0,1,0,0,0,0,0,0,0,0,early_late_mixed,gap_uncovered_structural_cell,SB_93__ARK_68,1,32,2,differential,1,"[{""classification"": ""ambiguity"", ""elapsed"": 40.44888993166387, ""first_result"": ""sat"", ""first_timeout_ms"": 60000, ""query_count"": 32, ""second_result"": ""sat"", ""second_timeout_ms"": 300000, ""z3_reason_unknown"": """"}]",sat,sat,0.0017875656485557556,39.913310542702675,99107579bc3c2c3b0d7a8a6fd1573606,99107579bc3c2c3b0d7a8a6fd1573606,420c32dd3a40bedc474e54815fc43008,True,sat,False,False,False,,"{""0"": ""free"", ""1"": ""free"", ""10"": ""free"", ""11"": ""free"", ""12"": ""free"", ""13"": ""free"", ""14"": ""free"", ""15"": ""free"", ""2"": ""free"", ""3"": ""free"", ""4"": ""free"", ""5"": ""free"", ""6"": ""free"", ""7"": ""free"", ""8"": ""free"", ""9"": ""free""}","{""0"": ""free"", ""1"": ""free"", ""2"": ""free"", ""3"": ""free""}",[],"[0, 1, 2, 3, 4, 5, 6, 7, 8, 9, 10, 11, 12, 13, 14, 15]",[],False,ambiguity,False,uf_axiom,
SR_26__MC_101,SR_26,MC_101,SR-MC,0,0,0,0,0,0,0,0,0,1,0,0,early_late_mixed,gap_uncovered_structural_cell,SR_26__MC_101,2,32,2,differential,1,"[{""classification"": ""ambiguity"", ""elapsed"": 45.89438674412668, ""first_result"": ""sat"", ""first_timeout_ms"": 60000, ""query_count"": 32, ""second_result"": ""sat"", ""second_timeout_ms"": 300000, ""z3_reason_unknown"": """"}]",sat,sat,0.003130067139863968,45.363550862297416,a66f651322597191ab9f8f8af4c2db61,a66f651322597191ab9f8f8af4c2db61,008a1f840d5d080088be40437e2fc264,True,sat,False,False,False,,"{""0"": ""free"", ""1"": ""free"", ""10"": ""free"", ""11"": ""free"", ""12"": ""free"", ""13"": ""free"", ""14"": ""free"", ""15"": ""free"", ""2"": ""free"", ""3"": ""free"", ""4"": ""free"", ""5"": ""free"", ""6"": ""free"", ""7"": ""free"", ""8"": ""free"", ""9"": ""free""}","{""0"": ""free"", ""1"": ""free"", ""2"": ""free"", ""3"": ""free""}",[],"[0, 1, 2, 3, 4, 5, 6, 7, 8, 9, 10, 11, 12, 13, 14, 15]",[],False,ambiguity,False,uf_axiom,
SR_4__MC_22,SR_4,MC_22,SR-MC,0,0,0,1,0,0,0,1,0,0,0,0,early_late_mixed,gap_uncovered_structural_cell,SR_4__MC_22,0,32,2,differential,1,"[{""classification"": ""ambiguity"", ""elapsed"": 45.94651080109179, ""first_result"": ""sat"", ""first_timeout_ms"": 60000, ""query_count"": 32, ""second_result"": ""sat"", ""second_timeout_ms"": 300000, ""z3_reason_unknown"": """"}]",sat,sat,0.0028543174266815186,45.53259770385921,edf43a9a19e4a3f3bf1eec668bd00cf6,edf43a9a19e4a3f3bf1eec668bd00cf6,4428c5405fa089ee6ec63c573e3d22b3,True,sat,False,False,False,,"{""0"": ""free"", ""1"": ""free"", ""10"": ""free"", ""11"": ""free"", ""12"": ""free"", ""13"": ""free"", ""14"": ""free"", ""15"": ""free"", ""2"": ""free"", ""3"": ""free"", ""4"": ""free"", ""5"": ""free"", ""6"": ""free"", ""7"": ""free"", ""8"": ""free"", ""9"": ""free""}","{""0"": ""free"", ""1"": ""free"", ""2"": ""free"", ""3"": ""free""}",[],"[0, 1, 2, 3, 4, 5, 6, 7, 8, 9, 10, 11, 12, 13, 14, 15]",[],False,ambiguity,False,uf_axiom,
SB_28__ARK_38,SB_28,ARK_38,SB-ARK,0,0,0,0,0,0,0,0,0,0,1,0,early_late_mixed,gap_uncovered_structural_cell,SB_28__ARK_38,1,32,2,differential,1,"[{""classification"": ""ambiguity"", ""elapsed"": 46.984520841389894, ""first_result"": ""sat"", ""first_timeout_ms"": 60000, ""query_count"": 32, ""second_result"": ""sat"", ""second_timeout_ms"": 300000, ""z3_reason_unknown"": """"}]",sat,sat,0.002797439694404602,46.490574318915606,99107579bc3c2c3b0d7a8a6fd1573606,99107579bc3c2c3b0d7a8a6fd1573606,75e06ebda9cf00acf33a108f6f65901d,True,sat,False,False,False,,"{""0"": ""free"", ""1"": ""free"", ""10"": ""free"", ""11"": ""free"", ""12"": ""free"", ""13"": ""free"", ""14"": ""free"", ""15"": ""free"", ""2"": ""free"", ""3"": ""free"", ""4"": ""free"", ""5"": ""free"", ""6"": ""free"", ""7"": ""free"", ""8"": ""free"", ""9"": ""free""}","{""0"": ""free"", ""1"": ""free"", ""2"": ""free"", ""3"": ""free""}",[],"[0, 1, 2, 3, 4, 5, 6, 7, 8, 9, 10, 11, 12, 13, 14, 15]",[],False,ambiguity,False,uf_axiom,
SR_4__MC_22,SR_4,MC_22,SR-MC,0,0,0,1,0,0,0,1,0,0,0,0,early_late_mixed,gap_uncovered_structural_cell,SR_4__MC_22,2,32,2,differential,1,"[{""classification"": ""ambiguity"", ""elapsed"": 47.996694300323725, ""first_result"": ""sat"", ""first_timeout_ms"": 60000, ""query_count"": 32, ""second_result"": ""sat"", ""second_timeout_ms"": 300000, ""z3_reason_unknown"": """"}]",sat,sat,0.002716830000281334,17.453438263386488,a66f651322597191ab9f8f8af4c2db61,a66f651322597191ab9f8f8af4c2db61,a69167909b4c9405880126a33f899d19,True,sat,False,False,False,,"{""0"": ""unknown"", ""1"": ""free"", ""10"": ""free"", ""11"": ""free"", ""12"": ""free"", ""13"": ""free"", ""14"": ""free"", ""15"": ""free"", ""2"": ""free"", ""3"": ""free"", ""4"": ""free"", ""5"": ""free"", ""6"": ""free"", ""7"": ""free"", ""8"": ""free"", ""9"": ""free""}","{""0"": ""free"", ""1"": ""free"", ""2"": ""free"", ""3"": ""free""}",[],"[1, 2, 3, 4, 5, 6, 7, 8, 9, 10, 11, 12, 13, 14, 15]",[0],False,ambiguity,False,uf_axiom,
SB_28__ARK_38,SB_28,ARK_38,SB-ARK,0,0,0,0,0,0,0,0,0,0,1,0,early_late_mixed,gap_uncovered_structural_cell,SB_28__ARK_38,0,32,2,differential,1,"[{""classification"": ""ambiguity"", ""elapsed"": 51.99829690530896, ""first_result"": ""sat"", ""first_timeout_ms"": 60000, ""query_count"": 32, ""second_result"": ""sat"", ""second_timeout_ms"": 300000, ""z3_reason_unknown"": """"}]",sat,sat,0.0025532152503728867,51.49292298220098,edf43a9a19e4a3f3bf1eec668bd00cf6,edf43a9a19e4a3f3bf1eec668bd00cf6,0c08460c908c26fa448154904f4c2910,True,sat,False,False,False,,"{""0"": ""free"", ""1"": ""free"", ""10"": ""free"", ""11"": ""free"", ""12"": ""free"", ""13"": ""free"", ""14"": ""free"", ""15"": ""free"", ""2"": ""free"", ""3"": ""free"", ""4"": ""free"", ""5"": ""free"", ""6"": ""free"", ""7"": ""free"", ""8"": ""free"", ""9"": ""free""}","{""0"": ""free"", ""1"": ""free"", ""2"": ""free"", ""3"": ""free""}",[],"[0, 1, 2, 3, 4, 5, 6, 7, 8, 9, 10, 11, 12, 13, 14, 15]",[],False,ambiguity,False,uf_axiom,
SB_28__ARK_38,SB_28,ARK_38,SB-ARK,0,0,0,0,0,0,0,0,0,0,1,0,early_late_mixed,gap_uncovered_structural_cell,SB_28__ARK_38,2,32,2,differential,1,"[{""classification"": ""ambiguity"", ""elapsed"": 55.49445014446974, ""first_result"": ""sat"", ""first_timeout_ms"": 60000, ""query_count"": 32, ""second_result"": ""sat"", ""second_timeout_ms"": 300000, ""z3_reason_unknown"": """"}]",sat,sat,0.002618890255689621,54.94916006550193,a66f651322597191ab9f8f8af4c2db61,a66f651322597191ab9f8f8af4c2db61,7c00624a97dc30354e102add74f7ca32,True,sat,False,False,False,,"{""0"": ""free"", ""1"": ""free"", ""10"": ""free"", ""11"": ""free"", ""12"": ""free"", ""13"": ""free"", ""14"": ""free"", ""15"": ""free"", ""2"": ""free"", ""3"": ""free"", ""4"": ""free"", ""5"": ""free"", ""6"": ""free"", ""7"": ""free"", ""8"": ""free"", ""9"": ""free""}","{""0"": ""free"", ""1"": ""free"", ""2"": ""free"", ""3"": ""free""}",[],"[0, 1, 2, 3, 4, 5, 6, 7, 8, 9, 10, 11, 12, 13, 14, 15]",[],False,ambiguity,False,uf_axiom,
SB_49__ARK_65,SB_49,ARK_65,SB-ARK,0,0,0,0,1,0,0,0,0,0,1,0,early_late_mixed,gap_uncovered_structural_cell,SB_49__ARK_65,2,32,2,differential,1,"[{""classification"": ""ambiguity"", ""elapsed"": 55.94965353049338, ""first_result"": ""sat"", ""first_timeout_ms"": 60000, ""query_count"": 32, ""second_result"": ""sat"", ""second_timeout_ms"": 300000, ""z3_reason_unknown"": """"}]",sat,sat,0.0028960462659597397,25.39002788066864,a66f651322597191ab9f8f8af4c2db61,a66f651322597191ab9f8f8af4c2db61,2e496a3300595191a20000354c721191,True,sat,False,False,False,,"{""0"": ""free"", ""1"": ""free"", ""10"": ""free"", ""11"": ""free"", ""12"": ""free"", ""13"": ""free"", ""14"": ""free"", ""15"": ""free"", ""2"": ""free"", ""3"": ""free"", ""4"": ""free"", ""5"": ""free"", ""6"": ""free"", ""7"": ""unknown"", ""8"": ""free"", ""9"": ""free""}","{""0"": ""free"", ""1"": ""free"", ""2"": ""free"", ""3"": ""free""}",[],"[0, 1, 2, 3, 4, 5, 6, 8, 9, 10, 11, 12, 13, 14, 15]",[7],False,ambiguity,False,uf_axiom,
SR_22__MC_102,SR_22,MC_102,SR-MC,0,0,0,0,1,0,0,0,0,0,1,0,early_late_mixed,gap_uncovered_structural_cell,SR_22__MC_102,1,32,2,differential,1,"[{""classification"": ""ambiguity"", ""elapsed"": 57.21274168789387, ""first_result"": ""sat"", ""first_timeout_ms"": 60000, ""query_count"": 32, ""second_result"": ""sat"", ""second_timeout_ms"": 300000, ""z3_reason_unknown"": """"}]",sat,sat,0.0030649788677692413,56.68244818225503,99107579bc3c2c3b0d7a8a6fd1573606,99107579bc3c2c3b0d7a8a6fd1573606,8124a13e225dd21401107f5237ee2354,True,sat,False,False,False,,"{""0"": ""free"", ""1"": ""free"", ""10"": ""free"", ""11"": ""free"", ""12"": ""free"", ""13"": ""free"", ""14"": ""free"", ""15"": ""free"", ""2"": ""free"", ""3"": ""free"", ""4"": ""free"", ""5"": ""free"", ""6"": ""free"", ""7"": ""free"", ""8"": ""free"", ""9"": ""free""}","{""0"": ""free"", ""1"": ""free"", ""2"": ""free"", ""3"": ""free""}",[],"[0, 1, 2, 3, 4, 5, 6, 7, 8, 9, 10, 11, 12, 13, 14, 15]",[],False,ambiguity,False,uf_axiom,
SR_118__MC_62,SR_118,MC_62,SR-MC,0,0,0,0,1,0,0,0,0,0,1,0,early_late_mixed,gap_uncovered_structural_cell,SR_118__MC_62,1,32,2,differential,1,"[{""classification"": ""ambiguity"", ""elapsed"": 58.56023691594601, ""first_result"": ""sat"", ""first_timeout_ms"": 60000, ""query_count"": 32, ""second_result"": ""sat"", ""second_timeout_ms"": 300000, ""z3_reason_unknown"": """"}]",sat,sat,0.0019951406866312027,57.99291523359716,99107579bc3c2c3b0d7a8a6fd1573606,99107579bc3c2c3b0d7a8a6fd1573606,398045d46641c034cc12cee62b19a697,True,sat,False,False,False,,"{""0"": ""free"", ""1"": ""free"", ""10"": ""free"", ""11"": ""free"", ""12"": ""free"", ""13"": ""free"", ""14"": ""free"", ""15"": ""free"", ""2"": ""free"", ""3"": ""free"", ""4"": ""free"", ""5"": ""free"", ""6"": ""free"", ""7"": ""free"", ""8"": ""free"", ""9"": ""free""}","{""0"": ""free"", ""1"": ""free"", ""2"": ""free"", ""3"": ""free""}",[],"[0, 1, 2, 3, 4, 5, 6, 7, 8, 9, 10, 11, 12, 13, 14, 15]",[],False,ambiguity,False,uf_axiom,
SR_118__MC_62,SR_118,MC_62,SR-MC,0,0,0,0,1,0,0,0,0,0,1,0,early_late_mixed,gap_uncovered_structural_cell,SR_118__MC_62,2,32,2,differential,1,"[{""classification"": ""ambiguity"", ""elapsed"": 59.178644604980946, ""first_result"": ""sat"", ""first_timeout_ms"": 60000, ""query_count"": 32, ""second_result"": ""sat"", ""second_timeout_ms"": 300000, ""z3_reason_unknown"": """"}]",sat,sat,0.0028186067938804626,58.763886565342546,a66f651322597191ab9f8f8af4c2db61,a66f651322597191ab9f8f8af4c2db61,3f440016ba005003146e9e9643885296,True,sat,False,False,False,,"{""0"": ""free"", ""1"": ""free"", ""10"": ""free"", ""11"": ""free"", ""12"": ""free"", ""13"": ""free"", ""14"": ""free"", ""15"": ""free"", ""2"": ""free"", ""3"": ""free"", ""4"": ""free"", ""5"": ""free"", ""6"": ""free"", ""7"": ""free"", ""8"": ""free"", ""9"": ""free""}","{""0"": ""free"", ""1"": ""free"", ""2"": ""free"", ""3"": ""free""}",[],"[0, 1, 2, 3, 4, 5, 6, 7, 8, 9, 10, 11, 12, 13, 14, 15]",[],False,ambiguity,False,uf_axiom,
SB_93__ARK_68,SB_93,ARK_68,SB-ARK,0,0,0,1,0,0,0,0,0,0,0,0,early_late_mixed,gap_uncovered_structural_cell,SB_93__ARK_68,2,32,2,differential,1,"[{""classification"": ""ambiguity"", ""elapsed"": 63.48808454349637, ""first_result"": ""sat"", ""first_timeout_ms"": 60000, ""query_count"": 32, ""second_result"": ""sat"", ""second_timeout_ms"": 300000, ""z3_reason_unknown"": """"}]",sat,sat,0.003029908984899521,62.97110408358276,a66f651322597191ab9f8f8af4c2db61,a66f651322597191ab9f8f8af4c2db61,32a5291a0352359091cc42609c102d00,True,sat,False,False,False,,"{""0"": ""free"", ""1"": ""free"", ""10"": ""free"", ""11"": ""free"", ""12"": ""free"", ""13"": ""free"", ""14"": ""free"", ""15"": ""free"", ""2"": ""free"", ""3"": ""free"", ""4"": ""free"", ""5"": ""free"", ""6"": ""free"", ""7"": ""free"", ""8"": ""free"", ""9"": ""free""}","{""0"": ""free"", ""1"": ""free"", ""2"": ""free"", ""3"": ""free""}",[],"[0, 1, 2, 3, 4, 5, 6, 7, 8, 9, 10, 11, 12, 13, 14, 15]",[],False,ambiguity,False,uf_axiom,
SR_26__MC_101,SR_26,MC_101,SR-MC,0,0,0,0,0,0,0,0,0,1,0,0,early_late_mixed,gap_uncovered_structural_cell,SR_26__MC_101,0,32,2,differential,1,"[{""classification"": ""ambiguity"", ""elapsed"": 66.46054087206721, ""first_result"": ""sat"", ""first_timeout_ms"": 60000, ""query_count"": 32, ""second_result"": ""sat"", ""second_timeout_ms"": 300000, ""z3_reason_unknown"": """"}]",sat,sat,0.0028285961598157883,65.92083410546184,edf43a9a19e4a3f3bf1eec668bd00cf6,edf43a9a19e4a3f3bf1eec668bd00cf6,bf28e5af73ead720001a2e40120391e6,True,sat,False,False,False,,"{""0"": ""free"", ""1"": ""free"", ""10"": ""free"", ""11"": ""free"", ""12"": ""free"", ""13"": ""free"", ""14"": ""free"", ""15"": ""free"", ""2"": ""free"", ""3"": ""free"", ""4"": ""free"", ""5"": ""free"", ""6"": ""free"", ""7"": ""free"", ""8"": ""free"", ""9"": ""free""}","{""0"": ""free"", ""1"": ""free"", ""2"": ""free"", ""3"": ""free""}",[],"[0, 1, 2, 3, 4, 5, 6, 7, 8, 9, 10, 11, 12, 13, 14, 15]",[],False,ambiguity,False,uf_axiom,
SR_4__MC_22,SR_4,MC_22,SR-MC,0,0,0,1,0,0,0,1,0,0,0,0,early_late_mixed,gap_uncovered_structural_cell,SR_4__MC_22,1,32,2,differential,1,"[{""classification"": ""ambiguity"", ""elapsed"": 67.743228610605, ""first_result"": ""sat"", ""first_timeout_ms"": 60000, ""query_count"": 32, ""second_result"": ""sat"", ""second_timeout_ms"": 300000, ""z3_reason_unknown"": """"}]",sat,sat,0.0028380826115608215,67.1394869685173,99107579bc3c2c3b0d7a8a6fd1573606,99107579bc3c2c3b0d7a8a6fd1573606,ead6005401c461d80e68721a215cf693,True,sat,False,False,False,,"{""0"": ""free"", ""1"": ""free"", ""10"": ""free"", ""11"": ""free"", ""12"": ""free"", ""13"": ""free"", ""14"": ""free"", ""15"": ""free"", ""2"": ""free"", ""3"": ""free"", ""4"": ""free"", ""5"": ""free"", ""6"": ""free"", ""7"": ""free"", ""8"": ""free"", ""9"": ""free""}","{""0"": ""free"", ""1"": ""free"", ""2"": ""free"", ""3"": ""free""}",[],"[0, 1, 2, 3, 4, 5, 6, 7, 8, 9, 10, 11, 12, 13, 14, 15]",[],False,ambiguity,False,uf_axiom,
SB_57__ARK_66,SB_57,ARK_66,SB-ARK,0,0,0,0,0,0,0,0,0,0,1,0,early_late_mixed,gap_uncovered_structural_cell,SB_57__ARK_66,0,32,2,differential,1,"[{""classification"": ""ambiguity"", ""elapsed"": 68.81874723359942, ""first_result"": ""sat"", ""first_timeout_ms"": 60000, ""query_count"": 32, ""second_result"": ""sat"", ""second_timeout_ms"": 300000, ""z3_reason_unknown"": """"}]",sat,sat,0.002707984298467636,39.859063036739826,edf43a9a19e4a3f3bf1eec668bd00cf6,edf43a9a19e4a3f3bf1eec668bd00cf6,1a02762c0034b240942b819d90d08b0e,True,sat,False,False,False,,"{""0"": ""free"", ""1"": ""free"", ""10"": ""free"", ""11"": ""free"", ""12"": ""free"", ""13"": ""free"", ""14"": ""free"", ""15"": ""free"", ""2"": ""free"", ""3"": ""free"", ""4"": ""free"", ""5"": ""free"", ""6"": ""free"", ""7"": ""free"", ""8"": ""free"", ""9"": ""free""}","{""0"": ""free"", ""1"": ""free"", ""2"": ""free"", ""3"": ""free""}",[],"[0, 1, 2, 3, 4, 5, 6, 7, 8, 9, 10, 11, 12, 13, 14, 15]",[],False,ambiguity,False,uf_axiom,
SB_49__ARK_65,SB_49,ARK_65,SB-ARK,0,0,0,0,1,0,0,0,0,0,1,0,early_late_mixed,gap_uncovered_structural_cell,SB_49__ARK_65,0,32,2,differential,1,"[{""classification"": ""ambiguity"", ""elapsed"": 82.19615324214101, ""first_result"": ""sat"", ""first_timeout_ms"": 60000, ""query_count"": 32, ""second_result"": ""sat"", ""second_timeout_ms"": 300000, ""z3_reason_unknown"": """"}]",sat,sat,0.002837972715497017,51.67883241921663,edf43a9a19e4a3f3bf1eec668bd00cf6,edf43a9a19e4a3f3bf1eec668bd00cf6,231030ab81348309b3bf8866fe0718f2,True,sat,False,False,False,,"{""0"": ""free"", ""1"": ""free"", ""10"": ""free"", ""11"": ""unknown"", ""12"": ""free"", ""13"": ""free"", ""14"": ""free"", ""15"": ""free"", ""2"": ""free"", ""3"": ""free"", ""4"": ""free"", ""5"": ""free"", ""6"": ""free"", ""7"": ""free"", ""8"": ""free"", ""9"": ""free""}","{""0"": ""free"", ""1"": ""free"", ""2"": ""free"", ""3"": ""free""}",[],"[0, 1, 2, 3, 4, 5, 6, 7, 8, 9, 10, 12, 13, 14, 15]",[11],False,ambiguity,False,uf_axiom,
SR_26__MC_101,SR_26,MC_101,SR-MC,0,0,0,0,0,0,0,0,0,1,0,0,early_late_mixed,gap_uncovered_structural_cell,SR_26__MC_101,1,32,2,differential,1,"[{""classification"": ""ambiguity"", ""elapsed"": 86.37754494510591, ""first_result"": ""sat"", ""first_timeout_ms"": 60000, ""query_count"": 32, ""second_result"": ""sat"", ""second_timeout_ms"": 300000, ""z3_reason_unknown"": """"}]",sat,sat,0.00284653902053833,55.896165542304516,99107579bc3c2c3b0d7a8a6fd1573606,99107579bc3c2c3b0d7a8a6fd1573606,e727c0137a155b40bf804909c5796406,True,sat,False,False,False,,"{""0"": ""free"", ""1"": ""free"", ""10"": ""free"", ""11"": ""free"", ""12"": ""free"", ""13"": ""free"", ""14"": ""free"", ""15"": ""unknown"", ""2"": ""free"", ""3"": ""free"", ""4"": ""free"", ""5"": ""free"", ""6"": ""free"", ""7"": ""free"", ""8"": ""free"", ""9"": ""free""}","{""0"": ""free"", ""1"": ""free"", ""2"": ""free"", ""3"": ""free""}",[],"[0, 1, 2, 3, 4, 5, 6, 7, 8, 9, 10, 11, 12, 13, 14]",[15],False,ambiguity,False,uf_axiom,
SB_93__ARK_68,SB_93,ARK_68,SB-ARK,0,0,0,1,0,0,0,0,0,0,0,0,early_late_mixed,gap_uncovered_structural_cell,SB_93__ARK_68,0,32,2,differential,1,"[{""classification"": ""ambiguity"", ""elapsed"": 109.03185973502696, ""first_result"": ""sat"", ""first_timeout_ms"": 60000, ""query_count"": 32, ""second_result"": ""sat"", ""second_timeout_ms"": 300000, ""z3_reason_unknown"": """"}]",sat,sat,0.0041465554386377335,81.72866286896169,edf43a9a19e4a3f3bf1eec668bd00cf6,edf43a9a19e4a3f3bf1eec668bd00cf6,47087f3f514a72abb4072c1c4ad05859,True,sat,False,False,False,,"{""0"": ""free"", ""1"": ""free"", ""10"": ""free"", ""11"": ""free"", ""12"": ""free"", ""13"": ""free"", ""14"": ""free"", ""15"": ""free"", ""2"": ""free"", ""3"": ""free"", ""4"": ""free"", ""5"": ""free"", ""6"": ""free"", ""7"": ""free"", ""8"": ""free"", ""9"": ""free""}","{""0"": ""free"", ""1"": ""free"", ""2"": ""free"", ""3"": ""free""}",[],"[0, 1, 2, 3, 4, 5, 6, 7, 8, 9, 10, 11, 12, 13, 14, 15]",[],False,ambiguity,False,uf_axiom,
SR_22__MC_102,SR_22,MC_102,SR-MC,0,0,0,0,1,0,0,0,0,0,1,0,early_late_mixed,gap_uncovered_structural_cell,SR_22__MC_102,0,32,2,differential,1,"[{""classification"": ""ambiguity"", ""elapsed"": 138.08705739676952, ""first_result"": ""sat"", ""first_timeout_ms"": 60000, ""query_count"": 32, ""second_result"": ""sat"", ""second_timeout_ms"": 300000, ""z3_reason_unknown"": """"}]",sat,sat,0.003052717074751854,137.58653699979186,edf43a9a19e4a3f3bf1eec668bd00cf6,edf43a9a19e4a3f3bf1eec668bd00cf6,e9731d3ac22d39e7ae19aced5665acd8,True,sat,False,False,False,,"{""0"": ""free"", ""1"": ""free"", ""10"": ""free"", ""11"": ""free"", ""12"": ""free"", ""13"": ""free"", ""14"": ""free"", ""15"": ""free"", ""2"": ""free"", ""3"": ""free"", ""4"": ""free"", ""5"": ""free"", ""6"": ""free"", ""7"": ""free"", ""8"": ""free"", ""9"": ""free""}","{""0"": ""free"", ""1"": ""free"", ""2"": ""free"", ""3"": ""free""}",[],"[0, 1, 2, 3, 4, 5, 6, 7, 8, 9, 10, 11, 12, 13, 14, 15]",[],False,ambiguity,False,uf_axiom,
SR_22__MC_102,SR_22,MC_102,SR-MC,0,0,0,0,1,0,0,0,0,0,1,0,early_late_mixed,gap_uncovered_structural_cell,SR_22__MC_102,2,32,2,differential,1,"[{""classification"": ""ambiguity"", ""elapsed"": 139.9764991272241, ""first_result"": ""sat"", ""first_timeout_ms"": 60000, ""query_count"": 32, ""second_result"": ""sat"", ""second_timeout_ms"": 300000, ""z3_reason_unknown"": """"}]",sat,sat,0.0028257928788661957,139.45174205861986,a66f651322597191ab9f8f8af4c2db61,a66f651322597191ab9f8f8af4c2db61,4697c98089974050ffef03e4471f4d9f,True,sat,False,False,False,,"{""0"": ""free"", ""1"": ""free"", ""10"": ""free"", ""11"": ""free"", ""12"": ""free"", ""13"": ""free"", ""14"": ""free"", ""15"": ""free"", ""2"": ""free"", ""3"": ""free"", ""4"": ""free"", ""5"": ""free"", ""6"": ""free"", ""7"": ""free"", ""8"": ""free"", ""9"": ""free""}","{""0"": ""free"", ""1"": ""free"", ""2"": ""free"", ""3"": ""free""}",[],"[0, 1, 2, 3, 4, 5, 6, 7, 8, 9, 10, 11, 12, 13, 14, 15]",[],False,ambiguity,False,uf_axiom,
SB_47__ARK_81,SB_47,ARK_81,SB-ARK,0,0,0,0,0,0,0,0,0,0,1,0,early_late_mixed,gap_uncovered_structural_cell,SB_47__ARK_81,0,32,2,differential,1,"[{""classification"": ""ambiguity"", ""elapsed"": 20.6870007365942, ""first_result"": ""sat"", ""first_timeout_ms"": 60000, ""query_count"": 32, ""second_result"": ""sat"", ""second_timeout_ms"": 300000, ""z3_reason_unknown"": """"}]",sat,sat,0.0031745340675115585,20.23785723745823,edf43a9a19e4a3f3bf1eec668bd00cf6,edf43a9a19e4a3f3bf1eec668bd00cf6,502b5f188205284a48a0c3983c1ac8ad,True,sat,False,False,False,,"{""0"": ""free"", ""1"": ""free"", ""10"": ""free"", ""11"": ""free"", ""12"": ""free"", ""13"": ""free"", ""14"": ""free"", ""15"": ""free"", ""2"": ""free"", ""3"": ""free"", ""4"": ""free"", ""5"": ""free"", ""6"": ""free"", ""7"": ""free"", ""8"": ""free"", ""9"": ""free""}","{""0"": ""free"", ""1"": ""free"", ""2"": ""free"", ""3"": ""free""}",[],"[0, 1, 2, 3, 4, 5, 6, 7, 8, 9, 10, 11, 12, 13, 14, 15]",[],False,ambiguity,False,uf_axiom,
SB_115__ARK_34,SB_115,ARK_34,SB-ARK,0,0,0,0,0,0,0,0,0,0,1,0,early_late_mixed,gap_uncovered_structural_cell,SB_115__ARK_34,2,32,2,differential,1,"[{""classification"": ""ambiguity"", ""elapsed"": 22.91989041492343, ""first_result"": ""sat"", ""first_timeout_ms"": 60000, ""query_count"": 32, ""second_result"": ""sat"", ""second_timeout_ms"": 300000, ""z3_reason_unknown"": """"}]",sat,sat,0.002682335674762726,22.367311377078295,a66f651322597191ab9f8f8af4c2db61,a66f651322597191ab9f8f8af4c2db61,09056db8020040e6b44f52f00e299430,True,sat,False,False,False,,"{""0"": ""free"", ""1"": ""free"", ""10"": ""free"", ""11"": ""free"", ""12"": ""free"", ""13"": ""free"", ""14"": ""free"", ""15"": ""free"", ""2"": ""free"", ""3"": ""free"", ""4"": ""free"", ""5"": ""free"", ""6"": ""free"", ""7"": ""free"", ""8"": ""free"", ""9"": ""free""}","{""0"": ""free"", ""1"": ""free"", ""2"": ""free"", ""3"": ""free""}",[],"[0, 1, 2, 3, 4, 5, 6, 7, 8, 9, 10, 11, 12, 13, 14, 15]",[],False,ambiguity,False,uf_axiom,
SB_47__ARK_81,SB_47,ARK_81,SB-ARK,0,0,0,0,0,0,0,0,0,0,1,0,early_late_mixed,gap_uncovered_structural_cell,SB_47__ARK_81,2,32,2,differential,1,"[{""classification"": ""ambiguity"", ""elapsed"": 23.013363054022193, ""first_result"": ""sat"", ""first_timeout_ms"": 60000, ""query_count"": 32, ""second_result"": ""sat"", ""second_timeout_ms"": 300000, ""z3_reason_unknown"": """"}]",sat,sat,0.0028912611305713654,22.50369236059487,a66f651322597191ab9f8f8af4c2db61,a66f651322597191ab9f8f8af4c2db61,6a6e7b166429ae8340493b519d0091ca,True,sat,False,False,False,,"{""0"": ""free"", ""1"": ""free"", ""10"": ""free"", ""11"": ""free"", ""12"": ""free"", ""13"": ""free"", ""14"": ""free"", ""15"": ""free"", ""2"": ""free"", ""3"": ""free"", ""4"": ""free"", ""5"": ""free"", ""6"": ""free"", ""7"": ""free"", ""8"": ""free"", ""9"": ""free""}","{""0"": ""free"", ""1"": ""free"", ""2"": ""free"", ""3"": ""free""}",[],"[0, 1, 2, 3, 4, 5, 6, 7, 8, 9, 10, 11, 12, 13, 14, 15]",[],False,ambiguity,False,uf_axiom,
SB_9__ARK_89,SB_9,ARK_89,SB-ARK,0,0,0,0,1,0,0,0,0,0,1,0,early_late_mixed,gap_uncovered_structural_cell,SB_9__ARK_89,1,32,2,differential,1,"[{""classification"": ""ambiguity"", ""elapsed"": 24.41568084806204, ""first_result"": ""sat"", ""first_timeout_ms"": 60000, ""query_count"": 32, ""second_result"": ""sat"", ""second_timeout_ms"": 300000, ""z3_reason_unknown"": """"}]",sat,sat,0.0017433315515518188,23.950436800718307,99107579bc3c2c3b0d7a8a6fd1573606,99107579bc3c2c3b0d7a8a6fd1573606,74402a2358e447c43509595aa2c46f48,True,sat,False,False,False,,"{""0"": ""free"", ""1"": ""free"", ""10"": ""free"", ""11"": ""free"", ""12"": ""free"", ""13"": ""free"", ""14"": ""free"", ""15"": ""free"", ""2"": ""free"", ""3"": ""free"", ""4"": ""free"", ""5"": ""free"", ""6"": ""free"", ""7"": ""free"", ""8"": ""free"", ""9"": ""free""}","{""0"": ""free"", ""1"": ""free"", ""2"": ""free"", ""3"": ""free""}",[],"[0, 1, 2, 3, 4, 5, 6, 7, 8, 9, 10, 11, 12, 13, 14, 15]",[],False,ambiguity,False,uf_axiom,
SB_100__ARK_108,SB_100,ARK_108,SB-ARK,0,0,0,1,1,0,1,0,0,0,0,0,early_late_mixed,gap_uncovered_structural_cell,SB_100__ARK_108,0,32,2,differential,1,"[{""classification"": ""ambiguity"", ""elapsed"": 25.11221624352038, ""first_result"": ""sat"", ""first_timeout_ms"": 60000, ""query_count"": 32, ""second_result"": ""sat"", ""second_timeout_ms"": 300000, ""z3_reason_unknown"": """"}]",sat,sat,0.0026123803108930588,24.559280129149556,edf43a9a19e4a3f3bf1eec668bd00cf6,edf43a9a19e4a3f3bf1eec668bd00cf6,6667501605f56c12004a35c2f05311ae,True,sat,False,False,False,,"{""0"": ""free"", ""1"": ""free"", ""10"": ""free"", ""11"": ""free"", ""12"": ""free"", ""13"": ""free"", ""14"": ""free"", ""15"": ""free"", ""2"": ""free"", ""3"": ""free"", ""4"": ""free"", ""5"": ""free"", ""6"": ""free"", ""7"": ""free"", ""8"": ""free"", ""9"": ""free""}","{""0"": ""free"", ""1"": ""free"", ""2"": ""free"", ""3"": ""free""}",[],"[0, 1, 2, 3, 4, 5, 6, 7, 8, 9, 10, 11, 12, 13, 14, 15]",[],False,ambiguity,False,uf_axiom,
SB_79__ARK_126,SB_79,ARK_126,SB-ARK,0,0,0,0,0,0,0,0,0,0,1,0,early_late_mixed,gap_uncovered_structural_cell,SB_79__ARK_126,1,32,2,differential,1,"[{""classification"": ""ambiguity"", ""elapsed"": 26.30051883123815, ""first_result"": ""sat"", ""first_timeout_ms"": 60000, ""query_count"": 32, ""second_result"": ""sat"", ""second_timeout_ms"": 300000, ""z3_reason_unknown"": """"}]",sat,sat,0.003117920830845833,25.81939634308219,99107579bc3c2c3b0d7a8a6fd1573606,99107579bc3c2c3b0d7a8a6fd1573606,24e7bfc281121d010420ab169012e8d0,True,sat,False,False,False,,"{""0"": ""free"", ""1"": ""free"", ""10"": ""free"", ""11"": ""free"", ""12"": ""free"", ""13"": ""free"", ""14"": ""free"", ""15"": ""free"", ""2"": ""free"", ""3"": ""free"", ""4"": ""free"", ""5"": ""free"", ""6"": ""free"", ""7"": ""free"", ""8"": ""free"", ""9"": ""free""}","{""0"": ""free"", ""1"": ""free"", ""2"": ""free"", ""3"": ""free""}",[],"[0, 1, 2, 3, 4, 5, 6, 7, 8, 9, 10, 11, 12, 13, 14, 15]",[],False,ambiguity,False,uf_axiom,
SB_100__ARK_108,SB_100,ARK_108,SB-ARK,0,0,0,1,1,0,1,0,0,0,0,0,early_late_mixed,gap_uncovered_structural_cell,SB_100__ARK_108,2,32,2,differential,1,"[{""classification"": ""ambiguity"", ""elapsed"": 29.518689423799515, ""first_result"": ""sat"", ""first_timeout_ms"": 60000, ""query_count"": 32, ""second_result"": ""sat"", ""second_timeout_ms"": 300000, ""z3_reason_unknown"": """"}]",sat,sat,0.002782687544822693,28.97975935600698,a66f651322597191ab9f8f8af4c2db61,a66f651322597191ab9f8f8af4c2db61,9630ac2e2f4a691db6804060ca673752,True,sat,False,False,False,,"{""0"": ""free"", ""1"": ""free"", ""10"": ""free"", ""11"": ""free"", ""12"": ""free"", ""13"": ""free"", ""14"": ""free"", ""15"": ""free"", ""2"": ""free"", ""3"": ""free"", ""4"": ""free"", ""5"": ""free"", ""6"": ""free"", ""7"": ""free"", ""8"": ""free"", ""9"": ""free""}","{""0"": ""free"", ""1"": ""free"", ""2"": ""free"", ""3"": ""free""}",[],"[0, 1, 2, 3, 4, 5, 6, 7, 8, 9, 10, 11, 12, 13, 14, 15]",[],False,ambiguity,False,uf_axiom,
SB_26__ARK_64,SB_26,ARK_64,SB-ARK,0,0,0,0,0,0,0,0,0,0,1,0,early_late_mixed,gap_uncovered_structural_cell,SB_26__ARK_64,2,32,2,differential,1,"[{""classification"": ""ambiguity"", ""elapsed"": 29.56291506253183, ""first_result"": ""sat"", ""first_timeout_ms"": 60000, ""query_count"": 32, ""second_result"": ""sat"", ""second_timeout_ms"": 300000, ""z3_reason_unknown"": """"}]",sat,sat,0.0025335047394037247,29.023769231513143,a66f651322597191ab9f8f8af4c2db61,a66f651322597191ab9f8f8af4c2db61,34913ab82025ebc6a8e3880366e15652,True,sat,False,False,False,,"{""0"": ""free"", ""1"": ""free"", ""10"": ""free"", ""11"": ""free"", ""12"": ""free"", ""13"": ""free"", ""14"": ""free"", ""15"": ""free"", ""2"": ""free"", ""3"": ""free"", ""4"": ""free"", ""5"": ""free"", ""6"": ""free"", ""7"": ""free"", ""8"": ""free"", ""9"": ""free""}","{""0"": ""free"", ""1"": ""free"", ""2"": ""free"", ""3"": ""free""}",[],"[0, 1, 2, 3, 4, 5, 6, 7, 8, 9, 10, 11, 12, 13, 14, 15]",[],False,ambiguity,False,uf_axiom,
SB_9__ARK_89,SB_9,ARK_89,SB-ARK,0,0,0,0,1,0,0,0,0,0,1,0,early_late_mixed,gap_uncovered_structural_cell,SB_9__ARK_89,2,32,2,differential,1,"[{""classification"": ""ambiguity"", ""elapsed"": 29.897886868566275, ""first_result"": ""sat"", ""first_timeout_ms"": 60000, ""query_count"": 32, ""second_result"": ""sat"", ""second_timeout_ms"": 300000, ""z3_reason_unknown"": """"}]",sat,sat,0.002770759165287018,29.42430647648871,a66f651322597191ab9f8f8af4c2db61,a66f651322597191ab9f8f8af4c2db61,11cb37002a7472bc12003a2e9cd04b24,True,sat,False,False,False,,"{""0"": ""free"", ""1"": ""free"", ""10"": ""free"", ""11"": ""free"", ""12"": ""free"", ""13"": ""free"", ""14"": ""free"", ""15"": ""free"", ""2"": ""free"", ""3"": ""free"", ""4"": ""free"", ""5"": ""free"", ""6"": ""free"", ""7"": ""free"", ""8"": ""free"", ""9"": ""free""}","{""0"": ""free"", ""1"": ""free"", ""2"": ""free"", ""3"": ""free""}",[],"[0, 1, 2, 3, 4, 5, 6, 7, 8, 9, 10, 11, 12, 13, 14, 15]",[],False,ambiguity,False,uf_axiom,
SB_26__ARK_64,SB_26,ARK_64,SB-ARK,0,0,0,0,0,0,0,0,0,0,1,0,early_late_mixed,gap_uncovered_structural_cell,SB_26__ARK_64,1,32,2,differential,1,"[{""classification"": ""ambiguity"", ""elapsed"": 31.498623199760914, ""first_result"": ""sat"", ""first_timeout_ms"": 60000, ""query_count"": 32, ""second_result"": ""sat"", ""second_timeout_ms"": 300000, ""z3_reason_unknown"": """"}]",sat,sat,0.0026415884494781494,30.99646463431418,99107579bc3c2c3b0d7a8a6fd1573606,99107579bc3c2c3b0d7a8a6fd1573606,5628220854053a50552490083630e0d8,True,sat,False,False,False,,"{""0"": ""free"", ""1"": ""free"", ""10"": ""free"", ""11"": ""free"", ""12"": ""free"", ""13"": ""free"", ""14"": ""free"", ""15"": ""free"", ""2"": ""free"", ""3"": ""free"", ""4"": ""free"", ""5"": ""free"", ""6"": ""free"", ""7"": ""free"", ""8"": ""free"", ""9"": ""free""}","{""0"": ""free"", ""1"": ""free"", ""2"": ""free"", ""3"": ""free""}",[],"[0, 1, 2, 3, 4, 5, 6, 7, 8, 9, 10, 11, 12, 13, 14, 15]",[],False,ambiguity,False,uf_axiom,
SB_5__ARK_122,SB_5,ARK_122,SB-ARK,0,0,0,0,0,0,0,0,0,1,0,0,early_late_mixed,gap_uncovered_structural_cell,SB_5__ARK_122,1,32,2,differential,1,"[{""classification"": ""ambiguity"", ""elapsed"": 31.540988706052303, ""first_result"": ""sat"", ""first_timeout_ms"": 60000, ""query_count"": 32, ""second_result"": ""sat"", ""second_timeout_ms"": 300000, ""z3_reason_unknown"": """"}]",sat,sat,0.002837125211954117,31.006523987278342,99107579bc3c2c3b0d7a8a6fd1573606,99107579bc3c2c3b0d7a8a6fd1573606,42e36180e084edcf042fc9ac54fb574e,True,sat,False,False,False,,"{""0"": ""free"", ""1"": ""free"", ""10"": ""free"", ""11"": ""free"", ""12"": ""free"", ""13"": ""free"", ""14"": ""free"", ""15"": ""free"", ""2"": ""free"", ""3"": ""free"", ""4"": ""free"", ""5"": ""free"", ""6"": ""free"", ""7"": ""free"", ""8"": ""free"", ""9"": ""free""}","{""0"": ""free"", ""1"": ""free"", ""2"": ""free"", ""3"": ""free""}",[],"[0, 1, 2, 3, 4, 5, 6, 7, 8, 9, 10, 11, 12, 13, 14, 15]",[],False,ambiguity,False,uf_axiom,
SB_47__ARK_81,SB_47,ARK_81,SB-ARK,0,0,0,0,0,0,0,0,0,0,1,0,early_late_mixed,gap_uncovered_structural_cell,SB_47__ARK_81,1,32,2,differential,1,"[{""classification"": ""ambiguity"", ""elapsed"": 32.61406218446791, ""first_result"": ""sat"", ""first_timeout_ms"": 60000, ""query_count"": 32, ""second_result"": ""sat"", ""second_timeout_ms"": 300000, ""z3_reason_unknown"": """"}]",sat,sat,0.0027267616242170334,31.994615260511637,99107579bc3c2c3b0d7a8a6fd1573606,99107579bc3c2c3b0d7a8a6fd1573606,8339f881328650bf50b9f9385aa3bd11,True,sat,False,False,False,,"{""0"": ""free"", ""1"": ""free"", ""10"": ""free"", ""11"": ""free"", ""12"": ""free"", ""13"": ""free"", ""14"": ""free"", ""15"": ""free"", ""2"": ""free"", ""3"": ""free"", ""4"": ""free"", ""5"": ""free"", ""6"": ""free"", ""7"": ""free"", ""8"": ""free"", ""9"": ""free""}","{""0"": ""free"", ""1"": ""free"", ""2"": ""free"", ""3"": ""free""}",[],"[0, 1, 2, 3, 4, 5, 6, 7, 8, 9, 10, 11, 12, 13, 14, 15]",[],False,ambiguity,False,uf_axiom,
SB_5__ARK_122,SB_5,ARK_122,SB-ARK,0,0,0,0,0,0,0,0,0,1,0,0,early_late_mixed,gap_uncovered_structural_cell,SB_5__ARK_122,2,32,2,differential,1,"[{""classification"": ""ambiguity"", ""elapsed"": 36.96009092591703, ""first_result"": ""sat"", ""first_timeout_ms"": 60000, ""query_count"": 32, ""second_result"": ""sat"", ""second_timeout_ms"": 300000, ""z3_reason_unknown"": """"}]",sat,sat,0.003046741709113121,36.403210144490004,a66f651322597191ab9f8f8af4c2db61,a66f651322597191ab9f8f8af4c2db61,46900d5906c217ac47c170a39b529377,True,sat,False,False,False,,"{""0"": ""free"", ""1"": ""free"", ""10"": ""free"", ""11"": ""free"", ""12"": ""free"", ""13"": ""free"", ""14"": ""free"", ""15"": ""free"", ""2"": ""free"", ""3"": ""free"", ""4"": ""free"", ""5"": ""free"", ""6"": ""free"", ""7"": ""free"", ""8"": ""free"", ""9"": ""free""}","{""0"": ""free"", ""1"": ""free"", ""2"": ""free"", ""3"": ""free""}",[],"[0, 1, 2, 3, 4, 5, 6, 7, 8, 9, 10, 11, 12, 13, 14, 15]",[],False,ambiguity,False,uf_axiom,
SB_100__ARK_108,SB_100,ARK_108,SB-ARK,0,0,0,1,1,0,1,0,0,0,0,0,early_late_mixed,gap_uncovered_structural_cell,SB_100__ARK_108,1,32,2,differential,1,"[{""classification"": ""ambiguity"", ""elapsed"": 37.10620514303446, ""first_result"": ""sat"", ""first_timeout_ms"": 60000, ""query_count"": 32, ""second_result"": ""sat"", ""second_timeout_ms"": 300000, ""z3_reason_unknown"": """"}]",sat,sat,0.001576308161020279,36.59653521887958,99107579bc3c2c3b0d7a8a6fd1573606,99107579bc3c2c3b0d7a8a6fd1573606,50b710a0ca47fab5802c50d51d774050,True,sat,False,False,False,,"{""0"": ""free"", ""1"": ""free"", ""10"": ""free"", ""11"": ""free"", ""12"": ""free"", ""13"": ""free"", ""14"": ""free"", ""15"": ""free"", ""2"": ""free"", ""3"": ""free"", ""4"": ""free"", ""5"": ""free"", ""6"": ""free"", ""7"": ""free"", ""8"": ""free"", ""9"": ""free""}","{""0"": ""free"", ""1"": ""free"", ""2"": ""free"", ""3"": ""free""}",[],"[0, 1, 2, 3, 4, 5, 6, 7, 8, 9, 10, 11, 12, 13, 14, 15]",[],False,ambiguity,False,uf_axiom,
SB_98__ARK_72,SB_98,ARK_72,SB-ARK,0,0,0,0,0,0,0,0,0,0,1,0,early_late_mixed,gap_uncovered_structural_cell,SB_98__ARK_72,2,32,2,differential,1,"[{""classification"": ""ambiguity"", ""elapsed"": 37.284763880074024, ""first_result"": ""sat"", ""first_timeout_ms"": 60000, ""query_count"": 32, ""second_result"": ""sat"", ""second_timeout_ms"": 300000, ""z3_reason_unknown"": """"}]",sat,sat,0.0032388046383857727,36.72572264447808,a66f651322597191ab9f8f8af4c2db61,a66f651322597191ab9f8f8af4c2db61,71cfefbd001911a5fb08749018711f52,True,sat,False,False,False,,"{""0"": ""free"", ""1"": ""free"", ""10"": ""free"", ""11"": ""free"", ""12"": ""free"", ""13"": ""free"", ""14"": ""free"", ""15"": ""free"", ""2"": ""free"", ""3"": ""free"", ""4"": ""free"", ""5"": ""free"", ""6"": ""free"", ""7"": ""free"", ""8"": ""free"", ""9"": ""free""}","{""0"": ""free"", ""1"": ""free"", ""2"": ""free"", ""3"": ""free""}",[],"[0, 1, 2, 3, 4, 5, 6, 7, 8, 9, 10, 11, 12, 13, 14, 15]",[],False,ambiguity,False,uf_axiom,
SB_115__ARK_34,SB_115,ARK_34,SB-ARK,0,0,0,0,0,0,0,0,0,0,1,0,early_late_mixed,gap_uncovered_structural_cell,SB_115__ARK_34,0,32,2,differential,1,"[{""classification"": ""ambiguity"", ""elapsed"": 40.21375869587064, ""first_result"": ""sat"", ""first_timeout_ms"": 60000, ""query_count"": 32, ""second_result"": ""sat"", ""second_timeout_ms"": 300000, ""z3_reason_unknown"": """"}]",sat,sat,0.0029705818742513657,39.6516386680305,edf43a9a19e4a3f3bf1eec668bd00cf6,edf43a9a19e4a3f3bf1eec668bd00cf6,528852a5817363d87a0f0f6a9600092a,True,sat,False,False,False,,"{""0"": ""free"", ""1"": ""free"", ""10"": ""free"", ""11"": ""free"", ""12"": ""free"", ""13"": ""free"", ""14"": ""free"", ""15"": ""free"", ""2"": ""free"", ""3"": ""free"", ""4"": ""free"", ""5"": ""free"", ""6"": ""free"", ""7"": ""free"", ""8"": ""free"", ""9"": ""free""}","{""0"": ""free"", ""1"": ""free"", ""2"": ""free"", ""3"": ""free""}",[],"[0, 1, 2, 3, 4, 5, 6, 7, 8, 9, 10, 11, 12, 13, 14, 15]",[],False,ambiguity,False,uf_axiom,
SB_5__ARK_122,SB_5,ARK_122,SB-ARK,0,0,0,0,0,0,0,0,0,1,0,0,early_late_mixed,gap_uncovered_structural_cell,SB_5__ARK_122,0,32,2,differential,1,"[{""classification"": ""ambiguity"", ""elapsed"": 43.885141307488084, ""first_result"": ""sat"", ""first_timeout_ms"": 60000, ""query_count"": 32, ""second_result"": ""sat"", ""second_timeout_ms"": 300000, ""z3_reason_unknown"": """"}]",sat,sat,0.002640198916196823,43.36488622054458,edf43a9a19e4a3f3bf1eec668bd00cf6,edf43a9a19e4a3f3bf1eec668bd00cf6,ffd4166002c1b2524202b0c472cbb85f,True,sat,False,False,False,,"{""0"": ""free"", ""1"": ""free"", ""10"": ""free"", ""11"": ""free"", ""12"": ""free"", ""13"": ""free"", ""14"": ""free"", ""15"": ""free"", ""2"": ""free"", ""3"": ""free"", ""4"": ""free"", ""5"": ""free"", ""6"": ""free"", ""7"": ""free"", ""8"": ""free"", ""9"": ""free""}","{""0"": ""free"", ""1"": ""free"", ""2"": ""free"", ""3"": ""free""}",[],"[0, 1, 2, 3, 4, 5, 6, 7, 8, 9, 10, 11, 12, 13, 14, 15]",[],False,ambiguity,False,uf_axiom,
SB_26__ARK_64,SB_26,ARK_64,SB-ARK,0,0,0,0,0,0,0,0,0,0,1,0,early_late_mixed,gap_uncovered_structural_cell,SB_26__ARK_64,0,32,2,differential,1,"[{""classification"": ""ambiguity"", ""elapsed"": 44.672011656686664, ""first_result"": ""sat"", ""first_timeout_ms"": 60000, ""query_count"": 32, ""second_result"": ""sat"", ""second_timeout_ms"": 300000, ""z3_reason_unknown"": """"}]",sat,sat,0.002813521772623062,44.09211700595915,edf43a9a19e4a3f3bf1eec668bd00cf6,edf43a9a19e4a3f3bf1eec668bd00cf6,105d829351e8099bd91361acf862358b,True,sat,False,False,False,,"{""0"": ""free"", ""1"": ""free"", ""10"": ""free"", ""11"": ""free"", ""12"": ""free"", ""13"": ""free"", ""14"": ""free"", ""15"": ""free"", ""2"": ""free"", ""3"": ""free"", ""4"": ""free"", ""5"": ""free"", ""6"": ""free"", ""7"": ""free"", ""8"": ""free"", ""9"": ""free""}","{""0"": ""free"", ""1"": ""free"", ""2"": ""free"", ""3"": ""free""}",[],"[0, 1, 2, 3, 4, 5, 6, 7, 8, 9, 10, 11, 12, 13, 14, 15]",[],False,ambiguity,False,uf_axiom,
SB_90__ARK_105,SB_90,ARK_105,SB-ARK,0,0,0,0,0,0,0,0,0,0,1,0,early_late_mixed,gap_uncovered_structural_cell,SB_90__ARK_105,1,32,2,differential,1,"[{""classification"": ""ambiguity"", ""elapsed"": 48.40322146564722, ""first_result"": ""sat"", ""first_timeout_ms"": 60000, ""query_count"": 32, ""second_result"": ""sat"", ""second_timeout_ms"": 300000, ""z3_reason_unknown"": """"}]",sat,sat,0.0030294470489025116,47.85097192041576,99107579bc3c2c3b0d7a8a6fd1573606,99107579bc3c2c3b0d7a8a6fd1573606,c8f8721a86d5d9a904f5526fac495f1b,True,sat,False,False,False,,"{""0"": ""free"", ""1"": ""free"", ""10"": ""free"", ""11"": ""fixed"", ""12"": ""free"", ""13"": ""free"", ""14"": ""free"", ""15"": ""free"", ""2"": ""free"", ""3"": ""free"", ""4"": ""free"", ""5"": ""free"", ""6"": ""free"", ""7"": ""free"", ""8"": ""free"", ""9"": ""free""}","{""0"": ""free"", ""1"": ""free"", ""2"": ""free"", ""3"": ""free""}",[11],"[0, 1, 2, 3, 4, 5, 6, 7, 8, 9, 10, 12, 13, 14, 15]",[],False,ambiguity,False,uf_axiom,
SB_100__ARK_122,SB_100,ARK_122,SB-ARK,0,0,0,1,0,0,0,0,0,0,0,0,early_late_mixed,gap_uncovered_structural_cell,SB_100__ARK_122,2,32,2,differential,1,"[{""classification"": ""ambiguity"", ""elapsed"": 53.31290473788977, ""first_result"": ""sat"", ""first_timeout_ms"": 60000, ""query_count"": 32, ""second_result"": ""sat"", ""second_timeout_ms"": 300000, ""z3_reason_unknown"": """"}]",sat,sat,0.0025030281394720078,52.79420111514628,a66f651322597191ab9f8f8af4c2db61,a66f651322597191ab9f8f8af4c2db61,91a6edc227db2400a32852d37b0487f5,True,sat,False,False,False,,"{""0"": ""free"", ""1"": ""free"", ""10"": ""free"", ""11"": ""free"", ""12"": ""free"", ""13"": ""free"", ""14"": ""free"", ""15"": ""free"", ""2"": ""free"", ""3"": ""free"", ""4"": ""free"", ""5"": ""free"", ""6"": ""free"", ""7"": ""free"", ""8"": ""free"", ""9"": ""free""}","{""0"": ""free"", ""1"": ""free"", ""2"": ""free"", ""3"": ""free""}",[],"[0, 1, 2, 3, 4, 5, 6, 7, 8, 9, 10, 11, 12, 13, 14, 15]",[],False,ambiguity,False,uf_axiom,
SB_98__ARK_72,SB_98,ARK_72,SB-ARK,0,0,0,0,0,0,0,0,0,0,1,0,early_late_mixed,gap_uncovered_structural_cell,SB_98__ARK_72,1,32,2,differential,1,"[{""classification"": ""ambiguity"", ""elapsed"": 54.59031201712787, ""first_result"": ""sat"", ""first_timeout_ms"": 60000, ""query_count"": 32, ""second_result"": ""sat"", ""second_timeout_ms"": 300000, ""z3_reason_unknown"": """"}]",sat,sat,0.002808736637234688,54.04148620925844,99107579bc3c2c3b0d7a8a6fd1573606,99107579bc3c2c3b0d7a8a6fd1573606,a89e0b004049d467c046b0999cc1dae3,True,sat,False,False,False,,"{""0"": ""free"", ""1"": ""free"", ""10"": ""free"", ""11"": ""free"", ""12"": ""free"", ""13"": ""free"", ""14"": ""free"", ""15"": ""free"", ""2"": ""free"", ""3"": ""free"", ""4"": ""free"", ""5"": ""free"", ""6"": ""free"", ""7"": ""free"", ""8"": ""free"", ""9"": ""free""}","{""0"": ""free"", ""1"": ""free"", ""2"": ""free"", ""3"": ""free""}",[],"[0, 1, 2, 3, 4, 5, 6, 7, 8, 9, 10, 11, 12, 13, 14, 15]",[],False,ambiguity,False,uf_axiom,
SB_115__ARK_34,SB_115,ARK_34,SB-ARK,0,0,0,0,0,0,0,0,0,0,1,0,early_late_mixed,gap_uncovered_structural_cell,SB_115__ARK_34,1,32,2,differential,1,"[{""classification"": ""ambiguity"", ""elapsed"": 58.68326351046562, ""first_result"": ""sat"", ""first_timeout_ms"": 60000, ""query_count"": 32, ""second_result"": ""sat"", ""second_timeout_ms"": 300000, ""z3_reason_unknown"": """"}]",sat,sat,0.0029222816228866577,58.15335191786289,99107579bc3c2c3b0d7a8a6fd1573606,99107579bc3c2c3b0d7a8a6fd1573606,54b1b00139c490499009ea0000e40a4d,True,sat,False,False,False,,"{""0"": ""free"", ""1"": ""free"", ""10"": ""free"", ""11"": ""free"", ""12"": ""free"", ""13"": ""free"", ""14"": ""free"", ""15"": ""free"", ""2"": ""free"", ""3"": ""free"", ""4"": ""free"", ""5"": ""free"", ""6"": ""free"", ""7"": ""free"", ""8"": ""free"", ""9"": ""free""}","{""0"": ""free"", ""1"": ""free"", ""2"": ""free"", ""3"": ""free""}",[],"[0, 1, 2, 3, 4, 5, 6, 7, 8, 9, 10, 11, 12, 13, 14, 15]",[],False,ambiguity,False,uf_axiom,
SB_9__ARK_89,SB_9,ARK_89,SB-ARK,0,0,0,0,1,0,0,0,0,0,1,0,early_late_mixed,gap_uncovered_structural_cell,SB_9__ARK_89,0,32,2,differential,1,"[{""classification"": ""ambiguity"", ""elapsed"": 60.38482776284218, ""first_result"": ""sat"", ""first_timeout_ms"": 60000, ""query_count"": 32, ""second_result"": ""sat"", ""second_timeout_ms"": 300000, ""z3_reason_unknown"": """"}]",sat,sat,0.0031555406749248505,59.845350723713636,edf43a9a19e4a3f3bf1eec668bd00cf6,edf43a9a19e4a3f3bf1eec668bd00cf6,60a6a004a8809a81588ede9b721a178a,True,sat,False,False,False,,"{""0"": ""free"", ""1"": ""free"", ""10"": ""free"", ""11"": ""free"", ""12"": ""free"", ""13"": ""free"", ""14"": ""free"", ""15"": ""free"", ""2"": ""free"", ""3"": ""free"", ""4"": ""free"", ""5"": ""free"", ""6"": ""free"", ""7"": ""free"", ""8"": ""free"", ""9"": ""free""}","{""0"": ""free"", ""1"": ""free"", ""2"": ""free"", ""3"": ""free""}",[],"[0, 1, 2, 3, 4, 5, 6, 7, 8, 9, 10, 11, 12, 13, 14, 15]",[],False,ambiguity,False,uf_axiom,
SB_100__ARK_122,SB_100,ARK_122,SB-ARK,0,0,0,1,0,0,0,0,0,0,0,0,early_late_mixed,gap_uncovered_structural_cell,SB_100__ARK_122,0,32,2,differential,1,"[{""classification"": ""ambiguity"", ""elapsed"": 60.74799343198538, ""first_result"": ""sat"", ""first_timeout_ms"": 60000, ""query_count"": 32, ""second_result"": ""sat"", ""second_timeout_ms"": 300000, ""z3_reason_unknown"": """"}]",sat,sat,0.002582566812634468,30.1909256298095,edf43a9a19e4a3f3bf1eec668bd00cf6,edf43a9a19e4a3f3bf1eec668bd00cf6,6df4291404b1a3cb9f2b80668b808f00,True,sat,False,False,False,,"{""0"": ""free"", ""1"": ""free"", ""10"": ""free"", ""11"": ""unknown"", ""12"": ""unknown"", ""13"": ""free"", ""14"": ""free"", ""15"": ""free"", ""2"": ""free"", ""3"": ""free"", ""4"": ""free"", ""5"": ""free"", ""6"": ""fixed"", ""7"": ""free"", ""8"": ""free"", ""9"": ""free""}","{""0"": ""free"", ""1"": ""free"", ""2"": ""free"", ""3"": ""free""}",[6],"[0, 1, 2, 3, 4, 5, 7, 8, 9, 10, 13, 14, 15]","[11, 12]",False,ambiguity,False,uf_axiom,
SB_100__ARK_122,SB_100,ARK_122,SB-ARK,0,0,0,1,0,0,0,0,0,0,0,0,early_late_mixed,gap_uncovered_structural_cell,SB_100__ARK_122,1,32,2,differential,1,"[{""classification"": ""ambiguity"", ""elapsed"": 60.98266235738993, ""first_result"": ""sat"", ""first_timeout_ms"": 60000, ""query_count"": 32, ""second_result"": ""sat"", ""second_timeout_ms"": 300000, ""z3_reason_unknown"": """"}]",sat,sat,0.0026167966425418854,30.44474472105503,99107579bc3c2c3b0d7a8a6fd1573606,99107579bc3c2c3b0d7a8a6fd1573606,7910289687e6fc608625fe6fd110796d,True,sat,False,False,False,,"{""0"": ""free"", ""1"": ""fixed"", ""10"": ""free"", ""11"": ""unknown"", ""12"": ""unknown"", ""13"": ""free"", ""14"": ""free"", ""15"": ""free"", ""2"": ""free"", ""3"": ""free"", ""4"": ""free"", ""5"": ""free"", ""6"": ""free"", ""7"": ""free"", ""8"": ""free"", ""9"": ""free""}","{""0"": ""free"", ""1"": ""free"", ""2"": ""free"", ""3"": ""free""}",[1],"[0, 2, 3, 4, 5, 6, 7, 8, 9, 10, 13, 14, 15]","[11, 12]",False,ambiguity,False,uf_axiom,
SB_79__ARK_126,SB_79,ARK_126,SB-ARK,0,0,0,0,0,0,0,0,0,0,1,0,early_late_mixed,gap_uncovered_structural_cell,SB_79__ARK_126,0,32,2,differential,1,"[{""classification"": ""ambiguity"", ""elapsed"": 99.06861341930926, ""first_result"": ""sat"", ""first_timeout_ms"": 60000, ""query_count"": 32, ""second_result"": ""sat"", ""second_timeout_ms"": 300000, ""z3_reason_unknown"": """"}]",sat,sat,0.0030658897012472153,98.50875187292695,edf43a9a19e4a3f3bf1eec668bd00cf6,edf43a9a19e4a3f3bf1eec668bd00cf6,167c96ace0fee556206d020c54194c1a,True,sat,False,False,False,,"{""0"": ""free"", ""1"": ""free"", ""10"": ""free"", ""11"": ""free"", ""12"": ""free"", ""13"": ""free"", ""14"": ""free"", ""15"": ""free"", ""2"": ""free"", ""3"": ""free"", ""4"": ""free"", ""5"": ""free"", ""6"": ""free"", ""7"": ""free"", ""8"": ""free"", ""9"": ""free""}","{""0"": ""free"", ""1"": ""free"", ""2"": ""free"", ""3"": ""free""}",[],"[0, 1, 2, 3, 4, 5, 6, 7, 8, 9, 10, 11, 12, 13, 14, 15]",[],False,ambiguity,False,uf_axiom,
SB_90__ARK_105,SB_90,ARK_105,SB-ARK,0,0,0,0,0,0,0,0,0,0,1,0,early_late_mixed,gap_uncovered_structural_cell,SB_90__ARK_105,0,32,2,differential,1,"[{""classification"": ""ambiguity"", ""elapsed"": 101.97380153462291, ""first_result"": ""sat"", ""first_timeout_ms"": 60000, ""query_count"": 32, ""second_result"": ""sat"", ""second_timeout_ms"": 300000, ""z3_reason_unknown"": """"}]",sat,sat,0.001682935282588005,101.49903227947652,edf43a9a19e4a3f3bf1eec668bd00cf6,edf43a9a19e4a3f3bf1eec668bd00cf6,2d4fb04107522fce8413c20699c2f7b7,True,sat,False,False,False,,"{""0"": ""free"", ""1"": ""free"", ""10"": ""free"", ""11"": ""free"", ""12"": ""free"", ""13"": ""free"", ""14"": ""free"", ""15"": ""free"", ""2"": ""free"", ""3"": ""free"", ""4"": ""free"", ""5"": ""free"", ""6"": ""free"", ""7"": ""free"", ""8"": ""free"", ""9"": ""free""}","{""0"": ""free"", ""1"": ""free"", ""2"": ""free"", ""3"": ""free""}",[],"[0, 1, 2, 3, 4, 5, 6, 7, 8, 9, 10, 11, 12, 13, 14, 15]",[],False,ambiguity,False,uf_axiom,
SB_98__ARK_72,SB_98,ARK_72,SB-ARK,0,0,0,0,0,0,0,0,0,0,1,0,early_late_mixed,gap_uncovered_structural_cell,SB_98__ARK_72,0,32,2,differential,1,"[{""classification"": ""ambiguity"", ""elapsed"": 116.47825970686972, ""first_result"": ""sat"", ""first_timeout_ms"": 60000, ""query_count"": 32, ""second_result"": ""sat"", ""second_timeout_ms"": 300000, ""z3_reason_unknown"": """"}]",sat,sat,0.003249470144510269,115.91480555385351,edf43a9a19e4a3f3bf1eec668bd00cf6,edf43a9a19e4a3f3bf1eec668bd00cf6,79abc92604806d2ebac7861692059425,True,sat,False,False,False,,"{""0"": ""free"", ""1"": ""free"", ""10"": ""free"", ""11"": ""free"", ""12"": ""free"", ""13"": ""free"", ""14"": ""free"", ""15"": ""free"", ""2"": ""free"", ""3"": ""free"", ""4"": ""free"", ""5"": ""free"", ""6"": ""free"", ""7"": ""free"", ""8"": ""free"", ""9"": ""free""}","{""0"": ""free"", ""1"": ""free"", ""2"": ""free"", ""3"": ""free""}",[],"[0, 1, 2, 3, 4, 5, 6, 7, 8, 9, 10, 11, 12, 13, 14, 15]",[],False,ambiguity,False,uf_axiom,
SB_90__ARK_105,SB_90,ARK_105,SB-ARK,0,0,0,0,0,0,0,0,0,0,1,0,early_late_mixed,gap_uncovered_structural_cell,SB_90__ARK_105,2,32,2,differential,1,"[{""classification"": ""ambiguity"", ""elapsed"": 124.36125160381198, ""first_result"": ""sat"", ""first_timeout_ms"": 60000, ""query_count"": 32, ""second_result"": ""sat"", ""second_timeout_ms"": 300000, ""z3_reason_unknown"": """"}]",sat,sat,0.00260319747030735,123.81849931366742,a66f651322597191ab9f8f8af4c2db61,a66f651322597191ab9f8f8af4c2db61,04e051555f9c9804d400354a2d5c544d,True,sat,False,False,False,,"{""0"": ""free"", ""1"": ""free"", ""10"": ""free"", ""11"": ""free"", ""12"": ""free"", ""13"": ""free"", ""14"": ""free"", ""15"": ""free"", ""2"": ""free"", ""3"": ""free"", ""4"": ""free"", ""5"": ""free"", ""6"": ""free"", ""7"": ""free"", ""8"": ""free"", ""9"": ""free""}","{""0"": ""free"", ""1"": ""free"", ""2"": ""free"", ""3"": ""free""}",[],"[0, 1, 2, 3, 4, 5, 6, 7, 8, 9, 10, 11, 12, 13, 14, 15]",[],False,ambiguity,False,uf_axiom,
SB_79__ARK_126,SB_79,ARK_126,SB-ARK,0,0,0,0,0,0,0,0,0,0,1,0,early_late_mixed,gap_uncovered_structural_cell,SB_79__ARK_126,2,32,2,differential,1,"[{""classification"": ""ambiguity"", ""elapsed"": 155.54394054412842, ""first_result"": ""sat"", ""first_timeout_ms"": 60000, ""query_count"": 32, ""second_result"": ""sat"", ""second_timeout_ms"": 300000, ""z3_reason_unknown"": """"}]",sat,sat,0.0018636826425790787,155.21951402910054,a66f651322597191ab9f8f8af4c2db61,a66f651322597191ab9f8f8af4c2db61,3fa0dfb9e58502af24052360c93768d6,True,sat,False,False,False,,"{""0"": ""free"", ""1"": ""free"", ""10"": ""free"", ""11"": ""free"", ""12"": ""free"", ""13"": ""free"", ""14"": ""free"", ""15"": ""free"", ""2"": ""free"", ""3"": ""free"", ""4"": ""free"", ""5"": ""free"", ""6"": ""free"", ""7"": ""free"", ""8"": ""free"", ""9"": ""free""}","{""0"": ""free"", ""1"": ""free"", ""2"": ""free"", ""3"": ""free""}",[],"[0, 1, 2, 3, 4, 5, 6, 7, 8, 9, 10, 11, 12, 13, 14, 15]",[],False,ambiguity,False,uf_axiom,
SB_7__ARK_0,SB_7,ARK_0,SB-ARK,0,1,1,1,0,1,0,0,0,0,0,0,early_late_mixed,gap_uncovered_structural_cell,SB_7__ARK_0,0,32,2,differential,1,"[{""classification"": ""ambiguity"", ""elapsed"": 12.77191342227161, ""first_result"": ""sat"", ""first_timeout_ms"": 60000, ""query_count"": 32, ""second_result"": ""sat"", ""second_timeout_ms"": 300000, ""z3_reason_unknown"": """"}]",sat,sat,0.002300204709172249,12.264331633225083,edf43a9a19e4a3f3bf1eec668bd00cf6,edf43a9a19e4a3f3bf1eec668bd00cf6,50ec274a7d53ec8ad5c83dc0f3274124,True,sat,False,False,False,,"{""0"": ""free"", ""1"": ""free"", ""10"": ""free"", ""11"": ""free"", ""12"": ""free"", ""13"": ""free"", ""14"": ""free"", ""15"": ""free"", ""2"": ""free"", ""3"": ""free"", ""4"": ""free"", ""5"": ""free"", ""6"": ""free"", ""7"": ""free"", ""8"": ""free"", ""9"": ""free""}","{""0"": ""free"", ""1"": ""free"", ""2"": ""free"", ""3"": ""free""}",[],"[0, 1, 2, 3, 4, 5, 6, 7, 8, 9, 10, 11, 12, 13, 14, 15]",[],False,ambiguity,False,uf_axiom,
SB_70__ARK_91,SB_70,ARK_91,SB-ARK,0,0,0,1,0,0,0,1,0,0,0,0,early_late_mixed,gap_uncovered_structural_cell,SB_70__ARK_91,0,32,2,differential,1,"[{""classification"": ""ambiguity"", ""elapsed"": 13.347814368084073, ""first_result"": ""sat"", ""first_timeout_ms"": 60000, ""query_count"": 32, ""second_result"": ""sat"", ""second_timeout_ms"": 300000, ""z3_reason_unknown"": """"}]",sat,sat,0.0030321795493364334,6.795338962227106,edf43a9a19e4a3f3bf1eec668bd00cf6,edf43a9a19e4a3f3bf1eec668bd00cf6,c142b16568b14334bf21e32253d06ca5,True,sat,False,False,False,,"{""0"": ""free"", ""1"": ""free"", ""10"": ""free"", ""11"": ""free"", ""12"": ""free"", ""13"": ""fixed"", ""14"": ""free"", ""15"": ""free"", ""2"": ""free"", ""3"": ""free"", ""4"": ""free"", ""5"": ""free"", ""6"": ""free"", ""7"": ""free"", ""8"": ""fixed"", ""9"": ""free""}","{""0"": ""free"", ""1"": ""free"", ""2"": ""free"", ""3"": ""free""}","[8, 13]","[0, 1, 2, 3, 4, 5, 6, 7, 9, 10, 11, 12, 14, 15]",[],False,ambiguity,False,uf_axiom,
SB_7__ARK_0,SB_7,ARK_0,SB-ARK,0,1,1,1,0,1,0,0,0,0,0,0,early_late_mixed,gap_uncovered_structural_cell,SB_7__ARK_0,1,32,2,differential,1,"[{""classification"": ""ambiguity"", ""elapsed"": 20.583795247599483, ""first_result"": ""sat"", ""first_timeout_ms"": 60000, ""query_count"": 32, ""second_result"": ""sat"", ""second_timeout_ms"": 300000, ""z3_reason_unknown"": """"}]",sat,sat,0.0014605261385440826,20.057044019922614,99107579bc3c2c3b0d7a8a6fd1573606,99107579bc3c2c3b0d7a8a6fd1573606,411f830902401c3abf4e74b7dd129980,True,sat,False,False,False,,"{""0"": ""free"", ""1"": ""free"", ""10"": ""free"", ""11"": ""free"", ""12"": ""free"", ""13"": ""free"", ""14"": ""free"", ""15"": ""free"", ""2"": ""free"", ""3"": ""free"", ""4"": ""free"", ""5"": ""free"", ""6"": ""free"", ""7"": ""free"", ""8"": ""free"", ""9"": ""free""}","{""0"": ""free"", ""1"": ""free"", ""2"": ""free"", ""3"": ""free""}",[],"[0, 1, 2, 3, 4, 5, 6, 7, 8, 9, 10, 11, 12, 13, 14, 15]",[],False,ambiguity,False,uf_axiom,
SB_43__ARK_115,SB_43,ARK_115,SB-ARK,0,0,0,0,1,0,0,0,0,0,1,0,early_late_mixed,gap_uncovered_structural_cell,SB_43__ARK_115,0,32,2,differential,1,"[{""classification"": ""ambiguity"", ""elapsed"": 21.290034227073193, ""first_result"": ""sat"", ""first_timeout_ms"": 60000, ""query_count"": 32, ""second_result"": ""sat"", ""second_timeout_ms"": 300000, ""z3_reason_unknown"": """"}]",sat,sat,0.0021946243941783905,20.821632776409388,edf43a9a19e4a3f3bf1eec668bd00cf6,edf43a9a19e4a3f3bf1eec668bd00cf6,a55894086c58748162015dbf2494713a,True,sat,False,False,False,,"{""0"": ""free"", ""1"": ""free"", ""10"": ""free"", ""11"": ""free"", ""12"": ""free"", ""13"": ""free"", ""14"": ""free"", ""15"": ""free"", ""2"": ""free"", ""3"": ""free"", ""4"": ""free"", ""5"": ""free"", ""6"": ""free"", ""7"": ""free"", ""8"": ""free"", ""9"": ""free""}","{""0"": ""free"", ""1"": ""free"", ""2"": ""free"", ""3"": ""free""}",[],"[0, 1, 2, 3, 4, 5, 6, 7, 8, 9, 10, 11, 12, 13, 14, 15]",[],False,ambiguity,False,uf_axiom,
SB_49__ARK_3,SB_49,ARK_3,SB-ARK,0,0,0,0,0,0,0,0,0,0,1,0,early_late_mixed,gap_uncovered_structural_cell,SB_49__ARK_3,0,32,2,differential,1,"[{""classification"": ""ambiguity"", ""elapsed"": 21.338363107293844, ""first_result"": ""sat"", ""first_timeout_ms"": 60000, ""query_count"": 32, ""second_result"": ""sat"", ""second_timeout_ms"": 300000, ""z3_reason_unknown"": """"}]",sat,sat,0.00257100909948349,20.738970095291734,edf43a9a19e4a3f3bf1eec668bd00cf6,edf43a9a19e4a3f3bf1eec668bd00cf6,92190870c80e8047bca257443337bf6c,True,sat,False,False,False,,"{""0"": ""free"", ""1"": ""free"", ""10"": ""free"", ""11"": ""free"", ""12"": ""free"", ""13"": ""free"", ""14"": ""free"", ""15"": ""free"", ""2"": ""free"", ""3"": ""free"", ""4"": ""free"", ""5"": ""free"", ""6"": ""free"", ""7"": ""free"", ""8"": ""free"", ""9"": ""free""}","{""0"": ""free"", ""1"": ""free"", ""2"": ""free"", ""3"": ""free""}",[],"[0, 1, 2, 3, 4, 5, 6, 7, 8, 9, 10, 11, 12, 13, 14, 15]",[],False,ambiguity,False,uf_axiom,
SB_70__ARK_91,SB_70,ARK_91,SB-ARK,0,0,0,1,0,0,0,1,0,0,0,0,early_late_mixed,gap_uncovered_structural_cell,SB_70__ARK_91,1,32,2,differential,1,"[{""classification"": ""ambiguity"", ""elapsed"": 21.654044339433312, ""first_result"": ""sat"", ""first_timeout_ms"": 60000, ""query_count"": 32, ""second_result"": ""sat"", ""second_timeout_ms"": 300000, ""z3_reason_unknown"": """"}]",sat,sat,0.002419421449303627,21.091095885261893,99107579bc3c2c3b0d7a8a6fd1573606,99107579bc3c2c3b0d7a8a6fd1573606,308a1800d4e6a055b640111188674fda,True,sat,False,False,False,,"{""0"": ""free"", ""1"": ""free"", ""10"": ""free"", ""11"": ""free"", ""12"": ""free"", ""13"": ""free"", ""14"": ""free"", ""15"": ""free"", ""2"": ""free"", ""3"": ""free"", ""4"": ""free"", ""5"": ""free"", ""6"": ""free"", ""7"": ""free"", ""8"": ""free"", ""9"": ""free""}","{""0"": ""free"", ""1"": ""free"", ""2"": ""free"", ""3"": ""free""}",[],"[0, 1, 2, 3, 4, 5, 6, 7, 8, 9, 10, 11, 12, 13, 14, 15]",[],False,ambiguity,False,uf_axiom,
SB_74__ARK_92,SB_74,ARK_92,SB-ARK,0,0,0,1,0,0,0,1,0,0,0,0,early_late_mixed,gap_uncovered_structural_cell,SB_74__ARK_92,1,32,2,differential,1,"[{""classification"": ""ambiguity"", ""elapsed"": 23.010328959673643, ""first_result"": ""sat"", ""first_timeout_ms"": 60000, ""query_count"": 32, ""second_result"": ""sat"", ""second_timeout_ms"": 300000, ""z3_reason_unknown"": """"}]",sat,sat,0.002715557813644409,22.452490804716945,99107579bc3c2c3b0d7a8a6fd1573606,99107579bc3c2c3b0d7a8a6fd1573606,c89101c0ea9f815208c8e87fed2b298e,True,sat,False,False,False,,"{""0"": ""free"", ""1"": ""free"", ""10"": ""free"", ""11"": ""free"", ""12"": ""free"", ""13"": ""free"", ""14"": ""free"", ""15"": ""free"", ""2"": ""free"", ""3"": ""free"", ""4"": ""free"", ""5"": ""free"", ""6"": ""free"", ""7"": ""free"", ""8"": ""free"", ""9"": ""free""}","{""0"": ""free"", ""1"": ""free"", ""2"": ""free"", ""3"": ""free""}",[],"[0, 1, 2, 3, 4, 5, 6, 7, 8, 9, 10, 11, 12, 13, 14, 15]",[],False,ambiguity,False,uf_axiom,
SB_4__ARK_52,SB_4,ARK_52,SB-ARK,0,0,0,0,1,0,0,0,0,0,1,0,early_late_mixed,gap_uncovered_structural_cell,SB_4__ARK_52,2,32,2,differential,1,"[{""classification"": ""ambiguity"", ""elapsed"": 24.7261422239244, ""first_result"": ""sat"", ""first_timeout_ms"": 60000, ""query_count"": 32, ""second_result"": ""sat"", ""second_timeout_ms"": 300000, ""z3_reason_unknown"": """"}]",sat,sat,0.0032692160457372665,24.190110811963677,a66f651322597191ab9f8f8af4c2db61,a66f651322597191ab9f8f8af4c2db61,41506ad5a2313088415d4f52eba49bfa,True,sat,False,False,False,,"{""0"": ""free"", ""1"": ""free"", ""10"": ""free"", ""11"": ""free"", ""12"": ""free"", ""13"": ""free"", ""14"": ""free"", ""15"": ""free"", ""2"": ""free"", ""3"": ""free"", ""4"": ""free"", ""5"": ""free"", ""6"": ""free"", ""7"": ""free"", ""8"": ""free"", ""9"": ""free""}","{""0"": ""free"", ""1"": ""free"", ""2"": ""free"", ""3"": ""free""}",[],"[0, 1, 2, 3, 4, 5, 6, 7, 8, 9, 10, 11, 12, 13, 14, 15]",[],False,ambiguity,False,uf_axiom,
SB_74__ARK_29,SB_74,ARK_29,SB-ARK,0,0,0,0,0,0,0,0,0,0,1,0,early_late_mixed,gap_uncovered_structural_cell,SB_74__ARK_29,1,32,2,differential,1,"[{""classification"": ""ambiguity"", ""elapsed"": 24.845601925626397, ""first_result"": ""sat"", ""first_timeout_ms"": 60000, ""query_count"": 32, ""second_result"": ""sat"", ""second_timeout_ms"": 300000, ""z3_reason_unknown"": """"}]",sat,sat,0.0019131675362586975,24.30024759285152,99107579bc3c2c3b0d7a8a6fd1573606,99107579bc3c2c3b0d7a8a6fd1573606,4b0866548fa044522fa24fa54e52094a,True,sat,False,False,False,,"{""0"": ""free"", ""1"": ""free"", ""10"": ""free"", ""11"": ""free"", ""12"": ""free"", ""13"": ""free"", ""14"": ""free"", ""15"": ""free"", ""2"": ""free"", ""3"": ""free"", ""4"": ""free"", ""5"": ""free"", ""6"": ""free"", ""7"": ""free"", ""8"": ""free"", ""9"": ""free""}","{""0"": ""free"", ""1"": ""free"", ""2"": ""free"", ""3"": ""free""}",[],"[0, 1, 2, 3, 4, 5, 6, 7, 8, 9, 10, 11, 12, 13, 14, 15]",[],False,ambiguity,False,uf_axiom,
SB_4__ARK_52,SB_4,ARK_52,SB-ARK,0,0,0,0,1,0,0,0,0,0,1,0,early_late_mixed,gap_uncovered_structural_cell,SB_4__ARK_52,1,32,2,differential,1,"[{""classification"": ""ambiguity"", ""elapsed"": 29.944345520809293, ""first_result"": ""sat"", ""first_timeout_ms"": 60000, ""query_count"": 32, ""second_result"": ""sat"", ""second_timeout_ms"": 300000, ""z3_reason_unknown"": """"}]",sat,sat,0.003251155838370323,29.38360033556819,99107579bc3c2c3b0d7a8a6fd1573606,99107579bc3c2c3b0d7a8a6fd1573606,a8a3bdc73c7c1020e3c0a5fe4075a068,True,sat,False,False,False,,"{""0"": ""free"", ""1"": ""free"", ""10"": ""free"", ""11"": ""free"", ""12"": ""free"", ""13"": ""free"", ""14"": ""free"", ""15"": ""free"", ""2"": ""free"", ""3"": ""free"", ""4"": ""free"", ""5"": ""free"", ""6"": ""free"", ""7"": ""free"", ""8"": ""free"", ""9"": ""free""}","{""0"": ""free"", ""1"": ""free"", ""2"": ""free"", ""3"": ""free""}",[],"[0, 1, 2, 3, 4, 5, 6, 7, 8, 9, 10, 11, 12, 13, 14, 15]",[],False,ambiguity,False,uf_axiom,
SB_74__ARK_92,SB_74,ARK_92,SB-ARK,0,0,0,1,0,0,0,1,0,0,0,0,early_late_mixed,gap_uncovered_structural_cell,SB_74__ARK_92,2,32,2,differential,1,"[{""classification"": ""ambiguity"", ""elapsed"": 36.39371624775231, ""first_result"": ""sat"", ""first_timeout_ms"": 60000, ""query_count"": 32, ""second_result"": ""sat"", ""second_timeout_ms"": 300000, ""z3_reason_unknown"": """"}]",sat,sat,0.003173433244228363,35.83798283711076,a66f651322597191ab9f8f8af4c2db61,a66f651322597191ab9f8f8af4c2db61,f902e948119d48ba5820e100ccc65f2d,True,sat,False,False,False,,"{""0"": ""free"", ""1"": ""free"", ""10"": ""free"", ""11"": ""free"", ""12"": ""free"", ""13"": ""free"", ""14"": ""free"", ""15"": ""free"", ""2"": ""free"", ""3"": ""free"", ""4"": ""free"", ""5"": ""free"", ""6"": ""free"", ""7"": ""free"", ""8"": ""free"", ""9"": ""free""}","{""0"": ""free"", ""1"": ""free"", ""2"": ""free"", ""3"": ""free""}",[],"[0, 1, 2, 3, 4, 5, 6, 7, 8, 9, 10, 11, 12, 13, 14, 15]",[],False,ambiguity,False,uf_axiom,
SB_50__ARK_96,SB_50,ARK_96,SB-ARK,0,0,0,0,0,0,0,0,0,1,0,0,early_late_mixed,gap_uncovered_structural_cell,SB_50__ARK_96,2,32,2,differential,1,"[{""classification"": ""ambiguity"", ""elapsed"": 37.26223856955767, ""first_result"": ""sat"", ""first_timeout_ms"": 60000, ""query_count"": 32, ""second_result"": ""sat"", ""second_timeout_ms"": 300000, ""z3_reason_unknown"": """"}]",sat,sat,0.0025357790291309357,36.80711216852069,a66f651322597191ab9f8f8af4c2db61,a66f651322597191ab9f8f8af4c2db61,311b4020fc18075c069752862f29d423,True,sat,False,False,False,,"{""0"": ""free"", ""1"": ""free"", ""10"": ""free"", ""11"": ""free"", ""12"": ""free"", ""13"": ""free"", ""14"": ""free"", ""15"": ""free"", ""2"": ""free"", ""3"": ""free"", ""4"": ""free"", ""5"": ""free"", ""6"": ""free"", ""7"": ""free"", ""8"": ""free"", ""9"": ""free""}","{""0"": ""free"", ""1"": ""free"", ""2"": ""free"", ""3"": ""free""}",[],"[0, 1, 2, 3, 4, 5, 6, 7, 8, 9, 10, 11, 12, 13, 14, 15]",[],False,ambiguity,False,uf_axiom,
SB_49__ARK_3,SB_49,ARK_3,SB-ARK,0,0,0,0,0,0,0,0,0,0,1,0,early_late_mixed,gap_uncovered_structural_cell,SB_49__ARK_3,2,32,2,differential,1,"[{""classification"": ""ambiguity"", ""elapsed"": 38.64338904991746, ""first_result"": ""sat"", ""first_timeout_ms"": 60000, ""query_count"": 32, ""second_result"": ""sat"", ""second_timeout_ms"": 300000, ""z3_reason_unknown"": """"}]",sat,sat,0.0033664479851722717,38.08050778508186,a66f651322597191ab9f8f8af4c2db61,a66f651322597191ab9f8f8af4c2db61,8cd9114437d25e84aaa46c00e49f89b9,True,sat,False,False,False,,"{""0"": ""free"", ""1"": ""free"", ""10"": ""free"", ""11"": ""free"", ""12"": ""free"", ""13"": ""free"", ""14"": ""free"", ""15"": ""free"", ""2"": ""free"", ""3"": ""free"", ""4"": ""free"", ""5"": ""free"", ""6"": ""free"", ""7"": ""free"", ""8"": ""free"", ""9"": ""free""}","{""0"": ""free"", ""1"": ""free"", ""2"": ""free"", ""3"": ""free""}",[],"[0, 1, 2, 3, 4, 5, 6, 7, 8, 9, 10, 11, 12, 13, 14, 15]",[],False,ambiguity,False,uf_axiom,
SB_70__ARK_91,SB_70,ARK_91,SB-ARK,0,0,0,1,0,0,0,1,0,0,0,0,early_late_mixed,gap_uncovered_structural_cell,SB_70__ARK_91,2,32,2,differential,1,"[{""classification"": ""ambiguity"", ""elapsed"": 38.823060281574726, ""first_result"": ""sat"", ""first_timeout_ms"": 60000, ""query_count"": 32, ""second_result"": ""sat"", ""second_timeout_ms"": 300000, ""z3_reason_unknown"": """"}]",sat,sat,0.002542540431022644,38.342279337346554,a66f651322597191ab9f8f8af4c2db61,a66f651322597191ab9f8f8af4c2db61,44c1cc40082d1f9d5c4a5875f07be657,True,sat,False,False,False,,"{""0"": ""free"", ""1"": ""free"", ""10"": ""free"", ""11"": ""free"", ""12"": ""free"", ""13"": ""free"", ""14"": ""free"", ""15"": ""free"", ""2"": ""free"", ""3"": ""free"", ""4"": ""free"", ""5"": ""free"", ""6"": ""free"", ""7"": ""free"", ""8"": ""free"", ""9"": ""free""}","{""0"": ""free"", ""1"": ""free"", ""2"": ""free"", ""3"": ""free""}",[],"[0, 1, 2, 3, 4, 5, 6, 7, 8, 9, 10, 11, 12, 13, 14, 15]",[],False,ambiguity,False,uf_axiom,
SB_50__ARK_96,SB_50,ARK_96,SB-ARK,0,0,0,0,0,0,0,0,0,1,0,0,early_late_mixed,gap_uncovered_structural_cell,SB_50__ARK_96,1,32,2,differential,1,"[{""classification"": ""ambiguity"", ""elapsed"": 41.49548722244799, ""first_result"": ""sat"", ""first_timeout_ms"": 60000, ""query_count"": 32, ""second_result"": ""sat"", ""second_timeout_ms"": 300000, ""z3_reason_unknown"": """"}]",sat,sat,0.00249362550675869,40.93155676499009,99107579bc3c2c3b0d7a8a6fd1573606,99107579bc3c2c3b0d7a8a6fd1573606,4ae70c2300c19006100b98b266b710ed,True,sat,False,False,False,,"{""0"": ""free"", ""1"": ""free"", ""10"": ""free"", ""11"": ""free"", ""12"": ""free"", ""13"": ""free"", ""14"": ""free"", ""15"": ""free"", ""2"": ""free"", ""3"": ""free"", ""4"": ""free"", ""5"": ""free"", ""6"": ""free"", ""7"": ""free"", ""8"": ""free"", ""9"": ""free""}","{""0"": ""free"", ""1"": ""free"", ""2"": ""free"", ""3"": ""free""}",[],"[0, 1, 2, 3, 4, 5, 6, 7, 8, 9, 10, 11, 12, 13, 14, 15]",[],False,ambiguity,False,uf_axiom,
SB_63__ARK_102,SB_63,ARK_102,SB-ARK,0,0,0,0,0,0,0,0,0,0,1,0,early_late_mixed,gap_uncovered_structural_cell,SB_63__ARK_102,2,32,2,differential,1,"[{""classification"": ""ambiguity"", ""elapsed"": 42.07856957055628, ""first_result"": ""sat"", ""first_timeout_ms"": 60000, ""query_count"": 32, ""second_result"": ""sat"", ""second_timeout_ms"": 300000, ""z3_reason_unknown"": """"}]",sat,sat,0.0017465297132730484,41.6052742600441,a66f651322597191ab9f8f8af4c2db61,a66f651322597191ab9f8f8af4c2db61,ac486786b88e68300ffe115db6b831ea,True,sat,False,False,False,,"{""0"": ""free"", ""1"": ""free"", ""10"": ""free"", ""11"": ""free"", ""12"": ""free"", ""13"": ""free"", ""14"": ""free"", ""15"": ""free"", ""2"": ""free"", ""3"": ""free"", ""4"": ""free"", ""5"": ""free"", ""6"": ""free"", ""7"": ""free"", ""8"": ""free"", ""9"": ""free""}","{""0"": ""free"", ""1"": ""free"", ""2"": ""free"", ""3"": ""free""}",[],"[0, 1, 2, 3, 4, 5, 6, 7, 8, 9, 10, 11, 12, 13, 14, 15]",[],False,ambiguity,False,uf_axiom,
SB_74__ARK_29,SB_74,ARK_29,SB-ARK,0,0,0,0,0,0,0,0,0,0,1,0,early_late_mixed,gap_uncovered_structural_cell,SB_74__ARK_29,0,32,2,differential,1,"[{""classification"": ""ambiguity"", ""elapsed"": 42.09020111337304, ""first_result"": ""sat"", ""first_timeout_ms"": 60000, ""query_count"": 32, ""second_result"": ""sat"", ""second_timeout_ms"": 300000, ""z3_reason_unknown"": """"}]",sat,sat,0.003093615174293518,41.53282009623945,edf43a9a19e4a3f3bf1eec668bd00cf6,edf43a9a19e4a3f3bf1eec668bd00cf6,15e0cd7f138a515d6a5aed08fe28b3c0,True,sat,False,False,False,,"{""0"": ""free"", ""1"": ""free"", ""10"": ""free"", ""11"": ""free"", ""12"": ""free"", ""13"": ""free"", ""14"": ""free"", ""15"": ""free"", ""2"": ""free"", ""3"": ""free"", ""4"": ""free"", ""5"": ""free"", ""6"": ""free"", ""7"": ""free"", ""8"": ""free"", ""9"": ""free""}","{""0"": ""free"", ""1"": ""free"", ""2"": ""free"", ""3"": ""free""}",[],"[0, 1, 2, 3, 4, 5, 6, 7, 8, 9, 10, 11, 12, 13, 14, 15]",[],False,ambiguity,False,uf_axiom,
SB_7__ARK_0,SB_7,ARK_0,SB-ARK,0,1,1,1,0,1,0,0,0,0,0,0,early_late_mixed,gap_uncovered_structural_cell,SB_7__ARK_0,2,32,2,differential,1,"[{""classification"": ""ambiguity"", ""elapsed"": 42.50791306607425, ""first_result"": ""sat"", ""first_timeout_ms"": 60000, ""query_count"": 32, ""second_result"": ""sat"", ""second_timeout_ms"": 300000, ""z3_reason_unknown"": """"}]",sat,sat,0.00244026817381382,41.97521639056504,a66f651322597191ab9f8f8af4c2db61,a66f651322597191ab9f8f8af4c2db61,349a63f6bc14dba00038018d3790108d,True,sat,False,False,False,,"{""0"": ""free"", ""1"": ""free"", ""10"": ""free"", ""11"": ""free"", ""12"": ""free"", ""13"": ""free"", ""14"": ""free"", ""15"": ""free"", ""2"": ""free"", ""3"": ""free"", ""4"": ""free"", ""5"": ""free"", ""6"": ""free"", ""7"": ""free"", ""8"": ""free"", ""9"": ""free""}","{""0"": ""free"", ""1"": ""free"", ""2"": ""free"", ""3"": ""free""}",[],"[0, 1, 2, 3, 4, 5, 6, 7, 8, 9, 10, 11, 12, 13, 14, 15]",[],False,ambiguity,False,uf_axiom,
SB_63__ARK_102,SB_63,ARK_102,SB-ARK,0,0,0,0,0,0,0,0,0,0,1,0,early_late_mixed,gap_uncovered_structural_cell,SB_63__ARK_102,1,32,2,differential,1,"[{""classification"": ""ambiguity"", ""elapsed"": 44.444396363571286, ""first_result"": ""sat"", ""first_timeout_ms"": 60000, ""query_count"": 32, ""second_result"": ""sat"", ""second_timeout_ms"": 300000, ""z3_reason_unknown"": """"}]",sat,sat,0.0021156370639801025,44.00186102092266,99107579bc3c2c3b0d7a8a6fd1573606,99107579bc3c2c3b0d7a8a6fd1573606,048c966c1d2cfc6000be6154825da3b3,True,sat,False,False,False,,"{""0"": ""free"", ""1"": ""free"", ""10"": ""free"", ""11"": ""free"", ""12"": ""free"", ""13"": ""free"", ""14"": ""free"", ""15"": ""free"", ""2"": ""free"", ""3"": ""free"", ""4"": ""free"", ""5"": ""free"", ""6"": ""free"", ""7"": ""free"", ""8"": ""free"", ""9"": ""free""}","{""0"": ""free"", ""1"": ""free"", ""2"": ""free"", ""3"": ""free""}",[],"[0, 1, 2, 3, 4, 5, 6, 7, 8, 9, 10, 11, 12, 13, 14, 15]",[],False,ambiguity,False,uf_axiom,
SB_49__ARK_3,SB_49,ARK_3,SB-ARK,0,0,0,0,0,0,0,0,0,0,1,0,early_late_mixed,gap_uncovered_structural_cell,SB_49__ARK_3,1,32,2,differential,1,"[{""classification"": ""ambiguity"", ""elapsed"": 46.94934784807265, ""first_result"": ""sat"", ""first_timeout_ms"": 60000, ""query_count"": 32, ""second_result"": ""sat"", ""second_timeout_ms"": 300000, ""z3_reason_unknown"": """"}]",sat,sat,0.001992255449295044,46.46220693178475,99107579bc3c2c3b0d7a8a6fd1573606,99107579bc3c2c3b0d7a8a6fd1573606,0e630e1f5307852aba528f39795dcf66,True,sat,False,False,False,,"{""0"": ""free"", ""1"": ""free"", ""10"": ""free"", ""11"": ""free"", ""12"": ""free"", ""13"": ""free"", ""14"": ""free"", ""15"": ""free"", ""2"": ""free"", ""3"": ""free"", ""4"": ""free"", ""5"": ""free"", ""6"": ""free"", ""7"": ""free"", ""8"": ""free"", ""9"": ""free""}","{""0"": ""free"", ""1"": ""free"", ""2"": ""free"", ""3"": ""free""}",[],"[0, 1, 2, 3, 4, 5, 6, 7, 8, 9, 10, 11, 12, 13, 14, 15]",[],False,ambiguity,False,uf_axiom,
SB_68__ARK_1,SB_68,ARK_1,SB-ARK,0,0,1,0,0,0,0,0,1,0,0,0,early_late_mixed,gap_uncovered_structural_cell,SB_68__ARK_1,1,32,2,differential,1,"[{""classification"": ""ambiguity"", ""elapsed"": 47.17489656060934, ""first_result"": ""sat"", ""first_timeout_ms"": 60000, ""query_count"": 32, ""second_result"": ""sat"", ""second_timeout_ms"": 300000, ""z3_reason_unknown"": """"}]",sat,sat,0.0032035354524850845,16.61997026205063,99107579bc3c2c3b0d7a8a6fd1573606,99107579bc3c2c3b0d7a8a6fd1573606,000081239203016e0d0025cfff0040d4,True,sat,False,False,False,,"{""0"": ""free"", ""1"": ""free"", ""10"": ""free"", ""11"": ""free"", ""12"": ""free"", ""13"": ""free"", ""14"": ""free"", ""15"": ""free"", ""2"": ""free"", ""3"": ""free"", ""4"": ""free"", ""5"": ""free"", ""6"": ""free"", ""7"": ""free"", ""8"": ""unknown"", ""9"": ""free""}","{""0"": ""free"", ""1"": ""free"", ""2"": ""free"", ""3"": ""free""}",[],"[0, 1, 2, 3, 4, 5, 6, 7, 9, 10, 11, 12, 13, 14, 15]",[8],False,ambiguity,False,uf_axiom,
SB_43__ARK_115,SB_43,ARK_115,SB-ARK,0,0,0,0,1,0,0,0,0,0,1,0,early_late_mixed,gap_uncovered_structural_cell,SB_43__ARK_115,1,32,2,differential,1,"[{""classification"": ""ambiguity"", ""elapsed"": 51.57823037542403, ""first_result"": ""sat"", ""first_timeout_ms"": 60000, ""query_count"": 32, ""second_result"": ""sat"", ""second_timeout_ms"": 300000, ""z3_reason_unknown"": """"}]",sat,sat,0.0028028301894664764,51.04749724641442,99107579bc3c2c3b0d7a8a6fd1573606,99107579bc3c2c3b0d7a8a6fd1573606,007927bcd86d5ca971594860c80e30f3,True,sat,False,False,False,,"{""0"": ""free"", ""1"": ""free"", ""10"": ""free"", ""11"": ""free"", ""12"": ""free"", ""13"": ""free"", ""14"": ""free"", ""15"": ""free"", ""2"": ""free"", ""3"": ""free"", ""4"": ""free"", ""5"": ""free"", ""6"": ""free"", ""7"": ""free"", ""8"": ""free"", ""9"": ""free""}","{""0"": ""free"", ""1"": ""free"", ""2"": ""free"", ""3"": ""free""}",[],"[0, 1, 2, 3, 4, 5, 6, 7, 8, 9, 10, 11, 12, 13, 14, 15]",[],False,ambiguity,False,uf_axiom,
SB_74__ARK_92,SB_74,ARK_92,SB-ARK,0,0,0,1,0,0,0,1,0,0,0,0,early_late_mixed,gap_uncovered_structural_cell,SB_74__ARK_92,0,32,2,differential,1,"[{""classification"": ""ambiguity"", ""elapsed"": 57.12826838903129, ""first_result"": ""sat"", ""first_timeout_ms"": 60000, ""query_count"": 32, ""second_result"": ""sat"", ""second_timeout_ms"": 300000, ""z3_reason_unknown"": """"}]",sat,sat,0.003238830715417862,56.557627929374576,edf43a9a19e4a3f3bf1eec668bd00cf6,edf43a9a19e4a3f3bf1eec668bd00cf6,2c00105640b5ae86b9c0477645d4d1c4,True,sat,False,False,False,,"{""0"": ""free"", ""1"": ""free"", ""10"": ""free"", ""11"": ""free"", ""12"": ""free"", ""13"": ""free"", ""14"": ""free"", ""15"": ""free"", ""2"": ""free"", ""3"": ""free"", ""4"": ""free"", ""5"": ""free"", ""6"": ""free"", ""7"": ""free"", ""8"": ""free"", ""9"": ""free""}","{""0"": ""free"", ""1"": ""free"", ""2"": ""free"", ""3"": ""free""}",[],"[0, 1, 2, 3, 4, 5, 6, 7, 8, 9, 10, 11, 12, 13, 14, 15]",[],False,ambiguity,False,uf_axiom,
SB_63__ARK_102,SB_63,ARK_102,SB-ARK,0,0,0,0,0,0,0,0,0,0,1,0,early_late_mixed,gap_uncovered_structural_cell,SB_63__ARK_102,0,32,2,differential,1,"[{""classification"": ""ambiguity"", ""elapsed"": 69.12104773335159, ""first_result"": ""sat"", ""first_timeout_ms"": 60000, ""query_count"": 32, ""second_result"": ""sat"", ""second_timeout_ms"": 300000, ""z3_reason_unknown"": """"}]",sat,sat,0.0026961229741573334,38.64954312518239,edf43a9a19e4a3f3bf1eec668bd00cf6,edf43a9a19e4a3f3bf1eec668bd00cf6,f512e5ee647c15d34c83b866efa35934,True,sat,False,False,False,,"{""0"": ""free"", ""1"": ""free"", ""10"": ""free"", ""11"": ""unknown"", ""12"": ""free"", ""13"": ""free"", ""14"": ""free"", ""15"": ""free"", ""2"": ""free"", ""3"": ""free"", ""4"": ""free"", ""5"": ""free"", ""6"": ""free"", ""7"": ""free"", ""8"": ""free"", ""9"": ""free""}","{""0"": ""free"", ""1"": ""free"", ""2"": ""free"", ""3"": ""free""}",[],"[0, 1, 2, 3, 4, 5, 6, 7, 8, 9, 10, 12, 13, 14, 15]",[11],False,ambiguity,False,uf_axiom,
SB_68__ARK_1,SB_68,ARK_1,SB-ARK,0,0,1,0,0,0,0,0,1,0,0,0,early_late_mixed,gap_uncovered_structural_cell,SB_68__ARK_1,0,32,2,differential,1,"[{""classification"": ""ambiguity"", ""elapsed"": 73.38303518854082, ""first_result"": ""sat"", ""first_timeout_ms"": 60000, ""query_count"": 32, ""second_result"": ""sat"", ""second_timeout_ms"": 300000, ""z3_reason_unknown"": """"}]",sat,sat,0.0017396733164787292,72.9156677480787,edf43a9a19e4a3f3bf1eec668bd00cf6,edf43a9a19e4a3f3bf1eec668bd00cf6,d02312c99d85b48946824906956e5d02,True,sat,False,False,False,,"{""0"": ""free"", ""1"": ""free"", ""10"": ""free"", ""11"": ""free"", ""12"": ""free"", ""13"": ""free"", ""14"": ""free"", ""15"": ""free"", ""2"": ""free"", ""3"": ""free"", ""4"": ""free"", ""5"": ""free"", ""6"": ""free"", ""7"": ""free"", ""8"": ""free"", ""9"": ""free""}","{""0"": ""free"", ""1"": ""free"", ""2"": ""free"", ""3"": ""free""}",[],"[0, 1, 2, 3, 4, 5, 6, 7, 8, 9, 10, 11, 12, 13, 14, 15]",[],False,ambiguity,False,uf_axiom,
SB_50__ARK_96,SB_50,ARK_96,SB-ARK,0,0,0,0,0,0,0,0,0,1,0,0,early_late_mixed,gap_uncovered_structural_cell,SB_50__ARK_96,0,32,2,differential,1,"[{""classification"": ""ambiguity"", ""elapsed"": 73.63981669954956, ""first_result"": ""sat"", ""first_timeout_ms"": 60000, ""query_count"": 32, ""second_result"": ""sat"", ""second_timeout_ms"": 300000, ""z3_reason_unknown"": """"}]",sat,sat,0.0027207955718040466,43.06013285368681,edf43a9a19e4a3f3bf1eec668bd00cf6,edf43a9a19e4a3f3bf1eec668bd00cf6,529a987dff60a381f0c4920611601a4a,True,sat,False,False,False,,"{""0"": ""free"", ""1"": ""free"", ""10"": ""free"", ""11"": ""free"", ""12"": ""free"", ""13"": ""free"", ""14"": ""free"", ""15"": ""free"", ""2"": ""free"", ""3"": ""free"", ""4"": ""free"", ""5"": ""free"", ""6"": ""unknown"", ""7"": ""free"", ""8"": ""free"", ""9"": ""free""}","{""0"": ""free"", ""1"": ""free"", ""2"": ""free"", ""3"": ""free""}",[],"[0, 1, 2, 3, 4, 5, 7, 8, 9, 10, 11, 12, 13, 14, 15]",[6],False,ambiguity,False,uf_axiom,
SB_4__ARK_52,SB_4,ARK_52,SB-ARK,0,0,0,0,1,0,0,0,0,0,1,0,early_late_mixed,gap_uncovered_structural_cell,SB_4__ARK_52,0,32,2,differential,1,"[{""classification"": ""ambiguity"", ""elapsed"": 77.84122558869421, ""first_result"": ""sat"", ""first_timeout_ms"": 60000, ""query_count"": 32, ""second_result"": ""sat"", ""second_timeout_ms"": 300000, ""z3_reason_unknown"": """"}]",sat,sat,0.0029775630682706833,77.3992923386395,edf43a9a19e4a3f3bf1eec668bd00cf6,edf43a9a19e4a3f3bf1eec668bd00cf6,3cfd04d0caee644552ac30f7f4f8549b,True,sat,False,False,False,,"{""0"": ""free"", ""1"": ""free"", ""10"": ""free"", ""11"": ""free"", ""12"": ""free"", ""13"": ""free"", ""14"": ""free"", ""15"": ""free"", ""2"": ""free"", ""3"": ""free"", ""4"": ""free"", ""5"": ""free"", ""6"": ""free"", ""7"": ""free"", ""8"": ""free"", ""9"": ""free""}","{""0"": ""free"", ""1"": ""free"", ""2"": ""free"", ""3"": ""free""}",[],"[0, 1, 2, 3, 4, 5, 6, 7, 8, 9, 10, 11, 12, 13, 14, 15]",[],False,ambiguity,False,uf_axiom,
SB_74__ARK_29,SB_74,ARK_29,SB-ARK,0,0,0,0,0,0,0,0,0,0,1,0,early_late_mixed,gap_uncovered_structural_cell,SB_74__ARK_29,2,32,2,differential,1,"[{""classification"": ""ambiguity"", ""elapsed"": 89.89104514941573, ""first_result"": ""sat"", ""first_timeout_ms"": 60000, ""query_count"": 32, ""second_result"": ""sat"", ""second_timeout_ms"": 300000, ""z3_reason_unknown"": """"}]",sat,sat,0.002897055819630623,89.33359131217003,a66f651322597191ab9f8f8af4c2db61,a66f651322597191ab9f8f8af4c2db61,254b0043190e154a7b55b026a6950d10,True,sat,False,False,False,,"{""0"": ""free"", ""1"": ""free"", ""10"": ""free"", ""11"": ""free"", ""12"": ""free"", ""13"": ""free"", ""14"": ""free"", ""15"": ""free"", ""2"": ""free"", ""3"": ""free"", ""4"": ""free"", ""5"": ""free"", ""6"": ""free"", ""7"": ""free"", ""8"": ""free"", ""9"": ""free""}","{""0"": ""free"", ""1"": ""free"", ""2"": ""free"", ""3"": ""free""}",[],"[0, 1, 2, 3, 4, 5, 6, 7, 8, 9, 10, 11, 12, 13, 14, 15]",[],False,ambiguity,False,uf_axiom,
SB_68__ARK_1,SB_68,ARK_1,SB-ARK,0,0,1,0,0,0,0,0,1,0,0,0,early_late_mixed,gap_uncovered_structural_cell,SB_68__ARK_1,2,32,2,differential,1,"[{""classification"": ""ambiguity"", ""elapsed"": 98.36326266825199, ""first_result"": ""sat"", ""first_timeout_ms"": 60000, ""query_count"": 32, ""second_result"": ""sat"", ""second_timeout_ms"": 300000, ""z3_reason_unknown"": """"}]",sat,sat,0.003364577889442444,68.19113488867879,a66f651322597191ab9f8f8af4c2db61,a66f651322597191ab9f8f8af4c2db61,91a50040ae59002291884ed07bd5faa8,True,sat,False,False,False,,"{""0"": ""free"", ""1"": ""free"", ""10"": ""free"", ""11"": ""free"", ""12"": ""free"", ""13"": ""free"", ""14"": ""free"", ""15"": ""free"", ""2"": ""free"", ""3"": ""free"", ""4"": ""free"", ""5"": ""free"", ""6"": ""free"", ""7"": ""free"", ""8"": ""free"", ""9"": ""free""}","{""0"": ""free"", ""1"": ""free"", ""2"": ""free"", ""3"": ""free""}",[],"[0, 1, 2, 3, 4, 5, 6, 7, 8, 9, 10, 11, 12, 13, 14, 15]",[],False,ambiguity,False,uf_axiom,
SB_43__ARK_115,SB_43,ARK_115,SB-ARK,0,0,0,0,1,0,0,0,0,0,1,0,early_late_mixed,gap_uncovered_structural_cell,SB_43__ARK_115,2,32,2,differential,1,"[{""classification"": ""ambiguity"", ""elapsed"": 102.62123206071556, ""first_result"": ""sat"", ""first_timeout_ms"": 60000, ""query_count"": 32, ""second_result"": ""sat"", ""second_timeout_ms"": 300000, ""z3_reason_unknown"": """"}]",sat,sat,0.002196868881583214,72.02464240416884,a66f651322597191ab9f8f8af4c2db61,a66f651322597191ab9f8f8af4c2db61,8ae3ad1290593ba4aa217740c4c952b6,True,sat,False,False,False,,"{""0"": ""free"", ""1"": ""free"", ""10"": ""free"", ""11"": ""free"", ""12"": ""free"", ""13"": ""free"", ""14"": ""free"", ""15"": ""free"", ""2"": ""free"", ""3"": ""free"", ""4"": ""free"", ""5"": ""unknown"", ""6"": ""free"", ""7"": ""free"", ""8"": ""free"", ""9"": ""free""}","{""0"": ""free"", ""1"": ""free"", ""2"": ""free"", ""3"": ""free""}",[],"[0, 1, 2, 3, 4, 6, 7, 8, 9, 10, 11, 12, 13, 14, 15]",[5],False,ambiguity,False,uf_axiom,
SR_70__ARK_63,SR_70,ARK_63,SR-ARK,0,0,0,0,0,0,0,0,0,0,1,0,early_late_mixed,gap_uncovered_structural_cell,SR_70__ARK_63,1,32,2,differential,1,"[{""classification"": ""ambiguity"", ""elapsed"": 17.8919698279351, ""first_result"": ""sat"", ""first_timeout_ms"": 60000, ""query_count"": 32, ""second_result"": ""sat"", ""second_timeout_ms"": 300000, ""z3_reason_unknown"": """"}]",sat,sat,0.00276201032102108,17.462384145706892,99107579bc3c2c3b0d7a8a6fd1573606,99107579bc3c2c3b0d7a8a6fd1573606,5e36a60018754e76a148991ade33ac89,True,sat,False,False,False,,"{""0"": ""free"", ""1"": ""free"", ""10"": ""free"", ""11"": ""free"", ""12"": ""free"", ""13"": ""free"", ""14"": ""free"", ""15"": ""free"", ""2"": ""free"", ""3"": ""free"", ""4"": ""free"", ""5"": ""free"", ""6"": ""free"", ""7"": ""free"", ""8"": ""free"", ""9"": ""free""}","{""0"": ""free"", ""1"": ""free"", ""2"": ""free"", ""3"": ""free""}",[],"[0, 1, 2, 3, 4, 5, 6, 7, 8, 9, 10, 11, 12, 13, 14, 15]",[],False,ambiguity,False,uf_axiom,
SR_33__ARK_18,SR_33,ARK_18,SR-ARK,0,0,0,0,0,0,0,0,0,0,1,0,early_late_mixed,gap_uncovered_structural_cell,SR_33__ARK_18,0,32,2,differential,1,"[{""classification"": ""ambiguity"", ""elapsed"": 18.737827083095908, ""first_result"": ""sat"", ""first_timeout_ms"": 60000, ""query_count"": 32, ""second_result"": ""sat"", ""second_timeout_ms"": 300000, ""z3_reason_unknown"": """"}]",sat,sat,0.002580830827355385,18.262808807194233,edf43a9a19e4a3f3bf1eec668bd00cf6,edf43a9a19e4a3f3bf1eec668bd00cf6,7ec6000510405809ee95065138007c30,True,sat,False,False,False,,"{""0"": ""free"", ""1"": ""free"", ""10"": ""free"", ""11"": ""free"", ""12"": ""free"", ""13"": ""free"", ""14"": ""free"", ""15"": ""free"", ""2"": ""free"", ""3"": ""free"", ""4"": ""free"", ""5"": ""free"", ""6"": ""free"", ""7"": ""free"", ""8"": ""free"", ""9"": ""free""}","{""0"": ""free"", ""1"": ""free"", ""2"": ""free"", ""3"": ""free""}",[],"[0, 1, 2, 3, 4, 5, 6, 7, 8, 9, 10, 11, 12, 13, 14, 15]",[],False,ambiguity,False,uf_axiom,
SR_72__ARK_58,SR_72,ARK_58,SR-ARK,0,0,0,0,0,0,0,0,0,0,1,0,early_late_mixed,gap_uncovered_structural_cell,SR_72__ARK_58,2,32,2,differential,1,"[{""classification"": ""ambiguity"", ""elapsed"": 18.972594775259495, ""first_result"": ""sat"", ""first_timeout_ms"": 60000, ""query_count"": 32, ""second_result"": ""sat"", ""second_timeout_ms"": 300000, ""z3_reason_unknown"": """"}]",sat,sat,0.001608075574040413,18.48376465961337,a66f651322597191ab9f8f8af4c2db61,a66f651322597191ab9f8f8af4c2db61,32d08cd538fb8b016c9e308fe87140aa,True,sat,False,False,False,,"{""0"": ""free"", ""1"": ""free"", ""10"": ""free"", ""11"": ""free"", ""12"": ""free"", ""13"": ""free"", ""14"": ""free"", ""15"": ""free"", ""2"": ""free"", ""3"": ""free"", ""4"": ""free"", ""5"": ""free"", ""6"": ""free"", ""7"": ""free"", ""8"": ""free"", ""9"": ""free""}","{""0"": ""free"", ""1"": ""free"", ""2"": ""free"", ""3"": ""free""}",[],"[0, 1, 2, 3, 4, 5, 6, 7, 8, 9, 10, 11, 12, 13, 14, 15]",[],False,ambiguity,False,uf_axiom,
SR_82__ARK_52,SR_82,ARK_52,SR-ARK,0,0,1,0,0,0,0,0,1,0,0,0,early_late_mixed,gap_uncovered_structural_cell,SR_82__ARK_52,2,32,2,differential,1,"[{""classification"": ""ambiguity"", ""elapsed"": 23.547967525199056, ""first_result"": ""sat"", ""first_timeout_ms"": 60000, ""query_count"": 32, ""second_result"": ""sat"", ""second_timeout_ms"": 300000, ""z3_reason_unknown"": """"}]",sat,sat,0.002779478207230568,22.934760631993413,a66f651322597191ab9f8f8af4c2db61,a66f651322597191ab9f8f8af4c2db61,2cbf99b0290141a95c22fc32c2f82c3a,True,sat,False,False,False,,"{""0"": ""free"", ""1"": ""free"", ""10"": ""free"", ""11"": ""free"", ""12"": ""free"", ""13"": ""free"", ""14"": ""free"", ""15"": ""free"", ""2"": ""free"", ""3"": ""free"", ""4"": ""free"", ""5"": ""free"", ""6"": ""free"", ""7"": ""free"", ""8"": ""free"", ""9"": ""free""}","{""0"": ""free"", ""1"": ""free"", ""2"": ""free"", ""3"": ""free""}",[],"[0, 1, 2, 3, 4, 5, 6, 7, 8, 9, 10, 11, 12, 13, 14, 15]",[],False,ambiguity,False,uf_axiom,
SR_119__ARK_111,SR_119,ARK_111,SR-ARK,0,0,0,1,1,0,1,0,0,0,0,0,early_late_mixed,gap_uncovered_structural_cell,SR_119__ARK_111,1,32,2,differential,1,"[{""classification"": ""ambiguity"", ""elapsed"": 25.16612740792334, ""first_result"": ""sat"", ""first_timeout_ms"": 60000, ""query_count"": 32, ""second_result"": ""sat"", ""second_timeout_ms"": 300000, ""z3_reason_unknown"": """"}]",sat,sat,0.0025527216494083405,24.621485667303205,99107579bc3c2c3b0d7a8a6fd1573606,99107579bc3c2c3b0d7a8a6fd1573606,889542915131865010e64bd4a0c5d018,True,sat,False,False,False,,"{""0"": ""free"", ""1"": ""free"", ""10"": ""free"", ""11"": ""free"", ""12"": ""free"", ""13"": ""free"", ""14"": ""free"", ""15"": ""free"", ""2"": ""free"", ""3"": ""free"", ""4"": ""free"", ""5"": ""free"", ""6"": ""free"", ""7"": ""free"", ""8"": ""free"", ""9"": ""free""}","{""0"": ""free"", ""1"": ""free"", ""2"": ""free"", ""3"": ""free""}",[],"[0, 1, 2, 3, 4, 5, 6, 7, 8, 9, 10, 11, 12, 13, 14, 15]",[],False,ambiguity,False,uf_axiom,
SR_13__ARK_122,SR_13,ARK_122,SR-ARK,0,0,0,0,0,0,0,0,0,0,1,0,early_late_mixed,gap_uncovered_structural_cell,SR_13__ARK_122,1,32,2,differential,1,"[{""classification"": ""ambiguity"", ""elapsed"": 26.00311109982431, ""first_result"": ""sat"", ""first_timeout_ms"": 60000, ""query_count"": 32, ""second_result"": ""sat"", ""second_timeout_ms"": 300000, ""z3_reason_unknown"": """"}]",sat,sat,0.0030192844569683075,25.46309085190296,99107579bc3c2c3b0d7a8a6fd1573606,99107579bc3c2c3b0d7a8a6fd1573606,8e5818522119490c149b1c782c5dc6e0,True,sat,False,False,False,,"{""0"": ""free"", ""1"": ""free"", ""10"": ""free"", ""11"": ""free"", ""12"": ""free"", ""13"": ""free"", ""14"": ""free"", ""15"": ""free"", ""2"": ""free"", ""3"": ""free"", ""4"": ""free"", ""5"": ""free"", ""6"": ""free"", ""7"": ""free"", ""8"": ""free"", ""9"": ""free""}","{""0"": ""free"", ""1"": ""free"", ""2"": ""free"", ""3"": ""free""}",[],"[0, 1, 2, 3, 4, 5, 6, 7, 8, 9, 10, 11, 12, 13, 14, 15]",[],False,ambiguity,False,uf_axiom,
SR_24__ARK_99,SR_24,ARK_99,SR-ARK,0,0,0,0,0,0,0,0,0,1,0,0,early_late_mixed,gap_uncovered_structural_cell,SR_24__ARK_99,2,32,2,differential,1,"[{""classification"": ""ambiguity"", ""elapsed"": 26.539394691586494, ""first_result"": ""sat"", ""first_timeout_ms"": 60000, ""query_count"": 32, ""second_result"": ""sat"", ""second_timeout_ms"": 300000, ""z3_reason_unknown"": """"}]",sat,sat,0.0028477441519498825,26.017940500751138,a66f651322597191ab9f8f8af4c2db61,a66f651322597191ab9f8f8af4c2db61,407bd8574fc4ab41d2a11f20f7016694,True,sat,False,False,False,,"{""0"": ""free"", ""1"": ""free"", ""10"": ""free"", ""11"": ""free"", ""12"": ""free"", ""13"": ""free"", ""14"": ""free"", ""15"": ""free"", ""2"": ""free"", ""3"": ""free"", ""4"": ""free"", ""5"": ""free"", ""6"": ""free"", ""7"": ""free"", ""8"": ""free"", ""9"": ""free""}","{""0"": ""free"", ""1"": ""free"", ""2"": ""free"", ""3"": ""free""}",[],"[0, 1, 2, 3, 4, 5, 6, 7, 8, 9, 10, 11, 12, 13, 14, 15]",[],False,ambiguity,False,uf_axiom,
SR_55__ARK_48,SR_55,ARK_48,SR-ARK,0,1,1,1,0,1,0,0,0,0,0,0,early_late_mixed,gap_uncovered_structural_cell,SR_55__ARK_48,1,32,2,differential,1,"[{""classification"": ""ambiguity"", ""elapsed"": 29.533321941271424, ""first_result"": ""sat"", ""first_timeout_ms"": 60000, ""query_count"": 32, ""second_result"": ""sat"", ""second_timeout_ms"": 300000, ""z3_reason_unknown"": """"}]",sat,sat,0.0033861584961414337,29.005445567891,99107579bc3c2c3b0d7a8a6fd1573606,99107579bc3c2c3b0d7a8a6fd1573606,1496bd1b1a41006b22027e82a162ff30,True,sat,False,False,False,,"{""0"": ""free"", ""1"": ""free"", ""10"": ""free"", ""11"": ""free"", ""12"": ""free"", ""13"": ""free"", ""14"": ""free"", ""15"": ""free"", ""2"": ""free"", ""3"": ""free"", ""4"": ""free"", ""5"": ""free"", ""6"": ""free"", ""7"": ""free"", ""8"": ""free"", ""9"": ""free""}","{""0"": ""free"", ""1"": ""free"", ""2"": ""free"", ""3"": ""free""}",[],"[0, 1, 2, 3, 4, 5, 6, 7, 8, 9, 10, 11, 12, 13, 14, 15]",[],False,ambiguity,False,uf_axiom,
SR_13__ARK_122,SR_13,ARK_122,SR-ARK,0,0,0,0,0,0,0,0,0,0,1,0,early_late_mixed,gap_uncovered_structural_cell,SR_13__ARK_122,0,32,2,differential,1,"[{""classification"": ""ambiguity"", ""elapsed"": 29.53553531691432, ""first_result"": ""sat"", ""first_timeout_ms"": 60000, ""query_count"": 32, ""second_result"": ""sat"", ""second_timeout_ms"": 300000, ""z3_reason_unknown"": """"}]",sat,sat,0.0025789327919483185,29.055701861158013,edf43a9a19e4a3f3bf1eec668bd00cf6,edf43a9a19e4a3f3bf1eec668bd00cf6,37308c8108581160007b103230893500,True,sat,False,False,False,,"{""0"": ""free"", ""1"": ""free"", ""10"": ""free"", ""11"": ""free"", ""12"": ""free"", ""13"": ""free"", ""14"": ""free"", ""15"": ""free"", ""2"": ""free"", ""3"": ""free"", ""4"": ""free"", ""5"": ""free"", ""6"": ""free"", ""7"": ""free"", ""8"": ""free"", ""9"": ""free""}","{""0"": ""free"", ""1"": ""free"", ""2"": ""free"", ""3"": ""free""}",[],"[0, 1, 2, 3, 4, 5, 6, 7, 8, 9, 10, 11, 12, 13, 14, 15]",[],False,ambiguity,False,uf_axiom,
SR_33__ARK_18,SR_33,ARK_18,SR-ARK,0,0,0,0,0,0,0,0,0,0,1,0,early_late_mixed,gap_uncovered_structural_cell,SR_33__ARK_18,2,32,2,differential,1,"[{""classification"": ""ambiguity"", ""elapsed"": 31.967287512496114, ""first_result"": ""sat"", ""first_timeout_ms"": 60000, ""query_count"": 32, ""second_result"": ""sat"", ""second_timeout_ms"": 300000, ""z3_reason_unknown"": """"}]",sat,sat,0.002926517277956009,31.452245596796274,a66f651322597191ab9f8f8af4c2db61,a66f651322597191ab9f8f8af4c2db61,465c70075211ac54a36a14b0445a009e,True,sat,False,False,False,,"{""0"": ""free"", ""1"": ""free"", ""10"": ""free"", ""11"": ""free"", ""12"": ""free"", ""13"": ""free"", ""14"": ""free"", ""15"": ""free"", ""2"": ""free"", ""3"": ""free"", ""4"": ""free"", ""5"": ""free"", ""6"": ""free"", ""7"": ""free"", ""8"": ""free"", ""9"": ""free""}","{""0"": ""free"", ""1"": ""free"", ""2"": ""free"", ""3"": ""free""}",[],"[0, 1, 2, 3, 4, 5, 6, 7, 8, 9, 10, 11, 12, 13, 14, 15]",[],False,ambiguity,False,uf_axiom,
SR_55__ARK_48,SR_55,ARK_48,SR-ARK,0,1,1,1,0,1,0,0,0,0,0,0,early_late_mixed,gap_uncovered_structural_cell,SR_55__ARK_48,0,32,2,differential,1,"[{""classification"": ""ambiguity"", ""elapsed"": 34.11004512757063, ""first_result"": ""sat"", ""first_timeout_ms"": 60000, ""query_count"": 32, ""second_result"": ""sat"", ""second_timeout_ms"": 300000, ""z3_reason_unknown"": """"}]",sat,sat,0.0024546124041080475,33.56392179057002,edf43a9a19e4a3f3bf1eec668bd00cf6,edf43a9a19e4a3f3bf1eec668bd00cf6,ac53727c5f1003f830934595ab218c5c,True,sat,False,False,False,,"{""0"": ""free"", ""1"": ""free"", ""10"": ""free"", ""11"": ""free"", ""12"": ""free"", ""13"": ""free"", ""14"": ""free"", ""15"": ""free"", ""2"": ""free"", ""3"": ""free"", ""4"": ""free"", ""5"": ""free"", ""6"": ""free"", ""7"": ""free"", ""8"": ""free"", ""9"": ""free""}","{""0"": ""free"", ""1"": ""free"", ""2"": ""free"", ""3"": ""free""}",[],"[0, 1, 2, 3, 4, 5, 6, 7, 8, 9, 10, 11, 12, 13, 14, 15]",[],False,ambiguity,False,uf_axiom,
SR_64__ARK_59,SR_64,ARK_59,SR-ARK,0,0,0,0,0,0,0,0,0,0,1,0,early_late_mixed,gap_uncovered_structural_cell,SR_64__ARK_59,0,32,2,differential,1,"[{""classification"": ""ambiguity"", ""elapsed"": 35.66040572524071, ""first_result"": ""sat"", ""first_timeout_ms"": 60000, ""query_count"": 32, ""second_result"": ""sat"", ""second_timeout_ms"": 300000, ""z3_reason_unknown"": """"}]",sat,sat,0.0034483671188354492,35.11639663949609,edf43a9a19e4a3f3bf1eec668bd00cf6,edf43a9a19e4a3f3bf1eec668bd00cf6,52282691064197c1fa40c2760693b80d,True,sat,False,False,False,,"{""0"": ""free"", ""1"": ""free"", ""10"": ""free"", ""11"": ""free"", ""12"": ""free"", ""13"": ""free"", ""14"": ""free"", ""15"": ""free"", ""2"": ""free"", ""3"": ""free"", ""4"": ""free"", ""5"": ""free"", ""6"": ""free"", ""7"": ""free"", ""8"": ""free"", ""9"": ""free""}","{""0"": ""free"", ""1"": ""free"", ""2"": ""free"", ""3"": ""free""}",[],"[0, 1, 2, 3, 4, 5, 6, 7, 8, 9, 10, 11, 12, 13, 14, 15]",[],False,ambiguity,False,uf_axiom,
SR_118__ARK_124,SR_118,ARK_124,SR-ARK,0,0,0,1,0,0,0,0,0,0,0,0,early_late_mixed,gap_uncovered_structural_cell,SR_118__ARK_124,1,32,2,differential,1,"[{""classification"": ""ambiguity"", ""elapsed"": 36.07204381003976, ""first_result"": ""sat"", ""first_timeout_ms"": 60000, ""query_count"": 32, ""second_result"": ""sat"", ""second_timeout_ms"": 300000, ""z3_reason_unknown"": """"}]",sat,sat,0.0015914682298898697,35.58733496256173,99107579bc3c2c3b0d7a8a6fd1573606,99107579bc3c2c3b0d7a8a6fd1573606,04ae126a8214c9e87258dcbee36f1476,True,sat,False,False,False,,"{""0"": ""free"", ""1"": ""free"", ""10"": ""free"", ""11"": ""free"", ""12"": ""free"", ""13"": ""free"", ""14"": ""free"", ""15"": ""free"", ""2"": ""free"", ""3"": ""free"", ""4"": ""free"", ""5"": ""free"", ""6"": ""free"", ""7"": ""free"", ""8"": ""free"", ""9"": ""free""}","{""0"": ""free"", ""1"": ""free"", ""2"": ""free"", ""3"": ""free""}",[],"[0, 1, 2, 3, 4, 5, 6, 7, 8, 9, 10, 11, 12, 13, 14, 15]",[],False,ambiguity,False,uf_axiom,
SR_55__ARK_48,SR_55,ARK_48,SR-ARK,0,1,1,1,0,1,0,0,0,0,0,0,early_late_mixed,gap_uncovered_structural_cell,SR_55__ARK_48,2,32,2,differential,1,"[{""classification"": ""ambiguity"", ""elapsed"": 39.29222268424928, ""first_result"": ""sat"", ""first_timeout_ms"": 60000, ""query_count"": 32, ""second_result"": ""sat"", ""second_timeout_ms"": 300000, ""z3_reason_unknown"": """"}]",sat,sat,0.0025356747210025787,38.8009287584573,a66f651322597191ab9f8f8af4c2db61,a66f651322597191ab9f8f8af4c2db61,54008183482a0b76cd3a00e7726ae7ba,True,sat,False,False,False,,"{""0"": ""free"", ""1"": ""free"", ""10"": ""free"", ""11"": ""free"", ""12"": ""free"", ""13"": ""free"", ""14"": ""free"", ""15"": ""free"", ""2"": ""free"", ""3"": ""free"", ""4"": ""free"", ""5"": ""free"", ""6"": ""free"", ""7"": ""free"", ""8"": ""free"", ""9"": ""free""}","{""0"": ""free"", ""1"": ""free"", ""2"": ""free"", ""3"": ""free""}",[],"[0, 1, 2, 3, 4, 5, 6, 7, 8, 9, 10, 11, 12, 13, 14, 15]",[],False,ambiguity,False,uf_axiom,
SR_119__ARK_111,SR_119,ARK_111,SR-ARK,0,0,0,1,1,0,1,0,0,0,0,0,early_late_mixed,gap_uncovered_structural_cell,SR_119__ARK_111,0,32,2,differential,1,"[{""classification"": ""ambiguity"", ""elapsed"": 41.49191043153405, ""first_result"": ""sat"", ""first_timeout_ms"": 60000, ""query_count"": 32, ""second_result"": ""sat"", ""second_timeout_ms"": 300000, ""z3_reason_unknown"": """"}]",sat,sat,0.002341998741030693,40.91901784390211,edf43a9a19e4a3f3bf1eec668bd00cf6,edf43a9a19e4a3f3bf1eec668bd00cf6,c0724265ce3c35a4a0272a313ede9c49,True,sat,False,False,False,,"{""0"": ""free"", ""1"": ""free"", ""10"": ""free"", ""11"": ""free"", ""12"": ""free"", ""13"": ""free"", ""14"": ""free"", ""15"": ""free"", ""2"": ""free"", ""3"": ""free"", ""4"": ""free"", ""5"": ""free"", ""6"": ""free"", ""7"": ""free"", ""8"": ""free"", ""9"": ""free""}","{""0"": ""free"", ""1"": ""free"", ""2"": ""free"", ""3"": ""free""}",[],"[0, 1, 2, 3, 4, 5, 6, 7, 8, 9, 10, 11, 12, 13, 14, 15]",[],False,ambiguity,False,uf_axiom,
SR_118__ARK_124,SR_118,ARK_124,SR-ARK,0,0,0,1,0,0,0,0,0,0,0,0,early_late_mixed,gap_uncovered_structural_cell,SR_118__ARK_124,0,32,2,differential,1,"[{""classification"": ""ambiguity"", ""elapsed"": 42.85271303728223, ""first_result"": ""sat"", ""first_timeout_ms"": 60000, ""query_count"": 32, ""second_result"": ""sat"", ""second_timeout_ms"": 300000, ""z3_reason_unknown"": """"}]",sat,sat,0.0016146041452884674,42.40336965397,edf43a9a19e4a3f3bf1eec668bd00cf6,edf43a9a19e4a3f3bf1eec668bd00cf6,724cb59c3d04a07dcf012e9cee84fa11,True,sat,False,False,False,,"{""0"": ""free"", ""1"": ""free"", ""10"": ""free"", ""11"": ""free"", ""12"": ""free"", ""13"": ""free"", ""14"": ""free"", ""15"": ""free"", ""2"": ""free"", ""3"": ""free"", ""4"": ""free"", ""5"": ""free"", ""6"": ""free"", ""7"": ""free"", ""8"": ""free"", ""9"": ""free""}","{""0"": ""free"", ""1"": ""free"", ""2"": ""free"", ""3"": ""free""}",[],"[0, 1, 2, 3, 4, 5, 6, 7, 8, 9, 10, 11, 12, 13, 14, 15]",[],False,ambiguity,False,uf_axiom,
SR_72__ARK_58,SR_72,ARK_58,SR-ARK,0,0,0,0,0,0,0,0,0,0,1,0,early_late_mixed,gap_uncovered_structural_cell,SR_72__ARK_58,1,32,2,differential,1,"[{""classification"": ""ambiguity"", ""elapsed"": 44.33086063712835, ""first_result"": ""sat"", ""first_timeout_ms"": 60000, ""query_count"": 32, ""second_result"": ""sat"", ""second_timeout_ms"": 300000, ""z3_reason_unknown"": """"}]",sat,sat,0.003056855872273445,43.78143380023539,99107579bc3c2c3b0d7a8a6fd1573606,99107579bc3c2c3b0d7a8a6fd1573606,7c9635e6242a801008c0478b396bd03e,True,sat,False,False,False,,"{""0"": ""free"", ""1"": ""free"", ""10"": ""free"", ""11"": ""free"", ""12"": ""free"", ""13"": ""free"", ""14"": ""free"", ""15"": ""free"", ""2"": ""free"", ""3"": ""free"", ""4"": ""free"", ""5"": ""free"", ""6"": ""free"", ""7"": ""free"", ""8"": ""free"", ""9"": ""free""}","{""0"": ""free"", ""1"": ""free"", ""2"": ""free"", ""3"": ""free""}",[],"[0, 1, 2, 3, 4, 5, 6, 7, 8, 9, 10, 11, 12, 13, 14, 15]",[],False,ambiguity,False,uf_axiom,
SR_70__ARK_63,SR_70,ARK_63,SR-ARK,0,0,0,0,0,0,0,0,0,0,1,0,early_late_mixed,gap_uncovered_structural_cell,SR_70__ARK_63,0,32,2,differential,1,"[{""classification"": ""ambiguity"", ""elapsed"": 48.925041012465954, ""first_result"": ""sat"", ""first_timeout_ms"": 60000, ""query_count"": 32, ""second_result"": ""sat"", ""second_timeout_ms"": 300000, ""z3_reason_unknown"": """"}]",sat,sat,0.0019000153988599777,48.40656157396734,edf43a9a19e4a3f3bf1eec668bd00cf6,edf43a9a19e4a3f3bf1eec668bd00cf6,314b72964b83725f8a2003be86a545c4,True,sat,False,False,False,,"{""0"": ""free"", ""1"": ""free"", ""10"": ""free"", ""11"": ""free"", ""12"": ""free"", ""13"": ""free"", ""14"": ""free"", ""15"": ""free"", ""2"": ""free"", ""3"": ""free"", ""4"": ""free"", ""5"": ""free"", ""6"": ""free"", ""7"": ""free"", ""8"": ""free"", ""9"": ""free""}","{""0"": ""free"", ""1"": ""free"", ""2"": ""free"", ""3"": ""free""}",[],"[0, 1, 2, 3, 4, 5, 6, 7, 8, 9, 10, 11, 12, 13, 14, 15]",[],False,ambiguity,False,uf_axiom,
SR_118__ARK_124,SR_118,ARK_124,SR-ARK,0,0,0,1,0,0,0,0,0,0,0,0,early_late_mixed,gap_uncovered_structural_cell,SR_118__ARK_124,2,32,2,differential,1,"[{""classification"": ""ambiguity"", ""elapsed"": 50.426031325012445, ""first_result"": ""sat"", ""first_timeout_ms"": 60000, ""query_count"": 32, ""second_result"": ""sat"", ""second_timeout_ms"": 300000, ""z3_reason_unknown"": """"}]",sat,sat,0.002493850886821747,49.89750556088984,a66f651322597191ab9f8f8af4c2db61,a66f651322597191ab9f8f8af4c2db61,00d5003a30e8882c02a6c22dd0398c6d,True,sat,False,False,False,,"{""0"": ""free"", ""1"": ""free"", ""10"": ""free"", ""11"": ""free"", ""12"": ""free"", ""13"": ""free"", ""14"": ""free"", ""15"": ""free"", ""2"": ""free"", ""3"": ""free"", ""4"": ""free"", ""5"": ""free"", ""6"": ""free"", ""7"": ""free"", ""8"": ""free"", ""9"": ""free""}","{""0"": ""free"", ""1"": ""free"", ""2"": ""free"", ""3"": ""free""}",[],"[0, 1, 2, 3, 4, 5, 6, 7, 8, 9, 10, 11, 12, 13, 14, 15]",[],False,ambiguity,False,uf_axiom,
SR_64__ARK_59,SR_64,ARK_59,SR-ARK,0,0,0,0,0,0,0,0,0,0,1,0,early_late_mixed,gap_uncovered_structural_cell,SR_64__ARK_59,1,32,2,differential,1,"[{""classification"": ""ambiguity"", ""elapsed"": 52.563287790864706, ""first_result"": ""sat"", ""first_timeout_ms"": 60000, ""query_count"": 32, ""second_result"": ""sat"", ""second_timeout_ms"": 300000, ""z3_reason_unknown"": """"}]",sat,sat,0.002962082624435425,51.927868319675326,99107579bc3c2c3b0d7a8a6fd1573606,99107579bc3c2c3b0d7a8a6fd1573606,1255ba02e00f1356815630b90d76c06a,True,sat,False,False,False,,"{""0"": ""free"", ""1"": ""free"", ""10"": ""free"", ""11"": ""free"", ""12"": ""free"", ""13"": ""free"", ""14"": ""free"", ""15"": ""free"", ""2"": ""free"", ""3"": ""free"", ""4"": ""free"", ""5"": ""free"", ""6"": ""free"", ""7"": ""free"", ""8"": ""free"", ""9"": ""free""}","{""0"": ""free"", ""1"": ""free"", ""2"": ""free"", ""3"": ""free""}",[],"[0, 1, 2, 3, 4, 5, 6, 7, 8, 9, 10, 11, 12, 13, 14, 15]",[],False,ambiguity,False,uf_axiom,
SR_13__ARK_122,SR_13,ARK_122,SR-ARK,0,0,0,0,0,0,0,0,0,0,1,0,early_late_mixed,gap_uncovered_structural_cell,SR_13__ARK_122,2,32,2,differential,1,"[{""classification"": ""ambiguity"", ""elapsed"": 57.3359010014683, ""first_result"": ""sat"", ""first_timeout_ms"": 60000, ""query_count"": 32, ""second_result"": ""sat"", ""second_timeout_ms"": 300000, ""z3_reason_unknown"": """"}]",sat,sat,0.0028846729546785355,56.720272747799754,a66f651322597191ab9f8f8af4c2db61,a66f651322597191ab9f8f8af4c2db61,c3e312592f264f328c395fe215680da0,True,sat,False,False,False,,"{""0"": ""free"", ""1"": ""free"", ""10"": ""free"", ""11"": ""free"", ""12"": ""free"", ""13"": ""free"", ""14"": ""free"", ""15"": ""free"", ""2"": ""free"", ""3"": ""free"", ""4"": ""free"", ""5"": ""free"", ""6"": ""free"", ""7"": ""free"", ""8"": ""free"", ""9"": ""free""}","{""0"": ""free"", ""1"": ""free"", ""2"": ""free"", ""3"": ""free""}",[],"[0, 1, 2, 3, 4, 5, 6, 7, 8, 9, 10, 11, 12, 13, 14, 15]",[],False,ambiguity,False,uf_axiom,
SR_82__ARK_52,SR_82,ARK_52,SR-ARK,0,0,1,0,0,0,0,0,1,0,0,0,early_late_mixed,gap_uncovered_structural_cell,SR_82__ARK_52,1,32,2,differential,1,"[{""classification"": ""ambiguity"", ""elapsed"": 60.2975311614573, ""first_result"": ""sat"", ""first_timeout_ms"": 60000, ""query_count"": 32, ""second_result"": ""sat"", ""second_timeout_ms"": 300000, ""z3_reason_unknown"": """"}]",sat,sat,0.001753535121679306,59.83575474657118,99107579bc3c2c3b0d7a8a6fd1573606,99107579bc3c2c3b0d7a8a6fd1573606,10aca97458909bda534fa6d27ca3af25,True,sat,False,False,False,,"{""0"": ""free"", ""1"": ""free"", ""10"": ""free"", ""11"": ""free"", ""12"": ""free"", ""13"": ""free"", ""14"": ""free"", ""15"": ""free"", ""2"": ""free"", ""3"": ""free"", ""4"": ""free"", ""5"": ""free"", ""6"": ""free"", ""7"": ""free"", ""8"": ""free"", ""9"": ""free""}","{""0"": ""free"", ""1"": ""free"", ""2"": ""free"", ""3"": ""free""}",[],"[0, 1, 2, 3, 4, 5, 6, 7, 8, 9, 10, 11, 12, 13, 14, 15]",[],False,ambiguity,False,uf_axiom,
SR_70__ARK_63,SR_70,ARK_63,SR-ARK,0,0,0,0,0,0,0,0,0,0,1,0,early_late_mixed,gap_uncovered_structural_cell,SR_70__ARK_63,2,32,2,differential,1,"[{""classification"": ""ambiguity"", ""elapsed"": 60.65929000452161, ""first_result"": ""sat"", ""first_timeout_ms"": 60000, ""query_count"": 32, ""second_result"": ""sat"", ""second_timeout_ms"": 300000, ""z3_reason_unknown"": """"}]",sat,sat,0.003352111205458641,60.21555310115218,a66f651322597191ab9f8f8af4c2db61,a66f651322597191ab9f8f8af4c2db61,a404c399e88029fca71852dce3a8f86a,True,sat,False,False,False,,"{""0"": ""free"", ""1"": ""free"", ""10"": ""free"", ""11"": ""free"", ""12"": ""free"", ""13"": ""free"", ""14"": ""free"", ""15"": ""free"", ""2"": ""free"", ""3"": ""free"", ""4"": ""free"", ""5"": ""free"", ""6"": ""free"", ""7"": ""free"", ""8"": ""free"", ""9"": ""free""}","{""0"": ""free"", ""1"": ""free"", ""2"": ""free"", ""3"": ""free""}",[],"[0, 1, 2, 3, 4, 5, 6, 7, 8, 9, 10, 11, 12, 13, 14, 15]",[],False,ambiguity,False,uf_axiom,
SR_119__ARK_111,SR_119,ARK_111,SR-ARK,0,0,0,1,1,0,1,0,0,0,0,0,early_late_mixed,gap_uncovered_structural_cell,SR_119__ARK_111,2,32,2,differential,1,"[{""classification"": ""ambiguity"", ""elapsed"": 65.0781987439841, ""first_result"": ""sat"", ""first_timeout_ms"": 60000, ""query_count"": 32, ""second_result"": ""sat"", ""second_timeout_ms"": 300000, ""z3_reason_unknown"": """"}]",sat,sat,0.00292411632835865,48.38495471328497,a66f651322597191ab9f8f8af4c2db61,a66f651322597191ab9f8f8af4c2db61,f347007167598c009a50bd55a44233a0,True,sat,False,False,False,,"{""0"": ""free"", ""1"": ""free"", ""10"": ""free"", ""11"": ""free"", ""12"": ""free"", ""13"": ""free"", ""14"": ""free"", ""15"": ""free"", ""2"": ""free"", ""3"": ""free"", ""4"": ""free"", ""5"": ""free"", ""6"": ""free"", ""7"": ""free"", ""8"": ""free"", ""9"": ""free""}","{""0"": ""free"", ""1"": ""free"", ""2"": ""free"", ""3"": ""free""}",[],"[0, 1, 2, 3, 4, 5, 6, 7, 8, 9, 10, 11, 12, 13, 14, 15]",[],False,ambiguity,False,uf_axiom,
SR_64__ARK_59,SR_64,ARK_59,SR-ARK,0,0,0,0,0,0,0,0,0,0,1,0,early_late_mixed,gap_uncovered_structural_cell,SR_64__ARK_59,2,32,2,differential,1,"[{""classification"": ""ambiguity"", ""elapsed"": 69.51442726887763, ""first_result"": ""sat"", ""first_timeout_ms"": 60000, ""query_count"": 32, ""second_result"": ""sat"", ""second_timeout_ms"": 300000, ""z3_reason_unknown"": """"}]",sat,sat,0.0035016294568777084,68.9741163495928,a66f651322597191ab9f8f8af4c2db61,a66f651322597191ab9f8f8af4c2db61,028b30c112ed70081a0909ea0be09ea0,True,sat,False,False,False,,"{""0"": ""free"", ""1"": ""free"", ""10"": ""free"", ""11"": ""free"", ""12"": ""free"", ""13"": ""free"", ""14"": ""free"", ""15"": ""free"", ""2"": ""free"", ""3"": ""free"", ""4"": ""free"", ""5"": ""free"", ""6"": ""free"", ""7"": ""free"", ""8"": ""free"", ""9"": ""free""}","{""0"": ""free"", ""1"": ""free"", ""2"": ""free"", ""3"": ""free""}",[],"[0, 1, 2, 3, 4, 5, 6, 7, 8, 9, 10, 11, 12, 13, 14, 15]",[],False,ambiguity,False,uf_axiom,
SR_72__ARK_58,SR_72,ARK_58,SR-ARK,0,0,0,0,0,0,0,0,0,0,1,0,early_late_mixed,gap_uncovered_structural_cell,SR_72__ARK_58,0,32,2,differential,1,"[{""classification"": ""ambiguity"", ""elapsed"": 72.5576832704246, ""first_result"": ""sat"", ""first_timeout_ms"": 60000, ""query_count"": 32, ""second_result"": ""sat"", ""second_timeout_ms"": 300000, ""z3_reason_unknown"": """"}]",sat,sat,0.0029453095048666,71.92871965840459,edf43a9a19e4a3f3bf1eec668bd00cf6,edf43a9a19e4a3f3bf1eec668bd00cf6,a84094534a11965aad04b0b49e4846ac,True,sat,False,False,False,,"{""0"": ""free"", ""1"": ""free"", ""10"": ""free"", ""11"": ""free"", ""12"": ""free"", ""13"": ""free"", ""14"": ""free"", ""15"": ""free"", ""2"": ""free"", ""3"": ""free"", ""4"": ""free"", ""5"": ""free"", ""6"": ""free"", ""7"": ""free"", ""8"": ""free"", ""9"": ""free""}","{""0"": ""free"", ""1"": ""free"", ""2"": ""free"", ""3"": ""free""}",[],"[0, 1, 2, 3, 4, 5, 6, 7, 8, 9, 10, 11, 12, 13, 14, 15]",[],False,ambiguity,False,uf_axiom,
SR_82__ARK_52,SR_82,ARK_52,SR-ARK,0,0,1,0,0,0,0,0,1,0,0,0,early_late_mixed,gap_uncovered_structural_cell,SR_82__ARK_52,0,32,2,differential,1,"[{""classification"": ""ambiguity"", ""elapsed"": 73.95328592322767, ""first_result"": ""sat"", ""first_timeout_ms"": 60000, ""query_count"": 32, ""second_result"": ""sat"", ""second_timeout_ms"": 300000, ""z3_reason_unknown"": """"}]",sat,sat,0.0018085893243551254,51.94943116791546,edf43a9a19e4a3f3bf1eec668bd00cf6,edf43a9a19e4a3f3bf1eec668bd00cf6,7680cf003e00086830024a58bcfd30f6,True,sat,False,False,False,,"{""0"": ""free"", ""1"": ""free"", ""10"": ""free"", ""11"": ""free"", ""12"": ""free"", ""13"": ""free"", ""14"": ""free"", ""15"": ""free"", ""2"": ""free"", ""3"": ""free"", ""4"": ""free"", ""5"": ""free"", ""6"": ""free"", ""7"": ""free"", ""8"": ""free"", ""9"": ""free""}","{""0"": ""free"", ""1"": ""free"", ""2"": ""free"", ""3"": ""free""}",[],"[0, 1, 2, 3, 4, 5, 6, 7, 8, 9, 10, 11, 12, 13, 14, 15]",[],False,ambiguity,False,uf_axiom,
SR_24__ARK_99,SR_24,ARK_99,SR-ARK,0,0,0,0,0,0,0,0,0,1,0,0,early_late_mixed,gap_uncovered_structural_cell,SR_24__ARK_99,0,32,2,differential,1,"[{""classification"": ""ambiguity"", ""elapsed"": 75.39542535506189, ""first_result"": ""sat"", ""first_timeout_ms"": 60000, ""query_count"": 32, ""second_result"": ""sat"", ""second_timeout_ms"": 300000, ""z3_reason_unknown"": """"}]",sat,sat,0.0027395877987146378,74.94962692260742,edf43a9a19e4a3f3bf1eec668bd00cf6,edf43a9a19e4a3f3bf1eec668bd00cf6,043de1b805594fc43a513540da1b2e38,True,sat,False,False,False,,"{""0"": ""free"", ""1"": ""free"", ""10"": ""free"", ""11"": ""free"", ""12"": ""free"", ""13"": ""free"", ""14"": ""free"", ""15"": ""free"", ""2"": ""free"", ""3"": ""free"", ""4"": ""free"", ""5"": ""free"", ""6"": ""free"", ""7"": ""free"", ""8"": ""free"", ""9"": ""free""}","{""0"": ""free"", ""1"": ""free"", ""2"": ""free"", ""3"": ""free""}",[],"[0, 1, 2, 3, 4, 5, 6, 7, 8, 9, 10, 11, 12, 13, 14, 15]",[],False,ambiguity,False,uf_axiom,
SR_24__ARK_99,SR_24,ARK_99,SR-ARK,0,0,0,0,0,0,0,0,0,1,0,0,early_late_mixed,gap_uncovered_structural_cell,SR_24__ARK_99,1,32,2,differential,1,"[{""classification"": ""ambiguity"", ""elapsed"": 84.94587679766119, ""first_result"": ""sat"", ""first_timeout_ms"": 60000, ""query_count"": 32, ""second_result"": ""sat"", ""second_timeout_ms"": 300000, ""z3_reason_unknown"": """"}]",sat,sat,0.003255559131503105,84.44692824780941,99107579bc3c2c3b0d7a8a6fd1573606,99107579bc3c2c3b0d7a8a6fd1573606,dbb606609860ea804f45376110785e30,True,sat,False,False,False,,"{""0"": ""free"", ""1"": ""free"", ""10"": ""free"", ""11"": ""free"", ""12"": ""free"", ""13"": ""free"", ""14"": ""free"", ""15"": ""free"", ""2"": ""free"", ""3"": ""free"", ""4"": ""free"", ""5"": ""free"", ""6"": ""free"", ""7"": ""free"", ""8"": ""free"", ""9"": ""free""}","{""0"": ""free"", ""1"": ""free"", ""2"": ""free"", ""3"": ""free""}",[],"[0, 1, 2, 3, 4, 5, 6, 7, 8, 9, 10, 11, 12, 13, 14, 15]",[],False,ambiguity,False,uf_axiom,
SR_33__ARK_18,SR_33,ARK_18,SR-ARK,0,0,0,0,0,0,0,0,0,0,1,0,early_late_mixed,gap_uncovered_structural_cell,SR_33__ARK_18,1,32,2,differential,1,"[{""classification"": ""ambiguity"", ""elapsed"": 135.58757423236966, ""first_result"": ""sat"", ""first_timeout_ms"": 60000, ""query_count"": 32, ""second_result"": ""sat"", ""second_timeout_ms"": 300000, ""z3_reason_unknown"": """"}]",sat,sat,0.002808310091495514,134.98052507080138,99107579bc3c2c3b0d7a8a6fd1573606,99107579bc3c2c3b0d7a8a6fd1573606,00161a887b25128c78c1f210e5cf7bb6,True,sat,False,False,False,,"{""0"": ""free"", ""1"": ""free"", ""10"": ""free"", ""11"": ""free"", ""12"": ""free"", ""13"": ""free"", ""14"": ""free"", ""15"": ""free"", ""2"": ""free"", ""3"": ""free"", ""4"": ""free"", ""5"": ""free"", ""6"": ""free"", ""7"": ""free"", ""8"": ""free"", ""9"": ""free""}","{""0"": ""free"", ""1"": ""free"", ""2"": ""free"", ""3"": ""free""}",[],"[0, 1, 2, 3, 4, 5, 6, 7, 8, 9, 10, 11, 12, 13, 14, 15]",[],False,ambiguity,False,uf_axiom,
SR_30__ARK_68,SR_30,ARK_68,SR-ARK,0,0,0,0,0,0,0,0,0,0,1,0,early_late_mixed,gap_uncovered_structural_cell,SR_30__ARK_68,2,32,2,differential,1,"[{""classification"": ""ambiguity"", ""elapsed"": 15.38144645281136, ""first_result"": ""sat"", ""first_timeout_ms"": 60000, ""query_count"": 32, ""second_result"": ""sat"", ""second_timeout_ms"": 300000, ""z3_reason_unknown"": """"}]",sat,sat,0.0029406771063804626,14.82740437798202,a66f651322597191ab9f8f8af4c2db61,a66f651322597191ab9f8f8af4c2db61,8060032f242612679c8654cbf3b1820b,True,sat,False,False,False,,"{""0"": ""free"", ""1"": ""free"", ""10"": ""free"", ""11"": ""free"", ""12"": ""free"", ""13"": ""free"", ""14"": ""free"", ""15"": ""free"", ""2"": ""free"", ""3"": ""free"", ""4"": ""free"", ""5"": ""free"", ""6"": ""free"", ""7"": ""free"", ""8"": ""free"", ""9"": ""free""}","{""0"": ""free"", ""1"": ""free"", ""2"": ""free"", ""3"": ""free""}",[],"[0, 1, 2, 3, 4, 5, 6, 7, 8, 9, 10, 11, 12, 13, 14, 15]",[],False,ambiguity,False,uf_axiom,
SR_7__ARK_86,SR_7,ARK_86,SR-ARK,0,0,0,0,0,0,0,0,0,0,1,0,early_late_mixed,gap_uncovered_structural_cell,SR_7__ARK_86,1,32,2,differential,1,"[{""classification"": ""ambiguity"", ""elapsed"": 17.989844650030136, ""first_result"": ""sat"", ""first_timeout_ms"": 60000, ""query_count"": 32, ""second_result"": ""sat"", ""second_timeout_ms"": 300000, ""z3_reason_unknown"": """"}]",sat,sat,0.0029054246842861176,17.43237989768386,99107579bc3c2c3b0d7a8a6fd1573606,99107579bc3c2c3b0d7a8a6fd1573606,a3803c10110a8116edcda83109ae173d,True,sat,False,False,False,,"{""0"": ""free"", ""1"": ""free"", ""10"": ""free"", ""11"": ""free"", ""12"": ""free"", ""13"": ""free"", ""14"": ""free"", ""15"": ""free"", ""2"": ""free"", ""3"": ""free"", ""4"": ""free"", ""5"": ""free"", ""6"": ""free"", ""7"": ""free"", ""8"": ""free"", ""9"": ""free""}","{""0"": ""free"", ""1"": ""free"", ""2"": ""free"", ""3"": ""free""}",[],"[0, 1, 2, 3, 4, 5, 6, 7, 8, 9, 10, 11, 12, 13, 14, 15]",[],False,ambiguity,False,uf_axiom,
SR_7__ARK_86,SR_7,ARK_86,SR-ARK,0,0,0,0,0,0,0,0,0,0,1,0,early_late_mixed,gap_uncovered_structural_cell,SR_7__ARK_86,2,32,2,differential,1,"[{""classification"": ""ambiguity"", ""elapsed"": 19.21118056215346, ""first_result"": ""sat"", ""first_timeout_ms"": 60000, ""query_count"": 32, ""second_result"": ""sat"", ""second_timeout_ms"": 300000, ""z3_reason_unknown"": """"}]",sat,sat,0.003323812037706375,18.637518230825663,a66f651322597191ab9f8f8af4c2db61,a66f651322597191ab9f8f8af4c2db61,060cdc5121e21c300111fb707280a582,True,sat,False,False,False,,"{""0"": ""free"", ""1"": ""free"", ""10"": ""free"", ""11"": ""free"", ""12"": ""free"", ""13"": ""free"", ""14"": ""free"", ""15"": ""free"", ""2"": ""free"", ""3"": ""free"", ""4"": ""free"", ""5"": ""free"", ""6"": ""free"", ""7"": ""free"", ""8"": ""free"", ""9"": ""free""}","{""0"": ""free"", ""1"": ""free"", ""2"": ""free"", ""3"": ""free""}",[],"[0, 1, 2, 3, 4, 5, 6, 7, 8, 9, 10, 11, 12, 13, 14, 15]",[],False,ambiguity,False,uf_axiom,
SR_9__ARK_75,SR_9,ARK_75,SR-ARK,0,0,1,0,0,0,0,0,1,0,0,0,early_late_mixed,gap_uncovered_structural_cell,SR_9__ARK_75,2,32,2,differential,1,"[{""classification"": ""ambiguity"", ""elapsed"": 20.863149812445045, ""first_result"": ""sat"", ""first_timeout_ms"": 60000, ""query_count"": 32, ""second_result"": ""sat"", ""second_timeout_ms"": 300000, ""z3_reason_unknown"": """"}]",sat,sat,0.002801964059472084,20.394505279138684,a66f651322597191ab9f8f8af4c2db61,a66f651322597191ab9f8f8af4c2db61,0009544107c794480b747a4300eb89f6,True,sat,False,False,False,,"{""0"": ""free"", ""1"": ""free"", ""10"": ""free"", ""11"": ""free"", ""12"": ""free"", ""13"": ""free"", ""14"": ""free"", ""15"": ""free"", ""2"": ""free"", ""3"": ""free"", ""4"": ""free"", ""5"": ""free"", ""6"": ""free"", ""7"": ""free"", ""8"": ""free"", ""9"": ""free""}","{""0"": ""free"", ""1"": ""free"", ""2"": ""free"", ""3"": ""free""}",[],"[0, 1, 2, 3, 4, 5, 6, 7, 8, 9, 10, 11, 12, 13, 14, 15]",[],False,ambiguity,False,uf_axiom,
SR_112__ARK_64,SR_112,ARK_64,SR-ARK,0,0,0,0,1,0,0,0,0,0,1,0,early_late_mixed,gap_uncovered_structural_cell,SR_112__ARK_64,1,32,2,differential,1,"[{""classification"": ""ambiguity"", ""elapsed"": 21.89222409762442, ""first_result"": ""sat"", ""first_timeout_ms"": 60000, ""query_count"": 32, ""second_result"": ""sat"", ""second_timeout_ms"": 300000, ""z3_reason_unknown"": """"}]",sat,sat,0.0016980022192001343,21.519213574007154,99107579bc3c2c3b0d7a8a6fd1573606,99107579bc3c2c3b0d7a8a6fd1573606,efb47c5a9333102a4826a60b42e5c540,True,sat,False,False,False,,"{""0"": ""free"", ""1"": ""free"", ""10"": ""free"", ""11"": ""free"", ""12"": ""free"", ""13"": ""free"", ""14"": ""free"", ""15"": ""free"", ""2"": ""free"", ""3"": ""free"", ""4"": ""free"", ""5"": ""free"", ""6"": ""free"", ""7"": ""free"", ""8"": ""free"", ""9"": ""free""}","{""0"": ""free"", ""1"": ""free"", ""2"": ""free"", ""3"": ""free""}",[],"[0, 1, 2, 3, 4, 5, 6, 7, 8, 9, 10, 11, 12, 13, 14, 15]",[],False,ambiguity,False,uf_axiom,
SR_85__ARK_20,SR_85,ARK_20,SR-ARK,0,0,1,0,0,0,0,0,1,0,0,0,early_late_mixed,gap_uncovered_structural_cell,SR_85__ARK_20,0,32,2,differential,1,"[{""classification"": ""ambiguity"", ""elapsed"": 23.345704654231668, ""first_result"": ""sat"", ""first_timeout_ms"": 60000, ""query_count"": 32, ""second_result"": ""sat"", ""second_timeout_ms"": 300000, ""z3_reason_unknown"": """"}]",sat,sat,0.0028475597500801086,22.788708601146936,edf43a9a19e4a3f3bf1eec668bd00cf6,edf43a9a19e4a3f3bf1eec668bd00cf6,bc671a19b08efea5201022003a49a0b3,True,sat,False,False,False,,"{""0"": ""free"", ""1"": ""free"", ""10"": ""free"", ""11"": ""free"", ""12"": ""free"", ""13"": ""free"", ""14"": ""free"", ""15"": ""free"", ""2"": ""free"", ""3"": ""free"", ""4"": ""free"", ""5"": ""free"", ""6"": ""free"", ""7"": ""free"", ""8"": ""free"", ""9"": ""free""}","{""0"": ""free"", ""1"": ""free"", ""2"": ""free"", ""3"": ""free""}",[],"[0, 1, 2, 3, 4, 5, 6, 7, 8, 9, 10, 11, 12, 13, 14, 15]",[],False,ambiguity,False,uf_axiom,
SR_75__ARK_25,SR_75,ARK_25,SR-ARK,0,0,0,0,0,0,0,0,0,1,0,0,early_late_mixed,gap_uncovered_structural_cell,SR_75__ARK_25,2,32,2,differential,1,"[{""classification"": ""ambiguity"", ""elapsed"": 23.615265779197216, ""first_result"": ""sat"", ""first_timeout_ms"": 60000, ""query_count"": 32, ""second_result"": ""sat"", ""second_timeout_ms"": 300000, ""z3_reason_unknown"": """"}]",sat,sat,0.0028197932988405228,23.079182049259543,a66f651322597191ab9f8f8af4c2db61,a66f651322597191ab9f8f8af4c2db61,482db13348d4f252e9ed3160b4c48695,True,sat,False,False,False,,"{""0"": ""free"", ""1"": ""free"", ""10"": ""free"", ""11"": ""free"", ""12"": ""free"", ""13"": ""free"", ""14"": ""free"", ""15"": ""free"", ""2"": ""free"", ""3"": ""free"", ""4"": ""free"", ""5"": ""free"", ""6"": ""free"", ""7"": ""free"", ""8"": ""free"", ""9"": ""free""}","{""0"": ""free"", ""1"": ""free"", ""2"": ""free"", ""3"": ""free""}",[],"[0, 1, 2, 3, 4, 5, 6, 7, 8, 9, 10, 11, 12, 13, 14, 15]",[],False,ambiguity,False,uf_axiom,
SR_6__ARK_120,SR_6,ARK_120,SR-ARK,0,0,0,0,0,0,0,0,0,0,1,0,early_late_mixed,gap_uncovered_structural_cell,SR_6__ARK_120,1,32,2,differential,1,"[{""classification"": ""ambiguity"", ""elapsed"": 25.905875485390425, ""first_result"": ""sat"", ""first_timeout_ms"": 60000, ""query_count"": 32, ""second_result"": ""sat"", ""second_timeout_ms"": 300000, ""z3_reason_unknown"": """"}]",sat,sat,0.003061871975660324,25.35420055128634,99107579bc3c2c3b0d7a8a6fd1573606,99107579bc3c2c3b0d7a8a6fd1573606,40beffd427cc0b4a08722b8819c689fc,True,sat,False,False,False,,"{""0"": ""free"", ""1"": ""free"", ""10"": ""free"", ""11"": ""free"", ""12"": ""free"", ""13"": ""free"", ""14"": ""free"", ""15"": ""free"", ""2"": ""free"", ""3"": ""free"", ""4"": ""free"", ""5"": ""free"", ""6"": ""free"", ""7"": ""free"", ""8"": ""free"", ""9"": ""free""}","{""0"": ""free"", ""1"": ""free"", ""2"": ""free"", ""3"": ""free""}",[],"[0, 1, 2, 3, 4, 5, 6, 7, 8, 9, 10, 11, 12, 13, 14, 15]",[],False,ambiguity,False,uf_axiom,
SR_85__ARK_20,SR_85,ARK_20,SR-ARK,0,0,1,0,0,0,0,0,1,0,0,0,early_late_mixed,gap_uncovered_structural_cell,SR_85__ARK_20,1,32,2,differential,1,"[{""classification"": ""ambiguity"", ""elapsed"": 26.784082328900695, ""first_result"": ""sat"", ""first_timeout_ms"": 60000, ""query_count"": 32, ""second_result"": ""sat"", ""second_timeout_ms"": 300000, ""z3_reason_unknown"": """"}]",sat,sat,0.0033355746418237686,26.24012844823301,99107579bc3c2c3b0d7a8a6fd1573606,99107579bc3c2c3b0d7a8a6fd1573606,250e90c200908ce511d84eb2eceb00dc,True,sat,False,False,False,,"{""0"": ""free"", ""1"": ""free"", ""10"": ""free"", ""11"": ""free"", ""12"": ""free"", ""13"": ""free"", ""14"": ""free"", ""15"": ""free"", ""2"": ""free"", ""3"": ""free"", ""4"": ""free"", ""5"": ""free"", ""6"": ""free"", ""7"": ""free"", ""8"": ""free"", ""9"": ""free""}","{""0"": ""free"", ""1"": ""free"", ""2"": ""free"", ""3"": ""free""}",[],"[0, 1, 2, 3, 4, 5, 6, 7, 8, 9, 10, 11, 12, 13, 14, 15]",[],False,ambiguity,False,uf_axiom,
SR_33__ARK_101,SR_33,ARK_101,SR-ARK,0,0,1,0,0,0,0,0,1,0,0,0,early_late_mixed,gap_uncovered_structural_cell,SR_33__ARK_101,0,32,2,differential,1,"[{""classification"": ""ambiguity"", ""elapsed"": 27.361849781125784, ""first_result"": ""sat"", ""first_timeout_ms"": 60000, ""query_count"": 32, ""second_result"": ""sat"", ""second_timeout_ms"": 300000, ""z3_reason_unknown"": """"}]",sat,sat,0.002780625596642494,26.830742655321956,edf43a9a19e4a3f3bf1eec668bd00cf6,edf43a9a19e4a3f3bf1eec668bd00cf6,a029f7080af55710803b5d91004e33da,True,sat,False,False,False,,"{""0"": ""free"", ""1"": ""free"", ""10"": ""free"", ""11"": ""free"", ""12"": ""free"", ""13"": ""free"", ""14"": ""free"", ""15"": ""free"", ""2"": ""free"", ""3"": ""free"", ""4"": ""free"", ""5"": ""free"", ""6"": ""free"", ""7"": ""free"", ""8"": ""free"", ""9"": ""free""}","{""0"": ""free"", ""1"": ""free"", ""2"": ""free"", ""3"": ""free""}",[],"[0, 1, 2, 3, 4, 5, 6, 7, 8, 9, 10, 11, 12, 13, 14, 15]",[],False,ambiguity,False,uf_axiom,
SR_112__ARK_64,SR_112,ARK_64,SR-ARK,0,0,0,0,1,0,0,0,0,0,1,0,early_late_mixed,gap_uncovered_structural_cell,SR_112__ARK_64,0,32,2,differential,1,"[{""classification"": ""ambiguity"", ""elapsed"": 32.99799641221762, ""first_result"": ""sat"", ""first_timeout_ms"": 60000, ""query_count"": 32, ""second_result"": ""sat"", ""second_timeout_ms"": 300000, ""z3_reason_unknown"": """"}]",sat,sat,0.0027465838938951492,32.459700260311365,edf43a9a19e4a3f3bf1eec668bd00cf6,edf43a9a19e4a3f3bf1eec668bd00cf6,b2005fd60c36423d24c967ac5cccfde2,True,sat,False,False,False,,"{""0"": ""free"", ""1"": ""free"", ""10"": ""free"", ""11"": ""free"", ""12"": ""free"", ""13"": ""free"", ""14"": ""free"", ""15"": ""free"", ""2"": ""free"", ""3"": ""free"", ""4"": ""free"", ""5"": ""free"", ""6"": ""free"", ""7"": ""free"", ""8"": ""free"", ""9"": ""free""}","{""0"": ""free"", ""1"": ""free"", ""2"": ""free"", ""3"": ""free""}",[],"[0, 1, 2, 3, 4, 5, 6, 7, 8, 9, 10, 11, 12, 13, 14, 15]",[],False,ambiguity,False,uf_axiom,
SR_9__ARK_75,SR_9,ARK_75,SR-ARK,0,0,1,0,0,0,0,0,1,0,0,0,early_late_mixed,gap_uncovered_structural_cell,SR_9__ARK_75,0,32,2,differential,1,"[{""classification"": ""ambiguity"", ""elapsed"": 33.397390158846974, ""first_result"": ""sat"", ""first_timeout_ms"": 60000, ""query_count"": 32, ""second_result"": ""sat"", ""second_timeout_ms"": 300000, ""z3_reason_unknown"": """"}]",sat,sat,0.002792937681078911,32.850434800609946,edf43a9a19e4a3f3bf1eec668bd00cf6,edf43a9a19e4a3f3bf1eec668bd00cf6,238834004200ea90f57c1b4a7555ee83,True,sat,False,False,False,,"{""0"": ""free"", ""1"": ""free"", ""10"": ""free"", ""11"": ""free"", ""12"": ""free"", ""13"": ""free"", ""14"": ""free"", ""15"": ""free"", ""2"": ""free"", ""3"": ""free"", ""4"": ""free"", ""5"": ""free"", ""6"": ""free"", ""7"": ""free"", ""8"": ""free"", ""9"": ""free""}","{""0"": ""free"", ""1"": ""free"", ""2"": ""free"", ""3"": ""free""}",[],"[0, 1, 2, 3, 4, 5, 6, 7, 8, 9, 10, 11, 12, 13, 14, 15]",[],False,ambiguity,False,uf_axiom,
SR_98__ARK_20,SR_98,ARK_20,SR-ARK,0,0,0,0,0,0,0,0,0,0,1,0,early_late_mixed,gap_uncovered_structural_cell,SR_98__ARK_20,2,32,2,differential,1,"[{""classification"": ""ambiguity"", ""elapsed"": 33.42760934121907, ""first_result"": ""sat"", ""first_timeout_ms"": 60000, ""query_count"": 32, ""second_result"": ""sat"", ""second_timeout_ms"": 300000, ""z3_reason_unknown"": """"}]",sat,sat,0.001659732311964035,33.04896659962833,a66f651322597191ab9f8f8af4c2db61,a66f651322597191ab9f8f8af4c2db61,90ae00409da04a401412dd873057b190,True,sat,False,False,False,,"{""0"": ""free"", ""1"": ""free"", ""10"": ""free"", ""11"": ""free"", ""12"": ""free"", ""13"": ""free"", ""14"": ""free"", ""15"": ""free"", ""2"": ""free"", ""3"": ""free"", ""4"": ""free"", ""5"": ""free"", ""6"": ""free"", ""7"": ""free"", ""8"": ""free"", ""9"": ""free""}","{""0"": ""free"", ""1"": ""free"", ""2"": ""free"", ""3"": ""free""}",[],"[0, 1, 2, 3, 4, 5, 6, 7, 8, 9, 10, 11, 12, 13, 14, 15]",[],False,ambiguity,False,uf_axiom,
SR_81__ARK_34,SR_81,ARK_34,SR-ARK,0,0,0,0,0,0,0,0,0,0,1,0,early_late_mixed,gap_uncovered_structural_cell,SR_81__ARK_34,0,32,2,differential,1,"[{""classification"": ""ambiguity"", ""elapsed"": 34.37276131473482, ""first_result"": ""sat"", ""first_timeout_ms"": 60000, ""query_count"": 32, ""second_result"": ""sat"", ""second_timeout_ms"": 300000, ""z3_reason_unknown"": """"}]",sat,sat,0.0029704514890909195,33.82934690825641,edf43a9a19e4a3f3bf1eec668bd00cf6,edf43a9a19e4a3f3bf1eec668bd00cf6,622d505f89197b1223a1a33a62b21408,True,sat,False,False,False,,"{""0"": ""free"", ""1"": ""free"", ""10"": ""free"", ""11"": ""free"", ""12"": ""free"", ""13"": ""free"", ""14"": ""free"", ""15"": ""free"", ""2"": ""free"", ""3"": ""free"", ""4"": ""free"", ""5"": ""free"", ""6"": ""free"", ""7"": ""free"", ""8"": ""free"", ""9"": ""free""}","{""0"": ""free"", ""1"": ""free"", ""2"": ""free"", ""3"": ""free""}",[],"[0, 1, 2, 3, 4, 5, 6, 7, 8, 9, 10, 11, 12, 13, 14, 15]",[],False,ambiguity,False,uf_axiom,
SR_98__ARK_20,SR_98,ARK_20,SR-ARK,0,0,0,0,0,0,0,0,0,0,1,0,early_late_mixed,gap_uncovered_structural_cell,SR_98__ARK_20,0,32,2,differential,1,"[{""classification"": ""ambiguity"", ""elapsed"": 36.105860475450754, ""first_result"": ""sat"", ""first_timeout_ms"": 60000, ""query_count"": 32, ""second_result"": ""sat"", ""second_timeout_ms"": 300000, ""z3_reason_unknown"": """"}]",sat,sat,0.0036557596176862717,35.54878424666822,edf43a9a19e4a3f3bf1eec668bd00cf6,edf43a9a19e4a3f3bf1eec668bd00cf6,0c040830faa3290602fc6364d51bea01,True,sat,False,False,False,,"{""0"": ""free"", ""1"": ""free"", ""10"": ""free"", ""11"": ""free"", ""12"": ""free"", ""13"": ""free"", ""14"": ""free"", ""15"": ""free"", ""2"": ""free"", ""3"": ""free"", ""4"": ""free"", ""5"": ""free"", ""6"": ""free"", ""7"": ""free"", ""8"": ""free"", ""9"": ""free""}","{""0"": ""free"", ""1"": ""free"", ""2"": ""free"", ""3"": ""free""}",[],"[0, 1, 2, 3, 4, 5, 6, 7, 8, 9, 10, 11, 12, 13, 14, 15]",[],False,ambiguity,False,uf_axiom,
SR_85__ARK_20,SR_85,ARK_20,SR-ARK,0,0,1,0,0,0,0,0,1,0,0,0,early_late_mixed,gap_uncovered_structural_cell,SR_85__ARK_20,2,32,2,differential,1,"[{""classification"": ""ambiguity"", ""elapsed"": 37.678118569776416, ""first_result"": ""sat"", ""first_timeout_ms"": 60000, ""query_count"": 32, ""second_result"": ""sat"", ""second_timeout_ms"": 300000, ""z3_reason_unknown"": """"}]",sat,sat,0.0025410372763872147,37.21349326707423,a66f651322597191ab9f8f8af4c2db61,a66f651322597191ab9f8f8af4c2db61,5473830efba045a46a00e8e011a01d6a,True,sat,False,False,False,,"{""0"": ""free"", ""1"": ""free"", ""10"": ""free"", ""11"": ""free"", ""12"": ""free"", ""13"": ""free"", ""14"": ""free"", ""15"": ""free"", ""2"": ""free"", ""3"": ""free"", ""4"": ""free"", ""5"": ""free"", ""6"": ""free"", ""7"": ""free"", ""8"": ""free"", ""9"": ""free""}","{""0"": ""free"", ""1"": ""free"", ""2"": ""free"", ""3"": ""free""}",[],"[0, 1, 2, 3, 4, 5, 6, 7, 8, 9, 10, 11, 12, 13, 14, 15]",[],False,ambiguity,False,uf_axiom,
SR_9__ARK_75,SR_9,ARK_75,SR-ARK,0,0,1,0,0,0,0,0,1,0,0,0,early_late_mixed,gap_uncovered_structural_cell,SR_9__ARK_75,1,32,2,differential,1,"[{""classification"": ""ambiguity"", ""elapsed"": 39.2237496227026, ""first_result"": ""sat"", ""first_timeout_ms"": 60000, ""query_count"": 32, ""second_result"": ""sat"", ""second_timeout_ms"": 300000, ""z3_reason_unknown"": """"}]",sat,sat,0.0020563118159770966,38.71867673844099,99107579bc3c2c3b0d7a8a6fd1573606,99107579bc3c2c3b0d7a8a6fd1573606,6156513280dc474da000ffbb3800a8f6,True,sat,False,False,False,,"{""0"": ""free"", ""1"": ""free"", ""10"": ""free"", ""11"": ""free"", ""12"": ""free"", ""13"": ""free"", ""14"": ""free"", ""15"": ""free"", ""2"": ""free"", ""3"": ""free"", ""4"": ""free"", ""5"": ""free"", ""6"": ""free"", ""7"": ""free"", ""8"": ""free"", ""9"": ""free""}","{""0"": ""free"", ""1"": ""free"", ""2"": ""free"", ""3"": ""free""}",[],"[0, 1, 2, 3, 4, 5, 6, 7, 8, 9, 10, 11, 12, 13, 14, 15]",[],False,ambiguity,False,uf_axiom,
SR_6__ARK_120,SR_6,ARK_120,SR-ARK,0,0,0,0,0,0,0,0,0,0,1,0,early_late_mixed,gap_uncovered_structural_cell,SR_6__ARK_120,0,32,2,differential,1,"[{""classification"": ""ambiguity"", ""elapsed"": 42.76400242000818, ""first_result"": ""sat"", ""first_timeout_ms"": 60000, ""query_count"": 32, ""second_result"": ""sat"", ""second_timeout_ms"": 300000, ""z3_reason_unknown"": """"}]",sat,sat,0.0030501261353492737,42.2093671746552,edf43a9a19e4a3f3bf1eec668bd00cf6,edf43a9a19e4a3f3bf1eec668bd00cf6,0c6dc88b8e958809680f7ff6c9b052bd,True,sat,False,False,False,,"{""0"": ""free"", ""1"": ""free"", ""10"": ""free"", ""11"": ""free"", ""12"": ""free"", ""13"": ""free"", ""14"": ""free"", ""15"": ""free"", ""2"": ""free"", ""3"": ""free"", ""4"": ""free"", ""5"": ""free"", ""6"": ""free"", ""7"": ""free"", ""8"": ""free"", ""9"": ""free""}","{""0"": ""free"", ""1"": ""free"", ""2"": ""free"", ""3"": ""free""}",[],"[0, 1, 2, 3, 4, 5, 6, 7, 8, 9, 10, 11, 12, 13, 14, 15]",[],False,ambiguity,False,uf_axiom,
SR_75__ARK_25,SR_75,ARK_25,SR-ARK,0,0,0,0,0,0,0,0,0,1,0,0,early_late_mixed,gap_uncovered_structural_cell,SR_75__ARK_25,0,32,2,differential,1,"[{""classification"": ""ambiguity"", ""elapsed"": 43.066244285553694, ""first_result"": ""sat"", ""first_timeout_ms"": 60000, ""query_count"": 32, ""second_result"": ""sat"", ""second_timeout_ms"": 300000, ""z3_reason_unknown"": """"}]",sat,sat,0.0035155341029167175,42.48243998363614,edf43a9a19e4a3f3bf1eec668bd00cf6,edf43a9a19e4a3f3bf1eec668bd00cf6,d2005169589bee675007d8000f919ad7,True,sat,False,False,False,,"{""0"": ""free"", ""1"": ""free"", ""10"": ""free"", ""11"": ""free"", ""12"": ""free"", ""13"": ""free"", ""14"": ""free"", ""15"": ""free"", ""2"": ""free"", ""3"": ""free"", ""4"": ""free"", ""5"": ""free"", ""6"": ""free"", ""7"": ""free"", ""8"": ""free"", ""9"": ""free""}","{""0"": ""free"", ""1"": ""free"", ""2"": ""free"", ""3"": ""free""}",[],"[0, 1, 2, 3, 4, 5, 6, 7, 8, 9, 10, 11, 12, 13, 14, 15]",[],False,ambiguity,False,uf_axiom,
SR_81__ARK_34,SR_81,ARK_34,SR-ARK,0,0,0,0,0,0,0,0,0,0,1,0,early_late_mixed,gap_uncovered_structural_cell,SR_81__ARK_34,2,32,2,differential,1,"[{""classification"": ""ambiguity"", ""elapsed"": 45.461619751527905, ""first_result"": ""sat"", ""first_timeout_ms"": 60000, ""query_count"": 32, ""second_result"": ""sat"", ""second_timeout_ms"": 300000, ""z3_reason_unknown"": """"}]",sat,sat,0.0026851296424865723,45.013889491558075,a66f651322597191ab9f8f8af4c2db61,a66f651322597191ab9f8f8af4c2db61,397f6aa78503424ff95241d8c04e3191,True,sat,False,False,False,,"{""0"": ""free"", ""1"": ""free"", ""10"": ""free"", ""11"": ""free"", ""12"": ""free"", ""13"": ""free"", ""14"": ""free"", ""15"": ""free"", ""2"": ""free"", ""3"": ""free"", ""4"": ""free"", ""5"": ""free"", ""6"": ""free"", ""7"": ""free"", ""8"": ""free"", ""9"": ""free""}","{""0"": ""free"", ""1"": ""free"", ""2"": ""free"", ""3"": ""free""}",[],"[0, 1, 2, 3, 4, 5, 6, 7, 8, 9, 10, 11, 12, 13, 14, 15]",[],False,ambiguity,False,uf_axiom,
SR_75__ARK_25,SR_75,ARK_25,SR-ARK,0,0,0,0,0,0,0,0,0,1,0,0,early_late_mixed,gap_uncovered_structural_cell,SR_75__ARK_25,1,32,2,differential,1,"[{""classification"": ""ambiguity"", ""elapsed"": 56.54960375279188, ""first_result"": ""sat"", ""first_timeout_ms"": 60000, ""query_count"": 32, ""second_result"": ""sat"", ""second_timeout_ms"": 300000, ""z3_reason_unknown"": """"}]",sat,sat,0.0018918104469776154,56.111317524686456,99107579bc3c2c3b0d7a8a6fd1573606,99107579bc3c2c3b0d7a8a6fd1573606,1600b466c07f1c999c22676c4bd5f61c,True,sat,False,False,False,,"{""0"": ""free"", ""1"": ""free"", ""10"": ""free"", ""11"": ""free"", ""12"": ""free"", ""13"": ""free"", ""14"": ""free"", ""15"": ""free"", ""2"": ""free"", ""3"": ""free"", ""4"": ""free"", ""5"": ""free"", ""6"": ""free"", ""7"": ""free"", ""8"": ""free"", ""9"": ""free""}","{""0"": ""free"", ""1"": ""free"", ""2"": ""free"", ""3"": ""free""}",[],"[0, 1, 2, 3, 4, 5, 6, 7, 8, 9, 10, 11, 12, 13, 14, 15]",[],False,ambiguity,False,uf_axiom,
SR_33__ARK_101,SR_33,ARK_101,SR-ARK,0,0,1,0,0,0,0,0,1,0,0,0,early_late_mixed,gap_uncovered_structural_cell,SR_33__ARK_101,1,32,2,differential,1,"[{""classification"": ""ambiguity"", ""elapsed"": 58.04588056355715, ""first_result"": ""sat"", ""first_timeout_ms"": 60000, ""query_count"": 32, ""second_result"": ""sat"", ""second_timeout_ms"": 300000, ""z3_reason_unknown"": """"}]",sat,sat,0.0017026234418153763,27.669719368219376,99107579bc3c2c3b0d7a8a6fd1573606,99107579bc3c2c3b0d7a8a6fd1573606,fe4ff142676fe4240ddbe91ad190b589,True,sat,False,False,False,,"{""0"": ""free"", ""1"": ""free"", ""10"": ""free"", ""11"": ""free"", ""12"": ""unknown"", ""13"": ""free"", ""14"": ""free"", ""15"": ""free"", ""2"": ""free"", ""3"": ""free"", ""4"": ""free"", ""5"": ""free"", ""6"": ""free"", ""7"": ""free"", ""8"": ""unknown"", ""9"": ""free""}","{""0"": ""free"", ""1"": ""free"", ""2"": ""free"", ""3"": ""free""}",[],"[0, 1, 2, 3, 4, 5, 6, 7, 9, 10, 11, 13, 14, 15]","[8, 12]",False,ambiguity,False,uf_axiom,
SR_7__ARK_86,SR_7,ARK_86,SR-ARK,0,0,0,0,0,0,0,0,0,0,1,0,early_late_mixed,gap_uncovered_structural_cell,SR_7__ARK_86,0,32,2,differential,1,"[{""classification"": ""ambiguity"", ""elapsed"": 58.702005971223116, ""first_result"": ""sat"", ""first_timeout_ms"": 60000, ""query_count"": 32, ""second_result"": ""sat"", ""second_timeout_ms"": 300000, ""z3_reason_unknown"": """"}]",sat,sat,0.0027501769363880157,58.18500238098204,edf43a9a19e4a3f3bf1eec668bd00cf6,edf43a9a19e4a3f3bf1eec668bd00cf6,8832b1930a04fe9175447a1201f75209,True,sat,False,False,False,,"{""0"": ""free"", ""1"": ""free"", ""10"": ""free"", ""11"": ""free"", ""12"": ""free"", ""13"": ""free"", ""14"": ""free"", ""15"": ""free"", ""2"": ""free"", ""3"": ""free"", ""4"": ""free"", ""5"": ""free"", ""6"": ""free"", ""7"": ""free"", ""8"": ""free"", ""9"": ""free""}","{""0"": ""free"", ""1"": ""free"", ""2"": ""free"", ""3"": ""free""}",[],"[0, 1, 2, 3, 4, 5, 6, 7, 8, 9, 10, 11, 12, 13, 14, 15]",[],False,ambiguity,False,uf_axiom,
SR_112__ARK_64,SR_112,ARK_64,SR-ARK,0,0,0,0,1,0,0,0,0,0,1,0,early_late_mixed,gap_uncovered_structural_cell,SR_112__ARK_64,2,32,2,differential,1,"[{""classification"": ""ambiguity"", ""elapsed"": 61.1525345351547, ""first_result"": ""sat"", ""first_timeout_ms"": 60000, ""query_count"": 32, ""second_result"": ""sat"", ""second_timeout_ms"": 300000, ""z3_reason_unknown"": """"}]",sat,sat,0.0026006102561950684,33.81086025573313,a66f651322597191ab9f8f8af4c2db61,a66f651322597191ab9f8f8af4c2db61,b10aa0505ac83d9190144f51408c4e1c,True,sat,False,False,False,,"{""0"": ""free"", ""1"": ""free"", ""10"": ""free"", ""11"": ""free"", ""12"": ""free"", ""13"": ""free"", ""14"": ""free"", ""15"": ""free"", ""2"": ""free"", ""3"": ""free"", ""4"": ""free"", ""5"": ""free"", ""6"": ""free"", ""7"": ""free"", ""8"": ""free"", ""9"": ""free""}","{""0"": ""free"", ""1"": ""free"", ""2"": ""free"", ""3"": ""free""}",[],"[0, 1, 2, 3, 4, 5, 6, 7, 8, 9, 10, 11, 12, 13, 14, 15]",[],False,ambiguity,False,uf_axiom,
SR_30__ARK_68,SR_30,ARK_68,SR-ARK,0,0,0,0,0,0,0,0,0,0,1,0,early_late_mixed,gap_uncovered_structural_cell,SR_30__ARK_68,1,32,2,differential,1,"[{""classification"": ""ambiguity"", ""elapsed"": 67.02769750915468, ""first_result"": ""sat"", ""first_timeout_ms"": 60000, ""query_count"": 32, ""second_result"": ""sat"", ""second_timeout_ms"": 300000, ""z3_reason_unknown"": """"}]",sat,sat,0.002848329022526741,36.490774881094694,99107579bc3c2c3b0d7a8a6fd1573606,99107579bc3c2c3b0d7a8a6fd1573606,8891d01040ec2c1b079021f10b08090b,True,sat,False,False,False,,"{""0"": ""free"", ""1"": ""free"", ""10"": ""free"", ""11"": ""free"", ""12"": ""free"", ""13"": ""free"", ""14"": ""free"", ""15"": ""free"", ""2"": ""free"", ""3"": ""free"", ""4"": ""free"", ""5"": ""free"", ""6"": ""unknown"", ""7"": ""free"", ""8"": ""free"", ""9"": ""free""}","{""0"": ""free"", ""1"": ""free"", ""2"": ""free"", ""3"": ""free""}",[],"[0, 1, 2, 3, 4, 5, 7, 8, 9, 10, 11, 12, 13, 14, 15]",[6],False,ambiguity,False,uf_axiom,
SR_81__ARK_34,SR_81,ARK_34,SR-ARK,0,0,0,0,0,0,0,0,0,0,1,0,early_late_mixed,gap_uncovered_structural_cell,SR_81__ARK_34,1,32,2,differential,1,"[{""classification"": ""ambiguity"", ""elapsed"": 68.13616809248924, ""first_result"": ""sat"", ""first_timeout_ms"": 60000, ""query_count"": 32, ""second_result"": ""sat"", ""second_timeout_ms"": 300000, ""z3_reason_unknown"": """"}]",sat,sat,0.0017248503863811493,67.68517604097724,99107579bc3c2c3b0d7a8a6fd1573606,99107579bc3c2c3b0d7a8a6fd1573606,47c27225a16a20e0907039445223f034,True,sat,False,False,False,,"{""0"": ""free"", ""1"": ""free"", ""10"": ""free"", ""11"": ""free"", ""12"": ""free"", ""13"": ""free"", ""14"": ""free"", ""15"": ""free"", ""2"": ""free"", ""3"": ""free"", ""4"": ""free"", ""5"": ""free"", ""6"": ""free"", ""7"": ""free"", ""8"": ""free"", ""9"": ""free""}","{""0"": ""free"", ""1"": ""free"", ""2"": ""free"", ""3"": ""free""}",[],"[0, 1, 2, 3, 4, 5, 6, 7, 8, 9, 10, 11, 12, 13, 14, 15]",[],False,ambiguity,False,uf_axiom,
SR_33__ARK_101,SR_33,ARK_101,SR-ARK,0,0,1,0,0,0,0,0,1,0,0,0,early_late_mixed,gap_uncovered_structural_cell,SR_33__ARK_101,2,32,2,differential,1,"[{""classification"": ""ambiguity"", ""elapsed"": 73.08674607984722, ""first_result"": ""sat"", ""first_timeout_ms"": 60000, ""query_count"": 32, ""second_result"": ""sat"", ""second_timeout_ms"": 300000, ""z3_reason_unknown"": """"}]",sat,sat,0.0026885997503995895,51.117659186944366,a66f651322597191ab9f8f8af4c2db61,a66f651322597191ab9f8f8af4c2db61,dbd7842856098a6bd337818a6a7654df,True,sat,False,False,False,,"{""0"": ""free"", ""1"": ""free"", ""10"": ""free"", ""11"": ""free"", ""12"": ""free"", ""13"": ""free"", ""14"": ""free"", ""15"": ""free"", ""2"": ""free"", ""3"": ""free"", ""4"": ""free"", ""5"": ""free"", ""6"": ""free"", ""7"": ""free"", ""8"": ""free"", ""9"": ""free""}","{""0"": ""free"", ""1"": ""free"", ""2"": ""free"", ""3"": ""free""}",[],"[0, 1, 2, 3, 4, 5, 6, 7, 8, 9, 10, 11, 12, 13, 14, 15]",[],False,ambiguity,False,uf_axiom,
SR_98__ARK_20,SR_98,ARK_20,SR-ARK,0,0,0,0,0,0,0,0,0,0,1,0,early_late_mixed,gap_uncovered_structural_cell,SR_98__ARK_20,1,32,2,differential,1,"[{""classification"": ""ambiguity"", ""elapsed"": 75.1971474699676, ""first_result"": ""sat"", ""first_timeout_ms"": 60000, ""query_count"": 32, ""second_result"": ""sat"", ""second_timeout_ms"": 300000, ""z3_reason_unknown"": """"}]",sat,sat,0.0036777760833501816,74.63039720803499,99107579bc3c2c3b0d7a8a6fd1573606,99107579bc3c2c3b0d7a8a6fd1573606,052701dd581270c912d3891f978a39dc,True,sat,False,False,False,,"{""0"": ""free"", ""1"": ""free"", ""10"": ""free"", ""11"": ""free"", ""12"": ""free"", ""13"": ""free"", ""14"": ""free"", ""15"": ""free"", ""2"": ""free"", ""3"": ""free"", ""4"": ""free"", ""5"": ""free"", ""6"": ""free"", ""7"": ""free"", ""8"": ""free"", ""9"": ""free""}","{""0"": ""free"", ""1"": ""free"", ""2"": ""free"", ""3"": ""free""}",[],"[0, 1, 2, 3, 4, 5, 6, 7, 8, 9, 10, 11, 12, 13, 14, 15]",[],False,ambiguity,False,uf_axiom,
SR_30__ARK_68,SR_30,ARK_68,SR-ARK,0,0,0,0,0,0,0,0,0,0,1,0,early_late_mixed,gap_uncovered_structural_cell,SR_30__ARK_68,0,32,2,differential,1,"[{""classification"": ""ambiguity"", ""elapsed"": 82.22507076524198, ""first_result"": ""sat"", ""first_timeout_ms"": 60000, ""query_count"": 32, ""second_result"": ""sat"", ""second_timeout_ms"": 300000, ""z3_reason_unknown"": """"}]",sat,sat,0.0035374313592910767,81.67829049751163,edf43a9a19e4a3f3bf1eec668bd00cf6,edf43a9a19e4a3f3bf1eec668bd00cf6,81dbf2ca00c99b10468b0e67c388343e,True,sat,False,False,False,,"{""0"": ""free"", ""1"": ""free"", ""10"": ""free"", ""11"": ""free"", ""12"": ""free"", ""13"": ""free"", ""14"": ""free"", ""15"": ""free"", ""2"": ""free"", ""3"": ""free"", ""4"": ""free"", ""5"": ""free"", ""6"": ""free"", ""7"": ""free"", ""8"": ""free"", ""9"": ""free""}","{""0"": ""free"", ""1"": ""free"", ""2"": ""free"", ""3"": ""free""}",[],"[0, 1, 2, 3, 4, 5, 6, 7, 8, 9, 10, 11, 12, 13, 14, 15]",[],False,ambiguity,False,uf_axiom,
SR_6__ARK_120,SR_6,ARK_120,SR-ARK,0,0,0,0,0,0,0,0,0,0,1,0,early_late_mixed,gap_uncovered_structural_cell,SR_6__ARK_120,2,32,2,differential,1,"[{""classification"": ""ambiguity"", ""elapsed"": 86.5574148632586, ""first_result"": ""sat"", ""first_timeout_ms"": 60000, ""query_count"": 32, ""second_result"": ""sat"", ""second_timeout_ms"": 300000, ""z3_reason_unknown"": """"}]",sat,sat,0.0016993377357721329,86.11572940461338,a66f651322597191ab9f8f8af4c2db61,a66f651322597191ab9f8f8af4c2db61,8f09ac40739bea3830f5bfdbf7ce0894,True,sat,False,False,False,,"{""0"": ""free"", ""1"": ""free"", ""10"": ""free"", ""11"": ""free"", ""12"": ""free"", ""13"": ""free"", ""14"": ""free"", ""15"": ""free"", ""2"": ""free"", ""3"": ""free"", ""4"": ""free"", ""5"": ""free"", ""6"": ""free"", ""7"": ""free"", ""8"": ""free"", ""9"": ""free""}","{""0"": ""free"", ""1"": ""free"", ""2"": ""free"", ""3"": ""free""}",[],"[0, 1, 2, 3, 4, 5, 6, 7, 8, 9, 10, 11, 12, 13, 14, 15]",[],False,ambiguity,False,uf_axiom,
SR_66__ARK_93,SR_66,ARK_93,SR-ARK,0,0,0,1,0,0,0,1,0,0,0,0,early_late_mixed,gap_uncovered_structural_cell,SR_66__ARK_93,0,32,2,differential,1,"[{""classification"": ""ambiguity"", ""elapsed"": 13.795769924297929, ""first_result"": ""sat"", ""first_timeout_ms"": 60000, ""query_count"": 32, ""second_result"": ""sat"", ""second_timeout_ms"": 300000, ""z3_reason_unknown"": """"}]",sat,sat,0.0023141447454690933,9.221953580155969,edf43a9a19e4a3f3bf1eec668bd00cf6,edf43a9a19e4a3f3bf1eec668bd00cf6,521e51cfb5003992bfe1005da4d0e0ad,True,sat,False,False,False,,"{""0"": ""free"", ""1"": ""free"", ""10"": ""free"", ""11"": ""free"", ""12"": ""free"", ""13"": ""fixed"", ""14"": ""free"", ""15"": ""free"", ""2"": ""free"", ""3"": ""free"", ""4"": ""free"", ""5"": ""free"", ""6"": ""free"", ""7"": ""free"", ""8"": ""fixed"", ""9"": ""free""}","{""0"": ""free"", ""1"": ""free"", ""2"": ""free"", ""3"": ""free""}","[8, 13]","[0, 1, 2, 3, 4, 5, 6, 7, 9, 10, 11, 12, 14, 15]",[],False,ambiguity,False,uf_axiom,
SR_66__ARK_93,SR_66,ARK_93,SR-ARK,0,0,0,1,0,0,0,1,0,0,0,0,early_late_mixed,gap_uncovered_structural_cell,SR_66__ARK_93,1,32,2,differential,1,"[{""classification"": ""ambiguity"", ""elapsed"": 13.851120695471764, ""first_result"": ""sat"", ""first_timeout_ms"": 60000, ""query_count"": 32, ""second_result"": ""sat"", ""second_timeout_ms"": 300000, ""z3_reason_unknown"": """"}]",sat,sat,0.0023305900394916534,13.281986437737942,99107579bc3c2c3b0d7a8a6fd1573606,99107579bc3c2c3b0d7a8a6fd1573606,a909c6be34e06ccf2bc0abab1bb8f911,True,sat,False,False,False,,"{""0"": ""free"", ""1"": ""free"", ""10"": ""free"", ""11"": ""free"", ""12"": ""free"", ""13"": ""free"", ""14"": ""free"", ""15"": ""free"", ""2"": ""free"", ""3"": ""free"", ""4"": ""free"", ""5"": ""free"", ""6"": ""free"", ""7"": ""free"", ""8"": ""free"", ""9"": ""free""}","{""0"": ""free"", ""1"": ""free"", ""2"": ""free"", ""3"": ""free""}",[],"[0, 1, 2, 3, 4, 5, 6, 7, 8, 9, 10, 11, 12, 13, 14, 15]",[],False,ambiguity,False,uf_axiom,
SR_100__ARK_115,SR_100,ARK_115,SR-ARK,0,0,0,1,0,0,0,0,0,0,0,0,early_late_mixed,gap_uncovered_structural_cell,SR_100__ARK_115,2,32,2,differential,1,"[{""classification"": ""ambiguity"", ""elapsed"": 17.01680050045252, ""first_result"": ""sat"", ""first_timeout_ms"": 60000, ""query_count"": 32, ""second_result"": ""sat"", ""second_timeout_ms"": 300000, ""z3_reason_unknown"": """"}]",sat,sat,0.0027659498155117035,16.43022164143622,a66f651322597191ab9f8f8af4c2db61,a66f651322597191ab9f8f8af4c2db61,888b8eb402488bc41f02b916f4f7d2a0,True,sat,False,False,False,,"{""0"": ""free"", ""1"": ""free"", ""10"": ""free"", ""11"": ""free"", ""12"": ""fixed"", ""13"": ""free"", ""14"": ""free"", ""15"": ""free"", ""2"": ""free"", ""3"": ""free"", ""4"": ""free"", ""5"": ""free"", ""6"": ""free"", ""7"": ""free"", ""8"": ""free"", ""9"": ""free""}","{""0"": ""free"", ""1"": ""free"", ""2"": ""free"", ""3"": ""free""}",[12],"[0, 1, 2, 3, 4, 5, 6, 7, 8, 9, 10, 11, 13, 14, 15]",[],False,ambiguity,False,uf_axiom,
SR_66__ARK_93,SR_66,ARK_93,SR-ARK,0,0,0,1,0,0,0,1,0,0,0,0,early_late_mixed,gap_uncovered_structural_cell,SR_66__ARK_93,2,32,2,differential,1,"[{""classification"": ""ambiguity"", ""elapsed"": 17.250329392030835, ""first_result"": ""sat"", ""first_timeout_ms"": 60000, ""query_count"": 32, ""second_result"": ""sat"", ""second_timeout_ms"": 300000, ""z3_reason_unknown"": """"}]",sat,sat,0.0027097146958112717,16.77317613735795,a66f651322597191ab9f8f8af4c2db61,a66f651322597191ab9f8f8af4c2db61,c95d9671343a94a17c1c97359d447088,True,sat,False,False,False,,"{""0"": ""free"", ""1"": ""free"", ""10"": ""free"", ""11"": ""free"", ""12"": ""free"", ""13"": ""free"", ""14"": ""free"", ""15"": ""free"", ""2"": ""free"", ""3"": ""free"", ""4"": ""free"", ""5"": ""free"", ""6"": ""free"", ""7"": ""free"", ""8"": ""free"", ""9"": ""free""}","{""0"": ""free"", ""1"": ""free"", ""2"": ""free"", ""3"": ""free""}",[],"[0, 1, 2, 3, 4, 5, 6, 7, 8, 9, 10, 11, 12, 13, 14, 15]",[],False,ambiguity,False,uf_axiom,
SR_80__ARK_7,SR_80,ARK_7,SR-ARK,0,0,0,0,0,0,0,0,0,0,1,0,early_late_mixed,gap_uncovered_structural_cell,SR_80__ARK_7,0,32,2,differential,1,"[{""classification"": ""ambiguity"", ""elapsed"": 21.606307918205857, ""first_result"": ""sat"", ""first_timeout_ms"": 60000, ""query_count"": 32, ""second_result"": ""sat"", ""second_timeout_ms"": 300000, ""z3_reason_unknown"": """"}]",sat,sat,0.0027715228497982025,21.05543460138142,edf43a9a19e4a3f3bf1eec668bd00cf6,edf43a9a19e4a3f3bf1eec668bd00cf6,405533fc82e7249cdd58a51009893562,True,sat,False,False,False,,"{""0"": ""free"", ""1"": ""free"", ""10"": ""free"", ""11"": ""free"", ""12"": ""free"", ""13"": ""free"", ""14"": ""free"", ""15"": ""free"", ""2"": ""free"", ""3"": ""free"", ""4"": ""free"", ""5"": ""free"", ""6"": ""free"", ""7"": ""free"", ""8"": ""free"", ""9"": ""free""}","{""0"": ""free"", ""1"": ""free"", ""2"": ""free"", ""3"": ""free""}",[],"[0, 1, 2, 3, 4, 5, 6, 7, 8, 9, 10, 11, 12, 13, 14, 15]",[],False,ambiguity,False,uf_axiom,
SR_80__ARK_7,SR_80,ARK_7,SR-ARK,0,0,0,0,0,0,0,0,0,0,1,0,early_late_mixed,gap_uncovered_structural_cell,SR_80__ARK_7,1,32,2,differential,1,"[{""classification"": ""ambiguity"", ""elapsed"": 31.84046547859907, ""first_result"": ""sat"", ""first_timeout_ms"": 60000, ""query_count"": 32, ""second_result"": ""sat"", ""second_timeout_ms"": 300000, ""z3_reason_unknown"": """"}]",sat,sat,0.0028606578707695007,31.293125975877047,99107579bc3c2c3b0d7a8a6fd1573606,99107579bc3c2c3b0d7a8a6fd1573606,a5d20b0063e31000b0043107b02837f1,True,sat,False,False,False,,"{""0"": ""free"", ""1"": ""free"", ""10"": ""free"", ""11"": ""free"", ""12"": ""free"", ""13"": ""free"", ""14"": ""free"", ""15"": ""free"", ""2"": ""free"", ""3"": ""free"", ""4"": ""free"", ""5"": ""free"", ""6"": ""free"", ""7"": ""free"", ""8"": ""free"", ""9"": ""free""}","{""0"": ""free"", ""1"": ""free"", ""2"": ""free"", ""3"": ""free""}",[],"[0, 1, 2, 3, 4, 5, 6, 7, 8, 9, 10, 11, 12, 13, 14, 15]",[],False,ambiguity,False,uf_axiom,
SR_102__ARK_121,SR_102,ARK_121,SR-ARK,0,0,0,1,0,0,0,0,0,0,0,0,early_late_mixed,gap_uncovered_structural_cell,SR_102__ARK_121,0,32,2,differential,1,"[{""classification"": ""ambiguity"", ""elapsed"": 34.52283229865134, ""first_result"": ""sat"", ""first_timeout_ms"": 60000, ""query_count"": 32, ""second_result"": ""sat"", ""second_timeout_ms"": 300000, ""z3_reason_unknown"": """"}]",sat,sat,0.0016125254333019257,28.302043737843633,edf43a9a19e4a3f3bf1eec668bd00cf6,edf43a9a19e4a3f3bf1eec668bd00cf6,b29e8f0e40fda308272607408b827c6f,True,sat,False,False,False,,"{""0"": ""free"", ""1"": ""free"", ""10"": ""free"", ""11"": ""free"", ""12"": ""fixed"", ""13"": ""free"", ""14"": ""free"", ""15"": ""free"", ""2"": ""free"", ""3"": ""free"", ""4"": ""free"", ""5"": ""free"", ""6"": ""fixed"", ""7"": ""free"", ""8"": ""free"", ""9"": ""free""}","{""0"": ""free"", ""1"": ""free"", ""2"": ""free"", ""3"": ""free""}","[6, 12]","[0, 1, 2, 3, 4, 5, 7, 8, 9, 10, 11, 13, 14, 15]",[],False,ambiguity,False,uf_axiom,
SR_102__ARK_121,SR_102,ARK_121,SR-ARK,0,0,0,1,0,0,0,0,0,0,0,0,early_late_mixed,gap_uncovered_structural_cell,SR_102__ARK_121,2,32,2,differential,1,"[{""classification"": ""ambiguity"", ""elapsed"": 38.51409964263439, ""first_result"": ""sat"", ""first_timeout_ms"": 60000, ""query_count"": 32, ""second_result"": ""sat"", ""second_timeout_ms"": 300000, ""z3_reason_unknown"": """"}]",sat,sat,0.0025219619274139404,37.96615394204855,a66f651322597191ab9f8f8af4c2db61,a66f651322597191ab9f8f8af4c2db61,00599c694e840051f245801064e44881,True,sat,False,False,False,,"{""0"": ""free"", ""1"": ""free"", ""10"": ""free"", ""11"": ""free"", ""12"": ""free"", ""13"": ""free"", ""14"": ""free"", ""15"": ""free"", ""2"": ""free"", ""3"": ""free"", ""4"": ""free"", ""5"": ""free"", ""6"": ""free"", ""7"": ""free"", ""8"": ""free"", ""9"": ""free""}","{""0"": ""free"", ""1"": ""free"", ""2"": ""free"", ""3"": ""free""}",[],"[0, 1, 2, 3, 4, 5, 6, 7, 8, 9, 10, 11, 12, 13, 14, 15]",[],False,ambiguity,False,uf_axiom,
SR_100__ARK_115,SR_100,ARK_115,SR-ARK,0,0,0,1,0,0,0,0,0,0,0,0,early_late_mixed,gap_uncovered_structural_cell,SR_100__ARK_115,1,32,2,differential,1,"[{""classification"": ""ambiguity"", ""elapsed"": 40.88066095300019, ""first_result"": ""sat"", ""first_timeout_ms"": 60000, ""query_count"": 32, ""second_result"": ""sat"", ""second_timeout_ms"": 300000, ""z3_reason_unknown"": """"}]",sat,sat,0.0019619017839431763,18.679689779877663,99107579bc3c2c3b0d7a8a6fd1573606,99107579bc3c2c3b0d7a8a6fd1573606,c9bd9565056078bb9096916fd14cf31c,True,sat,False,False,False,,"{""0"": ""free"", ""1"": ""free"", ""10"": ""free"", ""11"": ""fixed"", ""12"": ""fixed"", ""13"": ""free"", ""14"": ""free"", ""15"": ""free"", ""2"": ""free"", ""3"": ""free"", ""4"": ""free"", ""5"": ""free"", ""6"": ""free"", ""7"": ""free"", ""8"": ""free"", ""9"": ""free""}","{""0"": ""free"", ""1"": ""free"", ""2"": ""free"", ""3"": ""free""}","[11, 12]","[0, 1, 2, 3, 4, 5, 6, 7, 8, 9, 10, 13, 14, 15]",[],False,ambiguity,False,uf_axiom,
MC_94__ARK_70,MC_94,ARK_70,MC-ARK,0,0,0,1,1,0,1,0,0,0,0,0,weak_same_column,gap_uncovered_structural_cell,MC_94__ARK_70,2,32,2,differential,1,"[{""classification"": ""ambiguity"", ""elapsed"": 40.91654525883496, ""first_result"": ""sat"", ""first_timeout_ms"": 60000, ""query_count"": 32, ""second_result"": ""sat"", ""second_timeout_ms"": 300000, ""z3_reason_unknown"": """"}]",sat,sat,0.002382073551416397,32.1632223892957,a66f651322597191ab9f8f8af4c2db61,a66f651322597191ab9f8f8af4c2db61,479065bd095ca19127243a3b516f8b00,True,sat,False,False,False,,"{""0"": ""free"", ""1"": ""free"", ""10"": ""free"", ""11"": ""free"", ""12"": ""free"", ""13"": ""free"", ""14"": ""free"", ""15"": ""free"", ""2"": ""fixed"", ""3"": ""free"", ""4"": ""free"", ""5"": ""free"", ""6"": ""free"", ""7"": ""fixed"", ""8"": ""free"", ""9"": ""free""}","{""0"": ""free"", ""1"": ""free"", ""2"": ""free"", ""3"": ""free""}","[2, 7]","[0, 1, 3, 4, 5, 6, 8, 9, 10, 11, 12, 13, 14, 15]",[],False,ambiguity,False,uf_axiom,
MC_112__ARK_106,MC_112,ARK_106,MC-ARK,0,0,0,1,0,0,0,0,0,0,0,0,late_only,gap_uncovered_structural_cell,MC_112__ARK_106,1,32,2,differential,1,"[{""classification"": ""ambiguity"", ""elapsed"": 45.29891536384821, ""first_result"": ""sat"", ""first_timeout_ms"": 60000, ""query_count"": 32, ""second_result"": ""sat"", ""second_timeout_ms"": 300000, ""z3_reason_unknown"": """"}]",sat,sat,0.003247927874326706,37.31972339935601,99107579bc3c2c3b0d7a8a6fd1573606,99107579bc3c2c3b0d7a8a6fd1573606,31107b483e9c6d209747146fd1c562ee,True,sat,False,False,False,,"{""0"": ""free"", ""1"": ""fixed"", ""10"": ""free"", ""11"": ""fixed"", ""12"": ""fixed"", ""13"": ""free"", ""14"": ""free"", ""15"": ""free"", ""2"": ""free"", ""3"": ""free"", ""4"": ""free"", ""5"": ""free"", ""6"": ""free"", ""7"": ""free"", ""8"": ""free"", ""9"": ""free""}","{""0"": ""free"", ""1"": ""free"", ""2"": ""free"", ""3"": ""free""}","[1, 11, 12]","[0, 2, 3, 4, 5, 6, 7, 8, 9, 10, 13, 14, 15]",[],False,ambiguity,False,uf_axiom,
SR_100__ARK_115,SR_100,ARK_115,SR-ARK,0,0,0,1,0,0,0,0,0,0,0,0,early_late_mixed,gap_uncovered_structural_cell,SR_100__ARK_115,0,32,2,differential,1,"[{""classification"": ""ambiguity"", ""elapsed"": 45.966704215854406, ""first_result"": ""sat"", ""first_timeout_ms"": 60000, ""query_count"": 32, ""second_result"": ""sat"", ""second_timeout_ms"": 300000, ""z3_reason_unknown"": """"}]",sat,sat,0.0018606651574373245,15.601608708500862,edf43a9a19e4a3f3bf1eec668bd00cf6,edf43a9a19e4a3f3bf1eec668bd00cf6,04694f00a796a388695e91668b49205f,True,sat,False,False,False,,"{""0"": ""free"", ""1"": ""free"", ""10"": ""free"", ""11"": ""unknown"", ""12"": ""unknown"", ""13"": ""free"", ""14"": ""free"", ""15"": ""free"", ""2"": ""free"", ""3"": ""free"", ""4"": ""free"", ""5"": ""free"", ""6"": ""fixed"", ""7"": ""free"", ""8"": ""free"", ""9"": ""free""}","{""0"": ""free"", ""1"": ""free"", ""2"": ""free"", ""3"": ""free""}",[6],"[0, 1, 2, 3, 4, 5, 7, 8, 9, 10, 13, 14, 15]","[11, 12]",False,ambiguity,False,uf_axiom,
SR_102__ARK_121,SR_102,ARK_121,SR-ARK,0,0,0,1,0,0,0,0,0,0,0,0,early_late_mixed,gap_uncovered_structural_cell,SR_102__ARK_121,1,32,2,differential,1,"[{""classification"": ""ambiguity"", ""elapsed"": 46.04024378210306, ""first_result"": ""sat"", ""first_timeout_ms"": 60000, ""query_count"": 32, ""second_result"": ""sat"", ""second_timeout_ms"": 300000, ""z3_reason_unknown"": """"}]",sat,sat,0.001666111871600151,15.523832289502025,99107579bc3c2c3b0d7a8a6fd1573606,99107579bc3c2c3b0d7a8a6fd1573606,dd102f004cb500430898806fd1e17140,True,sat,False,False,False,,"{""0"": ""free"", ""1"": ""free"", ""10"": ""free"", ""11"": ""unknown"", ""12"": ""unknown"", ""13"": ""free"", ""14"": ""free"", ""15"": ""free"", ""2"": ""free"", ""3"": ""free"", ""4"": ""free"", ""5"": ""free"", ""6"": ""free"", ""7"": ""free"", ""8"": ""free"", ""9"": ""free""}","{""0"": ""free"", ""1"": ""free"", ""2"": ""free"", ""3"": ""free""}",[],"[0, 1, 2, 3, 4, 5, 6, 7, 8, 9, 10, 13, 14, 15]","[11, 12]",False,ambiguity,False,uf_axiom,
MC_94__ARK_70,MC_94,ARK_70,MC-ARK,0,0,0,1,1,0,1,0,0,0,0,0,weak_same_column,gap_uncovered_structural_cell,MC_94__ARK_70,0,32,2,differential,1,"[{""classification"": ""ambiguity"", ""elapsed"": 54.23916971869767, ""first_result"": ""sat"", ""first_timeout_ms"": 60000, ""query_count"": 32, ""second_result"": ""sat"", ""second_timeout_ms"": 300000, ""z3_reason_unknown"": """"}]",sat,sat,0.0026589371263980865,46.816280299797654,edf43a9a19e4a3f3bf1eec668bd00cf6,edf43a9a19e4a3f3bf1eec668bd00cf6,da441eaf85bf45fdbfb16f022cd03a3a,True,sat,False,False,False,,"{""0"": ""free"", ""1"": ""free"", ""10"": ""free"", ""11"": ""free"", ""12"": ""free"", ""13"": ""fixed"", ""14"": ""free"", ""15"": ""free"", ""2"": ""free"", ""3"": ""free"", ""4"": ""free"", ""5"": ""free"", ""6"": ""free"", ""7"": ""free"", ""8"": ""fixed"", ""9"": ""free""}","{""0"": ""free"", ""1"": ""free"", ""2"": ""free"", ""3"": ""free""}","[8, 13]","[0, 1, 2, 3, 4, 5, 6, 7, 9, 10, 11, 12, 14, 15]",[],False,ambiguity,False,uf_axiom,
MC_94__ARK_70,MC_94,ARK_70,MC-ARK,0,0,0,1,1,0,1,0,0,0,0,0,weak_same_column,gap_uncovered_structural_cell,MC_94__ARK_70,1,32,2,differential,1,"[{""classification"": ""ambiguity"", ""elapsed"": 57.89405390992761, ""first_result"": ""sat"", ""first_timeout_ms"": 60000, ""query_count"": 32, ""second_result"": ""sat"", ""second_timeout_ms"": 300000, ""z3_reason_unknown"": """"}]",sat,sat,0.0027513690292835236,57.32643246091902,99107579bc3c2c3b0d7a8a6fd1573606,99107579bc3c2c3b0d7a8a6fd1573606,35a8071180c0a5aa514e2bc84a1615d7,True,sat,False,False,False,,"{""0"": ""free"", ""1"": ""free"", ""10"": ""free"", ""11"": ""free"", ""12"": ""free"", ""13"": ""free"", ""14"": ""free"", ""15"": ""free"", ""2"": ""free"", ""3"": ""free"", ""4"": ""free"", ""5"": ""free"", ""6"": ""free"", ""7"": ""free"", ""8"": ""free"", ""9"": ""free""}","{""0"": ""free"", ""1"": ""free"", ""2"": ""free"", ""3"": ""free""}",[],"[0, 1, 2, 3, 4, 5, 6, 7, 8, 9, 10, 11, 12, 13, 14, 15]",[],False,ambiguity,False,uf_axiom,
SR_80__ARK_7,SR_80,ARK_7,SR-ARK,0,0,0,0,0,0,0,0,0,0,1,0,early_late_mixed,gap_uncovered_structural_cell,SR_80__ARK_7,2,32,2,differential,1,"[{""classification"": ""ambiguity"", ""elapsed"": 67.22118081711233, ""first_result"": ""sat"", ""first_timeout_ms"": 60000, ""query_count"": 32, ""second_result"": ""sat"", ""second_timeout_ms"": 300000, ""z3_reason_unknown"": """"}]",sat,sat,0.0029758140444755554,66.66843795962632,a66f651322597191ab9f8f8af4c2db61,a66f651322597191ab9f8f8af4c2db61,ec9464bf159b2641ac6c1b003d0a39ff,True,sat,False,False,False,,"{""0"": ""free"", ""1"": ""free"", ""10"": ""free"", ""11"": ""free"", ""12"": ""free"", ""13"": ""free"", ""14"": ""free"", ""15"": ""free"", ""2"": ""free"", ""3"": ""free"", ""4"": ""free"", ""5"": ""free"", ""6"": ""free"", ""7"": ""free"", ""8"": ""free"", ""9"": ""free""}","{""0"": ""free"", ""1"": ""free"", ""2"": ""free"", ""3"": ""free""}",[],"[0, 1, 2, 3, 4, 5, 6, 7, 8, 9, 10, 11, 12, 13, 14, 15]",[],False,ambiguity,False,uf_axiom,
MC_7__ARK_28,MC_7,ARK_28,MC-ARK,0,0,0,1,0,0,0,1,0,0,0,0,weak_same_column,gap_uncovered_structural_cell,MC_7__ARK_28,2,32,2,differential,1,"[{""classification"": ""ambiguity"", ""elapsed"": 81.61165296658874, ""first_result"": ""sat"", ""first_timeout_ms"": 60000, ""query_count"": 32, ""second_result"": ""sat"", ""second_timeout_ms"": 300000, ""z3_reason_unknown"": """"}]",sat,sat,0.0029867887496948242,51.054122598841786,a66f651322597191ab9f8f8af4c2db61,a66f651322597191ab9f8f8af4c2db61,6313cc41a759aa8c8530ca954091a342,True,sat,False,False,False,,"{""0"": ""free"", ""1"": ""free"", ""10"": ""free"", ""11"": ""free"", ""12"": ""free"", ""13"": ""free"", ""14"": ""free"", ""15"": ""free"", ""2"": ""free"", ""3"": ""free"", ""4"": ""free"", ""5"": ""unknown"", ""6"": ""free"", ""7"": ""free"", ""8"": ""free"", ""9"": ""free""}","{""0"": ""free"", ""1"": ""free"", ""2"": ""free"", ""3"": ""free""}",[],"[0, 1, 2, 3, 4, 6, 7, 8, 9, 10, 11, 12, 13, 14, 15]",[5],False,ambiguity,False,uf_axiom,
MC_112__ARK_106,MC_112,ARK_106,MC-ARK,0,0,0,1,0,0,0,0,0,0,0,0,late_only,gap_uncovered_structural_cell,MC_112__ARK_106,0,32,2,differential,1,"[{""classification"": ""ambiguity"", ""elapsed"": 85.84004876203835, ""first_result"": ""sat"", ""first_timeout_ms"": 60000, ""query_count"": 32, ""second_result"": ""sat"", ""second_timeout_ms"": 300000, ""z3_reason_unknown"": """"}]",sat,sat,0.0025072339922189713,55.30164302513003,edf43a9a19e4a3f3bf1eec668bd00cf6,edf43a9a19e4a3f3bf1eec668bd00cf6,00f42730988fa386965186668bd98768,True,sat,False,False,False,,"{""0"": ""free"", ""1"": ""fixed"", ""10"": ""free"", ""11"": ""unknown"", ""12"": ""unknown"", ""13"": ""free"", ""14"": ""free"", ""15"": ""free"", ""2"": ""free"", ""3"": ""free"", ""4"": ""free"", ""5"": ""free"", ""6"": ""fixed"", ""7"": ""free"", ""8"": ""free"", ""9"": ""free""}","{""0"": ""free"", ""1"": ""free"", ""2"": ""free"", ""3"": ""free""}","[1, 6]","[0, 2, 3, 4, 5, 7, 8, 9, 10, 13, 14, 15]","[11, 12]",False,ambiguity,False,uf_axiom,
MC_58__ARK_0,MC_58,ARK_0,MC-ARK,0,0,0,0,0,0,0,0,0,0,1,0,late_only,gap_uncovered_structural_cell,MC_58__ARK_0,0,32,2,differential,1,"[{""classification"": ""ambiguity"", ""elapsed"": 98.8694359716028, ""first_result"": ""sat"", ""first_timeout_ms"": 60000, ""query_count"": 32, ""second_result"": ""sat"", ""second_timeout_ms"": 300000, ""z3_reason_unknown"": """"}]",sat,sat,0.0036649182438850403,98.28663806430995,edf43a9a19e4a3f3bf1eec668bd00cf6,edf43a9a19e4a3f3bf1eec668bd00cf6,653a0020d80200e32cf2c453a8092876,True,sat,False,False,False,,"{""0"": ""free"", ""1"": ""free"", ""10"": ""free"", ""11"": ""free"", ""12"": ""free"", ""13"": ""free"", ""14"": ""free"", ""15"": ""free"", ""2"": ""free"", ""3"": ""free"", ""4"": ""free"", ""5"": ""free"", ""6"": ""free"", ""7"": ""free"", ""8"": ""free"", ""9"": ""free""}","{""0"": ""free"", ""1"": ""free"", ""2"": ""free"", ""3"": ""free""}",[],"[0, 1, 2, 3, 4, 5, 6, 7, 8, 9, 10, 11, 12, 13, 14, 15]",[],False,ambiguity,False,uf_axiom,
MC_7__ARK_28,MC_7,ARK_28,MC-ARK,0,0,0,1,0,0,0,1,0,0,0,0,weak_same_column,gap_uncovered_structural_cell,MC_7__ARK_28,0,32,2,differential,1,"[{""classification"": ""ambiguity"", ""elapsed"": 130.24057499319315, ""first_result"": ""sat"", ""first_timeout_ms"": 60000, ""query_count"": 32, ""second_result"": ""sat"", ""second_timeout_ms"": 300000, ""z3_reason_unknown"": """"}]",sat,sat,0.0025691092014312744,99.695460928604,edf43a9a19e4a3f3bf1eec668bd00cf6,edf43a9a19e4a3f3bf1eec668bd00cf6,ed8dbac81a00ee2d8fe1527faccb9cd4,True,sat,False,False,False,,"{""0"": ""unknown"", ""1"": ""free"", ""10"": ""free"", ""11"": ""free"", ""12"": ""free"", ""13"": ""free"", ""14"": ""free"", ""15"": ""free"", ""2"": ""free"", ""3"": ""free"", ""4"": ""free"", ""5"": ""free"", ""6"": ""free"", ""7"": ""free"", ""8"": ""free"", ""9"": ""free""}","{""0"": ""free"", ""1"": ""free"", ""2"": ""free"", ""3"": ""free""}",[],"[1, 2, 3, 4, 5, 6, 7, 8, 9, 10, 11, 12, 13, 14, 15]",[0],False,ambiguity,False,uf_axiom,
MC_7__ARK_28,MC_7,ARK_28,MC-ARK,0,0,0,1,0,0,0,1,0,0,0,0,weak_same_column,gap_uncovered_structural_cell,MC_7__ARK_28,1,32,2,differential,1,"[{""classification"": ""ambiguity"", ""elapsed"": 131.97349358163774, ""first_result"": ""sat"", ""first_timeout_ms"": 60000, ""query_count"": 32, ""second_result"": ""sat"", ""second_timeout_ms"": 300000, ""z3_reason_unknown"": """"}]",sat,sat,0.0018790178000926971,101.56465265527368,99107579bc3c2c3b0d7a8a6fd1573606,99107579bc3c2c3b0d7a8a6fd1573606,992230ba683c003c43d1f3b3cdee2d06,True,sat,False,False,False,,"{""0"": ""unknown"", ""1"": ""free"", ""10"": ""free"", ""11"": ""free"", ""12"": ""free"", ""13"": ""free"", ""14"": ""free"", ""15"": ""unknown"", ""2"": ""free"", ""3"": ""free"", ""4"": ""free"", ""5"": ""unknown"", ""6"": ""free"", ""7"": ""free"", ""8"": ""free"", ""9"": ""free""}","{""0"": ""free"", ""1"": ""free"", ""2"": ""free"", ""3"": ""free""}",[],"[1, 2, 3, 4, 6, 7, 8, 9, 10, 11, 12, 13, 14]","[0, 5, 15]",False,ambiguity,False,uf_axiom,
MC_112__ARK_106,MC_112,ARK_106,MC-ARK,0,0,0,1,0,0,0,0,0,0,0,0,late_only,gap_uncovered_structural_cell,MC_112__ARK_106,2,32,2,differential,1,"[{""classification"": ""ambiguity"", ""elapsed"": 132.9377360213548, ""first_result"": ""sat"", ""first_timeout_ms"": 60000, ""query_count"": 32, ""second_result"": ""sat"", ""second_timeout_ms"": 300000, ""z3_reason_unknown"": """"}]",sat,sat,0.0027766991406679153,102.34449131973088,a66f651322597191ab9f8f8af4c2db61,a66f651322597191ab9f8f8af4c2db61,74973f0a7e05100bbfc33bb4f4486a52,True,sat,False,False,False,,"{""0"": ""free"", ""1"": ""free"", ""10"": ""free"", ""11"": ""free"", ""12"": ""unknown"", ""13"": ""free"", ""14"": ""free"", ""15"": ""free"", ""2"": ""free"", ""3"": ""free"", ""4"": ""free"", ""5"": ""free"", ""6"": ""free"", ""7"": ""free"", ""8"": ""free"", ""9"": ""free""}","{""0"": ""free"", ""1"": ""free"", ""2"": ""free"", ""3"": ""free""}",[],"[0, 1, 2, 3, 4, 5, 6, 7, 8, 9, 10, 11, 13, 14, 15]",[12],False,ambiguity,False,uf_axiom,
MC_1__ARK_49,MC_1,ARK_49,MC-ARK,0,0,0,0,1,0,0,0,0,0,1,0,late_only,gap_uncovered_structural_cell,MC_1__ARK_49,2,32,2,differential,1,"[{""classification"": ""ambiguity"", ""elapsed"": 144.47451502270997, ""first_result"": ""sat"", ""first_timeout_ms"": 60000, ""query_count"": 32, ""second_result"": ""sat"", ""second_timeout_ms"": 300000, ""z3_reason_unknown"": """"}]",sat,sat,0.004146862775087357,144.02113459259272,a66f651322597191ab9f8f8af4c2db61,a66f651322597191ab9f8f8af4c2db61,00521add111110f96572d5dfbcea0040,True,sat,False,False,False,,"{""0"": ""free"", ""1"": ""free"", ""10"": ""free"", ""11"": ""free"", ""12"": ""free"", ""13"": ""free"", ""14"": ""free"", ""15"": ""free"", ""2"": ""free"", ""3"": ""free"", ""4"": ""free"", ""5"": ""free"", ""6"": ""free"", ""7"": ""free"", ""8"": ""free"", ""9"": ""free""}","{""0"": ""free"", ""1"": ""free"", ""2"": ""free"", ""3"": ""free""}",[],"[0, 1, 2, 3, 4, 5, 6, 7, 8, 9, 10, 11, 12, 13, 14, 15]",[],False,ambiguity,False,uf_axiom,
MC_104__ARK_95,MC_104,ARK_95,MC-ARK,0,0,0,0,0,0,0,0,0,0,1,0,late_only,gap_uncovered_structural_cell,MC_104__ARK_95,2,32,2,differential,1,"[{""classification"": ""ambiguity"", ""elapsed"": 165.8840739801526, ""first_result"": ""sat"", ""first_timeout_ms"": 60000, ""query_count"": 32, ""second_result"": ""sat"", ""second_timeout_ms"": 300000, ""z3_reason_unknown"": """"}]",sat,sat,0.002381345257163048,135.3634966351092,a66f651322597191ab9f8f8af4c2db61,a66f651322597191ab9f8f8af4c2db61,ec03659c546d5911945e95f551130788,True,sat,False,False,False,,"{""0"": ""free"", ""1"": ""free"", ""10"": ""free"", ""11"": ""free"", ""12"": ""free"", ""13"": ""free"", ""14"": ""free"", ""15"": ""free"", ""2"": ""unknown"", ""3"": ""free"", ""4"": ""free"", ""5"": ""free"", ""6"": ""free"", ""7"": ""free"", ""8"": ""free"", ""9"": ""free""}","{""0"": ""free"", ""1"": ""free"", ""2"": ""free"", ""3"": ""free""}",[],"[0, 1, 3, 4, 5, 6, 7, 8, 9, 10, 11, 12, 13, 14, 15]",[2],False,ambiguity,False,uf_axiom,
MC_104__ARK_95,MC_104,ARK_95,MC-ARK,0,0,0,0,0,0,0,0,0,0,1,0,late_only,gap_uncovered_structural_cell,MC_104__ARK_95,1,32,2,differential,1,"[{""classification"": ""ambiguity"", ""elapsed"": 215.7379694301635, ""first_result"": ""sat"", ""first_timeout_ms"": 60000, ""query_count"": 32, ""second_result"": ""sat"", ""second_timeout_ms"": 300000, ""z3_reason_unknown"": """"}]",sat,sat,0.004160605370998383,215.28840189054608,99107579bc3c2c3b0d7a8a6fd1573606,99107579bc3c2c3b0d7a8a6fd1573606,33ae270cf42af53672068fb2f6930fd9,True,sat,False,False,False,,"{""0"": ""free"", ""1"": ""free"", ""10"": ""free"", ""11"": ""free"", ""12"": ""free"", ""13"": ""free"", ""14"": ""free"", ""15"": ""free"", ""2"": ""free"", ""3"": ""free"", ""4"": ""free"", ""5"": ""free"", ""6"": ""free"", ""7"": ""free"", ""8"": ""free"", ""9"": ""free""}","{""0"": ""free"", ""1"": ""free"", ""2"": ""free"", ""3"": ""free""}",[],"[0, 1, 2, 3, 4, 5, 6, 7, 8, 9, 10, 11, 12, 13, 14, 15]",[],False,ambiguity,False,uf_axiom,
MC_1__ARK_49,MC_1,ARK_49,MC-ARK,0,0,0,0,1,0,0,0,0,0,1,0,late_only,gap_uncovered_structural_cell,MC_1__ARK_49,0,96,2,differential,3,"[{""classification"": ""undecided"", ""elapsed"": 330.56082814000547, ""first_result"": ""sat"", ""first_timeout_ms"": 60000, ""query_count"": 32, ""second_result"": ""unknown"", ""second_timeout_ms"": 300000, ""z3_reason_unknown"": ""canceled""}, {""classification"": ""undecided"", ""elapsed"": 330.62506042420864, ""first_result"": ""sat"", ""first_timeout_ms"": 60000, ""query_count"": 64, ""second_result"": ""unknown"", ""second_timeout_ms"": 300000, ""z3_reason_unknown"": ""canceled""}, {""classification"": ""full_key_unique"", ""elapsed"": 123.75850263610482, ""first_result"": ""sat"", ""first_timeout_ms"": 60000, ""query_count"": 96, ""second_result"": ""unsat"", ""second_timeout_ms"": 300000, ""z3_reason_unknown"": """"}]",sat,unsat,0.007423264905810356,122.80992599204183,edf43a9a19e4a3f3bf1eec668bd00cf6,edf43a9a19e4a3f3bf1eec668bd00cf6,,True,sat,False,False,False,,"{""0"": ""fixed"", ""1"": ""fixed"", ""10"": ""fixed"", ""11"": ""fixed"", ""12"": ""fixed"", ""13"": ""fixed"", ""14"": ""fixed"", ""15"": ""fixed"", ""2"": ""fixed"", ""3"": ""fixed"", ""4"": ""fixed"", ""5"": ""fixed"", ""6"": ""fixed"", ""7"": ""fixed"", ""8"": ""fixed"", ""9"": ""fixed""}","{""0"": ""fixed"", ""1"": ""fixed"", ""2"": ""fixed"", ""3"": ""fixed""}","[0, 1, 2, 3, 4, 5, 6, 7, 8, 9, 10, 11, 12, 13, 14, 15]",[],[],False,full_key_unique,True,uf_axiom,
MC_104__ARK_95,MC_104,ARK_95,MC-ARK,0,0,0,0,0,0,0,0,0,0,1,0,late_only,gap_uncovered_structural_cell,MC_104__ARK_95,0,96,2,differential,3,"[{""classification"": ""undecided"", ""elapsed"": 330.5621617231518, ""first_result"": ""sat"", ""first_timeout_ms"": 60000, ""query_count"": 32, ""second_result"": ""unknown"", ""second_timeout_ms"": 300000, ""z3_reason_unknown"": ""canceled""}, {""classification"": ""undecided"", ""elapsed"": 330.92208326235414, ""first_result"": ""sat"", ""first_timeout_ms"": 60000, ""query_count"": 64, ""second_result"": ""unknown"", ""second_timeout_ms"": 300000, ""z3_reason_unknown"": ""canceled""}, {""classification"": ""full_key_unique"", ""elapsed"": 163.85899308137596, ""first_result"": ""sat"", ""first_timeout_ms"": 60000, ""query_count"": 96, ""second_result"": ""unsat"", ""second_timeout_ms"": 300000, ""z3_reason_unknown"": """"}]",sat,unsat,0.007671015337109566,162.8962923604995,edf43a9a19e4a3f3bf1eec668bd00cf6,edf43a9a19e4a3f3bf1eec668bd00cf6,,True,sat,False,False,False,,"{""0"": ""fixed"", ""1"": ""fixed"", ""10"": ""fixed"", ""11"": ""fixed"", ""12"": ""fixed"", ""13"": ""fixed"", ""14"": ""fixed"", ""15"": ""fixed"", ""2"": ""fixed"", ""3"": ""fixed"", ""4"": ""fixed"", ""5"": ""fixed"", ""6"": ""fixed"", ""7"": ""fixed"", ""8"": ""fixed"", ""9"": ""fixed""}","{""0"": ""fixed"", ""1"": ""fixed"", ""2"": ""fixed"", ""3"": ""fixed""}","[0, 1, 2, 3, 4, 5, 6, 7, 8, 9, 10, 11, 12, 13, 14, 15]",[],[],False,full_key_unique,True,uf_axiom,
MC_1__ARK_49,MC_1,ARK_49,MC-ARK,0,0,0,0,1,0,0,0,0,0,1,0,late_only,gap_uncovered_structural_cell,MC_1__ARK_49,1,128,2,differential,4,"[{""classification"": ""undecided"", ""elapsed"": 330.3819676414132, ""first_result"": ""sat"", ""first_timeout_ms"": 60000, ""query_count"": 32, ""second_result"": ""unknown"", ""second_timeout_ms"": 300000, ""z3_reason_unknown"": ""canceled""}, {""classification"": ""undecided"", ""elapsed"": 330.6117650847882, ""first_result"": ""sat"", ""first_timeout_ms"": 60000, ""query_count"": 64, ""second_result"": ""unknown"", ""second_timeout_ms"": 300000, ""z3_reason_unknown"": ""canceled""}, {""classification"": ""undecided"", ""elapsed"": 330.9443814177066, ""first_result"": ""sat"", ""first_timeout_ms"": 60000, ""query_count"": 96, ""second_result"": ""unknown"", ""second_timeout_ms"": 300000, ""z3_reason_unknown"": ""canceled""}, {""classification"": ""full_key_unique"", ""elapsed"": 44.26273714378476, ""first_result"": ""sat"", ""first_timeout_ms"": 60000, ""query_count"": 128, ""second_result"": ""unsat"", ""second_timeout_ms"": 300000, ""z3_reason_unknown"": """"}]",sat,unsat,0.011630011722445488,42.91224579140544,99107579bc3c2c3b0d7a8a6fd1573606,99107579bc3c2c3b0d7a8a6fd1573606,,True,sat,False,False,False,,"{""0"": ""fixed"", ""1"": ""fixed"", ""10"": ""fixed"", ""11"": ""fixed"", ""12"": ""fixed"", ""13"": ""fixed"", ""14"": ""fixed"", ""15"": ""fixed"", ""2"": ""fixed"", ""3"": ""fixed"", ""4"": ""fixed"", ""5"": ""fixed"", ""6"": ""fixed"", ""7"": ""fixed"", ""8"": ""fixed"", ""9"": ""fixed""}","{""0"": ""fixed"", ""1"": ""fixed"", ""2"": ""fixed"", ""3"": ""fixed""}","[0, 1, 2, 3, 4, 5, 6, 7, 8, 9, 10, 11, 12, 13, 14, 15]",[],[],False,full_key_unique,True,uf_axiom,
MC_58__ARK_0,MC_58,ARK_0,MC-ARK,0,0,0,0,0,0,0,0,0,0,1,0,late_only,gap_uncovered_structural_cell,MC_58__ARK_0,2,128,2,differential,4,"[{""classification"": ""undecided"", ""elapsed"": 330.5967928431928, ""first_result"": ""sat"", ""first_timeout_ms"": 60000, ""query_count"": 32, ""second_result"": ""unknown"", ""second_timeout_ms"": 300000, ""z3_reason_unknown"": ""canceled""}, {""classification"": ""undecided"", ""elapsed"": 330.6170039419085, ""first_result"": ""sat"", ""first_timeout_ms"": 60000, ""query_count"": 64, ""second_result"": ""unknown"", ""second_timeout_ms"": 300000, ""z3_reason_unknown"": ""canceled""}, {""classification"": ""undecided"", ""elapsed"": 331.0065144430846, ""first_result"": ""sat"", ""first_timeout_ms"": 60000, ""query_count"": 96, ""second_result"": ""unknown"", ""second_timeout_ms"": 300000, ""z3_reason_unknown"": ""canceled""}, {""classification"": ""full_key_unique"", ""elapsed"": 84.32188700512052, ""first_result"": ""sat"", ""first_timeout_ms"": 60000, ""query_count"": 128, ""second_result"": ""unsat"", ""second_timeout_ms"": 300000, ""z3_reason_unknown"": """"}]",sat,unsat,0.017215872183442116,83.13994194567204,a66f651322597191ab9f8f8af4c2db61,a66f651322597191ab9f8f8af4c2db61,,True,sat,False,False,False,,"{""0"": ""fixed"", ""1"": ""fixed"", ""10"": ""fixed"", ""11"": ""fixed"", ""12"": ""fixed"", ""13"": ""fixed"", ""14"": ""fixed"", ""15"": ""fixed"", ""2"": ""fixed"", ""3"": ""fixed"", ""4"": ""fixed"", ""5"": ""fixed"", ""6"": ""fixed"", ""7"": ""fixed"", ""8"": ""fixed"", ""9"": ""fixed""}","{""0"": ""fixed"", ""1"": ""fixed"", ""2"": ""fixed"", ""3"": ""fixed""}","[0, 1, 2, 3, 4, 5, 6, 7, 8, 9, 10, 11, 12, 13, 14, 15]",[],[],False,full_key_unique,True,uf_axiom,
MC_58__ARK_0,MC_58,ARK_0,MC-ARK,0,0,0,0,0,0,0,0,0,0,1,0,late_only,gap_uncovered_structural_cell,MC_58__ARK_0,1,128,2,differential,4,"[{""classification"": ""undecided"", ""elapsed"": 330.40074080601335, ""first_result"": ""sat"", ""first_timeout_ms"": 60000, ""query_count"": 32, ""second_result"": ""unknown"", ""second_timeout_ms"": 300000, ""z3_reason_unknown"": ""canceled""}, {""classification"": ""undecided"", ""elapsed"": 330.68008663877845, ""first_result"": ""sat"", ""first_timeout_ms"": 60000, ""query_count"": 64, ""second_result"": ""unknown"", ""second_timeout_ms"": 300000, ""z3_reason_unknown"": ""canceled""}, {""classification"": ""undecided"", ""elapsed"": 331.0234308131039, ""first_result"": ""sat"", ""first_timeout_ms"": 60000, ""query_count"": 96, ""second_result"": ""unknown"", ""second_timeout_ms"": 300000, ""z3_reason_unknown"": ""canceled""}, {""classification"": ""full_key_unique"", ""elapsed"": 204.9749223832041, ""first_result"": ""sat"", ""first_timeout_ms"": 60000, ""query_count"": 128, ""second_result"": ""unsat"", ""second_timeout_ms"": 300000, ""z3_reason_unknown"": """"}]",sat,unsat,0.009481046348810196,203.771476007998,99107579bc3c2c3b0d7a8a6fd1573606,99107579bc3c2c3b0d7a8a6fd1573606,,True,sat,False,False,False,,"{""0"": ""fixed"", ""1"": ""fixed"", ""10"": ""fixed"", ""11"": ""fixed"", ""12"": ""fixed"", ""13"": ""fixed"", ""14"": ""fixed"", ""15"": ""fixed"", ""2"": ""fixed"", ""3"": ""fixed"", ""4"": ""fixed"", ""5"": ""fixed"", ""6"": ""fixed"", ""7"": ""fixed"", ""8"": ""fixed"", ""9"": ""fixed""}","{""0"": ""fixed"", ""1"": ""fixed"", ""2"": ""fixed"", ""3"": ""fixed""}","[0, 1, 2, 3, 4, 5, 6, 7, 8, 9, 10, 11, 12, 13, 14, 15]",[],[],False,full_key_unique,True,uf_axiom,
MC_127__ARK_125,MC_127,ARK_125,MC-ARK,0,1,1,1,0,0,0,0,0,0,0,0,late_only,gap_uncovered_structural_cell,MC_127__ARK_125,1,32,2,differential,1,"[{""classification"": ""ambiguity"", ""elapsed"": 28.134791310876608, ""first_result"": ""sat"", ""first_timeout_ms"": 60000, ""query_count"": 32, ""second_result"": ""sat"", ""second_timeout_ms"": 300000, ""z3_reason_unknown"": """"}]",sat,sat,0.0031260643154382706,20.593162486329675,99107579bc3c2c3b0d7a8a6fd1573606,99107579bc3c2c3b0d7a8a6fd1573606,b910139a900d68049012bc6f236d6709,True,sat,False,False,False,,"{""0"": ""free"", ""1"": ""fixed"", ""10"": ""free"", ""11"": ""fixed"", ""12"": ""free"", ""13"": ""free"", ""14"": ""free"", ""15"": ""free"", ""2"": ""free"", ""3"": ""free"", ""4"": ""free"", ""5"": ""free"", ""6"": ""free"", ""7"": ""free"", ""8"": ""free"", ""9"": ""free""}","{""0"": ""free"", ""1"": ""free"", ""2"": ""free"", ""3"": ""free""}","[1, 11]","[0, 2, 3, 4, 5, 6, 7, 8, 9, 10, 12, 13, 14, 15]",[],False,ambiguity,False,uf_axiom,
MC_127__ARK_125,MC_127,ARK_125,MC-ARK,0,1,1,1,0,0,0,0,0,0,0,0,late_only,gap_uncovered_structural_cell,MC_127__ARK_125,0,32,2,differential,1,"[{""classification"": ""ambiguity"", ""elapsed"": 47.14919636026025, ""first_result"": ""sat"", ""first_timeout_ms"": 60000, ""query_count"": 32, ""second_result"": ""sat"", ""second_timeout_ms"": 300000, ""z3_reason_unknown"": """"}]",sat,sat,0.0015380866825580597,37.76309243403375,edf43a9a19e4a3f3bf1eec668bd00cf6,edf43a9a19e4a3f3bf1eec668bd00cf6,0402a0adc063a325d24100668b456201,True,sat,False,False,False,,"{""0"": ""free"", ""1"": ""free"", ""10"": ""free"", ""11"": ""fixed"", ""12"": ""fixed"", ""13"": ""free"", ""14"": ""free"", ""15"": ""free"", ""2"": ""free"", ""3"": ""free"", ""4"": ""free"", ""5"": ""free"", ""6"": ""fixed"", ""7"": ""free"", ""8"": ""free"", ""9"": ""free""}","{""0"": ""free"", ""1"": ""free"", ""2"": ""free"", ""3"": ""free""}","[6, 11, 12]","[0, 1, 2, 3, 4, 5, 7, 8, 9, 10, 13, 14, 15]",[],False,ambiguity,False,uf_axiom,
MC_3__ARK_89,MC_3,ARK_89,MC-ARK,0,0,0,0,0,0,0,0,0,0,1,0,late_only,gap_uncovered_structural_cell,MC_3__ARK_89,0,32,2,differential,1,"[{""classification"": ""ambiguity"", ""elapsed"": 88.71669623814523, ""first_result"": ""sat"", ""first_timeout_ms"": 60000, ""query_count"": 32, ""second_result"": ""sat"", ""second_timeout_ms"": 300000, ""z3_reason_unknown"": """"}]",sat,sat,0.002574322745203972,88.20832518301904,edf43a9a19e4a3f3bf1eec668bd00cf6,edf43a9a19e4a3f3bf1eec668bd00cf6,c865bc01164a1bca245f2d3a931a4676,True,sat,False,False,False,,"{""0"": ""free"", ""1"": ""free"", ""10"": ""free"", ""11"": ""free"", ""12"": ""free"", ""13"": ""free"", ""14"": ""free"", ""15"": ""free"", ""2"": ""free"", ""3"": ""free"", ""4"": ""free"", ""5"": ""free"", ""6"": ""free"", ""7"": ""free"", ""8"": ""free"", ""9"": ""free""}","{""0"": ""free"", ""1"": ""free"", ""2"": ""free"", ""3"": ""free""}",[],"[0, 1, 2, 3, 4, 5, 6, 7, 8, 9, 10, 11, 12, 13, 14, 15]",[],False,ambiguity,False,uf_axiom,
MC_25__ARK_89,MC_25,ARK_89,MC-ARK,0,0,1,0,1,0,0,0,1,0,0,0,late_only,gap_uncovered_structural_cell,MC_25__ARK_89,2,32,2,differential,1,"[{""classification"": ""ambiguity"", ""elapsed"": 94.66292834281921, ""first_result"": ""sat"", ""first_timeout_ms"": 60000, ""query_count"": 32, ""second_result"": ""sat"", ""second_timeout_ms"": 300000, ""z3_reason_unknown"": """"}]",sat,sat,0.004844434559345245,94.15461463853717,a66f651322597191ab9f8f8af4c2db61,a66f651322597191ab9f8f8af4c2db61,1a6c81275149f74ef4b6fa00d3305c78,True,sat,False,False,False,,"{""0"": ""free"", ""1"": ""free"", ""10"": ""free"", ""11"": ""free"", ""12"": ""free"", ""13"": ""free"", ""14"": ""free"", ""15"": ""free"", ""2"": ""free"", ""3"": ""free"", ""4"": ""free"", ""5"": ""free"", ""6"": ""free"", ""7"": ""free"", ""8"": ""free"", ""9"": ""free""}","{""0"": ""free"", ""1"": ""free"", ""2"": ""free"", ""3"": ""free""}",[],"[0, 1, 2, 3, 4, 5, 6, 7, 8, 9, 10, 11, 12, 13, 14, 15]",[],False,ambiguity,False,uf_axiom,
MC_56__ARK_5,MC_56,ARK_5,MC-ARK,0,0,0,0,0,0,0,0,0,0,1,0,late_only,gap_uncovered_structural_cell,MC_56__ARK_5,0,32,2,differential,1,"[{""classification"": ""ambiguity"", ""elapsed"": 121.56436640024185, ""first_result"": ""sat"", ""first_timeout_ms"": 60000, ""query_count"": 32, ""second_result"": ""sat"", ""second_timeout_ms"": 300000, ""z3_reason_unknown"": """"}]",sat,sat,0.004064023494720459,121.1201954279095,edf43a9a19e4a3f3bf1eec668bd00cf6,edf43a9a19e4a3f3bf1eec668bd00cf6,118c699eaa52006190cd101f9e0d2658,True,sat,False,False,False,,"{""0"": ""free"", ""1"": ""free"", ""10"": ""free"", ""11"": ""free"", ""12"": ""free"", ""13"": ""free"", ""14"": ""free"", ""15"": ""free"", ""2"": ""free"", ""3"": ""free"", ""4"": ""free"", ""5"": ""free"", ""6"": ""free"", ""7"": ""free"", ""8"": ""free"", ""9"": ""free""}","{""0"": ""free"", ""1"": ""free"", ""2"": ""free"", ""3"": ""free""}",[],"[0, 1, 2, 3, 4, 5, 6, 7, 8, 9, 10, 11, 12, 13, 14, 15]",[],False,ambiguity,False,uf_axiom,
MC_69__ARK_45,MC_69,ARK_45,MC-ARK,0,0,0,0,1,0,0,0,0,0,1,0,late_only,gap_uncovered_structural_cell,MC_69__ARK_45,2,32,2,differential,1,"[{""classification"": ""ambiguity"", ""elapsed"": 167.4101692866534, ""first_result"": ""sat"", ""first_timeout_ms"": 60000, ""query_count"": 32, ""second_result"": ""sat"", ""second_timeout_ms"": 300000, ""z3_reason_unknown"": """"}]",sat,sat,0.0023845601826906204,166.95046407543123,a66f651322597191ab9f8f8af4c2db61,a66f651322597191ab9f8f8af4c2db61,e76a4ca1300688c620f569804776307b,True,sat,False,False,False,,"{""0"": ""free"", ""1"": ""free"", ""10"": ""free"", ""11"": ""free"", ""12"": ""free"", ""13"": ""free"", ""14"": ""free"", ""15"": ""free"", ""2"": ""free"", ""3"": ""free"", ""4"": ""free"", ""5"": ""free"", ""6"": ""free"", ""7"": ""free"", ""8"": ""free"", ""9"": ""free""}","{""0"": ""free"", ""1"": ""free"", ""2"": ""free"", ""3"": ""free""}",[],"[0, 1, 2, 3, 4, 5, 6, 7, 8, 9, 10, 11, 12, 13, 14, 15]",[],False,ambiguity,False,uf_axiom,
MC_31__ARK_65,MC_31,ARK_65,MC-ARK,0,0,0,0,0,0,0,0,0,0,1,0,late_only,gap_uncovered_structural_cell,MC_31__ARK_65,2,32,2,differential,1,"[{""classification"": ""ambiguity"", ""elapsed"": 169.15931590646505, ""first_result"": ""sat"", ""first_timeout_ms"": 60000, ""query_count"": 32, ""second_result"": ""sat"", ""second_timeout_ms"": 300000, ""z3_reason_unknown"": """"}]",sat,sat,0.005900014191865921,168.59282417409122,a66f651322597191ab9f8f8af4c2db61,a66f651322597191ab9f8f8af4c2db61,c17332db7bb90cc00a30ae2b4bcba696,True,sat,False,False,False,,"{""0"": ""free"", ""1"": ""free"", ""10"": ""free"", ""11"": ""free"", ""12"": ""free"", ""13"": ""free"", ""14"": ""free"", ""15"": ""free"", ""2"": ""free"", ""3"": ""free"", ""4"": ""free"", ""5"": ""free"", ""6"": ""free"", ""7"": ""free"", ""8"": ""free"", ""9"": ""free""}","{""0"": ""free"", ""1"": ""free"", ""2"": ""free"", ""3"": ""free""}",[],"[0, 1, 2, 3, 4, 5, 6, 7, 8, 9, 10, 11, 12, 13, 14, 15]",[],False,ambiguity,False,uf_axiom,
MC_3__ARK_89,MC_3,ARK_89,MC-ARK,0,0,0,0,0,0,0,0,0,0,1,0,late_only,gap_uncovered_structural_cell,MC_3__ARK_89,2,32,2,differential,1,"[{""classification"": ""ambiguity"", ""elapsed"": 186.86863487027586, ""first_result"": ""sat"", ""first_timeout_ms"": 60000, ""query_count"": 32, ""second_result"": ""sat"", ""second_timeout_ms"": 300000, ""z3_reason_unknown"": """"}]",sat,sat,0.0027086008340120316,156.48352592624724,a66f651322597191ab9f8f8af4c2db61,a66f651322597191ab9f8f8af4c2db61,8ed441643e7fe2918639b73679f12ca6,True,sat,False,False,False,,"{""0"": ""free"", ""1"": ""free"", ""10"": ""free"", ""11"": ""free"", ""12"": ""free"", ""13"": ""free"", ""14"": ""free"", ""15"": ""free"", ""2"": ""free"", ""3"": ""free"", ""4"": ""free"", ""5"": ""free"", ""6"": ""free"", ""7"": ""unknown"", ""8"": ""free"", ""9"": ""free""}","{""0"": ""free"", ""1"": ""free"", ""2"": ""free"", ""3"": ""free""}",[],"[0, 1, 2, 3, 4, 5, 6, 8, 9, 10, 11, 12, 13, 14, 15]",[7],False,ambiguity,False,uf_axiom,
MC_126__ARK_71,MC_126,ARK_71,MC-ARK,0,0,0,0,0,0,0,0,0,0,1,0,late_only,gap_uncovered_structural_cell,MC_126__ARK_71,2,32,2,differential,1,"[{""classification"": ""ambiguity"", ""elapsed"": 187.60734067857265, ""first_result"": ""sat"", ""first_timeout_ms"": 60000, ""query_count"": 32, ""second_result"": ""sat"", ""second_timeout_ms"": 300000, ""z3_reason_unknown"": """"}]",sat,sat,0.002297351136803627,187.17383612692356,a66f651322597191ab9f8f8af4c2db61,a66f651322597191ab9f8f8af4c2db61,d6549b0088775b03ff85f097d40ff166,True,sat,False,False,False,,"{""0"": ""free"", ""1"": ""free"", ""10"": ""free"", ""11"": ""free"", ""12"": ""free"", ""13"": ""free"", ""14"": ""free"", ""15"": ""free"", ""2"": ""free"", ""3"": ""free"", ""4"": ""free"", ""5"": ""free"", ""6"": ""free"", ""7"": ""free"", ""8"": ""free"", ""9"": ""free""}","{""0"": ""free"", ""1"": ""free"", ""2"": ""free"", ""3"": ""free""}",[],"[0, 1, 2, 3, 4, 5, 6, 7, 8, 9, 10, 11, 12, 13, 14, 15]",[],False,ambiguity,False,uf_axiom,
MC_42__ARK_92,MC_42,ARK_92,MC-ARK,0,0,0,0,0,0,0,0,0,0,1,0,late_only,gap_uncovered_structural_cell,MC_42__ARK_92,2,32,2,differential,1,"[{""classification"": ""ambiguity"", ""elapsed"": 192.03886123001575, ""first_result"": ""sat"", ""first_timeout_ms"": 60000, ""query_count"": 32, ""second_result"": ""sat"", ""second_timeout_ms"": 300000, ""z3_reason_unknown"": """"}]",sat,sat,0.0037690866738557816,191.65169759839773,a66f651322597191ab9f8f8af4c2db61,a66f651322597191ab9f8f8af4c2db61,cf40d13f1443bf21866872e8fb878fb7,True,sat,False,False,False,,"{""0"": ""free"", ""1"": ""free"", ""10"": ""free"", ""11"": ""free"", ""12"": ""free"", ""13"": ""free"", ""14"": ""free"", ""15"": ""free"", ""2"": ""free"", ""3"": ""free"", ""4"": ""free"", ""5"": ""free"", ""6"": ""free"", ""7"": ""free"", ""8"": ""free"", ""9"": ""free""}","{""0"": ""free"", ""1"": ""free"", ""2"": ""free"", ""3"": ""free""}",[],"[0, 1, 2, 3, 4, 5, 6, 7, 8, 9, 10, 11, 12, 13, 14, 15]",[],False,ambiguity,False,uf_axiom,
MC_127__ARK_125,MC_127,ARK_125,MC-ARK,0,1,1,1,0,0,0,0,0,0,0,0,late_only,gap_uncovered_structural_cell,MC_127__ARK_125,2,32,2,differential,1,"[{""classification"": ""ambiguity"", ""elapsed"": 208.63206640072167, ""first_result"": ""sat"", ""first_timeout_ms"": 60000, ""query_count"": 32, ""second_result"": ""sat"", ""second_timeout_ms"": 300000, ""z3_reason_unknown"": """"}]",sat,sat,0.0030022654682397842,208.17939421720803,a66f651322597191ab9f8f8af4c2db61,a66f651322597191ab9f8f8af4c2db61,829a771e9782cd2e79213350b4d0524a,True,sat,False,False,False,,"{""0"": ""free"", ""1"": ""free"", ""10"": ""free"", ""11"": ""free"", ""12"": ""free"", ""13"": ""free"", ""14"": ""free"", ""15"": ""free"", ""2"": ""free"", ""3"": ""free"", ""4"": ""free"", ""5"": ""free"", ""6"": ""free"", ""7"": ""free"", ""8"": ""free"", ""9"": ""free""}","{""0"": ""free"", ""1"": ""free"", ""2"": ""free"", ""3"": ""free""}",[],"[0, 1, 2, 3, 4, 5, 6, 7, 8, 9, 10, 11, 12, 13, 14, 15]",[],False,ambiguity,False,uf_axiom,
MC_31__ARK_65,MC_31,ARK_65,MC-ARK,0,0,0,0,0,0,0,0,0,0,1,0,late_only,gap_uncovered_structural_cell,MC_31__ARK_65,0,32,2,differential,1,"[{""classification"": ""ambiguity"", ""elapsed"": 209.0426894146949, ""first_result"": ""sat"", ""first_timeout_ms"": 60000, ""query_count"": 32, ""second_result"": ""sat"", ""second_timeout_ms"": 300000, ""z3_reason_unknown"": """"}]",sat,sat,0.0026073362678289413,178.62810984626412,edf43a9a19e4a3f3bf1eec668bd00cf6,edf43a9a19e4a3f3bf1eec668bd00cf6,5a49986144bb73970e1a163064d0fe40,True,sat,False,False,False,,"{""0"": ""free"", ""1"": ""free"", ""10"": ""free"", ""11"": ""free"", ""12"": ""free"", ""13"": ""unknown"", ""14"": ""free"", ""15"": ""free"", ""2"": ""free"", ""3"": ""free"", ""4"": ""free"", ""5"": ""free"", ""6"": ""free"", ""7"": ""free"", ""8"": ""free"", ""9"": ""free""}","{""0"": ""free"", ""1"": ""free"", ""2"": ""free"", ""3"": ""free""}",[],"[0, 1, 2, 3, 4, 5, 6, 7, 8, 9, 10, 11, 12, 14, 15]",[13],False,ambiguity,False,uf_axiom,
MC_94__ARK_43,MC_94,ARK_43,MC-ARK,0,0,0,0,0,0,0,0,0,0,1,0,late_only,gap_uncovered_structural_cell,MC_94__ARK_43,2,32,2,differential,1,"[{""classification"": ""ambiguity"", ""elapsed"": 211.12983440421522, ""first_result"": ""sat"", ""first_timeout_ms"": 60000, ""query_count"": 32, ""second_result"": ""sat"", ""second_timeout_ms"": 300000, ""z3_reason_unknown"": """"}]",sat,sat,0.004201063886284828,210.6557529643178,a66f651322597191ab9f8f8af4c2db61,a66f651322597191ab9f8f8af4c2db61,37fb3068a2543077ca49864c7068ad4a,True,sat,False,False,False,,"{""0"": ""free"", ""1"": ""free"", ""10"": ""free"", ""11"": ""free"", ""12"": ""free"", ""13"": ""free"", ""14"": ""free"", ""15"": ""free"", ""2"": ""free"", ""3"": ""free"", ""4"": ""free"", ""5"": ""free"", ""6"": ""free"", ""7"": ""free"", ""8"": ""free"", ""9"": ""free""}","{""0"": ""free"", ""1"": ""free"", ""2"": ""free"", ""3"": ""free""}",[],"[0, 1, 2, 3, 4, 5, 6, 7, 8, 9, 10, 11, 12, 13, 14, 15]",[],False,ambiguity,False,uf_axiom,
MC_25__ARK_89,MC_25,ARK_89,MC-ARK,0,0,1,0,1,0,0,0,1,0,0,0,late_only,gap_uncovered_structural_cell,MC_25__ARK_89,0,32,2,differential,1,"[{""classification"": ""ambiguity"", ""elapsed"": 266.24734680354595, ""first_result"": ""sat"", ""first_timeout_ms"": 60000, ""query_count"": 32, ""second_result"": ""sat"", ""second_timeout_ms"": 300000, ""z3_reason_unknown"": """"}]",sat,sat,0.0026566404849290848,265.7737684864551,edf43a9a19e4a3f3bf1eec668bd00cf6,edf43a9a19e4a3f3bf1eec668bd00cf6,5480c8bf6c7a428aee96513d6124862a,True,sat,False,False,False,,"{""0"": ""free"", ""1"": ""free"", ""10"": ""free"", ""11"": ""free"", ""12"": ""free"", ""13"": ""free"", ""14"": ""free"", ""15"": ""free"", ""2"": ""free"", ""3"": ""free"", ""4"": ""free"", ""5"": ""free"", ""6"": ""free"", ""7"": ""free"", ""8"": ""free"", ""9"": ""free""}","{""0"": ""free"", ""1"": ""free"", ""2"": ""free"", ""3"": ""free""}",[],"[0, 1, 2, 3, 4, 5, 6, 7, 8, 9, 10, 11, 12, 13, 14, 15]",[],False,ambiguity,False,uf_axiom,
MC_64__ARK_62,MC_64,ARK_62,MC-ARK,0,0,0,0,0,0,0,0,0,0,1,0,late_only,gap_uncovered_structural_cell,MC_64__ARK_62,2,32,2,differential,1,"[{""classification"": ""ambiguity"", ""elapsed"": 278.573908418417, ""first_result"": ""sat"", ""first_timeout_ms"": 60000, ""query_count"": 32, ""second_result"": ""sat"", ""second_timeout_ms"": 300000, ""z3_reason_unknown"": """"}]",sat,sat,0.0023964866995811462,278.10525198467076,a66f651322597191ab9f8f8af4c2db61,a66f651322597191ab9f8f8af4c2db61,0d813db64bdeb197c33274c5823752ef,True,sat,False,False,False,,"{""0"": ""free"", ""1"": ""free"", ""10"": ""free"", ""11"": ""free"", ""12"": ""free"", ""13"": ""free"", ""14"": ""free"", ""15"": ""free"", ""2"": ""free"", ""3"": ""free"", ""4"": ""free"", ""5"": ""free"", ""6"": ""free"", ""7"": ""free"", ""8"": ""free"", ""9"": ""free""}","{""0"": ""free"", ""1"": ""free"", ""2"": ""free"", ""3"": ""free""}",[],"[0, 1, 2, 3, 4, 5, 6, 7, 8, 9, 10, 11, 12, 13, 14, 15]",[],False,ambiguity,False,uf_axiom,
MC_42__ARK_92,MC_42,ARK_92,MC-ARK,0,0,0,0,0,0,0,0,0,0,1,0,late_only,gap_uncovered_structural_cell,MC_42__ARK_92,0,96,2,differential,3,"[{""classification"": ""undecided"", ""elapsed"": 330.4229527171701, ""first_result"": ""sat"", ""first_timeout_ms"": 60000, ""query_count"": 32, ""second_result"": ""unknown"", ""second_timeout_ms"": 300000, ""z3_reason_unknown"": ""canceled""}, {""classification"": ""undecided"", ""elapsed"": 330.516095161438, ""first_result"": ""sat"", ""first_timeout_ms"": 60000, ""query_count"": 64, ""second_result"": ""unknown"", ""second_timeout_ms"": 300000, ""z3_reason_unknown"": ""canceled""}, {""classification"": ""full_key_unique"", ""elapsed"": 132.8081901613623, ""first_result"": ""sat"", ""first_timeout_ms"": 60000, ""query_count"": 96, ""second_result"": ""unsat"", ""second_timeout_ms"": 300000, ""z3_reason_unknown"": """"}]",sat,unsat,0.009508712217211723,131.68702401593328,edf43a9a19e4a3f3bf1eec668bd00cf6,edf43a9a19e4a3f3bf1eec668bd00cf6,,True,sat,False,False,False,,"{""0"": ""fixed"", ""1"": ""fixed"", ""10"": ""fixed"", ""11"": ""fixed"", ""12"": ""fixed"", ""13"": ""fixed"", ""14"": ""fixed"", ""15"": ""fixed"", ""2"": ""fixed"", ""3"": ""fixed"", ""4"": ""fixed"", ""5"": ""fixed"", ""6"": ""fixed"", ""7"": ""fixed"", ""8"": ""fixed"", ""9"": ""fixed""}","{""0"": ""fixed"", ""1"": ""fixed"", ""2"": ""fixed"", ""3"": ""fixed""}","[0, 1, 2, 3, 4, 5, 6, 7, 8, 9, 10, 11, 12, 13, 14, 15]",[],[],False,full_key_unique,True,uf_axiom,
MC_69__ARK_45,MC_69,ARK_45,MC-ARK,0,0,0,0,1,0,0,0,0,0,1,0,late_only,gap_uncovered_structural_cell,MC_69__ARK_45,0,96,2,differential,3,"[{""classification"": ""undecided"", ""elapsed"": 330.5007022488862, ""first_result"": ""sat"", ""first_timeout_ms"": 60000, ""query_count"": 32, ""second_result"": ""unknown"", ""second_timeout_ms"": 300000, ""z3_reason_unknown"": ""canceled""}, {""classification"": ""undecided"", ""elapsed"": 330.71645312197506, ""first_result"": ""sat"", ""first_timeout_ms"": 60000, ""query_count"": 64, ""second_result"": ""unknown"", ""second_timeout_ms"": 300000, ""z3_reason_unknown"": ""canceled""}, {""classification"": ""full_key_unique"", ""elapsed"": 133.03309510461986, ""first_result"": ""sat"", ""first_timeout_ms"": 60000, ""query_count"": 96, ""second_result"": ""unsat"", ""second_timeout_ms"": 300000, ""z3_reason_unknown"": """"}]",sat,unsat,0.009418312460184097,131.89653898961842,edf43a9a19e4a3f3bf1eec668bd00cf6,edf43a9a19e4a3f3bf1eec668bd00cf6,,True,sat,False,False,False,,"{""0"": ""fixed"", ""1"": ""fixed"", ""10"": ""fixed"", ""11"": ""fixed"", ""12"": ""fixed"", ""13"": ""fixed"", ""14"": ""fixed"", ""15"": ""fixed"", ""2"": ""fixed"", ""3"": ""fixed"", ""4"": ""fixed"", ""5"": ""fixed"", ""6"": ""fixed"", ""7"": ""fixed"", ""8"": ""fixed"", ""9"": ""fixed""}","{""0"": ""fixed"", ""1"": ""fixed"", ""2"": ""fixed"", ""3"": ""fixed""}","[0, 1, 2, 3, 4, 5, 6, 7, 8, 9, 10, 11, 12, 13, 14, 15]",[],[],False,full_key_unique,True,uf_axiom,
MC_56__ARK_5,MC_56,ARK_5,MC-ARK,0,0,0,0,0,0,0,0,0,0,1,0,late_only,gap_uncovered_structural_cell,MC_56__ARK_5,2,96,2,differential,3,"[{""classification"": ""undecided"", ""elapsed"": 330.4677561353892, ""first_result"": ""sat"", ""first_timeout_ms"": 60000, ""query_count"": 32, ""second_result"": ""unknown"", ""second_timeout_ms"": 300000, ""z3_reason_unknown"": ""canceled""}, {""classification"": ""undecided"", ""elapsed"": 330.77964729629457, ""first_result"": ""sat"", ""first_timeout_ms"": 60000, ""query_count"": 64, ""second_result"": ""unknown"", ""second_timeout_ms"": 300000, ""z3_reason_unknown"": ""canceled""}, {""classification"": ""full_key_unique"", ""elapsed"": 148.6392710134387, ""first_result"": ""sat"", ""first_timeout_ms"": 60000, ""query_count"": 96, ""second_result"": ""unsat"", ""second_timeout_ms"": 300000, ""z3_reason_unknown"": """"}]",sat,unsat,0.005415864288806915,147.96725853160024,a66f651322597191ab9f8f8af4c2db61,a66f651322597191ab9f8f8af4c2db61,,True,sat,False,False,False,,"{""0"": ""fixed"", ""1"": ""fixed"", ""10"": ""fixed"", ""11"": ""fixed"", ""12"": ""fixed"", ""13"": ""fixed"", ""14"": ""fixed"", ""15"": ""fixed"", ""2"": ""fixed"", ""3"": ""fixed"", ""4"": ""fixed"", ""5"": ""fixed"", ""6"": ""fixed"", ""7"": ""fixed"", ""8"": ""fixed"", ""9"": ""fixed""}","{""0"": ""fixed"", ""1"": ""fixed"", ""2"": ""fixed"", ""3"": ""fixed""}","[0, 1, 2, 3, 4, 5, 6, 7, 8, 9, 10, 11, 12, 13, 14, 15]",[],[],False,full_key_unique,True,uf_axiom,
MC_126__ARK_71,MC_126,ARK_71,MC-ARK,0,0,0,0,0,0,0,0,0,0,1,0,late_only,gap_uncovered_structural_cell,MC_126__ARK_71,1,96,2,differential,3,"[{""classification"": ""undecided"", ""elapsed"": 330.5772331971675, ""first_result"": ""sat"", ""first_timeout_ms"": 60000, ""query_count"": 32, ""second_result"": ""unknown"", ""second_timeout_ms"": 300000, ""z3_reason_unknown"": ""canceled""}, {""classification"": ""undecided"", ""elapsed"": 330.63984528183937, ""first_result"": ""sat"", ""first_timeout_ms"": 60000, ""query_count"": 64, ""second_result"": ""unknown"", ""second_timeout_ms"": 300000, ""z3_reason_unknown"": ""canceled""}, {""classification"": ""full_key_unique"", ""elapsed"": 157.62044880911708, ""first_result"": ""sat"", ""first_timeout_ms"": 60000, ""query_count"": 96, ""second_result"": ""unsat"", ""second_timeout_ms"": 300000, ""z3_reason_unknown"": """"}]",sat,unsat,0.008039142936468124,156.51301021687686,99107579bc3c2c3b0d7a8a6fd1573606,99107579bc3c2c3b0d7a8a6fd1573606,,True,sat,False,False,False,,"{""0"": ""fixed"", ""1"": ""fixed"", ""10"": ""fixed"", ""11"": ""fixed"", ""12"": ""fixed"", ""13"": ""fixed"", ""14"": ""fixed"", ""15"": ""fixed"", ""2"": ""fixed"", ""3"": ""fixed"", ""4"": ""fixed"", ""5"": ""fixed"", ""6"": ""fixed"", ""7"": ""fixed"", ""8"": ""fixed"", ""9"": ""fixed""}","{""0"": ""fixed"", ""1"": ""fixed"", ""2"": ""fixed"", ""3"": ""fixed""}","[0, 1, 2, 3, 4, 5, 6, 7, 8, 9, 10, 11, 12, 13, 14, 15]",[],[],False,full_key_unique,True,uf_axiom,
MC_31__ARK_65,MC_31,ARK_65,MC-ARK,0,0,0,0,0,0,0,0,0,0,1,0,late_only,gap_uncovered_structural_cell,MC_31__ARK_65,1,96,2,differential,3,"[{""classification"": ""undecided"", ""elapsed"": 330.4128092844039, ""first_result"": ""sat"", ""first_timeout_ms"": 60000, ""query_count"": 32, ""second_result"": ""unknown"", ""second_timeout_ms"": 300000, ""z3_reason_unknown"": ""canceled""}, {""classification"": ""undecided"", ""elapsed"": 330.5188944991678, ""first_result"": ""sat"", ""first_timeout_ms"": 60000, ""query_count"": 64, ""second_result"": ""unknown"", ""second_timeout_ms"": 300000, ""z3_reason_unknown"": ""canceled""}, {""classification"": ""full_key_unique"", ""elapsed"": 174.45732720382512, ""first_result"": ""sat"", ""first_timeout_ms"": 60000, ""query_count"": 96, ""second_result"": ""unsat"", ""second_timeout_ms"": 300000, ""z3_reason_unknown"": """"}]",sat,unsat,0.006269929930567741,173.78733350336552,99107579bc3c2c3b0d7a8a6fd1573606,99107579bc3c2c3b0d7a8a6fd1573606,,True,sat,False,False,False,,"{""0"": ""fixed"", ""1"": ""fixed"", ""10"": ""fixed"", ""11"": ""fixed"", ""12"": ""fixed"", ""13"": ""fixed"", ""14"": ""fixed"", ""15"": ""fixed"", ""2"": ""fixed"", ""3"": ""fixed"", ""4"": ""fixed"", ""5"": ""fixed"", ""6"": ""fixed"", ""7"": ""fixed"", ""8"": ""fixed"", ""9"": ""fixed""}","{""0"": ""fixed"", ""1"": ""fixed"", ""2"": ""fixed"", ""3"": ""fixed""}","[0, 1, 2, 3, 4, 5, 6, 7, 8, 9, 10, 11, 12, 13, 14, 15]",[],[],False,full_key_unique,True,uf_axiom,
MC_126__ARK_71,MC_126,ARK_71,MC-ARK,0,0,0,0,0,0,0,0,0,0,1,0,late_only,gap_uncovered_structural_cell,MC_126__ARK_71,0,96,2,differential,3,"[{""classification"": ""undecided"", ""elapsed"": 330.580627027899, ""first_result"": ""sat"", ""first_timeout_ms"": 60000, ""query_count"": 32, ""second_result"": ""unknown"", ""second_timeout_ms"": 300000, ""z3_reason_unknown"": ""canceled""}, {""classification"": ""undecided"", ""elapsed"": 330.6702744178474, ""first_result"": ""sat"", ""first_timeout_ms"": 60000, ""query_count"": 64, ""second_result"": ""unknown"", ""second_timeout_ms"": 300000, ""z3_reason_unknown"": ""canceled""}, {""classification"": ""full_key_unique"", ""elapsed"": 263.385193284601, ""first_result"": ""sat"", ""first_timeout_ms"": 60000, ""query_count"": 96, ""second_result"": ""unsat"", ""second_timeout_ms"": 300000, ""z3_reason_unknown"": """"}]",sat,unsat,0.008142296224832535,262.2408820167184,edf43a9a19e4a3f3bf1eec668bd00cf6,edf43a9a19e4a3f3bf1eec668bd00cf6,,True,sat,False,False,False,,"{""0"": ""fixed"", ""1"": ""fixed"", ""10"": ""fixed"", ""11"": ""fixed"", ""12"": ""fixed"", ""13"": ""fixed"", ""14"": ""fixed"", ""15"": ""fixed"", ""2"": ""fixed"", ""3"": ""fixed"", ""4"": ""fixed"", ""5"": ""fixed"", ""6"": ""fixed"", ""7"": ""fixed"", ""8"": ""fixed"", ""9"": ""fixed""}","{""0"": ""fixed"", ""1"": ""fixed"", ""2"": ""fixed"", ""3"": ""fixed""}","[0, 1, 2, 3, 4, 5, 6, 7, 8, 9, 10, 11, 12, 13, 14, 15]",[],[],False,full_key_unique,True,uf_axiom,
MC_69__ARK_45,MC_69,ARK_45,MC-ARK,0,0,0,0,1,0,0,0,0,0,1,0,late_only,gap_uncovered_structural_cell,MC_69__ARK_45,1,128,2,differential,4,"[{""classification"": ""undecided"", ""elapsed"": 330.5803713109344, ""first_result"": ""sat"", ""first_timeout_ms"": 60000, ""query_count"": 32, ""second_result"": ""unknown"", ""second_timeout_ms"": 300000, ""z3_reason_unknown"": ""canceled""}, {""classification"": ""undecided"", ""elapsed"": 330.7427307832986, ""first_result"": ""sat"", ""first_timeout_ms"": 60000, ""query_count"": 64, ""second_result"": ""unknown"", ""second_timeout_ms"": 300000, ""z3_reason_unknown"": ""canceled""}, {""classification"": ""undecided"", ""elapsed"": 331.09700320102274, ""first_result"": ""sat"", ""first_timeout_ms"": 60000, ""query_count"": 96, ""second_result"": ""unknown"", ""second_timeout_ms"": 300000, ""z3_reason_unknown"": ""canceled""}, {""classification"": ""full_key_unique"", ""elapsed"": 27.77328360453248, ""first_result"": ""sat"", ""first_timeout_ms"": 60000, ""query_count"": 128, ""second_result"": ""unsat"", ""second_timeout_ms"": 300000, ""z3_reason_unknown"": """"}]",sat,unsat,0.011254698038101196,26.190437650308013,99107579bc3c2c3b0d7a8a6fd1573606,99107579bc3c2c3b0d7a8a6fd1573606,,True,sat,False,False,False,,"{""0"": ""fixed"", ""1"": ""fixed"", ""10"": ""fixed"", ""11"": ""fixed"", ""12"": ""fixed"", ""13"": ""fixed"", ""14"": ""fixed"", ""15"": ""fixed"", ""2"": ""fixed"", ""3"": ""fixed"", ""4"": ""fixed"", ""5"": ""fixed"", ""6"": ""fixed"", ""7"": ""fixed"", ""8"": ""fixed"", ""9"": ""fixed""}","{""0"": ""fixed"", ""1"": ""fixed"", ""2"": ""fixed"", ""3"": ""fixed""}","[0, 1, 2, 3, 4, 5, 6, 7, 8, 9, 10, 11, 12, 13, 14, 15]",[],[],False,full_key_unique,True,uf_axiom,
MC_94__ARK_43,MC_94,ARK_43,MC-ARK,0,0,0,0,0,0,0,0,0,0,1,0,late_only,gap_uncovered_structural_cell,MC_94__ARK_43,0,128,2,differential,4,"[{""classification"": ""undecided"", ""elapsed"": 330.460154235363, ""first_result"": ""sat"", ""first_timeout_ms"": 60000, ""query_count"": 32, ""second_result"": ""unknown"", ""second_timeout_ms"": 300000, ""z3_reason_unknown"": ""canceled""}, {""classification"": ""undecided"", ""elapsed"": 330.6222163941711, ""first_result"": ""sat"", ""first_timeout_ms"": 60000, ""query_count"": 64, ""second_result"": ""unknown"", ""second_timeout_ms"": 300000, ""z3_reason_unknown"": ""canceled""}, {""classification"": ""undecided"", ""elapsed"": 331.13081233762205, ""first_result"": ""sat"", ""first_timeout_ms"": 60000, ""query_count"": 96, ""second_result"": ""unknown"", ""second_timeout_ms"": 300000, ""z3_reason_unknown"": ""canceled""}, {""classification"": ""full_key_unique"", ""elapsed"": 97.696302941069, ""first_result"": ""sat"", ""first_timeout_ms"": 60000, ""query_count"": 128, ""second_result"": ""unsat"", ""second_timeout_ms"": 300000, ""z3_reason_unknown"": """"}]",sat,unsat,0.011790482327342033,96.61582714132965,edf43a9a19e4a3f3bf1eec668bd00cf6,edf43a9a19e4a3f3bf1eec668bd00cf6,,True,sat,False,False,False,,"{""0"": ""fixed"", ""1"": ""fixed"", ""10"": ""fixed"", ""11"": ""fixed"", ""12"": ""fixed"", ""13"": ""fixed"", ""14"": ""fixed"", ""15"": ""fixed"", ""2"": ""fixed"", ""3"": ""fixed"", ""4"": ""fixed"", ""5"": ""fixed"", ""6"": ""fixed"", ""7"": ""fixed"", ""8"": ""fixed"", ""9"": ""fixed""}","{""0"": ""fixed"", ""1"": ""fixed"", ""2"": ""fixed"", ""3"": ""fixed""}","[0, 1, 2, 3, 4, 5, 6, 7, 8, 9, 10, 11, 12, 13, 14, 15]",[],[],False,full_key_unique,True,uf_axiom,
MC_25__ARK_89,MC_25,ARK_89,MC-ARK,0,0,1,0,1,0,0,0,1,0,0,0,late_only,gap_uncovered_structural_cell,MC_25__ARK_89,1,128,2,differential,4,"[{""classification"": ""undecided"", ""elapsed"": 330.58287231065333, ""first_result"": ""sat"", ""first_timeout_ms"": 60000, ""query_count"": 32, ""second_result"": ""unknown"", ""second_timeout_ms"": 300000, ""z3_reason_unknown"": ""canceled""}, {""classification"": ""undecided"", ""elapsed"": 330.63509600795805, ""first_result"": ""sat"", ""first_timeout_ms"": 60000, ""query_count"": 64, ""second_result"": ""unknown"", ""second_timeout_ms"": 300000, ""z3_reason_unknown"": ""canceled""}, {""classification"": ""undecided"", ""elapsed"": 330.731906125322, ""first_result"": ""sat"", ""first_timeout_ms"": 60000, ""query_count"": 96, ""second_result"": ""unknown"", ""second_timeout_ms"": 300000, ""z3_reason_unknown"": ""canceled""}, {""classification"": ""full_key_unique"", ""elapsed"": 100.49141042120755, ""first_result"": ""sat"", ""first_timeout_ms"": 60000, ""query_count"": 128, ""second_result"": ""unsat"", ""second_timeout_ms"": 300000, ""z3_reason_unknown"": """"}]",sat,unsat,0.011558204889297485,98.98023891635239,99107579bc3c2c3b0d7a8a6fd1573606,99107579bc3c2c3b0d7a8a6fd1573606,,True,sat,False,False,False,,"{""0"": ""fixed"", ""1"": ""fixed"", ""10"": ""fixed"", ""11"": ""fixed"", ""12"": ""fixed"", ""13"": ""fixed"", ""14"": ""fixed"", ""15"": ""fixed"", ""2"": ""fixed"", ""3"": ""fixed"", ""4"": ""fixed"", ""5"": ""fixed"", ""6"": ""fixed"", ""7"": ""fixed"", ""8"": ""fixed"", ""9"": ""fixed""}","{""0"": ""fixed"", ""1"": ""fixed"", ""2"": ""fixed"", ""3"": ""fixed""}","[0, 1, 2, 3, 4, 5, 6, 7, 8, 9, 10, 11, 12, 13, 14, 15]",[],[],False,full_key_unique,True,uf_axiom,
MC_3__ARK_89,MC_3,ARK_89,MC-ARK,0,0,0,0,0,0,0,0,0,0,1,0,late_only,gap_uncovered_structural_cell,MC_3__ARK_89,1,128,2,differential,4,"[{""classification"": ""undecided"", ""elapsed"": 330.55932428874075, ""first_result"": ""sat"", ""first_timeout_ms"": 60000, ""query_count"": 32, ""second_result"": ""unknown"", ""second_timeout_ms"": 300000, ""z3_reason_unknown"": ""canceled""}, {""classification"": ""undecided"", ""elapsed"": 330.71169993653893, ""first_result"": ""sat"", ""first_timeout_ms"": 60000, ""query_count"": 64, ""second_result"": ""unknown"", ""second_timeout_ms"": 300000, ""z3_reason_unknown"": ""canceled""}, {""classification"": ""undecided"", ""elapsed"": 330.68283600360155, ""first_result"": ""sat"", ""first_timeout_ms"": 60000, ""query_count"": 96, ""second_result"": ""unknown"", ""second_timeout_ms"": 300000, ""z3_reason_unknown"": ""canceled""}, {""classification"": ""full_key_unique"", ""elapsed"": 249.57820967957377, ""first_result"": ""sat"", ""first_timeout_ms"": 60000, ""query_count"": 128, ""second_result"": ""unsat"", ""second_timeout_ms"": 300000, ""z3_reason_unknown"": """"}]",sat,unsat,0.011578895151615143,248.10269953496754,99107579bc3c2c3b0d7a8a6fd1573606,99107579bc3c2c3b0d7a8a6fd1573606,,True,sat,False,False,False,,"{""0"": ""fixed"", ""1"": ""fixed"", ""10"": ""fixed"", ""11"": ""fixed"", ""12"": ""fixed"", ""13"": ""fixed"", ""14"": ""fixed"", ""15"": ""fixed"", ""2"": ""fixed"", ""3"": ""fixed"", ""4"": ""fixed"", ""5"": ""fixed"", ""6"": ""fixed"", ""7"": ""fixed"", ""8"": ""fixed"", ""9"": ""fixed""}","{""0"": ""fixed"", ""1"": ""fixed"", ""2"": ""fixed"", ""3"": ""fixed""}","[0, 1, 2, 3, 4, 5, 6, 7, 8, 9, 10, 11, 12, 13, 14, 15]",[],[],False,full_key_unique,True,uf_axiom,
MC_64__ARK_62,MC_64,ARK_62,MC-ARK,0,0,0,0,0,0,0,0,0,0,1,0,late_only,gap_uncovered_structural_cell,MC_64__ARK_62,0,192,2,differential,5,"[{""classification"": ""undecided"", ""elapsed"": 330.5841712914407, ""first_result"": ""sat"", ""first_timeout_ms"": 60000, ""query_count"": 32, ""second_result"": ""unknown"", ""second_timeout_ms"": 300000, ""z3_reason_unknown"": ""canceled""}, {""classification"": ""undecided"", ""elapsed"": 330.604072580114, ""first_result"": ""sat"", ""first_timeout_ms"": 60000, ""query_count"": 64, ""second_result"": ""unknown"", ""second_timeout_ms"": 300000, ""z3_reason_unknown"": ""canceled""}, {""classification"": ""undecided"", ""elapsed"": 330.6631379108876, ""first_result"": ""sat"", ""first_timeout_ms"": 60000, ""query_count"": 96, ""second_result"": ""unknown"", ""second_timeout_ms"": 300000, ""z3_reason_unknown"": ""canceled""}, {""classification"": ""undecided"", ""elapsed"": 331.43792486935854, ""first_result"": ""sat"", ""first_timeout_ms"": 60000, ""query_count"": 128, ""second_result"": ""unknown"", ""second_timeout_ms"": 300000, ""z3_reason_unknown"": ""canceled""}, {""classification"": ""full_key_unique"", ""elapsed"": 123.50881159491837, ""first_result"": ""sat"", ""first_timeout_ms"": 120000, ""query_count"": 192, ""second_result"": ""unsat"", ""second_timeout_ms"": 600000, ""z3_reason_unknown"": """"}]",sat,unsat,0.009967636317014694,122.32297213934362,edf43a9a19e4a3f3bf1eec668bd00cf6,edf43a9a19e4a3f3bf1eec668bd00cf6,,True,sat,False,False,False,,"{""0"": ""fixed"", ""1"": ""fixed"", ""10"": ""fixed"", ""11"": ""fixed"", ""12"": ""fixed"", ""13"": ""fixed"", ""14"": ""fixed"", ""15"": ""fixed"", ""2"": ""fixed"", ""3"": ""fixed"", ""4"": ""fixed"", ""5"": ""fixed"", ""6"": ""fixed"", ""7"": ""fixed"", ""8"": ""fixed"", ""9"": ""fixed""}","{""0"": ""fixed"", ""1"": ""fixed"", ""2"": ""fixed"", ""3"": ""fixed""}","[0, 1, 2, 3, 4, 5, 6, 7, 8, 9, 10, 11, 12, 13, 14, 15]",[],[],False,full_key_unique,True,uf_axiom,
MC_56__ARK_5,MC_56,ARK_5,MC-ARK,0,0,0,0,0,0,0,0,0,0,1,0,late_only,gap_uncovered_structural_cell,MC_56__ARK_5,1,192,2,differential,5,"[{""classification"": ""undecided"", ""elapsed"": 330.5329038836062, ""first_result"": ""sat"", ""first_timeout_ms"": 60000, ""query_count"": 32, ""second_result"": ""unknown"", ""second_timeout_ms"": 300000, ""z3_reason_unknown"": ""canceled""}, {""classification"": ""undecided"", ""elapsed"": 330.72812406532466, ""first_result"": ""sat"", ""first_timeout_ms"": 60000, ""query_count"": 64, ""second_result"": ""unknown"", ""second_timeout_ms"": 300000, ""z3_reason_unknown"": ""canceled""}, {""classification"": ""undecided"", ""elapsed"": 330.6697049494833, ""first_result"": ""sat"", ""first_timeout_ms"": 60000, ""query_count"": 96, ""second_result"": ""unknown"", ""second_timeout_ms"": 300000, ""z3_reason_unknown"": ""canceled""}, {""classification"": ""undecided"", ""elapsed"": 331.4339108187705, ""first_result"": ""sat"", ""first_timeout_ms"": 60000, ""query_count"": 128, ""second_result"": ""unknown"", ""second_timeout_ms"": 300000, ""z3_reason_unknown"": ""canceled""}, {""classification"": ""full_key_unique"", ""elapsed"": 151.42355960980058, ""first_result"": ""sat"", ""first_timeout_ms"": 120000, ""query_count"": 192, ""second_result"": ""unsat"", ""second_timeout_ms"": 600000, ""z3_reason_unknown"": """"}]",sat,unsat,0.01037902943789959,150.25208228453994,99107579bc3c2c3b0d7a8a6fd1573606,99107579bc3c2c3b0d7a8a6fd1573606,,True,sat,False,False,False,,"{""0"": ""fixed"", ""1"": ""fixed"", ""10"": ""fixed"", ""11"": ""fixed"", ""12"": ""fixed"", ""13"": ""fixed"", ""14"": ""fixed"", ""15"": ""fixed"", ""2"": ""fixed"", ""3"": ""fixed"", ""4"": ""fixed"", ""5"": ""fixed"", ""6"": ""fixed"", ""7"": ""fixed"", ""8"": ""fixed"", ""9"": ""fixed""}","{""0"": ""fixed"", ""1"": ""fixed"", ""2"": ""fixed"", ""3"": ""fixed""}","[0, 1, 2, 3, 4, 5, 6, 7, 8, 9, 10, 11, 12, 13, 14, 15]",[],[],False,full_key_unique,True,uf_axiom,
MC_42__ARK_92,MC_42,ARK_92,MC-ARK,0,0,0,0,0,0,0,0,0,0,1,0,late_only,gap_uncovered_structural_cell,MC_42__ARK_92,1,192,2,differential,5,"[{""classification"": ""undecided"", ""elapsed"": 330.39707311987877, ""first_result"": ""sat"", ""first_timeout_ms"": 60000, ""query_count"": 32, ""second_result"": ""unknown"", ""second_timeout_ms"": 300000, ""z3_reason_unknown"": ""canceled""}, {""classification"": ""undecided"", ""elapsed"": 330.5694288611412, ""first_result"": ""sat"", ""first_timeout_ms"": 60000, ""query_count"": 64, ""second_result"": ""unknown"", ""second_timeout_ms"": 300000, ""z3_reason_unknown"": ""canceled""}, {""classification"": ""undecided"", ""elapsed"": 330.86030130647123, ""first_result"": ""sat"", ""first_timeout_ms"": 60000, ""query_count"": 96, ""second_result"": ""unknown"", ""second_timeout_ms"": 300000, ""z3_reason_unknown"": ""canceled""}, {""classification"": ""undecided"", ""elapsed"": 331.52096901088953, ""first_result"": ""sat"", ""first_timeout_ms"": 60000, ""query_count"": 128, ""second_result"": ""unknown"", ""second_timeout_ms"": 300000, ""z3_reason_unknown"": ""canceled""}, {""classification"": ""full_key_unique"", ""elapsed"": 183.62366259656847, ""first_result"": ""sat"", ""first_timeout_ms"": 120000, ""query_count"": 192, ""second_result"": ""unsat"", ""second_timeout_ms"": 600000, ""z3_reason_unknown"": """"}]",sat,unsat,0.02177407592535019,181.39738160930574,99107579bc3c2c3b0d7a8a6fd1573606,99107579bc3c2c3b0d7a8a6fd1573606,,True,sat,False,False,False,,"{""0"": ""fixed"", ""1"": ""fixed"", ""10"": ""fixed"", ""11"": ""fixed"", ""12"": ""fixed"", ""13"": ""fixed"", ""14"": ""fixed"", ""15"": ""fixed"", ""2"": ""fixed"", ""3"": ""fixed"", ""4"": ""fixed"", ""5"": ""fixed"", ""6"": ""fixed"", ""7"": ""fixed"", ""8"": ""fixed"", ""9"": ""fixed""}","{""0"": ""fixed"", ""1"": ""fixed"", ""2"": ""fixed"", ""3"": ""fixed""}","[0, 1, 2, 3, 4, 5, 6, 7, 8, 9, 10, 11, 12, 13, 14, 15]",[],[],False,full_key_unique,True,uf_axiom,
MC_94__ARK_43,MC_94,ARK_43,MC-ARK,0,0,0,0,0,0,0,0,0,0,1,0,late_only,gap_uncovered_structural_cell,MC_94__ARK_43,1,192,2,differential,5,"[{""classification"": ""undecided"", ""elapsed"": 330.51220341958106, ""first_result"": ""sat"", ""first_timeout_ms"": 60000, ""query_count"": 32, ""second_result"": ""unknown"", ""second_timeout_ms"": 300000, ""z3_reason_unknown"": ""canceled""}, {""classification"": ""undecided"", ""elapsed"": 330.5250407960266, ""first_result"": ""sat"", ""first_timeout_ms"": 60000, ""query_count"": 64, ""second_result"": ""unknown"", ""second_timeout_ms"": 300000, ""z3_reason_unknown"": ""canceled""}, {""classification"": ""undecided"", ""elapsed"": 331.100808467716, ""first_result"": ""sat"", ""first_timeout_ms"": 60000, ""query_count"": 96, ""second_result"": ""unknown"", ""second_timeout_ms"": 300000, ""z3_reason_unknown"": ""canceled""}, {""classification"": ""undecided"", ""elapsed"": 331.4396312329918, ""first_result"": ""sat"", ""first_timeout_ms"": 60000, ""query_count"": 128, ""second_result"": ""unknown"", ""second_timeout_ms"": 300000, ""z3_reason_unknown"": ""canceled""}, {""classification"": ""full_key_unique"", ""elapsed"": 211.07417398132384, ""first_result"": ""sat"", ""first_timeout_ms"": 120000, ""query_count"": 192, ""second_result"": ""unsat"", ""second_timeout_ms"": 600000, ""z3_reason_unknown"": """"}]",sat,unsat,0.010826170444488525,209.80714506283402,99107579bc3c2c3b0d7a8a6fd1573606,99107579bc3c2c3b0d7a8a6fd1573606,,True,sat,False,False,False,,"{""0"": ""fixed"", ""1"": ""fixed"", ""10"": ""fixed"", ""11"": ""fixed"", ""12"": ""fixed"", ""13"": ""fixed"", ""14"": ""fixed"", ""15"": ""fixed"", ""2"": ""fixed"", ""3"": ""fixed"", ""4"": ""fixed"", ""5"": ""fixed"", ""6"": ""fixed"", ""7"": ""fixed"", ""8"": ""fixed"", ""9"": ""fixed""}","{""0"": ""fixed"", ""1"": ""fixed"", ""2"": ""fixed"", ""3"": ""fixed""}","[0, 1, 2, 3, 4, 5, 6, 7, 8, 9, 10, 11, 12, 13, 14, 15]",[],[],False,full_key_unique,True,uf_axiom,
MC_64__ARK_62,MC_64,ARK_62,MC-ARK,0,0,0,0,0,0,0,0,0,0,1,0,late_only,gap_uncovered_structural_cell,MC_64__ARK_62,1,192,2,differential,5,"[{""classification"": ""undecided"", ""elapsed"": 330.58192175254226, ""first_result"": ""sat"", ""first_timeout_ms"": 60000, ""query_count"": 32, ""second_result"": ""unknown"", ""second_timeout_ms"": 300000, ""z3_reason_unknown"": ""canceled""}, {""classification"": ""undecided"", ""elapsed"": 330.59533710964024, ""first_result"": ""sat"", ""first_timeout_ms"": 60000, ""query_count"": 64, ""second_result"": ""unknown"", ""second_timeout_ms"": 300000, ""z3_reason_unknown"": ""canceled""}, {""classification"": ""undecided"", ""elapsed"": 331.15417911298573, ""first_result"": ""sat"", ""first_timeout_ms"": 60000, ""query_count"": 96, ""second_result"": ""unknown"", ""second_timeout_ms"": 300000, ""z3_reason_unknown"": ""canceled""}, {""classification"": ""undecided"", ""elapsed"": 331.48514721542597, ""first_result"": ""sat"", ""first_timeout_ms"": 60000, ""query_count"": 128, ""second_result"": ""unknown"", ""second_timeout_ms"": 300000, ""z3_reason_unknown"": ""canceled""}, {""classification"": ""full_key_unique"", ""elapsed"": 273.936552207917, ""first_result"": ""sat"", ""first_timeout_ms"": 120000, ""query_count"": 192, ""second_result"": ""unsat"", ""second_timeout_ms"": 600000, ""z3_reason_unknown"": """"}]",sat,unsat,0.017081905156373978,271.77453269064426,99107579bc3c2c3b0d7a8a6fd1573606,99107579bc3c2c3b0d7a8a6fd1573606,,True,sat,False,False,False,,"{""0"": ""fixed"", ""1"": ""fixed"", ""10"": ""fixed"", ""11"": ""fixed"", ""12"": ""fixed"", ""13"": ""fixed"", ""14"": ""fixed"", ""15"": ""fixed"", ""2"": ""fixed"", ""3"": ""fixed"", ""4"": ""fixed"", ""5"": ""fixed"", ""6"": ""fixed"", ""7"": ""fixed"", ""8"": ""fixed"", ""9"": ""fixed""}","{""0"": ""fixed"", ""1"": ""fixed"", ""2"": ""fixed"", ""3"": ""fixed""}","[0, 1, 2, 3, 4, 5, 6, 7, 8, 9, 10, 11, 12, 13, 14, 15]",[],[],False,full_key_unique,True,uf_axiom,
MC_26__ARK_30,MC_26,ARK_30,MC-ARK,0,1,1,1,0,0,0,0,0,0,0,0,late_only,gap_uncovered_structural_cell,MC_26__ARK_30,1,32,2,differential,1,"[{""classification"": ""ambiguity"", ""elapsed"": 76.24947935529053, ""first_result"": ""sat"", ""first_timeout_ms"": 60000, ""query_count"": 32, ""second_result"": ""sat"", ""second_timeout_ms"": 300000, ""z3_reason_unknown"": """"}]",sat,sat,0.002882072702050209,75.77595122531056,99107579bc3c2c3b0d7a8a6fd1573606,99107579bc3c2c3b0d7a8a6fd1573606,c76f0eb0cf73624e469f8091f2515f60,True,sat,False,False,False,,"{""0"": ""free"", ""1"": ""free"", ""10"": ""free"", ""11"": ""free"", ""12"": ""free"", ""13"": ""free"", ""14"": ""free"", ""15"": ""free"", ""2"": ""free"", ""3"": ""free"", ""4"": ""free"", ""5"": ""free"", ""6"": ""free"", ""7"": ""free"", ""8"": ""free"", ""9"": ""free""}","{""0"": ""free"", ""1"": ""free"", ""2"": ""free"", ""3"": ""free""}",[],"[0, 1, 2, 3, 4, 5, 6, 7, 8, 9, 10, 11, 12, 13, 14, 15]",[],False,ambiguity,False,uf_axiom,
MC_26__ARK_30,MC_26,ARK_30,MC-ARK,0,1,1,1,0,0,0,0,0,0,0,0,late_only,gap_uncovered_structural_cell,MC_26__ARK_30,0,32,2,differential,1,"[{""classification"": ""ambiguity"", ""elapsed"": 109.0449133682996, ""first_result"": ""sat"", ""first_timeout_ms"": 60000, ""query_count"": 32, ""second_result"": ""sat"", ""second_timeout_ms"": 300000, ""z3_reason_unknown"": """"}]",sat,sat,0.002321092411875725,78.44529953040183,edf43a9a19e4a3f3bf1eec668bd00cf6,edf43a9a19e4a3f3bf1eec668bd00cf6,fceb3a8f7b7caa1d2d37a1e70365be76,True,sat,False,False,False,,"{""0"": ""free"", ""1"": ""free"", ""10"": ""free"", ""11"": ""free"", ""12"": ""free"", ""13"": ""free"", ""14"": ""free"", ""15"": ""free"", ""2"": ""unknown"", ""3"": ""free"", ""4"": ""free"", ""5"": ""free"", ""6"": ""free"", ""7"": ""free"", ""8"": ""free"", ""9"": ""free""}","{""0"": ""free"", ""1"": ""free"", ""2"": ""free"", ""3"": ""free""}",[],"[0, 1, 3, 4, 5, 6, 7, 8, 9, 10, 11, 12, 13, 14, 15]",[2],False,ambiguity,False,uf_axiom,
MC_26__ARK_30,MC_26,ARK_30,MC-ARK,0,1,1,1,0,0,0,0,0,0,0,0,late_only,gap_uncovered_structural_cell,MC_26__ARK_30,2,32,2,differential,1,"[{""classification"": ""ambiguity"", ""elapsed"": 123.07292426750064, ""first_result"": ""sat"", ""first_timeout_ms"": 60000, ""query_count"": 32, ""second_result"": ""sat"", ""second_timeout_ms"": 300000, ""z3_reason_unknown"": """"}]",sat,sat,0.003950173035264015,119.91342522017658,a66f651322597191ab9f8f8af4c2db61,a66f651322597191ab9f8f8af4c2db61,a657a50ae259e84696052e99aa42381d,True,sat,False,False,False,,"{""0"": ""fixed"", ""1"": ""free"", ""10"": ""free"", ""11"": ""free"", ""12"": ""free"", ""13"": ""free"", ""14"": ""free"", ""15"": ""free"", ""2"": ""free"", ""3"": ""free"", ""4"": ""free"", ""5"": ""fixed"", ""6"": ""free"", ""7"": ""free"", ""8"": ""free"", ""9"": ""free""}","{""0"": ""free"", ""1"": ""free"", ""2"": ""free"", ""3"": ""free""}","[0, 5]","[1, 2, 3, 4, 6, 7, 8, 9, 10, 11, 12, 13, 14, 15]",[],False,ambiguity,False,uf_axiom,
MC_0__MC_31,MC_0,MC_31,MC-MC,1,0,0,1,0,0,0,0,0,0,0,0,late_only,gap_uncovered_structural_cell,MC_0__MC_31,2,32,2,differential,1,"[{""classification"": ""ambiguity"", ""elapsed"": 141.32996378466487, ""first_result"": ""sat"", ""first_timeout_ms"": 60000, ""query_count"": 32, ""second_result"": ""sat"", ""second_timeout_ms"": 300000, ""z3_reason_unknown"": """"}]",sat,sat,0.0023355763405561447,138.7992154341191,a66f651322597191ab9f8f8af4c2db61,a66f651322597191ab9f8f8af4c2db61,7754bd50bb59a610805f6c4000031614,True,sat,False,False,False,,"{""0"": ""free"", ""1"": ""free"", ""10"": ""free"", ""11"": ""free"", ""12"": ""free"", ""13"": ""free"", ""14"": ""free"", ""15"": ""free"", ""2"": ""free"", ""3"": ""free"", ""4"": ""free"", ""5"": ""fixed"", ""6"": ""free"", ""7"": ""free"", ""8"": ""free"", ""9"": ""free""}","{""0"": ""free"", ""1"": ""free"", ""2"": ""free"", ""3"": ""free""}",[5],"[0, 1, 2, 3, 4, 6, 7, 8, 9, 10, 11, 12, 13, 14, 15]",[],False,ambiguity,False,uf_axiom,
MC_0__MC_31,MC_0,MC_31,MC-MC,1,0,0,1,0,0,0,0,0,0,0,0,late_only,gap_uncovered_structural_cell,MC_0__MC_31,1,32,2,differential,1,"[{""classification"": ""ambiguity"", ""elapsed"": 156.6606705673039, ""first_result"": ""sat"", ""first_timeout_ms"": 60000, ""query_count"": 32, ""second_result"": ""sat"", ""second_timeout_ms"": 300000, ""z3_reason_unknown"": """"}]",sat,sat,0.002337545156478882,126.19092939607799,99107579bc3c2c3b0d7a8a6fd1573606,99107579bc3c2c3b0d7a8a6fd1573606,e4141eacf83cfe474222b6ac70046155,True,sat,False,False,False,,"{""0"": ""free"", ""1"": ""free"", ""10"": ""free"", ""11"": ""free"", ""12"": ""free"", ""13"": ""free"", ""14"": ""free"", ""15"": ""free"", ""2"": ""free"", ""3"": ""free"", ""4"": ""free"", ""5"": ""unknown"", ""6"": ""free"", ""7"": ""free"", ""8"": ""free"", ""9"": ""free""}","{""0"": ""free"", ""1"": ""free"", ""2"": ""free"", ""3"": ""free""}",[],"[0, 1, 2, 3, 4, 6, 7, 8, 9, 10, 11, 12, 13, 14, 15]",[5],False,ambiguity,False,uf_axiom,
MC_0__MC_31,MC_0,MC_31,MC-MC,1,0,0,1,0,0,0,0,0,0,0,0,late_only,gap_uncovered_structural_cell,MC_0__MC_31,0,32,2,differential,1,"[{""classification"": ""ambiguity"", ""elapsed"": 166.32539402879775, ""first_result"": ""sat"", ""first_timeout_ms"": 60000, ""query_count"": 32, ""second_result"": ""sat"", ""second_timeout_ms"": 300000, ""z3_reason_unknown"": """"}]",sat,sat,0.002253487706184387,165.83830346912146,edf43a9a19e4a3f3bf1eec668bd00cf6,edf43a9a19e4a3f3bf1eec668bd00cf6,2ed1856392f0ae788b895ad2814a119c,True,sat,False,False,False,,"{""0"": ""free"", ""1"": ""free"", ""10"": ""free"", ""11"": ""free"", ""12"": ""free"", ""13"": ""free"", ""14"": ""free"", ""15"": ""free"", ""2"": ""free"", ""3"": ""free"", ""4"": ""free"", ""5"": ""free"", ""6"": ""free"", ""7"": ""free"", ""8"": ""free"", ""9"": ""free""}","{""0"": ""free"", ""1"": ""free"", ""2"": ""free"", ""3"": ""free""}",[],"[0, 1, 2, 3, 4, 5, 6, 7, 8, 9, 10, 11, 12, 13, 14, 15]",[],False,ambiguity,False,uf_axiom,
MC_16__MC_86,MC_16,MC_86,MC-MC,1,0,1,0,0,0,0,0,1,0,0,0,late_only,gap_uncovered_structural_cell,MC_16__MC_86,2,32,2,differential,1,"[{""classification"": ""ambiguity"", ""elapsed"": 171.9223040174693, ""first_result"": ""sat"", ""first_timeout_ms"": 60000, ""query_count"": 32, ""second_result"": ""sat"", ""second_timeout_ms"": 300000, ""z3_reason_unknown"": """"}]",sat,sat,0.00386025570333004,171.46737171709538,a66f651322597191ab9f8f8af4c2db61,a66f651322597191ab9f8f8af4c2db61,01009e5d5e8128703e2cb7ad264be7b4,True,sat,False,False,False,,"{""0"": ""free"", ""1"": ""free"", ""10"": ""free"", ""11"": ""free"", ""12"": ""free"", ""13"": ""free"", ""14"": ""free"", ""15"": ""free"", ""2"": ""free"", ""3"": ""free"", ""4"": ""free"", ""5"": ""free"", ""6"": ""free"", ""7"": ""free"", ""8"": ""free"", ""9"": ""free""}","{""0"": ""free"", ""1"": ""free"", ""2"": ""free"", ""3"": ""free""}",[],"[0, 1, 2, 3, 4, 5, 6, 7, 8, 9, 10, 11, 12, 13, 14, 15]",[],False,ambiguity,False,uf_axiom,
MC_28__ARK_88,MC_28,ARK_88,MC-ARK,0,0,1,0,0,0,0,0,1,0,0,0,late_only,gap_uncovered_structural_cell,MC_28__ARK_88,2,32,2,differential,1,"[{""classification"": ""ambiguity"", ""elapsed"": 223.46811648085713, ""first_result"": ""sat"", ""first_timeout_ms"": 60000, ""query_count"": 32, ""second_result"": ""sat"", ""second_timeout_ms"": 300000, ""z3_reason_unknown"": """"}]",sat,sat,0.0036732256412506104,222.9842051975429,a66f651322597191ab9f8f8af4c2db61,a66f651322597191ab9f8f8af4c2db61,a2bee882989397030cfd1790862e3942,True,sat,False,False,False,,"{""0"": ""free"", ""1"": ""free"", ""10"": ""free"", ""11"": ""free"", ""12"": ""free"", ""13"": ""free"", ""14"": ""free"", ""15"": ""free"", ""2"": ""free"", ""3"": ""free"", ""4"": ""free"", ""5"": ""free"", ""6"": ""free"", ""7"": ""free"", ""8"": ""free"", ""9"": ""free""}","{""0"": ""free"", ""1"": ""free"", ""2"": ""free"", ""3"": ""free""}",[],"[0, 1, 2, 3, 4, 5, 6, 7, 8, 9, 10, 11, 12, 13, 14, 15]",[],False,ambiguity,False,uf_axiom,
MC_11__ARK_64,MC_11,ARK_64,MC-ARK,0,0,0,0,0,0,0,0,0,0,1,0,late_only,gap_uncovered_structural_cell,MC_11__ARK_64,2,32,2,differential,1,"[{""classification"": ""ambiguity"", ""elapsed"": 255.7603940013796, ""first_result"": ""sat"", ""first_timeout_ms"": 60000, ""query_count"": 32, ""second_result"": ""sat"", ""second_timeout_ms"": 300000, ""z3_reason_unknown"": """"}]",sat,sat,0.003619493916630745,255.1302285194397,a66f651322597191ab9f8f8af4c2db61,a66f651322597191ab9f8f8af4c2db61,19cf116ada84b697f08560e9635a85fe,True,sat,False,False,False,,"{""0"": ""free"", ""1"": ""free"", ""10"": ""free"", ""11"": ""free"", ""12"": ""free"", ""13"": ""free"", ""14"": ""free"", ""15"": ""free"", ""2"": ""free"", ""3"": ""free"", ""4"": ""free"", ""5"": ""free"", ""6"": ""free"", ""7"": ""free"", ""8"": ""free"", ""9"": ""free""}","{""0"": ""free"", ""1"": ""free"", ""2"": ""free"", ""3"": ""free""}",[],"[0, 1, 2, 3, 4, 5, 6, 7, 8, 9, 10, 11, 12, 13, 14, 15]",[],False,ambiguity,False,uf_axiom,
MC_67__ARK_53,MC_67,ARK_53,MC-ARK,0,0,0,0,0,0,0,0,0,0,1,0,late_only,gap_uncovered_structural_cell,MC_67__ARK_53,2,64,2,differential,2,"[{""classification"": ""undecided"", ""elapsed"": 330.4714775234461, ""first_result"": ""sat"", ""first_timeout_ms"": 60000, ""query_count"": 32, ""second_result"": ""unknown"", ""second_timeout_ms"": 300000, ""z3_reason_unknown"": ""canceled""}, {""classification"": ""full_key_unique"", ""elapsed"": 292.13530326634645, ""first_result"": ""sat"", ""first_timeout_ms"": 60000, ""query_count"": 64, ""second_result"": ""unsat"", ""second_timeout_ms"": 300000, ""z3_reason_unknown"": """"}]",sat,unsat,0.0046187713742256165,291.2822797484696,a66f651322597191ab9f8f8af4c2db61,a66f651322597191ab9f8f8af4c2db61,,True,sat,False,False,False,,"{""0"": ""fixed"", ""1"": ""fixed"", ""10"": ""fixed"", ""11"": ""fixed"", ""12"": ""fixed"", ""13"": ""fixed"", ""14"": ""fixed"", ""15"": ""fixed"", ""2"": ""fixed"", ""3"": ""fixed"", ""4"": ""fixed"", ""5"": ""fixed"", ""6"": ""fixed"", ""7"": ""fixed"", ""8"": ""fixed"", ""9"": ""fixed""}","{""0"": ""fixed"", ""1"": ""fixed"", ""2"": ""fixed"", ""3"": ""fixed""}","[0, 1, 2, 3, 4, 5, 6, 7, 8, 9, 10, 11, 12, 13, 14, 15]",[],[],False,full_key_unique,True,uf_axiom,
MC_16__MC_86,MC_16,MC_86,MC-MC,1,0,1,0,0,0,0,0,1,0,0,0,late_only,gap_uncovered_structural_cell,MC_16__MC_86,1,96,2,differential,3,"[{""classification"": ""undecided"", ""elapsed"": 330.4654557965696, ""first_result"": ""sat"", ""first_timeout_ms"": 60000, ""query_count"": 32, ""second_result"": ""unknown"", ""second_timeout_ms"": 300000, ""z3_reason_unknown"": ""canceled""}, {""classification"": ""undecided"", ""elapsed"": 330.8373066596687, ""first_result"": ""sat"", ""first_timeout_ms"": 60000, ""query_count"": 64, ""second_result"": ""unknown"", ""second_timeout_ms"": 300000, ""z3_reason_unknown"": ""canceled""}, {""classification"": ""full_key_unique"", ""elapsed"": 98.38044331781566, ""first_result"": ""sat"", ""first_timeout_ms"": 60000, ""query_count"": 96, ""second_result"": ""unsat"", ""second_timeout_ms"": 300000, ""z3_reason_unknown"": """"}]",sat,unsat,0.006802348420023918,97.21793247759342,99107579bc3c2c3b0d7a8a6fd1573606,99107579bc3c2c3b0d7a8a6fd1573606,,True,sat,False,False,False,,"{""0"": ""fixed"", ""1"": ""fixed"", ""10"": ""fixed"", ""11"": ""fixed"", ""12"": ""fixed"", ""13"": ""fixed"", ""14"": ""fixed"", ""15"": ""fixed"", ""2"": ""fixed"", ""3"": ""fixed"", ""4"": ""fixed"", ""5"": ""fixed"", ""6"": ""fixed"", ""7"": ""fixed"", ""8"": ""fixed"", ""9"": ""fixed""}","{""0"": ""fixed"", ""1"": ""fixed"", ""2"": ""fixed"", ""3"": ""fixed""}","[0, 1, 2, 3, 4, 5, 6, 7, 8, 9, 10, 11, 12, 13, 14, 15]",[],[],False,full_key_unique,True,uf_axiom,
MC_28__ARK_88,MC_28,ARK_88,MC-ARK,0,0,1,0,0,0,0,0,1,0,0,0,late_only,gap_uncovered_structural_cell,MC_28__ARK_88,1,96,2,differential,3,"[{""classification"": ""undecided"", ""elapsed"": 330.47675050236285, ""first_result"": ""sat"", ""first_timeout_ms"": 60000, ""query_count"": 32, ""second_result"": ""unknown"", ""second_timeout_ms"": 300000, ""z3_reason_unknown"": ""canceled""}, {""classification"": ""undecided"", ""elapsed"": 331.08078358508646, ""first_result"": ""sat"", ""first_timeout_ms"": 60000, ""query_count"": 64, ""second_result"": ""unknown"", ""second_timeout_ms"": 300000, ""z3_reason_unknown"": ""canceled""}, {""classification"": ""full_key_unique"", ""elapsed"": 143.61590486764908, ""first_result"": ""sat"", ""first_timeout_ms"": 60000, ""query_count"": 96, ""second_result"": ""unsat"", ""second_timeout_ms"": 300000, ""z3_reason_unknown"": """"}]",sat,unsat,0.009861050173640251,142.43290341459215,99107579bc3c2c3b0d7a8a6fd1573606,99107579bc3c2c3b0d7a8a6fd1573606,,True,sat,False,False,False,,"{""0"": ""fixed"", ""1"": ""fixed"", ""10"": ""fixed"", ""11"": ""fixed"", ""12"": ""fixed"", ""13"": ""fixed"", ""14"": ""fixed"", ""15"": ""fixed"", ""2"": ""fixed"", ""3"": ""fixed"", ""4"": ""fixed"", ""5"": ""fixed"", ""6"": ""fixed"", ""7"": ""fixed"", ""8"": ""fixed"", ""9"": ""fixed""}","{""0"": ""fixed"", ""1"": ""fixed"", ""2"": ""fixed"", ""3"": ""fixed""}","[0, 1, 2, 3, 4, 5, 6, 7, 8, 9, 10, 11, 12, 13, 14, 15]",[],[],False,full_key_unique,True,uf_axiom,
MC_11__ARK_64,MC_11,ARK_64,MC-ARK,0,0,0,0,0,0,0,0,0,0,1,0,late_only,gap_uncovered_structural_cell,MC_11__ARK_64,0,96,2,differential,3,"[{""classification"": ""undecided"", ""elapsed"": 330.50906350649893, ""first_result"": ""sat"", ""first_timeout_ms"": 60000, ""query_count"": 32, ""second_result"": ""unknown"", ""second_timeout_ms"": 300000, ""z3_reason_unknown"": ""canceled""}, {""classification"": ""undecided"", ""elapsed"": 330.9295317400247, ""first_result"": ""sat"", ""first_timeout_ms"": 60000, ""query_count"": 64, ""second_result"": ""unknown"", ""second_timeout_ms"": 300000, ""z3_reason_unknown"": ""canceled""}, {""classification"": ""full_key_unique"", ""elapsed"": 167.9971678275615, ""first_result"": ""sat"", ""first_timeout_ms"": 60000, ""query_count"": 96, ""second_result"": ""unsat"", ""second_timeout_ms"": 300000, ""z3_reason_unknown"": """"}]",sat,unsat,0.007112231105566025,166.85087138600647,edf43a9a19e4a3f3bf1eec668bd00cf6,edf43a9a19e4a3f3bf1eec668bd00cf6,,True,sat,False,False,False,,"{""0"": ""fixed"", ""1"": ""fixed"", ""10"": ""fixed"", ""11"": ""fixed"", ""12"": ""fixed"", ""13"": ""fixed"", ""14"": ""fixed"", ""15"": ""fixed"", ""2"": ""fixed"", ""3"": ""fixed"", ""4"": ""fixed"", ""5"": ""fixed"", ""6"": ""fixed"", ""7"": ""fixed"", ""8"": ""fixed"", ""9"": ""fixed""}","{""0"": ""fixed"", ""1"": ""fixed"", ""2"": ""fixed"", ""3"": ""fixed""}","[0, 1, 2, 3, 4, 5, 6, 7, 8, 9, 10, 11, 12, 13, 14, 15]",[],[],False,full_key_unique,True,uf_axiom,
MC_11__ARK_64,MC_11,ARK_64,MC-ARK,0,0,0,0,0,0,0,0,0,0,1,0,late_only,gap_uncovered_structural_cell,MC_11__ARK_64,1,96,2,differential,3,"[{""classification"": ""undecided"", ""elapsed"": 330.4991987068206, ""first_result"": ""sat"", ""first_timeout_ms"": 60000, ""query_count"": 32, ""second_result"": ""unknown"", ""second_timeout_ms"": 300000, ""z3_reason_unknown"": ""canceled""}, {""classification"": ""undecided"", ""elapsed"": 330.9670403022319, ""first_result"": ""sat"", ""first_timeout_ms"": 60000, ""query_count"": 64, ""second_result"": ""unknown"", ""second_timeout_ms"": 300000, ""z3_reason_unknown"": ""canceled""}, {""classification"": ""full_key_unique"", ""elapsed"": 228.46185324154794, ""first_result"": ""sat"", ""first_timeout_ms"": 60000, ""query_count"": 96, ""second_result"": ""unsat"", ""second_timeout_ms"": 300000, ""z3_reason_unknown"": """"}]",sat,unsat,0.0074838511645793915,227.48649768158793,99107579bc3c2c3b0d7a8a6fd1573606,99107579bc3c2c3b0d7a8a6fd1573606,,True,sat,False,False,False,,"{""0"": ""fixed"", ""1"": ""fixed"", ""10"": ""fixed"", ""11"": ""fixed"", ""12"": ""fixed"", ""13"": ""fixed"", ""14"": ""fixed"", ""15"": ""fixed"", ""2"": ""fixed"", ""3"": ""fixed"", ""4"": ""fixed"", ""5"": ""fixed"", ""6"": ""fixed"", ""7"": ""fixed"", ""8"": ""fixed"", ""9"": ""fixed""}","{""0"": ""fixed"", ""1"": ""fixed"", ""2"": ""fixed"", ""3"": ""fixed""}","[0, 1, 2, 3, 4, 5, 6, 7, 8, 9, 10, 11, 12, 13, 14, 15]",[],[],False,full_key_unique,True,uf_axiom,
MC_28__ARK_88,MC_28,ARK_88,MC-ARK,0,0,1,0,0,0,0,0,1,0,0,0,late_only,gap_uncovered_structural_cell,MC_28__ARK_88,0,128,2,differential,4,"[{""classification"": ""undecided"", ""elapsed"": 330.5019937083125, ""first_result"": ""sat"", ""first_timeout_ms"": 60000, ""query_count"": 32, ""second_result"": ""unknown"", ""second_timeout_ms"": 300000, ""z3_reason_unknown"": ""canceled""}, {""classification"": ""undecided"", ""elapsed"": 330.9318699669093, ""first_result"": ""sat"", ""first_timeout_ms"": 60000, ""query_count"": 64, ""second_result"": ""unknown"", ""second_timeout_ms"": 300000, ""z3_reason_unknown"": ""canceled""}, {""classification"": ""undecided"", ""elapsed"": 331.199117442593, ""first_result"": ""sat"", ""first_timeout_ms"": 60000, ""query_count"": 96, ""second_result"": ""unknown"", ""second_timeout_ms"": 300000, ""z3_reason_unknown"": ""canceled""}, {""classification"": ""full_key_unique"", ""elapsed"": 137.96213757619262, ""first_result"": ""sat"", ""first_timeout_ms"": 60000, ""query_count"": 128, ""second_result"": ""unsat"", ""second_timeout_ms"": 300000, ""z3_reason_unknown"": """"}]",sat,unsat,0.009572459384799004,136.58103905245662,edf43a9a19e4a3f3bf1eec668bd00cf6,edf43a9a19e4a3f3bf1eec668bd00cf6,,True,sat,False,False,False,,"{""0"": ""fixed"", ""1"": ""fixed"", ""10"": ""fixed"", ""11"": ""fixed"", ""12"": ""fixed"", ""13"": ""fixed"", ""14"": ""fixed"", ""15"": ""fixed"", ""2"": ""fixed"", ""3"": ""fixed"", ""4"": ""fixed"", ""5"": ""fixed"", ""6"": ""fixed"", ""7"": ""fixed"", ""8"": ""fixed"", ""9"": ""fixed""}","{""0"": ""fixed"", ""1"": ""fixed"", ""2"": ""fixed"", ""3"": ""fixed""}","[0, 1, 2, 3, 4, 5, 6, 7, 8, 9, 10, 11, 12, 13, 14, 15]",[],[],False,full_key_unique,True,uf_axiom,
MC_67__ARK_53,MC_67,ARK_53,MC-ARK,0,0,0,0,0,0,0,0,0,0,1,0,late_only,gap_uncovered_structural_cell,MC_67__ARK_53,1,128,2,differential,4,"[{""classification"": ""undecided"", ""elapsed"": 330.64360281452537, ""first_result"": ""sat"", ""first_timeout_ms"": 60000, ""query_count"": 32, ""second_result"": ""unknown"", ""second_timeout_ms"": 300000, ""z3_reason_unknown"": ""canceled""}, {""classification"": ""undecided"", ""elapsed"": 330.9027835484594, ""first_result"": ""sat"", ""first_timeout_ms"": 60000, ""query_count"": 64, ""second_result"": ""unknown"", ""second_timeout_ms"": 300000, ""z3_reason_unknown"": ""canceled""}, {""classification"": ""undecided"", ""elapsed"": 331.0771836582571, ""first_result"": ""sat"", ""first_timeout_ms"": 60000, ""query_count"": 96, ""second_result"": ""unknown"", ""second_timeout_ms"": 300000, ""z3_reason_unknown"": ""canceled""}, {""classification"": ""full_key_unique"", ""elapsed"": 180.6066774558276, ""first_result"": ""sat"", ""first_timeout_ms"": 60000, ""query_count"": 128, ""second_result"": ""unsat"", ""second_timeout_ms"": 300000, ""z3_reason_unknown"": """"}]",sat,unsat,0.02100326307117939,178.51416483335197,99107579bc3c2c3b0d7a8a6fd1573606,99107579bc3c2c3b0d7a8a6fd1573606,,True,sat,False,False,False,,"{""0"": ""fixed"", ""1"": ""fixed"", ""10"": ""fixed"", ""11"": ""fixed"", ""12"": ""fixed"", ""13"": ""fixed"", ""14"": ""fixed"", ""15"": ""fixed"", ""2"": ""fixed"", ""3"": ""fixed"", ""4"": ""fixed"", ""5"": ""fixed"", ""6"": ""fixed"", ""7"": ""fixed"", ""8"": ""fixed"", ""9"": ""fixed""}","{""0"": ""fixed"", ""1"": ""fixed"", ""2"": ""fixed"", ""3"": ""fixed""}","[0, 1, 2, 3, 4, 5, 6, 7, 8, 9, 10, 11, 12, 13, 14, 15]",[],[],False,full_key_unique,True,uf_axiom,
MC_50__ARK_104,MC_50,ARK_104,MC-ARK,0,0,0,0,0,0,0,0,0,0,1,0,late_only,gap_uncovered_structural_cell,MC_50__ARK_104,0,128,2,differential,4,"[{""classification"": ""undecided"", ""elapsed"": 330.4701945949346, ""first_result"": ""sat"", ""first_timeout_ms"": 60000, ""query_count"": 32, ""second_result"": ""unknown"", ""second_timeout_ms"": 300000, ""z3_reason_unknown"": ""canceled""}, {""classification"": ""undecided"", ""elapsed"": 331.169747736305, ""first_result"": ""sat"", ""first_timeout_ms"": 60000, ""query_count"": 64, ""second_result"": ""unknown"", ""second_timeout_ms"": 300000, ""z3_reason_unknown"": ""canceled""}, {""classification"": ""undecided"", ""elapsed"": 331.0926629938185, ""first_result"": ""sat"", ""first_timeout_ms"": 60000, ""query_count"": 96, ""second_result"": ""unknown"", ""second_timeout_ms"": 300000, ""z3_reason_unknown"": ""canceled""}, {""classification"": ""full_key_unique"", ""elapsed"": 216.17244679667056, ""first_result"": ""sat"", ""first_timeout_ms"": 60000, ""query_count"": 128, ""second_result"": ""unsat"", ""second_timeout_ms"": 300000, ""z3_reason_unknown"": """"}]",sat,unsat,0.015950756147503853,214.84058499149978,edf43a9a19e4a3f3bf1eec668bd00cf6,edf43a9a19e4a3f3bf1eec668bd00cf6,,True,sat,False,False,False,,"{""0"": ""fixed"", ""1"": ""fixed"", ""10"": ""fixed"", ""11"": ""fixed"", ""12"": ""fixed"", ""13"": ""fixed"", ""14"": ""fixed"", ""15"": ""fixed"", ""2"": ""fixed"", ""3"": ""fixed"", ""4"": ""fixed"", ""5"": ""fixed"", ""6"": ""fixed"", ""7"": ""fixed"", ""8"": ""fixed"", ""9"": ""fixed""}","{""0"": ""fixed"", ""1"": ""fixed"", ""2"": ""fixed"", ""3"": ""fixed""}","[0, 1, 2, 3, 4, 5, 6, 7, 8, 9, 10, 11, 12, 13, 14, 15]",[],[],False,full_key_unique,True,uf_axiom,
MC_124__ARK_40,MC_124,ARK_40,MC-ARK,0,0,0,0,0,0,0,0,0,0,1,0,late_only,gap_uncovered_structural_cell,MC_124__ARK_40,0,128,2,differential,4,"[{""classification"": ""undecided"", ""elapsed"": 330.55522459186614, ""first_result"": ""sat"", ""first_timeout_ms"": 60000, ""query_count"": 32, ""second_result"": ""unknown"", ""second_timeout_ms"": 300000, ""z3_reason_unknown"": ""canceled""}, {""classification"": ""undecided"", ""elapsed"": 330.78944746404886, ""first_result"": ""sat"", ""first_timeout_ms"": 60000, ""query_count"": 64, ""second_result"": ""unknown"", ""second_timeout_ms"": 300000, ""z3_reason_unknown"": ""canceled""}, {""classification"": ""undecided"", ""elapsed"": 331.209480792284, ""first_result"": ""sat"", ""first_timeout_ms"": 60000, ""query_count"": 96, ""second_result"": ""unknown"", ""second_timeout_ms"": 300000, ""z3_reason_unknown"": ""canceled""}, {""classification"": ""full_key_unique"", ""elapsed"": 251.81275430694222, ""first_result"": ""sat"", ""first_timeout_ms"": 60000, ""query_count"": 128, ""second_result"": ""unsat"", ""second_timeout_ms"": 300000, ""z3_reason_unknown"": """"}]",sat,unsat,0.01069449633359909,250.31394638679922,edf43a9a19e4a3f3bf1eec668bd00cf6,edf43a9a19e4a3f3bf1eec668bd00cf6,,True,sat,False,False,False,,"{""0"": ""fixed"", ""1"": ""fixed"", ""10"": ""fixed"", ""11"": ""fixed"", ""12"": ""fixed"", ""13"": ""fixed"", ""14"": ""fixed"", ""15"": ""fixed"", ""2"": ""fixed"", ""3"": ""fixed"", ""4"": ""fixed"", ""5"": ""fixed"", ""6"": ""fixed"", ""7"": ""fixed"", ""8"": ""fixed"", ""9"": ""fixed""}","{""0"": ""fixed"", ""1"": ""fixed"", ""2"": ""fixed"", ""3"": ""fixed""}","[0, 1, 2, 3, 4, 5, 6, 7, 8, 9, 10, 11, 12, 13, 14, 15]",[],[],False,full_key_unique,True,uf_axiom,
MC_122__ARK_42,MC_122,ARK_42,MC-ARK,0,0,0,0,1,0,0,0,0,0,1,0,late_only,gap_uncovered_structural_cell,MC_122__ARK_42,1,128,2,differential,4,"[{""classification"": ""undecided"", ""elapsed"": 330.473159853369, ""first_result"": ""sat"", ""first_timeout_ms"": 60000, ""query_count"": 32, ""second_result"": ""unknown"", ""second_timeout_ms"": 300000, ""z3_reason_unknown"": ""canceled""}, {""classification"": ""undecided"", ""elapsed"": 330.8843353744596, ""first_result"": ""sat"", ""first_timeout_ms"": 60000, ""query_count"": 64, ""second_result"": ""unknown"", ""second_timeout_ms"": 300000, ""z3_reason_unknown"": ""canceled""}, {""classification"": ""undecided"", ""elapsed"": 331.6572466529906, ""first_result"": ""sat"", ""first_timeout_ms"": 60000, ""query_count"": 96, ""second_result"": ""unknown"", ""second_timeout_ms"": 300000, ""z3_reason_unknown"": ""canceled""}, {""classification"": ""full_key_unique"", ""elapsed"": 271.39106397144496, ""first_result"": ""sat"", ""first_timeout_ms"": 60000, ""query_count"": 128, ""second_result"": ""unsat"", ""second_timeout_ms"": 300000, ""z3_reason_unknown"": """"}]",sat,unsat,0.01909256912767887,269.33084074407816,99107579bc3c2c3b0d7a8a6fd1573606,99107579bc3c2c3b0d7a8a6fd1573606,,True,sat,False,False,False,,"{""0"": ""fixed"", ""1"": ""fixed"", ""10"": ""fixed"", ""11"": ""fixed"", ""12"": ""fixed"", ""13"": ""fixed"", ""14"": ""fixed"", ""15"": ""fixed"", ""2"": ""fixed"", ""3"": ""fixed"", ""4"": ""fixed"", ""5"": ""fixed"", ""6"": ""fixed"", ""7"": ""fixed"", ""8"": ""fixed"", ""9"": ""fixed""}","{""0"": ""fixed"", ""1"": ""fixed"", ""2"": ""fixed"", ""3"": ""fixed""}","[0, 1, 2, 3, 4, 5, 6, 7, 8, 9, 10, 11, 12, 13, 14, 15]",[],[],False,full_key_unique,True,uf_axiom,
MC_67__ARK_53,MC_67,ARK_53,MC-ARK,0,0,0,0,0,0,0,0,0,0,1,0,late_only,gap_uncovered_structural_cell,MC_67__ARK_53,0,192,2,differential,5,"[{""classification"": ""undecided"", ""elapsed"": 330.5024350807071, ""first_result"": ""sat"", ""first_timeout_ms"": 60000, ""query_count"": 32, ""second_result"": ""unknown"", ""second_timeout_ms"": 300000, ""z3_reason_unknown"": ""canceled""}, {""classification"": ""undecided"", ""elapsed"": 330.8345813639462, ""first_result"": ""sat"", ""first_timeout_ms"": 60000, ""query_count"": 64, ""second_result"": ""unknown"", ""second_timeout_ms"": 300000, ""z3_reason_unknown"": ""canceled""}, {""classification"": ""undecided"", ""elapsed"": 331.0867728572339, ""first_result"": ""sat"", ""first_timeout_ms"": 60000, ""query_count"": 96, ""second_result"": ""unknown"", ""second_timeout_ms"": 300000, ""z3_reason_unknown"": ""canceled""}, {""classification"": ""undecided"", ""elapsed"": 331.4928614869714, ""first_result"": ""sat"", ""first_timeout_ms"": 60000, ""query_count"": 128, ""second_result"": ""unknown"", ""second_timeout_ms"": 300000, ""z3_reason_unknown"": ""canceled""}, {""classification"": ""full_key_unique"", ""elapsed"": 96.1455493029207, ""first_result"": ""sat"", ""first_timeout_ms"": 120000, ""query_count"": 192, ""second_result"": ""unsat"", ""second_timeout_ms"": 600000, ""z3_reason_unknown"": """"}]",sat,unsat,0.017259379848837852,94.04199718125165,edf43a9a19e4a3f3bf1eec668bd00cf6,edf43a9a19e4a3f3bf1eec668bd00cf6,,True,sat,False,False,False,,"{""0"": ""fixed"", ""1"": ""fixed"", ""10"": ""fixed"", ""11"": ""fixed"", ""12"": ""fixed"", ""13"": ""fixed"", ""14"": ""fixed"", ""15"": ""fixed"", ""2"": ""fixed"", ""3"": ""fixed"", ""4"": ""fixed"", ""5"": ""fixed"", ""6"": ""fixed"", ""7"": ""fixed"", ""8"": ""fixed"", ""9"": ""fixed""}","{""0"": ""fixed"", ""1"": ""fixed"", ""2"": ""fixed"", ""3"": ""fixed""}","[0, 1, 2, 3, 4, 5, 6, 7, 8, 9, 10, 11, 12, 13, 14, 15]",[],[],False,full_key_unique,True,uf_axiom,
MC_122__ARK_42,MC_122,ARK_42,MC-ARK,0,0,0,0,1,0,0,0,0,0,1,0,late_only,gap_uncovered_structural_cell,MC_122__ARK_42,2,192,2,differential,5,"[{""classification"": ""undecided"", ""elapsed"": 330.49030504375696, ""first_result"": ""sat"", ""first_timeout_ms"": 60000, ""query_count"": 32, ""second_result"": ""unknown"", ""second_timeout_ms"": 300000, ""z3_reason_unknown"": ""canceled""}, {""classification"": ""undecided"", ""elapsed"": 330.9321920815855, ""first_result"": ""sat"", ""first_timeout_ms"": 60000, ""query_count"": 64, ""second_result"": ""unknown"", ""second_timeout_ms"": 300000, ""z3_reason_unknown"": ""canceled""}, {""classification"": ""undecided"", ""elapsed"": 330.9830180685967, ""first_result"": ""sat"", ""first_timeout_ms"": 60000, ""query_count"": 96, ""second_result"": ""unknown"", ""second_timeout_ms"": 300000, ""z3_reason_unknown"": ""canceled""}, {""classification"": ""undecided"", ""elapsed"": 331.38307887874544, ""first_result"": ""sat"", ""first_timeout_ms"": 60000, ""query_count"": 128, ""second_result"": ""unknown"", ""second_timeout_ms"": 300000, ""z3_reason_unknown"": ""canceled""}, {""classification"": ""full_key_unique"", ""elapsed"": 152.43139503337443, ""first_result"": ""sat"", ""first_timeout_ms"": 120000, ""query_count"": 192, ""second_result"": ""unsat"", ""second_timeout_ms"": 600000, ""z3_reason_unknown"": """"}]",sat,unsat,0.02064371295273304,150.48950802907348,a66f651322597191ab9f8f8af4c2db61,a66f651322597191ab9f8f8af4c2db61,,True,sat,False,False,False,,"{""0"": ""fixed"", ""1"": ""fixed"", ""10"": ""fixed"", ""11"": ""fixed"", ""12"": ""fixed"", ""13"": ""fixed"", ""14"": ""fixed"", ""15"": ""fixed"", ""2"": ""fixed"", ""3"": ""fixed"", ""4"": ""fixed"", ""5"": ""fixed"", ""6"": ""fixed"", ""7"": ""fixed"", ""8"": ""fixed"", ""9"": ""fixed""}","{""0"": ""fixed"", ""1"": ""fixed"", ""2"": ""fixed"", ""3"": ""fixed""}","[0, 1, 2, 3, 4, 5, 6, 7, 8, 9, 10, 11, 12, 13, 14, 15]",[],[],False,full_key_unique,True,uf_axiom,
MC_38__ARK_119,MC_38,ARK_119,MC-ARK,0,0,0,0,0,0,0,0,0,0,1,0,late_only,gap_uncovered_structural_cell,MC_38__ARK_119,0,192,2,differential,5,"[{""classification"": ""undecided"", ""elapsed"": 330.46411447227, ""first_result"": ""sat"", ""first_timeout_ms"": 60000, ""query_count"": 32, ""second_result"": ""unknown"", ""second_timeout_ms"": 300000, ""z3_reason_unknown"": ""canceled""}, {""classification"": ""undecided"", ""elapsed"": 331.1669622808695, ""first_result"": ""sat"", ""first_timeout_ms"": 60000, ""query_count"": 64, ""second_result"": ""unknown"", ""second_timeout_ms"": 300000, ""z3_reason_unknown"": ""canceled""}, {""classification"": ""undecided"", ""elapsed"": 331.4239529687911, ""first_result"": ""sat"", ""first_timeout_ms"": 60000, ""query_count"": 96, ""second_result"": ""unknown"", ""second_timeout_ms"": 300000, ""z3_reason_unknown"": ""canceled""}, {""classification"": ""undecided"", ""elapsed"": 331.75094749219716, ""first_result"": ""sat"", ""first_timeout_ms"": 60000, ""query_count"": 128, ""second_result"": ""unknown"", ""second_timeout_ms"": 300000, ""z3_reason_unknown"": ""canceled""}, {""classification"": ""full_key_unique"", ""elapsed"": 168.70192702114582, ""first_result"": ""sat"", ""first_timeout_ms"": 120000, ""query_count"": 192, ""second_result"": ""unsat"", ""second_timeout_ms"": 600000, ""z3_reason_unknown"": """"}]",sat,unsat,0.015472490340471268,166.94997268915176,edf43a9a19e4a3f3bf1eec668bd00cf6,edf43a9a19e4a3f3bf1eec668bd00cf6,,True,sat,False,False,False,,"{""0"": ""fixed"", ""1"": ""fixed"", ""10"": ""fixed"", ""11"": ""fixed"", ""12"": ""fixed"", ""13"": ""fixed"", ""14"": ""fixed"", ""15"": ""fixed"", ""2"": ""fixed"", ""3"": ""fixed"", ""4"": ""fixed"", ""5"": ""fixed"", ""6"": ""fixed"", ""7"": ""fixed"", ""8"": ""fixed"", ""9"": ""fixed""}","{""0"": ""fixed"", ""1"": ""fixed"", ""2"": ""fixed"", ""3"": ""fixed""}","[0, 1, 2, 3, 4, 5, 6, 7, 8, 9, 10, 11, 12, 13, 14, 15]",[],[],False,full_key_unique,True,uf_axiom,
MC_50__ARK_104,MC_50,ARK_104,MC-ARK,0,0,0,0,0,0,0,0,0,0,1,0,late_only,gap_uncovered_structural_cell,MC_50__ARK_104,1,192,2,differential,5,"[{""classification"": ""undecided"", ""elapsed"": 330.50932125002146, ""first_result"": ""sat"", ""first_timeout_ms"": 60000, ""query_count"": 32, ""second_result"": ""unknown"", ""second_timeout_ms"": 300000, ""z3_reason_unknown"": ""canceled""}, {""classification"": ""undecided"", ""elapsed"": 330.78197631426156, ""first_result"": ""sat"", ""first_timeout_ms"": 60000, ""query_count"": 64, ""second_result"": ""unknown"", ""second_timeout_ms"": 300000, ""z3_reason_unknown"": ""canceled""}, {""classification"": ""undecided"", ""elapsed"": 331.3941213861108, ""first_result"": ""sat"", ""first_timeout_ms"": 60000, ""query_count"": 96, ""second_result"": ""unknown"", ""second_timeout_ms"": 300000, ""z3_reason_unknown"": ""canceled""}, {""classification"": ""undecided"", ""elapsed"": 331.8222707156092, ""first_result"": ""sat"", ""first_timeout_ms"": 60000, ""query_count"": 128, ""second_result"": ""unknown"", ""second_timeout_ms"": 300000, ""z3_reason_unknown"": ""canceled""}, {""classification"": ""full_key_unique"", ""elapsed"": 233.6911045294255, ""first_result"": ""sat"", ""first_timeout_ms"": 120000, ""query_count"": 192, ""second_result"": ""unsat"", ""second_timeout_ms"": 600000, ""z3_reason_unknown"": """"}]",sat,unsat,0.03132449649274349,231.1069551128894,99107579bc3c2c3b0d7a8a6fd1573606,99107579bc3c2c3b0d7a8a6fd1573606,,True,sat,False,False,False,,"{""0"": ""fixed"", ""1"": ""fixed"", ""10"": ""fixed"", ""11"": ""fixed"", ""12"": ""fixed"", ""13"": ""fixed"", ""14"": ""fixed"", ""15"": ""fixed"", ""2"": ""fixed"", ""3"": ""fixed"", ""4"": ""fixed"", ""5"": ""fixed"", ""6"": ""fixed"", ""7"": ""fixed"", ""8"": ""fixed"", ""9"": ""fixed""}","{""0"": ""fixed"", ""1"": ""fixed"", ""2"": ""fixed"", ""3"": ""fixed""}","[0, 1, 2, 3, 4, 5, 6, 7, 8, 9, 10, 11, 12, 13, 14, 15]",[],[],False,full_key_unique,True,uf_axiom,
MC_50__ARK_104,MC_50,ARK_104,MC-ARK,0,0,0,0,0,0,0,0,0,0,1,0,late_only,gap_uncovered_structural_cell,MC_50__ARK_104,2,192,2,differential,5,"[{""classification"": ""undecided"", ""elapsed"": 330.4959705416113, ""first_result"": ""sat"", ""first_timeout_ms"": 60000, ""query_count"": 32, ""second_result"": ""unknown"", ""second_timeout_ms"": 300000, ""z3_reason_unknown"": ""canceled""}, {""classification"": ""undecided"", ""elapsed"": 330.86958601139486, ""first_result"": ""sat"", ""first_timeout_ms"": 60000, ""query_count"": 64, ""second_result"": ""unknown"", ""second_timeout_ms"": 300000, ""z3_reason_unknown"": ""canceled""}, {""classification"": ""undecided"", ""elapsed"": 331.2332344185561, ""first_result"": ""sat"", ""first_timeout_ms"": 60000, ""query_count"": 96, ""second_result"": ""unknown"", ""second_timeout_ms"": 300000, ""z3_reason_unknown"": ""canceled""}, {""classification"": ""undecided"", ""elapsed"": 331.5681618396193, ""first_result"": ""sat"", ""first_timeout_ms"": 60000, ""query_count"": 128, ""second_result"": ""unknown"", ""second_timeout_ms"": 300000, ""z3_reason_unknown"": ""canceled""}, {""classification"": ""full_key_unique"", ""elapsed"": 242.68878129310906, ""first_result"": ""sat"", ""first_timeout_ms"": 120000, ""query_count"": 192, ""second_result"": ""unsat"", ""second_timeout_ms"": 600000, ""z3_reason_unknown"": """"}]",sat,unsat,0.013446662575006485,240.9894913788885,a66f651322597191ab9f8f8af4c2db61,a66f651322597191ab9f8f8af4c2db61,,True,sat,False,False,False,,"{""0"": ""fixed"", ""1"": ""fixed"", ""10"": ""fixed"", ""11"": ""fixed"", ""12"": ""fixed"", ""13"": ""fixed"", ""14"": ""fixed"", ""15"": ""fixed"", ""2"": ""fixed"", ""3"": ""fixed"", ""4"": ""fixed"", ""5"": ""fixed"", ""6"": ""fixed"", ""7"": ""fixed"", ""8"": ""fixed"", ""9"": ""fixed""}","{""0"": ""fixed"", ""1"": ""fixed"", ""2"": ""fixed"", ""3"": ""fixed""}","[0, 1, 2, 3, 4, 5, 6, 7, 8, 9, 10, 11, 12, 13, 14, 15]",[],[],False,full_key_unique,True,uf_axiom,
MC_38__ARK_119,MC_38,ARK_119,MC-ARK,0,0,0,0,0,0,0,0,0,0,1,0,late_only,gap_uncovered_structural_cell,MC_38__ARK_119,2,192,2,differential,5,"[{""classification"": ""undecided"", ""elapsed"": 330.50653337314725, ""first_result"": ""sat"", ""first_timeout_ms"": 60000, ""query_count"": 32, ""second_result"": ""unknown"", ""second_timeout_ms"": 300000, ""z3_reason_unknown"": ""canceled""}, {""classification"": ""undecided"", ""elapsed"": 331.17959817685187, ""first_result"": ""sat"", ""first_timeout_ms"": 60000, ""query_count"": 64, ""second_result"": ""unknown"", ""second_timeout_ms"": 300000, ""z3_reason_unknown"": ""canceled""}, {""classification"": ""undecided"", ""elapsed"": 331.3046679869294, ""first_result"": ""sat"", ""first_timeout_ms"": 60000, ""query_count"": 96, ""second_result"": ""unknown"", ""second_timeout_ms"": 300000, ""z3_reason_unknown"": ""canceled""}, {""classification"": ""undecided"", ""elapsed"": 331.5042235609144, ""first_result"": ""sat"", ""first_timeout_ms"": 60000, ""query_count"": 128, ""second_result"": ""unknown"", ""second_timeout_ms"": 300000, ""z3_reason_unknown"": ""canceled""}, {""classification"": ""full_key_unique"", ""elapsed"": 258.8511833194643, ""first_result"": ""sat"", ""first_timeout_ms"": 120000, ""query_count"": 192, ""second_result"": ""unsat"", ""second_timeout_ms"": 600000, ""z3_reason_unknown"": """"}]",sat,unsat,0.0162735003978014,257.05595690757036,a66f651322597191ab9f8f8af4c2db61,a66f651322597191ab9f8f8af4c2db61,,True,sat,False,False,False,,"{""0"": ""fixed"", ""1"": ""fixed"", ""10"": ""fixed"", ""11"": ""fixed"", ""12"": ""fixed"", ""13"": ""fixed"", ""14"": ""fixed"", ""15"": ""fixed"", ""2"": ""fixed"", ""3"": ""fixed"", ""4"": ""fixed"", ""5"": ""fixed"", ""6"": ""fixed"", ""7"": ""fixed"", ""8"": ""fixed"", ""9"": ""fixed""}","{""0"": ""fixed"", ""1"": ""fixed"", ""2"": ""fixed"", ""3"": ""fixed""}","[0, 1, 2, 3, 4, 5, 6, 7, 8, 9, 10, 11, 12, 13, 14, 15]",[],[],False,full_key_unique,True,uf_axiom,
MC_122__ARK_42,MC_122,ARK_42,MC-ARK,0,0,0,0,1,0,0,0,0,0,1,0,late_only,gap_uncovered_structural_cell,MC_122__ARK_42,0,192,2,differential,5,"[{""classification"": ""undecided"", ""elapsed"": 330.4768016990274, ""first_result"": ""sat"", ""first_timeout_ms"": 60000, ""query_count"": 32, ""second_result"": ""unknown"", ""second_timeout_ms"": 300000, ""z3_reason_unknown"": ""canceled""}, {""classification"": ""undecided"", ""elapsed"": 330.76273797638714, ""first_result"": ""sat"", ""first_timeout_ms"": 60000, ""query_count"": 64, ""second_result"": ""unknown"", ""second_timeout_ms"": 300000, ""z3_reason_unknown"": ""canceled""}, {""classification"": ""undecided"", ""elapsed"": 331.63646630197763, ""first_result"": ""sat"", ""first_timeout_ms"": 60000, ""query_count"": 96, ""second_result"": ""unknown"", ""second_timeout_ms"": 300000, ""z3_reason_unknown"": ""canceled""}, {""classification"": ""undecided"", ""elapsed"": 331.69497893564403, ""first_result"": ""sat"", ""first_timeout_ms"": 60000, ""query_count"": 128, ""second_result"": ""unknown"", ""second_timeout_ms"": 300000, ""z3_reason_unknown"": ""canceled""}, {""classification"": ""full_key_unique"", ""elapsed"": 282.57501276768744, ""first_result"": ""sat"", ""first_timeout_ms"": 120000, ""query_count"": 192, ""second_result"": ""unsat"", ""second_timeout_ms"": 600000, ""z3_reason_unknown"": """"}]",sat,unsat,0.01691693626344204,280.8467329647392,edf43a9a19e4a3f3bf1eec668bd00cf6,edf43a9a19e4a3f3bf1eec668bd00cf6,,True,sat,False,False,False,,"{""0"": ""fixed"", ""1"": ""fixed"", ""10"": ""fixed"", ""11"": ""fixed"", ""12"": ""fixed"", ""13"": ""fixed"", ""14"": ""fixed"", ""15"": ""fixed"", ""2"": ""fixed"", ""3"": ""fixed"", ""4"": ""fixed"", ""5"": ""fixed"", ""6"": ""fixed"", ""7"": ""fixed"", ""8"": ""fixed"", ""9"": ""fixed""}","{""0"": ""fixed"", ""1"": ""fixed"", ""2"": ""fixed"", ""3"": ""fixed""}","[0, 1, 2, 3, 4, 5, 6, 7, 8, 9, 10, 11, 12, 13, 14, 15]",[],[],False,full_key_unique,True,uf_axiom,
MC_38__ARK_119,MC_38,ARK_119,MC-ARK,0,0,0,0,0,0,0,0,0,0,1,0,late_only,gap_uncovered_structural_cell,MC_38__ARK_119,1,192,2,differential,5,"[{""classification"": ""undecided"", ""elapsed"": 330.600343586877, ""first_result"": ""sat"", ""first_timeout_ms"": 60000, ""query_count"": 32, ""second_result"": ""unknown"", ""second_timeout_ms"": 300000, ""z3_reason_unknown"": ""canceled""}, {""classification"": ""undecided"", ""elapsed"": 331.09882917255163, ""first_result"": ""sat"", ""first_timeout_ms"": 60000, ""query_count"": 64, ""second_result"": ""unknown"", ""second_timeout_ms"": 300000, ""z3_reason_unknown"": ""canceled""}, {""classification"": ""undecided"", ""elapsed"": 331.01901359297335, ""first_result"": ""sat"", ""first_timeout_ms"": 60000, ""query_count"": 96, ""second_result"": ""unknown"", ""second_timeout_ms"": 300000, ""z3_reason_unknown"": ""canceled""}, {""classification"": ""undecided"", ""elapsed"": 331.33125263638794, ""first_result"": ""sat"", ""first_timeout_ms"": 60000, ""query_count"": 128, ""second_result"": ""unknown"", ""second_timeout_ms"": 300000, ""z3_reason_unknown"": ""canceled""}, {""classification"": ""full_key_unique"", ""elapsed"": 362.49931223876774, ""first_result"": ""sat"", ""first_timeout_ms"": 120000, ""query_count"": 192, ""second_result"": ""unsat"", ""second_timeout_ms"": 600000, ""z3_reason_unknown"": """"}]",sat,unsat,0.017079371958971024,360.35418648831546,99107579bc3c2c3b0d7a8a6fd1573606,99107579bc3c2c3b0d7a8a6fd1573606,,True,sat,False,False,False,,"{""0"": ""fixed"", ""1"": ""fixed"", ""10"": ""fixed"", ""11"": ""fixed"", ""12"": ""fixed"", ""13"": ""fixed"", ""14"": ""fixed"", ""15"": ""fixed"", ""2"": ""fixed"", ""3"": ""fixed"", ""4"": ""fixed"", ""5"": ""fixed"", ""6"": ""fixed"", ""7"": ""fixed"", ""8"": ""fixed"", ""9"": ""fixed""}","{""0"": ""fixed"", ""1"": ""fixed"", ""2"": ""fixed"", ""3"": ""fixed""}","[0, 1, 2, 3, 4, 5, 6, 7, 8, 9, 10, 11, 12, 13, 14, 15]",[],[],False,full_key_unique,True,uf_axiom,
MC_16__MC_86,MC_16,MC_86,MC-MC,1,0,1,0,0,0,0,0,1,0,0,0,late_only,gap_uncovered_structural_cell,MC_16__MC_86,0,192,2,differential,5,"[{""classification"": ""undecided"", ""elapsed"": 330.69805341400206, ""first_result"": ""sat"", ""first_timeout_ms"": 60000, ""query_count"": 32, ""second_result"": ""unknown"", ""second_timeout_ms"": 300000, ""z3_reason_unknown"": ""canceled""}, {""classification"": ""undecided"", ""elapsed"": 330.8412376306951, ""first_result"": ""sat"", ""first_timeout_ms"": 60000, ""query_count"": 64, ""second_result"": ""unknown"", ""second_timeout_ms"": 300000, ""z3_reason_unknown"": ""canceled""}, {""classification"": ""undecided"", ""elapsed"": 331.14049042388797, ""first_result"": ""sat"", ""first_timeout_ms"": 60000, ""query_count"": 96, ""second_result"": ""unknown"", ""second_timeout_ms"": 300000, ""z3_reason_unknown"": ""canceled""}, {""classification"": ""undecided"", ""elapsed"": 331.61633870750666, ""first_result"": ""sat"", ""first_timeout_ms"": 60000, ""query_count"": 128, ""second_result"": ""unknown"", ""second_timeout_ms"": 300000, ""z3_reason_unknown"": ""canceled""}, {""classification"": ""full_key_unique"", ""elapsed"": 367.6769467871636, ""first_result"": ""sat"", ""first_timeout_ms"": 120000, ""query_count"": 192, ""second_result"": ""unsat"", ""second_timeout_ms"": 600000, ""z3_reason_unknown"": """"}]",sat,unsat,0.018289875239133835,365.6337708402425,edf43a9a19e4a3f3bf1eec668bd00cf6,edf43a9a19e4a3f3bf1eec668bd00cf6,,True,sat,False,False,False,,"{""0"": ""fixed"", ""1"": ""fixed"", ""10"": ""fixed"", ""11"": ""fixed"", ""12"": ""fixed"", ""13"": ""fixed"", ""14"": ""fixed"", ""15"": ""fixed"", ""2"": ""fixed"", ""3"": ""fixed"", ""4"": ""fixed"", ""5"": ""fixed"", ""6"": ""fixed"", ""7"": ""fixed"", ""8"": ""fixed"", ""9"": ""fixed""}","{""0"": ""fixed"", ""1"": ""fixed"", ""2"": ""fixed"", ""3"": ""fixed""}","[0, 1, 2, 3, 4, 5, 6, 7, 8, 9, 10, 11, 12, 13, 14, 15]",[],[],False,full_key_unique,True,uf_axiom,
MC_124__ARK_40,MC_124,ARK_40,MC-ARK,0,0,0,0,0,0,0,0,0,0,1,0,late_only,gap_uncovered_structural_cell,MC_124__ARK_40,1,192,2,differential,5,"[{""classification"": ""undecided"", ""elapsed"": 330.534469705075, ""first_result"": ""sat"", ""first_timeout_ms"": 60000, ""query_count"": 32, ""second_result"": ""unknown"", ""second_timeout_ms"": 300000, ""z3_reason_unknown"": ""canceled""}, {""classification"": ""undecided"", ""elapsed"": 330.9675598051399, ""first_result"": ""sat"", ""first_timeout_ms"": 60000, ""query_count"": 64, ""second_result"": ""unknown"", ""second_timeout_ms"": 300000, ""z3_reason_unknown"": ""canceled""}, {""classification"": ""undecided"", ""elapsed"": 331.09403410740197, ""first_result"": ""sat"", ""first_timeout_ms"": 60000, ""query_count"": 96, ""second_result"": ""unknown"", ""second_timeout_ms"": 300000, ""z3_reason_unknown"": ""canceled""}, {""classification"": ""undecided"", ""elapsed"": 331.99145660735667, ""first_result"": ""sat"", ""first_timeout_ms"": 60000, ""query_count"": 128, ""second_result"": ""unknown"", ""second_timeout_ms"": 300000, ""z3_reason_unknown"": ""canceled""}, {""classification"": ""full_key_unique"", ""elapsed"": 446.59150213189423, ""first_result"": ""sat"", ""first_timeout_ms"": 120000, ""query_count"": 192, ""second_result"": ""unsat"", ""second_timeout_ms"": 600000, ""z3_reason_unknown"": """"}]",sat,unsat,0.01883137784898281,444.50390654057264,99107579bc3c2c3b0d7a8a6fd1573606,99107579bc3c2c3b0d7a8a6fd1573606,,True,sat,False,False,False,,"{""0"": ""fixed"", ""1"": ""fixed"", ""10"": ""fixed"", ""11"": ""fixed"", ""12"": ""fixed"", ""13"": ""fixed"", ""14"": ""fixed"", ""15"": ""fixed"", ""2"": ""fixed"", ""3"": ""fixed"", ""4"": ""fixed"", ""5"": ""fixed"", ""6"": ""fixed"", ""7"": ""fixed"", ""8"": ""fixed"", ""9"": ""fixed""}","{""0"": ""fixed"", ""1"": ""fixed"", ""2"": ""fixed"", ""3"": ""fixed""}","[0, 1, 2, 3, 4, 5, 6, 7, 8, 9, 10, 11, 12, 13, 14, 15]",[],[],False,full_key_unique,True,uf_axiom,
MC_124__ARK_40,MC_124,ARK_40,MC-ARK,0,0,0,0,0,0,0,0,0,0,1,0,late_only,gap_uncovered_structural_cell,MC_124__ARK_40,2,192,2,differential,5,"[{""classification"": ""undecided"", ""elapsed"": 330.6019193790853, ""first_result"": ""sat"", ""first_timeout_ms"": 60000, ""query_count"": 32, ""second_result"": ""unknown"", ""second_timeout_ms"": 300000, ""z3_reason_unknown"": ""canceled""}, {""classification"": ""undecided"", ""elapsed"": 330.8265658766031, ""first_result"": ""sat"", ""first_timeout_ms"": 60000, ""query_count"": 64, ""second_result"": ""unknown"", ""second_timeout_ms"": 300000, ""z3_reason_unknown"": ""canceled""}, {""classification"": ""undecided"", ""elapsed"": 330.91770927235484, ""first_result"": ""sat"", ""first_timeout_ms"": 60000, ""query_count"": 96, ""second_result"": ""unknown"", ""second_timeout_ms"": 300000, ""z3_reason_unknown"": ""canceled""}, {""classification"": ""undecided"", ""elapsed"": 331.41120478510857, ""first_result"": ""sat"", ""first_timeout_ms"": 60000, ""query_count"": 128, ""second_result"": ""unknown"", ""second_timeout_ms"": 300000, ""z3_reason_unknown"": ""canceled""}, {""classification"": ""full_key_unique"", ""elapsed"": 461.53179387561977, ""first_result"": ""sat"", ""first_timeout_ms"": 120000, ""query_count"": 192, ""second_result"": ""unsat"", ""second_timeout_ms"": 600000, ""z3_reason_unknown"": """"}]",sat,unsat,0.018525803461670876,459.2567458860576,a66f651322597191ab9f8f8af4c2db61,a66f651322597191ab9f8f8af4c2db61,,True,sat,False,False,False,,"{""0"": ""fixed"", ""1"": ""fixed"", ""10"": ""fixed"", ""11"": ""fixed"", ""12"": ""fixed"", ""13"": ""fixed"", ""14"": ""fixed"", ""15"": ""fixed"", ""2"": ""fixed"", ""3"": ""fixed"", ""4"": ""fixed"", ""5"": ""fixed"", ""6"": ""fixed"", ""7"": ""fixed"", ""8"": ""fixed"", ""9"": ""fixed""}","{""0"": ""fixed"", ""1"": ""fixed"", ""2"": ""fixed"", ""3"": ""fixed""}","[0, 1, 2, 3, 4, 5, 6, 7, 8, 9, 10, 11, 12, 13, 14, 15]",[],[],False,full_key_unique,True,uf_axiom,
MC_18__MC_84,MC_18,MC_84,MC-MC,1,0,1,0,0,0,0,0,1,0,0,0,late_only,gap_uncovered_structural_cell,MC_18__MC_84,2,32,2,differential,1,"[{""classification"": ""ambiguity"", ""elapsed"": 67.62738305144012, ""first_result"": ""sat"", ""first_timeout_ms"": 60000, ""query_count"": 32, ""second_result"": ""sat"", ""second_timeout_ms"": 300000, ""z3_reason_unknown"": """"}]",sat,sat,0.0041580479592084885,67.04571717977524,a66f651322597191ab9f8f8af4c2db61,a66f651322597191ab9f8f8af4c2db61,2d5d693bcc9886c05f54855df18e1e89,True,sat,False,False,False,,"{""0"": ""free"", ""1"": ""free"", ""10"": ""free"", ""11"": ""free"", ""12"": ""free"", ""13"": ""free"", ""14"": ""free"", ""15"": ""free"", ""2"": ""free"", ""3"": ""free"", ""4"": ""free"", ""5"": ""free"", ""6"": ""free"", ""7"": ""free"", ""8"": ""free"", ""9"": ""free""}","{""0"": ""free"", ""1"": ""free"", ""2"": ""free"", ""3"": ""free""}",[],"[0, 1, 2, 3, 4, 5, 6, 7, 8, 9, 10, 11, 12, 13, 14, 15]",[],False,ambiguity,False,uf_axiom,
MC_83__MC_109,MC_83,MC_109,MC-MC,1,0,0,0,0,0,0,0,0,0,1,0,late_only,gap_uncovered_structural_cell,MC_83__MC_109,0,32,2,differential,1,"[{""classification"": ""ambiguity"", ""elapsed"": 106.46623514965177, ""first_result"": ""sat"", ""first_timeout_ms"": 60000, ""query_count"": 32, ""second_result"": ""sat"", ""second_timeout_ms"": 300000, ""z3_reason_unknown"": """"}]",sat,sat,0.0048545952886343,105.88765704259276,edf43a9a19e4a3f3bf1eec668bd00cf6,edf43a9a19e4a3f3bf1eec668bd00cf6,084e14730c0385de1f00e7d3b20ab595,True,sat,False,False,False,,"{""0"": ""free"", ""1"": ""free"", ""10"": ""free"", ""11"": ""free"", ""12"": ""free"", ""13"": ""free"", ""14"": ""free"", ""15"": ""free"", ""2"": ""free"", ""3"": ""free"", ""4"": ""free"", ""5"": ""free"", ""6"": ""free"", ""7"": ""free"", ""8"": ""free"", ""9"": ""free""}","{""0"": ""free"", ""1"": ""free"", ""2"": ""free"", ""3"": ""free""}",[],"[0, 1, 2, 3, 4, 5, 6, 7, 8, 9, 10, 11, 12, 13, 14, 15]",[],False,ambiguity,False,uf_axiom,
MC_9__MC_24,MC_9,MC_24,MC-MC,1,0,0,1,0,0,0,0,0,0,0,0,late_only,gap_uncovered_structural_cell,MC_9__MC_24,2,32,2,differential,1,"[{""classification"": ""ambiguity"", ""elapsed"": 113.77417652867734, ""first_result"": ""sat"", ""first_timeout_ms"": 60000, ""query_count"": 32, ""second_result"": ""sat"", ""second_timeout_ms"": 300000, ""z3_reason_unknown"": """"}]",sat,sat,0.002725435420870781,83.24398791976273,a66f651322597191ab9f8f8af4c2db61,a66f651322597191ab9f8f8af4c2db61,a604dc6c6f59d942832cc815000678d1,True,sat,False,False,False,,"{""0"": ""unknown"", ""1"": ""free"", ""10"": ""free"", ""11"": ""free"", ""12"": ""free"", ""13"": ""free"", ""14"": ""free"", ""15"": ""free"", ""2"": ""free"", ""3"": ""free"", ""4"": ""free"", ""5"": ""unknown"", ""6"": ""free"", ""7"": ""free"", ""8"": ""free"", ""9"": ""free""}","{""0"": ""free"", ""1"": ""free"", ""2"": ""free"", ""3"": ""free""}",[],"[1, 2, 3, 4, 6, 7, 8, 9, 10, 11, 12, 13, 14, 15]","[0, 5]",False,ambiguity,False,uf_axiom,
MC_9__MC_24,MC_9,MC_24,MC-MC,1,0,0,1,0,0,0,0,0,0,0,0,late_only,gap_uncovered_structural_cell,MC_9__MC_24,1,32,2,differential,1,"[{""classification"": ""ambiguity"", ""elapsed"": 133.02149851433933, ""first_result"": ""sat"", ""first_timeout_ms"": 60000, ""query_count"": 32, ""second_result"": ""sat"", ""second_timeout_ms"": 300000, ""z3_reason_unknown"": """"}]",sat,sat,0.0028485842049121857,102.53680263645947,99107579bc3c2c3b0d7a8a6fd1573606,99107579bc3c2c3b0d7a8a6fd1573606,9910904fdc3c30301ef43b47d74ebeea,True,sat,False,False,False,,"{""0"": ""unknown"", ""1"": ""unknown"", ""10"": ""free"", ""11"": ""free"", ""12"": ""free"", ""13"": ""free"", ""14"": ""free"", ""15"": ""free"", ""2"": ""free"", ""3"": ""free"", ""4"": ""free"", ""5"": ""unknown"", ""6"": ""free"", ""7"": ""free"", ""8"": ""free"", ""9"": ""free""}","{""0"": ""free"", ""1"": ""free"", ""2"": ""free"", ""3"": ""free""}",[],"[2, 3, 4, 6, 7, 8, 9, 10, 11, 12, 13, 14, 15]","[0, 1, 5]",False,ambiguity,False,uf_axiom,
MC_87__MC_101,MC_87,MC_101,MC-MC,1,0,0,0,0,0,0,0,0,0,1,0,late_only,gap_uncovered_structural_cell,MC_87__MC_101,2,32,2,differential,1,"[{""classification"": ""ambiguity"", ""elapsed"": 151.86881186813116, ""first_result"": ""sat"", ""first_timeout_ms"": 60000, ""query_count"": 32, ""second_result"": ""sat"", ""second_timeout_ms"": 300000, ""z3_reason_unknown"": """"}]",sat,sat,0.003705305978655815,151.32327441126108,a66f651322597191ab9f8f8af4c2db61,a66f651322597191ab9f8f8af4c2db61,19befa8d80cb80c4be5a1b4172dad844,True,sat,False,False,False,,"{""0"": ""free"", ""1"": ""free"", ""10"": ""free"", ""11"": ""free"", ""12"": ""free"", ""13"": ""free"", ""14"": ""free"", ""15"": ""free"", ""2"": ""free"", ""3"": ""free"", ""4"": ""free"", ""5"": ""free"", ""6"": ""free"", ""7"": ""free"", ""8"": ""free"", ""9"": ""free""}","{""0"": ""free"", ""1"": ""free"", ""2"": ""free"", ""3"": ""free""}",[],"[0, 1, 2, 3, 4, 5, 6, 7, 8, 9, 10, 11, 12, 13, 14, 15]",[],False,ambiguity,False,uf_axiom,
MC_30__MC_39,MC_30,MC_39,MC-MC,1,0,0,0,0,0,0,0,0,0,1,0,late_only,gap_uncovered_structural_cell,MC_30__MC_39,2,32,2,differential,1,"[{""classification"": ""ambiguity"", ""elapsed"": 152.57346545532346, ""first_result"": ""sat"", ""first_timeout_ms"": 60000, ""query_count"": 32, ""second_result"": ""sat"", ""second_timeout_ms"": 300000, ""z3_reason_unknown"": """"}]",sat,sat,0.0023393388837575912,152.03790654055774,a66f651322597191ab9f8f8af4c2db61,a66f651322597191ab9f8f8af4c2db61,c113517704f824adb513088f653a10af,True,sat,False,False,False,,"{""0"": ""free"", ""1"": ""free"", ""10"": ""free"", ""11"": ""free"", ""12"": ""free"", ""13"": ""free"", ""14"": ""free"", ""15"": ""free"", ""2"": ""free"", ""3"": ""free"", ""4"": ""free"", ""5"": ""free"", ""6"": ""free"", ""7"": ""free"", ""8"": ""free"", ""9"": ""free""}","{""0"": ""free"", ""1"": ""free"", ""2"": ""free"", ""3"": ""free""}",[],"[0, 1, 2, 3, 4, 5, 6, 7, 8, 9, 10, 11, 12, 13, 14, 15]",[],False,ambiguity,False,uf_axiom,
MC_9__MC_89,MC_9,MC_89,MC-MC,1,0,0,0,1,0,0,0,0,0,1,0,late_only,gap_uncovered_structural_cell,MC_9__MC_89,2,32,2,differential,1,"[{""classification"": ""ambiguity"", ""elapsed"": 157.19649947807193, ""first_result"": ""sat"", ""first_timeout_ms"": 60000, ""query_count"": 32, ""second_result"": ""sat"", ""second_timeout_ms"": 300000, ""z3_reason_unknown"": """"}]",sat,sat,0.005932509899139404,156.75035259872675,a66f651322597191ab9f8f8af4c2db61,a66f651322597191ab9f8f8af4c2db61,d40d4138d504989f8383ad55f5c442bf,True,sat,False,False,False,,"{""0"": ""free"", ""1"": ""free"", ""10"": ""free"", ""11"": ""free"", ""12"": ""free"", ""13"": ""free"", ""14"": ""free"", ""15"": ""free"", ""2"": ""free"", ""3"": ""free"", ""4"": ""free"", ""5"": ""free"", ""6"": ""free"", ""7"": ""free"", ""8"": ""free"", ""9"": ""free""}","{""0"": ""free"", ""1"": ""free"", ""2"": ""free"", ""3"": ""free""}",[],"[0, 1, 2, 3, 4, 5, 6, 7, 8, 9, 10, 11, 12, 13, 14, 15]",[],False,ambiguity,False,uf_axiom,
MC_9__MC_24,MC_9,MC_24,MC-MC,1,0,0,1,0,0,0,0,0,0,0,0,late_only,gap_uncovered_structural_cell,MC_9__MC_24,0,32,2,differential,1,"[{""classification"": ""ambiguity"", ""elapsed"": 169.47306305542588, ""first_result"": ""sat"", ""first_timeout_ms"": 60000, ""query_count"": 32, ""second_result"": ""sat"", ""second_timeout_ms"": 300000, ""z3_reason_unknown"": """"}]",sat,sat,0.001532839611172676,139.00049791671336,edf43a9a19e4a3f3bf1eec668bd00cf6,edf43a9a19e4a3f3bf1eec668bd00cf6,62c46c94ede1d4395052283ba49472f6,True,sat,False,False,False,,"{""0"": ""free"", ""1"": ""free"", ""10"": ""free"", ""11"": ""free"", ""12"": ""free"", ""13"": ""free"", ""14"": ""free"", ""15"": ""unknown"", ""2"": ""free"", ""3"": ""free"", ""4"": ""free"", ""5"": ""free"", ""6"": ""free"", ""7"": ""free"", ""8"": ""free"", ""9"": ""free""}","{""0"": ""free"", ""1"": ""free"", ""2"": ""free"", ""3"": ""free""}",[],"[0, 1, 2, 3, 4, 5, 6, 7, 8, 9, 10, 11, 12, 13, 14]",[15],False,ambiguity,False,uf_axiom,
MC_36__MC_88,MC_36,MC_88,MC-MC,1,0,0,0,0,0,0,0,0,0,1,0,late_only,gap_uncovered_structural_cell,MC_36__MC_88,2,32,2,differential,1,"[{""classification"": ""ambiguity"", ""elapsed"": 189.33729151636362, ""first_result"": ""sat"", ""first_timeout_ms"": 60000, ""query_count"": 32, ""second_result"": ""sat"", ""second_timeout_ms"": 300000, ""z3_reason_unknown"": """"}]",sat,sat,0.003677312284708023,188.7802218683064,a66f651322597191ab9f8f8af4c2db61,a66f651322597191ab9f8f8af4c2db61,a59275ddab683cab26082d2cd8e54c9f,True,sat,False,False,False,,"{""0"": ""free"", ""1"": ""free"", ""10"": ""free"", ""11"": ""free"", ""12"": ""free"", ""13"": ""free"", ""14"": ""free"", ""15"": ""free"", ""2"": ""free"", ""3"": ""free"", ""4"": ""free"", ""5"": ""free"", ""6"": ""free"", ""7"": ""free"", ""8"": ""free"", ""9"": ""free""}","{""0"": ""free"", ""1"": ""free"", ""2"": ""free"", ""3"": ""free""}",[],"[0, 1, 2, 3, 4, 5, 6, 7, 8, 9, 10, 11, 12, 13, 14, 15]",[],False,ambiguity,False,uf_axiom,
MC_18__MC_123,MC_18,MC_123,MC-MC,1,0,0,0,0,0,0,0,0,0,1,0,late_only,gap_uncovered_structural_cell,MC_18__MC_123,0,32,2,differential,1,"[{""classification"": ""ambiguity"", ""elapsed"": 214.95340812765062, ""first_result"": ""sat"", ""first_timeout_ms"": 60000, ""query_count"": 32, ""second_result"": ""sat"", ""second_timeout_ms"": 300000, ""z3_reason_unknown"": """"}]",sat,sat,0.004101304337382317,214.38109030760825,edf43a9a19e4a3f3bf1eec668bd00cf6,edf43a9a19e4a3f3bf1eec668bd00cf6,1e8677739dc7e000f58a0e28f5768d00,True,sat,False,False,False,,"{""0"": ""free"", ""1"": ""free"", ""10"": ""free"", ""11"": ""free"", ""12"": ""free"", ""13"": ""free"", ""14"": ""free"", ""15"": ""free"", ""2"": ""free"", ""3"": ""free"", ""4"": ""free"", ""5"": ""free"", ""6"": ""free"", ""7"": ""free"", ""8"": ""free"", ""9"": ""free""}","{""0"": ""free"", ""1"": ""free"", ""2"": ""free"", ""3"": ""free""}",[],"[0, 1, 2, 3, 4, 5, 6, 7, 8, 9, 10, 11, 12, 13, 14, 15]",[],False,ambiguity,False,uf_axiom,
MC_18__MC_84,MC_18,MC_84,MC-MC,1,0,1,0,0,0,0,0,1,0,0,0,late_only,gap_uncovered_structural_cell,MC_18__MC_84,0,32,2,differential,1,"[{""classification"": ""ambiguity"", ""elapsed"": 248.05895598977804, ""first_result"": ""sat"", ""first_timeout_ms"": 60000, ""query_count"": 32, ""second_result"": ""sat"", ""second_timeout_ms"": 300000, ""z3_reason_unknown"": """"}]",sat,sat,0.004187155514955521,247.46729210019112,edf43a9a19e4a3f3bf1eec668bd00cf6,edf43a9a19e4a3f3bf1eec668bd00cf6,5c94025b99921830a505f5e43a56900d,True,sat,False,False,False,,"{""0"": ""free"", ""1"": ""free"", ""10"": ""free"", ""11"": ""free"", ""12"": ""free"", ""13"": ""free"", ""14"": ""free"", ""15"": ""free"", ""2"": ""free"", ""3"": ""free"", ""4"": ""free"", ""5"": ""free"", ""6"": ""free"", ""7"": ""free"", ""8"": ""free"", ""9"": ""free""}","{""0"": ""free"", ""1"": ""free"", ""2"": ""free"", ""3"": ""free""}",[],"[0, 1, 2, 3, 4, 5, 6, 7, 8, 9, 10, 11, 12, 13, 14, 15]",[],False,ambiguity,False,uf_axiom,
MC_30__MC_39,MC_30,MC_39,MC-MC,1,0,0,0,0,0,0,0,0,0,1,0,late_only,gap_uncovered_structural_cell,MC_30__MC_39,0,32,2,differential,1,"[{""classification"": ""ambiguity"", ""elapsed"": 256.3623547311872, ""first_result"": ""sat"", ""first_timeout_ms"": 60000, ""query_count"": 32, ""second_result"": ""sat"", ""second_timeout_ms"": 300000, ""z3_reason_unknown"": """"}]",sat,sat,0.002452043816447258,255.85625127889216,edf43a9a19e4a3f3bf1eec668bd00cf6,edf43a9a19e4a3f3bf1eec668bd00cf6,820a000cecde9106087706056c3a115d,True,sat,False,False,False,,"{""0"": ""free"", ""1"": ""free"", ""10"": ""free"", ""11"": ""free"", ""12"": ""free"", ""13"": ""free"", ""14"": ""free"", ""15"": ""free"", ""2"": ""free"", ""3"": ""free"", ""4"": ""free"", ""5"": ""free"", ""6"": ""free"", ""7"": ""free"", ""8"": ""free"", ""9"": ""free""}","{""0"": ""free"", ""1"": ""free"", ""2"": ""free"", ""3"": ""free""}",[],"[0, 1, 2, 3, 4, 5, 6, 7, 8, 9, 10, 11, 12, 13, 14, 15]",[],False,ambiguity,False,uf_axiom,
MC_13__MC_127,MC_13,MC_127,MC-MC,1,0,0,0,0,0,0,0,0,0,1,0,late_only,gap_uncovered_structural_cell,MC_13__MC_127,0,32,2,differential,1,"[{""classification"": ""ambiguity"", ""elapsed"": 256.59866641275585, ""first_result"": ""sat"", ""first_timeout_ms"": 60000, ""query_count"": 32, ""second_result"": ""sat"", ""second_timeout_ms"": 300000, ""z3_reason_unknown"": """"}]",sat,sat,0.007354713976383209,256.1793239824474,edf43a9a19e4a3f3bf1eec668bd00cf6,edf43a9a19e4a3f3bf1eec668bd00cf6,d89061c9face7c04363c204e1408e722,True,sat,False,False,False,,"{""0"": ""free"", ""1"": ""free"", ""10"": ""free"", ""11"": ""free"", ""12"": ""free"", ""13"": ""free"", ""14"": ""free"", ""15"": ""free"", ""2"": ""free"", ""3"": ""free"", ""4"": ""free"", ""5"": ""free"", ""6"": ""free"", ""7"": ""free"", ""8"": ""free"", ""9"": ""free""}","{""0"": ""free"", ""1"": ""free"", ""2"": ""free"", ""3"": ""free""}",[],"[0, 1, 2, 3, 4, 5, 6, 7, 8, 9, 10, 11, 12, 13, 14, 15]",[],False,ambiguity,False,uf_axiom,
MC_87__MC_101,MC_87,MC_101,MC-MC,1,0,0,0,0,0,0,0,0,0,1,0,late_only,gap_uncovered_structural_cell,MC_87__MC_101,1,96,2,differential,3,"[{""classification"": ""undecided"", ""elapsed"": 330.3795501925051, ""first_result"": ""sat"", ""first_timeout_ms"": 60000, ""query_count"": 32, ""second_result"": ""unknown"", ""second_timeout_ms"": 300000, ""z3_reason_unknown"": ""canceled""}, {""classification"": ""undecided"", ""elapsed"": 330.70562888123095, ""first_result"": ""sat"", ""first_timeout_ms"": 60000, ""query_count"": 64, ""second_result"": ""unknown"", ""second_timeout_ms"": 300000, ""z3_reason_unknown"": ""canceled""}, {""classification"": ""full_key_unique"", ""elapsed"": 111.82359957695007, ""first_result"": ""sat"", ""first_timeout_ms"": 60000, ""query_count"": 96, ""second_result"": ""unsat"", ""second_timeout_ms"": 300000, ""z3_reason_unknown"": """"}]",sat,unsat,0.007225332781672478,110.81817580573261,99107579bc3c2c3b0d7a8a6fd1573606,99107579bc3c2c3b0d7a8a6fd1573606,,True,sat,False,False,False,,"{""0"": ""fixed"", ""1"": ""fixed"", ""10"": ""fixed"", ""11"": ""fixed"", ""12"": ""fixed"", ""13"": ""fixed"", ""14"": ""fixed"", ""15"": ""fixed"", ""2"": ""fixed"", ""3"": ""fixed"", ""4"": ""fixed"", ""5"": ""fixed"", ""6"": ""fixed"", ""7"": ""fixed"", ""8"": ""fixed"", ""9"": ""fixed""}","{""0"": ""fixed"", ""1"": ""fixed"", ""2"": ""fixed"", ""3"": ""fixed""}","[0, 1, 2, 3, 4, 5, 6, 7, 8, 9, 10, 11, 12, 13, 14, 15]",[],[],False,full_key_unique,True,uf_axiom,
MC_6__MC_37,MC_6,MC_37,MC-MC,1,0,1,0,0,0,0,0,1,0,0,0,late_only,gap_uncovered_structural_cell,MC_6__MC_37,2,96,2,differential,3,"[{""classification"": ""undecided"", ""elapsed"": 330.4689528476447, ""first_result"": ""sat"", ""first_timeout_ms"": 60000, ""query_count"": 32, ""second_result"": ""unknown"", ""second_timeout_ms"": 300000, ""z3_reason_unknown"": ""canceled""}, {""classification"": ""undecided"", ""elapsed"": 330.66695780679584, ""first_result"": ""sat"", ""first_timeout_ms"": 60000, ""query_count"": 64, ""second_result"": ""unknown"", ""second_timeout_ms"": 300000, ""z3_reason_unknown"": ""canceled""}, {""classification"": ""full_key_unique"", ""elapsed"": 153.00779628008604, ""first_result"": ""sat"", ""first_timeout_ms"": 60000, ""query_count"": 96, ""second_result"": ""unsat"", ""second_timeout_ms"": 300000, ""z3_reason_unknown"": """"}]",sat,unsat,0.007265867665410042,152.11722970195115,a66f651322597191ab9f8f8af4c2db61,a66f651322597191ab9f8f8af4c2db61,,True,sat,False,False,False,,"{""0"": ""fixed"", ""1"": ""fixed"", ""10"": ""fixed"", ""11"": ""fixed"", ""12"": ""fixed"", ""13"": ""fixed"", ""14"": ""fixed"", ""15"": ""fixed"", ""2"": ""fixed"", ""3"": ""fixed"", ""4"": ""fixed"", ""5"": ""fixed"", ""6"": ""fixed"", ""7"": ""fixed"", ""8"": ""fixed"", ""9"": ""fixed""}","{""0"": ""fixed"", ""1"": ""fixed"", ""2"": ""fixed"", ""3"": ""fixed""}","[0, 1, 2, 3, 4, 5, 6, 7, 8, 9, 10, 11, 12, 13, 14, 15]",[],[],False,full_key_unique,True,uf_axiom,
MC_9__MC_89,MC_9,MC_89,MC-MC,1,0,0,0,1,0,0,0,0,0,1,0,late_only,gap_uncovered_structural_cell,MC_9__MC_89,0,96,2,differential,3,"[{""classification"": ""undecided"", ""elapsed"": 330.4695493876934, ""first_result"": ""sat"", ""first_timeout_ms"": 60000, ""query_count"": 32, ""second_result"": ""unknown"", ""second_timeout_ms"": 300000, ""z3_reason_unknown"": ""canceled""}, {""classification"": ""undecided"", ""elapsed"": 330.72942911460996, ""first_result"": ""sat"", ""first_timeout_ms"": 60000, ""query_count"": 64, ""second_result"": ""unknown"", ""second_timeout_ms"": 300000, ""z3_reason_unknown"": ""canceled""}, {""classification"": ""full_key_unique"", ""elapsed"": 164.28956635668874, ""first_result"": ""sat"", ""first_timeout_ms"": 60000, ""query_count"": 96, ""second_result"": ""unsat"", ""second_timeout_ms"": 300000, ""z3_reason_unknown"": """"}]",sat,unsat,0.014247531071305275,162.97524212673306,edf43a9a19e4a3f3bf1eec668bd00cf6,edf43a9a19e4a3f3bf1eec668bd00cf6,,True,sat,False,False,False,,"{""0"": ""fixed"", ""1"": ""fixed"", ""10"": ""fixed"", ""11"": ""fixed"", ""12"": ""fixed"", ""13"": ""fixed"", ""14"": ""fixed"", ""15"": ""fixed"", ""2"": ""fixed"", ""3"": ""fixed"", ""4"": ""fixed"", ""5"": ""fixed"", ""6"": ""fixed"", ""7"": ""fixed"", ""8"": ""fixed"", ""9"": ""fixed""}","{""0"": ""fixed"", ""1"": ""fixed"", ""2"": ""fixed"", ""3"": ""fixed""}","[0, 1, 2, 3, 4, 5, 6, 7, 8, 9, 10, 11, 12, 13, 14, 15]",[],[],False,full_key_unique,True,uf_axiom,
MC_36__MC_88,MC_36,MC_88,MC-MC,1,0,0,0,0,0,0,0,0,0,1,0,late_only,gap_uncovered_structural_cell,MC_36__MC_88,1,96,2,differential,3,"[{""classification"": ""undecided"", ""elapsed"": 330.5751880891621, ""first_result"": ""sat"", ""first_timeout_ms"": 60000, ""query_count"": 32, ""second_result"": ""unknown"", ""second_timeout_ms"": 300000, ""z3_reason_unknown"": ""canceled""}, {""classification"": ""undecided"", ""elapsed"": 330.66134019196033, ""first_result"": ""sat"", ""first_timeout_ms"": 60000, ""query_count"": 64, ""second_result"": ""unknown"", ""second_timeout_ms"": 300000, ""z3_reason_unknown"": ""canceled""}, {""classification"": ""full_key_unique"", ""elapsed"": 230.5704659242183, ""first_result"": ""sat"", ""first_timeout_ms"": 60000, ""query_count"": 96, ""second_result"": ""unsat"", ""second_timeout_ms"": 300000, ""z3_reason_unknown"": """"}]",sat,unsat,0.007398698478937149,229.44810880161822,99107579bc3c2c3b0d7a8a6fd1573606,99107579bc3c2c3b0d7a8a6fd1573606,,True,sat,False,False,False,,"{""0"": ""fixed"", ""1"": ""fixed"", ""10"": ""fixed"", ""11"": ""fixed"", ""12"": ""fixed"", ""13"": ""fixed"", ""14"": ""fixed"", ""15"": ""fixed"", ""2"": ""fixed"", ""3"": ""fixed"", ""4"": ""fixed"", ""5"": ""fixed"", ""6"": ""fixed"", ""7"": ""fixed"", ""8"": ""fixed"", ""9"": ""fixed""}","{""0"": ""fixed"", ""1"": ""fixed"", ""2"": ""fixed"", ""3"": ""fixed""}","[0, 1, 2, 3, 4, 5, 6, 7, 8, 9, 10, 11, 12, 13, 14, 15]",[],[],False,full_key_unique,True,uf_axiom,
MC_83__MC_109,MC_83,MC_109,MC-MC,1,0,0,0,0,0,0,0,0,0,1,0,late_only,gap_uncovered_structural_cell,MC_83__MC_109,1,96,2,differential,3,"[{""classification"": ""undecided"", ""elapsed"": 330.5598516128957, ""first_result"": ""sat"", ""first_timeout_ms"": 60000, ""query_count"": 32, ""second_result"": ""unknown"", ""second_timeout_ms"": 300000, ""z3_reason_unknown"": ""canceled""}, {""classification"": ""undecided"", ""elapsed"": 330.6369889341295, ""first_result"": ""sat"", ""first_timeout_ms"": 60000, ""query_count"": 64, ""second_result"": ""unknown"", ""second_timeout_ms"": 300000, ""z3_reason_unknown"": ""canceled""}, {""classification"": ""full_key_unique"", ""elapsed"": 240.5084196254611, ""first_result"": ""sat"", ""first_timeout_ms"": 60000, ""query_count"": 96, ""second_result"": ""unsat"", ""second_timeout_ms"": 300000, ""z3_reason_unknown"": """"}]",sat,unsat,0.016185123473405838,239.2320898566395,99107579bc3c2c3b0d7a8a6fd1573606,99107579bc3c2c3b0d7a8a6fd1573606,,True,sat,False,False,False,,"{""0"": ""fixed"", ""1"": ""fixed"", ""10"": ""fixed"", ""11"": ""fixed"", ""12"": ""fixed"", ""13"": ""fixed"", ""14"": ""fixed"", ""15"": ""fixed"", ""2"": ""fixed"", ""3"": ""fixed"", ""4"": ""fixed"", ""5"": ""fixed"", ""6"": ""fixed"", ""7"": ""fixed"", ""8"": ""fixed"", ""9"": ""fixed""}","{""0"": ""fixed"", ""1"": ""fixed"", ""2"": ""fixed"", ""3"": ""fixed""}","[0, 1, 2, 3, 4, 5, 6, 7, 8, 9, 10, 11, 12, 13, 14, 15]",[],[],False,full_key_unique,True,uf_axiom,
MC_87__MC_101,MC_87,MC_101,MC-MC,1,0,0,0,0,0,0,0,0,0,1,0,late_only,gap_uncovered_structural_cell,MC_87__MC_101,0,96,2,differential,3,"[{""classification"": ""undecided"", ""elapsed"": 330.55444099009037, ""first_result"": ""sat"", ""first_timeout_ms"": 60000, ""query_count"": 32, ""second_result"": ""unknown"", ""second_timeout_ms"": 300000, ""z3_reason_unknown"": ""canceled""}, {""classification"": ""undecided"", ""elapsed"": 330.76422939635813, ""first_result"": ""sat"", ""first_timeout_ms"": 60000, ""query_count"": 64, ""second_result"": ""unknown"", ""second_timeout_ms"": 300000, ""z3_reason_unknown"": ""canceled""}, {""classification"": ""full_key_unique"", ""elapsed"": 269.4146324824542, ""first_result"": ""sat"", ""first_timeout_ms"": 60000, ""query_count"": 96, ""second_result"": ""unsat"", ""second_timeout_ms"": 300000, ""z3_reason_unknown"": """"}]",sat,unsat,0.007283411920070648,268.1286630704999,edf43a9a19e4a3f3bf1eec668bd00cf6,edf43a9a19e4a3f3bf1eec668bd00cf6,,True,sat,False,False,False,,"{""0"": ""fixed"", ""1"": ""fixed"", ""10"": ""fixed"", ""11"": ""fixed"", ""12"": ""fixed"", ""13"": ""fixed"", ""14"": ""fixed"", ""15"": ""fixed"", ""2"": ""fixed"", ""3"": ""fixed"", ""4"": ""fixed"", ""5"": ""fixed"", ""6"": ""fixed"", ""7"": ""fixed"", ""8"": ""fixed"", ""9"": ""fixed""}","{""0"": ""fixed"", ""1"": ""fixed"", ""2"": ""fixed"", ""3"": ""fixed""}","[0, 1, 2, 3, 4, 5, 6, 7, 8, 9, 10, 11, 12, 13, 14, 15]",[],[],False,full_key_unique,True,uf_axiom,
MC_13__MC_127,MC_13,MC_127,MC-MC,1,0,0,0,0,0,0,0,0,0,1,0,late_only,gap_uncovered_structural_cell,MC_13__MC_127,1,128,2,differential,4,"[{""classification"": ""undecided"", ""elapsed"": 330.4295811392367, ""first_result"": ""sat"", ""first_timeout_ms"": 60000, ""query_count"": 32, ""second_result"": ""unknown"", ""second_timeout_ms"": 300000, ""z3_reason_unknown"": ""canceled""}, {""classification"": ""undecided"", ""elapsed"": 330.6452833842486, ""first_result"": ""sat"", ""first_timeout_ms"": 60000, ""query_count"": 64, ""second_result"": ""unknown"", ""second_timeout_ms"": 300000, ""z3_reason_unknown"": ""canceled""}, {""classification"": ""undecided"", ""elapsed"": 330.9811191279441, ""first_result"": ""sat"", ""first_timeout_ms"": 60000, ""query_count"": 96, ""second_result"": ""unknown"", ""second_timeout_ms"": 300000, ""z3_reason_unknown"": ""canceled""}, {""classification"": ""full_key_unique"", ""elapsed"": 159.7842713855207, ""first_result"": ""sat"", ""first_timeout_ms"": 60000, ""query_count"": 128, ""second_result"": ""unsat"", ""second_timeout_ms"": 300000, ""z3_reason_unknown"": """"}]",sat,unsat,0.009257847443223,158.6239062063396,99107579bc3c2c3b0d7a8a6fd1573606,99107579bc3c2c3b0d7a8a6fd1573606,,True,sat,False,False,False,,"{""0"": ""fixed"", ""1"": ""fixed"", ""10"": ""fixed"", ""11"": ""fixed"", ""12"": ""fixed"", ""13"": ""fixed"", ""14"": ""fixed"", ""15"": ""fixed"", ""2"": ""fixed"", ""3"": ""fixed"", ""4"": ""fixed"", ""5"": ""fixed"", ""6"": ""fixed"", ""7"": ""fixed"", ""8"": ""fixed"", ""9"": ""fixed""}","{""0"": ""fixed"", ""1"": ""fixed"", ""2"": ""fixed"", ""3"": ""fixed""}","[0, 1, 2, 3, 4, 5, 6, 7, 8, 9, 10, 11, 12, 13, 14, 15]",[],[],False,full_key_unique,True,uf_axiom,
MC_13__MC_127,MC_13,MC_127,MC-MC,1,0,0,0,0,0,0,0,0,0,1,0,late_only,gap_uncovered_structural_cell,MC_13__MC_127,2,128,2,differential,4,"[{""classification"": ""undecided"", ""elapsed"": 330.44988225772977, ""first_result"": ""sat"", ""first_timeout_ms"": 60000, ""query_count"": 32, ""second_result"": ""unknown"", ""second_timeout_ms"": 300000, ""z3_reason_unknown"": ""canceled""}, {""classification"": ""undecided"", ""elapsed"": 330.6126564964652, ""first_result"": ""sat"", ""first_timeout_ms"": 60000, ""query_count"": 64, ""second_result"": ""unknown"", ""second_timeout_ms"": 300000, ""z3_reason_unknown"": ""canceled""}, {""classification"": ""undecided"", ""elapsed"": 330.93842483870685, ""first_result"": ""sat"", ""first_timeout_ms"": 60000, ""query_count"": 96, ""second_result"": ""unknown"", ""second_timeout_ms"": 300000, ""z3_reason_unknown"": ""canceled""}, {""classification"": ""full_key_unique"", ""elapsed"": 172.36061761155725, ""first_result"": ""sat"", ""first_timeout_ms"": 60000, ""query_count"": 128, ""second_result"": ""unsat"", ""second_timeout_ms"": 300000, ""z3_reason_unknown"": """"}]",sat,unsat,0.00999167189002037,171.13110288232565,a66f651322597191ab9f8f8af4c2db61,a66f651322597191ab9f8f8af4c2db61,,True,sat,False,False,False,,"{""0"": ""fixed"", ""1"": ""fixed"", ""10"": ""fixed"", ""11"": ""fixed"", ""12"": ""fixed"", ""13"": ""fixed"", ""14"": ""fixed"", ""15"": ""fixed"", ""2"": ""fixed"", ""3"": ""fixed"", ""4"": ""fixed"", ""5"": ""fixed"", ""6"": ""fixed"", ""7"": ""fixed"", ""8"": ""fixed"", ""9"": ""fixed""}","{""0"": ""fixed"", ""1"": ""fixed"", ""2"": ""fixed"", ""3"": ""fixed""}","[0, 1, 2, 3, 4, 5, 6, 7, 8, 9, 10, 11, 12, 13, 14, 15]",[],[],False,full_key_unique,True,uf_axiom,
MC_36__MC_88,MC_36,MC_88,MC-MC,1,0,0,0,0,0,0,0,0,0,1,0,late_only,gap_uncovered_structural_cell,MC_36__MC_88,0,128,2,differential,4,"[{""classification"": ""undecided"", ""elapsed"": 330.46538561955094, ""first_result"": ""sat"", ""first_timeout_ms"": 60000, ""query_count"": 32, ""second_result"": ""unknown"", ""second_timeout_ms"": 300000, ""z3_reason_unknown"": ""canceled""}, {""classification"": ""undecided"", ""elapsed"": 330.9225281532854, ""first_result"": ""sat"", ""first_timeout_ms"": 60000, ""query_count"": 64, ""second_result"": ""unknown"", ""second_timeout_ms"": 300000, ""z3_reason_unknown"": ""canceled""}, {""classification"": ""undecided"", ""elapsed"": 331.1282545737922, ""first_result"": ""sat"", ""first_timeout_ms"": 60000, ""query_count"": 96, ""second_result"": ""unknown"", ""second_timeout_ms"": 300000, ""z3_reason_unknown"": ""canceled""}, {""classification"": ""full_key_unique"", ""elapsed"": 198.8794391863048, ""first_result"": ""sat"", ""first_timeout_ms"": 60000, ""query_count"": 128, ""second_result"": ""unsat"", ""second_timeout_ms"": 300000, ""z3_reason_unknown"": """"}]",sat,unsat,0.009672027081251144,197.66684534028172,edf43a9a19e4a3f3bf1eec668bd00cf6,edf43a9a19e4a3f3bf1eec668bd00cf6,,True,sat,False,False,False,,"{""0"": ""fixed"", ""1"": ""fixed"", ""10"": ""fixed"", ""11"": ""fixed"", ""12"": ""fixed"", ""13"": ""fixed"", ""14"": ""fixed"", ""15"": ""fixed"", ""2"": ""fixed"", ""3"": ""fixed"", ""4"": ""fixed"", ""5"": ""fixed"", ""6"": ""fixed"", ""7"": ""fixed"", ""8"": ""fixed"", ""9"": ""fixed""}","{""0"": ""fixed"", ""1"": ""fixed"", ""2"": ""fixed"", ""3"": ""fixed""}","[0, 1, 2, 3, 4, 5, 6, 7, 8, 9, 10, 11, 12, 13, 14, 15]",[],[],False,full_key_unique,True,uf_axiom,
MC_9__MC_89,MC_9,MC_89,MC-MC,1,0,0,0,1,0,0,0,0,0,1,0,late_only,gap_uncovered_structural_cell,MC_9__MC_89,1,128,2,differential,4,"[{""classification"": ""undecided"", ""elapsed"": 330.60130991600454, ""first_result"": ""sat"", ""first_timeout_ms"": 60000, ""query_count"": 32, ""second_result"": ""unknown"", ""second_timeout_ms"": 300000, ""z3_reason_unknown"": ""canceled""}, {""classification"": ""undecided"", ""elapsed"": 330.6779297068715, ""first_result"": ""sat"", ""first_timeout_ms"": 60000, ""query_count"": 64, ""second_result"": ""unknown"", ""second_timeout_ms"": 300000, ""z3_reason_unknown"": ""canceled""}, {""classification"": ""undecided"", ""elapsed"": 331.05710781924427, ""first_result"": ""sat"", ""first_timeout_ms"": 60000, ""query_count"": 96, ""second_result"": ""unknown"", ""second_timeout_ms"": 300000, ""z3_reason_unknown"": ""canceled""}, {""classification"": ""full_key_unique"", ""elapsed"": 269.11260990053415, ""first_result"": ""sat"", ""first_timeout_ms"": 60000, ""query_count"": 128, ""second_result"": ""unsat"", ""second_timeout_ms"": 300000, ""z3_reason_unknown"": """"}]",sat,unsat,0.015032613649964333,267.7732125390321,99107579bc3c2c3b0d7a8a6fd1573606,99107579bc3c2c3b0d7a8a6fd1573606,,True,sat,False,False,False,,"{""0"": ""fixed"", ""1"": ""fixed"", ""10"": ""fixed"", ""11"": ""fixed"", ""12"": ""fixed"", ""13"": ""fixed"", ""14"": ""fixed"", ""15"": ""fixed"", ""2"": ""fixed"", ""3"": ""fixed"", ""4"": ""fixed"", ""5"": ""fixed"", ""6"": ""fixed"", ""7"": ""fixed"", ""8"": ""fixed"", ""9"": ""fixed""}","{""0"": ""fixed"", ""1"": ""fixed"", ""2"": ""fixed"", ""3"": ""fixed""}","[0, 1, 2, 3, 4, 5, 6, 7, 8, 9, 10, 11, 12, 13, 14, 15]",[],[],False,full_key_unique,True,uf_axiom,
MC_6__MC_37,MC_6,MC_37,MC-MC,1,0,1,0,0,0,0,0,1,0,0,0,late_only,gap_uncovered_structural_cell,MC_6__MC_37,1,192,2,differential,5,"[{""classification"": ""undecided"", ""elapsed"": 330.4982496332377, ""first_result"": ""sat"", ""first_timeout_ms"": 60000, ""query_count"": 32, ""second_result"": ""unknown"", ""second_timeout_ms"": 300000, ""z3_reason_unknown"": ""canceled""}, {""classification"": ""undecided"", ""elapsed"": 330.66052813082933, ""first_result"": ""sat"", ""first_timeout_ms"": 60000, ""query_count"": 64, ""second_result"": ""unknown"", ""second_timeout_ms"": 300000, ""z3_reason_unknown"": ""canceled""}, {""classification"": ""undecided"", ""elapsed"": 331.32461803406477, ""first_result"": ""sat"", ""first_timeout_ms"": 60000, ""query_count"": 96, ""second_result"": ""unknown"", ""second_timeout_ms"": 300000, ""z3_reason_unknown"": ""canceled""}, {""classification"": ""undecided"", ""elapsed"": 331.651182025671, ""first_result"": ""sat"", ""first_timeout_ms"": 60000, ""query_count"": 128, ""second_result"": ""unknown"", ""second_timeout_ms"": 300000, ""z3_reason_unknown"": ""canceled""}, {""classification"": ""full_key_unique"", ""elapsed"": 91.59467041306198, ""first_result"": ""sat"", ""first_timeout_ms"": 120000, ""query_count"": 192, ""second_result"": ""unsat"", ""second_timeout_ms"": 600000, ""z3_reason_unknown"": """"}]",sat,unsat,0.021067243069410324,89.73077177256346,99107579bc3c2c3b0d7a8a6fd1573606,99107579bc3c2c3b0d7a8a6fd1573606,,True,sat,False,False,False,,"{""0"": ""fixed"", ""1"": ""fixed"", ""10"": ""fixed"", ""11"": ""fixed"", ""12"": ""fixed"", ""13"": ""fixed"", ""14"": ""fixed"", ""15"": ""fixed"", ""2"": ""fixed"", ""3"": ""fixed"", ""4"": ""fixed"", ""5"": ""fixed"", ""6"": ""fixed"", ""7"": ""fixed"", ""8"": ""fixed"", ""9"": ""fixed""}","{""0"": ""fixed"", ""1"": ""fixed"", ""2"": ""fixed"", ""3"": ""fixed""}","[0, 1, 2, 3, 4, 5, 6, 7, 8, 9, 10, 11, 12, 13, 14, 15]",[],[],False,full_key_unique,True,uf_axiom,
MC_18__MC_123,MC_18,MC_123,MC-MC,1,0,0,0,0,0,0,0,0,0,1,0,late_only,gap_uncovered_structural_cell,MC_18__MC_123,1,192,2,differential,5,"[{""classification"": ""undecided"", ""elapsed"": 330.5721105579287, ""first_result"": ""sat"", ""first_timeout_ms"": 60000, ""query_count"": 32, ""second_result"": ""unknown"", ""second_timeout_ms"": 300000, ""z3_reason_unknown"": ""canceled""}, {""classification"": ""undecided"", ""elapsed"": 330.6985973995179, ""first_result"": ""sat"", ""first_timeout_ms"": 60000, ""query_count"": 64, ""second_result"": ""unknown"", ""second_timeout_ms"": 300000, ""z3_reason_unknown"": ""canceled""}, {""classification"": ""undecided"", ""elapsed"": 330.9928131196648, ""first_result"": ""sat"", ""first_timeout_ms"": 60000, ""query_count"": 96, ""second_result"": ""unknown"", ""second_timeout_ms"": 300000, ""z3_reason_unknown"": ""canceled""}, {""classification"": ""undecided"", ""elapsed"": 331.27891014143825, ""first_result"": ""sat"", ""first_timeout_ms"": 60000, ""query_count"": 128, ""second_result"": ""unknown"", ""second_timeout_ms"": 300000, ""z3_reason_unknown"": ""canceled""}, {""classification"": ""full_key_unique"", ""elapsed"": 114.88589623756707, ""first_result"": ""sat"", ""first_timeout_ms"": 120000, ""query_count"": 192, ""second_result"": ""unsat"", ""second_timeout_ms"": 600000, ""z3_reason_unknown"": """"}]",sat,unsat,0.01667887531220913,113.16504351235926,99107579bc3c2c3b0d7a8a6fd1573606,99107579bc3c2c3b0d7a8a6fd1573606,,True,sat,False,False,False,,"{""0"": ""fixed"", ""1"": ""fixed"", ""10"": ""fixed"", ""11"": ""fixed"", ""12"": ""fixed"", ""13"": ""fixed"", ""14"": ""fixed"", ""15"": ""fixed"", ""2"": ""fixed"", ""3"": ""fixed"", ""4"": ""fixed"", ""5"": ""fixed"", ""6"": ""fixed"", ""7"": ""fixed"", ""8"": ""fixed"", ""9"": ""fixed""}","{""0"": ""fixed"", ""1"": ""fixed"", ""2"": ""fixed"", ""3"": ""fixed""}","[0, 1, 2, 3, 4, 5, 6, 7, 8, 9, 10, 11, 12, 13, 14, 15]",[],[],False,full_key_unique,True,uf_axiom,
MC_18__MC_123,MC_18,MC_123,MC-MC,1,0,0,0,0,0,0,0,0,0,1,0,late_only,gap_uncovered_structural_cell,MC_18__MC_123,2,192,2,differential,5,"[{""classification"": ""undecided"", ""elapsed"": 330.4416762944311, ""first_result"": ""sat"", ""first_timeout_ms"": 60000, ""query_count"": 32, ""second_result"": ""unknown"", ""second_timeout_ms"": 300000, ""z3_reason_unknown"": ""canceled""}, {""classification"": ""undecided"", ""elapsed"": 330.68847741000354, ""first_result"": ""sat"", ""first_timeout_ms"": 60000, ""query_count"": 64, ""second_result"": ""unknown"", ""second_timeout_ms"": 300000, ""z3_reason_unknown"": ""canceled""}, {""classification"": ""undecided"", ""elapsed"": 331.04825463704765, ""first_result"": ""sat"", ""first_timeout_ms"": 60000, ""query_count"": 96, ""second_result"": ""unknown"", ""second_timeout_ms"": 300000, ""z3_reason_unknown"": ""canceled""}, {""classification"": ""undecided"", ""elapsed"": 331.28390707448125, ""first_result"": ""sat"", ""first_timeout_ms"": 60000, ""query_count"": 128, ""second_result"": ""unknown"", ""second_timeout_ms"": 300000, ""z3_reason_unknown"": ""canceled""}, {""classification"": ""full_key_unique"", ""elapsed"": 158.27560326643288, ""first_result"": ""sat"", ""first_timeout_ms"": 120000, ""query_count"": 192, ""second_result"": ""unsat"", ""second_timeout_ms"": 600000, ""z3_reason_unknown"": """"}]",sat,unsat,0.020898476243019104,156.31425107643008,a66f651322597191ab9f8f8af4c2db61,a66f651322597191ab9f8f8af4c2db61,,True,sat,False,False,False,,"{""0"": ""fixed"", ""1"": ""fixed"", ""10"": ""fixed"", ""11"": ""fixed"", ""12"": ""fixed"", ""13"": ""fixed"", ""14"": ""fixed"", ""15"": ""fixed"", ""2"": ""fixed"", ""3"": ""fixed"", ""4"": ""fixed"", ""5"": ""fixed"", ""6"": ""fixed"", ""7"": ""fixed"", ""8"": ""fixed"", ""9"": ""fixed""}","{""0"": ""fixed"", ""1"": ""fixed"", ""2"": ""fixed"", ""3"": ""fixed""}","[0, 1, 2, 3, 4, 5, 6, 7, 8, 9, 10, 11, 12, 13, 14, 15]",[],[],False,full_key_unique,True,uf_axiom,
MC_30__MC_39,MC_30,MC_39,MC-MC,1,0,0,0,0,0,0,0,0,0,1,0,late_only,gap_uncovered_structural_cell,MC_30__MC_39,1,192,2,differential,5,"[{""classification"": ""undecided"", ""elapsed"": 330.55950185470283, ""first_result"": ""sat"", ""first_timeout_ms"": 60000, ""query_count"": 32, ""second_result"": ""unknown"", ""second_timeout_ms"": 300000, ""z3_reason_unknown"": ""canceled""}, {""classification"": ""undecided"", ""elapsed"": 330.70758104883134, ""first_result"": ""sat"", ""first_timeout_ms"": 60000, ""query_count"": 64, ""second_result"": ""unknown"", ""second_timeout_ms"": 300000, ""z3_reason_unknown"": ""canceled""}, {""classification"": ""undecided"", ""elapsed"": 331.1681316625327, ""first_result"": ""sat"", ""first_timeout_ms"": 60000, ""query_count"": 96, ""second_result"": ""unknown"", ""second_timeout_ms"": 300000, ""z3_reason_unknown"": ""canceled""}, {""classification"": ""undecided"", ""elapsed"": 331.4958409871906, ""first_result"": ""sat"", ""first_timeout_ms"": 60000, ""query_count"": 128, ""second_result"": ""unknown"", ""second_timeout_ms"": 300000, ""z3_reason_unknown"": ""canceled""}, {""classification"": ""full_key_unique"", ""elapsed"": 165.65221516229212, ""first_result"": ""sat"", ""first_timeout_ms"": 120000, ""query_count"": 192, ""second_result"": ""unsat"", ""second_timeout_ms"": 600000, ""z3_reason_unknown"": """"}]",sat,unsat,0.023154180496931076,163.38723417371511,99107579bc3c2c3b0d7a8a6fd1573606,99107579bc3c2c3b0d7a8a6fd1573606,,True,sat,False,False,False,,"{""0"": ""fixed"", ""1"": ""fixed"", ""10"": ""fixed"", ""11"": ""fixed"", ""12"": ""fixed"", ""13"": ""fixed"", ""14"": ""fixed"", ""15"": ""fixed"", ""2"": ""fixed"", ""3"": ""fixed"", ""4"": ""fixed"", ""5"": ""fixed"", ""6"": ""fixed"", ""7"": ""fixed"", ""8"": ""fixed"", ""9"": ""fixed""}","{""0"": ""fixed"", ""1"": ""fixed"", ""2"": ""fixed"", ""3"": ""fixed""}","[0, 1, 2, 3, 4, 5, 6, 7, 8, 9, 10, 11, 12, 13, 14, 15]",[],[],False,full_key_unique,True,uf_axiom,
MC_18__MC_84,MC_18,MC_84,MC-MC,1,0,1,0,0,0,0,0,1,0,0,0,late_only,gap_uncovered_structural_cell,MC_18__MC_84,1,192,2,differential,5,"[{""classification"": ""undecided"", ""elapsed"": 330.5575716756284, ""first_result"": ""sat"", ""first_timeout_ms"": 60000, ""query_count"": 32, ""second_result"": ""unknown"", ""second_timeout_ms"": 300000, ""z3_reason_unknown"": ""canceled""}, {""classification"": ""undecided"", ""elapsed"": 330.7256719637662, ""first_result"": ""sat"", ""first_timeout_ms"": 60000, ""query_count"": 64, ""second_result"": ""unknown"", ""second_timeout_ms"": 300000, ""z3_reason_unknown"": ""canceled""}, {""classification"": ""undecided"", ""elapsed"": 331.14539238996804, ""first_result"": ""sat"", ""first_timeout_ms"": 60000, ""query_count"": 96, ""second_result"": ""unknown"", ""second_timeout_ms"": 300000, ""z3_reason_unknown"": ""canceled""}, {""classification"": ""undecided"", ""elapsed"": 331.30298126861453, ""first_result"": ""sat"", ""first_timeout_ms"": 60000, ""query_count"": 128, ""second_result"": ""unknown"", ""second_timeout_ms"": 300000, ""z3_reason_unknown"": ""canceled""}, {""classification"": ""full_key_unique"", ""elapsed"": 214.94460474699736, ""first_result"": ""sat"", ""first_timeout_ms"": 120000, ""query_count"": 192, ""second_result"": ""unsat"", ""second_timeout_ms"": 600000, ""z3_reason_unknown"": """"}]",sat,unsat,0.020165348425507545,213.10704323649406,99107579bc3c2c3b0d7a8a6fd1573606,99107579bc3c2c3b0d7a8a6fd1573606,,True,sat,False,False,False,,"{""0"": ""fixed"", ""1"": ""fixed"", ""10"": ""fixed"", ""11"": ""fixed"", ""12"": ""fixed"", ""13"": ""fixed"", ""14"": ""fixed"", ""15"": ""fixed"", ""2"": ""fixed"", ""3"": ""fixed"", ""4"": ""fixed"", ""5"": ""fixed"", ""6"": ""fixed"", ""7"": ""fixed"", ""8"": ""fixed"", ""9"": ""fixed""}","{""0"": ""fixed"", ""1"": ""fixed"", ""2"": ""fixed"", ""3"": ""fixed""}","[0, 1, 2, 3, 4, 5, 6, 7, 8, 9, 10, 11, 12, 13, 14, 15]",[],[],False,full_key_unique,True,uf_axiom,
MC_83__MC_109,MC_83,MC_109,MC-MC,1,0,0,0,0,0,0,0,0,0,1,0,late_only,gap_uncovered_structural_cell,MC_83__MC_109,2,192,2,differential,5,"[{""classification"": ""undecided"", ""elapsed"": 330.4458536207676, ""first_result"": ""sat"", ""first_timeout_ms"": 60000, ""query_count"": 32, ""second_result"": ""unknown"", ""second_timeout_ms"": 300000, ""z3_reason_unknown"": ""canceled""}, {""classification"": ""undecided"", ""elapsed"": 330.99643596448004, ""first_result"": ""sat"", ""first_timeout_ms"": 60000, ""query_count"": 64, ""second_result"": ""unknown"", ""second_timeout_ms"": 300000, ""z3_reason_unknown"": ""canceled""}, {""classification"": ""undecided"", ""elapsed"": 330.9614060688764, ""first_result"": ""sat"", ""first_timeout_ms"": 60000, ""query_count"": 96, ""second_result"": ""unknown"", ""second_timeout_ms"": 300000, ""z3_reason_unknown"": ""canceled""}, {""classification"": ""undecided"", ""elapsed"": 331.57944306358695, ""first_result"": ""sat"", ""first_timeout_ms"": 60000, ""query_count"": 128, ""second_result"": ""unknown"", ""second_timeout_ms"": 300000, ""z3_reason_unknown"": ""canceled""}, {""classification"": ""full_key_unique"", ""elapsed"": 272.57411004416645, ""first_result"": ""sat"", ""first_timeout_ms"": 120000, ""query_count"": 192, ""second_result"": ""unsat"", ""second_timeout_ms"": 600000, ""z3_reason_unknown"": """"}]",sat,unsat,0.037106024101376534,270.4707641955465,a66f651322597191ab9f8f8af4c2db61,a66f651322597191ab9f8f8af4c2db61,,True,sat,False,False,False,,"{""0"": ""fixed"", ""1"": ""fixed"", ""10"": ""fixed"", ""11"": ""fixed"", ""12"": ""fixed"", ""13"": ""fixed"", ""14"": ""fixed"", ""15"": ""fixed"", ""2"": ""fixed"", ""3"": ""fixed"", ""4"": ""fixed"", ""5"": ""fixed"", ""6"": ""fixed"", ""7"": ""fixed"", ""8"": ""fixed"", ""9"": ""fixed""}","{""0"": ""fixed"", ""1"": ""fixed"", ""2"": ""fixed"", ""3"": ""fixed""}","[0, 1, 2, 3, 4, 5, 6, 7, 8, 9, 10, 11, 12, 13, 14, 15]",[],[],False,full_key_unique,True,uf_axiom,
MC_6__MC_37,MC_6,MC_37,MC-MC,1,0,1,0,0,0,0,0,1,0,0,0,late_only,gap_uncovered_structural_cell,MC_6__MC_37,0,255,2,differential,6,"[{""classification"": ""undecided"", ""elapsed"": 330.5121237002313, ""first_result"": ""sat"", ""first_timeout_ms"": 60000, ""query_count"": 32, ""second_result"": ""unknown"", ""second_timeout_ms"": 300000, ""z3_reason_unknown"": ""canceled""}, {""classification"": ""undecided"", ""elapsed"": 330.9883887451142, ""first_result"": ""sat"", ""first_timeout_ms"": 60000, ""query_count"": 64, ""second_result"": ""unknown"", ""second_timeout_ms"": 300000, ""z3_reason_unknown"": ""canceled""}, {""classification"": ""undecided"", ""elapsed"": 331.47327640093863, ""first_result"": ""sat"", ""first_timeout_ms"": 60000, ""query_count"": 96, ""second_result"": ""unknown"", ""second_timeout_ms"": 300000, ""z3_reason_unknown"": ""canceled""}, {""classification"": ""undecided"", ""elapsed"": 331.3295857962221, ""first_result"": ""sat"", ""first_timeout_ms"": 60000, ""query_count"": 128, ""second_result"": ""unknown"", ""second_timeout_ms"": 300000, ""z3_reason_unknown"": ""canceled""}, {""classification"": ""undecided"", ""elapsed"": 632.2839319594204, ""first_result"": ""sat"", ""first_timeout_ms"": 120000, ""query_count"": 192, ""second_result"": ""unknown"", ""second_timeout_ms"": 600000, ""z3_reason_unknown"": ""canceled""}, {""classification"": ""full_key_unique"", ""elapsed"": 198.90754149109125, ""first_result"": ""sat"", ""first_timeout_ms"": 120000, ""query_count"": 255, ""second_result"": ""unsat"", ""second_timeout_ms"": 1800000, ""z3_reason_unknown"": """"}]",sat,unsat,0.025583459064364433,196.74679803662002,edf43a9a19e4a3f3bf1eec668bd00cf6,edf43a9a19e4a3f3bf1eec668bd00cf6,,True,sat,False,False,False,,"{""0"": ""fixed"", ""1"": ""fixed"", ""10"": ""fixed"", ""11"": ""fixed"", ""12"": ""fixed"", ""13"": ""fixed"", ""14"": ""fixed"", ""15"": ""fixed"", ""2"": ""fixed"", ""3"": ""fixed"", ""4"": ""fixed"", ""5"": ""fixed"", ""6"": ""fixed"", ""7"": ""fixed"", ""8"": ""fixed"", ""9"": ""fixed""}","{""0"": ""fixed"", ""1"": ""fixed"", ""2"": ""fixed"", ""3"": ""fixed""}","[0, 1, 2, 3, 4, 5, 6, 7, 8, 9, 10, 11, 12, 13, 14, 15]",[],[],False,full_key_unique,True,uf_axiom,
MC_76__MC_78,MC_76,MC_78,MC-MC,1,1,1,1,0,0,0,0,0,0,0,0,late_only,gap_uncovered_structural_cell,MC_76__MC_78,0,32,2,differential,1,"[{""classification"": ""ambiguity"", ""elapsed"": 12.407408636063337, ""first_result"": ""sat"", ""first_timeout_ms"": 60000, ""query_count"": 32, ""second_result"": ""sat"", ""second_timeout_ms"": 300000, ""z3_reason_unknown"": """"}]",sat,sat,0.0021338891237974167,10.586803995072842,edf43a9a19e4a3f3bf1eec668bd00cf6,edf43a9a19e4a3f3bf1eec668bd00cf6,d22617a01569a0b6bfb33683e8d02197,True,sat,False,False,False,,"{""0"": ""free"", ""1"": ""free"", ""10"": ""free"", ""11"": ""free"", ""12"": ""free"", ""13"": ""fixed"", ""14"": ""free"", ""15"": ""free"", ""2"": ""free"", ""3"": ""free"", ""4"": ""free"", ""5"": ""free"", ""6"": ""free"", ""7"": ""free"", ""8"": ""fixed"", ""9"": ""free""}","{""0"": ""free"", ""1"": ""free"", ""2"": ""free"", ""3"": ""free""}","[8, 13]","[0, 1, 2, 3, 4, 5, 6, 7, 9, 10, 11, 12, 14, 15]",[],False,ambiguity,False,uf_axiom,
MC_76__MC_78,MC_76,MC_78,MC-MC,1,1,1,1,0,0,0,0,0,0,0,0,late_only,gap_uncovered_structural_cell,MC_76__MC_78,2,32,2,differential,1,"[{""classification"": ""ambiguity"", ""elapsed"": 21.91576011478901, ""first_result"": ""sat"", ""first_timeout_ms"": 60000, ""query_count"": 32, ""second_result"": ""sat"", ""second_timeout_ms"": 300000, ""z3_reason_unknown"": """"}]",sat,sat,0.002010773867368698,13.776351597160101,a66f651322597191ab9f8f8af4c2db61,a66f651322597191ab9f8f8af4c2db61,3bba65fed04536912e7c808397d5ab52,True,sat,False,False,False,,"{""0"": ""free"", ""1"": ""free"", ""10"": ""free"", ""11"": ""free"", ""12"": ""free"", ""13"": ""free"", ""14"": ""free"", ""15"": ""free"", ""2"": ""fixed"", ""3"": ""free"", ""4"": ""free"", ""5"": ""free"", ""6"": ""free"", ""7"": ""fixed"", ""8"": ""free"", ""9"": ""free""}","{""0"": ""free"", ""1"": ""free"", ""2"": ""free"", ""3"": ""free""}","[2, 7]","[0, 1, 3, 4, 5, 6, 8, 9, 10, 11, 12, 13, 14, 15]",[],False,ambiguity,False,uf_axiom,
MC_69__MC_95,MC_69,MC_95,MC-MC,1,0,0,1,0,0,0,0,0,0,0,0,late_only,gap_uncovered_structural_cell,MC_69__MC_95,0,32,2,differential,1,"[{""classification"": ""ambiguity"", ""elapsed"": 31.660903161391616, ""first_result"": ""sat"", ""first_timeout_ms"": 60000, ""query_count"": 32, ""second_result"": ""sat"", ""second_timeout_ms"": 300000, ""z3_reason_unknown"": """"}]",sat,sat,0.002075210213661194,29.05278565734625,edf43a9a19e4a3f3bf1eec668bd00cf6,edf43a9a19e4a3f3bf1eec668bd00cf6,487b348a85408eaabf86cbe800d0a97a,True,sat,False,False,False,,"{""0"": ""free"", ""1"": ""free"", ""10"": ""free"", ""11"": ""free"", ""12"": ""free"", ""13"": ""fixed"", ""14"": ""free"", ""15"": ""free"", ""2"": ""free"", ""3"": ""free"", ""4"": ""free"", ""5"": ""free"", ""6"": ""free"", ""7"": ""free"", ""8"": ""fixed"", ""9"": ""free""}","{""0"": ""free"", ""1"": ""free"", ""2"": ""free"", ""3"": ""free""}","[8, 13]","[0, 1, 2, 3, 4, 5, 6, 7, 9, 10, 11, 12, 14, 15]",[],False,ambiguity,False,uf_axiom,
MC_69__MC_95,MC_69,MC_95,MC-MC,1,0,0,1,0,0,0,0,0,0,0,0,late_only,gap_uncovered_structural_cell,MC_69__MC_95,2,32,2,differential,1,"[{""classification"": ""ambiguity"", ""elapsed"": 32.234826266765594, ""first_result"": ""sat"", ""first_timeout_ms"": 60000, ""query_count"": 32, ""second_result"": ""sat"", ""second_timeout_ms"": 300000, ""z3_reason_unknown"": """"}]",sat,sat,0.0029194094240665436,28.250539172440767,a66f651322597191ab9f8f8af4c2db61,a66f651322597191ab9f8f8af4c2db61,db3a652ade234e9194dddbc494a2df3b,True,sat,False,False,False,,"{""0"": ""free"", ""1"": ""free"", ""10"": ""free"", ""11"": ""free"", ""12"": ""free"", ""13"": ""free"", ""14"": ""free"", ""15"": ""free"", ""2"": ""fixed"", ""3"": ""free"", ""4"": ""free"", ""5"": ""free"", ""6"": ""free"", ""7"": ""fixed"", ""8"": ""free"", ""9"": ""free""}","{""0"": ""free"", ""1"": ""free"", ""2"": ""free"", ""3"": ""free""}","[2, 7]","[0, 1, 3, 4, 5, 6, 8, 9, 10, 11, 12, 13, 14, 15]",[],False,ambiguity,False,uf_axiom,
MC_1__MC_26,MC_1,MC_26,MC-MC,1,0,0,1,0,0,0,0,0,0,0,0,late_only,gap_uncovered_structural_cell,MC_1__MC_26,1,32,2,differential,1,"[{""classification"": ""ambiguity"", ""elapsed"": 52.49845682270825, ""first_result"": ""sat"", ""first_timeout_ms"": 60000, ""query_count"": 32, ""second_result"": ""sat"", ""second_timeout_ms"": 300000, ""z3_reason_unknown"": """"}]",sat,sat,0.001439085230231285,28.237200366333127,99107579bc3c2c3b0d7a8a6fd1573606,99107579bc3c2c3b0d7a8a6fd1573606,004cd4dc563c22ac38b10adf05bb9684,True,sat,False,False,False,,"{""0"": ""free"", ""1"": ""free"", ""10"": ""free"", ""11"": ""free"", ""12"": ""free"", ""13"": ""free"", ""14"": ""free"", ""15"": ""free"", ""2"": ""free"", ""3"": ""free"", ""4"": ""free"", ""5"": ""free"", ""6"": ""free"", ""7"": ""free"", ""8"": ""free"", ""9"": ""free""}","{""0"": ""free"", ""1"": ""free"", ""2"": ""free"", ""3"": ""free""}",[],"[0, 1, 2, 3, 4, 5, 6, 7, 8, 9, 10, 11, 12, 13, 14, 15]",[],False,ambiguity,False,uf_axiom,
MC_1__MC_26,MC_1,MC_26,MC-MC,1,0,0,1,0,0,0,0,0,0,0,0,late_only,gap_uncovered_structural_cell,MC_1__MC_26,0,32,2,differential,1,"[{""classification"": ""ambiguity"", ""elapsed"": 56.33872645534575, ""first_result"": ""sat"", ""first_timeout_ms"": 60000, ""query_count"": 32, ""second_result"": ""sat"", ""second_timeout_ms"": 300000, ""z3_reason_unknown"": """"}]",sat,sat,0.0030790623277425766,55.87201685272157,edf43a9a19e4a3f3bf1eec668bd00cf6,edf43a9a19e4a3f3bf1eec668bd00cf6,5c37208a39184e17f400f4a05ce2580d,True,sat,False,False,False,,"{""0"": ""free"", ""1"": ""free"", ""10"": ""free"", ""11"": ""free"", ""12"": ""free"", ""13"": ""free"", ""14"": ""free"", ""15"": ""free"", ""2"": ""free"", ""3"": ""free"", ""4"": ""free"", ""5"": ""free"", ""6"": ""free"", ""7"": ""free"", ""8"": ""free"", ""9"": ""free""}","{""0"": ""free"", ""1"": ""free"", ""2"": ""free"", ""3"": ""free""}",[],"[0, 1, 2, 3, 4, 5, 6, 7, 8, 9, 10, 11, 12, 13, 14, 15]",[],False,ambiguity,False,uf_axiom,
MC_1__MC_26,MC_1,MC_26,MC-MC,1,0,0,1,0,0,0,0,0,0,0,0,late_only,gap_uncovered_structural_cell,MC_1__MC_26,2,32,2,differential,1,"[{""classification"": ""ambiguity"", ""elapsed"": 78.02919334359467, ""first_result"": ""sat"", ""first_timeout_ms"": 60000, ""query_count"": 32, ""second_result"": ""sat"", ""second_timeout_ms"": 300000, ""z3_reason_unknown"": """"}]",sat,sat,0.0021071992814540863,76.87809735909104,a66f651322597191ab9f8f8af4c2db61,a66f651322597191ab9f8f8af4c2db61,820081346d5903514975423653e015bf,True,sat,False,False,False,,"{""0"": ""free"", ""1"": ""free"", ""10"": ""free"", ""11"": ""free"", ""12"": ""free"", ""13"": ""free"", ""14"": ""free"", ""15"": ""free"", ""2"": ""free"", ""3"": ""free"", ""4"": ""free"", ""5"": ""fixed"", ""6"": ""free"", ""7"": ""free"", ""8"": ""free"", ""9"": ""free""}","{""0"": ""free"", ""1"": ""free"", ""2"": ""free"", ""3"": ""free""}",[5],"[0, 1, 2, 3, 4, 6, 7, 8, 9, 10, 11, 12, 13, 14, 15]",[],False,ambiguity,False,uf_axiom,
MC_69__MC_95,MC_69,MC_95,MC-MC,1,0,0,1,0,0,0,0,0,0,0,0,late_only,gap_uncovered_structural_cell,MC_69__MC_95,1,32,2,differential,1,"[{""classification"": ""ambiguity"", ""elapsed"": 88.37606611661613, ""first_result"": ""sat"", ""first_timeout_ms"": 60000, ""query_count"": 32, ""second_result"": ""sat"", ""second_timeout_ms"": 300000, ""z3_reason_unknown"": """"}]",sat,sat,0.001958755776286125,57.89480000920594,99107579bc3c2c3b0d7a8a6fd1573606,99107579bc3c2c3b0d7a8a6fd1573606,d4e90600cc79056069083b85a6577b4f,True,sat,False,False,False,,"{""0"": ""free"", ""1"": ""free"", ""10"": ""free"", ""11"": ""free"", ""12"": ""free"", ""13"": ""unknown"", ""14"": ""free"", ""15"": ""free"", ""2"": ""free"", ""3"": ""free"", ""4"": ""free"", ""5"": ""free"", ""6"": ""free"", ""7"": ""free"", ""8"": ""free"", ""9"": ""free""}","{""0"": ""free"", ""1"": ""free"", ""2"": ""free"", ""3"": ""free""}",[],"[0, 1, 2, 3, 4, 5, 6, 7, 8, 9, 10, 11, 12, 14, 15]",[13],False,ambiguity,False,uf_axiom,
MC_16__MC_33,MC_16,MC_33,MC-MC,1,0,0,0,0,0,0,0,0,0,1,0,late_only,gap_uncovered_structural_cell,MC_16__MC_33,2,32,2,differential,1,"[{""classification"": ""ambiguity"", ""elapsed"": 91.73574731312692, ""first_result"": ""sat"", ""first_timeout_ms"": 60000, ""query_count"": 32, ""second_result"": ""sat"", ""second_timeout_ms"": 300000, ""z3_reason_unknown"": """"}]",sat,sat,0.0030315350741147995,91.29081453755498,a66f651322597191ab9f8f8af4c2db61,a66f651322597191ab9f8f8af4c2db61,10aa2265e708cd297618340bdbebe8a0,True,sat,False,False,False,,"{""0"": ""free"", ""1"": ""free"", ""10"": ""free"", ""11"": ""free"", ""12"": ""free"", ""13"": ""free"", ""14"": ""free"", ""15"": ""free"", ""2"": ""free"", ""3"": ""free"", ""4"": ""free"", ""5"": ""free"", ""6"": ""free"", ""7"": ""free"", ""8"": ""free"", ""9"": ""free""}","{""0"": ""free"", ""1"": ""free"", ""2"": ""free"", ""3"": ""free""}",[],"[0, 1, 2, 3, 4, 5, 6, 7, 8, 9, 10, 11, 12, 13, 14, 15]",[],False,ambiguity,False,uf_axiom,
MC_6__MC_124,MC_6,MC_124,MC-MC,1,0,0,0,0,0,0,0,0,0,1,0,late_only,gap_uncovered_structural_cell,MC_6__MC_124,0,32,2,differential,1,"[{""classification"": ""ambiguity"", ""elapsed"": 93.52678228355944, ""first_result"": ""sat"", ""first_timeout_ms"": 60000, ""query_count"": 32, ""second_result"": ""sat"", ""second_timeout_ms"": 300000, ""z3_reason_unknown"": """"}]",sat,sat,0.007537145167589188,93.00002944469452,edf43a9a19e4a3f3bf1eec668bd00cf6,edf43a9a19e4a3f3bf1eec668bd00cf6,102a3fed86376b3ab905fb2cf3825bc5,True,sat,False,False,False,,"{""0"": ""free"", ""1"": ""free"", ""10"": ""free"", ""11"": ""free"", ""12"": ""free"", ""13"": ""free"", ""14"": ""free"", ""15"": ""free"", ""2"": ""free"", ""3"": ""free"", ""4"": ""free"", ""5"": ""free"", ""6"": ""free"", ""7"": ""free"", ""8"": ""free"", ""9"": ""free""}","{""0"": ""free"", ""1"": ""free"", ""2"": ""free"", ""3"": ""free""}",[],"[0, 1, 2, 3, 4, 5, 6, 7, 8, 9, 10, 11, 12, 13, 14, 15]",[],False,ambiguity,False,uf_axiom,
MC_76__MC_78,MC_76,MC_78,MC-MC,1,1,1,1,0,0,0,0,0,0,0,0,late_only,gap_uncovered_structural_cell,MC_76__MC_78,1,32,2,differential,1,"[{""classification"": ""ambiguity"", ""elapsed"": 142.29007845558226, ""first_result"": ""sat"", ""first_timeout_ms"": 60000, ""query_count"": 32, ""second_result"": ""sat"", ""second_timeout_ms"": 300000, ""z3_reason_unknown"": """"}]",sat,sat,0.0020259786397218704,141.84410967864096,99107579bc3c2c3b0d7a8a6fd1573606,99107579bc3c2c3b0d7a8a6fd1573606,15ab300002acac921b86d1d4f22f9ee4,True,sat,False,False,False,,"{""0"": ""free"", ""1"": ""free"", ""10"": ""free"", ""11"": ""free"", ""12"": ""free"", ""13"": ""free"", ""14"": ""free"", ""15"": ""free"", ""2"": ""free"", ""3"": ""free"", ""4"": ""free"", ""5"": ""free"", ""6"": ""free"", ""7"": ""free"", ""8"": ""free"", ""9"": ""free""}","{""0"": ""free"", ""1"": ""free"", ""2"": ""free"", ""3"": ""free""}",[],"[0, 1, 2, 3, 4, 5, 6, 7, 8, 9, 10, 11, 12, 13, 14, 15]",[],False,ambiguity,False,uf_axiom,
MC_91__MC_97,MC_91,MC_97,MC-MC,1,0,0,0,0,0,0,0,0,0,1,0,late_only,gap_uncovered_structural_cell,MC_91__MC_97,0,32,2,differential,1,"[{""classification"": ""ambiguity"", ""elapsed"": 226.91812902130187, ""first_result"": ""sat"", ""first_timeout_ms"": 60000, ""query_count"": 32, ""second_result"": ""sat"", ""second_timeout_ms"": 300000, ""z3_reason_unknown"": """"}]",sat,sat,0.003392573446035385,226.41991417109966,edf43a9a19e4a3f3bf1eec668bd00cf6,edf43a9a19e4a3f3bf1eec668bd00cf6,cb436f4f9091c423f4d6ab19153f88ea,True,sat,False,False,False,,"{""0"": ""free"", ""1"": ""free"", ""10"": ""free"", ""11"": ""free"", ""12"": ""free"", ""13"": ""free"", ""14"": ""free"", ""15"": ""free"", ""2"": ""free"", ""3"": ""free"", ""4"": ""free"", ""5"": ""free"", ""6"": ""free"", ""7"": ""free"", ""8"": ""free"", ""9"": ""free""}","{""0"": ""free"", ""1"": ""free"", ""2"": ""free"", ""3"": ""free""}",[],"[0, 1, 2, 3, 4, 5, 6, 7, 8, 9, 10, 11, 12, 13, 14, 15]",[],False,ambiguity,False,uf_axiom,
MC_35__MC_91,MC_35,MC_91,MC-MC,1,0,0,0,1,0,0,0,0,0,1,0,late_only,gap_uncovered_structural_cell,MC_35__MC_91,2,32,2,differential,1,"[{""classification"": ""ambiguity"", ""elapsed"": 280.1527988035232, ""first_result"": ""sat"", ""first_timeout_ms"": 60000, ""query_count"": 32, ""second_result"": ""sat"", ""second_timeout_ms"": 300000, ""z3_reason_unknown"": """"}]",sat,sat,0.0032646115869283676,279.6412520557642,a66f651322597191ab9f8f8af4c2db61,a66f651322597191ab9f8f8af4c2db61,26c082efd231ff2a044c753a0182d5c9,True,sat,False,False,False,,"{""0"": ""free"", ""1"": ""free"", ""10"": ""free"", ""11"": ""free"", ""12"": ""free"", ""13"": ""free"", ""14"": ""free"", ""15"": ""free"", ""2"": ""free"", ""3"": ""free"", ""4"": ""free"", ""5"": ""free"", ""6"": ""free"", ""7"": ""free"", ""8"": ""free"", ""9"": ""free""}","{""0"": ""free"", ""1"": ""free"", ""2"": ""free"", ""3"": ""free""}",[],"[0, 1, 2, 3, 4, 5, 6, 7, 8, 9, 10, 11, 12, 13, 14, 15]",[],False,ambiguity,False,uf_axiom,
MC_91__MC_97,MC_91,MC_97,MC-MC,1,0,0,0,0,0,0,0,0,0,1,0,late_only,gap_uncovered_structural_cell,MC_91__MC_97,2,32,2,differential,1,"[{""classification"": ""ambiguity"", ""elapsed"": 290.97680918872356, ""first_result"": ""sat"", ""first_timeout_ms"": 60000, ""query_count"": 32, ""second_result"": ""sat"", ""second_timeout_ms"": 300000, ""z3_reason_unknown"": """"}]",sat,sat,0.003302263095974922,290.4953190609813,a66f651322597191ab9f8f8af4c2db61,a66f651322597191ab9f8f8af4c2db61,7eac94d16092821e4b22c400c16716d8,True,sat,False,False,False,,"{""0"": ""free"", ""1"": ""free"", ""10"": ""free"", ""11"": ""free"", ""12"": ""free"", ""13"": ""free"", ""14"": ""free"", ""15"": ""free"", ""2"": ""free"", ""3"": ""free"", ""4"": ""free"", ""5"": ""free"", ""6"": ""free"", ""7"": ""free"", ""8"": ""free"", ""9"": ""free""}","{""0"": ""free"", ""1"": ""free"", ""2"": ""free"", ""3"": ""free""}",[],"[0, 1, 2, 3, 4, 5, 6, 7, 8, 9, 10, 11, 12, 13, 14, 15]",[],False,ambiguity,False,uf_axiom,
MC_14__MC_62,MC_14,MC_62,MC-MC,1,0,0,0,1,0,0,0,0,0,1,0,late_only,gap_uncovered_structural_cell,MC_14__MC_62,0,32,2,differential,1,"[{""classification"": ""ambiguity"", ""elapsed"": 296.94118655472994, ""first_result"": ""sat"", ""first_timeout_ms"": 60000, ""query_count"": 32, ""second_result"": ""sat"", ""second_timeout_ms"": 300000, ""z3_reason_unknown"": """"}]",sat,sat,0.003093671053647995,296.4588123075664,edf43a9a19e4a3f3bf1eec668bd00cf6,edf43a9a19e4a3f3bf1eec668bd00cf6,65130084d11def14fae27cce39d502c5,True,sat,False,False,False,,"{""0"": ""free"", ""1"": ""free"", ""10"": ""free"", ""11"": ""free"", ""12"": ""free"", ""13"": ""free"", ""14"": ""free"", ""15"": ""free"", ""2"": ""free"", ""3"": ""free"", ""4"": ""free"", ""5"": ""free"", ""6"": ""free"", ""7"": ""free"", ""8"": ""free"", ""9"": ""free""}","{""0"": ""free"", ""1"": ""free"", ""2"": ""free"", ""3"": ""free""}",[],"[0, 1, 2, 3, 4, 5, 6, 7, 8, 9, 10, 11, 12, 13, 14, 15]",[],False,ambiguity,False,uf_axiom,
MC_11__MC_66,MC_11,MC_66,MC-MC,1,0,0,0,0,0,0,0,0,0,1,0,late_only,gap_uncovered_structural_cell,MC_11__MC_66,2,96,2,differential,3,"[{""classification"": ""undecided"", ""elapsed"": 330.47815513424575, ""first_result"": ""sat"", ""first_timeout_ms"": 60000, ""query_count"": 32, ""second_result"": ""unknown"", ""second_timeout_ms"": 300000, ""z3_reason_unknown"": ""canceled""}, {""classification"": ""undecided"", ""elapsed"": 330.8141217138618, ""first_result"": ""sat"", ""first_timeout_ms"": 60000, ""query_count"": 64, ""second_result"": ""unknown"", ""second_timeout_ms"": 300000, ""z3_reason_unknown"": ""canceled""}, {""classification"": ""full_key_unique"", ""elapsed"": 68.89139542169869, ""first_result"": ""sat"", ""first_timeout_ms"": 60000, ""query_count"": 96, ""second_result"": ""unsat"", ""second_timeout_ms"": 300000, ""z3_reason_unknown"": """"}]",sat,unsat,0.010873774066567421,67.66030364483595,a66f651322597191ab9f8f8af4c2db61,a66f651322597191ab9f8f8af4c2db61,,True,sat,False,False,False,,"{""0"": ""fixed"", ""1"": ""fixed"", ""10"": ""fixed"", ""11"": ""fixed"", ""12"": ""fixed"", ""13"": ""fixed"", ""14"": ""fixed"", ""15"": ""fixed"", ""2"": ""fixed"", ""3"": ""fixed"", ""4"": ""fixed"", ""5"": ""fixed"", ""6"": ""fixed"", ""7"": ""fixed"", ""8"": ""fixed"", ""9"": ""fixed""}","{""0"": ""fixed"", ""1"": ""fixed"", ""2"": ""fixed"", ""3"": ""fixed""}","[0, 1, 2, 3, 4, 5, 6, 7, 8, 9, 10, 11, 12, 13, 14, 15]",[],[],False,full_key_unique,True,uf_axiom,
MC_16__MC_33,MC_16,MC_33,MC-MC,1,0,0,0,0,0,0,0,0,0,1,0,late_only,gap_uncovered_structural_cell,MC_16__MC_33,1,96,2,differential,3,"[{""classification"": ""undecided"", ""elapsed"": 330.51131841540337, ""first_result"": ""sat"", ""first_timeout_ms"": 60000, ""query_count"": 32, ""second_result"": ""unknown"", ""second_timeout_ms"": 300000, ""z3_reason_unknown"": ""canceled""}, {""classification"": ""undecided"", ""elapsed"": 330.8023749832064, ""first_result"": ""sat"", ""first_timeout_ms"": 60000, ""query_count"": 64, ""second_result"": ""unknown"", ""second_timeout_ms"": 300000, ""z3_reason_unknown"": ""canceled""}, {""classification"": ""full_key_unique"", ""elapsed"": 93.33838945440948, ""first_result"": ""sat"", ""first_timeout_ms"": 60000, ""query_count"": 96, ""second_result"": ""unsat"", ""second_timeout_ms"": 300000, ""z3_reason_unknown"": """"}]",sat,unsat,0.009589394554495811,92.20161737501621,99107579bc3c2c3b0d7a8a6fd1573606,99107579bc3c2c3b0d7a8a6fd1573606,,True,sat,False,False,False,,"{""0"": ""fixed"", ""1"": ""fixed"", ""10"": ""fixed"", ""11"": ""fixed"", ""12"": ""fixed"", ""13"": ""fixed"", ""14"": ""fixed"", ""15"": ""fixed"", ""2"": ""fixed"", ""3"": ""fixed"", ""4"": ""fixed"", ""5"": ""fixed"", ""6"": ""fixed"", ""7"": ""fixed"", ""8"": ""fixed"", ""9"": ""fixed""}","{""0"": ""fixed"", ""1"": ""fixed"", ""2"": ""fixed"", ""3"": ""fixed""}","[0, 1, 2, 3, 4, 5, 6, 7, 8, 9, 10, 11, 12, 13, 14, 15]",[],[],False,full_key_unique,True,uf_axiom,
MC_35__MC_91,MC_35,MC_91,MC-MC,1,0,0,0,1,0,0,0,0,0,1,0,late_only,gap_uncovered_structural_cell,MC_35__MC_91,1,96,2,differential,3,"[{""classification"": ""undecided"", ""elapsed"": 330.589712459594, ""first_result"": ""sat"", ""first_timeout_ms"": 60000, ""query_count"": 32, ""second_result"": ""unknown"", ""second_timeout_ms"": 300000, ""z3_reason_unknown"": ""canceled""}, {""classification"": ""undecided"", ""elapsed"": 330.8760385196656, ""first_result"": ""sat"", ""first_timeout_ms"": 60000, ""query_count"": 64, ""second_result"": ""unknown"", ""second_timeout_ms"": 300000, ""z3_reason_unknown"": ""canceled""}, {""classification"": ""full_key_unique"", ""elapsed"": 153.31264595501125, ""first_result"": ""sat"", ""first_timeout_ms"": 60000, ""query_count"": 96, ""second_result"": ""unsat"", ""second_timeout_ms"": 300000, ""z3_reason_unknown"": """"}]",sat,unsat,0.008685117587447166,152.1728285215795,99107579bc3c2c3b0d7a8a6fd1573606,99107579bc3c2c3b0d7a8a6fd1573606,,True,sat,False,False,False,,"{""0"": ""fixed"", ""1"": ""fixed"", ""10"": ""fixed"", ""11"": ""fixed"", ""12"": ""fixed"", ""13"": ""fixed"", ""14"": ""fixed"", ""15"": ""fixed"", ""2"": ""fixed"", ""3"": ""fixed"", ""4"": ""fixed"", ""5"": ""fixed"", ""6"": ""fixed"", ""7"": ""fixed"", ""8"": ""fixed"", ""9"": ""fixed""}","{""0"": ""fixed"", ""1"": ""fixed"", ""2"": ""fixed"", ""3"": ""fixed""}","[0, 1, 2, 3, 4, 5, 6, 7, 8, 9, 10, 11, 12, 13, 14, 15]",[],[],False,full_key_unique,True,uf_axiom,
MC_35__MC_91,MC_35,MC_91,MC-MC,1,0,0,0,1,0,0,0,0,0,1,0,late_only,gap_uncovered_structural_cell,MC_35__MC_91,0,96,2,differential,3,"[{""classification"": ""undecided"", ""elapsed"": 330.71692431904376, ""first_result"": ""sat"", ""first_timeout_ms"": 60000, ""query_count"": 32, ""second_result"": ""unknown"", ""second_timeout_ms"": 300000, ""z3_reason_unknown"": ""canceled""}, {""classification"": ""undecided"", ""elapsed"": 330.8359156437218, ""first_result"": ""sat"", ""first_timeout_ms"": 60000, ""query_count"": 64, ""second_result"": ""unknown"", ""second_timeout_ms"": 300000, ""z3_reason_unknown"": ""canceled""}, {""classification"": ""full_key_unique"", ""elapsed"": 207.90600619651377, ""first_result"": ""sat"", ""first_timeout_ms"": 60000, ""query_count"": 96, ""second_result"": ""unsat"", ""second_timeout_ms"": 300000, ""z3_reason_unknown"": """"}]",sat,unsat,0.007667034864425659,206.89589704200625,edf43a9a19e4a3f3bf1eec668bd00cf6,edf43a9a19e4a3f3bf1eec668bd00cf6,,True,sat,False,False,False,,"{""0"": ""fixed"", ""1"": ""fixed"", ""10"": ""fixed"", ""11"": ""fixed"", ""12"": ""fixed"", ""13"": ""fixed"", ""14"": ""fixed"", ""15"": ""fixed"", ""2"": ""fixed"", ""3"": ""fixed"", ""4"": ""fixed"", ""5"": ""fixed"", ""6"": ""fixed"", ""7"": ""fixed"", ""8"": ""fixed"", ""9"": ""fixed""}","{""0"": ""fixed"", ""1"": ""fixed"", ""2"": ""fixed"", ""3"": ""fixed""}","[0, 1, 2, 3, 4, 5, 6, 7, 8, 9, 10, 11, 12, 13, 14, 15]",[],[],False,full_key_unique,True,uf_axiom,
MC_11__MC_66,MC_11,MC_66,MC-MC,1,0,0,0,0,0,0,0,0,0,1,0,late_only,gap_uncovered_structural_cell,MC_11__MC_66,1,96,2,differential,3,"[{""classification"": ""undecided"", ""elapsed"": 330.4528430812061, ""first_result"": ""sat"", ""first_timeout_ms"": 60000, ""query_count"": 32, ""second_result"": ""unknown"", ""second_timeout_ms"": 300000, ""z3_reason_unknown"": ""canceled""}, {""classification"": ""undecided"", ""elapsed"": 330.89742359146476, ""first_result"": ""sat"", ""first_timeout_ms"": 60000, ""query_count"": 64, ""second_result"": ""unknown"", ""second_timeout_ms"": 300000, ""z3_reason_unknown"": ""canceled""}, {""classification"": ""full_key_unique"", ""elapsed"": 263.6728312019259, ""first_result"": ""sat"", ""first_timeout_ms"": 60000, ""query_count"": 96, ""second_result"": ""unsat"", ""second_timeout_ms"": 300000, ""z3_reason_unknown"": """"}]",sat,unsat,0.006901286542415619,262.56792761199176,99107579bc3c2c3b0d7a8a6fd1573606,99107579bc3c2c3b0d7a8a6fd1573606,,True,sat,False,False,False,,"{""0"": ""fixed"", ""1"": ""fixed"", ""10"": ""fixed"", ""11"": ""fixed"", ""12"": ""fixed"", ""13"": ""fixed"", ""14"": ""fixed"", ""15"": ""fixed"", ""2"": ""fixed"", ""3"": ""fixed"", ""4"": ""fixed"", ""5"": ""fixed"", ""6"": ""fixed"", ""7"": ""fixed"", ""8"": ""fixed"", ""9"": ""fixed""}","{""0"": ""fixed"", ""1"": ""fixed"", ""2"": ""fixed"", ""3"": ""fixed""}","[0, 1, 2, 3, 4, 5, 6, 7, 8, 9, 10, 11, 12, 13, 14, 15]",[],[],False,full_key_unique,True,uf_axiom,
MC_91__MC_97,MC_91,MC_97,MC-MC,1,0,0,0,0,0,0,0,0,0,1,0,late_only,gap_uncovered_structural_cell,MC_91__MC_97,1,128,2,differential,4,"[{""classification"": ""undecided"", ""elapsed"": 330.4933434613049, ""first_result"": ""sat"", ""first_timeout_ms"": 60000, ""query_count"": 32, ""second_result"": ""unknown"", ""second_timeout_ms"": 300000, ""z3_reason_unknown"": ""canceled""}, {""classification"": ""undecided"", ""elapsed"": 330.71846899203956, ""first_result"": ""sat"", ""first_timeout_ms"": 60000, ""query_count"": 64, ""second_result"": ""unknown"", ""second_timeout_ms"": 300000, ""z3_reason_unknown"": ""canceled""}, {""classification"": ""undecided"", ""elapsed"": 330.9590774457902, ""first_result"": ""sat"", ""first_timeout_ms"": 60000, ""query_count"": 96, ""second_result"": ""unknown"", ""second_timeout_ms"": 300000, ""z3_reason_unknown"": ""canceled""}, {""classification"": ""full_key_unique"", ""elapsed"": 67.2008479423821, ""first_result"": ""sat"", ""first_timeout_ms"": 60000, ""query_count"": 128, ""second_result"": ""unsat"", ""second_timeout_ms"": 300000, ""z3_reason_unknown"": """"}]",sat,unsat,0.010330872610211372,65.85796192847192,99107579bc3c2c3b0d7a8a6fd1573606,99107579bc3c2c3b0d7a8a6fd1573606,,True,sat,False,False,False,,"{""0"": ""fixed"", ""1"": ""fixed"", ""10"": ""fixed"", ""11"": ""fixed"", ""12"": ""fixed"", ""13"": ""fixed"", ""14"": ""fixed"", ""15"": ""fixed"", ""2"": ""fixed"", ""3"": ""fixed"", ""4"": ""fixed"", ""5"": ""fixed"", ""6"": ""fixed"", ""7"": ""fixed"", ""8"": ""fixed"", ""9"": ""fixed""}","{""0"": ""fixed"", ""1"": ""fixed"", ""2"": ""fixed"", ""3"": ""fixed""}","[0, 1, 2, 3, 4, 5, 6, 7, 8, 9, 10, 11, 12, 13, 14, 15]",[],[],False,full_key_unique,True,uf_axiom,
MC_14__MC_62,MC_14,MC_62,MC-MC,1,0,0,0,1,0,0,0,0,0,1,0,late_only,gap_uncovered_structural_cell,MC_14__MC_62,2,128,2,differential,4,"[{""classification"": ""undecided"", ""elapsed"": 330.5929838344455, ""first_result"": ""sat"", ""first_timeout_ms"": 60000, ""query_count"": 32, ""second_result"": ""unknown"", ""second_timeout_ms"": 300000, ""z3_reason_unknown"": ""canceled""}, {""classification"": ""undecided"", ""elapsed"": 330.97418507002294, ""first_result"": ""sat"", ""first_timeout_ms"": 60000, ""query_count"": 64, ""second_result"": ""unknown"", ""second_timeout_ms"": 300000, ""z3_reason_unknown"": ""canceled""}, {""classification"": ""undecided"", ""elapsed"": 331.3812029156834, ""first_result"": ""sat"", ""first_timeout_ms"": 60000, ""query_count"": 96, ""second_result"": ""unknown"", ""second_timeout_ms"": 300000, ""z3_reason_unknown"": ""canceled""}, {""classification"": ""full_key_unique"", ""elapsed"": 147.7301254849881, ""first_result"": ""sat"", ""first_timeout_ms"": 60000, ""query_count"": 128, ""second_result"": ""unsat"", ""second_timeout_ms"": 300000, ""z3_reason_unknown"": """"}]",sat,unsat,0.00964762270450592,146.34491967968643,a66f651322597191ab9f8f8af4c2db61,a66f651322597191ab9f8f8af4c2db61,,True,sat,False,False,False,,"{""0"": ""fixed"", ""1"": ""fixed"", ""10"": ""fixed"", ""11"": ""fixed"", ""12"": ""fixed"", ""13"": ""fixed"", ""14"": ""fixed"", ""15"": ""fixed"", ""2"": ""fixed"", ""3"": ""fixed"", ""4"": ""fixed"", ""5"": ""fixed"", ""6"": ""fixed"", ""7"": ""fixed"", ""8"": ""fixed"", ""9"": ""fixed""}","{""0"": ""fixed"", ""1"": ""fixed"", ""2"": ""fixed"", ""3"": ""fixed""}","[0, 1, 2, 3, 4, 5, 6, 7, 8, 9, 10, 11, 12, 13, 14, 15]",[],[],False,full_key_unique,True,uf_axiom,
MC_14__MC_62,MC_14,MC_62,MC-MC,1,0,0,0,1,0,0,0,0,0,1,0,late_only,gap_uncovered_structural_cell,MC_14__MC_62,1,128,2,differential,4,"[{""classification"": ""undecided"", ""elapsed"": 330.48454060032964, ""first_result"": ""sat"", ""first_timeout_ms"": 60000, ""query_count"": 32, ""second_result"": ""unknown"", ""second_timeout_ms"": 300000, ""z3_reason_unknown"": ""canceled""}, {""classification"": ""undecided"", ""elapsed"": 330.7722891718149, ""first_result"": ""sat"", ""first_timeout_ms"": 60000, ""query_count"": 64, ""second_result"": ""unknown"", ""second_timeout_ms"": 300000, ""z3_reason_unknown"": ""canceled""}, {""classification"": ""undecided"", ""elapsed"": 330.9412571992725, ""first_result"": ""sat"", ""first_timeout_ms"": 60000, ""query_count"": 96, ""second_result"": ""unknown"", ""second_timeout_ms"": 300000, ""z3_reason_unknown"": ""canceled""}, {""classification"": ""full_key_unique"", ""elapsed"": 251.10405655391514, ""first_result"": ""sat"", ""first_timeout_ms"": 60000, ""query_count"": 128, ""second_result"": ""unsat"", ""second_timeout_ms"": 300000, ""z3_reason_unknown"": """"}]",sat,unsat,0.011458737775683403,249.87448427267373,99107579bc3c2c3b0d7a8a6fd1573606,99107579bc3c2c3b0d7a8a6fd1573606,,True,sat,False,False,False,,"{""0"": ""fixed"", ""1"": ""fixed"", ""10"": ""fixed"", ""11"": ""fixed"", ""12"": ""fixed"", ""13"": ""fixed"", ""14"": ""fixed"", ""15"": ""fixed"", ""2"": ""fixed"", ""3"": ""fixed"", ""4"": ""fixed"", ""5"": ""fixed"", ""6"": ""fixed"", ""7"": ""fixed"", ""8"": ""fixed"", ""9"": ""fixed""}","{""0"": ""fixed"", ""1"": ""fixed"", ""2"": ""fixed"", ""3"": ""fixed""}","[0, 1, 2, 3, 4, 5, 6, 7, 8, 9, 10, 11, 12, 13, 14, 15]",[],[],False,full_key_unique,True,uf_axiom,
MC_16__MC_33,MC_16,MC_33,MC-MC,1,0,0,0,0,0,0,0,0,0,1,0,late_only,gap_uncovered_structural_cell,MC_16__MC_33,0,128,2,differential,4,"[{""classification"": ""undecided"", ""elapsed"": 330.47998037934303, ""first_result"": ""sat"", ""first_timeout_ms"": 60000, ""query_count"": 32, ""second_result"": ""unknown"", ""second_timeout_ms"": 300000, ""z3_reason_unknown"": ""canceled""}, {""classification"": ""undecided"", ""elapsed"": 330.9600197672844, ""first_result"": ""sat"", ""first_timeout_ms"": 60000, ""query_count"": 64, ""second_result"": ""unknown"", ""second_timeout_ms"": 300000, ""z3_reason_unknown"": ""canceled""}, {""classification"": ""undecided"", ""elapsed"": 331.259579943493, ""first_result"": ""sat"", ""first_timeout_ms"": 60000, ""query_count"": 96, ""second_result"": ""unknown"", ""second_timeout_ms"": 300000, ""z3_reason_unknown"": ""canceled""}, {""classification"": ""full_key_unique"", ""elapsed"": 286.14938161335886, ""first_result"": ""sat"", ""first_timeout_ms"": 60000, ""query_count"": 128, ""second_result"": ""unsat"", ""second_timeout_ms"": 300000, ""z3_reason_unknown"": """"}]",sat,unsat,0.009534439072012901,284.7577907945961,edf43a9a19e4a3f3bf1eec668bd00cf6,edf43a9a19e4a3f3bf1eec668bd00cf6,,True,sat,False,False,False,,"{""0"": ""fixed"", ""1"": ""fixed"", ""10"": ""fixed"", ""11"": ""fixed"", ""12"": ""fixed"", ""13"": ""fixed"", ""14"": ""fixed"", ""15"": ""fixed"", ""2"": ""fixed"", ""3"": ""fixed"", ""4"": ""fixed"", ""5"": ""fixed"", ""6"": ""fixed"", ""7"": ""fixed"", ""8"": ""fixed"", ""9"": ""fixed""}","{""0"": ""fixed"", ""1"": ""fixed"", ""2"": ""fixed"", ""3"": ""fixed""}","[0, 1, 2, 3, 4, 5, 6, 7, 8, 9, 10, 11, 12, 13, 14, 15]",[],[],False,full_key_unique,True,uf_axiom,
MC_6__MC_124,MC_6,MC_124,MC-MC,1,0,0,0,0,0,0,0,0,0,1,0,late_only,gap_uncovered_structural_cell,MC_6__MC_124,1,192,2,differential,5,"[{""classification"": ""undecided"", ""elapsed"": 330.45605488307774, ""first_result"": ""sat"", ""first_timeout_ms"": 60000, ""query_count"": 32, ""second_result"": ""unknown"", ""second_timeout_ms"": 300000, ""z3_reason_unknown"": ""canceled""}, {""classification"": ""undecided"", ""elapsed"": 330.90469894744456, ""first_result"": ""sat"", ""first_timeout_ms"": 60000, ""query_count"": 64, ""second_result"": ""unknown"", ""second_timeout_ms"": 300000, ""z3_reason_unknown"": ""canceled""}, {""classification"": ""undecided"", ""elapsed"": 331.1570703778416, ""first_result"": ""sat"", ""first_timeout_ms"": 60000, ""query_count"": 96, ""second_result"": ""unknown"", ""second_timeout_ms"": 300000, ""z3_reason_unknown"": ""canceled""}, {""classification"": ""undecided"", ""elapsed"": 331.31864410825074, ""first_result"": ""sat"", ""first_timeout_ms"": 60000, ""query_count"": 128, ""second_result"": ""unknown"", ""second_timeout_ms"": 300000, ""z3_reason_unknown"": ""canceled""}, {""classification"": ""full_key_unique"", ""elapsed"": 125.87553662620485, ""first_result"": ""sat"", ""first_timeout_ms"": 120000, ""query_count"": 192, ""second_result"": ""unsat"", ""second_timeout_ms"": 600000, ""z3_reason_unknown"": """"}]",sat,unsat,0.01755724661052227,123.78108939528465,99107579bc3c2c3b0d7a8a6fd1573606,99107579bc3c2c3b0d7a8a6fd1573606,,True,sat,False,False,False,,"{""0"": ""fixed"", ""1"": ""fixed"", ""10"": ""fixed"", ""11"": ""fixed"", ""12"": ""fixed"", ""13"": ""fixed"", ""14"": ""fixed"", ""15"": ""fixed"", ""2"": ""fixed"", ""3"": ""fixed"", ""4"": ""fixed"", ""5"": ""fixed"", ""6"": ""fixed"", ""7"": ""fixed"", ""8"": ""fixed"", ""9"": ""fixed""}","{""0"": ""fixed"", ""1"": ""fixed"", ""2"": ""fixed"", ""3"": ""fixed""}","[0, 1, 2, 3, 4, 5, 6, 7, 8, 9, 10, 11, 12, 13, 14, 15]",[],[],False,full_key_unique,True,uf_axiom,
MC_57__MC_98,MC_57,MC_98,MC-MC,1,0,0,0,0,0,0,0,0,0,1,0,late_only,gap_uncovered_structural_cell,MC_57__MC_98,1,192,2,differential,5,"[{""classification"": ""undecided"", ""elapsed"": 330.470188729465, ""first_result"": ""sat"", ""first_timeout_ms"": 60000, ""query_count"": 32, ""second_result"": ""unknown"", ""second_timeout_ms"": 300000, ""z3_reason_unknown"": ""canceled""}, {""classification"": ""undecided"", ""elapsed"": 330.73529279604554, ""first_result"": ""sat"", ""first_timeout_ms"": 60000, ""query_count"": 64, ""second_result"": ""unknown"", ""second_timeout_ms"": 300000, ""z3_reason_unknown"": ""canceled""}, {""classification"": ""undecided"", ""elapsed"": 331.1355716884136, ""first_result"": ""sat"", ""first_timeout_ms"": 60000, ""query_count"": 96, ""second_result"": ""unknown"", ""second_timeout_ms"": 300000, ""z3_reason_unknown"": ""canceled""}, {""classification"": ""undecided"", ""elapsed"": 331.56893554888666, ""first_result"": ""sat"", ""first_timeout_ms"": 60000, ""query_count"": 128, ""second_result"": ""unknown"", ""second_timeout_ms"": 300000, ""z3_reason_unknown"": ""canceled""}, {""classification"": ""full_key_unique"", ""elapsed"": 216.56696765311062, ""first_result"": ""sat"", ""first_timeout_ms"": 120000, ""query_count"": 192, ""second_result"": ""unsat"", ""second_timeout_ms"": 600000, ""z3_reason_unknown"": """"}]",sat,unsat,0.01788269728422165,214.3370423540473,99107579bc3c2c3b0d7a8a6fd1573606,99107579bc3c2c3b0d7a8a6fd1573606,,True,sat,False,False,False,,"{""0"": ""fixed"", ""1"": ""fixed"", ""10"": ""fixed"", ""11"": ""fixed"", ""12"": ""fixed"", ""13"": ""fixed"", ""14"": ""fixed"", ""15"": ""fixed"", ""2"": ""fixed"", ""3"": ""fixed"", ""4"": ""fixed"", ""5"": ""fixed"", ""6"": ""fixed"", ""7"": ""fixed"", ""8"": ""fixed"", ""9"": ""fixed""}","{""0"": ""fixed"", ""1"": ""fixed"", ""2"": ""fixed"", ""3"": ""fixed""}","[0, 1, 2, 3, 4, 5, 6, 7, 8, 9, 10, 11, 12, 13, 14, 15]",[],[],False,full_key_unique,True,uf_axiom,
MC_57__MC_98,MC_57,MC_98,MC-MC,1,0,0,0,0,0,0,0,0,0,1,0,late_only,gap_uncovered_structural_cell,MC_57__MC_98,2,192,2,differential,5,"[{""classification"": ""undecided"", ""elapsed"": 330.44994205608964, ""first_result"": ""sat"", ""first_timeout_ms"": 60000, ""query_count"": 32, ""second_result"": ""unknown"", ""second_timeout_ms"": 300000, ""z3_reason_unknown"": ""canceled""}, {""classification"": ""undecided"", ""elapsed"": 330.86025466769934, ""first_result"": ""sat"", ""first_timeout_ms"": 60000, ""query_count"": 64, ""second_result"": ""unknown"", ""second_timeout_ms"": 300000, ""z3_reason_unknown"": ""canceled""}, {""classification"": ""undecided"", ""elapsed"": 331.2229506354779, ""first_result"": ""sat"", ""first_timeout_ms"": 60000, ""query_count"": 96, ""second_result"": ""unknown"", ""second_timeout_ms"": 300000, ""z3_reason_unknown"": ""canceled""}, {""classification"": ""undecided"", ""elapsed"": 331.4805464744568, ""first_result"": ""sat"", ""first_timeout_ms"": 60000, ""query_count"": 128, ""second_result"": ""unknown"", ""second_timeout_ms"": 300000, ""z3_reason_unknown"": ""canceled""}, {""classification"": ""full_key_unique"", ""elapsed"": 223.9283467847854, ""first_result"": ""sat"", ""first_timeout_ms"": 120000, ""query_count"": 192, ""second_result"": ""unsat"", ""second_timeout_ms"": 600000, ""z3_reason_unknown"": """"}]",sat,unsat,0.01877000369131565,221.57601087912917,a66f651322597191ab9f8f8af4c2db61,a66f651322597191ab9f8f8af4c2db61,,True,sat,False,False,False,,"{""0"": ""fixed"", ""1"": ""fixed"", ""10"": ""fixed"", ""11"": ""fixed"", ""12"": ""fixed"", ""13"": ""fixed"", ""14"": ""fixed"", ""15"": ""fixed"", ""2"": ""fixed"", ""3"": ""fixed"", ""4"": ""fixed"", ""5"": ""fixed"", ""6"": ""fixed"", ""7"": ""fixed"", ""8"": ""fixed"", ""9"": ""fixed""}","{""0"": ""fixed"", ""1"": ""fixed"", ""2"": ""fixed"", ""3"": ""fixed""}","[0, 1, 2, 3, 4, 5, 6, 7, 8, 9, 10, 11, 12, 13, 14, 15]",[],[],False,full_key_unique,True,uf_axiom,
MC_6__MC_124,MC_6,MC_124,MC-MC,1,0,0,0,0,0,0,0,0,0,1,0,late_only,gap_uncovered_structural_cell,MC_6__MC_124,2,192,2,differential,5,"[{""classification"": ""undecided"", ""elapsed"": 330.454832945019, ""first_result"": ""sat"", ""first_timeout_ms"": 60000, ""query_count"": 32, ""second_result"": ""unknown"", ""second_timeout_ms"": 300000, ""z3_reason_unknown"": ""canceled""}, {""classification"": ""undecided"", ""elapsed"": 330.9816743694246, ""first_result"": ""sat"", ""first_timeout_ms"": 60000, ""query_count"": 64, ""second_result"": ""unknown"", ""second_timeout_ms"": 300000, ""z3_reason_unknown"": ""canceled""}, {""classification"": ""undecided"", ""elapsed"": 331.08897221647203, ""first_result"": ""sat"", ""first_timeout_ms"": 60000, ""query_count"": 96, ""second_result"": ""unknown"", ""second_timeout_ms"": 300000, ""z3_reason_unknown"": ""canceled""}, {""classification"": ""undecided"", ""elapsed"": 331.3127606846392, ""first_result"": ""sat"", ""first_timeout_ms"": 60000, ""query_count"": 128, ""second_result"": ""unknown"", ""second_timeout_ms"": 300000, ""z3_reason_unknown"": ""canceled""}, {""classification"": ""full_key_unique"", ""elapsed"": 235.94612010382116, ""first_result"": ""sat"", ""first_timeout_ms"": 120000, ""query_count"": 192, ""second_result"": ""unsat"", ""second_timeout_ms"": 600000, ""z3_reason_unknown"": """"}]",sat,unsat,0.0193331241607666,234.01558681204915,a66f651322597191ab9f8f8af4c2db61,a66f651322597191ab9f8f8af4c2db61,,True,sat,False,False,False,,"{""0"": ""fixed"", ""1"": ""fixed"", ""10"": ""fixed"", ""11"": ""fixed"", ""12"": ""fixed"", ""13"": ""fixed"", ""14"": ""fixed"", ""15"": ""fixed"", ""2"": ""fixed"", ""3"": ""fixed"", ""4"": ""fixed"", ""5"": ""fixed"", ""6"": ""fixed"", ""7"": ""fixed"", ""8"": ""fixed"", ""9"": ""fixed""}","{""0"": ""fixed"", ""1"": ""fixed"", ""2"": ""fixed"", ""3"": ""fixed""}","[0, 1, 2, 3, 4, 5, 6, 7, 8, 9, 10, 11, 12, 13, 14, 15]",[],[],False,full_key_unique,True,uf_axiom,
MC_11__MC_66,MC_11,MC_66,MC-MC,1,0,0,0,0,0,0,0,0,0,1,0,late_only,gap_uncovered_structural_cell,MC_11__MC_66,0,192,2,differential,5,"[{""classification"": ""undecided"", ""elapsed"": 330.4642490763217, ""first_result"": ""sat"", ""first_timeout_ms"": 60000, ""query_count"": 32, ""second_result"": ""unknown"", ""second_timeout_ms"": 300000, ""z3_reason_unknown"": ""canceled""}, {""classification"": ""undecided"", ""elapsed"": 331.2679328881204, ""first_result"": ""sat"", ""first_timeout_ms"": 60000, ""query_count"": 64, ""second_result"": ""unknown"", ""second_timeout_ms"": 300000, ""z3_reason_unknown"": ""canceled""}, {""classification"": ""undecided"", ""elapsed"": 331.73028767853975, ""first_result"": ""sat"", ""first_timeout_ms"": 60000, ""query_count"": 96, ""second_result"": ""unknown"", ""second_timeout_ms"": 300000, ""z3_reason_unknown"": ""canceled""}, {""classification"": ""undecided"", ""elapsed"": 331.84646641649306, ""first_result"": ""sat"", ""first_timeout_ms"": 60000, ""query_count"": 128, ""second_result"": ""unknown"", ""second_timeout_ms"": 300000, ""z3_reason_unknown"": ""canceled""}, {""classification"": ""full_key_unique"", ""elapsed"": 266.31312881596386, ""first_result"": ""sat"", ""first_timeout_ms"": 120000, ""query_count"": 192, ""second_result"": ""unsat"", ""second_timeout_ms"": 600000, ""z3_reason_unknown"": """"}]",sat,unsat,0.018828993663191795,264.16416581347585,edf43a9a19e4a3f3bf1eec668bd00cf6,edf43a9a19e4a3f3bf1eec668bd00cf6,,True,sat,False,False,False,,"{""0"": ""fixed"", ""1"": ""fixed"", ""10"": ""fixed"", ""11"": ""fixed"", ""12"": ""fixed"", ""13"": ""fixed"", ""14"": ""fixed"", ""15"": ""fixed"", ""2"": ""fixed"", ""3"": ""fixed"", ""4"": ""fixed"", ""5"": ""fixed"", ""6"": ""fixed"", ""7"": ""fixed"", ""8"": ""fixed"", ""9"": ""fixed""}","{""0"": ""fixed"", ""1"": ""fixed"", ""2"": ""fixed"", ""3"": ""fixed""}","[0, 1, 2, 3, 4, 5, 6, 7, 8, 9, 10, 11, 12, 13, 14, 15]",[],[],False,full_key_unique,True,uf_axiom,
MC_57__MC_98,MC_57,MC_98,MC-MC,1,0,0,0,0,0,0,0,0,0,1,0,late_only,gap_uncovered_structural_cell,MC_57__MC_98,0,255,2,differential,6,"[{""classification"": ""undecided"", ""elapsed"": 330.45171414501965, ""first_result"": ""sat"", ""first_timeout_ms"": 60000, ""query_count"": 32, ""second_result"": ""unknown"", ""second_timeout_ms"": 300000, ""z3_reason_unknown"": ""canceled""}, {""classification"": ""undecided"", ""elapsed"": 330.78324142470956, ""first_result"": ""sat"", ""first_timeout_ms"": 60000, ""query_count"": 64, ""second_result"": ""unknown"", ""second_timeout_ms"": 300000, ""z3_reason_unknown"": ""canceled""}, {""classification"": ""undecided"", ""elapsed"": 331.2083848360926, ""first_result"": ""sat"", ""first_timeout_ms"": 60000, ""query_count"": 96, ""second_result"": ""unknown"", ""second_timeout_ms"": 300000, ""z3_reason_unknown"": ""canceled""}, {""classification"": ""undecided"", ""elapsed"": 331.4744212590158, ""first_result"": ""sat"", ""first_timeout_ms"": 60000, ""query_count"": 128, ""second_result"": ""unknown"", ""second_timeout_ms"": 300000, ""z3_reason_unknown"": ""canceled""}, {""classification"": ""undecided"", ""elapsed"": 632.177091838792, ""first_result"": ""sat"", ""first_timeout_ms"": 120000, ""query_count"": 192, ""second_result"": ""unknown"", ""second_timeout_ms"": 600000, ""z3_reason_unknown"": ""canceled""}, {""classification"": ""full_key_unique"", ""elapsed"": 209.76681892201304, ""first_result"": ""sat"", ""first_timeout_ms"": 120000, ""query_count"": 255, ""second_result"": ""unsat"", ""second_timeout_ms"": 1800000, ""z3_reason_unknown"": """"}]",sat,unsat,0.022012649103999138,207.3148357272148,edf43a9a19e4a3f3bf1eec668bd00cf6,edf43a9a19e4a3f3bf1eec668bd00cf6,,True,sat,False,False,False,,"{""0"": ""fixed"", ""1"": ""fixed"", ""10"": ""fixed"", ""11"": ""fixed"", ""12"": ""fixed"", ""13"": ""fixed"", ""14"": ""fixed"", ""15"": ""fixed"", ""2"": ""fixed"", ""3"": ""fixed"", ""4"": ""fixed"", ""5"": ""fixed"", ""6"": ""fixed"", ""7"": ""fixed"", ""8"": ""fixed"", ""9"": ""fixed""}","{""0"": ""fixed"", ""1"": ""fixed"", ""2"": ""fixed"", ""3"": ""fixed""}","[0, 1, 2, 3, 4, 5, 6, 7, 8, 9, 10, 11, 12, 13, 14, 15]",[],[],False,full_key_unique,True,uf_axiom,
ARK_71__ARK_87,ARK_71,ARK_87,ARK-ARK,1,0,0,1,1,0,1,0,0,0,0,0,weak_same_column,gap_uncovered_structural_cell,ARK_71__ARK_87,1,32,2,differential,1,"[{""classification"": ""ambiguity"", ""elapsed"": 29.934972155839205, ""first_result"": ""sat"", ""first_timeout_ms"": 60000, ""query_count"": 32, ""second_result"": ""sat"", ""second_timeout_ms"": 300000, ""z3_reason_unknown"": """"}]",sat,sat,0.0019986294209957123,29.336025847122073,99107579bc3c2c3b0d7a8a6fd1573606,99107579bc3c2c3b0d7a8a6fd1573606,9115804a54391a6a687c94f60d71e7a3,True,sat,False,False,False,,"{""0"": ""free"", ""1"": ""free"", ""10"": ""free"", ""11"": ""free"", ""12"": ""free"", ""13"": ""free"", ""14"": ""free"", ""15"": ""free"", ""2"": ""free"", ""3"": ""free"", ""4"": ""free"", ""5"": ""free"", ""6"": ""free"", ""7"": ""free"", ""8"": ""free"", ""9"": ""free""}","{""0"": ""free"", ""1"": ""free"", ""2"": ""free"", ""3"": ""free""}",[],"[0, 1, 2, 3, 4, 5, 6, 7, 8, 9, 10, 11, 12, 13, 14, 15]",[],False,ambiguity,False,uf_axiom,
ARK_71__ARK_87,ARK_71,ARK_87,ARK-ARK,1,0,0,1,1,0,1,0,0,0,0,0,weak_same_column,gap_uncovered_structural_cell,ARK_71__ARK_87,0,32,2,differential,1,"[{""classification"": ""ambiguity"", ""elapsed"": 54.39547293446958, ""first_result"": ""sat"", ""first_timeout_ms"": 60000, ""query_count"": 32, ""second_result"": ""sat"", ""second_timeout_ms"": 300000, ""z3_reason_unknown"": """"}]",sat,sat,0.0030342061072587967,23.870289919897914,edf43a9a19e4a3f3bf1eec668bd00cf6,edf43a9a19e4a3f3bf1eec668bd00cf6,357c0c24bfd68df3bf1008d6cbd03305,True,sat,False,False,False,,"{""0"": ""free"", ""1"": ""free"", ""10"": ""free"", ""11"": ""free"", ""12"": ""free"", ""13"": ""unknown"", ""14"": ""free"", ""15"": ""free"", ""2"": ""free"", ""3"": ""free"", ""4"": ""free"", ""5"": ""free"", ""6"": ""free"", ""7"": ""unknown"", ""8"": ""unknown"", ""9"": ""free""}","{""0"": ""free"", ""1"": ""free"", ""2"": ""free"", ""3"": ""free""}",[],"[0, 1, 2, 3, 4, 5, 6, 9, 10, 11, 12, 14, 15]","[7, 8, 13]",False,ambiguity,False,uf_axiom,
ARK_2__ARK_26,ARK_2,ARK_26,ARK-ARK,1,0,0,1,1,0,1,0,0,0,0,0,weak_same_column,gap_uncovered_structural_cell,ARK_2__ARK_26,0,32,2,differential,1,"[{""classification"": ""ambiguity"", ""elapsed"": 56.406346740201116, ""first_result"": ""sat"", ""first_timeout_ms"": 60000, ""query_count"": 32, ""second_result"": ""sat"", ""second_timeout_ms"": 300000, ""z3_reason_unknown"": """"}]",sat,sat,0.001805642619729042,55.888003170490265,edf43a9a19e4a3f3bf1eec668bd00cf6,edf43a9a19e4a3f3bf1eec668bd00cf6,72ea09b4145e71dcaab67a358c9930b7,True,sat,False,False,False,,"{""0"": ""free"", ""1"": ""free"", ""10"": ""free"", ""11"": ""free"", ""12"": ""free"", ""13"": ""free"", ""14"": ""free"", ""15"": ""free"", ""2"": ""free"", ""3"": ""free"", ""4"": ""free"", ""5"": ""free"", ""6"": ""free"", ""7"": ""free"", ""8"": ""free"", ""9"": ""free""}","{""0"": ""free"", ""1"": ""free"", ""2"": ""free"", ""3"": ""free""}",[],"[0, 1, 2, 3, 4, 5, 6, 7, 8, 9, 10, 11, 12, 13, 14, 15]",[],False,ambiguity,False,uf_axiom,
ARK_71__ARK_87,ARK_71,ARK_87,ARK-ARK,1,0,0,1,1,0,1,0,0,0,0,0,weak_same_column,gap_uncovered_structural_cell,ARK_71__ARK_87,2,32,2,differential,1,"[{""classification"": ""ambiguity"", ""elapsed"": 56.90269454009831, ""first_result"": ""sat"", ""first_timeout_ms"": 60000, ""query_count"": 32, ""second_result"": ""sat"", ""second_timeout_ms"": 300000, ""z3_reason_unknown"": """"}]",sat,sat,0.001892605796456337,40.50573396123946,a66f651322597191ab9f8f8af4c2db61,a66f651322597191ab9f8f8af4c2db61,d4806584098d51913812a312e3c25d47,True,sat,False,False,False,,"{""0"": ""free"", ""1"": ""free"", ""10"": ""free"", ""11"": ""free"", ""12"": ""free"", ""13"": ""free"", ""14"": ""free"", ""15"": ""free"", ""2"": ""fixed"", ""3"": ""free"", ""4"": ""free"", ""5"": ""free"", ""6"": ""free"", ""7"": ""fixed"", ""8"": ""free"", ""9"": ""free""}","{""0"": ""free"", ""1"": ""free"", ""2"": ""free"", ""3"": ""free""}","[2, 7]","[0, 1, 3, 4, 5, 6, 8, 9, 10, 11, 12, 13, 14, 15]",[],False,ambiguity,False,uf_axiom,
ARK_2__ARK_26,ARK_2,ARK_26,ARK-ARK,1,0,0,1,1,0,1,0,0,0,0,0,weak_same_column,gap_uncovered_structural_cell,ARK_2__ARK_26,2,32,2,differential,1,"[{""classification"": ""ambiguity"", ""elapsed"": 61.523730389773846, ""first_result"": ""sat"", ""first_timeout_ms"": 60000, ""query_count"": 32, ""second_result"": ""sat"", ""second_timeout_ms"": 300000, ""z3_reason_unknown"": """"}]",sat,sat,0.0031211692839860916,30.99861230701208,a66f651322597191ab9f8f8af4c2db61,a66f651322597191ab9f8f8af4c2db61,a67002158c59465233ff0b843e11457c,True,sat,False,False,False,,"{""0"": ""unknown"", ""1"": ""free"", ""10"": ""free"", ""11"": ""free"", ""12"": ""free"", ""13"": ""free"", ""14"": ""free"", ""15"": ""free"", ""2"": ""free"", ""3"": ""free"", ""4"": ""free"", ""5"": ""unknown"", ""6"": ""free"", ""7"": ""free"", ""8"": ""free"", ""9"": ""free""}","{""0"": ""free"", ""1"": ""free"", ""2"": ""free"", ""3"": ""free""}",[],"[1, 2, 3, 4, 6, 7, 8, 9, 10, 11, 12, 13, 14, 15]","[0, 5]",False,ambiguity,False,uf_axiom,
ARK_56__ARK_63,ARK_56,ARK_63,ARK-ARK,1,1,1,1,0,1,0,0,0,0,0,0,late_only,gap_uncovered_structural_cell,ARK_56__ARK_63,1,32,2,differential,1,"[{""classification"": ""ambiguity"", ""elapsed"": 69.00516399554908, ""first_result"": ""sat"", ""first_timeout_ms"": 60000, ""query_count"": 32, ""second_result"": ""sat"", ""second_timeout_ms"": 300000, ""z3_reason_unknown"": """"}]",sat,sat,0.0031374581158161163,38.55540342070162,99107579bc3c2c3b0d7a8a6fd1573606,99107579bc3c2c3b0d7a8a6fd1573606,dd751c05bc014298ce7a39cb1aa83608,True,sat,False,False,False,,"{""0"": ""free"", ""1"": ""free"", ""10"": ""free"", ""11"": ""free"", ""12"": ""free"", ""13"": ""free"", ""14"": ""unknown"", ""15"": ""free"", ""2"": ""free"", ""3"": ""free"", ""4"": ""unknown"", ""5"": ""free"", ""6"": ""free"", ""7"": ""free"", ""8"": ""free"", ""9"": ""unknown""}","{""0"": ""free"", ""1"": ""free"", ""2"": ""free"", ""3"": ""free""}",[],"[0, 1, 2, 3, 5, 6, 7, 8, 10, 11, 12, 13, 15]","[4, 9, 14]",False,ambiguity,False,uf_axiom,
ARK_20__ARK_72,ARK_20,ARK_72,ARK-ARK,1,0,0,0,0,0,0,0,0,0,1,0,late_only,gap_uncovered_structural_cell,ARK_20__ARK_72,0,32,2,differential,1,"[{""classification"": ""ambiguity"", ""elapsed"": 78.75447566062212, ""first_result"": ""sat"", ""first_timeout_ms"": 60000, ""query_count"": 32, ""second_result"": ""sat"", ""second_timeout_ms"": 300000, ""z3_reason_unknown"": """"}]",sat,sat,0.0030167847871780396,78.20251867175102,edf43a9a19e4a3f3bf1eec668bd00cf6,edf43a9a19e4a3f3bf1eec668bd00cf6,380b38f1bc195e9b8a038260af055e68,True,sat,False,False,False,,"{""0"": ""free"", ""1"": ""free"", ""10"": ""free"", ""11"": ""free"", ""12"": ""free"", ""13"": ""free"", ""14"": ""free"", ""15"": ""free"", ""2"": ""free"", ""3"": ""free"", ""4"": ""free"", ""5"": ""free"", ""6"": ""free"", ""7"": ""free"", ""8"": ""free"", ""9"": ""free""}","{""0"": ""free"", ""1"": ""free"", ""2"": ""free"", ""3"": ""free""}",[],"[0, 1, 2, 3, 4, 5, 6, 7, 8, 9, 10, 11, 12, 13, 14, 15]",[],False,ambiguity,False,uf_axiom,
ARK_56__ARK_63,ARK_56,ARK_63,ARK-ARK,1,1,1,1,0,1,0,0,0,0,0,0,late_only,gap_uncovered_structural_cell,ARK_56__ARK_63,2,32,2,differential,1,"[{""classification"": ""ambiguity"", ""elapsed"": 108.51016316004097, ""first_result"": ""sat"", ""first_timeout_ms"": 60000, ""query_count"": 32, ""second_result"": ""sat"", ""second_timeout_ms"": 300000, ""z3_reason_unknown"": """"}]",sat,sat,0.0019725877791643143,107.97440909221768,a66f651322597191ab9f8f8af4c2db61,a66f651322597191ab9f8f8af4c2db61,f79eba6ad77b65b9460d1c8123a53409,True,sat,False,False,False,,"{""0"": ""free"", ""1"": ""free"", ""10"": ""free"", ""11"": ""free"", ""12"": ""free"", ""13"": ""free"", ""14"": ""free"", ""15"": ""free"", ""2"": ""free"", ""3"": ""free"", ""4"": ""free"", ""5"": ""free"", ""6"": ""free"", ""7"": ""free"", ""8"": ""free"", ""9"": ""free""}","{""0"": ""free"", ""1"": ""free"", ""2"": ""free"", ""3"": ""free""}",[],"[0, 1, 2, 3, 4, 5, 6, 7, 8, 9, 10, 11, 12, 13, 14, 15]",[],False,ambiguity,False,uf_axiom,
ARK_2__ARK_26,ARK_2,ARK_26,ARK-ARK,1,0,0,1,1,0,1,0,0,0,0,0,weak_same_column,gap_uncovered_structural_cell,ARK_2__ARK_26,1,32,2,differential,1,"[{""classification"": ""ambiguity"", ""elapsed"": 120.00006507150829, ""first_result"": ""sat"", ""first_timeout_ms"": 60000, ""query_count"": 32, ""second_result"": ""sat"", ""second_timeout_ms"": 300000, ""z3_reason_unknown"": """"}]",sat,sat,0.0019435249269008636,89.47488760761917,99107579bc3c2c3b0d7a8a6fd1573606,99107579bc3c2c3b0d7a8a6fd1573606,8273292a563c4b81eb9cbc4f3176c7dc,True,sat,False,False,False,,"{""0"": ""free"", ""1"": ""free"", ""10"": ""free"", ""11"": ""free"", ""12"": ""free"", ""13"": ""free"", ""14"": ""free"", ""15"": ""free"", ""2"": ""free"", ""3"": ""free"", ""4"": ""free"", ""5"": ""unknown"", ""6"": ""free"", ""7"": ""free"", ""8"": ""free"", ""9"": ""free""}","{""0"": ""free"", ""1"": ""free"", ""2"": ""free"", ""3"": ""free""}",[],"[0, 1, 2, 3, 4, 6, 7, 8, 9, 10, 11, 12, 13, 14, 15]",[5],False,ambiguity,False,uf_axiom,
ARK_56__ARK_63,ARK_56,ARK_63,ARK-ARK,1,1,1,1,0,1,0,0,0,0,0,0,late_only,gap_uncovered_structural_cell,ARK_56__ARK_63,0,32,2,differential,1,"[{""classification"": ""ambiguity"", ""elapsed"": 145.3899609297514, ""first_result"": ""sat"", ""first_timeout_ms"": 60000, ""query_count"": 32, ""second_result"": ""sat"", ""second_timeout_ms"": 300000, ""z3_reason_unknown"": """"}]",sat,sat,0.0019792113453149796,144.81827941909432,edf43a9a19e4a3f3bf1eec668bd00cf6,edf43a9a19e4a3f3bf1eec668bd00cf6,5725a5ef096001744112092090bf7cda,True,sat,False,False,False,,"{""0"": ""free"", ""1"": ""free"", ""10"": ""free"", ""11"": ""free"", ""12"": ""free"", ""13"": ""free"", ""14"": ""free"", ""15"": ""free"", ""2"": ""free"", ""3"": ""free"", ""4"": ""free"", ""5"": ""free"", ""6"": ""free"", ""7"": ""free"", ""8"": ""free"", ""9"": ""free""}","{""0"": ""free"", ""1"": ""free"", ""2"": ""free"", ""3"": ""free""}",[],"[0, 1, 2, 3, 4, 5, 6, 7, 8, 9, 10, 11, 12, 13, 14, 15]",[],False,ambiguity,False,uf_axiom,
ARK_2__ARK_62,ARK_2,ARK_62,ARK-ARK,1,0,0,0,0,0,0,0,0,0,1,0,late_only,gap_uncovered_structural_cell,ARK_2__ARK_62,0,32,2,differential,1,"[{""classification"": ""ambiguity"", ""elapsed"": 165.03358027897775, ""first_result"": ""sat"", ""first_timeout_ms"": 60000, ""query_count"": 32, ""second_result"": ""sat"", ""second_timeout_ms"": 300000, ""z3_reason_unknown"": """"}]",sat,sat,0.004332628101110458,134.39708528667688,edf43a9a19e4a3f3bf1eec668bd00cf6,edf43a9a19e4a3f3bf1eec668bd00cf6,90183d9a613f83c6fedf10f3a277a7e4,True,sat,False,False,False,,"{""0"": ""free"", ""1"": ""free"", ""10"": ""free"", ""11"": ""free"", ""12"": ""free"", ""13"": ""free"", ""14"": ""free"", ""15"": ""free"", ""2"": ""free"", ""3"": ""unknown"", ""4"": ""free"", ""5"": ""free"", ""6"": ""free"", ""7"": ""free"", ""8"": ""free"", ""9"": ""free""}","{""0"": ""free"", ""1"": ""free"", ""2"": ""free"", ""3"": ""free""}",[],"[0, 1, 2, 4, 5, 6, 7, 8, 9, 10, 11, 12, 13, 14, 15]",[3],False,ambiguity,False,uf_axiom,
ARK_90__ARK_98,ARK_90,ARK_98,ARK-ARK,1,0,0,0,1,0,0,0,0,0,1,0,late_only,gap_uncovered_structural_cell,ARK_90__ARK_98,2,32,2,differential,1,"[{""classification"": ""ambiguity"", ""elapsed"": 180.69970796070993, ""first_result"": ""sat"", ""first_timeout_ms"": 60000, ""query_count"": 32, ""second_result"": ""sat"", ""second_timeout_ms"": 300000, ""z3_reason_unknown"": """"}]",sat,sat,0.003130735829472542,180.23144840449095,a66f651322597191ab9f8f8af4c2db61,a66f651322597191ab9f8f8af4c2db61,3a8b19ec60c92d40236aafde986130ce,True,sat,False,False,False,,"{""0"": ""free"", ""1"": ""free"", ""10"": ""free"", ""11"": ""free"", ""12"": ""free"", ""13"": ""free"", ""14"": ""free"", ""15"": ""free"", ""2"": ""free"", ""3"": ""free"", ""4"": ""free"", ""5"": ""free"", ""6"": ""free"", ""7"": ""free"", ""8"": ""free"", ""9"": ""free""}","{""0"": ""free"", ""1"": ""free"", ""2"": ""free"", ""3"": ""free""}",[],"[0, 1, 2, 3, 4, 5, 6, 7, 8, 9, 10, 11, 12, 13, 14, 15]",[],False,ambiguity,False,uf_axiom,
ARK_20__ARK_72,ARK_20,ARK_72,ARK-ARK,1,0,0,0,0,0,0,0,0,0,1,0,late_only,gap_uncovered_structural_cell,ARK_20__ARK_72,2,32,2,differential,1,"[{""classification"": ""ambiguity"", ""elapsed"": 215.99551251158118, ""first_result"": ""sat"", ""first_timeout_ms"": 60000, ""query_count"": 32, ""second_result"": ""sat"", ""second_timeout_ms"": 300000, ""z3_reason_unknown"": """"}]",sat,sat,0.0029807593673467636,215.52021244727075,a66f651322597191ab9f8f8af4c2db61,a66f651322597191ab9f8f8af4c2db61,24b85200882d324895802ef12b9094ce,True,sat,False,False,False,,"{""0"": ""free"", ""1"": ""free"", ""10"": ""free"", ""11"": ""free"", ""12"": ""free"", ""13"": ""free"", ""14"": ""free"", ""15"": ""free"", ""2"": ""free"", ""3"": ""free"", ""4"": ""free"", ""5"": ""free"", ""6"": ""free"", ""7"": ""free"", ""8"": ""free"", ""9"": ""free""}","{""0"": ""free"", ""1"": ""free"", ""2"": ""free"", ""3"": ""free""}",[],"[0, 1, 2, 3, 4, 5, 6, 7, 8, 9, 10, 11, 12, 13, 14, 15]",[],False,ambiguity,False,uf_axiom,
ARK_6__ARK_39,ARK_6,ARK_39,ARK-ARK,1,0,1,0,0,0,0,0,1,0,0,0,late_only,gap_uncovered_structural_cell,ARK_6__ARK_39,0,32,2,differential,1,"[{""classification"": ""ambiguity"", ""elapsed"": 218.29149880073965, ""first_result"": ""sat"", ""first_timeout_ms"": 60000, ""query_count"": 32, ""second_result"": ""sat"", ""second_timeout_ms"": 300000, ""z3_reason_unknown"": """"}]",sat,sat,0.002923395484685898,217.84182510524988,edf43a9a19e4a3f3bf1eec668bd00cf6,edf43a9a19e4a3f3bf1eec668bd00cf6,30fdd168a45140d0bdd0ee0a96aed0d9,True,sat,False,False,False,,"{""0"": ""free"", ""1"": ""free"", ""10"": ""free"", ""11"": ""free"", ""12"": ""free"", ""13"": ""free"", ""14"": ""free"", ""15"": ""free"", ""2"": ""free"", ""3"": ""free"", ""4"": ""free"", ""5"": ""free"", ""6"": ""free"", ""7"": ""free"", ""8"": ""free"", ""9"": ""free""}","{""0"": ""free"", ""1"": ""free"", ""2"": ""free"", ""3"": ""free""}",[],"[0, 1, 2, 3, 4, 5, 6, 7, 8, 9, 10, 11, 12, 13, 14, 15]",[],False,ambiguity,False,uf_axiom,
ARK_90__ARK_98,ARK_90,ARK_98,ARK-ARK,1,0,0,0,1,0,0,0,0,0,1,0,late_only,gap_uncovered_structural_cell,ARK_90__ARK_98,0,32,2,differential,1,"[{""classification"": ""ambiguity"", ""elapsed"": 222.83819813467562, ""first_result"": ""sat"", ""first_timeout_ms"": 60000, ""query_count"": 32, ""second_result"": ""sat"", ""second_timeout_ms"": 300000, ""z3_reason_unknown"": """"}]",sat,sat,0.004617813974618912,192.2522214986384,edf43a9a19e4a3f3bf1eec668bd00cf6,edf43a9a19e4a3f3bf1eec668bd00cf6,d570e163020c9eca5e632d66f2e43226,True,sat,False,False,False,,"{""0"": ""free"", ""1"": ""free"", ""10"": ""free"", ""11"": ""unknown"", ""12"": ""free"", ""13"": ""free"", ""14"": ""free"", ""15"": ""free"", ""2"": ""free"", ""3"": ""free"", ""4"": ""free"", ""5"": ""free"", ""6"": ""free"", ""7"": ""free"", ""8"": ""free"", ""9"": ""free""}","{""0"": ""free"", ""1"": ""free"", ""2"": ""free"", ""3"": ""free""}",[],"[0, 1, 2, 3, 4, 5, 6, 7, 8, 9, 10, 12, 13, 14, 15]",[11],False,ambiguity,False,uf_axiom,
ARK_19__ARK_83,ARK_19,ARK_83,ARK-ARK,1,0,1,0,1,0,0,0,1,0,0,0,late_only,gap_uncovered_structural_cell,ARK_19__ARK_83,2,32,2,differential,1,"[{""classification"": ""ambiguity"", ""elapsed"": 261.4168244432658, ""first_result"": ""sat"", ""first_timeout_ms"": 60000, ""query_count"": 32, ""second_result"": ""sat"", ""second_timeout_ms"": 300000, ""z3_reason_unknown"": """"}]",sat,sat,0.007394006475806236,230.94394074566662,a66f651322597191ab9f8f8af4c2db61,a66f651322597191ab9f8f8af4c2db61,7c491100f935d2c3cb29f2ca26c21975,True,sat,False,False,False,,"{""0"": ""free"", ""1"": ""free"", ""10"": ""free"", ""11"": ""free"", ""12"": ""free"", ""13"": ""unknown"", ""14"": ""free"", ""15"": ""free"", ""2"": ""free"", ""3"": ""free"", ""4"": ""free"", ""5"": ""free"", ""6"": ""free"", ""7"": ""free"", ""8"": ""free"", ""9"": ""free""}","{""0"": ""free"", ""1"": ""free"", ""2"": ""free"", ""3"": ""free""}",[],"[0, 1, 2, 3, 4, 5, 6, 7, 8, 9, 10, 11, 12, 14, 15]",[13],False,ambiguity,False,uf_axiom,
ARK_6__ARK_39,ARK_6,ARK_39,ARK-ARK,1,0,1,0,0,0,0,0,1,0,0,0,late_only,gap_uncovered_structural_cell,ARK_6__ARK_39,2,96,2,differential,3,"[{""classification"": ""undecided"", ""elapsed"": 330.536028964445, ""first_result"": ""sat"", ""first_timeout_ms"": 60000, ""query_count"": 32, ""second_result"": ""unknown"", ""second_timeout_ms"": 300000, ""z3_reason_unknown"": ""canceled""}, {""classification"": ""undecided"", ""elapsed"": 330.8102660384029, ""first_result"": ""sat"", ""first_timeout_ms"": 60000, ""query_count"": 64, ""second_result"": ""unknown"", ""second_timeout_ms"": 300000, ""z3_reason_unknown"": ""canceled""}, {""classification"": ""full_key_unique"", ""elapsed"": 86.43269417062402, ""first_result"": ""sat"", ""first_timeout_ms"": 60000, ""query_count"": 96, ""second_result"": ""unsat"", ""second_timeout_ms"": 300000, ""z3_reason_unknown"": """"}]",sat,unsat,0.005114583298563957,85.82116407901049,a66f651322597191ab9f8f8af4c2db61,a66f651322597191ab9f8f8af4c2db61,,True,sat,False,False,False,,"{""0"": ""fixed"", ""1"": ""fixed"", ""10"": ""fixed"", ""11"": ""fixed"", ""12"": ""fixed"", ""13"": ""fixed"", ""14"": ""fixed"", ""15"": ""fixed"", ""2"": ""fixed"", ""3"": ""fixed"", ""4"": ""fixed"", ""5"": ""fixed"", ""6"": ""fixed"", ""7"": ""fixed"", ""8"": ""fixed"", ""9"": ""fixed""}","{""0"": ""fixed"", ""1"": ""fixed"", ""2"": ""fixed"", ""3"": ""fixed""}","[0, 1, 2, 3, 4, 5, 6, 7, 8, 9, 10, 11, 12, 13, 14, 15]",[],[],False,full_key_unique,True,uf_axiom,
ARK_20__ARK_72,ARK_20,ARK_72,ARK-ARK,1,0,0,0,0,0,0,0,0,0,1,0,late_only,gap_uncovered_structural_cell,ARK_20__ARK_72,1,96,2,differential,3,"[{""classification"": ""undecided"", ""elapsed"": 330.4385976474732, ""first_result"": ""sat"", ""first_timeout_ms"": 60000, ""query_count"": 32, ""second_result"": ""unknown"", ""second_timeout_ms"": 300000, ""z3_reason_unknown"": ""canceled""}, {""classification"": ""undecided"", ""elapsed"": 330.5175263956189, ""first_result"": ""sat"", ""first_timeout_ms"": 60000, ""query_count"": 64, ""second_result"": ""unknown"", ""second_timeout_ms"": 300000, ""z3_reason_unknown"": ""canceled""}, {""classification"": ""full_key_unique"", ""elapsed"": 123.65410390496254, ""first_result"": ""sat"", ""first_timeout_ms"": 60000, ""query_count"": 96, ""second_result"": ""unsat"", ""second_timeout_ms"": 300000, ""z3_reason_unknown"": """"}]",sat,unsat,0.005568750202655792,122.94821629300714,99107579bc3c2c3b0d7a8a6fd1573606,99107579bc3c2c3b0d7a8a6fd1573606,,True,sat,False,False,False,,"{""0"": ""fixed"", ""1"": ""fixed"", ""10"": ""fixed"", ""11"": ""fixed"", ""12"": ""fixed"", ""13"": ""fixed"", ""14"": ""fixed"", ""15"": ""fixed"", ""2"": ""fixed"", ""3"": ""fixed"", ""4"": ""fixed"", ""5"": ""fixed"", ""6"": ""fixed"", ""7"": ""fixed"", ""8"": ""fixed"", ""9"": ""fixed""}","{""0"": ""fixed"", ""1"": ""fixed"", ""2"": ""fixed"", ""3"": ""fixed""}","[0, 1, 2, 3, 4, 5, 6, 7, 8, 9, 10, 11, 12, 13, 14, 15]",[],[],False,full_key_unique,True,uf_axiom,
ARK_90__ARK_98,ARK_90,ARK_98,ARK-ARK,1,0,0,0,1,0,0,0,0,0,1,0,late_only,gap_uncovered_structural_cell,ARK_90__ARK_98,1,96,2,differential,3,"[{""classification"": ""undecided"", ""elapsed"": 330.6273365691304, ""first_result"": ""sat"", ""first_timeout_ms"": 60000, ""query_count"": 32, ""second_result"": ""unknown"", ""second_timeout_ms"": 300000, ""z3_reason_unknown"": ""canceled""}, {""classification"": ""undecided"", ""elapsed"": 330.50657068379223, ""first_result"": ""sat"", ""first_timeout_ms"": 60000, ""query_count"": 64, ""second_result"": ""unknown"", ""second_timeout_ms"": 300000, ""z3_reason_unknown"": ""canceled""}, {""classification"": ""full_key_unique"", ""elapsed"": 127.73367660306394, ""first_result"": ""sat"", ""first_timeout_ms"": 60000, ""query_count"": 96, ""second_result"": ""unsat"", ""second_timeout_ms"": 300000, ""z3_reason_unknown"": """"}]",sat,unsat,0.007652493193745613,126.53769388981164,99107579bc3c2c3b0d7a8a6fd1573606,99107579bc3c2c3b0d7a8a6fd1573606,,True,sat,False,False,False,,"{""0"": ""fixed"", ""1"": ""fixed"", ""10"": ""fixed"", ""11"": ""fixed"", ""12"": ""fixed"", ""13"": ""fixed"", ""14"": ""fixed"", ""15"": ""fixed"", ""2"": ""fixed"", ""3"": ""fixed"", ""4"": ""fixed"", ""5"": ""fixed"", ""6"": ""fixed"", ""7"": ""fixed"", ""8"": ""fixed"", ""9"": ""fixed""}","{""0"": ""fixed"", ""1"": ""fixed"", ""2"": ""fixed"", ""3"": ""fixed""}","[0, 1, 2, 3, 4, 5, 6, 7, 8, 9, 10, 11, 12, 13, 14, 15]",[],[],False,full_key_unique,True,uf_axiom,
ARK_2__ARK_62,ARK_2,ARK_62,ARK-ARK,1,0,0,0,0,0,0,0,0,0,1,0,late_only,gap_uncovered_structural_cell,ARK_2__ARK_62,1,96,2,differential,3,"[{""classification"": ""undecided"", ""elapsed"": 330.36909208260477, ""first_result"": ""sat"", ""first_timeout_ms"": 60000, ""query_count"": 32, ""second_result"": ""unknown"", ""second_timeout_ms"": 300000, ""z3_reason_unknown"": ""canceled""}, {""classification"": ""undecided"", ""elapsed"": 330.8833809364587, ""first_result"": ""sat"", ""first_timeout_ms"": 60000, ""query_count"": 64, ""second_result"": ""unknown"", ""second_timeout_ms"": 300000, ""z3_reason_unknown"": ""canceled""}, {""classification"": ""full_key_unique"", ""elapsed"": 181.11349666677415, ""first_result"": ""sat"", ""first_timeout_ms"": 60000, ""query_count"": 96, ""second_result"": ""unsat"", ""second_timeout_ms"": 300000, ""z3_reason_unknown"": """"}]",sat,unsat,0.0052148159593343735,180.51893520727754,99107579bc3c2c3b0d7a8a6fd1573606,99107579bc3c2c3b0d7a8a6fd1573606,,True,sat,False,False,False,,"{""0"": ""fixed"", ""1"": ""fixed"", ""10"": ""fixed"", ""11"": ""fixed"", ""12"": ""fixed"", ""13"": ""fixed"", ""14"": ""fixed"", ""15"": ""fixed"", ""2"": ""fixed"", ""3"": ""fixed"", ""4"": ""fixed"", ""5"": ""fixed"", ""6"": ""fixed"", ""7"": ""fixed"", ""8"": ""fixed"", ""9"": ""fixed""}","{""0"": ""fixed"", ""1"": ""fixed"", ""2"": ""fixed"", ""3"": ""fixed""}","[0, 1, 2, 3, 4, 5, 6, 7, 8, 9, 10, 11, 12, 13, 14, 15]",[],[],False,full_key_unique,True,uf_axiom,
ARK_36__ARK_96,ARK_36,ARK_96,ARK-ARK,1,0,1,0,0,0,0,0,1,0,0,0,late_only,gap_uncovered_structural_cell,ARK_36__ARK_96,1,96,2,differential,3,"[{""classification"": ""undecided"", ""elapsed"": 330.5612955298275, ""first_result"": ""sat"", ""first_timeout_ms"": 60000, ""query_count"": 32, ""second_result"": ""unknown"", ""second_timeout_ms"": 300000, ""z3_reason_unknown"": ""canceled""}, {""classification"": ""undecided"", ""elapsed"": 330.5921112410724, ""first_result"": ""sat"", ""first_timeout_ms"": 60000, ""query_count"": 64, ""second_result"": ""unknown"", ""second_timeout_ms"": 300000, ""z3_reason_unknown"": ""canceled""}, {""classification"": ""full_key_unique"", ""elapsed"": 284.375568959862, ""first_result"": ""sat"", ""first_timeout_ms"": 60000, ""query_count"": 96, ""second_result"": ""unsat"", ""second_timeout_ms"": 300000, ""z3_reason_unknown"": """"}]",sat,unsat,0.005321742966771126,283.7353128064424,99107579bc3c2c3b0d7a8a6fd1573606,99107579bc3c2c3b0d7a8a6fd1573606,,True,sat,False,False,False,,"{""0"": ""fixed"", ""1"": ""fixed"", ""10"": ""fixed"", ""11"": ""fixed"", ""12"": ""fixed"", ""13"": ""fixed"", ""14"": ""fixed"", ""15"": ""fixed"", ""2"": ""fixed"", ""3"": ""fixed"", ""4"": ""fixed"", ""5"": ""fixed"", ""6"": ""fixed"", ""7"": ""fixed"", ""8"": ""fixed"", ""9"": ""fixed""}","{""0"": ""fixed"", ""1"": ""fixed"", ""2"": ""fixed"", ""3"": ""fixed""}","[0, 1, 2, 3, 4, 5, 6, 7, 8, 9, 10, 11, 12, 13, 14, 15]",[],[],False,full_key_unique,True,uf_axiom,
ARK_19__ARK_83,ARK_19,ARK_83,ARK-ARK,1,0,1,0,1,0,0,0,1,0,0,0,late_only,gap_uncovered_structural_cell,ARK_19__ARK_83,1,128,2,differential,4,"[{""classification"": ""undecided"", ""elapsed"": 330.5353487227112, ""first_result"": ""sat"", ""first_timeout_ms"": 60000, ""query_count"": 32, ""second_result"": ""unknown"", ""second_timeout_ms"": 300000, ""z3_reason_unknown"": ""canceled""}, {""classification"": ""undecided"", ""elapsed"": 330.88431998714805, ""first_result"": ""sat"", ""first_timeout_ms"": 60000, ""query_count"": 64, ""second_result"": ""unknown"", ""second_timeout_ms"": 300000, ""z3_reason_unknown"": ""canceled""}, {""classification"": ""undecided"", ""elapsed"": 330.65602052770555, ""first_result"": ""sat"", ""first_timeout_ms"": 60000, ""query_count"": 96, ""second_result"": ""unknown"", ""second_timeout_ms"": 300000, ""z3_reason_unknown"": ""canceled""}, {""classification"": ""full_key_unique"", ""elapsed"": 25.67760174907744, ""first_result"": ""sat"", ""first_timeout_ms"": 60000, ""query_count"": 128, ""second_result"": ""unsat"", ""second_timeout_ms"": 300000, ""z3_reason_unknown"": """"}]",sat,unsat,0.012767858803272247,24.016024313867092,99107579bc3c2c3b0d7a8a6fd1573606,99107579bc3c2c3b0d7a8a6fd1573606,,True,sat,False,False,False,,"{""0"": ""fixed"", ""1"": ""fixed"", ""10"": ""fixed"", ""11"": ""fixed"", ""12"": ""fixed"", ""13"": ""fixed"", ""14"": ""fixed"", ""15"": ""fixed"", ""2"": ""fixed"", ""3"": ""fixed"", ""4"": ""fixed"", ""5"": ""fixed"", ""6"": ""fixed"", ""7"": ""fixed"", ""8"": ""fixed"", ""9"": ""fixed""}","{""0"": ""fixed"", ""1"": ""fixed"", ""2"": ""fixed"", ""3"": ""fixed""}","[0, 1, 2, 3, 4, 5, 6, 7, 8, 9, 10, 11, 12, 13, 14, 15]",[],[],False,full_key_unique,True,uf_axiom,
ARK_2__ARK_62,ARK_2,ARK_62,ARK-ARK,1,0,0,0,0,0,0,0,0,0,1,0,late_only,gap_uncovered_structural_cell,ARK_2__ARK_62,2,128,2,differential,4,"[{""classification"": ""undecided"", ""elapsed"": 330.54283375293016, ""first_result"": ""sat"", ""first_timeout_ms"": 60000, ""query_count"": 32, ""second_result"": ""unknown"", ""second_timeout_ms"": 300000, ""z3_reason_unknown"": ""canceled""}, {""classification"": ""undecided"", ""elapsed"": 330.86791291460395, ""first_result"": ""sat"", ""first_timeout_ms"": 60000, ""query_count"": 64, ""second_result"": ""unknown"", ""second_timeout_ms"": 300000, ""z3_reason_unknown"": ""canceled""}, {""classification"": ""undecided"", ""elapsed"": 330.58963066898286, ""first_result"": ""sat"", ""first_timeout_ms"": 60000, ""query_count"": 96, ""second_result"": ""unknown"", ""second_timeout_ms"": 300000, ""z3_reason_unknown"": ""canceled""}, {""classification"": ""full_key_unique"", ""elapsed"": 91.09154529310763, ""first_result"": ""sat"", ""first_timeout_ms"": 60000, ""query_count"": 128, ""second_result"": ""unsat"", ""second_timeout_ms"": 300000, ""z3_reason_unknown"": """"}]",sat,unsat,0.006797716021537781,90.31110014021397,a66f651322597191ab9f8f8af4c2db61,a66f651322597191ab9f8f8af4c2db61,,True,sat,False,False,False,,"{""0"": ""fixed"", ""1"": ""fixed"", ""10"": ""fixed"", ""11"": ""fixed"", ""12"": ""fixed"", ""13"": ""fixed"", ""14"": ""fixed"", ""15"": ""fixed"", ""2"": ""fixed"", ""3"": ""fixed"", ""4"": ""fixed"", ""5"": ""fixed"", ""6"": ""fixed"", ""7"": ""fixed"", ""8"": ""fixed"", ""9"": ""fixed""}","{""0"": ""fixed"", ""1"": ""fixed"", ""2"": ""fixed"", ""3"": ""fixed""}","[0, 1, 2, 3, 4, 5, 6, 7, 8, 9, 10, 11, 12, 13, 14, 15]",[],[],False,full_key_unique,True,uf_axiom,
ARK_19__ARK_83,ARK_19,ARK_83,ARK-ARK,1,0,1,0,1,0,0,0,1,0,0,0,late_only,gap_uncovered_structural_cell,ARK_19__ARK_83,0,192,2,differential,5,"[{""classification"": ""undecided"", ""elapsed"": 330.51380095258355, ""first_result"": ""sat"", ""first_timeout_ms"": 60000, ""query_count"": 32, ""second_result"": ""unknown"", ""second_timeout_ms"": 300000, ""z3_reason_unknown"": ""canceled""}, {""classification"": ""undecided"", ""elapsed"": 330.5116981640458, ""first_result"": ""sat"", ""first_timeout_ms"": 60000, ""query_count"": 64, ""second_result"": ""unknown"", ""second_timeout_ms"": 300000, ""z3_reason_unknown"": ""canceled""}, {""classification"": ""undecided"", ""elapsed"": 330.7201184015721, ""first_result"": ""sat"", ""first_timeout_ms"": 60000, ""query_count"": 96, ""second_result"": ""unknown"", ""second_timeout_ms"": 300000, ""z3_reason_unknown"": ""canceled""}, {""classification"": ""undecided"", ""elapsed"": 331.4393829051405, ""first_result"": ""sat"", ""first_timeout_ms"": 60000, ""query_count"": 128, ""second_result"": ""unknown"", ""second_timeout_ms"": 300000, ""z3_reason_unknown"": ""canceled""}, {""classification"": ""full_key_unique"", ""elapsed"": 43.73594048433006, ""first_result"": ""sat"", ""first_timeout_ms"": 120000, ""query_count"": 192, ""second_result"": ""unsat"", ""second_timeout_ms"": 600000, ""z3_reason_unknown"": """"}]",sat,unsat,0.011069409549236298,42.58554122783244,edf43a9a19e4a3f3bf1eec668bd00cf6,edf43a9a19e4a3f3bf1eec668bd00cf6,,True,sat,False,False,False,,"{""0"": ""fixed"", ""1"": ""fixed"", ""10"": ""fixed"", ""11"": ""fixed"", ""12"": ""fixed"", ""13"": ""fixed"", ""14"": ""fixed"", ""15"": ""fixed"", ""2"": ""fixed"", ""3"": ""fixed"", ""4"": ""fixed"", ""5"": ""fixed"", ""6"": ""fixed"", ""7"": ""fixed"", ""8"": ""fixed"", ""9"": ""fixed""}","{""0"": ""fixed"", ""1"": ""fixed"", ""2"": ""fixed"", ""3"": ""fixed""}","[0, 1, 2, 3, 4, 5, 6, 7, 8, 9, 10, 11, 12, 13, 14, 15]",[],[],False,full_key_unique,True,uf_axiom,
ARK_6__ARK_39,ARK_6,ARK_39,ARK-ARK,1,0,1,0,0,0,0,0,1,0,0,0,late_only,gap_uncovered_structural_cell,ARK_6__ARK_39,1,192,2,differential,5,"[{""classification"": ""undecided"", ""elapsed"": 330.57131903991103, ""first_result"": ""sat"", ""first_timeout_ms"": 60000, ""query_count"": 32, ""second_result"": ""unknown"", ""second_timeout_ms"": 300000, ""z3_reason_unknown"": ""canceled""}, {""classification"": ""undecided"", ""elapsed"": 330.5021314974874, ""first_result"": ""sat"", ""first_timeout_ms"": 60000, ""query_count"": 64, ""second_result"": ""unknown"", ""second_timeout_ms"": 300000, ""z3_reason_unknown"": ""canceled""}, {""classification"": ""undecided"", ""elapsed"": 330.6457152273506, ""first_result"": ""sat"", ""first_timeout_ms"": 60000, ""query_count"": 96, ""second_result"": ""unknown"", ""second_timeout_ms"": 300000, ""z3_reason_unknown"": ""canceled""}, {""classification"": ""undecided"", ""elapsed"": 330.77473867312074, ""first_result"": ""sat"", ""first_timeout_ms"": 60000, ""query_count"": 128, ""second_result"": ""unknown"", ""second_timeout_ms"": 300000, ""z3_reason_unknown"": ""canceled""}, {""classification"": ""full_key_unique"", ""elapsed"": 57.99062526039779, ""first_result"": ""sat"", ""first_timeout_ms"": 120000, ""query_count"": 192, ""second_result"": ""unsat"", ""second_timeout_ms"": 600000, ""z3_reason_unknown"": """"}]",sat,unsat,0.010029420256614685,56.772694835439324,99107579bc3c2c3b0d7a8a6fd1573606,99107579bc3c2c3b0d7a8a6fd1573606,,True,sat,False,False,False,,"{""0"": ""fixed"", ""1"": ""fixed"", ""10"": ""fixed"", ""11"": ""fixed"", ""12"": ""fixed"", ""13"": ""fixed"", ""14"": ""fixed"", ""15"": ""fixed"", ""2"": ""fixed"", ""3"": ""fixed"", ""4"": ""fixed"", ""5"": ""fixed"", ""6"": ""fixed"", ""7"": ""fixed"", ""8"": ""fixed"", ""9"": ""fixed""}","{""0"": ""fixed"", ""1"": ""fixed"", ""2"": ""fixed"", ""3"": ""fixed""}","[0, 1, 2, 3, 4, 5, 6, 7, 8, 9, 10, 11, 12, 13, 14, 15]",[],[],False,full_key_unique,True,uf_axiom,
ARK_42__ARK_98,ARK_42,ARK_98,ARK-ARK,1,0,0,0,1,0,0,0,0,0,1,0,late_only,gap_uncovered_structural_cell,ARK_42__ARK_98,2,192,2,differential,5,"[{""classification"": ""undecided"", ""elapsed"": 330.6823928505182, ""first_result"": ""sat"", ""first_timeout_ms"": 60000, ""query_count"": 32, ""second_result"": ""unknown"", ""second_timeout_ms"": 300000, ""z3_reason_unknown"": ""canceled""}, {""classification"": ""undecided"", ""elapsed"": 330.961494198069, ""first_result"": ""sat"", ""first_timeout_ms"": 60000, ""query_count"": 64, ""second_result"": ""unknown"", ""second_timeout_ms"": 300000, ""z3_reason_unknown"": ""canceled""}, {""classification"": ""undecided"", ""elapsed"": 330.6036506500095, ""first_result"": ""sat"", ""first_timeout_ms"": 60000, ""query_count"": 96, ""second_result"": ""unknown"", ""second_timeout_ms"": 300000, ""z3_reason_unknown"": ""canceled""}, {""classification"": ""undecided"", ""elapsed"": 331.42734535224736, ""first_result"": ""sat"", ""first_timeout_ms"": 60000, ""query_count"": 128, ""second_result"": ""unknown"", ""second_timeout_ms"": 300000, ""z3_reason_unknown"": ""canceled""}, {""classification"": ""full_key_unique"", ""elapsed"": 131.4167863354087, ""first_result"": ""sat"", ""first_timeout_ms"": 120000, ""query_count"": 192, ""second_result"": ""unsat"", ""second_timeout_ms"": 600000, ""z3_reason_unknown"": """"}]",sat,unsat,0.009969228878617287,130.25408918224275,a66f651322597191ab9f8f8af4c2db61,a66f651322597191ab9f8f8af4c2db61,,True,sat,False,False,False,,"{""0"": ""fixed"", ""1"": ""fixed"", ""10"": ""fixed"", ""11"": ""fixed"", ""12"": ""fixed"", ""13"": ""fixed"", ""14"": ""fixed"", ""15"": ""fixed"", ""2"": ""fixed"", ""3"": ""fixed"", ""4"": ""fixed"", ""5"": ""fixed"", ""6"": ""fixed"", ""7"": ""fixed"", ""8"": ""fixed"", ""9"": ""fixed""}","{""0"": ""fixed"", ""1"": ""fixed"", ""2"": ""fixed"", ""3"": ""fixed""}","[0, 1, 2, 3, 4, 5, 6, 7, 8, 9, 10, 11, 12, 13, 14, 15]",[],[],False,full_key_unique,True,uf_axiom,
ARK_36__ARK_96,ARK_36,ARK_96,ARK-ARK,1,0,1,0,0,0,0,0,1,0,0,0,late_only,gap_uncovered_structural_cell,ARK_36__ARK_96,2,192,2,differential,5,"[{""classification"": ""undecided"", ""elapsed"": 330.5214720275253, ""first_result"": ""sat"", ""first_timeout_ms"": 60000, ""query_count"": 32, ""second_result"": ""unknown"", ""second_timeout_ms"": 300000, ""z3_reason_unknown"": ""canceled""}, {""classification"": ""undecided"", ""elapsed"": 330.4141854252666, ""first_result"": ""sat"", ""first_timeout_ms"": 60000, ""query_count"": 64, ""second_result"": ""unknown"", ""second_timeout_ms"": 300000, ""z3_reason_unknown"": ""canceled""}, {""classification"": ""undecided"", ""elapsed"": 330.6053952090442, ""first_result"": ""sat"", ""first_timeout_ms"": 60000, ""query_count"": 96, ""second_result"": ""unknown"", ""second_timeout_ms"": 300000, ""z3_reason_unknown"": ""canceled""}, {""classification"": ""undecided"", ""elapsed"": 330.7873104773462, ""first_result"": ""sat"", ""first_timeout_ms"": 60000, ""query_count"": 128, ""second_result"": ""unknown"", ""second_timeout_ms"": 300000, ""z3_reason_unknown"": ""canceled""}, {""classification"": ""full_key_unique"", ""elapsed"": 163.4357123132795, ""first_result"": ""sat"", ""first_timeout_ms"": 120000, ""query_count"": 192, ""second_result"": ""unsat"", ""second_timeout_ms"": 600000, ""z3_reason_unknown"": """"}]",sat,unsat,0.01866849698126316,161.2578269727528,a66f651322597191ab9f8f8af4c2db61,a66f651322597191ab9f8f8af4c2db61,,True,sat,False,False,False,,"{""0"": ""fixed"", ""1"": ""fixed"", ""10"": ""fixed"", ""11"": ""fixed"", ""12"": ""fixed"", ""13"": ""fixed"", ""14"": ""fixed"", ""15"": ""fixed"", ""2"": ""fixed"", ""3"": ""fixed"", ""4"": ""fixed"", ""5"": ""fixed"", ""6"": ""fixed"", ""7"": ""fixed"", ""8"": ""fixed"", ""9"": ""fixed""}","{""0"": ""fixed"", ""1"": ""fixed"", ""2"": ""fixed"", ""3"": ""fixed""}","[0, 1, 2, 3, 4, 5, 6, 7, 8, 9, 10, 11, 12, 13, 14, 15]",[],[],False,full_key_unique,True,uf_axiom,
ARK_42__ARK_98,ARK_42,ARK_98,ARK-ARK,1,0,0,0,1,0,0,0,0,0,1,0,late_only,gap_uncovered_structural_cell,ARK_42__ARK_98,1,192,2,differential,5,"[{""classification"": ""undecided"", ""elapsed"": 330.42409490793943, ""first_result"": ""sat"", ""first_timeout_ms"": 60000, ""query_count"": 32, ""second_result"": ""unknown"", ""second_timeout_ms"": 300000, ""z3_reason_unknown"": ""canceled""}, {""classification"": ""undecided"", ""elapsed"": 330.85527347400784, ""first_result"": ""sat"", ""first_timeout_ms"": 60000, ""query_count"": 64, ""second_result"": ""unknown"", ""second_timeout_ms"": 300000, ""z3_reason_unknown"": ""canceled""}, {""classification"": ""undecided"", ""elapsed"": 331.11020387522876, ""first_result"": ""sat"", ""first_timeout_ms"": 60000, ""query_count"": 96, ""second_result"": ""unknown"", ""second_timeout_ms"": 300000, ""z3_reason_unknown"": ""canceled""}, {""classification"": ""undecided"", ""elapsed"": 330.811869898811, ""first_result"": ""sat"", ""first_timeout_ms"": 60000, ""query_count"": 128, ""second_result"": ""unknown"", ""second_timeout_ms"": 300000, ""z3_reason_unknown"": ""canceled""}, {""classification"": ""full_key_unique"", ""elapsed"": 196.21366701833904, ""first_result"": ""sat"", ""first_timeout_ms"": 120000, ""query_count"": 192, ""second_result"": ""unsat"", ""second_timeout_ms"": 600000, ""z3_reason_unknown"": """"}]",sat,unsat,0.01650535687804222,193.91998241655529,99107579bc3c2c3b0d7a8a6fd1573606,99107579bc3c2c3b0d7a8a6fd1573606,,True,sat,False,False,False,,"{""0"": ""fixed"", ""1"": ""fixed"", ""10"": ""fixed"", ""11"": ""fixed"", ""12"": ""fixed"", ""13"": ""fixed"", ""14"": ""fixed"", ""15"": ""fixed"", ""2"": ""fixed"", ""3"": ""fixed"", ""4"": ""fixed"", ""5"": ""fixed"", ""6"": ""fixed"", ""7"": ""fixed"", ""8"": ""fixed"", ""9"": ""fixed""}","{""0"": ""fixed"", ""1"": ""fixed"", ""2"": ""fixed"", ""3"": ""fixed""}","[0, 1, 2, 3, 4, 5, 6, 7, 8, 9, 10, 11, 12, 13, 14, 15]",[],[],False,full_key_unique,True,uf_axiom,
ARK_42__ARK_98,ARK_42,ARK_98,ARK-ARK,1,0,0,0,1,0,0,0,0,0,1,0,late_only,gap_uncovered_structural_cell,ARK_42__ARK_98,0,192,2,differential,5,"[{""classification"": ""undecided"", ""elapsed"": 330.5653453692794, ""first_result"": ""sat"", ""first_timeout_ms"": 60000, ""query_count"": 32, ""second_result"": ""unknown"", ""second_timeout_ms"": 300000, ""z3_reason_unknown"": ""canceled""}, {""classification"": ""undecided"", ""elapsed"": 330.82873827777803, ""first_result"": ""sat"", ""first_timeout_ms"": 60000, ""query_count"": 64, ""second_result"": ""unknown"", ""second_timeout_ms"": 300000, ""z3_reason_unknown"": ""canceled""}, {""classification"": ""undecided"", ""elapsed"": 330.6066884379834, ""first_result"": ""sat"", ""first_timeout_ms"": 60000, ""query_count"": 96, ""second_result"": ""unknown"", ""second_timeout_ms"": 300000, ""z3_reason_unknown"": ""canceled""}, {""classification"": ""undecided"", ""elapsed"": 330.80602662079036, ""first_result"": ""sat"", ""first_timeout_ms"": 60000, ""query_count"": 128, ""second_result"": ""unknown"", ""second_timeout_ms"": 300000, ""z3_reason_unknown"": ""canceled""}, {""classification"": ""full_key_unique"", ""elapsed"": 236.2159066889435, ""first_result"": ""sat"", ""first_timeout_ms"": 120000, ""query_count"": 192, ""second_result"": ""unsat"", ""second_timeout_ms"": 600000, ""z3_reason_unknown"": """"}]",sat,unsat,0.016487671062350273,233.84176679700613,edf43a9a19e4a3f3bf1eec668bd00cf6,edf43a9a19e4a3f3bf1eec668bd00cf6,,True,sat,False,False,False,,"{""0"": ""fixed"", ""1"": ""fixed"", ""10"": ""fixed"", ""11"": ""fixed"", ""12"": ""fixed"", ""13"": ""fixed"", ""14"": ""fixed"", ""15"": ""fixed"", ""2"": ""fixed"", ""3"": ""fixed"", ""4"": ""fixed"", ""5"": ""fixed"", ""6"": ""fixed"", ""7"": ""fixed"", ""8"": ""fixed"", ""9"": ""fixed""}","{""0"": ""fixed"", ""1"": ""fixed"", ""2"": ""fixed"", ""3"": ""fixed""}","[0, 1, 2, 3, 4, 5, 6, 7, 8, 9, 10, 11, 12, 13, 14, 15]",[],[],False,full_key_unique,True,uf_axiom,
ARK_36__ARK_96,ARK_36,ARK_96,ARK-ARK,1,0,1,0,0,0,0,0,1,0,0,0,late_only,gap_uncovered_structural_cell,ARK_36__ARK_96,0,255,2,differential,6,"[{""classification"": ""undecided"", ""elapsed"": 330.52044676057994, ""first_result"": ""sat"", ""first_timeout_ms"": 60000, ""query_count"": 32, ""second_result"": ""unknown"", ""second_timeout_ms"": 300000, ""z3_reason_unknown"": ""canceled""}, {""classification"": ""undecided"", ""elapsed"": 330.43064491450787, ""first_result"": ""sat"", ""first_timeout_ms"": 60000, ""query_count"": 64, ""second_result"": ""unknown"", ""second_timeout_ms"": 300000, ""z3_reason_unknown"": ""canceled""}, {""classification"": ""undecided"", ""elapsed"": 330.6725058797747, ""first_result"": ""sat"", ""first_timeout_ms"": 60000, ""query_count"": 96, ""second_result"": ""unknown"", ""second_timeout_ms"": 300000, ""z3_reason_unknown"": ""canceled""}, {""classification"": ""undecided"", ""elapsed"": 330.82470532879233, ""first_result"": ""sat"", ""first_timeout_ms"": 60000, ""query_count"": 128, ""second_result"": ""unknown"", ""second_timeout_ms"": 300000, ""z3_reason_unknown"": ""canceled""}, {""classification"": ""undecided"", ""elapsed"": 631.2209897637367, ""first_result"": ""sat"", ""first_timeout_ms"": 120000, ""query_count"": 192, ""second_result"": ""unknown"", ""second_timeout_ms"": 600000, ""z3_reason_unknown"": ""canceled""}, {""classification"": ""full_key_unique"", ""elapsed"": 188.11553985066712, ""first_result"": ""sat"", ""first_timeout_ms"": 120000, ""query_count"": 255, ""second_result"": ""unsat"", ""second_timeout_ms"": 1800000, ""z3_reason_unknown"": """"}]",sat,unsat,0.03042120672762394,185.13717840984464,edf43a9a19e4a3f3bf1eec668bd00cf6,edf43a9a19e4a3f3bf1eec668bd00cf6,,True,sat,False,False,False,,"{""0"": ""fixed"", ""1"": ""fixed"", ""10"": ""fixed"", ""11"": ""fixed"", ""12"": ""fixed"", ""13"": ""fixed"", ""14"": ""fixed"", ""15"": ""fixed"", ""2"": ""fixed"", ""3"": ""fixed"", ""4"": ""fixed"", ""5"": ""fixed"", ""6"": ""fixed"", ""7"": ""fixed"", ""8"": ""fixed"", ""9"": ""fixed""}","{""0"": ""fixed"", ""1"": ""fixed"", ""2"": ""fixed"", ""3"": ""fixed""}","[0, 1, 2, 3, 4, 5, 6, 7, 8, 9, 10, 11, 12, 13, 14, 15]",[],[],False,full_key_unique,True,uf_axiom,
ARK_97__ARK_126,ARK_97,ARK_126,ARK-ARK,1,0,0,1,0,0,0,0,0,0,0,0,late_only,gap_uncovered_structural_cell,ARK_97__ARK_126,1,32,2,differential,1,"[{""classification"": ""ambiguity"", ""elapsed"": 31.69000625051558, ""first_result"": ""sat"", ""first_timeout_ms"": 60000, ""query_count"": 32, ""second_result"": ""sat"", ""second_timeout_ms"": 300000, ""z3_reason_unknown"": """"}]",sat,sat,0.0020555444061756134,21.532495683059096,99107579bc3c2c3b0d7a8a6fd1573606,99107579bc3c2c3b0d7a8a6fd1573606,a21036f9ff32223395345c6fd115afdc,True,sat,False,False,False,,"{""0"": ""free"", ""1"": ""fixed"", ""10"": ""free"", ""11"": ""fixed"", ""12"": ""fixed"", ""13"": ""free"", ""14"": ""free"", ""15"": ""free"", ""2"": ""free"", ""3"": ""free"", ""4"": ""free"", ""5"": ""free"", ""6"": ""free"", ""7"": ""free"", ""8"": ""free"", ""9"": ""free""}","{""0"": ""free"", ""1"": ""free"", ""2"": ""free"", ""3"": ""free""}","[1, 11, 12]","[0, 2, 3, 4, 5, 6, 7, 8, 9, 10, 13, 14, 15]",[],False,ambiguity,False,uf_axiom,
ARK_31__ARK_86,ARK_31,ARK_86,ARK-ARK,1,0,0,0,0,0,0,0,0,0,1,0,late_only,gap_uncovered_structural_cell,ARK_31__ARK_86,2,32,2,differential,1,"[{""classification"": ""ambiguity"", ""elapsed"": 108.1352460347116, ""first_result"": ""sat"", ""first_timeout_ms"": 60000, ""query_count"": 32, ""second_result"": ""sat"", ""second_timeout_ms"": 300000, ""z3_reason_unknown"": """"}]",sat,sat,0.0029550567269325256,107.70370258204639,a66f651322597191ab9f8f8af4c2db61,a66f651322597191ab9f8f8af4c2db61,221228083329be6094304cdf18ad40da,True,sat,False,False,False,,"{""0"": ""free"", ""1"": ""free"", ""10"": ""free"", ""11"": ""free"", ""12"": ""free"", ""13"": ""free"", ""14"": ""free"", ""15"": ""free"", ""2"": ""free"", ""3"": ""free"", ""4"": ""free"", ""5"": ""free"", ""6"": ""free"", ""7"": ""free"", ""8"": ""free"", ""9"": ""free""}","{""0"": ""free"", ""1"": ""free"", ""2"": ""free"", ""3"": ""free""}",[],"[0, 1, 2, 3, 4, 5, 6, 7, 8, 9, 10, 11, 12, 13, 14, 15]",[],False,ambiguity,False,uf_axiom,
ARK_71__ARK_127,ARK_71,ARK_127,ARK-ARK,1,0,0,0,1,0,0,0,0,0,1,0,late_only,gap_uncovered_structural_cell,ARK_71__ARK_127,2,32,2,differential,1,"[{""classification"": ""ambiguity"", ""elapsed"": 120.49270656332374, ""first_result"": ""sat"", ""first_timeout_ms"": 60000, ""query_count"": 32, ""second_result"": ""sat"", ""second_timeout_ms"": 300000, ""z3_reason_unknown"": """"}]",sat,sat,0.0018948428332805634,120.10137699171901,a66f651322597191ab9f8f8af4c2db61,a66f651322597191ab9f8f8af4c2db61,15a0bfb26aa74c0301fd4da648fd2cdd,True,sat,False,False,False,,"{""0"": ""free"", ""1"": ""free"", ""10"": ""free"", ""11"": ""free"", ""12"": ""free"", ""13"": ""free"", ""14"": ""free"", ""15"": ""free"", ""2"": ""free"", ""3"": ""free"", ""4"": ""free"", ""5"": ""free"", ""6"": ""free"", ""7"": ""free"", ""8"": ""free"", ""9"": ""free""}","{""0"": ""free"", ""1"": ""free"", ""2"": ""free"", ""3"": ""free""}",[],"[0, 1, 2, 3, 4, 5, 6, 7, 8, 9, 10, 11, 12, 13, 14, 15]",[],False,ambiguity,False,uf_axiom,
ARK_3__ARK_120,ARK_3,ARK_120,ARK-ARK,1,0,0,0,0,0,0,0,0,1,0,0,late_only,gap_uncovered_structural_cell,ARK_3__ARK_120,0,32,2,differential,1,"[{""classification"": ""ambiguity"", ""elapsed"": 126.43896948546171, ""first_result"": ""sat"", ""first_timeout_ms"": 60000, ""query_count"": 32, ""second_result"": ""sat"", ""second_timeout_ms"": 300000, ""z3_reason_unknown"": """"}]",sat,sat,0.0029997490346431732,125.97880310378969,edf43a9a19e4a3f3bf1eec668bd00cf6,edf43a9a19e4a3f3bf1eec668bd00cf6,fae9556bb447fcbda4f463ff9ec7eb40,True,sat,False,False,False,,"{""0"": ""free"", ""1"": ""free"", ""10"": ""free"", ""11"": ""free"", ""12"": ""free"", ""13"": ""free"", ""14"": ""free"", ""15"": ""free"", ""2"": ""free"", ""3"": ""free"", ""4"": ""free"", ""5"": ""free"", ""6"": ""free"", ""7"": ""free"", ""8"": ""free"", ""9"": ""free""}","{""0"": ""free"", ""1"": ""free"", ""2"": ""free"", ""3"": ""free""}",[],"[0, 1, 2, 3, 4, 5, 6, 7, 8, 9, 10, 11, 12, 13, 14, 15]",[],False,ambiguity,False,uf_axiom,
ARK_97__ARK_126,ARK_97,ARK_126,ARK-ARK,1,0,0,1,0,0,0,0,0,0,0,0,late_only,gap_uncovered_structural_cell,ARK_97__ARK_126,0,32,2,differential,1,"[{""classification"": ""ambiguity"", ""elapsed"": 131.5645342208445, ""first_result"": ""sat"", ""first_timeout_ms"": 60000, ""query_count"": 32, ""second_result"": ""sat"", ""second_timeout_ms"": 300000, ""z3_reason_unknown"": """"}]",sat,sat,0.002039114013314247,101.35302306711674,edf43a9a19e4a3f3bf1eec668bd00cf6,edf43a9a19e4a3f3bf1eec668bd00cf6,704f2c112272a330bca747668be2ef17,True,sat,False,False,False,,"{""0"": ""free"", ""1"": ""free"", ""10"": ""free"", ""11"": ""fixed"", ""12"": ""fixed"", ""13"": ""free"", ""14"": ""free"", ""15"": ""free"", ""2"": ""free"", ""3"": ""free"", ""4"": ""free"", ""5"": ""free"", ""6"": ""fixed"", ""7"": ""free"", ""8"": ""free"", ""9"": ""free""}","{""0"": ""free"", ""1"": ""free"", ""2"": ""free"", ""3"": ""free""}","[6, 11, 12]","[0, 1, 2, 3, 4, 5, 7, 8, 9, 10, 13, 14, 15]",[],False,ambiguity,False,uf_axiom,
ARK_29__ARK_117,ARK_29,ARK_117,ARK-ARK,1,0,0,0,1,0,0,0,0,0,1,0,late_only,gap_uncovered_structural_cell,ARK_29__ARK_117,0,32,2,differential,1,"[{""classification"": ""ambiguity"", ""elapsed"": 151.25760770775378, ""first_result"": ""sat"", ""first_timeout_ms"": 60000, ""query_count"": 32, ""second_result"": ""sat"", ""second_timeout_ms"": 300000, ""z3_reason_unknown"": """"}]",sat,sat,0.003009594976902008,150.8071109559387,edf43a9a19e4a3f3bf1eec668bd00cf6,edf43a9a19e4a3f3bf1eec668bd00cf6,20616ce0cd2a8491e3908c0e404ff16e,True,sat,False,False,False,,"{""0"": ""free"", ""1"": ""free"", ""10"": ""free"", ""11"": ""free"", ""12"": ""free"", ""13"": ""free"", ""14"": ""free"", ""15"": ""free"", ""2"": ""free"", ""3"": ""free"", ""4"": ""free"", ""5"": ""free"", ""6"": ""free"", ""7"": ""free"", ""8"": ""free"", ""9"": ""free""}","{""0"": ""free"", ""1"": ""free"", ""2"": ""free"", ""3"": ""free""}",[],"[0, 1, 2, 3, 4, 5, 6, 7, 8, 9, 10, 11, 12, 13, 14, 15]",[],False,ambiguity,False,uf_axiom,
ARK_47__ARK_117,ARK_47,ARK_117,ARK-ARK,1,0,0,0,0,0,0,0,0,0,1,0,late_only,gap_uncovered_structural_cell,ARK_47__ARK_117,0,32,2,differential,1,"[{""classification"": ""ambiguity"", ""elapsed"": 161.90396869555116, ""first_result"": ""sat"", ""first_timeout_ms"": 60000, ""query_count"": 32, ""second_result"": ""sat"", ""second_timeout_ms"": 300000, ""z3_reason_unknown"": """"}]",sat,sat,0.003165876492857933,161.45296769030392,edf43a9a19e4a3f3bf1eec668bd00cf6,edf43a9a19e4a3f3bf1eec668bd00cf6,4dcada15296f84810065694c9b8174f0,True,sat,False,False,False,,"{""0"": ""free"", ""1"": ""free"", ""10"": ""free"", ""11"": ""free"", ""12"": ""free"", ""13"": ""free"", ""14"": ""free"", ""15"": ""free"", ""2"": ""free"", ""3"": ""free"", ""4"": ""free"", ""5"": ""free"", ""6"": ""free"", ""7"": ""free"", ""8"": ""free"", ""9"": ""free""}","{""0"": ""free"", ""1"": ""free"", ""2"": ""free"", ""3"": ""free""}",[],"[0, 1, 2, 3, 4, 5, 6, 7, 8, 9, 10, 11, 12, 13, 14, 15]",[],False,ambiguity,False,uf_axiom,
ARK_97__ARK_126,ARK_97,ARK_126,ARK-ARK,1,0,0,1,0,0,0,0,0,0,0,0,late_only,gap_uncovered_structural_cell,ARK_97__ARK_126,2,32,2,differential,1,"[{""classification"": ""ambiguity"", ""elapsed"": 164.44337267428637, ""first_result"": ""sat"", ""first_timeout_ms"": 60000, ""query_count"": 32, ""second_result"": ""sat"", ""second_timeout_ms"": 300000, ""z3_reason_unknown"": """"}]",sat,sat,0.0021103564649820328,134.0021293554455,a66f651322597191ab9f8f8af4c2db61,a66f651322597191ab9f8f8af4c2db61,70ac789e5901a947bf821d7af4cc429c,True,sat,False,False,False,,"{""0"": ""free"", ""1"": ""free"", ""10"": ""free"", ""11"": ""free"", ""12"": ""unknown"", ""13"": ""free"", ""14"": ""free"", ""15"": ""free"", ""2"": ""free"", ""3"": ""free"", ""4"": ""free"", ""5"": ""free"", ""6"": ""free"", ""7"": ""free"", ""8"": ""free"", ""9"": ""free""}","{""0"": ""free"", ""1"": ""free"", ""2"": ""free"", ""3"": ""free""}",[],"[0, 1, 2, 3, 4, 5, 6, 7, 8, 9, 10, 11, 13, 14, 15]",[12],False,ambiguity,False,uf_axiom,
ARK_29__ARK_67,ARK_29,ARK_67,ARK-ARK,1,0,0,0,0,0,0,0,0,0,1,0,late_only,gap_uncovered_structural_cell,ARK_29__ARK_67,0,32,2,differential,1,"[{""classification"": ""ambiguity"", ""elapsed"": 166.46284178830683, ""first_result"": ""sat"", ""first_timeout_ms"": 60000, ""query_count"": 32, ""second_result"": ""sat"", ""second_timeout_ms"": 300000, ""z3_reason_unknown"": """"}]",sat,sat,0.0031560510396957397,165.9952839743346,edf43a9a19e4a3f3bf1eec668bd00cf6,edf43a9a19e4a3f3bf1eec668bd00cf6,f201e441e9b9370922eac8100d96a182,True,sat,False,False,False,,"{""0"": ""free"", ""1"": ""free"", ""10"": ""free"", ""11"": ""free"", ""12"": ""free"", ""13"": ""free"", ""14"": ""free"", ""15"": ""free"", ""2"": ""free"", ""3"": ""free"", ""4"": ""free"", ""5"": ""free"", ""6"": ""free"", ""7"": ""free"", ""8"": ""free"", ""9"": ""free""}","{""0"": ""free"", ""1"": ""free"", ""2"": ""free"", ""3"": ""free""}",[],"[0, 1, 2, 3, 4, 5, 6, 7, 8, 9, 10, 11, 12, 13, 14, 15]",[],False,ambiguity,False,uf_axiom,
ARK_31__ARK_86,ARK_31,ARK_86,ARK-ARK,1,0,0,0,0,0,0,0,0,0,1,0,late_only,gap_uncovered_structural_cell,ARK_31__ARK_86,0,32,2,differential,1,"[{""classification"": ""ambiguity"", ""elapsed"": 175.75482236593962, ""first_result"": ""sat"", ""first_timeout_ms"": 60000, ""query_count"": 32, ""second_result"": ""sat"", ""second_timeout_ms"": 300000, ""z3_reason_unknown"": """"}]",sat,sat,0.0030419323593378067,175.26280128210783,edf43a9a19e4a3f3bf1eec668bd00cf6,edf43a9a19e4a3f3bf1eec668bd00cf6,75f7dd14d571094711654e69bcf788d9,True,sat,False,False,False,,"{""0"": ""free"", ""1"": ""free"", ""10"": ""free"", ""11"": ""free"", ""12"": ""free"", ""13"": ""free"", ""14"": ""free"", ""15"": ""free"", ""2"": ""free"", ""3"": ""free"", ""4"": ""free"", ""5"": ""free"", ""6"": ""free"", ""7"": ""free"", ""8"": ""free"", ""9"": ""free""}","{""0"": ""free"", ""1"": ""free"", ""2"": ""free"", ""3"": ""free""}",[],"[0, 1, 2, 3, 4, 5, 6, 7, 8, 9, 10, 11, 12, 13, 14, 15]",[],False,ambiguity,False,uf_axiom,
ARK_13__ARK_61,ARK_13,ARK_61,ARK-ARK,1,0,0,0,1,0,0,0,0,0,1,0,late_only,gap_uncovered_structural_cell,ARK_13__ARK_61,2,32,2,differential,1,"[{""classification"": ""ambiguity"", ""elapsed"": 192.97055001556873, ""first_result"": ""sat"", ""first_timeout_ms"": 60000, ""query_count"": 32, ""second_result"": ""sat"", ""second_timeout_ms"": 300000, ""z3_reason_unknown"": """"}]",sat,sat,0.0036440305411815643,192.50754238851368,a66f651322597191ab9f8f8af4c2db61,a66f651322597191ab9f8f8af4c2db61,007ef85d92c1f8bdd9c500154c366589,True,sat,False,False,False,,"{""0"": ""free"", ""1"": ""free"", ""10"": ""free"", ""11"": ""free"", ""12"": ""free"", ""13"": ""free"", ""14"": ""free"", ""15"": ""free"", ""2"": ""free"", ""3"": ""free"", ""4"": ""free"", ""5"": ""free"", ""6"": ""free"", ""7"": ""free"", ""8"": ""free"", ""9"": ""free""}","{""0"": ""free"", ""1"": ""free"", ""2"": ""free"", ""3"": ""free""}",[],"[0, 1, 2, 3, 4, 5, 6, 7, 8, 9, 10, 11, 12, 13, 14, 15]",[],False,ambiguity,False,uf_axiom,
ARK_90__ARK_97,ARK_90,ARK_97,ARK-ARK,1,0,0,0,0,0,0,0,0,0,1,0,late_only,gap_uncovered_structural_cell,ARK_90__ARK_97,2,32,2,differential,1,"[{""classification"": ""ambiguity"", ""elapsed"": 208.2818261999637, ""first_result"": ""sat"", ""first_timeout_ms"": 60000, ""query_count"": 32, ""second_result"": ""sat"", ""second_timeout_ms"": 300000, ""z3_reason_unknown"": """"}]",sat,sat,0.0029485654085874557,207.81065878272057,a66f651322597191ab9f8f8af4c2db61,a66f651322597191ab9f8f8af4c2db61,76ac718e286530e13d99a10af7307153,True,sat,False,False,False,,"{""0"": ""free"", ""1"": ""free"", ""10"": ""free"", ""11"": ""free"", ""12"": ""free"", ""13"": ""free"", ""14"": ""free"", ""15"": ""free"", ""2"": ""free"", ""3"": ""free"", ""4"": ""free"", ""5"": ""free"", ""6"": ""free"", ""7"": ""free"", ""8"": ""free"", ""9"": ""free""}","{""0"": ""free"", ""1"": ""free"", ""2"": ""free"", ""3"": ""free""}",[],"[0, 1, 2, 3, 4, 5, 6, 7, 8, 9, 10, 11, 12, 13, 14, 15]",[],False,ambiguity,False,uf_axiom,
ARK_29__ARK_67,ARK_29,ARK_67,ARK-ARK,1,0,0,0,0,0,0,0,0,0,1,0,late_only,gap_uncovered_structural_cell,ARK_29__ARK_67,2,32,2,differential,1,"[{""classification"": ""ambiguity"", ""elapsed"": 212.75921041704714, ""first_result"": ""sat"", ""first_timeout_ms"": 60000, ""query_count"": 32, ""second_result"": ""sat"", ""second_timeout_ms"": 300000, ""z3_reason_unknown"": """"}]",sat,sat,0.003020467236638069,182.29912058077753,a66f651322597191ab9f8f8af4c2db61,a66f651322597191ab9f8f8af4c2db61,384ddf9004590f7b17c17665b129f342,True,sat,False,False,False,,"{""0"": ""free"", ""1"": ""free"", ""10"": ""free"", ""11"": ""free"", ""12"": ""free"", ""13"": ""free"", ""14"": ""free"", ""15"": ""free"", ""2"": ""free"", ""3"": ""free"", ""4"": ""free"", ""5"": ""unknown"", ""6"": ""free"", ""7"": ""free"", ""8"": ""free"", ""9"": ""free""}","{""0"": ""free"", ""1"": ""free"", ""2"": ""free"", ""3"": ""free""}",[],"[0, 1, 2, 3, 4, 6, 7, 8, 9, 10, 11, 12, 13, 14, 15]",[5],False,ambiguity,False,uf_axiom,
ARK_90__ARK_97,ARK_90,ARK_97,ARK-ARK,1,0,0,0,0,0,0,0,0,0,1,0,late_only,gap_uncovered_structural_cell,ARK_90__ARK_97,0,32,2,differential,1,"[{""classification"": ""ambiguity"", ""elapsed"": 219.81776829995215, ""first_result"": ""sat"", ""first_timeout_ms"": 60000, ""query_count"": 32, ""second_result"": ""sat"", ""second_timeout_ms"": 300000, ""z3_reason_unknown"": """"}]",sat,sat,0.003116147592663765,219.35659411922097,edf43a9a19e4a3f3bf1eec668bd00cf6,edf43a9a19e4a3f3bf1eec668bd00cf6,f6076ef3c00804550488defde594a55b,True,sat,False,False,False,,"{""0"": ""free"", ""1"": ""free"", ""10"": ""free"", ""11"": ""free"", ""12"": ""free"", ""13"": ""free"", ""14"": ""free"", ""15"": ""free"", ""2"": ""free"", ""3"": ""free"", ""4"": ""free"", ""5"": ""free"", ""6"": ""free"", ""7"": ""free"", ""8"": ""free"", ""9"": ""free""}","{""0"": ""free"", ""1"": ""free"", ""2"": ""free"", ""3"": ""free""}",[],"[0, 1, 2, 3, 4, 5, 6, 7, 8, 9, 10, 11, 12, 13, 14, 15]",[],False,ambiguity,False,uf_axiom,
ARK_60__ARK_101,ARK_60,ARK_101,ARK-ARK,1,0,0,0,0,0,0,0,0,0,1,0,late_only,gap_uncovered_structural_cell,ARK_60__ARK_101,1,32,2,differential,1,"[{""classification"": ""ambiguity"", ""elapsed"": 296.5237858798355, ""first_result"": ""sat"", ""first_timeout_ms"": 60000, ""query_count"": 32, ""second_result"": ""sat"", ""second_timeout_ms"": 300000, ""z3_reason_unknown"": """"}]",sat,sat,0.003048676997423172,296.07304819114506,99107579bc3c2c3b0d7a8a6fd1573606,99107579bc3c2c3b0d7a8a6fd1573606,b019029a0806000425e2b29cfe520018,True,sat,False,False,False,,"{""0"": ""free"", ""1"": ""free"", ""10"": ""free"", ""11"": ""free"", ""12"": ""free"", ""13"": ""free"", ""14"": ""free"", ""15"": ""free"", ""2"": ""free"", ""3"": ""free"", ""4"": ""free"", ""5"": ""free"", ""6"": ""free"", ""7"": ""free"", ""8"": ""free"", ""9"": ""free""}","{""0"": ""free"", ""1"": ""free"", ""2"": ""free"", ""3"": ""free""}",[],"[0, 1, 2, 3, 4, 5, 6, 7, 8, 9, 10, 11, 12, 13, 14, 15]",[],False,ambiguity,False,uf_axiom,
ARK_29__ARK_117,ARK_29,ARK_117,ARK-ARK,1,0,0,0,1,0,0,0,0,0,1,0,late_only,gap_uncovered_structural_cell,ARK_29__ARK_117,1,32,2,differential,1,"[{""classification"": ""ambiguity"", ""elapsed"": 297.72301049157977, ""first_result"": ""sat"", ""first_timeout_ms"": 60000, ""query_count"": 32, ""second_result"": ""sat"", ""second_timeout_ms"": 300000, ""z3_reason_unknown"": """"}]",sat,sat,0.0031505338847637177,297.22696932032704,99107579bc3c2c3b0d7a8a6fd1573606,99107579bc3c2c3b0d7a8a6fd1573606,3f4def21e6333005991d120be75fa4b5,True,sat,False,False,False,,"{""0"": ""free"", ""1"": ""free"", ""10"": ""free"", ""11"": ""free"", ""12"": ""free"", ""13"": ""free"", ""14"": ""free"", ""15"": ""free"", ""2"": ""free"", ""3"": ""free"", ""4"": ""free"", ""5"": ""free"", ""6"": ""free"", ""7"": ""free"", ""8"": ""free"", ""9"": ""free""}","{""0"": ""free"", ""1"": ""free"", ""2"": ""free"", ""3"": ""free""}",[],"[0, 1, 2, 3, 4, 5, 6, 7, 8, 9, 10, 11, 12, 13, 14, 15]",[],False,ambiguity,False,uf_axiom,
ARK_13__ARK_61,ARK_13,ARK_61,ARK-ARK,1,0,0,0,1,0,0,0,0,0,1,0,late_only,gap_uncovered_structural_cell,ARK_13__ARK_61,1,64,2,differential,2,"[{""classification"": ""undecided"", ""elapsed"": 330.44439026527107, ""first_result"": ""sat"", ""first_timeout_ms"": 60000, ""query_count"": 32, ""second_result"": ""unknown"", ""second_timeout_ms"": 300000, ""z3_reason_unknown"": ""canceled""}, {""classification"": ""full_key_unique"", ""elapsed"": 282.1266813930124, ""first_result"": ""sat"", ""first_timeout_ms"": 60000, ""query_count"": 64, ""second_result"": ""unsat"", ""second_timeout_ms"": 300000, ""z3_reason_unknown"": """"}]",sat,unsat,0.006037561222910881,281.3775780685246,99107579bc3c2c3b0d7a8a6fd1573606,99107579bc3c2c3b0d7a8a6fd1573606,,True,sat,False,False,False,,"{""0"": ""fixed"", ""1"": ""fixed"", ""10"": ""fixed"", ""11"": ""fixed"", ""12"": ""fixed"", ""13"": ""fixed"", ""14"": ""fixed"", ""15"": ""fixed"", ""2"": ""fixed"", ""3"": ""fixed"", ""4"": ""fixed"", ""5"": ""fixed"", ""6"": ""fixed"", ""7"": ""fixed"", ""8"": ""fixed"", ""9"": ""fixed""}","{""0"": ""fixed"", ""1"": ""fixed"", ""2"": ""fixed"", ""3"": ""fixed""}","[0, 1, 2, 3, 4, 5, 6, 7, 8, 9, 10, 11, 12, 13, 14, 15]",[],[],False,full_key_unique,True,uf_axiom,
ARK_29__ARK_67,ARK_29,ARK_67,ARK-ARK,1,0,0,0,0,0,0,0,0,0,1,0,late_only,gap_uncovered_structural_cell,ARK_29__ARK_67,1,96,2,differential,3,"[{""classification"": ""undecided"", ""elapsed"": 330.44126047566533, ""first_result"": ""sat"", ""first_timeout_ms"": 60000, ""query_count"": 32, ""second_result"": ""unknown"", ""second_timeout_ms"": 300000, ""z3_reason_unknown"": ""canceled""}, {""classification"": ""undecided"", ""elapsed"": 330.4101028814912, ""first_result"": ""sat"", ""first_timeout_ms"": 60000, ""query_count"": 64, ""second_result"": ""unknown"", ""second_timeout_ms"": 300000, ""z3_reason_unknown"": ""canceled""}, {""classification"": ""full_key_unique"", ""elapsed"": 47.64425878971815, ""first_result"": ""sat"", ""first_timeout_ms"": 60000, ""query_count"": 96, ""second_result"": ""unsat"", ""second_timeout_ms"": 300000, ""z3_reason_unknown"": """"}]",sat,unsat,0.0060762688517570496,47.01905609481037,99107579bc3c2c3b0d7a8a6fd1573606,99107579bc3c2c3b0d7a8a6fd1573606,,True,sat,False,False,False,,"{""0"": ""fixed"", ""1"": ""fixed"", ""10"": ""fixed"", ""11"": ""fixed"", ""12"": ""fixed"", ""13"": ""fixed"", ""14"": ""fixed"", ""15"": ""fixed"", ""2"": ""fixed"", ""3"": ""fixed"", ""4"": ""fixed"", ""5"": ""fixed"", ""6"": ""fixed"", ""7"": ""fixed"", ""8"": ""fixed"", ""9"": ""fixed""}","{""0"": ""fixed"", ""1"": ""fixed"", ""2"": ""fixed"", ""3"": ""fixed""}","[0, 1, 2, 3, 4, 5, 6, 7, 8, 9, 10, 11, 12, 13, 14, 15]",[],[],False,full_key_unique,True,uf_axiom,
ARK_13__ARK_61,ARK_13,ARK_61,ARK-ARK,1,0,0,0,1,0,0,0,0,0,1,0,late_only,gap_uncovered_structural_cell,ARK_13__ARK_61,0,96,2,differential,3,"[{""classification"": ""undecided"", ""elapsed"": 330.45805588178337, ""first_result"": ""sat"", ""first_timeout_ms"": 60000, ""query_count"": 32, ""second_result"": ""unknown"", ""second_timeout_ms"": 300000, ""z3_reason_unknown"": ""canceled""}, {""classification"": ""undecided"", ""elapsed"": 330.4511999953538, ""first_result"": ""sat"", ""first_timeout_ms"": 60000, ""query_count"": 64, ""second_result"": ""unknown"", ""second_timeout_ms"": 300000, ""z3_reason_unknown"": ""canceled""}, {""classification"": ""full_key_unique"", ""elapsed"": 69.34389840438962, ""first_result"": ""sat"", ""first_timeout_ms"": 60000, ""query_count"": 96, ""second_result"": ""unsat"", ""second_timeout_ms"": 300000, ""z3_reason_unknown"": """"}]",sat,unsat,0.0054765380918979645,68.71237765997648,edf43a9a19e4a3f3bf1eec668bd00cf6,edf43a9a19e4a3f3bf1eec668bd00cf6,,True,sat,False,False,False,,"{""0"": ""fixed"", ""1"": ""fixed"", ""10"": ""fixed"", ""11"": ""fixed"", ""12"": ""fixed"", ""13"": ""fixed"", ""14"": ""fixed"", ""15"": ""fixed"", ""2"": ""fixed"", ""3"": ""fixed"", ""4"": ""fixed"", ""5"": ""fixed"", ""6"": ""fixed"", ""7"": ""fixed"", ""8"": ""fixed"", ""9"": ""fixed""}","{""0"": ""fixed"", ""1"": ""fixed"", ""2"": ""fixed"", ""3"": ""fixed""}","[0, 1, 2, 3, 4, 5, 6, 7, 8, 9, 10, 11, 12, 13, 14, 15]",[],[],False,full_key_unique,True,uf_axiom,
ARK_90__ARK_97,ARK_90,ARK_97,ARK-ARK,1,0,0,0,0,0,0,0,0,0,1,0,late_only,gap_uncovered_structural_cell,ARK_90__ARK_97,1,96,2,differential,3,"[{""classification"": ""undecided"", ""elapsed"": 330.4386347271502, ""first_result"": ""sat"", ""first_timeout_ms"": 60000, ""query_count"": 32, ""second_result"": ""unknown"", ""second_timeout_ms"": 300000, ""z3_reason_unknown"": ""canceled""}, {""classification"": ""undecided"", ""elapsed"": 330.43369643576443, ""first_result"": ""sat"", ""first_timeout_ms"": 60000, ""query_count"": 64, ""second_result"": ""unknown"", ""second_timeout_ms"": 300000, ""z3_reason_unknown"": ""canceled""}, {""classification"": ""full_key_unique"", ""elapsed"": 80.52883753925562, ""first_result"": ""sat"", ""first_timeout_ms"": 60000, ""query_count"": 96, ""second_result"": ""unsat"", ""second_timeout_ms"": 300000, ""z3_reason_unknown"": """"}]",sat,unsat,0.005838396027684212,79.87238756194711,99107579bc3c2c3b0d7a8a6fd1573606,99107579bc3c2c3b0d7a8a6fd1573606,,True,sat,False,False,False,,"{""0"": ""fixed"", ""1"": ""fixed"", ""10"": ""fixed"", ""11"": ""fixed"", ""12"": ""fixed"", ""13"": ""fixed"", ""14"": ""fixed"", ""15"": ""fixed"", ""2"": ""fixed"", ""3"": ""fixed"", ""4"": ""fixed"", ""5"": ""fixed"", ""6"": ""fixed"", ""7"": ""fixed"", ""8"": ""fixed"", ""9"": ""fixed""}","{""0"": ""fixed"", ""1"": ""fixed"", ""2"": ""fixed"", ""3"": ""fixed""}","[0, 1, 2, 3, 4, 5, 6, 7, 8, 9, 10, 11, 12, 13, 14, 15]",[],[],False,full_key_unique,True,uf_axiom,
ARK_71__ARK_127,ARK_71,ARK_127,ARK-ARK,1,0,0,0,1,0,0,0,0,0,1,0,late_only,gap_uncovered_structural_cell,ARK_71__ARK_127,0,96,2,differential,3,"[{""classification"": ""undecided"", ""elapsed"": 330.4418364278972, ""first_result"": ""sat"", ""first_timeout_ms"": 60000, ""query_count"": 32, ""second_result"": ""unknown"", ""second_timeout_ms"": 300000, ""z3_reason_unknown"": ""canceled""}, {""classification"": ""undecided"", ""elapsed"": 330.74096354842186, ""first_result"": ""sat"", ""first_timeout_ms"": 60000, ""query_count"": 64, ""second_result"": ""unknown"", ""second_timeout_ms"": 300000, ""z3_reason_unknown"": ""canceled""}, {""classification"": ""full_key_unique"", ""elapsed"": 218.52512059733272, ""first_result"": ""sat"", ""first_timeout_ms"": 60000, ""query_count"": 96, ""second_result"": ""unsat"", ""second_timeout_ms"": 300000, ""z3_reason_unknown"": """"}]",sat,unsat,0.005597228184342384,217.9288883432746,edf43a9a19e4a3f3bf1eec668bd00cf6,edf43a9a19e4a3f3bf1eec668bd00cf6,,True,sat,False,False,False,,"{""0"": ""fixed"", ""1"": ""fixed"", ""10"": ""fixed"", ""11"": ""fixed"", ""12"": ""fixed"", ""13"": ""fixed"", ""14"": ""fixed"", ""15"": ""fixed"", ""2"": ""fixed"", ""3"": ""fixed"", ""4"": ""fixed"", ""5"": ""fixed"", ""6"": ""fixed"", ""7"": ""fixed"", ""8"": ""fixed"", ""9"": ""fixed""}","{""0"": ""fixed"", ""1"": ""fixed"", ""2"": ""fixed"", ""3"": ""fixed""}","[0, 1, 2, 3, 4, 5, 6, 7, 8, 9, 10, 11, 12, 13, 14, 15]",[],[],False,full_key_unique,True,uf_axiom,
ARK_31__ARK_86,ARK_31,ARK_86,ARK-ARK,1,0,0,0,0,0,0,0,0,0,1,0,late_only,gap_uncovered_structural_cell,ARK_31__ARK_86,1,96,2,differential,3,"[{""classification"": ""undecided"", ""elapsed"": 330.44765889272094, ""first_result"": ""sat"", ""first_timeout_ms"": 60000, ""query_count"": 32, ""second_result"": ""unknown"", ""second_timeout_ms"": 300000, ""z3_reason_unknown"": ""canceled""}, {""classification"": ""undecided"", ""elapsed"": 330.79407562315464, ""first_result"": ""sat"", ""first_timeout_ms"": 60000, ""query_count"": 64, ""second_result"": ""unknown"", ""second_timeout_ms"": 300000, ""z3_reason_unknown"": ""canceled""}, {""classification"": ""full_key_unique"", ""elapsed"": 299.94524013251066, ""first_result"": ""sat"", ""first_timeout_ms"": 60000, ""query_count"": 96, ""second_result"": ""unsat"", ""second_timeout_ms"": 300000, ""z3_reason_unknown"": """"}]",sat,unsat,0.005245424807071686,299.3175615686923,99107579bc3c2c3b0d7a8a6fd1573606,99107579bc3c2c3b0d7a8a6fd1573606,,True,sat,False,False,False,,"{""0"": ""fixed"", ""1"": ""fixed"", ""10"": ""fixed"", ""11"": ""fixed"", ""12"": ""fixed"", ""13"": ""fixed"", ""14"": ""fixed"", ""15"": ""fixed"", ""2"": ""fixed"", ""3"": ""fixed"", ""4"": ""fixed"", ""5"": ""fixed"", ""6"": ""fixed"", ""7"": ""fixed"", ""8"": ""fixed"", ""9"": ""fixed""}","{""0"": ""fixed"", ""1"": ""fixed"", ""2"": ""fixed"", ""3"": ""fixed""}","[0, 1, 2, 3, 4, 5, 6, 7, 8, 9, 10, 11, 12, 13, 14, 15]",[],[],False,full_key_unique,True,uf_axiom,
ARK_29__ARK_117,ARK_29,ARK_117,ARK-ARK,1,0,0,0,1,0,0,0,0,0,1,0,late_only,gap_uncovered_structural_cell,ARK_29__ARK_117,2,128,2,differential,4,"[{""classification"": ""undecided"", ""elapsed"": 330.4524710699916, ""first_result"": ""sat"", ""first_timeout_ms"": 60000, ""query_count"": 32, ""second_result"": ""unknown"", ""second_timeout_ms"": 300000, ""z3_reason_unknown"": ""canceled""}, {""classification"": ""undecided"", ""elapsed"": 330.44819813780487, ""first_result"": ""sat"", ""first_timeout_ms"": 60000, ""query_count"": 64, ""second_result"": ""unknown"", ""second_timeout_ms"": 300000, ""z3_reason_unknown"": ""canceled""}, {""classification"": ""undecided"", ""elapsed"": 331.04646977968514, ""first_result"": ""sat"", ""first_timeout_ms"": 60000, ""query_count"": 96, ""second_result"": ""unknown"", ""second_timeout_ms"": 300000, ""z3_reason_unknown"": ""canceled""}, {""classification"": ""full_key_unique"", ""elapsed"": 57.052230771631, ""first_result"": ""sat"", ""first_timeout_ms"": 60000, ""query_count"": 128, ""second_result"": ""unsat"", ""second_timeout_ms"": 300000, ""z3_reason_unknown"": """"}]",sat,unsat,0.011311812326312065,55.614458944648504,a66f651322597191ab9f8f8af4c2db61,a66f651322597191ab9f8f8af4c2db61,,True,sat,False,False,False,,"{""0"": ""fixed"", ""1"": ""fixed"", ""10"": ""fixed"", ""11"": ""fixed"", ""12"": ""fixed"", ""13"": ""fixed"", ""14"": ""fixed"", ""15"": ""fixed"", ""2"": ""fixed"", ""3"": ""fixed"", ""4"": ""fixed"", ""5"": ""fixed"", ""6"": ""fixed"", ""7"": ""fixed"", ""8"": ""fixed"", ""9"": ""fixed""}","{""0"": ""fixed"", ""1"": ""fixed"", ""2"": ""fixed"", ""3"": ""fixed""}","[0, 1, 2, 3, 4, 5, 6, 7, 8, 9, 10, 11, 12, 13, 14, 15]",[],[],False,full_key_unique,True,uf_axiom,
ARK_47__ARK_117,ARK_47,ARK_117,ARK-ARK,1,0,0,0,0,0,0,0,0,0,1,0,late_only,gap_uncovered_structural_cell,ARK_47__ARK_117,1,128,2,differential,4,"[{""classification"": ""undecided"", ""elapsed"": 330.44549585320055, ""first_result"": ""sat"", ""first_timeout_ms"": 60000, ""query_count"": 32, ""second_result"": ""unknown"", ""second_timeout_ms"": 300000, ""z3_reason_unknown"": ""canceled""}, {""classification"": ""undecided"", ""elapsed"": 330.4254817571491, ""first_result"": ""sat"", ""first_timeout_ms"": 60000, ""query_count"": 64, ""second_result"": ""unknown"", ""second_timeout_ms"": 300000, ""z3_reason_unknown"": ""canceled""}, {""classification"": ""undecided"", ""elapsed"": 330.6475596409291, ""first_result"": ""sat"", ""first_timeout_ms"": 60000, ""query_count"": 96, ""second_result"": ""unknown"", ""second_timeout_ms"": 300000, ""z3_reason_unknown"": ""canceled""}, {""classification"": ""full_key_unique"", ""elapsed"": 75.90727082639933, ""first_result"": ""sat"", ""first_timeout_ms"": 60000, ""query_count"": 128, ""second_result"": ""unsat"", ""second_timeout_ms"": 300000, ""z3_reason_unknown"": """"}]",sat,unsat,0.011165633797645569,74.4647964257747,99107579bc3c2c3b0d7a8a6fd1573606,99107579bc3c2c3b0d7a8a6fd1573606,,True,sat,False,False,False,,"{""0"": ""fixed"", ""1"": ""fixed"", ""10"": ""fixed"", ""11"": ""fixed"", ""12"": ""fixed"", ""13"": ""fixed"", ""14"": ""fixed"", ""15"": ""fixed"", ""2"": ""fixed"", ""3"": ""fixed"", ""4"": ""fixed"", ""5"": ""fixed"", ""6"": ""fixed"", ""7"": ""fixed"", ""8"": ""fixed"", ""9"": ""fixed""}","{""0"": ""fixed"", ""1"": ""fixed"", ""2"": ""fixed"", ""3"": ""fixed""}","[0, 1, 2, 3, 4, 5, 6, 7, 8, 9, 10, 11, 12, 13, 14, 15]",[],[],False,full_key_unique,True,uf_axiom,
ARK_47__ARK_117,ARK_47,ARK_117,ARK-ARK,1,0,0,0,0,0,0,0,0,0,1,0,late_only,gap_uncovered_structural_cell,ARK_47__ARK_117,2,128,2,differential,4,"[{""classification"": ""undecided"", ""elapsed"": 330.43506123684347, ""first_result"": ""sat"", ""first_timeout_ms"": 60000, ""query_count"": 32, ""second_result"": ""unknown"", ""second_timeout_ms"": 300000, ""z3_reason_unknown"": ""canceled""}, {""classification"": ""undecided"", ""elapsed"": 330.41634410806, ""first_result"": ""sat"", ""first_timeout_ms"": 60000, ""query_count"": 64, ""second_result"": ""unknown"", ""second_timeout_ms"": 300000, ""z3_reason_unknown"": ""canceled""}, {""classification"": ""undecided"", ""elapsed"": 330.6124672200531, ""first_result"": ""sat"", ""first_timeout_ms"": 60000, ""query_count"": 96, ""second_result"": ""unknown"", ""second_timeout_ms"": 300000, ""z3_reason_unknown"": ""canceled""}, {""classification"": ""full_key_unique"", ""elapsed"": 181.30745387636125, ""first_result"": ""sat"", ""first_timeout_ms"": 60000, ""query_count"": 128, ""second_result"": ""unsat"", ""second_timeout_ms"": 300000, ""z3_reason_unknown"": """"}]",sat,unsat,0.0069148000329732895,180.5212586093694,a66f651322597191ab9f8f8af4c2db61,a66f651322597191ab9f8f8af4c2db61,,True,sat,False,False,False,,"{""0"": ""fixed"", ""1"": ""fixed"", ""10"": ""fixed"", ""11"": ""fixed"", ""12"": ""fixed"", ""13"": ""fixed"", ""14"": ""fixed"", ""15"": ""fixed"", ""2"": ""fixed"", ""3"": ""fixed"", ""4"": ""fixed"", ""5"": ""fixed"", ""6"": ""fixed"", ""7"": ""fixed"", ""8"": ""fixed"", ""9"": ""fixed""}","{""0"": ""fixed"", ""1"": ""fixed"", ""2"": ""fixed"", ""3"": ""fixed""}","[0, 1, 2, 3, 4, 5, 6, 7, 8, 9, 10, 11, 12, 13, 14, 15]",[],[],False,full_key_unique,True,uf_axiom,
ARK_71__ARK_127,ARK_71,ARK_127,ARK-ARK,1,0,0,0,1,0,0,0,0,0,1,0,late_only,gap_uncovered_structural_cell,ARK_71__ARK_127,1,128,2,differential,4,"[{""classification"": ""undecided"", ""elapsed"": 330.4498040769249, ""first_result"": ""sat"", ""first_timeout_ms"": 60000, ""query_count"": 32, ""second_result"": ""unknown"", ""second_timeout_ms"": 300000, ""z3_reason_unknown"": ""canceled""}, {""classification"": ""undecided"", ""elapsed"": 330.41449092142284, ""first_result"": ""sat"", ""first_timeout_ms"": 60000, ""query_count"": 64, ""second_result"": ""unknown"", ""second_timeout_ms"": 300000, ""z3_reason_unknown"": ""canceled""}, {""classification"": ""undecided"", ""elapsed"": 330.6061863247305, ""first_result"": ""sat"", ""first_timeout_ms"": 60000, ""query_count"": 96, ""second_result"": ""unknown"", ""second_timeout_ms"": 300000, ""z3_reason_unknown"": ""canceled""}, {""classification"": ""full_key_unique"", ""elapsed"": 216.54824753291905, ""first_result"": ""sat"", ""first_timeout_ms"": 60000, ""query_count"": 128, ""second_result"": ""unsat"", ""second_timeout_ms"": 300000, ""z3_reason_unknown"": """"}]",sat,unsat,0.01089615561068058,214.97437444142997,99107579bc3c2c3b0d7a8a6fd1573606,99107579bc3c2c3b0d7a8a6fd1573606,,True,sat,False,False,False,,"{""0"": ""fixed"", ""1"": ""fixed"", ""10"": ""fixed"", ""11"": ""fixed"", ""12"": ""fixed"", ""13"": ""fixed"", ""14"": ""fixed"", ""15"": ""fixed"", ""2"": ""fixed"", ""3"": ""fixed"", ""4"": ""fixed"", ""5"": ""fixed"", ""6"": ""fixed"", ""7"": ""fixed"", ""8"": ""fixed"", ""9"": ""fixed""}","{""0"": ""fixed"", ""1"": ""fixed"", ""2"": ""fixed"", ""3"": ""fixed""}","[0, 1, 2, 3, 4, 5, 6, 7, 8, 9, 10, 11, 12, 13, 14, 15]",[],[],False,full_key_unique,True,uf_axiom,
ARK_3__ARK_120,ARK_3,ARK_120,ARK-ARK,1,0,0,0,0,0,0,0,0,1,0,0,late_only,gap_uncovered_structural_cell,ARK_3__ARK_120,1,128,2,differential,4,"[{""classification"": ""undecided"", ""elapsed"": 330.45522576756775, ""first_result"": ""sat"", ""first_timeout_ms"": 60000, ""query_count"": 32, ""second_result"": ""unknown"", ""second_timeout_ms"": 300000, ""z3_reason_unknown"": ""canceled""}, {""classification"": ""undecided"", ""elapsed"": 330.77853053994477, ""first_result"": ""sat"", ""first_timeout_ms"": 60000, ""query_count"": 64, ""second_result"": ""unknown"", ""second_timeout_ms"": 300000, ""z3_reason_unknown"": ""canceled""}, {""classification"": ""undecided"", ""elapsed"": 330.60402905754745, ""first_result"": ""sat"", ""first_timeout_ms"": 60000, ""query_count"": 96, ""second_result"": ""unknown"", ""second_timeout_ms"": 300000, ""z3_reason_unknown"": ""canceled""}, {""classification"": ""full_key_unique"", ""elapsed"": 244.1102927941829, ""first_result"": ""sat"", ""first_timeout_ms"": 60000, ""query_count"": 128, ""second_result"": ""unsat"", ""second_timeout_ms"": 300000, ""z3_reason_unknown"": """"}]",sat,unsat,0.007408129051327705,243.32145069167018,99107579bc3c2c3b0d7a8a6fd1573606,99107579bc3c2c3b0d7a8a6fd1573606,,True,sat,False,False,False,,"{""0"": ""fixed"", ""1"": ""fixed"", ""10"": ""fixed"", ""11"": ""fixed"", ""12"": ""fixed"", ""13"": ""fixed"", ""14"": ""fixed"", ""15"": ""fixed"", ""2"": ""fixed"", ""3"": ""fixed"", ""4"": ""fixed"", ""5"": ""fixed"", ""6"": ""fixed"", ""7"": ""fixed"", ""8"": ""fixed"", ""9"": ""fixed""}","{""0"": ""fixed"", ""1"": ""fixed"", ""2"": ""fixed"", ""3"": ""fixed""}","[0, 1, 2, 3, 4, 5, 6, 7, 8, 9, 10, 11, 12, 13, 14, 15]",[],[],False,full_key_unique,True,uf_axiom,
ARK_3__ARK_120,ARK_3,ARK_120,ARK-ARK,1,0,0,0,0,0,0,0,0,1,0,0,late_only,gap_uncovered_structural_cell,ARK_3__ARK_120,2,192,2,differential,5,"[{""classification"": ""undecided"", ""elapsed"": 330.45014509372413, ""first_result"": ""sat"", ""first_timeout_ms"": 60000, ""query_count"": 32, ""second_result"": ""unknown"", ""second_timeout_ms"": 300000, ""z3_reason_unknown"": ""canceled""}, {""classification"": ""undecided"", ""elapsed"": 330.42179173603654, ""first_result"": ""sat"", ""first_timeout_ms"": 60000, ""query_count"": 64, ""second_result"": ""unknown"", ""second_timeout_ms"": 300000, ""z3_reason_unknown"": ""canceled""}, {""classification"": ""undecided"", ""elapsed"": 331.1151299327612, ""first_result"": ""sat"", ""first_timeout_ms"": 60000, ""query_count"": 96, ""second_result"": ""unknown"", ""second_timeout_ms"": 300000, ""z3_reason_unknown"": ""canceled""}, {""classification"": ""undecided"", ""elapsed"": 331.1343666035682, ""first_result"": ""sat"", ""first_timeout_ms"": 60000, ""query_count"": 128, ""second_result"": ""unknown"", ""second_timeout_ms"": 300000, ""z3_reason_unknown"": ""canceled""}, {""classification"": ""full_key_unique"", ""elapsed"": 71.83447362482548, ""first_result"": ""sat"", ""first_timeout_ms"": 120000, ""query_count"": 192, ""second_result"": ""unsat"", ""second_timeout_ms"": 600000, ""z3_reason_unknown"": """"}]",sat,unsat,0.017135240137577057,70.05480988323689,a66f651322597191ab9f8f8af4c2db61,a66f651322597191ab9f8f8af4c2db61,,True,sat,False,False,False,,"{""0"": ""fixed"", ""1"": ""fixed"", ""10"": ""fixed"", ""11"": ""fixed"", ""12"": ""fixed"", ""13"": ""fixed"", ""14"": ""fixed"", ""15"": ""fixed"", ""2"": ""fixed"", ""3"": ""fixed"", ""4"": ""fixed"", ""5"": ""fixed"", ""6"": ""fixed"", ""7"": ""fixed"", ""8"": ""fixed"", ""9"": ""fixed""}","{""0"": ""fixed"", ""1"": ""fixed"", ""2"": ""fixed"", ""3"": ""fixed""}","[0, 1, 2, 3, 4, 5, 6, 7, 8, 9, 10, 11, 12, 13, 14, 15]",[],[],False,full_key_unique,True,uf_axiom,
ARK_60__ARK_101,ARK_60,ARK_101,ARK-ARK,1,0,0,0,0,0,0,0,0,0,1,0,late_only,gap_uncovered_structural_cell,ARK_60__ARK_101,2,192,2,differential,5,"[{""classification"": ""undecided"", ""elapsed"": 330.4207861479372, ""first_result"": ""sat"", ""first_timeout_ms"": 60000, ""query_count"": 32, ""second_result"": ""unknown"", ""second_timeout_ms"": 300000, ""z3_reason_unknown"": ""canceled""}, {""classification"": ""undecided"", ""elapsed"": 330.76115434616804, ""first_result"": ""sat"", ""first_timeout_ms"": 60000, ""query_count"": 64, ""second_result"": ""unknown"", ""second_timeout_ms"": 300000, ""z3_reason_unknown"": ""canceled""}, {""classification"": ""undecided"", ""elapsed"": 330.63468812406063, ""first_result"": ""sat"", ""first_timeout_ms"": 60000, ""query_count"": 96, ""second_result"": ""unknown"", ""second_timeout_ms"": 300000, ""z3_reason_unknown"": ""canceled""}, {""classification"": ""undecided"", ""elapsed"": 331.453202618286, ""first_result"": ""sat"", ""first_timeout_ms"": 60000, ""query_count"": 128, ""second_result"": ""unknown"", ""second_timeout_ms"": 300000, ""z3_reason_unknown"": ""canceled""}, {""classification"": ""full_key_unique"", ""elapsed"": 207.64408197067678, ""first_result"": ""sat"", ""first_timeout_ms"": 120000, ""query_count"": 192, ""second_result"": ""unsat"", ""second_timeout_ms"": 600000, ""z3_reason_unknown"": """"}]",sat,unsat,0.012037375941872597,206.48955786786973,a66f651322597191ab9f8f8af4c2db61,a66f651322597191ab9f8f8af4c2db61,,True,sat,False,False,False,,"{""0"": ""fixed"", ""1"": ""fixed"", ""10"": ""fixed"", ""11"": ""fixed"", ""12"": ""fixed"", ""13"": ""fixed"", ""14"": ""fixed"", ""15"": ""fixed"", ""2"": ""fixed"", ""3"": ""fixed"", ""4"": ""fixed"", ""5"": ""fixed"", ""6"": ""fixed"", ""7"": ""fixed"", ""8"": ""fixed"", ""9"": ""fixed""}","{""0"": ""fixed"", ""1"": ""fixed"", ""2"": ""fixed"", ""3"": ""fixed""}","[0, 1, 2, 3, 4, 5, 6, 7, 8, 9, 10, 11, 12, 13, 14, 15]",[],[],False,full_key_unique,True,uf_axiom,
ARK_60__ARK_101,ARK_60,ARK_101,ARK-ARK,1,0,0,0,0,0,0,0,0,0,1,0,late_only,gap_uncovered_structural_cell,ARK_60__ARK_101,0,192,2,differential,5,"[{""classification"": ""undecided"", ""elapsed"": 330.45182108692825, ""first_result"": ""sat"", ""first_timeout_ms"": 60000, ""query_count"": 32, ""second_result"": ""unknown"", ""second_timeout_ms"": 300000, ""z3_reason_unknown"": ""canceled""}, {""classification"": ""undecided"", ""elapsed"": 330.78252357430756, ""first_result"": ""sat"", ""first_timeout_ms"": 60000, ""query_count"": 64, ""second_result"": ""unknown"", ""second_timeout_ms"": 300000, ""z3_reason_unknown"": ""canceled""}, {""classification"": ""undecided"", ""elapsed"": 330.61543152853847, ""first_result"": ""sat"", ""first_timeout_ms"": 60000, ""query_count"": 96, ""second_result"": ""unknown"", ""second_timeout_ms"": 300000, ""z3_reason_unknown"": ""canceled""}, {""classification"": ""undecided"", ""elapsed"": 330.7911375183612, ""first_result"": ""sat"", ""first_timeout_ms"": 60000, ""query_count"": 128, ""second_result"": ""unknown"", ""second_timeout_ms"": 300000, ""z3_reason_unknown"": ""canceled""}, {""classification"": ""full_key_unique"", ""elapsed"": 429.29959785938263, ""first_result"": ""sat"", ""first_timeout_ms"": 120000, ""query_count"": 192, ""second_result"": ""unsat"", ""second_timeout_ms"": 600000, ""z3_reason_unknown"": """"}]",sat,unsat,0.011369507759809494,428.1193099897355,edf43a9a19e4a3f3bf1eec668bd00cf6,edf43a9a19e4a3f3bf1eec668bd00cf6,,True,sat,False,False,False,,"{""0"": ""fixed"", ""1"": ""fixed"", ""10"": ""fixed"", ""11"": ""fixed"", ""12"": ""fixed"", ""13"": ""fixed"", ""14"": ""fixed"", ""15"": ""fixed"", ""2"": ""fixed"", ""3"": ""fixed"", ""4"": ""fixed"", ""5"": ""fixed"", ""6"": ""fixed"", ""7"": ""fixed"", ""8"": ""fixed"", ""9"": ""fixed""}","{""0"": ""fixed"", ""1"": ""fixed"", ""2"": ""fixed"", ""3"": ""fixed""}","[0, 1, 2, 3, 4, 5, 6, 7, 8, 9, 10, 11, 12, 13, 14, 15]",[],[],False,full_key_unique,True,uf_axiom,
SB_68__SR_62,SB_68,SR_62,SB-SR,0,0,0,0,0,0,0,0,0,0,1,0,early_only,gap_uncovered_structural_cell,SB_68__SR_62,1,32,2,differential,1,"[{""classification"": ""ambiguity"", ""elapsed"": 0.6788990162312984, ""first_result"": ""sat"", ""first_timeout_ms"": 60000, ""query_count"": 32, ""second_result"": ""sat"", ""second_timeout_ms"": 300000, ""z3_reason_unknown"": """"}]",sat,sat,0.0009124781936407089,0.2604314498603344,99007579bc3c003b0d008a00d1570006,99007579bc3c003b0d008a00d1570006,360054f036a3006483000000a5480000,False,sat,False,False,False,,"{""0"": ""free"", ""1"": ""free"", ""10"": ""free"", ""11"": ""free"", ""12"": ""free"", ""13"": ""free"", ""14"": ""free"", ""15"": ""free"", ""2"": ""free"", ""3"": ""free"", ""4"": ""free"", ""5"": ""free"", ""6"": ""free"", ""7"": ""free"", ""8"": ""free"", ""9"": ""free""}","{""0"": ""free"", ""1"": ""free"", ""2"": ""free"", ""3"": ""free""}",[],"[0, 1, 2, 3, 4, 5, 6, 7, 8, 9, 10, 11, 12, 13, 14, 15]",[],False,ambiguity,False,uf_axiom,
SB_28__SR_14,SB_28,SR_14,SB-SR,0,0,0,1,0,0,0,1,0,0,0,0,early_only,gap_uncovered_structural_cell,SB_28__SR_14,1,32,2,differential,1,"[{""classification"": ""ambiguity"", ""elapsed"": 0.7602480724453926, ""first_result"": ""sat"", ""first_timeout_ms"": 60000, ""query_count"": 32, ""second_result"": ""sat"", ""second_timeout_ms"": 300000, ""z3_reason_unknown"": """"}]",sat,sat,0.0006563849747180939,0.39337120577692986,99100079bc3c0000007a8a00d1003606,99100079bc3c0000007a8a00d1003606,657f00df3a280000000ff00063009865,False,sat,False,False,False,,"{""0"": ""free"", ""1"": ""free"", ""10"": ""free"", ""11"": ""free"", ""12"": ""free"", ""13"": ""free"", ""14"": ""free"", ""15"": ""free"", ""2"": ""free"", ""3"": ""free"", ""4"": ""free"", ""5"": ""free"", ""6"": ""free"", ""7"": ""free"", ""8"": ""free"", ""9"": ""free""}","{""0"": ""free"", ""1"": ""free"", ""2"": ""free"", ""3"": ""free""}",[],"[0, 1, 2, 3, 4, 5, 6, 7, 8, 9, 10, 11, 12, 13, 14, 15]",[],False,ambiguity,False,uf_axiom,
SB_28__SR_14,SB_28,SR_14,SB-SR,0,0,0,1,0,0,0,1,0,0,0,0,early_only,gap_uncovered_structural_cell,SB_28__SR_14,0,32,2,differential,1,"[{""classification"": ""ambiguity"", ""elapsed"": 0.8036278896033764, ""first_result"": ""sat"", ""first_timeout_ms"": 60000, ""query_count"": 32, ""second_result"": ""sat"", ""second_timeout_ms"": 300000, ""z3_reason_unknown"": """"}]",sat,sat,0.0008536484092473984,0.3780802711844444,edf4009a19e40000001eec008b000cf6,edf4009a19e40000001eec008b000cf6,52fb000041400000000917008e009d81,False,sat,False,False,False,,"{""0"": ""free"", ""1"": ""free"", ""10"": ""free"", ""11"": ""free"", ""12"": ""free"", ""13"": ""free"", ""14"": ""free"", ""15"": ""free"", ""2"": ""free"", ""3"": ""free"", ""4"": ""free"", ""5"": ""free"", ""6"": ""free"", ""7"": ""free"", ""8"": ""free"", ""9"": ""free""}","{""0"": ""free"", ""1"": ""free"", ""2"": ""free"", ""3"": ""free""}",[],"[0, 1, 2, 3, 4, 5, 6, 7, 8, 9, 10, 11, 12, 13, 14, 15]",[],False,ambiguity,False,uf_axiom,
SB_28__SR_14,SB_28,SR_14,SB-SR,0,0,0,1,0,0,0,1,0,0,0,0,early_only,gap_uncovered_structural_cell,SB_28__SR_14,2,32,2,differential,1,"[{""classification"": ""ambiguity"", ""elapsed"": 0.8071177061647177, ""first_result"": ""sat"", ""first_timeout_ms"": 60000, ""query_count"": 32, ""second_result"": ""sat"", ""second_timeout_ms"": 300000, ""z3_reason_unknown"": """"}]",sat,sat,0.0009953062981367111,0.37420699186623096,a66f001322590000009f8f00f400db61,a66f001322590000009f8f00f400db61,86d0009e48410000001d0b00ec00689e,False,sat,False,False,False,,"{""0"": ""free"", ""1"": ""free"", ""10"": ""free"", ""11"": ""free"", ""12"": ""free"", ""13"": ""free"", ""14"": ""free"", ""15"": ""free"", ""2"": ""free"", ""3"": ""free"", ""4"": ""free"", ""5"": ""free"", ""6"": ""free"", ""7"": ""free"", ""8"": ""free"", ""9"": ""free""}","{""0"": ""free"", ""1"": ""free"", ""2"": ""free"", ""3"": ""free""}",[],"[0, 1, 2, 3, 4, 5, 6, 7, 8, 9, 10, 11, 12, 13, 14, 15]",[],False,ambiguity,False,uf_axiom,
SB_68__SR_51,SB_68,SR_51,SB-SR,0,0,0,0,0,0,0,0,0,0,1,0,early_only,gap_uncovered_structural_cell,SB_68__SR_51,2,32,2,differential,1,"[{""classification"": ""ambiguity"", ""elapsed"": 0.846016826108098, ""first_result"": ""sat"", ""first_timeout_ms"": 60000, ""query_count"": 32, ""second_result"": ""sat"", ""second_timeout_ms"": 300000, ""z3_reason_unknown"": """"}]",sat,sat,0.0011221151798963547,0.4288434609770775,a66f650022007191ab008f8af4c2db61,a66f650022007191ab008f8af4c2db61,0cbeb1008200629aa9008c97f2d4428f,False,sat,False,False,False,,"{""0"": ""free"", ""1"": ""free"", ""10"": ""free"", ""11"": ""free"", ""12"": ""free"", ""13"": ""free"", ""14"": ""free"", ""15"": ""free"", ""2"": ""free"", ""3"": ""free"", ""4"": ""free"", ""5"": ""free"", ""6"": ""free"", ""7"": ""free"", ""8"": ""free"", ""9"": ""free""}","{""0"": ""free"", ""1"": ""free"", ""2"": ""free"", ""3"": ""free""}",[],"[0, 1, 2, 3, 4, 5, 6, 7, 8, 9, 10, 11, 12, 13, 14, 15]",[],False,ambiguity,False,uf_axiom,
SB_5__SR_55,SB_5,SR_55,SB-SR,0,0,0,0,0,0,0,0,0,0,1,0,early_only,gap_uncovered_structural_cell,SB_5__SR_55,1,32,2,differential,1,"[{""classification"": ""ambiguity"", ""elapsed"": 1.2975601553916931, ""first_result"": ""sat"", ""first_timeout_ms"": 60000, ""query_count"": 32, ""second_result"": ""sat"", ""second_timeout_ms"": 300000, ""z3_reason_unknown"": """"}]",sat,sat,0.0011457540094852448,0.9111902788281441,99107500003c2c0000008a6fd1573606,99107500003c2c0000008a6fd1573606,12ece400005940000000415210328000,False,sat,False,False,False,,"{""0"": ""free"", ""1"": ""free"", ""10"": ""free"", ""11"": ""free"", ""12"": ""free"", ""13"": ""free"", ""14"": ""free"", ""15"": ""free"", ""2"": ""free"", ""3"": ""free"", ""4"": ""free"", ""5"": ""free"", ""6"": ""free"", ""7"": ""free"", ""8"": ""free"", ""9"": ""free""}","{""0"": ""free"", ""1"": ""free"", ""2"": ""free"", ""3"": ""free""}",[],"[0, 1, 2, 3, 4, 5, 6, 7, 8, 9, 10, 11, 12, 13, 14, 15]",[],False,ambiguity,False,uf_axiom,
SB_5__SR_55,SB_5,SR_55,SB-SR,0,0,0,0,0,0,0,0,0,0,1,0,early_only,gap_uncovered_structural_cell,SB_5__SR_55,2,32,2,differential,1,"[{""classification"": ""ambiguity"", ""elapsed"": 1.397206924855709, ""first_result"": ""sat"", ""first_timeout_ms"": 60000, ""query_count"": 32, ""second_result"": ""sat"", ""second_timeout_ms"": 300000, ""z3_reason_unknown"": """"}]",sat,sat,0.0009476970881223679,0.5019241105765104,a66f65000059710000008f8af4c2db61,a66f65000059710000008f8af4c2db61,08002c00008f000000000044ce300c5a,False,sat,False,False,False,,"{""0"": ""free"", ""1"": ""free"", ""10"": ""free"", ""11"": ""free"", ""12"": ""free"", ""13"": ""free"", ""14"": ""free"", ""15"": ""free"", ""2"": ""free"", ""3"": ""free"", ""4"": ""free"", ""5"": ""free"", ""6"": ""free"", ""7"": ""free"", ""8"": ""free"", ""9"": ""free""}","{""0"": ""free"", ""1"": ""free"", ""2"": ""free"", ""3"": ""free""}",[],"[0, 1, 2, 3, 4, 5, 6, 7, 8, 9, 10, 11, 12, 13, 14, 15]",[],False,ambiguity,False,uf_axiom,
SB_68__SR_62,SB_68,SR_62,SB-SR,0,0,0,0,0,0,0,0,0,0,1,0,early_only,gap_uncovered_structural_cell,SB_68__SR_62,0,32,2,differential,1,"[{""classification"": ""ambiguity"", ""elapsed"": 1.6224949844181538, ""first_result"": ""sat"", ""first_timeout_ms"": 60000, ""query_count"": 32, ""second_result"": ""sat"", ""second_timeout_ms"": 300000, ""z3_reason_unknown"": """"}]",sat,sat,0.0010987315326929092,1.1618812270462513,ed003a9a19e400f3bf00ec008bd000f6,ed003a9a19e400f3bf00ec008bd000f6,fd00fc8e5300004a8a003900d4020029,False,sat,False,False,False,,"{""0"": ""free"", ""1"": ""free"", ""10"": ""free"", ""11"": ""free"", ""12"": ""free"", ""13"": ""free"", ""14"": ""free"", ""15"": ""free"", ""2"": ""free"", ""3"": ""free"", ""4"": ""free"", ""5"": ""free"", ""6"": ""free"", ""7"": ""free"", ""8"": ""free"", ""9"": ""free""}","{""0"": ""free"", ""1"": ""free"", ""2"": ""free"", ""3"": ""free""}",[],"[0, 1, 2, 3, 4, 5, 6, 7, 8, 9, 10, 11, 12, 13, 14, 15]",[],False,ambiguity,False,uf_axiom,
SB_5__SR_55,SB_5,SR_55,SB-SR,0,0,0,0,0,0,0,0,0,0,1,0,early_only,gap_uncovered_structural_cell,SB_5__SR_55,0,32,2,differential,1,"[{""classification"": ""ambiguity"", ""elapsed"": 1.6367340181022882, ""first_result"": ""sat"", ""first_timeout_ms"": 60000, ""query_count"": 32, ""second_result"": ""sat"", ""second_timeout_ms"": 300000, ""z3_reason_unknown"": """"}]",sat,sat,0.0010286737233400345,1.235551094636321,edf43a0000e4a3000000ec668bd00cf6,edf43a0000e4a3000000ec668bd00cf6,3009000000184200000010004fb280ae,False,sat,False,False,False,,"{""0"": ""free"", ""1"": ""free"", ""10"": ""free"", ""11"": ""free"", ""12"": ""free"", ""13"": ""free"", ""14"": ""free"", ""15"": ""free"", ""2"": ""free"", ""3"": ""free"", ""4"": ""free"", ""5"": ""free"", ""6"": ""free"", ""7"": ""free"", ""8"": ""free"", ""9"": ""free""}","{""0"": ""free"", ""1"": ""free"", ""2"": ""free"", ""3"": ""free""}",[],"[0, 1, 2, 3, 4, 5, 6, 7, 8, 9, 10, 11, 12, 13, 14, 15]",[],False,ambiguity,False,uf_axiom,
SB_68__SR_52,SB_68,SR_52,SB-SR,0,0,0,0,1,0,0,0,0,0,1,0,early_only,gap_uncovered_structural_cell,SB_68__SR_52,1,32,2,differential,1,"[{""classification"": ""ambiguity"", ""elapsed"": 1.6711141970008612, ""first_result"": ""sat"", ""first_timeout_ms"": 60000, ""query_count"": 32, ""second_result"": ""sat"", ""second_timeout_ms"": 300000, ""z3_reason_unknown"": """"}]",sat,sat,0.0010079219937324524,1.2309092562645674,99107500bc002c3b0d008a6fd1573606,99107500bc002c3b0d008a6fd1573606,6bf837008200387a670029ff0452003a,False,sat,False,False,False,,"{""0"": ""free"", ""1"": ""free"", ""10"": ""free"", ""11"": ""free"", ""12"": ""free"", ""13"": ""free"", ""14"": ""free"", ""15"": ""free"", ""2"": ""free"", ""3"": ""free"", ""4"": ""free"", ""5"": ""free"", ""6"": ""free"", ""7"": ""free"", ""8"": ""free"", ""9"": ""free""}","{""0"": ""free"", ""1"": ""free"", ""2"": ""free"", ""3"": ""free""}",[],"[0, 1, 2, 3, 4, 5, 6, 7, 8, 9, 10, 11, 12, 13, 14, 15]",[],False,ambiguity,False,uf_axiom,
SB_68__SR_62,SB_68,SR_62,SB-SR,0,0,0,0,0,0,0,0,0,0,1,0,early_only,gap_uncovered_structural_cell,SB_68__SR_62,2,32,2,differential,1,"[{""classification"": ""ambiguity"", ""elapsed"": 1.802704682573676, ""first_result"": ""sat"", ""first_timeout_ms"": 60000, ""query_count"": 32, ""second_result"": ""sat"", ""second_timeout_ms"": 300000, ""z3_reason_unknown"": """"}]",sat,sat,0.001112407073378563,1.3700734078884125,a600651322590091ab008f00f4c20061,a600651322590091ab008f00f4c20061,b400ad913941002b20001c00753a004f,False,sat,False,False,False,,"{""0"": ""free"", ""1"": ""free"", ""10"": ""free"", ""11"": ""free"", ""12"": ""free"", ""13"": ""free"", ""14"": ""free"", ""15"": ""free"", ""2"": ""free"", ""3"": ""free"", ""4"": ""free"", ""5"": ""free"", ""6"": ""free"", ""7"": ""free"", ""8"": ""free"", ""9"": ""free""}","{""0"": ""free"", ""1"": ""free"", ""2"": ""free"", ""3"": ""free""}",[],"[0, 1, 2, 3, 4, 5, 6, 7, 8, 9, 10, 11, 12, 13, 14, 15]",[],False,ambiguity,False,uf_axiom,
SB_68__SR_51,SB_68,SR_51,SB-SR,0,0,0,0,0,0,0,0,0,0,1,0,early_only,gap_uncovered_structural_cell,SB_68__SR_51,1,32,2,differential,1,"[{""classification"": ""ambiguity"", ""elapsed"": 1.8668248448520899, ""first_result"": ""sat"", ""first_timeout_ms"": 60000, ""query_count"": 32, ""second_result"": ""sat"", ""second_timeout_ms"": 300000, ""z3_reason_unknown"": """"}]",sat,sat,0.001073252409696579,1.4381765760481358,99107500bc002c3b0d008a6fd1573606,99107500bc002c3b0d008a6fd1573606,205510000400c03397000708006f6400,False,sat,False,False,False,,"{""0"": ""free"", ""1"": ""free"", ""10"": ""free"", ""11"": ""free"", ""12"": ""free"", ""13"": ""free"", ""14"": ""free"", ""15"": ""free"", ""2"": ""free"", ""3"": ""free"", ""4"": ""free"", ""5"": ""free"", ""6"": ""free"", ""7"": ""free"", ""8"": ""free"", ""9"": ""free""}","{""0"": ""free"", ""1"": ""free"", ""2"": ""free"", ""3"": ""free""}",[],"[0, 1, 2, 3, 4, 5, 6, 7, 8, 9, 10, 11, 12, 13, 14, 15]",[],False,ambiguity,False,uf_axiom,
SB_30__SR_102,SB_30,SR_102,SB-SR,0,0,0,0,1,0,0,0,0,0,1,0,early_only,gap_uncovered_structural_cell,SB_30__SR_102,2,32,2,differential,1,"[{""classification"": ""ambiguity"", ""elapsed"": 2.1966575402766466, ""first_result"": ""sat"", ""first_timeout_ms"": 60000, ""query_count"": 32, ""second_result"": ""sat"", ""second_timeout_ms"": 300000, ""z3_reason_unknown"": """"}]",sat,sat,0.0009586401283740997,1.764867827296257,a66f001322597100ab008f8af4c20061,a66f001322597100ab008f8af4c20061,7a090093401242001400a7adbf6d0011,False,sat,False,False,False,,"{""0"": ""free"", ""1"": ""free"", ""10"": ""free"", ""11"": ""free"", ""12"": ""free"", ""13"": ""free"", ""14"": ""free"", ""15"": ""free"", ""2"": ""free"", ""3"": ""free"", ""4"": ""free"", ""5"": ""free"", ""6"": ""free"", ""7"": ""free"", ""8"": ""free"", ""9"": ""free""}","{""0"": ""free"", ""1"": ""free"", ""2"": ""free"", ""3"": ""free""}",[],"[0, 1, 2, 3, 4, 5, 6, 7, 8, 9, 10, 11, 12, 13, 14, 15]",[],False,ambiguity,False,uf_axiom,
SB_95__SR_78,SB_95,SR_78,SB-SR,0,0,0,1,0,0,0,0,0,0,0,0,early_only,gap_uncovered_structural_cell,SB_95__SR_78,2,32,2,differential,1,"[{""classification"": ""ambiguity"", ""elapsed"": 3.0967565830796957, ""first_result"": ""sat"", ""first_timeout_ms"": 60000, ""query_count"": 32, ""second_result"": ""sat"", ""second_timeout_ms"": 300000, ""z3_reason_unknown"": """"}]",sat,sat,0.0010226331651210785,2.424934286624193,006f651300597191ab9f008af4c2db00,006f651300597191ab9f008af4c2db00,00000d44004c36253a0d000073c01200,False,sat,False,False,False,,"{""0"": ""free"", ""1"": ""free"", ""10"": ""free"", ""11"": ""free"", ""12"": ""free"", ""13"": ""free"", ""14"": ""free"", ""15"": ""free"", ""2"": ""free"", ""3"": ""free"", ""4"": ""free"", ""5"": ""free"", ""6"": ""free"", ""7"": ""free"", ""8"": ""free"", ""9"": ""free""}","{""0"": ""free"", ""1"": ""free"", ""2"": ""free"", ""3"": ""free""}",[],"[0, 1, 2, 3, 4, 5, 6, 7, 8, 9, 10, 11, 12, 13, 14, 15]",[],False,ambiguity,False,uf_axiom,
SB_68__SR_52,SB_68,SR_52,SB-SR,0,0,0,0,1,0,0,0,0,0,1,0,early_only,gap_uncovered_structural_cell,SB_68__SR_52,2,32,2,differential,1,"[{""classification"": ""ambiguity"", ""elapsed"": 4.941990993916988, ""first_result"": ""sat"", ""first_timeout_ms"": 60000, ""query_count"": 32, ""second_result"": ""sat"", ""second_timeout_ms"": 300000, ""z3_reason_unknown"": """"}]",sat,sat,0.0010950863361358643,1.2546256966888905,a66f650022007191ab008f8af4c2db61,a66f650022007191ab008f8af4c2db61,d18c8600080000275700f9400090a452,False,sat,False,False,False,,"{""0"": ""free"", ""1"": ""free"", ""10"": ""free"", ""11"": ""free"", ""12"": ""free"", ""13"": ""free"", ""14"": ""free"", ""15"": ""free"", ""2"": ""free"", ""3"": ""free"", ""4"": ""free"", ""5"": ""free"", ""6"": ""free"", ""7"": ""free"", ""8"": ""free"", ""9"": ""free""}","{""0"": ""free"", ""1"": ""free"", ""2"": ""free"", ""3"": ""free""}",[],"[0, 1, 2, 3, 4, 5, 6, 7, 8, 9, 10, 11, 12, 13, 14, 15]",[],False,ambiguity,False,uf_axiom,
SB_120__SR_47,SB_120,SR_47,SB-SR,0,0,0,0,0,0,0,0,0,0,1,0,early_only,gap_uncovered_structural_cell,SB_120__SR_47,1,32,2,differential,1,"[{""classification"": ""ambiguity"", ""elapsed"": 6.024103065952659, ""first_result"": ""sat"", ""first_timeout_ms"": 60000, ""query_count"": 32, ""second_result"": ""sat"", ""second_timeout_ms"": 300000, ""z3_reason_unknown"": """"}]",sat,sat,0.0011661723256111145,2.5961180794984102,00107579003c2c3b0d7a006fd1573606,00107579003c2c3b0d7a006fd1573606,00fd9fd900e1bf30e882008af7005030,False,sat,False,False,False,,"{""0"": ""free"", ""1"": ""free"", ""10"": ""free"", ""11"": ""free"", ""12"": ""free"", ""13"": ""free"", ""14"": ""free"", ""15"": ""free"", ""2"": ""free"", ""3"": ""free"", ""4"": ""free"", ""5"": ""free"", ""6"": ""free"", ""7"": ""free"", ""8"": ""free"", ""9"": ""free""}","{""0"": ""free"", ""1"": ""free"", ""2"": ""free"", ""3"": ""free""}",[],"[0, 1, 2, 3, 4, 5, 6, 7, 8, 9, 10, 11, 12, 13, 14, 15]",[],False,ambiguity,False,uf_axiom,
SB_30__SR_102,SB_30,SR_102,SB-SR,0,0,0,0,1,0,0,0,0,0,1,0,early_only,gap_uncovered_structural_cell,SB_30__SR_102,0,32,2,differential,1,"[{""classification"": ""ambiguity"", ""elapsed"": 6.099826909601688, ""first_result"": ""sat"", ""first_timeout_ms"": 60000, ""query_count"": 32, ""second_result"": ""sat"", ""second_timeout_ms"": 300000, ""z3_reason_unknown"": """"}]",sat,sat,0.0011656079441308975,5.668835911899805,edf4009a19e4a300bf00ec668bd000f6,edf4009a19e4a300bf00ec668bd000f6,023a004964276c0008005d58d36d0000,False,sat,False,False,False,,"{""0"": ""free"", ""1"": ""free"", ""10"": ""free"", ""11"": ""free"", ""12"": ""free"", ""13"": ""free"", ""14"": ""free"", ""15"": ""free"", ""2"": ""free"", ""3"": ""free"", ""4"": ""free"", ""5"": ""free"", ""6"": ""free"", ""7"": ""free"", ""8"": ""free"", ""9"": ""free""}","{""0"": ""free"", ""1"": ""free"", ""2"": ""free"", ""3"": ""free""}",[],"[0, 1, 2, 3, 4, 5, 6, 7, 8, 9, 10, 11, 12, 13, 14, 15]",[],False,ambiguity,False,uf_axiom,
SB_120__SR_47,SB_120,SR_47,SB-SR,0,0,0,0,0,0,0,0,0,0,1,0,early_only,gap_uncovered_structural_cell,SB_120__SR_47,2,32,2,differential,1,"[{""classification"": ""ambiguity"", ""elapsed"": 6.260990511626005, ""first_result"": ""sat"", ""first_timeout_ms"": 60000, ""query_count"": 32, ""second_result"": ""sat"", ""second_timeout_ms"": 300000, ""z3_reason_unknown"": """"}]",sat,sat,0.00115102156996727,5.81970602273941,006f651300597191ab9f008af4c2db61,006f651300597191ab9f008af4c2db61,001252d6000a3a0d4c4000171495ba08,False,sat,False,False,False,,"{""0"": ""free"", ""1"": ""free"", ""10"": ""free"", ""11"": ""free"", ""12"": ""free"", ""13"": ""free"", ""14"": ""free"", ""15"": ""free"", ""2"": ""free"", ""3"": ""free"", ""4"": ""free"", ""5"": ""free"", ""6"": ""free"", ""7"": ""free"", ""8"": ""free"", ""9"": ""free""}","{""0"": ""free"", ""1"": ""free"", ""2"": ""free"", ""3"": ""free""}",[],"[0, 1, 2, 3, 4, 5, 6, 7, 8, 9, 10, 11, 12, 13, 14, 15]",[],False,ambiguity,False,uf_axiom,
SB_68__SR_51,SB_68,SR_51,SB-SR,0,0,0,0,0,0,0,0,0,0,1,0,early_only,gap_uncovered_structural_cell,SB_68__SR_51,0,32,2,differential,1,"[{""classification"": ""ambiguity"", ""elapsed"": 11.161961207166314, ""first_result"": ""sat"", ""first_timeout_ms"": 60000, ""query_count"": 32, ""second_result"": ""sat"", ""second_timeout_ms"": 300000, ""z3_reason_unknown"": """"}]",sat,sat,0.0011829342693090439,10.711755076423287,edf43a001900a3f3bf00ec668bd00cf6,edf43a001900a3f3bf00ec668bd00cf6,58910100300038524400b232fea21a01,False,sat,False,False,False,,"{""0"": ""free"", ""1"": ""free"", ""10"": ""free"", ""11"": ""free"", ""12"": ""free"", ""13"": ""free"", ""14"": ""free"", ""15"": ""free"", ""2"": ""free"", ""3"": ""free"", ""4"": ""free"", ""5"": ""free"", ""6"": ""free"", ""7"": ""free"", ""8"": ""free"", ""9"": ""free""}","{""0"": ""free"", ""1"": ""free"", ""2"": ""free"", ""3"": ""free""}",[],"[0, 1, 2, 3, 4, 5, 6, 7, 8, 9, 10, 11, 12, 13, 14, 15]",[],False,ambiguity,False,uf_axiom,
SB_68__SR_52,SB_68,SR_52,SB-SR,0,0,0,0,1,0,0,0,0,0,1,0,early_only,gap_uncovered_structural_cell,SB_68__SR_52,0,32,2,differential,1,"[{""classification"": ""ambiguity"", ""elapsed"": 11.17595543898642, ""first_result"": ""sat"", ""first_timeout_ms"": 60000, ""query_count"": 32, ""second_result"": ""sat"", ""second_timeout_ms"": 300000, ""z3_reason_unknown"": """"}]",sat,sat,0.0012975838035345078,10.740056844428182,edf43a001900a3f3bf00ec668bd00cf6,edf43a001900a3f3bf00ec668bd00cf6,a30039005800c4f1fa0232f886992045,False,sat,False,False,False,,"{""0"": ""free"", ""1"": ""free"", ""10"": ""free"", ""11"": ""free"", ""12"": ""free"", ""13"": ""free"", ""14"": ""free"", ""15"": ""free"", ""2"": ""free"", ""3"": ""free"", ""4"": ""free"", ""5"": ""free"", ""6"": ""free"", ""7"": ""free"", ""8"": ""free"", ""9"": ""free""}","{""0"": ""free"", ""1"": ""free"", ""2"": ""free"", ""3"": ""free""}",[],"[0, 1, 2, 3, 4, 5, 6, 7, 8, 9, 10, 11, 12, 13, 14, 15]",[],False,ambiguity,False,uf_axiom,
SB_95__SR_78,SB_95,SR_78,SB-SR,0,0,0,1,0,0,0,0,0,0,0,0,early_only,gap_uncovered_structural_cell,SB_95__SR_78,1,32,2,differential,1,"[{""classification"": ""ambiguity"", ""elapsed"": 11.38569131679833, ""first_result"": ""sat"", ""first_timeout_ms"": 60000, ""query_count"": 32, ""second_result"": ""sat"", ""second_timeout_ms"": 300000, ""z3_reason_unknown"": """"}]",sat,sat,0.001282859593629837,2.069784291088581,00107579003c2c3b0d7a006fd1573600,00107579003c2c3b0d7a006fd1573600,0000001b00a011c4005000f291401800,False,sat,False,False,False,,"{""0"": ""free"", ""1"": ""free"", ""10"": ""free"", ""11"": ""free"", ""12"": ""free"", ""13"": ""free"", ""14"": ""free"", ""15"": ""free"", ""2"": ""free"", ""3"": ""free"", ""4"": ""free"", ""5"": ""free"", ""6"": ""free"", ""7"": ""free"", ""8"": ""free"", ""9"": ""free""}","{""0"": ""free"", ""1"": ""free"", ""2"": ""free"", ""3"": ""free""}",[],"[0, 1, 2, 3, 4, 5, 6, 7, 8, 9, 10, 11, 12, 13, 14, 15]",[],False,ambiguity,False,uf_axiom,
SB_120__SR_47,SB_120,SR_47,SB-SR,0,0,0,0,0,0,0,0,0,0,1,0,early_only,gap_uncovered_structural_cell,SB_120__SR_47,0,32,2,differential,1,"[{""classification"": ""ambiguity"", ""elapsed"": 11.830206412822008, ""first_result"": ""sat"", ""first_timeout_ms"": 60000, ""query_count"": 32, ""second_result"": ""sat"", ""second_timeout_ms"": 300000, ""z3_reason_unknown"": """"}]",sat,sat,0.0012796595692634583,11.39408048056066,00f43a9a00e4a3f3bf1e00668bd00cf6,00f43a9a00e4a3f3bf1e00668bd00cf6,0000c75e0020e6500005008873aec505,False,sat,False,False,False,,"{""0"": ""free"", ""1"": ""free"", ""10"": ""free"", ""11"": ""free"", ""12"": ""free"", ""13"": ""free"", ""14"": ""free"", ""15"": ""free"", ""2"": ""free"", ""3"": ""free"", ""4"": ""free"", ""5"": ""free"", ""6"": ""free"", ""7"": ""free"", ""8"": ""free"", ""9"": ""free""}","{""0"": ""free"", ""1"": ""free"", ""2"": ""free"", ""3"": ""free""}",[],"[0, 1, 2, 3, 4, 5, 6, 7, 8, 9, 10, 11, 12, 13, 14, 15]",[],False,ambiguity,False,uf_axiom,
SB_30__SR_102,SB_30,SR_102,SB-SR,0,0,0,0,1,0,0,0,0,0,1,0,early_only,gap_uncovered_structural_cell,SB_30__SR_102,1,32,2,differential,1,"[{""classification"": ""ambiguity"", ""elapsed"": 12.443791788071394, ""first_result"": ""sat"", ""first_timeout_ms"": 60000, ""query_count"": 32, ""second_result"": ""sat"", ""second_timeout_ms"": 300000, ""z3_reason_unknown"": """"}]",sat,sat,0.001151522621512413,11.909623863175511,99100079bc3c2c000d008a6fd1570006,99100079bc3c2c000d008a6fd1570006,1384003f648818001600021ce41100ad,False,sat,False,False,False,,"{""0"": ""free"", ""1"": ""free"", ""10"": ""free"", ""11"": ""free"", ""12"": ""free"", ""13"": ""free"", ""14"": ""free"", ""15"": ""free"", ""2"": ""free"", ""3"": ""free"", ""4"": ""free"", ""5"": ""free"", ""6"": ""free"", ""7"": ""free"", ""8"": ""free"", ""9"": ""free""}","{""0"": ""free"", ""1"": ""free"", ""2"": ""free"", ""3"": ""free""}",[],"[0, 1, 2, 3, 4, 5, 6, 7, 8, 9, 10, 11, 12, 13, 14, 15]",[],False,ambiguity,False,uf_axiom,
SB_95__SR_78,SB_95,SR_78,SB-SR,0,0,0,1,0,0,0,0,0,0,0,0,early_only,gap_uncovered_structural_cell,SB_95__SR_78,0,32,2,differential,1,"[{""classification"": ""ambiguity"", ""elapsed"": 15.454556556418538, ""first_result"": ""sat"", ""first_timeout_ms"": 60000, ""query_count"": 32, ""second_result"": ""sat"", ""second_timeout_ms"": 300000, ""z3_reason_unknown"": """"}]",sat,sat,0.0013090558350086212,15.016803290694952,00f43a9a00e4a3f3bf1e00668bd00c00,00f43a9a00e4a3f3bf1e00668bd00c00,001fd5d10014c935d414009b49579700,False,sat,False,False,False,,"{""0"": ""free"", ""1"": ""free"", ""10"": ""free"", ""11"": ""free"", ""12"": ""free"", ""13"": ""free"", ""14"": ""free"", ""15"": ""free"", ""2"": ""free"", ""3"": ""free"", ""4"": ""free"", ""5"": ""free"", ""6"": ""free"", ""7"": ""free"", ""8"": ""free"", ""9"": ""free""}","{""0"": ""free"", ""1"": ""free"", ""2"": ""free"", ""3"": ""free""}",[],"[0, 1, 2, 3, 4, 5, 6, 7, 8, 9, 10, 11, 12, 13, 14, 15]",[],False,ambiguity,False,uf_axiom,
ARK_32__ARK_90,ARK_32,ARK_90,ARK-ARK,1,0,0,0,0,0,0,0,0,0,1,0,late_only,gap_uncovered_structural_cell,ARK_32__ARK_90,2,32,2,differential,1,"[{""classification"": ""ambiguity"", ""elapsed"": 204.07978093996644, ""first_result"": ""sat"", ""first_timeout_ms"": 60000, ""query_count"": 32, ""second_result"": ""sat"", ""second_timeout_ms"": 300000, ""z3_reason_unknown"": """"}]",sat,sat,0.0031410828232765198,203.6078220512718,a66f651322597191ab9f8f8af4c2db61,a66f651322597191ab9f8f8af4c2db61,7d627ee106538189af047039c5c5956e,True,sat,False,False,False,,"{""0"": ""free"", ""1"": ""free"", ""10"": ""free"", ""11"": ""free"", ""12"": ""free"", ""13"": ""free"", ""14"": ""free"", ""15"": ""free"", ""2"": ""free"", ""3"": ""free"", ""4"": ""free"", ""5"": ""free"", ""6"": ""free"", ""7"": ""free"", ""8"": ""free"", ""9"": ""free""}","{""0"": ""free"", ""1"": ""free"", ""2"": ""free"", ""3"": ""free""}",[],"[0, 1, 2, 3, 4, 5, 6, 7, 8, 9, 10, 11, 12, 13, 14, 15]",[],False,ambiguity,False,uf_axiom,
ARK_11__ARK_40,ARK_11,ARK_40,ARK-ARK,1,0,1,0,0,0,0,0,1,0,0,0,late_only,gap_uncovered_structural_cell,ARK_11__ARK_40,1,64,2,differential,2,"[{""classification"": ""undecided"", ""elapsed"": 330.4567907229066, ""first_result"": ""sat"", ""first_timeout_ms"": 60000, ""query_count"": 32, ""second_result"": ""unknown"", ""second_timeout_ms"": 300000, ""z3_reason_unknown"": ""canceled""}, {""classification"": ""full_key_unique"", ""elapsed"": 224.61381443589926, ""first_result"": ""sat"", ""first_timeout_ms"": 60000, ""query_count"": 64, ""second_result"": ""unsat"", ""second_timeout_ms"": 300000, ""z3_reason_unknown"": """"}]",sat,unsat,0.0058351121842861176,223.86875849589705,99107579bc3c2c3b0d7a8a6fd1573606,99107579bc3c2c3b0d7a8a6fd1573606,,True,sat,False,False,False,,"{""0"": ""fixed"", ""1"": ""fixed"", ""10"": ""fixed"", ""11"": ""fixed"", ""12"": ""fixed"", ""13"": ""fixed"", ""14"": ""fixed"", ""15"": ""fixed"", ""2"": ""fixed"", ""3"": ""fixed"", ""4"": ""fixed"", ""5"": ""fixed"", ""6"": ""fixed"", ""7"": ""fixed"", ""8"": ""fixed"", ""9"": ""fixed""}","{""0"": ""fixed"", ""1"": ""fixed"", ""2"": ""fixed"", ""3"": ""fixed""}","[0, 1, 2, 3, 4, 5, 6, 7, 8, 9, 10, 11, 12, 13, 14, 15]",[],[],False,full_key_unique,True,uf_axiom,
ARK_32__ARK_90,ARK_32,ARK_90,ARK-ARK,1,0,0,0,0,0,0,0,0,0,1,0,late_only,gap_uncovered_structural_cell,ARK_32__ARK_90,1,96,2,differential,3,"[{""classification"": ""undecided"", ""elapsed"": 330.44861973263323, ""first_result"": ""sat"", ""first_timeout_ms"": 60000, ""query_count"": 32, ""second_result"": ""unknown"", ""second_timeout_ms"": 300000, ""z3_reason_unknown"": ""canceled""}, {""classification"": ""undecided"", ""elapsed"": 330.6828662902117, ""first_result"": ""sat"", ""first_timeout_ms"": 60000, ""query_count"": 64, ""second_result"": ""unknown"", ""second_timeout_ms"": 300000, ""z3_reason_unknown"": ""canceled""}, {""classification"": ""full_key_unique"", ""elapsed"": 110.52723434008658, ""first_result"": ""sat"", ""first_timeout_ms"": 60000, ""query_count"": 96, ""second_result"": ""unsat"", ""second_timeout_ms"": 300000, ""z3_reason_unknown"": """"}]",sat,unsat,0.0049123987555503845,109.9383685104549,99107579bc3c2c3b0d7a8a6fd1573606,99107579bc3c2c3b0d7a8a6fd1573606,,True,sat,False,False,False,,"{""0"": ""fixed"", ""1"": ""fixed"", ""10"": ""fixed"", ""11"": ""fixed"", ""12"": ""fixed"", ""13"": ""fixed"", ""14"": ""fixed"", ""15"": ""fixed"", ""2"": ""fixed"", ""3"": ""fixed"", ""4"": ""fixed"", ""5"": ""fixed"", ""6"": ""fixed"", ""7"": ""fixed"", ""8"": ""fixed"", ""9"": ""fixed""}","{""0"": ""fixed"", ""1"": ""fixed"", ""2"": ""fixed"", ""3"": ""fixed""}","[0, 1, 2, 3, 4, 5, 6, 7, 8, 9, 10, 11, 12, 13, 14, 15]",[],[],False,full_key_unique,True,uf_axiom,
ARK_11__ARK_40,ARK_11,ARK_40,ARK-ARK,1,0,1,0,0,0,0,0,1,0,0,0,late_only,gap_uncovered_structural_cell,ARK_11__ARK_40,0,96,2,differential,3,"[{""classification"": ""undecided"", ""elapsed"": 330.4492729790509, ""first_result"": ""sat"", ""first_timeout_ms"": 60000, ""query_count"": 32, ""second_result"": ""unknown"", ""second_timeout_ms"": 300000, ""z3_reason_unknown"": ""canceled""}, {""classification"": ""undecided"", ""elapsed"": 330.4131914153695, ""first_result"": ""sat"", ""first_timeout_ms"": 60000, ""query_count"": 64, ""second_result"": ""unknown"", ""second_timeout_ms"": 300000, ""z3_reason_unknown"": ""canceled""}, {""classification"": ""full_key_unique"", ""elapsed"": 157.45188297703862, ""first_result"": ""sat"", ""first_timeout_ms"": 60000, ""query_count"": 96, ""second_result"": ""unsat"", ""second_timeout_ms"": 300000, ""z3_reason_unknown"": """"}]",sat,unsat,0.005000747740268707,156.86289210431278,edf43a9a19e4a3f3bf1eec668bd00cf6,edf43a9a19e4a3f3bf1eec668bd00cf6,,True,sat,False,False,False,,"{""0"": ""fixed"", ""1"": ""fixed"", ""10"": ""fixed"", ""11"": ""fixed"", ""12"": ""fixed"", ""13"": ""fixed"", ""14"": ""fixed"", ""15"": ""fixed"", ""2"": ""fixed"", ""3"": ""fixed"", ""4"": ""fixed"", ""5"": ""fixed"", ""6"": ""fixed"", ""7"": ""fixed"", ""8"": ""fixed"", ""9"": ""fixed""}","{""0"": ""fixed"", ""1"": ""fixed"", ""2"": ""fixed"", ""3"": ""fixed""}","[0, 1, 2, 3, 4, 5, 6, 7, 8, 9, 10, 11, 12, 13, 14, 15]",[],[],False,full_key_unique,True,uf_axiom,
ARK_32__ARK_90,ARK_32,ARK_90,ARK-ARK,1,0,0,0,0,0,0,0,0,0,1,0,late_only,gap_uncovered_structural_cell,ARK_32__ARK_90,0,96,2,differential,3,"[{""classification"": ""undecided"", ""elapsed"": 330.45015493035316, ""first_result"": ""sat"", ""first_timeout_ms"": 60000, ""query_count"": 32, ""second_result"": ""unknown"", ""second_timeout_ms"": 300000, ""z3_reason_unknown"": ""canceled""}, {""classification"": ""undecided"", ""elapsed"": 330.7450288794935, ""first_result"": ""sat"", ""first_timeout_ms"": 60000, ""query_count"": 64, ""second_result"": ""unknown"", ""second_timeout_ms"": 300000, ""z3_reason_unknown"": ""canceled""}, {""classification"": ""full_key_unique"", ""elapsed"": 193.2785944417119, ""first_result"": ""sat"", ""first_timeout_ms"": 60000, ""query_count"": 96, ""second_result"": ""unsat"", ""second_timeout_ms"": 300000, ""z3_reason_unknown"": """"}]",sat,unsat,0.00518798828125,192.69405081495643,edf43a9a19e4a3f3bf1eec668bd00cf6,edf43a9a19e4a3f3bf1eec668bd00cf6,,True,sat,False,False,False,,"{""0"": ""fixed"", ""1"": ""fixed"", ""10"": ""fixed"", ""11"": ""fixed"", ""12"": ""fixed"", ""13"": ""fixed"", ""14"": ""fixed"", ""15"": ""fixed"", ""2"": ""fixed"", ""3"": ""fixed"", ""4"": ""fixed"", ""5"": ""fixed"", ""6"": ""fixed"", ""7"": ""fixed"", ""8"": ""fixed"", ""9"": ""fixed""}","{""0"": ""fixed"", ""1"": ""fixed"", ""2"": ""fixed"", ""3"": ""fixed""}","[0, 1, 2, 3, 4, 5, 6, 7, 8, 9, 10, 11, 12, 13, 14, 15]",[],[],False,full_key_unique,True,uf_axiom,
ARK_11__ARK_40,ARK_11,ARK_40,ARK-ARK,1,0,1,0,0,0,0,0,1,0,0,0,late_only,gap_uncovered_structural_cell,ARK_11__ARK_40,2,128,2,differential,4,"[{""classification"": ""undecided"", ""elapsed"": 330.4512982275337, ""first_result"": ""sat"", ""first_timeout_ms"": 60000, ""query_count"": 32, ""second_result"": ""unknown"", ""second_timeout_ms"": 300000, ""z3_reason_unknown"": ""canceled""}, {""classification"": ""undecided"", ""elapsed"": 330.75419783592224, ""first_result"": ""sat"", ""first_timeout_ms"": 60000, ""query_count"": 64, ""second_result"": ""unknown"", ""second_timeout_ms"": 300000, ""z3_reason_unknown"": ""canceled""}, {""classification"": ""undecided"", ""elapsed"": 330.585171636194, ""first_result"": ""sat"", ""first_timeout_ms"": 60000, ""query_count"": 96, ""second_result"": ""unknown"", ""second_timeout_ms"": 300000, ""z3_reason_unknown"": ""canceled""}, {""classification"": ""full_key_unique"", ""elapsed"": 152.05730396322906, ""first_result"": ""sat"", ""first_timeout_ms"": 60000, ""query_count"": 128, ""second_result"": ""unsat"", ""second_timeout_ms"": 300000, ""z3_reason_unknown"": """"}]",sat,unsat,0.007195340469479561,151.28511338494718,a66f651322597191ab9f8f8af4c2db61,a66f651322597191ab9f8f8af4c2db61,,True,sat,False,False,False,,"{""0"": ""fixed"", ""1"": ""fixed"", ""10"": ""fixed"", ""11"": ""fixed"", ""12"": ""fixed"", ""13"": ""fixed"", ""14"": ""fixed"", ""15"": ""fixed"", ""2"": ""fixed"", ""3"": ""fixed"", ""4"": ""fixed"", ""5"": ""fixed"", ""6"": ""fixed"", ""7"": ""fixed"", ""8"": ""fixed"", ""9"": ""fixed""}","{""0"": ""fixed"", ""1"": ""fixed"", ""2"": ""fixed"", ""3"": ""fixed""}","[0, 1, 2, 3, 4, 5, 6, 7, 8, 9, 10, 11, 12, 13, 14, 15]",[],[],False,full_key_unique,True,uf_axiom,
SB_62__SR_39,SB_62,SR_39,SB-SR,0,0,0,1,0,0,0,0,0,0,0,0,early_only,gap_uncovered_structural_cell,SB_62__SR_39,0,32,2,differential,1,"[{""classification"": ""ambiguity"", ""elapsed"": 0.430173909291625, ""first_result"": ""sat"", ""first_timeout_ms"": 60000, ""query_count"": 32, ""second_result"": ""sat"", ""second_timeout_ms"": 300000, ""z3_reason_unknown"": """"}]",sat,sat,0.0006736479699611664,0.00494760274887085,ed00009a190000f3001e00008bd00c00,ed00009a190000f3001e00008bd00c00,fc0000aac90000e3005e0000abf58c00,False,sat,False,False,False,,"{""0"": ""free"", ""1"": ""free"", ""10"": ""free"", ""11"": ""free"", ""12"": ""free"", ""13"": ""free"", ""14"": ""free"", ""15"": ""free"", ""2"": ""free"", ""3"": ""free"", ""4"": ""free"", ""5"": ""free"", ""6"": ""free"", ""7"": ""free"", ""8"": ""free"", ""9"": ""free""}","{""0"": ""free"", ""1"": ""free"", ""2"": ""free"", ""3"": ""free""}",[],"[0, 1, 2, 3, 4, 5, 6, 7, 8, 9, 10, 11, 12, 13, 14, 15]",[],False,ambiguity,False,uf_axiom,
SB_47__SB_50,SB_47,SB_50,SB-SB,1,0,0,1,0,0,0,0,0,0,0,0,early_only,gap_uncovered_structural_cell,SB_47__SB_50,0,32,2,differential,1,"[{""classification"": ""ambiguity"", ""elapsed"": 0.5210060868412256, ""first_result"": ""sat"", ""first_timeout_ms"": 60000, ""query_count"": 32, ""second_result"": ""sat"", ""second_timeout_ms"": 300000, ""z3_reason_unknown"": """"}]",sat,sat,0.0007012393325567245,0.09183561243116856,00f43a9a19e4a300001e000000000cf6,00f43a9a19e4a300001e000000000cf6,00940aaf4a04a4000000000000001d19,False,sat,False,False,False,,"{""0"": ""free"", ""1"": ""free"", ""10"": ""free"", ""11"": ""free"", ""12"": ""free"", ""13"": ""free"", ""14"": ""free"", ""15"": ""free"", ""2"": ""free"", ""3"": ""free"", ""4"": ""free"", ""5"": ""free"", ""6"": ""free"", ""7"": ""free"", ""8"": ""free"", ""9"": ""free""}","{""0"": ""free"", ""1"": ""free"", ""2"": ""free"", ""3"": ""free""}",[],"[0, 1, 2, 3, 4, 5, 6, 7, 8, 9, 10, 11, 12, 13, 14, 15]",[],False,ambiguity,False,uf_axiom,
SB_24__SB_34,SB_24,SB_34,SB-SB,1,0,0,0,0,0,0,0,0,0,1,0,early_only,gap_uncovered_structural_cell,SB_24__SB_34,0,32,2,differential,1,"[{""classification"": ""ambiguity"", ""elapsed"": 0.5772886611521244, ""first_result"": ""sat"", ""first_timeout_ms"": 60000, ""query_count"": 32, ""second_result"": ""sat"", ""second_timeout_ms"": 300000, ""z3_reason_unknown"": """"}]",sat,sat,0.000803876668214798,0.14378609135746956,ed00009a19e40000001eec008bd00cf6,ed00009a19e40000001eec008bd00cf6,bf0000ada928000000042300d415dc08,False,sat,False,False,False,,"{""0"": ""free"", ""1"": ""free"", ""10"": ""free"", ""11"": ""free"", ""12"": ""free"", ""13"": ""free"", ""14"": ""free"", ""15"": ""free"", ""2"": ""free"", ""3"": ""free"", ""4"": ""free"", ""5"": ""free"", ""6"": ""free"", ""7"": ""free"", ""8"": ""free"", ""9"": ""free""}","{""0"": ""free"", ""1"": ""free"", ""2"": ""free"", ""3"": ""free""}",[],"[0, 1, 2, 3, 4, 5, 6, 7, 8, 9, 10, 11, 12, 13, 14, 15]",[],False,ambiguity,False,uf_axiom,
SB_69__SB_90,SB_69,SB_90,SB-SB,1,0,0,1,0,0,0,1,0,0,0,0,early_only,gap_uncovered_structural_cell,SB_69__SB_90,1,32,2,differential,1,"[{""classification"": ""ambiguity"", ""elapsed"": 0.6340489350259304, ""first_result"": ""sat"", ""first_timeout_ms"": 60000, ""query_count"": 32, ""second_result"": ""sat"", ""second_timeout_ms"": 300000, ""z3_reason_unknown"": """"}]",sat,sat,0.0008254777640104294,0.14595727063715458,99007579bc00003b0d00006fd1570000,99007579bc00003b0d00006fd1570000,100090c5110000947800004194080000,False,sat,False,False,False,,"{""0"": ""free"", ""1"": ""free"", ""10"": ""free"", ""11"": ""free"", ""12"": ""free"", ""13"": ""free"", ""14"": ""free"", ""15"": ""free"", ""2"": ""free"", ""3"": ""free"", ""4"": ""free"", ""5"": ""free"", ""6"": ""free"", ""7"": ""free"", ""8"": ""free"", ""9"": ""free""}","{""0"": ""free"", ""1"": ""free"", ""2"": ""free"", ""3"": ""free""}",[],"[0, 1, 2, 3, 4, 5, 6, 7, 8, 9, 10, 11, 12, 13, 14, 15]",[],False,ambiguity,False,uf_axiom,
SB_0__SB_30,SB_0,SB_30,SB-SB,1,0,0,1,0,0,0,0,0,0,0,0,early_only,gap_uncovered_structural_cell,SB_0__SB_30,2,32,2,differential,1,"[{""classification"": ""ambiguity"", ""elapsed"": 0.6691217347979546, ""first_result"": ""sat"", ""first_timeout_ms"": 60000, ""query_count"": 32, ""second_result"": ""sat"", ""second_timeout_ms"": 300000, ""z3_reason_unknown"": """"}]",sat,sat,0.0005111470818519592,0.20800370536744595,a60000130059000000008f00f4c20061,a60000130059000000008f00f4c20061,c400004a008c00000000520041d20052,False,sat,False,False,False,,"{""0"": ""free"", ""1"": ""free"", ""10"": ""free"", ""11"": ""free"", ""12"": ""free"", ""13"": ""free"", ""14"": ""free"", ""15"": ""free"", ""2"": ""free"", ""3"": ""free"", ""4"": ""free"", ""5"": ""free"", ""6"": ""free"", ""7"": ""free"", ""8"": ""free"", ""9"": ""free""}","{""0"": ""free"", ""1"": ""free"", ""2"": ""free"", ""3"": ""free""}",[],"[0, 1, 2, 3, 4, 5, 6, 7, 8, 9, 10, 11, 12, 13, 14, 15]",[],False,ambiguity,False,uf_axiom,
SB_24__SB_34,SB_24,SB_34,SB-SB,1,0,0,0,0,0,0,0,0,0,1,0,early_only,gap_uncovered_structural_cell,SB_24__SB_34,1,32,2,differential,1,"[{""classification"": ""ambiguity"", ""elapsed"": 0.7714844979345798, ""first_result"": ""sat"", ""first_timeout_ms"": 60000, ""query_count"": 32, ""second_result"": ""sat"", ""second_timeout_ms"": 300000, ""z3_reason_unknown"": """"}]",sat,sat,0.0010892804712057114,0.35065990313887596,99000079bc3c0000007a8a00d1573606,99000079bc3c0000007a8a00d1573606,520000839b32000000e69e00a547facb,False,sat,False,False,False,,"{""0"": ""free"", ""1"": ""free"", ""10"": ""free"", ""11"": ""free"", ""12"": ""free"", ""13"": ""free"", ""14"": ""free"", ""15"": ""free"", ""2"": ""free"", ""3"": ""free"", ""4"": ""free"", ""5"": ""free"", ""6"": ""free"", ""7"": ""free"", ""8"": ""free"", ""9"": ""free""}","{""0"": ""free"", ""1"": ""free"", ""2"": ""free"", ""3"": ""free""}",[],"[0, 1, 2, 3, 4, 5, 6, 7, 8, 9, 10, 11, 12, 13, 14, 15]",[],False,ambiguity,False,uf_axiom,
SB_0__SB_30,SB_0,SB_30,SB-SB,1,0,0,1,0,0,0,0,0,0,0,0,early_only,gap_uncovered_structural_cell,SB_0__SB_30,1,32,2,differential,1,"[{""classification"": ""ambiguity"", ""elapsed"": 0.7883028592914343, ""first_result"": ""sat"", ""first_timeout_ms"": 60000, ""query_count"": 32, ""second_result"": ""sat"", ""second_timeout_ms"": 300000, ""z3_reason_unknown"": """"}]",sat,sat,0.0010042153298854828,0.19155756197869778,99000079003c000000008a00d1570006,99000079003c000000008a00d1570006,760000240002000000007c0009b500d4,False,sat,False,False,False,,"{""0"": ""free"", ""1"": ""free"", ""10"": ""free"", ""11"": ""free"", ""12"": ""free"", ""13"": ""free"", ""14"": ""free"", ""15"": ""free"", ""2"": ""free"", ""3"": ""free"", ""4"": ""free"", ""5"": ""free"", ""6"": ""free"", ""7"": ""free"", ""8"": ""free"", ""9"": ""free""}","{""0"": ""free"", ""1"": ""free"", ""2"": ""free"", ""3"": ""free""}",[],"[0, 1, 2, 3, 4, 5, 6, 7, 8, 9, 10, 11, 12, 13, 14, 15]",[],False,ambiguity,False,uf_axiom,
SB_108__SB_121,SB_108,SB_121,SB-SB,1,0,0,1,0,0,0,0,0,0,0,0,early_only,gap_uncovered_structural_cell,SB_108__SB_121,2,32,2,differential,1,"[{""classification"": ""ambiguity"", ""elapsed"": 0.8250807523727417, ""first_result"": ""sat"", ""first_timeout_ms"": 60000, ""query_count"": 32, ""second_result"": ""sat"", ""second_timeout_ms"": 300000, ""z3_reason_unknown"": """"}]",sat,sat,0.0007748454809188843,0.4012738838791847,006f001300597191009f008af4c2db61,006f001300597191009f008af4c2db61,000000530000cc1500cf00fc0064000c,False,sat,False,False,False,,"{""0"": ""free"", ""1"": ""free"", ""10"": ""free"", ""11"": ""free"", ""12"": ""free"", ""13"": ""free"", ""14"": ""free"", ""15"": ""free"", ""2"": ""free"", ""3"": ""free"", ""4"": ""free"", ""5"": ""free"", ""6"": ""free"", ""7"": ""free"", ""8"": ""free"", ""9"": ""free""}","{""0"": ""free"", ""1"": ""free"", ""2"": ""free"", ""3"": ""free""}",[],"[0, 1, 2, 3, 4, 5, 6, 7, 8, 9, 10, 11, 12, 13, 14, 15]",[],False,ambiguity,False,uf_axiom,
SB_106__SR_1,SB_106,SR_1,SB-SR,0,0,0,0,0,0,0,0,0,0,1,0,early_only,gap_uncovered_structural_cell,SB_106__SR_1,2,32,2,differential,1,"[{""classification"": ""ambiguity"", ""elapsed"": 0.9180676359683275, ""first_result"": ""sat"", ""first_timeout_ms"": 60000, ""query_count"": 32, ""second_result"": ""sat"", ""second_timeout_ms"": 300000, ""z3_reason_unknown"": """"}]",sat,sat,0.0009071435779333115,0.4949946179986,a66f000000597100009f8f8af4c2db61,a66f000000597100009f8f8af4c2db61,308e0000000182000090523d41522808,False,sat,False,False,False,,"{""0"": ""free"", ""1"": ""free"", ""10"": ""free"", ""11"": ""free"", ""12"": ""free"", ""13"": ""free"", ""14"": ""free"", ""15"": ""free"", ""2"": ""free"", ""3"": ""free"", ""4"": ""free"", ""5"": ""free"", ""6"": ""free"", ""7"": ""free"", ""8"": ""free"", ""9"": ""free""}","{""0"": ""free"", ""1"": ""free"", ""2"": ""free"", ""3"": ""free""}",[],"[0, 1, 2, 3, 4, 5, 6, 7, 8, 9, 10, 11, 12, 13, 14, 15]",[],False,ambiguity,False,uf_axiom,
SB_5__SB_73,SB_5,SB_73,SB-SB,1,0,0,0,0,0,0,0,0,0,1,0,early_only,gap_uncovered_structural_cell,SB_5__SB_73,1,32,2,differential,1,"[{""classification"": ""ambiguity"", ""elapsed"": 0.9482211507856846, ""first_result"": ""sat"", ""first_timeout_ms"": 60000, ""query_count"": 32, ""second_result"": ""sat"", ""second_timeout_ms"": 300000, ""z3_reason_unknown"": """"}]",sat,sat,0.0009644627571105957,0.5391297806054354,99107500003c003b0d7a8a0000573606,99107500003c003b0d7a8a0000573606,931a10000028003c7027000000194f11,False,sat,False,False,False,,"{""0"": ""free"", ""1"": ""free"", ""10"": ""free"", ""11"": ""free"", ""12"": ""free"", ""13"": ""free"", ""14"": ""free"", ""15"": ""free"", ""2"": ""free"", ""3"": ""free"", ""4"": ""free"", ""5"": ""free"", ""6"": ""free"", ""7"": ""free"", ""8"": ""free"", ""9"": ""free""}","{""0"": ""free"", ""1"": ""free"", ""2"": ""free"", ""3"": ""free""}",[],"[0, 1, 2, 3, 4, 5, 6, 7, 8, 9, 10, 11, 12, 13, 14, 15]",[],False,ambiguity,False,uf_axiom,
SB_0__SB_30,SB_0,SB_30,SB-SB,1,0,0,1,0,0,0,0,0,0,0,0,early_only,gap_uncovered_structural_cell,SB_0__SB_30,0,32,2,differential,1,"[{""classification"": ""ambiguity"", ""elapsed"": 0.9838546551764011, ""first_result"": ""sat"", ""first_timeout_ms"": 60000, ""query_count"": 32, ""second_result"": ""sat"", ""second_timeout_ms"": 300000, ""z3_reason_unknown"": """"}]",sat,sat,0.0007302109152078629,0.555109640583396,ed00009a00e400000000ec008bd000f6,ed00009a00e400000000ec008bd000f6,e600000608a5000000004200094100c7,False,sat,False,False,False,,"{""0"": ""free"", ""1"": ""free"", ""10"": ""free"", ""11"": ""free"", ""12"": ""free"", ""13"": ""free"", ""14"": ""free"", ""15"": ""free"", ""2"": ""free"", ""3"": ""free"", ""4"": ""free"", ""5"": ""free"", ""6"": ""free"", ""7"": ""free"", ""8"": ""free"", ""9"": ""free""}","{""0"": ""free"", ""1"": ""free"", ""2"": ""free"", ""3"": ""free""}",[],"[0, 1, 2, 3, 4, 5, 6, 7, 8, 9, 10, 11, 12, 13, 14, 15]",[],False,ambiguity,False,uf_axiom,
SB_62__SR_39,SB_62,SR_39,SB-SR,0,0,0,1,0,0,0,0,0,0,0,0,early_only,gap_uncovered_structural_cell,SB_62__SR_39,1,32,2,differential,1,"[{""classification"": ""ambiguity"", ""elapsed"": 1.121200704947114, ""first_result"": ""sat"", ""first_timeout_ms"": 60000, ""query_count"": 32, ""second_result"": ""sat"", ""second_timeout_ms"": 300000, ""z3_reason_unknown"": """"}]",sat,sat,0.0009802374988794327,0.6991066429764032,99000079bc00003b007a0000d1573600,99000079bc00003b007a0000d1573600,1c0000a01e000000009e00004522a400,False,sat,False,False,False,,"{""0"": ""free"", ""1"": ""free"", ""10"": ""free"", ""11"": ""free"", ""12"": ""free"", ""13"": ""free"", ""14"": ""free"", ""15"": ""free"", ""2"": ""free"", ""3"": ""free"", ""4"": ""free"", ""5"": ""free"", ""6"": ""free"", ""7"": ""free"", ""8"": ""free"", ""9"": ""free""}","{""0"": ""free"", ""1"": ""free"", ""2"": ""free"", ""3"": ""free""}",[],"[0, 1, 2, 3, 4, 5, 6, 7, 8, 9, 10, 11, 12, 13, 14, 15]",[],False,ambiguity,False,uf_axiom,
SB_5__SB_125,SB_5,SB_125,SB-SB,1,0,0,0,1,0,0,0,0,0,1,0,early_only,gap_uncovered_structural_cell,SB_5__SB_125,2,32,2,differential,1,"[{""classification"": ""ambiguity"", ""elapsed"": 1.5242862720042467, ""first_result"": ""sat"", ""first_timeout_ms"": 60000, ""query_count"": 32, ""second_result"": ""sat"", ""second_timeout_ms"": 300000, ""z3_reason_unknown"": """"}]",sat,sat,0.000938640907406807,1.1020994801074266,a66f00130059719100008f8af4c20061,a66f00130059719100008f8af4c20061,b6f0002400743474000017b796640052,False,sat,False,False,False,,"{""0"": ""free"", ""1"": ""free"", ""10"": ""free"", ""11"": ""free"", ""12"": ""free"", ""13"": ""free"", ""14"": ""free"", ""15"": ""free"", ""2"": ""free"", ""3"": ""free"", ""4"": ""free"", ""5"": ""free"", ""6"": ""free"", ""7"": ""free"", ""8"": ""free"", ""9"": ""free""}","{""0"": ""free"", ""1"": ""free"", ""2"": ""free"", ""3"": ""free""}",[],"[0, 1, 2, 3, 4, 5, 6, 7, 8, 9, 10, 11, 12, 13, 14, 15]",[],False,ambiguity,False,uf_axiom,
SB_5__SB_125,SB_5,SB_125,SB-SB,1,0,0,0,1,0,0,0,0,0,1,0,early_only,gap_uncovered_structural_cell,SB_5__SB_125,0,32,2,differential,1,"[{""classification"": ""ambiguity"", ""elapsed"": 1.742620799690485, ""first_result"": ""sat"", ""first_timeout_ms"": 60000, ""query_count"": 32, ""second_result"": ""sat"", ""second_timeout_ms"": 300000, ""z3_reason_unknown"": """"}]",sat,sat,0.0009170528501272202,1.331079749390483,edf4009a00e4a3f30000ec668bd000f6,edf4009a00e4a3f30000ec668bd000f6,b200001800be0dc000003000f1e40006,False,sat,False,False,False,,"{""0"": ""free"", ""1"": ""free"", ""10"": ""free"", ""11"": ""free"", ""12"": ""free"", ""13"": ""free"", ""14"": ""free"", ""15"": ""free"", ""2"": ""free"", ""3"": ""free"", ""4"": ""free"", ""5"": ""free"", ""6"": ""free"", ""7"": ""free"", ""8"": ""free"", ""9"": ""free""}","{""0"": ""free"", ""1"": ""free"", ""2"": ""free"", ""3"": ""free""}",[],"[0, 1, 2, 3, 4, 5, 6, 7, 8, 9, 10, 11, 12, 13, 14, 15]",[],False,ambiguity,False,uf_axiom,
SB_5__SB_125,SB_5,SB_125,SB-SB,1,0,0,0,1,0,0,0,0,0,1,0,early_only,gap_uncovered_structural_cell,SB_5__SB_125,1,32,2,differential,1,"[{""classification"": ""ambiguity"", ""elapsed"": 1.9083197955042124, ""first_result"": ""sat"", ""first_timeout_ms"": 60000, ""query_count"": 32, ""second_result"": ""sat"", ""second_timeout_ms"": 300000, ""z3_reason_unknown"": """"}]",sat,sat,0.001108875498175621,1.4772340673953295,99100079003c2c3b00008a6fd1570006,99100079003c2c3b00008a6fd1570006,426804000001081200002700006c0070,False,sat,False,False,False,,"{""0"": ""free"", ""1"": ""free"", ""10"": ""free"", ""11"": ""free"", ""12"": ""free"", ""13"": ""free"", ""14"": ""free"", ""15"": ""free"", ""2"": ""free"", ""3"": ""free"", ""4"": ""free"", ""5"": ""free"", ""6"": ""free"", ""7"": ""free"", ""8"": ""free"", ""9"": ""free""}","{""0"": ""free"", ""1"": ""free"", ""2"": ""free"", ""3"": ""free""}",[],"[0, 1, 2, 3, 4, 5, 6, 7, 8, 9, 10, 11, 12, 13, 14, 15]",[],False,ambiguity,False,uf_axiom,
SB_59__SB_67,SB_59,SB_67,SB-SB,1,0,0,0,1,0,0,0,0,0,1,0,early_only,gap_uncovered_structural_cell,SB_59__SB_67,1,32,2,differential,1,"[{""classification"": ""ambiguity"", ""elapsed"": 2.416244899854064, ""first_result"": ""sat"", ""first_timeout_ms"": 60000, ""query_count"": 32, ""second_result"": ""sat"", ""second_timeout_ms"": 300000, ""z3_reason_unknown"": """"}]",sat,sat,0.0009707529097795486,1.5631299689412117,99007579bc00003b0d7a0000d1573600,99007579bc00003b0d7a0000d1573600,800076f0100000a01c67000041573200,False,sat,False,False,False,,"{""0"": ""free"", ""1"": ""free"", ""10"": ""free"", ""11"": ""free"", ""12"": ""free"", ""13"": ""free"", ""14"": ""free"", ""15"": ""free"", ""2"": ""free"", ""3"": ""free"", ""4"": ""free"", ""5"": ""free"", ""6"": ""free"", ""7"": ""free"", ""8"": ""free"", ""9"": ""free""}","{""0"": ""free"", ""1"": ""free"", ""2"": ""free"", ""3"": ""free""}",[],"[0, 1, 2, 3, 4, 5, 6, 7, 8, 9, 10, 11, 12, 13, 14, 15]",[],False,ambiguity,False,uf_axiom,
SB_24__SB_34,SB_24,SB_34,SB-SB,1,0,0,0,0,0,0,0,0,0,1,0,early_only,gap_uncovered_structural_cell,SB_24__SB_34,2,32,2,differential,1,"[{""classification"": ""ambiguity"", ""elapsed"": 2.670399270951748, ""first_result"": ""sat"", ""first_timeout_ms"": 60000, ""query_count"": 32, ""second_result"": ""sat"", ""second_timeout_ms"": 300000, ""z3_reason_unknown"": """"}]",sat,sat,0.0010157600045204163,2.2456062715500593,a600001322590000009f8f00f4c2db61,a600001322590000009f8f00f4c2db61,e50000fc39bd00000033900042523d1a,False,sat,False,False,False,,"{""0"": ""free"", ""1"": ""free"", ""10"": ""free"", ""11"": ""free"", ""12"": ""free"", ""13"": ""free"", ""14"": ""free"", ""15"": ""free"", ""2"": ""free"", ""3"": ""free"", ""4"": ""free"", ""5"": ""free"", ""6"": ""free"", ""7"": ""free"", ""8"": ""free"", ""9"": ""free""}","{""0"": ""free"", ""1"": ""free"", ""2"": ""free"", ""3"": ""free""}",[],"[0, 1, 2, 3, 4, 5, 6, 7, 8, 9, 10, 11, 12, 13, 14, 15]",[],False,ambiguity,False,uf_axiom,
SB_106__SR_1,SB_106,SR_1,SB-SR,0,0,0,0,0,0,0,0,0,0,1,0,early_only,gap_uncovered_structural_cell,SB_106__SR_1,1,32,2,differential,1,"[{""classification"": ""ambiguity"", ""elapsed"": 2.8368487842381, ""first_result"": ""sat"", ""first_timeout_ms"": 60000, ""query_count"": 32, ""second_result"": ""sat"", ""second_timeout_ms"": 300000, ""z3_reason_unknown"": """"}]",sat,sat,0.0011148061603307724,2.4054774548858404,99100000003c2c00007a8a6fd1573606,99100000003c2c00007a8a6fd1573606,0084100000f460000020391123e01710,False,sat,False,False,False,,"{""0"": ""free"", ""1"": ""free"", ""10"": ""free"", ""11"": ""free"", ""12"": ""free"", ""13"": ""free"", ""14"": ""free"", ""15"": ""free"", ""2"": ""free"", ""3"": ""free"", ""4"": ""free"", ""5"": ""free"", ""6"": ""free"", ""7"": ""free"", ""8"": ""free"", ""9"": ""free""}","{""0"": ""free"", ""1"": ""free"", ""2"": ""free"", ""3"": ""free""}",[],"[0, 1, 2, 3, 4, 5, 6, 7, 8, 9, 10, 11, 12, 13, 14, 15]",[],False,ambiguity,False,uf_axiom,
SB_59__SB_67,SB_59,SB_67,SB-SB,1,0,0,0,1,0,0,0,0,0,1,0,early_only,gap_uncovered_structural_cell,SB_59__SB_67,2,32,2,differential,1,"[{""classification"": ""ambiguity"", ""elapsed"": 4.305442588403821, ""first_result"": ""sat"", ""first_timeout_ms"": 60000, ""query_count"": 32, ""second_result"": ""sat"", ""second_timeout_ms"": 300000, ""z3_reason_unknown"": """"}]",sat,sat,0.0011686701327562332,1.5018839072436094,a600651322000091ab9f0000f4c2db00,a600651322000091ab9f0000f4c2db00,1d000072f60000914d64000027005d00,False,sat,False,False,False,,"{""0"": ""free"", ""1"": ""free"", ""10"": ""free"", ""11"": ""free"", ""12"": ""free"", ""13"": ""free"", ""14"": ""free"", ""15"": ""free"", ""2"": ""free"", ""3"": ""free"", ""4"": ""free"", ""5"": ""free"", ""6"": ""free"", ""7"": ""free"", ""8"": ""free"", ""9"": ""free""}","{""0"": ""free"", ""1"": ""free"", ""2"": ""free"", ""3"": ""free""}",[],"[0, 1, 2, 3, 4, 5, 6, 7, 8, 9, 10, 11, 12, 13, 14, 15]",[],False,ambiguity,False,uf_axiom,
SB_69__SB_90,SB_69,SB_90,SB-SB,1,0,0,1,0,0,0,1,0,0,0,0,early_only,gap_uncovered_structural_cell,SB_69__SB_90,2,32,2,differential,1,"[{""classification"": ""ambiguity"", ""elapsed"": 4.693487325683236, ""first_result"": ""sat"", ""first_timeout_ms"": 60000, ""query_count"": 32, ""second_result"": ""sat"", ""second_timeout_ms"": 300000, ""z3_reason_unknown"": """"}]",sat,sat,0.0009772777557373047,4.241042148321867,a600651322000091ab00008af4c20000,a600651322000091ab00008af4c20000,1f00b9f485000088c60000106c8c0000,False,sat,False,False,False,,"{""0"": ""free"", ""1"": ""free"", ""10"": ""free"", ""11"": ""free"", ""12"": ""free"", ""13"": ""free"", ""14"": ""free"", ""15"": ""free"", ""2"": ""free"", ""3"": ""free"", ""4"": ""free"", ""5"": ""free"", ""6"": ""free"", ""7"": ""free"", ""8"": ""free"", ""9"": ""free""}","{""0"": ""free"", ""1"": ""free"", ""2"": ""free"", ""3"": ""free""}",[],"[0, 1, 2, 3, 4, 5, 6, 7, 8, 9, 10, 11, 12, 13, 14, 15]",[],False,ambiguity,False,uf_axiom,
SB_5__SB_73,SB_5,SB_73,SB-SB,1,0,0,0,0,0,0,0,0,0,1,0,early_only,gap_uncovered_structural_cell,SB_5__SB_73,2,32,2,differential,1,"[{""classification"": ""ambiguity"", ""elapsed"": 4.868028121069074, ""first_result"": ""sat"", ""first_timeout_ms"": 60000, ""query_count"": 32, ""second_result"": ""sat"", ""second_timeout_ms"": 300000, ""z3_reason_unknown"": """"}]",sat,sat,0.0011657364666461945,4.426769187673926,a66f650000590091ab9f8f0000c2db61,a66f650000590091ab9f8f0000c2db61,08a53a000000007030092f0000792d72,False,sat,False,False,False,,"{""0"": ""free"", ""1"": ""free"", ""10"": ""free"", ""11"": ""free"", ""12"": ""free"", ""13"": ""free"", ""14"": ""free"", ""15"": ""free"", ""2"": ""free"", ""3"": ""free"", ""4"": ""free"", ""5"": ""free"", ""6"": ""free"", ""7"": ""free"", ""8"": ""free"", ""9"": ""free""}","{""0"": ""free"", ""1"": ""free"", ""2"": ""free"", ""3"": ""free""}",[],"[0, 1, 2, 3, 4, 5, 6, 7, 8, 9, 10, 11, 12, 13, 14, 15]",[],False,ambiguity,False,uf_axiom,
SB_106__SR_1,SB_106,SR_1,SB-SR,0,0,0,0,0,0,0,0,0,0,1,0,early_only,gap_uncovered_structural_cell,SB_106__SR_1,0,32,2,differential,1,"[{""classification"": ""ambiguity"", ""elapsed"": 5.706814497709274, ""first_result"": ""sat"", ""first_timeout_ms"": 60000, ""query_count"": 32, ""second_result"": ""sat"", ""second_timeout_ms"": 300000, ""z3_reason_unknown"": """"}]",sat,sat,0.0012274440377950668,5.270456667989492,edf4000000e4a300001eec668bd00cf6,edf4000000e4a300001eec668bd00cf6,9360000020042700008368a6f212529f,False,sat,False,False,False,,"{""0"": ""free"", ""1"": ""free"", ""10"": ""free"", ""11"": ""free"", ""12"": ""free"", ""13"": ""free"", ""14"": ""free"", ""15"": ""free"", ""2"": ""free"", ""3"": ""free"", ""4"": ""free"", ""5"": ""free"", ""6"": ""free"", ""7"": ""free"", ""8"": ""free"", ""9"": ""free""}","{""0"": ""free"", ""1"": ""free"", ""2"": ""free"", ""3"": ""free""}",[],"[0, 1, 2, 3, 4, 5, 6, 7, 8, 9, 10, 11, 12, 13, 14, 15]",[],False,ambiguity,False,uf_axiom,
SB_59__SB_67,SB_59,SB_67,SB-SB,1,0,0,0,1,0,0,0,0,0,1,0,early_only,gap_uncovered_structural_cell,SB_59__SB_67,0,32,2,differential,1,"[{""classification"": ""ambiguity"", ""elapsed"": 5.9773966278880835, ""first_result"": ""sat"", ""first_timeout_ms"": 60000, ""query_count"": 32, ""second_result"": ""sat"", ""second_timeout_ms"": 300000, ""z3_reason_unknown"": """"}]",sat,sat,0.0009798873215913773,2.727721817791462,ed003a9a190000f3bf1e00008bd00c00,ed003a9a190000f3bf1e00008bd00c00,6500b008000004a64d570000583dd400,False,sat,False,False,False,,"{""0"": ""free"", ""1"": ""free"", ""10"": ""free"", ""11"": ""free"", ""12"": ""free"", ""13"": ""free"", ""14"": ""free"", ""15"": ""free"", ""2"": ""free"", ""3"": ""free"", ""4"": ""free"", ""5"": ""free"", ""6"": ""free"", ""7"": ""free"", ""8"": ""free"", ""9"": ""free""}","{""0"": ""free"", ""1"": ""free"", ""2"": ""free"", ""3"": ""free""}",[],"[0, 1, 2, 3, 4, 5, 6, 7, 8, 9, 10, 11, 12, 13, 14, 15]",[],False,ambiguity,False,uf_axiom,
SB_62__SR_39,SB_62,SR_39,SB-SR,0,0,0,1,0,0,0,0,0,0,0,0,early_only,gap_uncovered_structural_cell,SB_62__SR_39,2,32,2,differential,1,"[{""classification"": ""ambiguity"", ""elapsed"": 6.688537422567606, ""first_result"": ""sat"", ""first_timeout_ms"": 60000, ""query_count"": 32, ""second_result"": ""sat"", ""second_timeout_ms"": 300000, ""z3_reason_unknown"": """"}]",sat,sat,0.0010457541793584824,2.3454370964318514,a600001322000091009f0000f4c2db00,a600001322000091009f0000f4c2db00,580000d3210000910009000099393300,False,sat,False,False,False,,"{""0"": ""free"", ""1"": ""free"", ""10"": ""free"", ""11"": ""free"", ""12"": ""free"", ""13"": ""free"", ""14"": ""free"", ""15"": ""free"", ""2"": ""free"", ""3"": ""free"", ""4"": ""free"", ""5"": ""free"", ""6"": ""free"", ""7"": ""free"", ""8"": ""free"", ""9"": ""free""}","{""0"": ""free"", ""1"": ""free"", ""2"": ""free"", ""3"": ""free""}",[],"[0, 1, 2, 3, 4, 5, 6, 7, 8, 9, 10, 11, 12, 13, 14, 15]",[],False,ambiguity,False,uf_axiom,
SB_47__SB_50,SB_47,SB_50,SB-SB,1,0,0,1,0,0,0,0,0,0,0,0,early_only,gap_uncovered_structural_cell,SB_47__SB_50,1,32,2,differential,1,"[{""classification"": ""ambiguity"", ""elapsed"": 7.080207511782646, ""first_result"": ""sat"", ""first_timeout_ms"": 60000, ""query_count"": 32, ""second_result"": ""sat"", ""second_timeout_ms"": 300000, ""z3_reason_unknown"": """"}]",sat,sat,0.0009849686175584793,2.9721399322152138,00107579bc3c2c00007a000000003606,00107579bc3c2c00007a000000003606,00714e111d041800001400000000985f,False,sat,False,False,False,,"{""0"": ""free"", ""1"": ""free"", ""10"": ""free"", ""11"": ""free"", ""12"": ""free"", ""13"": ""free"", ""14"": ""free"", ""15"": ""free"", ""2"": ""free"", ""3"": ""free"", ""4"": ""free"", ""5"": ""free"", ""6"": ""free"", ""7"": ""free"", ""8"": ""free"", ""9"": ""free""}","{""0"": ""free"", ""1"": ""free"", ""2"": ""free"", ""3"": ""free""}",[],"[0, 1, 2, 3, 4, 5, 6, 7, 8, 9, 10, 11, 12, 13, 14, 15]",[],False,ambiguity,False,uf_axiom,
SB_108__SB_121,SB_108,SB_121,SB-SB,1,0,0,1,0,0,0,0,0,0,0,0,early_only,gap_uncovered_structural_cell,SB_108__SB_121,1,32,2,differential,1,"[{""classification"": ""ambiguity"", ""elapsed"": 8.035407403483987, ""first_result"": ""sat"", ""first_timeout_ms"": 60000, ""query_count"": 32, ""second_result"": ""sat"", ""second_timeout_ms"": 300000, ""z3_reason_unknown"": """"}]",sat,sat,0.0009134523570537567,7.5919331684708595,00100079003c2c3b007a006fd1573606,00100079003c2c3b007a006fd1573606,001100f800c43088002900f442340109,False,sat,False,False,False,,"{""0"": ""free"", ""1"": ""free"", ""10"": ""free"", ""11"": ""free"", ""12"": ""free"", ""13"": ""free"", ""14"": ""free"", ""15"": ""free"", ""2"": ""free"", ""3"": ""free"", ""4"": ""free"", ""5"": ""free"", ""6"": ""free"", ""7"": ""free"", ""8"": ""free"", ""9"": ""free""}","{""0"": ""free"", ""1"": ""free"", ""2"": ""free"", ""3"": ""free""}",[],"[0, 1, 2, 3, 4, 5, 6, 7, 8, 9, 10, 11, 12, 13, 14, 15]",[],False,ambiguity,False,uf_axiom,
SB_5__SB_73,SB_5,SB_73,SB-SB,1,0,0,0,0,0,0,0,0,0,1,0,early_only,gap_uncovered_structural_cell,SB_5__SB_73,0,32,2,differential,1,"[{""classification"": ""ambiguity"", ""elapsed"": 8.12204142846167, ""first_result"": ""sat"", ""first_timeout_ms"": 60000, ""query_count"": 32, ""second_result"": ""sat"", ""second_timeout_ms"": 300000, ""z3_reason_unknown"": """"}]",sat,sat,0.0010700207203626633,2.721220364794135,edf43a0000e400f3bf1eec0000d00cf6,edf43a0000e400f3bf1eec0000d00cf6,bb5c3a0000020097e000b00000255d15,False,sat,False,False,False,,"{""0"": ""free"", ""1"": ""free"", ""10"": ""free"", ""11"": ""free"", ""12"": ""free"", ""13"": ""free"", ""14"": ""free"", ""15"": ""free"", ""2"": ""free"", ""3"": ""free"", ""4"": ""free"", ""5"": ""free"", ""6"": ""free"", ""7"": ""free"", ""8"": ""free"", ""9"": ""free""}","{""0"": ""free"", ""1"": ""free"", ""2"": ""free"", ""3"": ""free""}",[],"[0, 1, 2, 3, 4, 5, 6, 7, 8, 9, 10, 11, 12, 13, 14, 15]",[],False,ambiguity,False,uf_axiom,
SB_47__SB_50,SB_47,SB_50,SB-SB,1,0,0,1,0,0,0,0,0,0,0,0,early_only,gap_uncovered_structural_cell,SB_47__SB_50,2,32,2,differential,1,"[{""classification"": ""ambiguity"", ""elapsed"": 8.54356816969812, ""first_result"": ""sat"", ""first_timeout_ms"": 60000, ""query_count"": 32, ""second_result"": ""sat"", ""second_timeout_ms"": 300000, ""z3_reason_unknown"": """"}]",sat,sat,0.0005923435091972351,3.6729521695524454,006f651322597100009f00000000db61,006f651322597100009f00000000db61,002302f84f8582000081000000001f78,False,sat,False,False,False,,"{""0"": ""free"", ""1"": ""free"", ""10"": ""free"", ""11"": ""free"", ""12"": ""free"", ""13"": ""free"", ""14"": ""free"", ""15"": ""free"", ""2"": ""free"", ""3"": ""free"", ""4"": ""free"", ""5"": ""free"", ""6"": ""free"", ""7"": ""free"", ""8"": ""free"", ""9"": ""free""}","{""0"": ""free"", ""1"": ""free"", ""2"": ""free"", ""3"": ""free""}",[],"[0, 1, 2, 3, 4, 5, 6, 7, 8, 9, 10, 11, 12, 13, 14, 15]",[],False,ambiguity,False,uf_axiom,
SB_108__SB_121,SB_108,SB_121,SB-SB,1,0,0,1,0,0,0,0,0,0,0,0,early_only,gap_uncovered_structural_cell,SB_108__SB_121,0,32,2,differential,1,"[{""classification"": ""ambiguity"", ""elapsed"": 10.898369576781988, ""first_result"": ""sat"", ""first_timeout_ms"": 60000, ""query_count"": 32, ""second_result"": ""sat"", ""second_timeout_ms"": 300000, ""z3_reason_unknown"": """"}]",sat,sat,0.00122821144759655,10.457748832181096,00f4009a00e4a3f3001e00668bd00cf6,00f4009a00e4a3f3001e00668bd00cf6,000300d600004440006500ab83031656,False,sat,False,False,False,,"{""0"": ""free"", ""1"": ""free"", ""10"": ""free"", ""11"": ""free"", ""12"": ""free"", ""13"": ""free"", ""14"": ""free"", ""15"": ""free"", ""2"": ""free"", ""3"": ""free"", ""4"": ""free"", ""5"": ""free"", ""6"": ""free"", ""7"": ""free"", ""8"": ""free"", ""9"": ""free""}","{""0"": ""free"", ""1"": ""free"", ""2"": ""free"", ""3"": ""free""}",[],"[0, 1, 2, 3, 4, 5, 6, 7, 8, 9, 10, 11, 12, 13, 14, 15]",[],False,ambiguity,False,uf_axiom,
SB_69__SB_90,SB_69,SB_90,SB-SB,1,0,0,1,0,0,0,1,0,0,0,0,early_only,gap_uncovered_structural_cell,SB_69__SB_90,0,32,2,differential,1,"[{""classification"": ""ambiguity"", ""elapsed"": 13.81860351935029, ""first_result"": ""sat"", ""first_timeout_ms"": 60000, ""query_count"": 32, ""second_result"": ""sat"", ""second_timeout_ms"": 300000, ""z3_reason_unknown"": """"}]",sat,sat,0.0010581761598587036,10.007131613790989,ed003a9a190000f3bf0000668bd00000,ed003a9a190000f3bf0000668bd00000,1800a08b40000056bf00004a67680000,False,sat,False,False,False,,"{""0"": ""free"", ""1"": ""free"", ""10"": ""free"", ""11"": ""free"", ""12"": ""free"", ""13"": ""free"", ""14"": ""free"", ""15"": ""free"", ""2"": ""free"", ""3"": ""free"", ""4"": ""free"", ""5"": ""free"", ""6"": ""free"", ""7"": ""free"", ""8"": ""free"", ""9"": ""free""}","{""0"": ""free"", ""1"": ""free"", ""2"": ""free"", ""3"": ""free""}",[],"[0, 1, 2, 3, 4, 5, 6, 7, 8, 9, 10, 11, 12, 13, 14, 15]",[],False,ambiguity,False,uf_axiom,
SR_0__SR_88,SR_0,SR_88,SR-SR,1,0,0,0,1,0,0,0,0,0,1,0,early_only,gap_uncovered_structural_cell,SR_0__SR_88,0,32,2,differential,1,"[{""classification"": ""ambiguity"", ""elapsed"": 0.6304619368165731, ""first_result"": ""sat"", ""first_timeout_ms"": 60000, ""query_count"": 32, ""second_result"": ""sat"", ""second_timeout_ms"": 300000, ""z3_reason_unknown"": """"}]",sat,sat,0.0008244141936302185,0.20600645802915096,ed00009a19e400f3001eec008bd00cf6,ed00009a19e400f3001eec008bd00cf6,1400008852cf0001000071003094abfe,False,sat,False,False,False,,"{""0"": ""free"", ""1"": ""free"", ""10"": ""free"", ""11"": ""free"", ""12"": ""free"", ""13"": ""free"", ""14"": ""free"", ""15"": ""free"", ""2"": ""free"", ""3"": ""free"", ""4"": ""free"", ""5"": ""free"", ""6"": ""free"", ""7"": ""free"", ""8"": ""free"", ""9"": ""free""}","{""0"": ""free"", ""1"": ""free"", ""2"": ""free"", ""3"": ""free""}",[],"[0, 1, 2, 3, 4, 5, 6, 7, 8, 9, 10, 11, 12, 13, 14, 15]",[],False,ambiguity,False,uf_axiom,
SR_36__SR_95,SR_36,SR_95,SR-SR,1,0,0,0,0,0,0,0,0,0,1,0,early_only,gap_uncovered_structural_cell,SR_36__SR_95,0,32,2,differential,1,"[{""classification"": ""ambiguity"", ""elapsed"": 0.646967064589262, ""first_result"": ""sat"", ""first_timeout_ms"": 60000, ""query_count"": 32, ""second_result"": ""sat"", ""second_timeout_ms"": 300000, ""z3_reason_unknown"": """"}]",sat,sat,0.0006790254265069962,0.22763829119503498,ed00009a190000f3001e00008bd00c00,ed00009a190000f3001e00008bd00c00,4000001a10000067004700003a9e4400,False,sat,False,False,False,,"{""0"": ""free"", ""1"": ""free"", ""10"": ""free"", ""11"": ""free"", ""12"": ""free"", ""13"": ""free"", ""14"": ""free"", ""15"": ""free"", ""2"": ""free"", ""3"": ""free"", ""4"": ""free"", ""5"": ""free"", ""6"": ""free"", ""7"": ""free"", ""8"": ""free"", ""9"": ""free""}","{""0"": ""free"", ""1"": ""free"", ""2"": ""free"", ""3"": ""free""}",[],"[0, 1, 2, 3, 4, 5, 6, 7, 8, 9, 10, 11, 12, 13, 14, 15]",[],False,ambiguity,False,uf_axiom,
SR_10__SR_67,SR_10,SR_67,SR-SR,1,0,0,0,0,0,0,0,0,0,1,0,early_only,gap_uncovered_structural_cell,SR_10__SR_67,1,32,2,differential,1,"[{""classification"": ""ambiguity"", ""elapsed"": 0.8268295172601938, ""first_result"": ""sat"", ""first_timeout_ms"": 60000, ""query_count"": 32, ""second_result"": ""sat"", ""second_timeout_ms"": 300000, ""z3_reason_unknown"": """"}]",sat,sat,0.0010526198893785477,0.37702919356524944,99107579bc3c003b0d7a000000573600,99107579bc3c003b0d7a000000573600,022200c0923000204177000000cf4700,False,sat,False,False,False,,"{""0"": ""free"", ""1"": ""free"", ""10"": ""free"", ""11"": ""free"", ""12"": ""free"", ""13"": ""free"", ""14"": ""free"", ""15"": ""free"", ""2"": ""free"", ""3"": ""free"", ""4"": ""free"", ""5"": ""free"", ""6"": ""free"", ""7"": ""free"", ""8"": ""free"", ""9"": ""free""}","{""0"": ""free"", ""1"": ""free"", ""2"": ""free"", ""3"": ""free""}",[],"[0, 1, 2, 3, 4, 5, 6, 7, 8, 9, 10, 11, 12, 13, 14, 15]",[],False,ambiguity,False,uf_axiom,
SR_4__SR_127,SR_4,SR_127,SR-SR,1,0,0,0,0,0,0,0,0,1,0,0,early_only,gap_uncovered_structural_cell,SR_4__SR_127,1,32,2,differential,1,"[{""classification"": ""ambiguity"", ""elapsed"": 0.8788133636116982, ""first_result"": ""sat"", ""first_timeout_ms"": 60000, ""query_count"": 32, ""second_result"": ""sat"", ""second_timeout_ms"": 300000, ""z3_reason_unknown"": """"}]",sat,sat,0.0009508803486824036,0.4244833067059517,99007579003c003b0d008a6fd1570006,99007579003c003b0d008a6fd1570006,24009c1200e300ca820000a560000030,False,sat,False,False,False,,"{""0"": ""free"", ""1"": ""free"", ""10"": ""free"", ""11"": ""free"", ""12"": ""free"", ""13"": ""free"", ""14"": ""free"", ""15"": ""free"", ""2"": ""free"", ""3"": ""free"", ""4"": ""free"", ""5"": ""free"", ""6"": ""free"", ""7"": ""free"", ""8"": ""free"", ""9"": ""free""}","{""0"": ""free"", ""1"": ""free"", ""2"": ""free"", ""3"": ""free""}",[],"[0, 1, 2, 3, 4, 5, 6, 7, 8, 9, 10, 11, 12, 13, 14, 15]",[],False,ambiguity,False,uf_axiom,
SR_0__SR_88,SR_0,SR_88,SR-SR,1,0,0,0,1,0,0,0,0,0,1,0,early_only,gap_uncovered_structural_cell,SR_0__SR_88,2,32,2,differential,1,"[{""classification"": ""ambiguity"", ""elapsed"": 0.8854811079800129, ""first_result"": ""sat"", ""first_timeout_ms"": 60000, ""query_count"": 32, ""second_result"": ""sat"", ""second_timeout_ms"": 300000, ""z3_reason_unknown"": """"}]",sat,sat,0.0010935347527265549,0.46208954975008965,a600001322590091009f8f00f4c2db61,a600001322590091009f8f00f4c2db61,a3000050a0a9002500901d007b006a09,False,sat,False,False,False,,"{""0"": ""free"", ""1"": ""free"", ""10"": ""free"", ""11"": ""free"", ""12"": ""free"", ""13"": ""free"", ""14"": ""free"", ""15"": ""free"", ""2"": ""free"", ""3"": ""free"", ""4"": ""free"", ""5"": ""free"", ""6"": ""free"", ""7"": ""free"", ""8"": ""free"", ""9"": ""free""}","{""0"": ""free"", ""1"": ""free"", ""2"": ""free"", ""3"": ""free""}",[],"[0, 1, 2, 3, 4, 5, 6, 7, 8, 9, 10, 11, 12, 13, 14, 15]",[],False,ambiguity,False,uf_axiom,
SR_21__SR_67,SR_21,SR_67,SR-SR,1,0,0,0,0,0,0,0,0,1,0,0,early_only,gap_uncovered_structural_cell,SR_21__SR_67,1,32,2,differential,1,"[{""classification"": ""ambiguity"", ""elapsed"": 1.0113809294998646, ""first_result"": ""sat"", ""first_timeout_ms"": 60000, ""query_count"": 32, ""second_result"": ""sat"", ""second_timeout_ms"": 300000, ""z3_reason_unknown"": """"}]",sat,sat,0.0007599350064992905,0.577240688726306,99007500bc002c3b0d008a0000570006,99007500bc002c3b0d008a0000570006,41008a00000002686a004100002e00ae,False,sat,False,False,False,,"{""0"": ""free"", ""1"": ""free"", ""10"": ""free"", ""11"": ""free"", ""12"": ""free"", ""13"": ""free"", ""14"": ""free"", ""15"": ""free"", ""2"": ""free"", ""3"": ""free"", ""4"": ""free"", ""5"": ""free"", ""6"": ""free"", ""7"": ""free"", ""8"": ""free"", ""9"": ""free""}","{""0"": ""free"", ""1"": ""free"", ""2"": ""free"", ""3"": ""free""}",[],"[0, 1, 2, 3, 4, 5, 6, 7, 8, 9, 10, 11, 12, 13, 14, 15]",[],False,ambiguity,False,uf_axiom,
SR_36__SR_95,SR_36,SR_95,SR-SR,1,0,0,0,0,0,0,0,0,0,1,0,early_only,gap_uncovered_structural_cell,SR_36__SR_95,2,32,2,differential,1,"[{""classification"": ""ambiguity"", ""elapsed"": 1.5770881492644548, ""first_result"": ""sat"", ""first_timeout_ms"": 60000, ""query_count"": 32, ""second_result"": ""sat"", ""second_timeout_ms"": 300000, ""z3_reason_unknown"": """"}]",sat,sat,0.0010341480374336243,1.1524703800678253,a600001322000091009f0000f4c2db00,a600001322000091009f0000f4c2db00,84000015ac000069005f0000791cc100,False,sat,False,False,False,,"{""0"": ""free"", ""1"": ""free"", ""10"": ""free"", ""11"": ""free"", ""12"": ""free"", ""13"": ""free"", ""14"": ""free"", ""15"": ""free"", ""2"": ""free"", ""3"": ""free"", ""4"": ""free"", ""5"": ""free"", ""6"": ""free"", ""7"": ""free"", ""8"": ""free"", ""9"": ""free""}","{""0"": ""free"", ""1"": ""free"", ""2"": ""free"", ""3"": ""free""}",[],"[0, 1, 2, 3, 4, 5, 6, 7, 8, 9, 10, 11, 12, 13, 14, 15]",[],False,ambiguity,False,uf_axiom,
SR_0__SR_88,SR_0,SR_88,SR-SR,1,0,0,0,1,0,0,0,0,0,1,0,early_only,gap_uncovered_structural_cell,SR_0__SR_88,1,32,2,differential,1,"[{""classification"": ""ambiguity"", ""elapsed"": 1.7398424856364727, ""first_result"": ""sat"", ""first_timeout_ms"": 60000, ""query_count"": 32, ""second_result"": ""sat"", ""second_timeout_ms"": 300000, ""z3_reason_unknown"": """"}]",sat,sat,0.001111084595322609,1.309178864583373,99000079bc3c003b007a8a00d1573606,99000079bc3c003b007a8a00d1573606,900000079652000900e7900067ac6a08,False,sat,False,False,False,,"{""0"": ""free"", ""1"": ""free"", ""10"": ""free"", ""11"": ""free"", ""12"": ""free"", ""13"": ""free"", ""14"": ""free"", ""15"": ""free"", ""2"": ""free"", ""3"": ""free"", ""4"": ""free"", ""5"": ""free"", ""6"": ""free"", ""7"": ""free"", ""8"": ""free"", ""9"": ""free""}","{""0"": ""free"", ""1"": ""free"", ""2"": ""free"", ""3"": ""free""}",[],"[0, 1, 2, 3, 4, 5, 6, 7, 8, 9, 10, 11, 12, 13, 14, 15]",[],False,ambiguity,False,uf_axiom,
SR_10__SR_67,SR_10,SR_67,SR-SR,1,0,0,0,0,0,0,0,0,0,1,0,early_only,gap_uncovered_structural_cell,SR_10__SR_67,0,32,2,differential,1,"[{""classification"": ""ambiguity"", ""elapsed"": 2.1631613709032536, ""first_result"": ""sat"", ""first_timeout_ms"": 60000, ""query_count"": 32, ""second_result"": ""sat"", ""second_timeout_ms"": 300000, ""z3_reason_unknown"": """"}]",sat,sat,0.001347644254565239,1.720066150650382,edf43a9a19e400f3bf1e000000d00c00,edf43a9a19e400f3bf1e000000d00c00,0b8041110400001d5463000000acc200,False,sat,False,False,False,,"{""0"": ""free"", ""1"": ""free"", ""10"": ""free"", ""11"": ""free"", ""12"": ""free"", ""13"": ""free"", ""14"": ""free"", ""15"": ""free"", ""2"": ""free"", ""3"": ""free"", ""4"": ""free"", ""5"": ""free"", ""6"": ""free"", ""7"": ""free"", ""8"": ""free"", ""9"": ""free""}","{""0"": ""free"", ""1"": ""free"", ""2"": ""free"", ""3"": ""free""}",[],"[0, 1, 2, 3, 4, 5, 6, 7, 8, 9, 10, 11, 12, 13, 14, 15]",[],False,ambiguity,False,uf_axiom,
SR_38__SR_102,SR_38,SR_102,SR-SR,1,0,1,0,1,0,0,0,1,0,0,0,early_only,gap_uncovered_structural_cell,SR_38__SR_102,2,32,2,differential,1,"[{""classification"": ""ambiguity"", ""elapsed"": 2.2163982167840004, ""first_result"": ""sat"", ""first_timeout_ms"": 60000, ""query_count"": 32, ""second_result"": ""sat"", ""second_timeout_ms"": 300000, ""z3_reason_unknown"": """"}]",sat,sat,0.0011253077536821365,1.7312044389545918,a66f001322007100ab9f008af4c2db00,a66f001322007100ab9f008af4c2db00,015200932000020008a800006452c400,False,sat,False,False,False,,"{""0"": ""free"", ""1"": ""free"", ""10"": ""free"", ""11"": ""free"", ""12"": ""free"", ""13"": ""free"", ""14"": ""free"", ""15"": ""free"", ""2"": ""free"", ""3"": ""free"", ""4"": ""free"", ""5"": ""free"", ""6"": ""free"", ""7"": ""free"", ""8"": ""free"", ""9"": ""free""}","{""0"": ""free"", ""1"": ""free"", ""2"": ""free"", ""3"": ""free""}",[],"[0, 1, 2, 3, 4, 5, 6, 7, 8, 9, 10, 11, 12, 13, 14, 15]",[],False,ambiguity,False,uf_axiom,
SR_4__SR_127,SR_4,SR_127,SR-SR,1,0,0,0,0,0,0,0,0,1,0,0,early_only,gap_uncovered_structural_cell,SR_4__SR_127,0,32,2,differential,1,"[{""classification"": ""ambiguity"", ""elapsed"": 2.304956503212452, ""first_result"": ""sat"", ""first_timeout_ms"": 60000, ""query_count"": 32, ""second_result"": ""sat"", ""second_timeout_ms"": 300000, ""z3_reason_unknown"": """"}]",sat,sat,0.0010751541703939438,1.8779794294387102,ed003a9a00e400f3bf00ec668bd000f6,ed003a9a00e400f3bf00ec668bd000f6,14002ce000b200884e08001952180000,False,sat,False,False,False,,"{""0"": ""free"", ""1"": ""free"", ""10"": ""free"", ""11"": ""free"", ""12"": ""free"", ""13"": ""free"", ""14"": ""free"", ""15"": ""free"", ""2"": ""free"", ""3"": ""free"", ""4"": ""free"", ""5"": ""free"", ""6"": ""free"", ""7"": ""free"", ""8"": ""free"", ""9"": ""free""}","{""0"": ""free"", ""1"": ""free"", ""2"": ""free"", ""3"": ""free""}",[],"[0, 1, 2, 3, 4, 5, 6, 7, 8, 9, 10, 11, 12, 13, 14, 15]",[],False,ambiguity,False,uf_axiom,
SR_103__SR_119,SR_103,SR_119,SR-SR,1,0,0,1,1,0,1,0,0,0,0,0,early_only,gap_uncovered_structural_cell,SR_103__SR_119,2,32,2,differential,1,"[{""classification"": ""ambiguity"", ""elapsed"": 2.9319475814700127, ""first_result"": ""sat"", ""first_timeout_ms"": 60000, ""query_count"": 32, ""second_result"": ""sat"", ""second_timeout_ms"": 300000, ""z3_reason_unknown"": """"}]",sat,sat,0.0010053198784589767,0.38780179247260094,a66f651322007100ab9f008af4c2db61,a66f651322007100ab9f008af4c2db61,469a7076ba004000115600148000d454,False,sat,False,False,False,,"{""0"": ""free"", ""1"": ""free"", ""10"": ""free"", ""11"": ""free"", ""12"": ""free"", ""13"": ""free"", ""14"": ""free"", ""15"": ""free"", ""2"": ""free"", ""3"": ""free"", ""4"": ""free"", ""5"": ""free"", ""6"": ""free"", ""7"": ""free"", ""8"": ""free"", ""9"": ""free""}","{""0"": ""free"", ""1"": ""free"", ""2"": ""free"", ""3"": ""free""}",[],"[0, 1, 2, 3, 4, 5, 6, 7, 8, 9, 10, 11, 12, 13, 14, 15]",[],False,ambiguity,False,uf_axiom,
SR_36__SR_95,SR_36,SR_95,SR-SR,1,0,0,0,0,0,0,0,0,0,1,0,early_only,gap_uncovered_structural_cell,SR_36__SR_95,1,32,2,differential,1,"[{""classification"": ""ambiguity"", ""elapsed"": 3.1259617395699024, ""first_result"": ""sat"", ""first_timeout_ms"": 60000, ""query_count"": 32, ""second_result"": ""sat"", ""second_timeout_ms"": 300000, ""z3_reason_unknown"": """"}]",sat,sat,0.0008559860289096832,2.6932239532470703,99000079bc00003b007a0000d1573600,99000079bc00003b007a0000d1573600,120000d12300009900dd00103a86ff00,False,sat,False,False,False,,"{""0"": ""free"", ""1"": ""free"", ""10"": ""free"", ""11"": ""free"", ""12"": ""free"", ""13"": ""free"", ""14"": ""free"", ""15"": ""free"", ""2"": ""free"", ""3"": ""free"", ""4"": ""free"", ""5"": ""free"", ""6"": ""free"", ""7"": ""free"", ""8"": ""free"", ""9"": ""free""}","{""0"": ""free"", ""1"": ""free"", ""2"": ""free"", ""3"": ""free""}",[],"[0, 1, 2, 3, 4, 5, 6, 7, 8, 9, 10, 11, 12, 13, 14, 15]",[],False,ambiguity,False,uf_axiom,
SR_10__SR_67,SR_10,SR_67,SR-SR,1,0,0,0,0,0,0,0,0,0,1,0,early_only,gap_uncovered_structural_cell,SR_10__SR_67,2,32,2,differential,1,"[{""classification"": ""ambiguity"", ""elapsed"": 3.715435890480876, ""first_result"": ""sat"", ""first_timeout_ms"": 60000, ""query_count"": 32, ""second_result"": ""sat"", ""second_timeout_ms"": 300000, ""z3_reason_unknown"": """"}]",sat,sat,0.0011679399758577347,1.8882894646376371,a66f651322590091ab9f000000c2db00,a66f651322590091ab9f000000c2db00,66cc915d6a000000a400000000cc6a20,False,sat,False,False,False,,"{""0"": ""free"", ""1"": ""free"", ""10"": ""free"", ""11"": ""free"", ""12"": ""free"", ""13"": ""free"", ""14"": ""free"", ""15"": ""free"", ""2"": ""free"", ""3"": ""free"", ""4"": ""free"", ""5"": ""free"", ""6"": ""free"", ""7"": ""free"", ""8"": ""free"", ""9"": ""free""}","{""0"": ""free"", ""1"": ""free"", ""2"": ""free"", ""3"": ""free""}",[],"[0, 1, 2, 3, 4, 5, 6, 7, 8, 9, 10, 11, 12, 13, 14, 15]",[],False,ambiguity,False,uf_axiom,
SR_100__SR_120,SR_100,SR_120,SR-SR,1,0,0,1,0,0,0,0,0,0,0,0,early_only,gap_uncovered_structural_cell,SR_100__SR_120,2,32,2,differential,1,"[{""classification"": ""ambiguity"", ""elapsed"": 6.251534853130579, ""first_result"": ""sat"", ""first_timeout_ms"": 60000, ""query_count"": 32, ""second_result"": ""sat"", ""second_timeout_ms"": 300000, ""z3_reason_unknown"": """"}]",sat,sat,0.0010734833776950836,5.8218644596636295,a66f651322007191ab00008af4c20000,a66f651322007191ab00008af4c20000,cc07820c90802e0a310000ce72600000,False,sat,False,False,False,,"{""0"": ""free"", ""1"": ""free"", ""10"": ""free"", ""11"": ""free"", ""12"": ""free"", ""13"": ""free"", ""14"": ""free"", ""15"": ""free"", ""2"": ""free"", ""3"": ""free"", ""4"": ""free"", ""5"": ""free"", ""6"": ""free"", ""7"": ""free"", ""8"": ""free"", ""9"": ""free""}","{""0"": ""free"", ""1"": ""free"", ""2"": ""free"", ""3"": ""free""}",[],"[0, 1, 2, 3, 4, 5, 6, 7, 8, 9, 10, 11, 12, 13, 14, 15]",[],False,ambiguity,False,uf_axiom,
SR_4__SR_127,SR_4,SR_127,SR-SR,1,0,0,0,0,0,0,0,0,1,0,0,early_only,gap_uncovered_structural_cell,SR_4__SR_127,2,32,2,differential,1,"[{""classification"": ""ambiguity"", ""elapsed"": 6.440115785226226, ""first_result"": ""sat"", ""first_timeout_ms"": 60000, ""query_count"": 32, ""second_result"": ""sat"", ""second_timeout_ms"": 300000, ""z3_reason_unknown"": """"}]",sat,sat,0.0011409837752580643,5.9852586183696985,a600651300590091ab008f8af4c20061,a600651300590091ab008f8af4c20061,6500005e00c800781000f70cb960004f,False,sat,False,False,False,,"{""0"": ""free"", ""1"": ""free"", ""10"": ""free"", ""11"": ""free"", ""12"": ""free"", ""13"": ""free"", ""14"": ""free"", ""15"": ""free"", ""2"": ""free"", ""3"": ""free"", ""4"": ""free"", ""5"": ""free"", ""6"": ""free"", ""7"": ""free"", ""8"": ""free"", ""9"": ""free""}","{""0"": ""free"", ""1"": ""free"", ""2"": ""free"", ""3"": ""free""}",[],"[0, 1, 2, 3, 4, 5, 6, 7, 8, 9, 10, 11, 12, 13, 14, 15]",[],False,ambiguity,False,uf_axiom,
SR_100__SR_120,SR_100,SR_120,SR-SR,1,0,0,1,0,0,0,0,0,0,0,0,early_only,gap_uncovered_structural_cell,SR_100__SR_120,1,32,2,differential,1,"[{""classification"": ""ambiguity"", ""elapsed"": 6.663558965548873, ""first_result"": ""sat"", ""first_timeout_ms"": 60000, ""query_count"": 32, ""second_result"": ""sat"", ""second_timeout_ms"": 300000, ""z3_reason_unknown"": """"}]",sat,sat,0.0010577775537967682,6.2353676818311214,99107579bc002c3b0d00006fd1570000,99107579bc002c3b0d00006fd1570000,0f74c8aa500058284000011bb41f0000,False,sat,False,False,False,,"{""0"": ""free"", ""1"": ""free"", ""10"": ""free"", ""11"": ""free"", ""12"": ""free"", ""13"": ""free"", ""14"": ""free"", ""15"": ""free"", ""2"": ""free"", ""3"": ""free"", ""4"": ""free"", ""5"": ""free"", ""6"": ""free"", ""7"": ""free"", ""8"": ""free"", ""9"": ""free""}","{""0"": ""free"", ""1"": ""free"", ""2"": ""free"", ""3"": ""free""}",[],"[0, 1, 2, 3, 4, 5, 6, 7, 8, 9, 10, 11, 12, 13, 14, 15]",[],False,ambiguity,False,uf_axiom,
SR_38__SR_102,SR_38,SR_102,SR-SR,1,0,1,0,1,0,0,0,1,0,0,0,early_only,gap_uncovered_structural_cell,SR_38__SR_102,1,32,2,differential,1,"[{""classification"": ""ambiguity"", ""elapsed"": 7.0635825134813786, ""first_result"": ""sat"", ""first_timeout_ms"": 60000, ""query_count"": 32, ""second_result"": ""sat"", ""second_timeout_ms"": 300000, ""z3_reason_unknown"": """"}]",sat,sat,0.0011863205581903458,6.615392966195941,99100079bc002c000d7a006fd1573600,99100079bc002c000d7a006fd1573600,def1006670001400ef80008445cca500,False,sat,False,False,False,,"{""0"": ""free"", ""1"": ""free"", ""10"": ""free"", ""11"": ""free"", ""12"": ""free"", ""13"": ""free"", ""14"": ""free"", ""15"": ""free"", ""2"": ""free"", ""3"": ""free"", ""4"": ""free"", ""5"": ""free"", ""6"": ""free"", ""7"": ""free"", ""8"": ""free"", ""9"": ""free""}","{""0"": ""free"", ""1"": ""free"", ""2"": ""free"", ""3"": ""free""}",[],"[0, 1, 2, 3, 4, 5, 6, 7, 8, 9, 10, 11, 12, 13, 14, 15]",[],False,ambiguity,False,uf_axiom,
SR_38__SR_102,SR_38,SR_102,SR-SR,1,0,1,0,1,0,0,0,1,0,0,0,early_only,gap_uncovered_structural_cell,SR_38__SR_102,0,32,2,differential,1,"[{""classification"": ""ambiguity"", ""elapsed"": 7.251320185139775, ""first_result"": ""sat"", ""first_timeout_ms"": 60000, ""query_count"": 32, ""second_result"": ""sat"", ""second_timeout_ms"": 300000, ""z3_reason_unknown"": """"}]",sat,sat,0.0010161325335502625,2.031820982694626,edf4009a1900a300bf1e00668bd00c00,edf4009a1900a300bf1e00668bd00c00,006000000000be001ece004391ab1100,False,sat,False,False,False,,"{""0"": ""free"", ""1"": ""free"", ""10"": ""free"", ""11"": ""free"", ""12"": ""free"", ""13"": ""free"", ""14"": ""free"", ""15"": ""free"", ""2"": ""free"", ""3"": ""free"", ""4"": ""free"", ""5"": ""free"", ""6"": ""free"", ""7"": ""free"", ""8"": ""free"", ""9"": ""free""}","{""0"": ""free"", ""1"": ""free"", ""2"": ""free"", ""3"": ""free""}",[],"[0, 1, 2, 3, 4, 5, 6, 7, 8, 9, 10, 11, 12, 13, 14, 15]",[],False,ambiguity,False,uf_axiom,
SR_103__SR_119,SR_103,SR_119,SR-SR,1,0,0,1,1,0,1,0,0,0,0,0,early_only,gap_uncovered_structural_cell,SR_103__SR_119,0,32,2,differential,1,"[{""classification"": ""ambiguity"", ""elapsed"": 9.352485632523894, ""first_result"": ""sat"", ""first_timeout_ms"": 60000, ""query_count"": 32, ""second_result"": ""sat"", ""second_timeout_ms"": 300000, ""z3_reason_unknown"": """"}]",sat,sat,0.0010324232280254364,6.224452182650566,edf43a9a1900a300bf1e00668bd00cf6,edf43a9a1900a300bf1e00668bd00cf6,211132001000f3008c54004f8b7be254,False,sat,False,False,False,,"{""0"": ""free"", ""1"": ""free"", ""10"": ""free"", ""11"": ""free"", ""12"": ""free"", ""13"": ""free"", ""14"": ""free"", ""15"": ""free"", ""2"": ""free"", ""3"": ""free"", ""4"": ""free"", ""5"": ""free"", ""6"": ""free"", ""7"": ""free"", ""8"": ""free"", ""9"": ""free""}","{""0"": ""free"", ""1"": ""free"", ""2"": ""free"", ""3"": ""free""}",[],"[0, 1, 2, 3, 4, 5, 6, 7, 8, 9, 10, 11, 12, 13, 14, 15]",[],False,ambiguity,False,uf_axiom,
SR_21__SR_67,SR_21,SR_67,SR-SR,1,0,0,0,0,0,0,0,0,1,0,0,early_only,gap_uncovered_structural_cell,SR_21__SR_67,0,32,2,differential,1,"[{""classification"": ""ambiguity"", ""elapsed"": 9.59710825048387, ""first_result"": ""sat"", ""first_timeout_ms"": 60000, ""query_count"": 32, ""second_result"": ""sat"", ""second_timeout_ms"": 300000, ""z3_reason_unknown"": """"}]",sat,sat,0.0009544864296913147,9.155100032687187,ed003a001900a3f3bf00ec0000d000f6,ed003a001900a3f3bf00ec0000d000f6,42004500600010fc7c00090000c5005e,False,sat,False,False,False,,"{""0"": ""free"", ""1"": ""free"", ""10"": ""free"", ""11"": ""free"", ""12"": ""free"", ""13"": ""free"", ""14"": ""free"", ""15"": ""free"", ""2"": ""free"", ""3"": ""free"", ""4"": ""free"", ""5"": ""free"", ""6"": ""free"", ""7"": ""free"", ""8"": ""free"", ""9"": ""free""}","{""0"": ""free"", ""1"": ""free"", ""2"": ""free"", ""3"": ""free""}",[],"[0, 1, 2, 3, 4, 5, 6, 7, 8, 9, 10, 11, 12, 13, 14, 15]",[],False,ambiguity,False,uf_axiom,
SR_103__SR_119,SR_103,SR_119,SR-SR,1,0,0,1,1,0,1,0,0,0,0,0,early_only,gap_uncovered_structural_cell,SR_103__SR_119,1,32,2,differential,1,"[{""classification"": ""ambiguity"", ""elapsed"": 14.27716694958508, ""first_result"": ""sat"", ""first_timeout_ms"": 60000, ""query_count"": 32, ""second_result"": ""sat"", ""second_timeout_ms"": 300000, ""z3_reason_unknown"": """"}]",sat,sat,0.0011944714933633804,8.421375084668398,99107579bc002c000d7a006fd1573606,99107579bc002c000d7a006fd1573606,520915092d0042008a8600c243d3a7a2,False,sat,False,False,False,,"{""0"": ""free"", ""1"": ""free"", ""10"": ""free"", ""11"": ""free"", ""12"": ""free"", ""13"": ""free"", ""14"": ""free"", ""15"": ""free"", ""2"": ""free"", ""3"": ""free"", ""4"": ""free"", ""5"": ""free"", ""6"": ""free"", ""7"": ""free"", ""8"": ""free"", ""9"": ""free""}","{""0"": ""free"", ""1"": ""free"", ""2"": ""free"", ""3"": ""free""}",[],"[0, 1, 2, 3, 4, 5, 6, 7, 8, 9, 10, 11, 12, 13, 14, 15]",[],False,ambiguity,False,uf_axiom,
SR_21__SR_67,SR_21,SR_67,SR-SR,1,0,0,0,0,0,0,0,0,1,0,0,early_only,gap_uncovered_structural_cell,SR_21__SR_67,2,32,2,differential,1,"[{""classification"": ""ambiguity"", ""elapsed"": 17.65027750097215, ""first_result"": ""sat"", ""first_timeout_ms"": 60000, ""query_count"": 32, ""second_result"": ""sat"", ""second_timeout_ms"": 300000, ""z3_reason_unknown"": """"}]",sat,sat,0.0010392721742391586,17.214389814063907,a600650022007191ab008f0000c20061,a600650022007191ab008f0000c20061,a90403005200445c6f002000004b00e2,False,sat,False,False,False,,"{""0"": ""free"", ""1"": ""free"", ""10"": ""free"", ""11"": ""free"", ""12"": ""free"", ""13"": ""free"", ""14"": ""free"", ""15"": ""free"", ""2"": ""free"", ""3"": ""free"", ""4"": ""free"", ""5"": ""free"", ""6"": ""free"", ""7"": ""free"", ""8"": ""free"", ""9"": ""free""}","{""0"": ""free"", ""1"": ""free"", ""2"": ""free"", ""3"": ""free""}",[],"[0, 1, 2, 3, 4, 5, 6, 7, 8, 9, 10, 11, 12, 13, 14, 15]",[],False,ambiguity,False,uf_axiom,
SR_100__SR_120,SR_100,SR_120,SR-SR,1,0,0,1,0,0,0,0,0,0,0,0,early_only,gap_uncovered_structural_cell,SR_100__SR_120,0,32,2,differential,1,"[{""classification"": ""ambiguity"", ""elapsed"": 21.975046265870333, ""first_result"": ""sat"", ""first_timeout_ms"": 60000, ""query_count"": 32, ""second_result"": ""sat"", ""second_timeout_ms"": 300000, ""z3_reason_unknown"": """"}]",sat,sat,0.00074722059071064,11.063962634652853,edf43a9a1900a3f3bf0000668bd00000,edf43a9a1900a3f3bf0000668bd00000,10477eec31002bfccf00006652000000,False,sat,False,False,False,,"{""0"": ""free"", ""1"": ""free"", ""10"": ""free"", ""11"": ""free"", ""12"": ""free"", ""13"": ""free"", ""14"": ""free"", ""15"": ""free"", ""2"": ""free"", ""3"": ""free"", ""4"": ""free"", ""5"": ""free"", ""6"": ""free"", ""7"": ""free"", ""8"": ""free"", ""9"": ""free""}","{""0"": ""free"", ""1"": ""free"", ""2"": ""free"", ""3"": ""free""}",[],"[0, 1, 2, 3, 4, 5, 6, 7, 8, 9, 10, 11, 12, 13, 14, 15]",[],False,ambiguity,False,uf_axiom,
