case_id,cand_a,cand_b,cand_c,cand_d,topology_class,selection_reason,seed,query_count,depth,mode,attempt_count,attempts_json,first_result,second_result,first_time,second_time,first_model,first_model_hex,alternative_model,first_model_correct,true_key_satisfiable,true_key_timeout,second_timeout,timeout,z3_reason_unknown,byte_diagnostic_summary,column_diagnostic_summary,fixed_bytes,free_bytes,unknown_bytes,first_timeout,classification,confirmed_unique_candidate,sbox_encoding,domain_true_key_retained
4bit_gap_early__SB_0__SB_22__SB_30__SR_0,SB_0,SB_22,SB_30,SR_0,early_only,gap_early_only_hard_case,2,32,2,differential,1,"[{""classification"": ""ambiguity"", ""elapsed"": 0.8254138417541981, ""first_result"": ""sat"", ""first_timeout_ms"": 60000, ""query_count"": 32, ""second_result"": ""sat"", ""second_timeout_ms"": 300000, ""z3_reason_unknown"": """"}]",sat,sat,0.001488683745265007,0.24406219087541103,a60065130059000000008f00f4c20061,a60065130059000000008f00f4c20061,b00059c900b80000000060007f0d00ab,False,sat,False,False,False,,"{""0"": ""free"", ""1"": ""free"", ""10"": ""free"", ""11"": ""free"", ""12"": ""free"", ""13"": ""free"", ""14"": ""free"", ""15"": ""free"", ""2"": ""free"", ""3"": ""free"", ""4"": ""free"", ""5"": ""free"", ""6"": ""free"", ""7"": ""free"", ""8"": ""free"", ""9"": ""free""}","{""0"": ""free"", ""1"": ""free"", ""2"": ""free"", ""3"": ""free""}",[],"[0, 1, 2, 3, 4, 5, 6, 7, 8, 9, 10, 11, 12, 13, 14, 15]",[],False,ambiguity,False,uf_axiom,
4bit_gap_early__SB_108__SB_121__SB_39__SR_101,SB_108,SB_121,SB_39,SR_101,early_only,gap_early_only_hard_case,2,32,2,differential,1,"[{""classification"": ""ambiguity"", ""elapsed"": 0.9652019012719393, ""first_result"": ""sat"", ""first_timeout_ms"": 60000, ""query_count"": 32, ""second_result"": ""sat"", ""second_timeout_ms"": 300000, ""z3_reason_unknown"": """"}]",sat,sat,0.0019324179738759995,0.2243179026991129,a66f001322597191ab9f008af4c2db61,a66f001322597191ab9f008af4c2db61,013800f374e67c803b2b00000339590a,False,sat,False,False,False,,"{""0"": ""free"", ""1"": ""free"", ""10"": ""free"", ""11"": ""free"", ""12"": ""free"", ""13"": ""free"", ""14"": ""free"", ""15"": ""free"", ""2"": ""free"", ""3"": ""free"", ""4"": ""free"", ""5"": ""free"", ""6"": ""free"", ""7"": ""free"", ""8"": ""free"", ""9"": ""free""}","{""0"": ""free"", ""1"": ""free"", ""2"": ""free"", ""3"": ""free""}",[],"[0, 1, 2, 3, 4, 5, 6, 7, 8, 9, 10, 11, 12, 13, 14, 15]",[],False,ambiguity,False,uf_axiom,
4bit_gap_early__SB_24__SB_3__SB_34__SR_65,SB_24,SB_3,SB_34,SR_65,early_only,gap_early_only_hard_case,0,32,2,differential,1,"[{""classification"": ""ambiguity"", ""elapsed"": 0.9778013490140438, ""first_result"": ""sat"", ""first_timeout_ms"": 60000, ""query_count"": 32, ""second_result"": ""sat"", ""second_timeout_ms"": 300000, ""z3_reason_unknown"": """"}]",sat,sat,0.0014125071465969086,0.3591512516140938,ed003a9a19e400f3bf1eec008bd00cf6,ed003a9a19e400f3bf1eec008bd00cf6,550004171000004309282f00004d9700,False,sat,False,False,False,,"{""0"": ""free"", ""1"": ""free"", ""10"": ""free"", ""11"": ""free"", ""12"": ""free"", ""13"": ""free"", ""14"": ""free"", ""15"": ""free"", ""2"": ""free"", ""3"": ""free"", ""4"": ""free"", ""5"": ""free"", ""6"": ""free"", ""7"": ""free"", ""8"": ""free"", ""9"": ""free""}","{""0"": ""free"", ""1"": ""free"", ""2"": ""free"", ""3"": ""free""}",[],"[0, 1, 2, 3, 4, 5, 6, 7, 8, 9, 10, 11, 12, 13, 14, 15]",[],False,ambiguity,False,uf_axiom,
4bit_gap_early__SB_0__SB_22__SB_30__SR_0,SB_0,SB_22,SB_30,SR_0,early_only,gap_early_only_hard_case,0,32,2,differential,1,"[{""classification"": ""ambiguity"", ""elapsed"": 1.200586600229144, ""first_result"": ""sat"", ""first_timeout_ms"": 60000, ""query_count"": 32, ""second_result"": ""sat"", ""second_timeout_ms"": 300000, ""z3_reason_unknown"": """"}]",sat,sat,0.0009095333516597748,0.6207806468009949,ed003a9a00e400000000ec008bd000f6,ed003a9a00e400000000ec008bd000f6,8c00da0400a7000000006b003abf00c2,False,sat,False,False,False,,"{""0"": ""free"", ""1"": ""free"", ""10"": ""free"", ""11"": ""free"", ""12"": ""free"", ""13"": ""free"", ""14"": ""free"", ""15"": ""free"", ""2"": ""free"", ""3"": ""free"", ""4"": ""free"", ""5"": ""free"", ""6"": ""free"", ""7"": ""free"", ""8"": ""free"", ""9"": ""free""}","{""0"": ""free"", ""1"": ""free"", ""2"": ""free"", ""3"": ""free""}",[],"[0, 1, 2, 3, 4, 5, 6, 7, 8, 9, 10, 11, 12, 13, 14, 15]",[],False,ambiguity,False,uf_axiom,
4bit_gap_early__SB_15__SR_36__SR_84__SR_95,SB_15,SR_36,SR_84,SR_95,early_only,gap_early_only_hard_case,0,32,2,differential,1,"[{""classification"": ""ambiguity"", ""elapsed"": 2.0987422205507755, ""first_result"": ""sat"", ""first_timeout_ms"": 60000, ""query_count"": 32, ""second_result"": ""sat"", ""second_timeout_ms"": 300000, ""z3_reason_unknown"": """"}]",sat,sat,0.0011381451040506363,1.5360539518296719,edf43a9a19e400f3001eec008bd00cf6,edf43a9a19e400f3001eec008bd00cf6,22ba80011a66008d0084ba00e9f03afc,False,sat,False,False,False,,"{""0"": ""free"", ""1"": ""free"", ""10"": ""free"", ""11"": ""free"", ""12"": ""free"", ""13"": ""free"", ""14"": ""free"", ""15"": ""free"", ""2"": ""free"", ""3"": ""free"", ""4"": ""free"", ""5"": ""free"", ""6"": ""free"", ""7"": ""free"", ""8"": ""free"", ""9"": ""free""}","{""0"": ""free"", ""1"": ""free"", ""2"": ""free"", ""3"": ""free""}",[],"[0, 1, 2, 3, 4, 5, 6, 7, 8, 9, 10, 11, 12, 13, 14, 15]",[],False,ambiguity,False,uf_axiom,
4bit_gap_early__SB_0__SB_22__SB_30__SR_0,SB_0,SB_22,SB_30,SR_0,early_only,gap_early_only_hard_case,1,32,2,differential,1,"[{""classification"": ""ambiguity"", ""elapsed"": 2.1584170162677765, ""first_result"": ""sat"", ""first_timeout_ms"": 60000, ""query_count"": 32, ""second_result"": ""sat"", ""second_timeout_ms"": 300000, ""z3_reason_unknown"": """"}]",sat,sat,0.0009572841227054596,1.5886870343238115,99007579003c000000008a00d1570006,99007579003c000000008a00d1570006,c10080070035000000001c009aef04cd,False,sat,False,False,False,,"{""0"": ""free"", ""1"": ""free"", ""10"": ""free"", ""11"": ""free"", ""12"": ""free"", ""13"": ""free"", ""14"": ""free"", ""15"": ""free"", ""2"": ""free"", ""3"": ""free"", ""4"": ""free"", ""5"": ""free"", ""6"": ""free"", ""7"": ""free"", ""8"": ""free"", ""9"": ""free""}","{""0"": ""free"", ""1"": ""free"", ""2"": ""free"", ""3"": ""free""}",[],"[0, 1, 2, 3, 4, 5, 6, 7, 8, 9, 10, 11, 12, 13, 14, 15]",[],False,ambiguity,False,uf_axiom,
4bit_gap_early__SB_121__SB_28__SR_0__SR_14,SB_121,SB_28,SR_0,SR_14,early_only,gap_early_only_hard_case,0,32,2,differential,1,"[{""classification"": ""ambiguity"", ""elapsed"": 3.755286242812872, ""first_result"": ""sat"", ""first_timeout_ms"": 60000, ""query_count"": 32, ""second_result"": ""sat"", ""second_timeout_ms"": 300000, ""z3_reason_unknown"": """"}]",sat,sat,0.0014315210282802582,3.189795045182109,edf4009a19e4a3f3001eec668bd00cf6,edf4009a19e4a3f3001eec668bd00cf6,1a3400836011a10800a5331800c8f66e,False,sat,False,False,False,,"{""0"": ""free"", ""1"": ""free"", ""10"": ""free"", ""11"": ""free"", ""12"": ""free"", ""13"": ""free"", ""14"": ""free"", ""15"": ""free"", ""2"": ""free"", ""3"": ""free"", ""4"": ""free"", ""5"": ""free"", ""6"": ""free"", ""7"": ""free"", ""8"": ""free"", ""9"": ""free""}","{""0"": ""free"", ""1"": ""free"", ""2"": ""free"", ""3"": ""free""}",[],"[0, 1, 2, 3, 4, 5, 6, 7, 8, 9, 10, 11, 12, 13, 14, 15]",[],False,ambiguity,False,uf_axiom,
4bit_gap_early__SB_18__SB_37__SB_5__SR_55,SB_18,SB_37,SB_5,SR_55,early_only,gap_early_only_hard_case,0,32,2,differential,1,"[{""classification"": ""ambiguity"", ""elapsed"": 4.277366640046239, ""first_result"": ""sat"", ""first_timeout_ms"": 60000, ""query_count"": 32, ""second_result"": ""sat"", ""second_timeout_ms"": 300000, ""z3_reason_unknown"": """"}]",sat,sat,0.0023263469338417053,3.666969569399953,edf43a9a19e4a300001eec668bd00cf6,edf43a9a19e4a300001eec668bd00cf6,b35a25f3e8201a00000bb9f8da232e73,False,sat,False,False,False,,"{""0"": ""free"", ""1"": ""free"", ""10"": ""free"", ""11"": ""free"", ""12"": ""free"", ""13"": ""free"", ""14"": ""free"", ""15"": ""free"", ""2"": ""free"", ""3"": ""free"", ""4"": ""free"", ""5"": ""free"", ""6"": ""free"", ""7"": ""free"", ""8"": ""free"", ""9"": ""free""}","{""0"": ""free"", ""1"": ""free"", ""2"": ""free"", ""3"": ""free""}",[],"[0, 1, 2, 3, 4, 5, 6, 7, 8, 9, 10, 11, 12, 13, 14, 15]",[],False,ambiguity,False,uf_axiom,
4bit_gap_early__SB_18__SB_37__SB_5__SR_55,SB_18,SB_37,SB_5,SR_55,early_only,gap_early_only_hard_case,2,32,2,differential,1,"[{""classification"": ""ambiguity"", ""elapsed"": 4.447621857747436, ""first_result"": ""sat"", ""first_timeout_ms"": 60000, ""query_count"": 32, ""second_result"": ""sat"", ""second_timeout_ms"": 300000, ""z3_reason_unknown"": """"}]",sat,sat,0.0014107376337051392,3.9775326400995255,a66f651322597100009f8f8af4c2db61,a66f651322597100009f8f8af4c2db61,083955af1d94480000ecdd00891a10bf,False,sat,False,False,False,,"{""0"": ""free"", ""1"": ""free"", ""10"": ""free"", ""11"": ""free"", ""12"": ""free"", ""13"": ""free"", ""14"": ""free"", ""15"": ""free"", ""2"": ""free"", ""3"": ""free"", ""4"": ""free"", ""5"": ""free"", ""6"": ""free"", ""7"": ""free"", ""8"": ""free"", ""9"": ""free""}","{""0"": ""free"", ""1"": ""free"", ""2"": ""free"", ""3"": ""free""}",[],"[0, 1, 2, 3, 4, 5, 6, 7, 8, 9, 10, 11, 12, 13, 14, 15]",[],False,ambiguity,False,uf_axiom,
4bit_gap_early__SB_106__SB_73__SR_1__SR_19,SB_106,SB_73,SR_1,SR_19,early_only,gap_early_only_hard_case,1,32,2,differential,1,"[{""classification"": ""ambiguity"", ""elapsed"": 5.107876086607575, ""first_result"": ""sat"", ""first_timeout_ms"": 60000, ""query_count"": 32, ""second_result"": ""sat"", ""second_timeout_ms"": 300000, ""z3_reason_unknown"": """"}]",sat,sat,0.0018015801906585693,4.496036620810628,99107500003c2c3b0d7a8a6fd1573606,99107500003c2c3b0d7a8a6fd1573606,00c7000000bf04366680eb7c48a5529d,False,sat,False,False,False,,"{""0"": ""free"", ""1"": ""free"", ""10"": ""free"", ""11"": ""free"", ""12"": ""free"", ""13"": ""free"", ""14"": ""free"", ""15"": ""free"", ""2"": ""free"", ""3"": ""free"", ""4"": ""free"", ""5"": ""free"", ""6"": ""free"", ""7"": ""free"", ""8"": ""free"", ""9"": ""free""}","{""0"": ""free"", ""1"": ""free"", ""2"": ""free"", ""3"": ""free""}",[],"[0, 1, 2, 3, 4, 5, 6, 7, 8, 9, 10, 11, 12, 13, 14, 15]",[],False,ambiguity,False,uf_axiom,
4bit_gap_early__SB_24__SB_3__SB_34__SR_65,SB_24,SB_3,SB_34,SR_65,early_only,gap_early_only_hard_case,1,32,2,differential,1,"[{""classification"": ""ambiguity"", ""elapsed"": 5.382886674255133, ""first_result"": ""sat"", ""first_timeout_ms"": 60000, ""query_count"": 32, ""second_result"": ""sat"", ""second_timeout_ms"": 300000, ""z3_reason_unknown"": """"}]",sat,sat,0.001471659168601036,4.8658550046384335,99007579bc3c003b0d7a8a00d1573606,99007579bc3c003b0d7a8a00d1573606,67000448666800651de324004e647c43,False,sat,False,False,False,,"{""0"": ""free"", ""1"": ""free"", ""10"": ""free"", ""11"": ""free"", ""12"": ""free"", ""13"": ""free"", ""14"": ""free"", ""15"": ""free"", ""2"": ""free"", ""3"": ""free"", ""4"": ""free"", ""5"": ""free"", ""6"": ""free"", ""7"": ""free"", ""8"": ""free"", ""9"": ""free""}","{""0"": ""free"", ""1"": ""free"", ""2"": ""free"", ""3"": ""free""}",[],"[0, 1, 2, 3, 4, 5, 6, 7, 8, 9, 10, 11, 12, 13, 14, 15]",[],False,ambiguity,False,uf_axiom,
4bit_gap_early__SB_15__SR_36__SR_84__SR_95,SB_15,SR_36,SR_84,SR_95,early_only,gap_early_only_hard_case,1,32,2,differential,1,"[{""classification"": ""ambiguity"", ""elapsed"": 5.620723478496075, ""first_result"": ""sat"", ""first_timeout_ms"": 60000, ""query_count"": 32, ""second_result"": ""sat"", ""second_timeout_ms"": 300000, ""z3_reason_unknown"": """"}]",sat,sat,0.002173643559217453,4.914001351222396,99107579bc3c003b007a8a00d1573606,99107579bc3c003b007a8a00d1573606,9464985c27e8000000143a00bb3876d0,False,sat,False,False,False,,"{""0"": ""free"", ""1"": ""free"", ""10"": ""free"", ""11"": ""free"", ""12"": ""free"", ""13"": ""free"", ""14"": ""free"", ""15"": ""free"", ""2"": ""free"", ""3"": ""free"", ""4"": ""free"", ""5"": ""free"", ""6"": ""free"", ""7"": ""free"", ""8"": ""free"", ""9"": ""free""}","{""0"": ""free"", ""1"": ""free"", ""2"": ""free"", ""3"": ""free""}",[],"[0, 1, 2, 3, 4, 5, 6, 7, 8, 9, 10, 11, 12, 13, 14, 15]",[],False,ambiguity,False,uf_axiom,
4bit_gap_early__SB_46__SR_103__SR_113__SR_119,SB_46,SR_103,SR_113,SR_119,early_only,gap_early_only_hard_case,0,32,2,differential,1,"[{""classification"": ""ambiguity"", ""elapsed"": 6.470059426501393, ""first_result"": ""sat"", ""first_timeout_ms"": 60000, ""query_count"": 32, ""second_result"": ""sat"", ""second_timeout_ms"": 300000, ""z3_reason_unknown"": """"}]",sat,sat,0.0011051129549741745,5.934497468173504,edf43a9a19e4a300bf1e00668bd00cf6,edf43a9a19e4a300bf1e00668bd00cf6,a73a7dad00e9b900a09400b7055d96f8,False,sat,False,False,False,,"{""0"": ""free"", ""1"": ""free"", ""10"": ""free"", ""11"": ""free"", ""12"": ""free"", ""13"": ""free"", ""14"": ""free"", ""15"": ""free"", ""2"": ""free"", ""3"": ""free"", ""4"": ""free"", ""5"": ""free"", ""6"": ""free"", ""7"": ""free"", ""8"": ""free"", ""9"": ""free""}","{""0"": ""free"", ""1"": ""free"", ""2"": ""free"", ""3"": ""free""}",[],"[0, 1, 2, 3, 4, 5, 6, 7, 8, 9, 10, 11, 12, 13, 14, 15]",[],False,ambiguity,False,uf_axiom,
4bit_gap_early__SB_122__SB_59__SB_67__SR_57,SB_122,SB_59,SB_67,SR_57,early_only,gap_early_only_hard_case,1,32,2,differential,1,"[{""classification"": ""ambiguity"", ""elapsed"": 6.75942655839026, ""first_result"": ""sat"", ""first_timeout_ms"": 60000, ""query_count"": 32, ""second_result"": ""sat"", ""second_timeout_ms"": 300000, ""z3_reason_unknown"": """"}]",sat,sat,0.001480095088481903,6.3451795522123575,99107579bc3c2c3b0d7a8a6fd1573606,99107579bc3c2c3b0d7a8a6fd1573606,7a060018bf00d301540089003482e952,True,sat,False,False,False,,"{""0"": ""free"", ""1"": ""free"", ""10"": ""free"", ""11"": ""free"", ""12"": ""free"", ""13"": ""free"", ""14"": ""free"", ""15"": ""free"", ""2"": ""free"", ""3"": ""free"", ""4"": ""free"", ""5"": ""free"", ""6"": ""free"", ""7"": ""free"", ""8"": ""free"", ""9"": ""free""}","{""0"": ""free"", ""1"": ""free"", ""2"": ""free"", ""3"": ""free""}",[],"[0, 1, 2, 3, 4, 5, 6, 7, 8, 9, 10, 11, 12, 13, 14, 15]",[],False,ambiguity,False,uf_axiom,
4bit_gap_early__SR_1__SR_102__SR_26__SR_38,SR_1,SR_102,SR_26,SR_38,early_only,gap_early_only_hard_case,2,32,2,differential,1,"[{""classification"": ""ambiguity"", ""elapsed"": 7.144162653014064, ""first_result"": ""sat"", ""first_timeout_ms"": 60000, ""query_count"": 32, ""second_result"": ""sat"", ""second_timeout_ms"": 300000, ""z3_reason_unknown"": """"}]",sat,sat,0.002328254282474518,6.390052285045385,a66f001322597191ab9f8f8af4c2db61,a66f001322597191ab9f8f8af4c2db61,1170007500d040a8626ae2029451307c,False,sat,False,False,False,,"{""0"": ""free"", ""1"": ""free"", ""10"": ""free"", ""11"": ""free"", ""12"": ""free"", ""13"": ""free"", ""14"": ""free"", ""15"": ""free"", ""2"": ""free"", ""3"": ""free"", ""4"": ""free"", ""5"": ""free"", ""6"": ""free"", ""7"": ""free"", ""8"": ""free"", ""9"": ""free""}","{""0"": ""free"", ""1"": ""free"", ""2"": ""free"", ""3"": ""free""}",[],"[0, 1, 2, 3, 4, 5, 6, 7, 8, 9, 10, 11, 12, 13, 14, 15]",[],False,ambiguity,False,uf_axiom,
4bit_gap_early__SB_125__SB_15__SB_2__SB_5,SB_125,SB_15,SB_2,SB_5,early_only,gap_early_only_hard_case,0,32,2,differential,1,"[{""classification"": ""ambiguity"", ""elapsed"": 7.441113069653511, ""first_result"": ""sat"", ""first_timeout_ms"": 60000, ""query_count"": 32, ""second_result"": ""sat"", ""second_timeout_ms"": 300000, ""z3_reason_unknown"": """"}]",sat,sat,0.0018896721303462982,6.799485394731164,edf4009a00e4a3f30000ec668bd00cf6,edf4009a00e4a3f30000ec668bd00cf6,8662001100112b210000679242270bba,False,sat,False,False,False,,"{""0"": ""free"", ""1"": ""free"", ""10"": ""free"", ""11"": ""free"", ""12"": ""free"", ""13"": ""free"", ""14"": ""free"", ""15"": ""free"", ""2"": ""free"", ""3"": ""free"", ""4"": ""free"", ""5"": ""free"", ""6"": ""free"", ""7"": ""free"", ""8"": ""free"", ""9"": ""free""}","{""0"": ""free"", ""1"": ""free"", ""2"": ""free"", ""3"": ""free""}",[],"[0, 1, 2, 3, 4, 5, 6, 7, 8, 9, 10, 11, 12, 13, 14, 15]",[],False,ambiguity,False,uf_axiom,
4bit_gap_early__SB_68__SR_51__SR_53__SR_95,SB_68,SR_51,SR_53,SR_95,early_only,gap_early_only_hard_case,2,32,2,differential,1,"[{""classification"": ""ambiguity"", ""elapsed"": 7.501245053485036, ""first_result"": ""sat"", ""first_timeout_ms"": 60000, ""query_count"": 32, ""second_result"": ""sat"", ""second_timeout_ms"": 300000, ""z3_reason_unknown"": """"}]",sat,sat,0.001397687941789627,6.832275375723839,a66f651322007191ab9f8f8af4c2db61,a66f651322007191ab9f8f8af4c2db61,4d7cc6876c000003a217cfb918678e32,False,sat,False,False,False,,"{""0"": ""free"", ""1"": ""free"", ""10"": ""free"", ""11"": ""free"", ""12"": ""free"", ""13"": ""free"", ""14"": ""free"", ""15"": ""free"", ""2"": ""free"", ""3"": ""free"", ""4"": ""free"", ""5"": ""free"", ""6"": ""free"", ""7"": ""free"", ""8"": ""free"", ""9"": ""free""}","{""0"": ""free"", ""1"": ""free"", ""2"": ""free"", ""3"": ""free""}",[],"[0, 1, 2, 3, 4, 5, 6, 7, 8, 9, 10, 11, 12, 13, 14, 15]",[],False,ambiguity,False,uf_axiom,
4bit_gap_early__SR_127__SR_26__SR_4__SR_62,SR_127,SR_26,SR_4,SR_62,early_only,gap_early_only_hard_case,1,32,2,differential,1,"[{""classification"": ""ambiguity"", ""elapsed"": 7.749633386731148, ""first_result"": ""sat"", ""first_timeout_ms"": 60000, ""query_count"": 32, ""second_result"": ""sat"", ""second_timeout_ms"": 300000, ""z3_reason_unknown"": """"}]",sat,sat,0.002459907904267311,6.9874587059021,99107579003c2c3b0d008a6fd1570006,99107579003c2c3b0d008a6fd1570006,5657e14100fc62456a009b4472670042,False,sat,False,False,False,,"{""0"": ""free"", ""1"": ""free"", ""10"": ""free"", ""11"": ""free"", ""12"": ""free"", ""13"": ""free"", ""14"": ""free"", ""15"": ""free"", ""2"": ""free"", ""3"": ""free"", ""4"": ""free"", ""5"": ""free"", ""6"": ""free"", ""7"": ""free"", ""8"": ""free"", ""9"": ""free""}","{""0"": ""free"", ""1"": ""free"", ""2"": ""free"", ""3"": ""free""}",[],"[0, 1, 2, 3, 4, 5, 6, 7, 8, 9, 10, 11, 12, 13, 14, 15]",[],False,ambiguity,False,uf_axiom,
4bit_gap_early__SB_24__SB_3__SB_34__SR_65,SB_24,SB_3,SB_34,SR_65,early_only,gap_early_only_hard_case,2,32,2,differential,1,"[{""classification"": ""ambiguity"", ""elapsed"": 7.9198293797671795, ""first_result"": ""sat"", ""first_timeout_ms"": 60000, ""query_count"": 32, ""second_result"": ""sat"", ""second_timeout_ms"": 300000, ""z3_reason_unknown"": """"}]",sat,sat,0.0016396250575780869,7.193288199603558,a600651322590091ab9f8f00f4c2db61,a600651322590091ab9f8f00f4c2db61,0c00b26af00200a833933a006aaa7652,False,sat,False,False,False,,"{""0"": ""free"", ""1"": ""free"", ""10"": ""free"", ""11"": ""free"", ""12"": ""free"", ""13"": ""free"", ""14"": ""free"", ""15"": ""free"", ""2"": ""free"", ""3"": ""free"", ""4"": ""free"", ""5"": ""free"", ""6"": ""free"", ""7"": ""free"", ""8"": ""free"", ""9"": ""free""}","{""0"": ""free"", ""1"": ""free"", ""2"": ""free"", ""3"": ""free""}",[],"[0, 1, 2, 3, 4, 5, 6, 7, 8, 9, 10, 11, 12, 13, 14, 15]",[],False,ambiguity,False,uf_axiom,
4bit_gap_early__SB_79__SR_0__SR_63__SR_88,SB_79,SR_0,SR_63,SR_88,early_only,gap_early_only_hard_case,0,32,2,differential,1,"[{""classification"": ""ambiguity"", ""elapsed"": 8.376901090145111, ""first_result"": ""sat"", ""first_timeout_ms"": 60000, ""query_count"": 32, ""second_result"": ""sat"", ""second_timeout_ms"": 300000, ""z3_reason_unknown"": """"}]",sat,sat,0.0022685695439577103,7.622429059818387,edf43a9a19e400f3bf1eec008bd00cf6,edf43a9a19e400f3bf1eec008bd00cf6,15027243351100c6e7308700a25cbee7,False,sat,False,False,False,,"{""0"": ""free"", ""1"": ""free"", ""10"": ""free"", ""11"": ""free"", ""12"": ""free"", ""13"": ""free"", ""14"": ""free"", ""15"": ""free"", ""2"": ""free"", ""3"": ""free"", ""4"": ""free"", ""5"": ""free"", ""6"": ""free"", ""7"": ""free"", ""8"": ""free"", ""9"": ""free""}","{""0"": ""free"", ""1"": ""free"", ""2"": ""free"", ""3"": ""free""}",[],"[0, 1, 2, 3, 4, 5, 6, 7, 8, 9, 10, 11, 12, 13, 14, 15]",[],False,ambiguity,False,uf_axiom,
4bit_gap_early__SB_57__SB_68__SR_42__SR_62,SB_57,SB_68,SR_42,SR_62,early_only,gap_early_only_hard_case,1,32,2,differential,1,"[{""classification"": ""ambiguity"", ""elapsed"": 8.436381727457047, ""first_result"": ""sat"", ""first_timeout_ms"": 60000, ""query_count"": 32, ""second_result"": ""sat"", ""second_timeout_ms"": 300000, ""z3_reason_unknown"": """"}]",sat,sat,0.0020005274564027786,7.852378083392978,99107579bc3c003b0d7a8a00d1573606,99107579bc3c003b0d7a8a00d1573606,901d81653200009ccea2cf008c17aa09,False,sat,False,False,False,,"{""0"": ""free"", ""1"": ""free"", ""10"": ""free"", ""11"": ""free"", ""12"": ""free"", ""13"": ""free"", ""14"": ""free"", ""15"": ""free"", ""2"": ""free"", ""3"": ""free"", ""4"": ""free"", ""5"": ""free"", ""6"": ""free"", ""7"": ""free"", ""8"": ""free"", ""9"": ""free""}","{""0"": ""free"", ""1"": ""free"", ""2"": ""free"", ""3"": ""free""}",[],"[0, 1, 2, 3, 4, 5, 6, 7, 8, 9, 10, 11, 12, 13, 14, 15]",[],False,ambiguity,False,uf_axiom,
4bit_gap_early__SB_5__SB_73__SR_106__SR_2,SB_5,SB_73,SR_106,SR_2,early_only,gap_early_only_hard_case,1,32,2,differential,1,"[{""classification"": ""ambiguity"", ""elapsed"": 9.173988172784448, ""first_result"": ""sat"", ""first_timeout_ms"": 60000, ""query_count"": 32, ""second_result"": ""sat"", ""second_timeout_ms"": 300000, ""z3_reason_unknown"": """"}]",sat,sat,0.0011296998709440231,8.617308523505926,99107500003c003b0d7a8a0000573606,99107500003c003b0d7a8a0000573606,0b244100005000447080390000c8b64f,False,sat,False,False,False,,"{""0"": ""free"", ""1"": ""free"", ""10"": ""free"", ""11"": ""free"", ""12"": ""free"", ""13"": ""free"", ""14"": ""free"", ""15"": ""free"", ""2"": ""free"", ""3"": ""free"", ""4"": ""free"", ""5"": ""free"", ""6"": ""free"", ""7"": ""free"", ""8"": ""free"", ""9"": ""free""}","{""0"": ""free"", ""1"": ""free"", ""2"": ""free"", ""3"": ""free""}",[],"[0, 1, 2, 3, 4, 5, 6, 7, 8, 9, 10, 11, 12, 13, 14, 15]",[],False,ambiguity,False,uf_axiom,
4bit_gap_early__SB_118__SB_35__SB_62__SR_39,SB_118,SB_35,SB_62,SR_39,early_only,gap_early_only_hard_case,2,32,2,differential,1,"[{""classification"": ""ambiguity"", ""elapsed"": 9.586691094562411, ""first_result"": ""sat"", ""first_timeout_ms"": 60000, ""query_count"": 32, ""second_result"": ""sat"", ""second_timeout_ms"": 300000, ""z3_reason_unknown"": """"}]",sat,sat,0.001228267326951027,8.933266634121537,a66f651322007191009f8f8af4c2db61,a66f651322007191009f8f8af4c2db61,69ae14dce00012ba000005b110ac99de,False,sat,False,False,False,,"{""0"": ""free"", ""1"": ""free"", ""10"": ""free"", ""11"": ""free"", ""12"": ""free"", ""13"": ""free"", ""14"": ""free"", ""15"": ""free"", ""2"": ""free"", ""3"": ""free"", ""4"": ""free"", ""5"": ""free"", ""6"": ""free"", ""7"": ""free"", ""8"": ""free"", ""9"": ""free""}","{""0"": ""free"", ""1"": ""free"", ""2"": ""free"", ""3"": ""free""}",[],"[0, 1, 2, 3, 4, 5, 6, 7, 8, 9, 10, 11, 12, 13, 14, 15]",[],False,ambiguity,False,uf_axiom,
4bit_gap_early__SB_125__SB_15__SB_2__SB_5,SB_125,SB_15,SB_2,SB_5,early_only,gap_early_only_hard_case,1,32,2,differential,1,"[{""classification"": ""ambiguity"", ""elapsed"": 9.787896312773228, ""first_result"": ""sat"", ""first_timeout_ms"": 60000, ""query_count"": 32, ""second_result"": ""sat"", ""second_timeout_ms"": 300000, ""z3_reason_unknown"": """"}]",sat,sat,0.0017174836248159409,1.1227588038891554,99100079003c2c3b00008a6fd1573606,99100079003c2c3b00008a6fd1573606,d0e60004002381400000f24454da4780,False,sat,False,False,False,,"{""0"": ""free"", ""1"": ""free"", ""10"": ""free"", ""11"": ""free"", ""12"": ""free"", ""13"": ""free"", ""14"": ""free"", ""15"": ""free"", ""2"": ""free"", ""3"": ""free"", ""4"": ""free"", ""5"": ""free"", ""6"": ""free"", ""7"": ""free"", ""8"": ""free"", ""9"": ""free""}","{""0"": ""free"", ""1"": ""free"", ""2"": ""free"", ""3"": ""free""}",[],"[0, 1, 2, 3, 4, 5, 6, 7, 8, 9, 10, 11, 12, 13, 14, 15]",[],False,ambiguity,False,uf_axiom,
4bit_gap_early__SB_119__SB_66__SB_69__SB_90,SB_119,SB_66,SB_69,SB_90,early_only,gap_early_only_hard_case,1,32,2,differential,1,"[{""classification"": ""ambiguity"", ""elapsed"": 10.307278398424387, ""first_result"": ""sat"", ""first_timeout_ms"": 60000, ""query_count"": 32, ""second_result"": ""sat"", ""second_timeout_ms"": 300000, ""z3_reason_unknown"": """"}]",sat,sat,0.0020072050392627716,9.626799559220672,99107579bc002c3b0d008a6fd1573606,99107579bc002c3b0d008a6fd1573606,19199586530009735400d3c4725008a4,False,sat,False,False,False,,"{""0"": ""free"", ""1"": ""free"", ""10"": ""free"", ""11"": ""free"", ""12"": ""free"", ""13"": ""free"", ""14"": ""free"", ""15"": ""free"", ""2"": ""free"", ""3"": ""free"", ""4"": ""free"", ""5"": ""free"", ""6"": ""free"", ""7"": ""free"", ""8"": ""free"", ""9"": ""free""}","{""0"": ""free"", ""1"": ""free"", ""2"": ""free"", ""3"": ""free""}",[],"[0, 1, 2, 3, 4, 5, 6, 7, 8, 9, 10, 11, 12, 13, 14, 15]",[],False,ambiguity,False,uf_axiom,
4bit_gap_early__SB_54__SR_10__SR_36__SR_67,SB_54,SR_10,SR_36,SR_67,early_only,gap_early_only_hard_case,0,32,2,differential,1,"[{""classification"": ""ambiguity"", ""elapsed"": 10.448198795318604, ""first_result"": ""sat"", ""first_timeout_ms"": 60000, ""query_count"": 32, ""second_result"": ""sat"", ""second_timeout_ms"": 300000, ""z3_reason_unknown"": """"}]",sat,sat,0.0009735263884067535,4.372770149260759,edf43a9a19e4a3f3bf1e000000d00cf6,edf43a9a19e4a3f3bf1e000000d00cf6,e3ac00ad1098961d45810000003be9d9,False,sat,False,False,False,,"{""0"": ""free"", ""1"": ""free"", ""10"": ""free"", ""11"": ""free"", ""12"": ""free"", ""13"": ""free"", ""14"": ""free"", ""15"": ""free"", ""2"": ""free"", ""3"": ""free"", ""4"": ""free"", ""5"": ""free"", ""6"": ""free"", ""7"": ""free"", ""8"": ""free"", ""9"": ""free""}","{""0"": ""free"", ""1"": ""free"", ""2"": ""free"", ""3"": ""free""}",[],"[0, 1, 2, 3, 4, 5, 6, 7, 8, 9, 10, 11, 12, 13, 14, 15]",[],False,ambiguity,False,uf_axiom,
4bit_gap_early__SB_30__SB_47__SB_9__SR_102,SB_30,SB_47,SB_9,SR_102,early_only,gap_early_only_hard_case,0,32,2,differential,1,"[{""classification"": ""ambiguity"", ""elapsed"": 11.42534864321351, ""first_result"": ""sat"", ""first_timeout_ms"": 60000, ""query_count"": 32, ""second_result"": ""sat"", ""second_timeout_ms"": 300000, ""z3_reason_unknown"": """"}]",sat,sat,0.0014220327138900757,10.839337864890695,edf4009a19e4a300bf1eec668bd00cf6,edf4009a19e4a300bf1eec668bd00cf6,f925009deaaf22005a77002c6cb3e686,False,sat,False,False,False,,"{""0"": ""free"", ""1"": ""free"", ""10"": ""free"", ""11"": ""free"", ""12"": ""free"", ""13"": ""free"", ""14"": ""free"", ""15"": ""free"", ""2"": ""free"", ""3"": ""free"", ""4"": ""free"", ""5"": ""free"", ""6"": ""free"", ""7"": ""free"", ""8"": ""free"", ""9"": ""free""}","{""0"": ""free"", ""1"": ""free"", ""2"": ""free"", ""3"": ""free""}",[],"[0, 1, 2, 3, 4, 5, 6, 7, 8, 9, 10, 11, 12, 13, 14, 15]",[],False,ambiguity,False,uf_axiom,
4bit_gap_early__SB_68__SR_102__SR_37__SR_52,SB_68,SR_102,SR_37,SR_52,early_only,gap_early_only_hard_case,2,32,2,differential,1,"[{""classification"": ""ambiguity"", ""elapsed"": 11.9334850423038, ""first_result"": ""sat"", ""first_timeout_ms"": 60000, ""query_count"": 32, ""second_result"": ""sat"", ""second_timeout_ms"": 300000, ""z3_reason_unknown"": """"}]",sat,sat,0.00274515338242054,11.35979756899178,a66f651322007191ab9f8f8af4c2db61,a66f651322007191ab9f8f8af4c2db61,123a5cc78200dea005c88640946a2d62,False,sat,False,False,False,,"{""0"": ""free"", ""1"": ""free"", ""10"": ""free"", ""11"": ""free"", ""12"": ""free"", ""13"": ""free"", ""14"": ""free"", ""15"": ""free"", ""2"": ""free"", ""3"": ""free"", ""4"": ""free"", ""5"": ""free"", ""6"": ""free"", ""7"": ""free"", ""8"": ""free"", ""9"": ""free""}","{""0"": ""free"", ""1"": ""free"", ""2"": ""free"", ""3"": ""free""}",[],"[0, 1, 2, 3, 4, 5, 6, 7, 8, 9, 10, 11, 12, 13, 14, 15]",[],False,ambiguity,False,uf_axiom,
4bit_gap_early__SB_79__SR_0__SR_63__SR_88,SB_79,SR_0,SR_63,SR_88,early_only,gap_early_only_hard_case,2,32,2,differential,1,"[{""classification"": ""ambiguity"", ""elapsed"": 12.780082056298852, ""first_result"": ""sat"", ""first_timeout_ms"": 60000, ""query_count"": 32, ""second_result"": ""sat"", ""second_timeout_ms"": 300000, ""z3_reason_unknown"": """"}]",sat,sat,0.0025824178010225296,12.009054850786924,a66f651322590091ab9f8f00f4c2db61,a66f651322590091ab9f8f00f4c2db61,b3d652464a810040f9a4ef006550f926,False,sat,False,False,False,,"{""0"": ""free"", ""1"": ""free"", ""10"": ""free"", ""11"": ""free"", ""12"": ""free"", ""13"": ""free"", ""14"": ""free"", ""15"": ""free"", ""2"": ""free"", ""3"": ""free"", ""4"": ""free"", ""5"": ""free"", ""6"": ""free"", ""7"": ""free"", ""8"": ""free"", ""9"": ""free""}","{""0"": ""free"", ""1"": ""free"", ""2"": ""free"", ""3"": ""free""}",[],"[0, 1, 2, 3, 4, 5, 6, 7, 8, 9, 10, 11, 12, 13, 14, 15]",[],False,ambiguity,False,uf_axiom,
4bit_gap_early__SB_121__SB_28__SR_0__SR_14,SB_121,SB_28,SR_0,SR_14,early_only,gap_early_only_hard_case,1,32,2,differential,1,"[{""classification"": ""ambiguity"", ""elapsed"": 14.882897105067968, ""first_result"": ""sat"", ""first_timeout_ms"": 60000, ""query_count"": 32, ""second_result"": ""sat"", ""second_timeout_ms"": 300000, ""z3_reason_unknown"": """"}]",sat,sat,0.0016750171780586243,14.315298311412334,99100079bc3c2c3b007a8a6fd1573606,99100079bc3c2c3b007a8a6fd1573606,975200c000c430420081a38a1830150c,False,sat,False,False,False,,"{""0"": ""free"", ""1"": ""free"", ""10"": ""free"", ""11"": ""free"", ""12"": ""free"", ""13"": ""free"", ""14"": ""free"", ""15"": ""free"", ""2"": ""free"", ""3"": ""free"", ""4"": ""free"", ""5"": ""free"", ""6"": ""free"", ""7"": ""free"", ""8"": ""free"", ""9"": ""free""}","{""0"": ""free"", ""1"": ""free"", ""2"": ""free"", ""3"": ""free""}",[],"[0, 1, 2, 3, 4, 5, 6, 7, 8, 9, 10, 11, 12, 13, 14, 15]",[],False,ambiguity,False,uf_axiom,
4bit_gap_early__SB_120__SR_118__SR_124__SR_47,SB_120,SR_118,SR_124,SR_47,early_only,gap_early_only_hard_case,1,32,2,differential,1,"[{""classification"": ""ambiguity"", ""elapsed"": 15.598467756062746, ""first_result"": ""sat"", ""first_timeout_ms"": 60000, ""query_count"": 32, ""second_result"": ""sat"", ""second_timeout_ms"": 300000, ""z3_reason_unknown"": """"}]",sat,sat,0.0016072634607553482,15.069599092006683,00107579bc3c2c3b0d7a006fd1573606,00107579bc3c2c3b0d7a006fd1573606,00b594521bad67a0fde2009fb8477230,False,sat,False,False,False,,"{""0"": ""free"", ""1"": ""free"", ""10"": ""free"", ""11"": ""free"", ""12"": ""free"", ""13"": ""free"", ""14"": ""free"", ""15"": ""free"", ""2"": ""free"", ""3"": ""free"", ""4"": ""free"", ""5"": ""free"", ""6"": ""free"", ""7"": ""free"", ""8"": ""free"", ""9"": ""free""}","{""0"": ""free"", ""1"": ""free"", ""2"": ""free"", ""3"": ""free""}",[],"[0, 1, 2, 3, 4, 5, 6, 7, 8, 9, 10, 11, 12, 13, 14, 15]",[],False,ambiguity,False,uf_axiom,
4bit_gap_early__SB_54__SR_10__SR_36__SR_67,SB_54,SR_10,SR_36,SR_67,early_only,gap_early_only_hard_case,2,32,2,differential,1,"[{""classification"": ""ambiguity"", ""elapsed"": 15.957519700750709, ""first_result"": ""sat"", ""first_timeout_ms"": 60000, ""query_count"": 32, ""second_result"": ""sat"", ""second_timeout_ms"": 300000, ""z3_reason_unknown"": """"}]",sat,sat,0.001279270276427269,15.49465498700738,a66f651322597191ab9f000000c2db61,a66f651322597191ab9f000000c2db61,039376400578da08986d0000004d22a1,False,sat,False,False,False,,"{""0"": ""free"", ""1"": ""free"", ""10"": ""free"", ""11"": ""free"", ""12"": ""free"", ""13"": ""free"", ""14"": ""free"", ""15"": ""free"", ""2"": ""free"", ""3"": ""free"", ""4"": ""free"", ""5"": ""free"", ""6"": ""free"", ""7"": ""free"", ""8"": ""free"", ""9"": ""free""}","{""0"": ""free"", ""1"": ""free"", ""2"": ""free"", ""3"": ""free""}",[],"[0, 1, 2, 3, 4, 5, 6, 7, 8, 9, 10, 11, 12, 13, 14, 15]",[],False,ambiguity,False,uf_axiom,
4bit_gap_early__SB_79__SR_0__SR_63__SR_88,SB_79,SR_0,SR_63,SR_88,early_only,gap_early_only_hard_case,1,32,2,differential,1,"[{""classification"": ""ambiguity"", ""elapsed"": 16.522145565599203, ""first_result"": ""sat"", ""first_timeout_ms"": 60000, ""query_count"": 32, ""second_result"": ""sat"", ""second_timeout_ms"": 300000, ""z3_reason_unknown"": """"}]",sat,sat,0.002336423844099045,15.917486239224672,99107579bc3c003b0d7a8a00d1573606,99107579bc3c003b0d7a8a00d1573606,490ce308e8020002130852007a00408e,False,sat,False,False,False,,"{""0"": ""free"", ""1"": ""free"", ""10"": ""free"", ""11"": ""free"", ""12"": ""free"", ""13"": ""free"", ""14"": ""free"", ""15"": ""free"", ""2"": ""free"", ""3"": ""free"", ""4"": ""free"", ""5"": ""free"", ""6"": ""free"", ""7"": ""free"", ""8"": ""free"", ""9"": ""free""}","{""0"": ""free"", ""1"": ""free"", ""2"": ""free"", ""3"": ""free""}",[],"[0, 1, 2, 3, 4, 5, 6, 7, 8, 9, 10, 11, 12, 13, 14, 15]",[],False,ambiguity,False,uf_axiom,
4bit_gap_early__SB_5__SB_73__SR_106__SR_2,SB_5,SB_73,SR_106,SR_2,early_only,gap_early_only_hard_case,0,32,2,differential,1,"[{""classification"": ""ambiguity"", ""elapsed"": 16.92517503723502, ""first_result"": ""sat"", ""first_timeout_ms"": 60000, ""query_count"": 32, ""second_result"": ""sat"", ""second_timeout_ms"": 300000, ""z3_reason_unknown"": """"}]",sat,sat,0.0016746185719966888,16.397747131064534,edf43a0000e400f3bf1eec0000d00cf6,edf43a0000e400f3bf1eec0000d00cf6,1e42b40000720081daf0b2000022f7b9,False,sat,False,False,False,,"{""0"": ""free"", ""1"": ""free"", ""10"": ""free"", ""11"": ""free"", ""12"": ""free"", ""13"": ""free"", ""14"": ""free"", ""15"": ""free"", ""2"": ""free"", ""3"": ""free"", ""4"": ""free"", ""5"": ""free"", ""6"": ""free"", ""7"": ""free"", ""8"": ""free"", ""9"": ""free""}","{""0"": ""free"", ""1"": ""free"", ""2"": ""free"", ""3"": ""free""}",[],"[0, 1, 2, 3, 4, 5, 6, 7, 8, 9, 10, 11, 12, 13, 14, 15]",[],False,ambiguity,False,uf_axiom,
4bit_gap_early__SB_18__SB_37__SB_5__SR_55,SB_18,SB_37,SB_5,SR_55,early_only,gap_early_only_hard_case,1,32,2,differential,1,"[{""classification"": ""ambiguity"", ""elapsed"": 17.38575346954167, ""first_result"": ""sat"", ""first_timeout_ms"": 60000, ""query_count"": 32, ""second_result"": ""sat"", ""second_timeout_ms"": 300000, ""z3_reason_unknown"": """"}]",sat,sat,0.002047855406999588,16.763907158747315,99107579bc3c2c00007a8a6fd1573606,99107579bc3c2c00007a8a6fd1573606,084df7c15c008000001f3a4000172b52,False,sat,False,False,False,,"{""0"": ""free"", ""1"": ""free"", ""10"": ""free"", ""11"": ""free"", ""12"": ""free"", ""13"": ""free"", ""14"": ""free"", ""15"": ""free"", ""2"": ""free"", ""3"": ""free"", ""4"": ""free"", ""5"": ""free"", ""6"": ""free"", ""7"": ""free"", ""8"": ""free"", ""9"": ""free""}","{""0"": ""free"", ""1"": ""free"", ""2"": ""free"", ""3"": ""free""}",[],"[0, 1, 2, 3, 4, 5, 6, 7, 8, 9, 10, 11, 12, 13, 14, 15]",[],False,ambiguity,False,uf_axiom,
4bit_gap_early__SB_125__SB_15__SB_2__SB_5,SB_125,SB_15,SB_2,SB_5,early_only,gap_early_only_hard_case,2,32,2,differential,1,"[{""classification"": ""ambiguity"", ""elapsed"": 17.853273279964924, ""first_result"": ""sat"", ""first_timeout_ms"": 60000, ""query_count"": 32, ""second_result"": ""sat"", ""second_timeout_ms"": 300000, ""z3_reason_unknown"": """"}]",sat,sat,0.0009971074759960175,17.210402173921466,a66f00130059719100008f8af4c2db61,a66f00130059719100008f8af4c2db61,79d4009900f0bf0c0000525400e3ae20,False,sat,False,False,False,,"{""0"": ""free"", ""1"": ""free"", ""10"": ""free"", ""11"": ""free"", ""12"": ""free"", ""13"": ""free"", ""14"": ""free"", ""15"": ""free"", ""2"": ""free"", ""3"": ""free"", ""4"": ""free"", ""5"": ""free"", ""6"": ""free"", ""7"": ""free"", ""8"": ""free"", ""9"": ""free""}","{""0"": ""free"", ""1"": ""free"", ""2"": ""free"", ""3"": ""free""}",[],"[0, 1, 2, 3, 4, 5, 6, 7, 8, 9, 10, 11, 12, 13, 14, 15]",[],False,ambiguity,False,uf_axiom,
4bit_gap_early__SB_46__SR_103__SR_113__SR_119,SB_46,SR_103,SR_113,SR_119,early_only,gap_early_only_hard_case,2,32,2,differential,1,"[{""classification"": ""ambiguity"", ""elapsed"": 17.927679715678096, ""first_result"": ""sat"", ""first_timeout_ms"": 60000, ""query_count"": 32, ""second_result"": ""sat"", ""second_timeout_ms"": 300000, ""z3_reason_unknown"": """"}]",sat,sat,0.0009578336030244827,10.166820527985692,a66f651322597100ab9f008af4c2db61,a66f651322597100ab9f008af4c2db61,04054a605913610074bf0067f41af111,False,sat,False,False,False,,"{""0"": ""free"", ""1"": ""free"", ""10"": ""free"", ""11"": ""free"", ""12"": ""free"", ""13"": ""free"", ""14"": ""free"", ""15"": ""free"", ""2"": ""free"", ""3"": ""free"", ""4"": ""free"", ""5"": ""free"", ""6"": ""free"", ""7"": ""free"", ""8"": ""free"", ""9"": ""free""}","{""0"": ""free"", ""1"": ""free"", ""2"": ""free"", ""3"": ""free""}",[],"[0, 1, 2, 3, 4, 5, 6, 7, 8, 9, 10, 11, 12, 13, 14, 15]",[],False,ambiguity,False,uf_axiom,
4bit_gap_early__SB_30__SB_47__SB_9__SR_102,SB_30,SB_47,SB_9,SR_102,early_only,gap_early_only_hard_case,2,32,2,differential,1,"[{""classification"": ""ambiguity"", ""elapsed"": 19.12320594675839, ""first_result"": ""sat"", ""first_timeout_ms"": 60000, ""query_count"": 32, ""second_result"": ""sat"", ""second_timeout_ms"": 300000, ""z3_reason_unknown"": """"}]",sat,sat,0.002224750816822052,6.372859789058566,a66f001322597100ab9f8f8af4c2db61,a66f001322597100ab9f8f8af4c2db61,7992008dad830000c908911297eaff2d,False,sat,False,False,False,,"{""0"": ""free"", ""1"": ""free"", ""10"": ""free"", ""11"": ""free"", ""12"": ""free"", ""13"": ""free"", ""14"": ""free"", ""15"": ""free"", ""2"": ""free"", ""3"": ""free"", ""4"": ""free"", ""5"": ""free"", ""6"": ""free"", ""7"": ""free"", ""8"": ""free"", ""9"": ""free""}","{""0"": ""free"", ""1"": ""free"", ""2"": ""free"", ""3"": ""free""}",[],"[0, 1, 2, 3, 4, 5, 6, 7, 8, 9, 10, 11, 12, 13, 14, 15]",[],False,ambiguity,False,uf_axiom,
4bit_gap_early__SB_30__SB_47__SB_9__SR_102,SB_30,SB_47,SB_9,SR_102,early_only,gap_early_only_hard_case,1,32,2,differential,1,"[{""classification"": ""ambiguity"", ""elapsed"": 19.859438940882683, ""first_result"": ""sat"", ""first_timeout_ms"": 60000, ""query_count"": 32, ""second_result"": ""sat"", ""second_timeout_ms"": 300000, ""z3_reason_unknown"": """"}]",sat,sat,0.0025865603238344193,9.163972698152065,99100079bc3c2c000d7a8a6fd1573606,99100079bc3c2c000d7a8a6fd1573606,40da002a2f3a24000d006b678b916cc9,False,sat,False,False,False,,"{""0"": ""free"", ""1"": ""free"", ""10"": ""free"", ""11"": ""free"", ""12"": ""free"", ""13"": ""free"", ""14"": ""free"", ""15"": ""free"", ""2"": ""free"", ""3"": ""free"", ""4"": ""free"", ""5"": ""free"", ""6"": ""free"", ""7"": ""free"", ""8"": ""free"", ""9"": ""free""}","{""0"": ""free"", ""1"": ""free"", ""2"": ""free"", ""3"": ""free""}",[],"[0, 1, 2, 3, 4, 5, 6, 7, 8, 9, 10, 11, 12, 13, 14, 15]",[],False,ambiguity,False,uf_axiom,
4bit_gap_early__SB_54__SR_10__SR_36__SR_67,SB_54,SR_10,SR_36,SR_67,early_only,gap_early_only_hard_case,1,32,2,differential,1,"[{""classification"": ""ambiguity"", ""elapsed"": 19.96203665062785, ""first_result"": ""sat"", ""first_timeout_ms"": 60000, ""query_count"": 32, ""second_result"": ""sat"", ""second_timeout_ms"": 300000, ""z3_reason_unknown"": """"}]",sat,sat,0.002275703474879265,19.289819626137614,99107579bc3c2c3b0d7a000000573606,99107579bc3c2c3b0d7a000000573606,099c00a53a1571d441a3000000093a00,False,sat,False,False,False,,"{""0"": ""free"", ""1"": ""free"", ""10"": ""free"", ""11"": ""free"", ""12"": ""free"", ""13"": ""free"", ""14"": ""free"", ""15"": ""free"", ""2"": ""free"", ""3"": ""free"", ""4"": ""free"", ""5"": ""free"", ""6"": ""free"", ""7"": ""free"", ""8"": ""free"", ""9"": ""free""}","{""0"": ""free"", ""1"": ""free"", ""2"": ""free"", ""3"": ""free""}",[],"[0, 1, 2, 3, 4, 5, 6, 7, 8, 9, 10, 11, 12, 13, 14, 15]",[],False,ambiguity,False,uf_axiom,
4bit_gap_early__SB_15__SR_36__SR_84__SR_95,SB_15,SR_36,SR_84,SR_95,early_only,gap_early_only_hard_case,2,32,2,differential,1,"[{""classification"": ""ambiguity"", ""elapsed"": 19.935244297608733, ""first_result"": ""sat"", ""first_timeout_ms"": 60000, ""query_count"": 32, ""second_result"": ""sat"", ""second_timeout_ms"": 300000, ""z3_reason_unknown"": """"}]",sat,sat,0.0014480724930763245,19.348690170794725,a66f651322590091009f8f00f4c2db61,a66f651322590091009f8f00f4c2db61,589de743a232000300a541006df4edc4,False,sat,False,False,False,,"{""0"": ""free"", ""1"": ""free"", ""10"": ""free"", ""11"": ""free"", ""12"": ""free"", ""13"": ""free"", ""14"": ""free"", ""15"": ""free"", ""2"": ""free"", ""3"": ""free"", ""4"": ""free"", ""5"": ""free"", ""6"": ""free"", ""7"": ""free"", ""8"": ""free"", ""9"": ""free""}","{""0"": ""free"", ""1"": ""free"", ""2"": ""free"", ""3"": ""free""}",[],"[0, 1, 2, 3, 4, 5, 6, 7, 8, 9, 10, 11, 12, 13, 14, 15]",[],False,ambiguity,False,uf_axiom,
4bit_gap_early__SB_83__SB_86__SB_95__SR_78,SB_83,SB_86,SB_95,SR_78,early_only,gap_early_only_hard_case,1,32,2,differential,1,"[{""classification"": ""ambiguity"", ""elapsed"": 20.34800392575562, ""first_result"": ""sat"", ""first_timeout_ms"": 60000, ""query_count"": 32, ""second_result"": ""sat"", ""second_timeout_ms"": 300000, ""z3_reason_unknown"": """"}]",sat,sat,0.0018547996878623962,19.585257379338145,00107579003c2c3b0d7a8a6fd1573606,00107579003c2c3b0d7a8a6fd1573606,004a309400101f3480003b7171008c6e,False,sat,False,False,False,,"{""0"": ""free"", ""1"": ""free"", ""10"": ""free"", ""11"": ""free"", ""12"": ""free"", ""13"": ""free"", ""14"": ""free"", ""15"": ""free"", ""2"": ""free"", ""3"": ""free"", ""4"": ""free"", ""5"": ""free"", ""6"": ""free"", ""7"": ""free"", ""8"": ""free"", ""9"": ""free""}","{""0"": ""free"", ""1"": ""free"", ""2"": ""free"", ""3"": ""free""}",[],"[0, 1, 2, 3, 4, 5, 6, 7, 8, 9, 10, 11, 12, 13, 14, 15]",[],False,ambiguity,False,uf_axiom,
4bit_gap_early__SB_122__SB_59__SB_67__SR_57,SB_122,SB_59,SB_67,SR_57,early_only,gap_early_only_hard_case,2,32,2,differential,1,"[{""classification"": ""ambiguity"", ""elapsed"": 20.789355047047138, ""first_result"": ""sat"", ""first_timeout_ms"": 60000, ""query_count"": 32, ""second_result"": ""sat"", ""second_timeout_ms"": 300000, ""z3_reason_unknown"": """"}]",sat,sat,0.002692682668566704,20.07392082735896,a66f651322597191ab9f8f8af4c2db61,a66f651322597191ab9f8f8af4c2db61,00e7772d559824db521884c43b8b0b00,True,sat,False,False,False,,"{""0"": ""free"", ""1"": ""free"", ""10"": ""free"", ""11"": ""free"", ""12"": ""free"", ""13"": ""free"", ""14"": ""free"", ""15"": ""free"", ""2"": ""free"", ""3"": ""free"", ""4"": ""free"", ""5"": ""free"", ""6"": ""free"", ""7"": ""free"", ""8"": ""free"", ""9"": ""free""}","{""0"": ""free"", ""1"": ""free"", ""2"": ""free"", ""3"": ""free""}",[],"[0, 1, 2, 3, 4, 5, 6, 7, 8, 9, 10, 11, 12, 13, 14, 15]",[],False,ambiguity,False,uf_axiom,
4bit_gap_early__SB_46__SR_21__SR_67__SR_74,SB_46,SR_21,SR_67,SR_74,early_only,gap_early_only_hard_case,1,32,2,differential,1,"[{""classification"": ""ambiguity"", ""elapsed"": 20.989227164536715, ""first_result"": ""sat"", ""first_timeout_ms"": 60000, ""query_count"": 32, ""second_result"": ""sat"", ""second_timeout_ms"": 300000, ""z3_reason_unknown"": """"}]",sat,sat,0.0025670286267995834,20.37574049271643,99107579bc3c2c3b0d7a8a6fd1573606,99107579bc3c2c3b0d7a8a6fd1573606,90ebeae800233a3a4791189aa2641fe2,True,sat,False,False,False,,"{""0"": ""free"", ""1"": ""free"", ""10"": ""free"", ""11"": ""free"", ""12"": ""free"", ""13"": ""free"", ""14"": ""free"", ""15"": ""free"", ""2"": ""free"", ""3"": ""free"", ""4"": ""free"", ""5"": ""free"", ""6"": ""free"", ""7"": ""free"", ""8"": ""free"", ""9"": ""free""}","{""0"": ""free"", ""1"": ""free"", ""2"": ""free"", ""3"": ""free""}",[],"[0, 1, 2, 3, 4, 5, 6, 7, 8, 9, 10, 11, 12, 13, 14, 15]",[],False,ambiguity,False,uf_axiom,
4bit_gap_early__SB_46__SR_21__SR_67__SR_74,SB_46,SR_21,SR_67,SR_74,early_only,gap_early_only_hard_case,2,32,2,differential,1,"[{""classification"": ""ambiguity"", ""elapsed"": 21.682175543159246, ""first_result"": ""sat"", ""first_timeout_ms"": 60000, ""query_count"": 32, ""second_result"": ""sat"", ""second_timeout_ms"": 300000, ""z3_reason_unknown"": """"}]",sat,sat,0.0017624050378799438,21.097948167473078,a66f651322597191ab9f8f8af4c2db61,a66f651322597191ab9f8f8af4c2db61,35c285b5009f00063cf00100e104f88c,True,sat,False,False,False,,"{""0"": ""free"", ""1"": ""free"", ""10"": ""free"", ""11"": ""free"", ""12"": ""free"", ""13"": ""free"", ""14"": ""free"", ""15"": ""free"", ""2"": ""free"", ""3"": ""free"", ""4"": ""free"", ""5"": ""free"", ""6"": ""free"", ""7"": ""free"", ""8"": ""free"", ""9"": ""free""}","{""0"": ""free"", ""1"": ""free"", ""2"": ""free"", ""3"": ""free""}",[],"[0, 1, 2, 3, 4, 5, 6, 7, 8, 9, 10, 11, 12, 13, 14, 15]",[],False,ambiguity,False,uf_axiom,
4bit_gap_early__SR_1__SR_102__SR_26__SR_38,SR_1,SR_102,SR_26,SR_38,early_only,gap_early_only_hard_case,1,32,2,differential,1,"[{""classification"": ""ambiguity"", ""elapsed"": 21.880050610750914, ""first_result"": ""sat"", ""first_timeout_ms"": 60000, ""query_count"": 32, ""second_result"": ""sat"", ""second_timeout_ms"": 300000, ""z3_reason_unknown"": """"}]",sat,sat,0.002762284129858017,21.178083691745996,99100079bc3c2c3b0d7a8a6fd1573606,99100079bc3c2c3b0d7a8a6fd1573606,36fc0060f4849a2002f10184df67bd20,False,sat,False,False,False,,"{""0"": ""free"", ""1"": ""free"", ""10"": ""free"", ""11"": ""free"", ""12"": ""free"", ""13"": ""free"", ""14"": ""free"", ""15"": ""free"", ""2"": ""free"", ""3"": ""free"", ""4"": ""free"", ""5"": ""free"", ""6"": ""free"", ""7"": ""free"", ""8"": ""free"", ""9"": ""free""}","{""0"": ""free"", ""1"": ""free"", ""2"": ""free"", ""3"": ""free""}",[],"[0, 1, 2, 3, 4, 5, 6, 7, 8, 9, 10, 11, 12, 13, 14, 15]",[],False,ambiguity,False,uf_axiom,
4bit_gap_early__SB_121__SB_28__SR_0__SR_14,SB_121,SB_28,SR_0,SR_14,early_only,gap_early_only_hard_case,2,32,2,differential,1,"[{""classification"": ""ambiguity"", ""elapsed"": 21.981818238273263, ""first_result"": ""sat"", ""first_timeout_ms"": 60000, ""query_count"": 32, ""second_result"": ""sat"", ""second_timeout_ms"": 300000, ""z3_reason_unknown"": """"}]",sat,sat,0.0014057271182537079,6.690574072301388,a66f001322597191009f8f8af4c2db61,a66f001322597191009f8f8af4c2db61,a67c00bfe4e7043200ecfca0c2c8d896,False,sat,False,False,False,,"{""0"": ""free"", ""1"": ""free"", ""10"": ""free"", ""11"": ""free"", ""12"": ""free"", ""13"": ""free"", ""14"": ""free"", ""15"": ""free"", ""2"": ""free"", ""3"": ""free"", ""4"": ""free"", ""5"": ""free"", ""6"": ""free"", ""7"": ""free"", ""8"": ""free"", ""9"": ""free""}","{""0"": ""free"", ""1"": ""free"", ""2"": ""free"", ""3"": ""free""}",[],"[0, 1, 2, 3, 4, 5, 6, 7, 8, 9, 10, 11, 12, 13, 14, 15]",[],False,ambiguity,False,uf_axiom,
4bit_gap_early__SB_53__SR_100__SR_120__SR_98,SB_53,SR_100,SR_120,SR_98,early_only,gap_early_only_hard_case,1,32,2,differential,1,"[{""classification"": ""ambiguity"", ""elapsed"": 22.264713553711772, ""first_result"": ""sat"", ""first_timeout_ms"": 60000, ""query_count"": 32, ""second_result"": ""sat"", ""second_timeout_ms"": 300000, ""z3_reason_unknown"": """"}]",sat,sat,0.0014575663954019547,21.665187252685428,99107579bc002c3b0d7a006fd1573606,99107579bc002c3b0d7a006fd1573606,1c48014c0100d508037700b284f65539,False,sat,False,False,False,,"{""0"": ""free"", ""1"": ""free"", ""10"": ""free"", ""11"": ""free"", ""12"": ""free"", ""13"": ""free"", ""14"": ""free"", ""15"": ""free"", ""2"": ""free"", ""3"": ""free"", ""4"": ""free"", ""5"": ""free"", ""6"": ""free"", ""7"": ""free"", ""8"": ""free"", ""9"": ""free""}","{""0"": ""free"", ""1"": ""free"", ""2"": ""free"", ""3"": ""free""}",[],"[0, 1, 2, 3, 4, 5, 6, 7, 8, 9, 10, 11, 12, 13, 14, 15]",[],False,ambiguity,False,uf_axiom,
4bit_gap_early__SB_103__SB_47__SB_50__SR_70,SB_103,SB_47,SB_50,SR_70,early_only,gap_early_only_hard_case,0,32,2,differential,1,"[{""classification"": ""ambiguity"", ""elapsed"": 22.39618638344109, ""first_result"": ""sat"", ""first_timeout_ms"": 60000, ""query_count"": 32, ""second_result"": ""sat"", ""second_timeout_ms"": 300000, ""z3_reason_unknown"": """"}]",sat,sat,0.0015448909252882004,11.607895931228995,edf43a9a19e4a3f3bf1e00668bd00cf6,edf43a9a19e4a3f3bf1e00668bd00cf6,0040c5879611a30460d400862839fb24,False,sat,False,False,False,,"{""0"": ""free"", ""1"": ""free"", ""10"": ""free"", ""11"": ""free"", ""12"": ""free"", ""13"": ""free"", ""14"": ""free"", ""15"": ""free"", ""2"": ""free"", ""3"": ""free"", ""4"": ""free"", ""5"": ""free"", ""6"": ""free"", ""7"": ""free"", ""8"": ""free"", ""9"": ""free""}","{""0"": ""free"", ""1"": ""free"", ""2"": ""free"", ""3"": ""free""}",[],"[0, 1, 2, 3, 4, 5, 6, 7, 8, 9, 10, 11, 12, 13, 14, 15]",[],False,ambiguity,False,uf_axiom,
4bit_gap_early__SB_103__SB_47__SB_50__SR_70,SB_103,SB_47,SB_50,SR_70,early_only,gap_early_only_hard_case,2,32,2,differential,1,"[{""classification"": ""ambiguity"", ""elapsed"": 22.724505711346865, ""first_result"": ""sat"", ""first_timeout_ms"": 60000, ""query_count"": 32, ""second_result"": ""sat"", ""second_timeout_ms"": 300000, ""z3_reason_unknown"": """"}]",sat,sat,0.0029877498745918274,22.014826748520136,a66f651322597191ab9f008af4c2db61,a66f651322597191ab9f008af4c2db61,5452a1840229740b384a008c1ba807c8,False,sat,False,False,False,,"{""0"": ""free"", ""1"": ""free"", ""10"": ""free"", ""11"": ""free"", ""12"": ""free"", ""13"": ""free"", ""14"": ""free"", ""15"": ""free"", ""2"": ""free"", ""3"": ""free"", ""4"": ""free"", ""5"": ""free"", ""6"": ""free"", ""7"": ""free"", ""8"": ""free"", ""9"": ""free""}","{""0"": ""free"", ""1"": ""free"", ""2"": ""free"", ""3"": ""free""}",[],"[0, 1, 2, 3, 4, 5, 6, 7, 8, 9, 10, 11, 12, 13, 14, 15]",[],False,ambiguity,False,uf_axiom,
4bit_gap_early__SB_83__SB_86__SB_95__SR_78,SB_83,SB_86,SB_95,SR_78,early_only,gap_early_only_hard_case,0,32,2,differential,1,"[{""classification"": ""ambiguity"", ""elapsed"": 23.096304988488555, ""first_result"": ""sat"", ""first_timeout_ms"": 60000, ""query_count"": 32, ""second_result"": ""sat"", ""second_timeout_ms"": 300000, ""z3_reason_unknown"": """"}]",sat,sat,0.0018550306558609009,22.643857156857848,00f43a9a00e4a3f3bf1eec668bd00cf6,00f43a9a00e4a3f3bf1eec668bd00cf6,00a02e7000287af681b2529b275782cd,False,sat,False,False,False,,"{""0"": ""free"", ""1"": ""free"", ""10"": ""free"", ""11"": ""free"", ""12"": ""free"", ""13"": ""free"", ""14"": ""free"", ""15"": ""free"", ""2"": ""free"", ""3"": ""free"", ""4"": ""free"", ""5"": ""free"", ""6"": ""free"", ""7"": ""free"", ""8"": ""free"", ""9"": ""free""}","{""0"": ""free"", ""1"": ""free"", ""2"": ""free"", ""3"": ""free""}",[],"[0, 1, 2, 3, 4, 5, 6, 7, 8, 9, 10, 11, 12, 13, 14, 15]",[],False,ambiguity,False,uf_axiom,
4bit_gap_early__SB_122__SB_59__SB_67__SR_57,SB_122,SB_59,SB_67,SR_57,early_only,gap_early_only_hard_case,0,32,2,differential,1,"[{""classification"": ""ambiguity"", ""elapsed"": 23.6041267439723, ""first_result"": ""sat"", ""first_timeout_ms"": 60000, ""query_count"": 32, ""second_result"": ""sat"", ""second_timeout_ms"": 300000, ""z3_reason_unknown"": """"}]",sat,sat,0.0027532633394002914,22.853532327339053,edf43a9a19e4a3f3bf1eec668bd00cf6,edf43a9a19e4a3f3bf1eec668bd00cf6,a0fb1e4aa7a6c6a0f8e24181240f5506,True,sat,False,False,False,,"{""0"": ""free"", ""1"": ""free"", ""10"": ""free"", ""11"": ""free"", ""12"": ""free"", ""13"": ""free"", ""14"": ""free"", ""15"": ""free"", ""2"": ""free"", ""3"": ""free"", ""4"": ""free"", ""5"": ""free"", ""6"": ""free"", ""7"": ""free"", ""8"": ""free"", ""9"": ""free""}","{""0"": ""free"", ""1"": ""free"", ""2"": ""free"", ""3"": ""free""}",[],"[0, 1, 2, 3, 4, 5, 6, 7, 8, 9, 10, 11, 12, 13, 14, 15]",[],False,ambiguity,False,uf_axiom,
4bit_gap_early__SR_127__SR_26__SR_4__SR_62,SR_127,SR_26,SR_4,SR_62,early_only,gap_early_only_hard_case,2,32,2,differential,1,"[{""classification"": ""ambiguity"", ""elapsed"": 23.63637994043529, ""first_result"": ""sat"", ""first_timeout_ms"": 60000, ""query_count"": 32, ""second_result"": ""sat"", ""second_timeout_ms"": 300000, ""z3_reason_unknown"": """"}]",sat,sat,0.0025140978395938873,22.94515054114163,a66f651300597191ab008f8af4c20061,a66f651300597191ab008f8af4c20061,50469322005b524cbb00ab401c440096,False,sat,False,False,False,,"{""0"": ""free"", ""1"": ""free"", ""10"": ""free"", ""11"": ""free"", ""12"": ""free"", ""13"": ""free"", ""14"": ""free"", ""15"": ""free"", ""2"": ""free"", ""3"": ""free"", ""4"": ""free"", ""5"": ""free"", ""6"": ""free"", ""7"": ""free"", ""8"": ""free"", ""9"": ""free""}","{""0"": ""free"", ""1"": ""free"", ""2"": ""free"", ""3"": ""free""}",[],"[0, 1, 2, 3, 4, 5, 6, 7, 8, 9, 10, 11, 12, 13, 14, 15]",[],False,ambiguity,False,uf_axiom,
4bit_gap_early__SB_5__SB_73__SR_106__SR_2,SB_5,SB_73,SR_106,SR_2,early_only,gap_early_only_hard_case,2,32,2,differential,1,"[{""classification"": ""ambiguity"", ""elapsed"": 24.562165876850486, ""first_result"": ""sat"", ""first_timeout_ms"": 60000, ""query_count"": 32, ""second_result"": ""sat"", ""second_timeout_ms"": 300000, ""z3_reason_unknown"": """"}]",sat,sat,0.0012916289269924164,24.041544292122126,a66f650000590091ab9f8f0000c2db61,a66f650000590091ab9f8f0000c2db61,a200910000210007530a7e0000989c51,False,sat,False,False,False,,"{""0"": ""free"", ""1"": ""free"", ""10"": ""free"", ""11"": ""free"", ""12"": ""free"", ""13"": ""free"", ""14"": ""free"", ""15"": ""free"", ""2"": ""free"", ""3"": ""free"", ""4"": ""free"", ""5"": ""free"", ""6"": ""free"", ""7"": ""free"", ""8"": ""free"", ""9"": ""free""}","{""0"": ""free"", ""1"": ""free"", ""2"": ""free"", ""3"": ""free""}",[],"[0, 1, 2, 3, 4, 5, 6, 7, 8, 9, 10, 11, 12, 13, 14, 15]",[],False,ambiguity,False,uf_axiom,
4bit_gap_early__SB_118__SB_35__SB_62__SR_39,SB_118,SB_35,SB_62,SR_39,early_only,gap_early_only_hard_case,0,32,2,differential,1,"[{""classification"": ""ambiguity"", ""elapsed"": 25.187144555151463, ""first_result"": ""sat"", ""first_timeout_ms"": 60000, ""query_count"": 32, ""second_result"": ""sat"", ""second_timeout_ms"": 300000, ""z3_reason_unknown"": """"}]",sat,sat,0.0017444491386413574,9.079417845234275,edf43a9a1900a3f3001eec668bd00cf6,edf43a9a1900a3f3001eec668bd00cf6,356f01ea3a00dc1000da383aa8c9a0f6,False,sat,False,False,False,,"{""0"": ""free"", ""1"": ""free"", ""10"": ""free"", ""11"": ""free"", ""12"": ""free"", ""13"": ""free"", ""14"": ""free"", ""15"": ""free"", ""2"": ""free"", ""3"": ""free"", ""4"": ""free"", ""5"": ""free"", ""6"": ""free"", ""7"": ""free"", ""8"": ""free"", ""9"": ""free""}","{""0"": ""free"", ""1"": ""free"", ""2"": ""free"", ""3"": ""free""}",[],"[0, 1, 2, 3, 4, 5, 6, 7, 8, 9, 10, 11, 12, 13, 14, 15]",[],False,ambiguity,False,uf_axiom,
4bit_gap_early__SB_118__SB_35__SB_62__SR_39,SB_118,SB_35,SB_62,SR_39,early_only,gap_early_only_hard_case,1,32,2,differential,1,"[{""classification"": ""ambiguity"", ""elapsed"": 25.899095248430967, ""first_result"": ""sat"", ""first_timeout_ms"": 60000, ""query_count"": 32, ""second_result"": ""sat"", ""second_timeout_ms"": 300000, ""z3_reason_unknown"": """"}]",sat,sat,0.00219719298183918,25.30069062113762,99107579bc002c3b007a8a6fd1573606,99107579bc002c3b007a8a6fd1573606,d22013c1cf40680a00bf713d8897020a,False,sat,False,False,False,,"{""0"": ""free"", ""1"": ""free"", ""10"": ""free"", ""11"": ""free"", ""12"": ""free"", ""13"": ""free"", ""14"": ""free"", ""15"": ""free"", ""2"": ""free"", ""3"": ""free"", ""4"": ""free"", ""5"": ""free"", ""6"": ""free"", ""7"": ""free"", ""8"": ""free"", ""9"": ""free""}","{""0"": ""free"", ""1"": ""free"", ""2"": ""free"", ""3"": ""free""}",[],"[0, 1, 2, 3, 4, 5, 6, 7, 8, 9, 10, 11, 12, 13, 14, 15]",[],False,ambiguity,False,uf_axiom,
4bit_gap_early__SB_68__SR_51__SR_53__SR_95,SB_68,SR_51,SR_53,SR_95,early_only,gap_early_only_hard_case,1,32,2,differential,1,"[{""classification"": ""ambiguity"", ""elapsed"": 26.62920887209475, ""first_result"": ""sat"", ""first_timeout_ms"": 60000, ""query_count"": 32, ""second_result"": ""sat"", ""second_timeout_ms"": 300000, ""z3_reason_unknown"": """"}]",sat,sat,0.0021849796175956726,12.763663755729795,99107579bc002c3b0d7a8a6fd1573606,99107579bc002c3b0d7a8a6fd1573606,fdf1001d0000b181e3315ca934243600,False,sat,False,False,False,,"{""0"": ""free"", ""1"": ""free"", ""10"": ""free"", ""11"": ""free"", ""12"": ""free"", ""13"": ""free"", ""14"": ""free"", ""15"": ""free"", ""2"": ""free"", ""3"": ""free"", ""4"": ""free"", ""5"": ""free"", ""6"": ""free"", ""7"": ""free"", ""8"": ""free"", ""9"": ""free""}","{""0"": ""free"", ""1"": ""free"", ""2"": ""free"", ""3"": ""free""}",[],"[0, 1, 2, 3, 4, 5, 6, 7, 8, 9, 10, 11, 12, 13, 14, 15]",[],False,ambiguity,False,uf_axiom,
4bit_gap_early__SB_119__SB_66__SB_69__SB_90,SB_119,SB_66,SB_69,SB_90,early_only,gap_early_only_hard_case,0,32,2,differential,1,"[{""classification"": ""ambiguity"", ""elapsed"": 26.811355728656054, ""first_result"": ""sat"", ""first_timeout_ms"": 60000, ""query_count"": 32, ""second_result"": ""sat"", ""second_timeout_ms"": 300000, ""z3_reason_unknown"": """"}]",sat,sat,0.0015019867569208145,26.293056663125753,edf43a9a1900a3f3bf00ec668bd00cf6,edf43a9a1900a3f3bf00ec668bd00cf6,6239100fe000c3e06b0049b867b5a506,False,sat,False,False,False,,"{""0"": ""free"", ""1"": ""free"", ""10"": ""free"", ""11"": ""free"", ""12"": ""free"", ""13"": ""free"", ""14"": ""free"", ""15"": ""free"", ""2"": ""free"", ""3"": ""free"", ""4"": ""free"", ""5"": ""free"", ""6"": ""free"", ""7"": ""free"", ""8"": ""free"", ""9"": ""free""}","{""0"": ""free"", ""1"": ""free"", ""2"": ""free"", ""3"": ""free""}",[],"[0, 1, 2, 3, 4, 5, 6, 7, 8, 9, 10, 11, 12, 13, 14, 15]",[],False,ambiguity,False,uf_axiom,
4bit_gap_early__SB_57__SB_68__SR_42__SR_62,SB_57,SB_68,SR_42,SR_62,early_only,gap_early_only_hard_case,0,32,2,differential,1,"[{""classification"": ""ambiguity"", ""elapsed"": 27.235533520579338, ""first_result"": ""sat"", ""first_timeout_ms"": 60000, ""query_count"": 32, ""second_result"": ""sat"", ""second_timeout_ms"": 300000, ""z3_reason_unknown"": """"}]",sat,sat,0.0015449542552232742,26.53854390606284,edf43a9a19e400f3bf1eec008bd00cf6,edf43a9a19e400f3bf1eec008bd00cf6,14c81f38f50b806166104400eb969789,False,sat,False,False,False,,"{""0"": ""free"", ""1"": ""free"", ""10"": ""free"", ""11"": ""free"", ""12"": ""free"", ""13"": ""free"", ""14"": ""free"", ""15"": ""free"", ""2"": ""free"", ""3"": ""free"", ""4"": ""free"", ""5"": ""free"", ""6"": ""free"", ""7"": ""free"", ""8"": ""free"", ""9"": ""free""}","{""0"": ""free"", ""1"": ""free"", ""2"": ""free"", ""3"": ""free""}",[],"[0, 1, 2, 3, 4, 5, 6, 7, 8, 9, 10, 11, 12, 13, 14, 15]",[],False,ambiguity,False,uf_axiom,
4bit_gap_early__SR_127__SR_26__SR_4__SR_62,SR_127,SR_26,SR_4,SR_62,early_only,gap_early_only_hard_case,0,32,2,differential,1,"[{""classification"": ""ambiguity"", ""elapsed"": 29.909065172076225, ""first_result"": ""sat"", ""first_timeout_ms"": 60000, ""query_count"": 32, ""second_result"": ""sat"", ""second_timeout_ms"": 300000, ""z3_reason_unknown"": """"}]",sat,sat,0.0017297901213169098,29.368098940700293,edf43a9a00e4a3f3bf00ec668bd000f6,edf43a9a00e4a3f3bf00ec668bd000f6,14340c0c00912d64d80030ecc7f50019,False,sat,False,False,False,,"{""0"": ""free"", ""1"": ""free"", ""10"": ""free"", ""11"": ""free"", ""12"": ""free"", ""13"": ""free"", ""14"": ""free"", ""15"": ""free"", ""2"": ""free"", ""3"": ""free"", ""4"": ""free"", ""5"": ""free"", ""6"": ""free"", ""7"": ""free"", ""8"": ""free"", ""9"": ""free""}","{""0"": ""free"", ""1"": ""free"", ""2"": ""free"", ""3"": ""free""}",[],"[0, 1, 2, 3, 4, 5, 6, 7, 8, 9, 10, 11, 12, 13, 14, 15]",[],False,ambiguity,False,uf_axiom,
4bit_gap_early__SR_1__SR_102__SR_26__SR_38,SR_1,SR_102,SR_26,SR_38,early_only,gap_early_only_hard_case,0,32,2,differential,1,"[{""classification"": ""ambiguity"", ""elapsed"": 30.121261652559042, ""first_result"": ""sat"", ""first_timeout_ms"": 60000, ""query_count"": 32, ""second_result"": ""sat"", ""second_timeout_ms"": 300000, ""z3_reason_unknown"": """"}]",sat,sat,0.0024967528879642487,29.48189033009112,edf4009a19e4a3f3bf1eec668bd00cf6,edf4009a19e4a3f3bf1eec668bd00cf6,904c00000c9a6c8688794cf8d3b420a6,False,sat,False,False,False,,"{""0"": ""free"", ""1"": ""free"", ""10"": ""free"", ""11"": ""free"", ""12"": ""free"", ""13"": ""free"", ""14"": ""free"", ""15"": ""free"", ""2"": ""free"", ""3"": ""free"", ""4"": ""free"", ""5"": ""free"", ""6"": ""free"", ""7"": ""free"", ""8"": ""free"", ""9"": ""free""}","{""0"": ""free"", ""1"": ""free"", ""2"": ""free"", ""3"": ""free""}",[],"[0, 1, 2, 3, 4, 5, 6, 7, 8, 9, 10, 11, 12, 13, 14, 15]",[],False,ambiguity,False,uf_axiom,
4bit_gap_early__SB_106__SB_73__SR_1__SR_19,SB_106,SB_73,SR_1,SR_19,early_only,gap_early_only_hard_case,2,32,2,differential,1,"[{""classification"": ""ambiguity"", ""elapsed"": 31.48509489931166, ""first_result"": ""sat"", ""first_timeout_ms"": 60000, ""query_count"": 32, ""second_result"": ""sat"", ""second_timeout_ms"": 300000, ""z3_reason_unknown"": """"}]",sat,sat,0.0013989042490720749,31.074304087087512,a66f650000597191ab9f8f8af4c2db61,a66f650000597191ab9f8f8af4c2db61,a1b04a00005b3abb0922a570e990af47,False,sat,False,False,False,,"{""0"": ""free"", ""1"": ""free"", ""10"": ""free"", ""11"": ""free"", ""12"": ""free"", ""13"": ""free"", ""14"": ""free"", ""15"": ""free"", ""2"": ""free"", ""3"": ""free"", ""4"": ""free"", ""5"": ""free"", ""6"": ""free"", ""7"": ""free"", ""8"": ""free"", ""9"": ""free""}","{""0"": ""free"", ""1"": ""free"", ""2"": ""free"", ""3"": ""free""}",[],"[0, 1, 2, 3, 4, 5, 6, 7, 8, 9, 10, 11, 12, 13, 14, 15]",[],False,ambiguity,False,uf_axiom,
4bit_gap_early__SB_53__SR_100__SR_120__SR_98,SB_53,SR_100,SR_120,SR_98,early_only,gap_early_only_hard_case,2,32,2,differential,1,"[{""classification"": ""ambiguity"", ""elapsed"": 31.689746467396617, ""first_result"": ""sat"", ""first_timeout_ms"": 60000, ""query_count"": 32, ""second_result"": ""sat"", ""second_timeout_ms"": 300000, ""z3_reason_unknown"": """"}]",sat,sat,0.002243911847472191,25.881668670102954,a66f651322007191ab9f008af4c2db61,a66f651322007191ab9f008af4c2db61,37e636816c0033445230802d03540a2c,False,sat,False,False,False,,"{""0"": ""free"", ""1"": ""free"", ""10"": ""free"", ""11"": ""free"", ""12"": ""free"", ""13"": ""free"", ""14"": ""free"", ""15"": ""free"", ""2"": ""free"", ""3"": ""free"", ""4"": ""free"", ""5"": ""free"", ""6"": ""free"", ""7"": ""free"", ""8"": ""free"", ""9"": ""free""}","{""0"": ""free"", ""1"": ""free"", ""2"": ""free"", ""3"": ""free""}",[],"[0, 1, 2, 3, 4, 5, 6, 7, 8, 9, 10, 11, 12, 13, 14, 15]",[],False,ambiguity,False,uf_axiom,
4bit_gap_early__SB_68__SR_51__SR_53__SR_95,SB_68,SR_51,SR_53,SR_95,early_only,gap_early_only_hard_case,0,32,2,differential,1,"[{""classification"": ""ambiguity"", ""elapsed"": 33.147324023768306, ""first_result"": ""sat"", ""first_timeout_ms"": 60000, ""query_count"": 32, ""second_result"": ""sat"", ""second_timeout_ms"": 300000, ""z3_reason_unknown"": """"}]",sat,sat,0.001185636967420578,32.642435586079955,edf43a9a1900a3f3bf1eec668bd00cf6,edf43a9a1900a3f3bf1eec668bd00cf6,850f8a3b4100ed0b02a1406bf74de545,False,sat,False,False,False,,"{""0"": ""free"", ""1"": ""free"", ""10"": ""free"", ""11"": ""free"", ""12"": ""free"", ""13"": ""free"", ""14"": ""free"", ""15"": ""free"", ""2"": ""free"", ""3"": ""free"", ""4"": ""free"", ""5"": ""free"", ""6"": ""free"", ""7"": ""free"", ""8"": ""free"", ""9"": ""free""}","{""0"": ""free"", ""1"": ""free"", ""2"": ""free"", ""3"": ""free""}",[],"[0, 1, 2, 3, 4, 5, 6, 7, 8, 9, 10, 11, 12, 13, 14, 15]",[],False,ambiguity,False,uf_axiom,
4bit_gap_early__SB_53__SR_100__SR_120__SR_98,SB_53,SR_100,SR_120,SR_98,early_only,gap_early_only_hard_case,0,32,2,differential,1,"[{""classification"": ""ambiguity"", ""elapsed"": 33.60086343064904, ""first_result"": ""sat"", ""first_timeout_ms"": 60000, ""query_count"": 32, ""second_result"": ""sat"", ""second_timeout_ms"": 300000, ""z3_reason_unknown"": """"}]",sat,sat,0.002332104369997978,32.83350063115358,edf43a9a1900a3f3bf1e00668bd00cf6,edf43a9a1900a3f3bf1e00668bd00cf6,f4a20dd7100091b972ff00610030b781,False,sat,False,False,False,,"{""0"": ""free"", ""1"": ""free"", ""10"": ""free"", ""11"": ""free"", ""12"": ""free"", ""13"": ""free"", ""14"": ""free"", ""15"": ""free"", ""2"": ""free"", ""3"": ""free"", ""4"": ""free"", ""5"": ""free"", ""6"": ""free"", ""7"": ""free"", ""8"": ""free"", ""9"": ""free""}","{""0"": ""free"", ""1"": ""free"", ""2"": ""free"", ""3"": ""free""}",[],"[0, 1, 2, 3, 4, 5, 6, 7, 8, 9, 10, 11, 12, 13, 14, 15]",[],False,ambiguity,False,uf_axiom,
4bit_gap_early__SB_68__SR_102__SR_37__SR_52,SB_68,SR_102,SR_37,SR_52,early_only,gap_early_only_hard_case,1,32,2,differential,1,"[{""classification"": ""ambiguity"", ""elapsed"": 34.28659309260547, ""first_result"": ""sat"", ""first_timeout_ms"": 60000, ""query_count"": 32, ""second_result"": ""sat"", ""second_timeout_ms"": 300000, ""z3_reason_unknown"": """"}]",sat,sat,0.002844078466296196,33.6159411072731,99107579bc002c3b0d7a8a6fd1573606,99107579bc002c3b0d7a8a6fd1573606,6311fadc0a0072c648912e86eb911059,False,sat,False,False,False,,"{""0"": ""free"", ""1"": ""free"", ""10"": ""free"", ""11"": ""free"", ""12"": ""free"", ""13"": ""free"", ""14"": ""free"", ""15"": ""free"", ""2"": ""free"", ""3"": ""free"", ""4"": ""free"", ""5"": ""free"", ""6"": ""free"", ""7"": ""free"", ""8"": ""free"", ""9"": ""free""}","{""0"": ""free"", ""1"": ""free"", ""2"": ""free"", ""3"": ""free""}",[],"[0, 1, 2, 3, 4, 5, 6, 7, 8, 9, 10, 11, 12, 13, 14, 15]",[],False,ambiguity,False,uf_axiom,
4bit_gap_early__SB_120__SR_118__SR_124__SR_47,SB_120,SR_118,SR_124,SR_47,early_only,gap_early_only_hard_case,0,32,2,differential,1,"[{""classification"": ""ambiguity"", ""elapsed"": 35.88164069503546, ""first_result"": ""sat"", ""first_timeout_ms"": 60000, ""query_count"": 32, ""second_result"": ""sat"", ""second_timeout_ms"": 300000, ""z3_reason_unknown"": """"}]",sat,sat,0.0017672758549451828,35.33914070762694,00f43a9a19e4a3f3bf1e00668bd00cf6,00f43a9a19e4a3f3bf1e00668bd00cf6,00946ae0389369953568001c87459446,False,sat,False,False,False,,"{""0"": ""free"", ""1"": ""free"", ""10"": ""free"", ""11"": ""free"", ""12"": ""free"", ""13"": ""free"", ""14"": ""free"", ""15"": ""free"", ""2"": ""free"", ""3"": ""free"", ""4"": ""free"", ""5"": ""free"", ""6"": ""free"", ""7"": ""free"", ""8"": ""free"", ""9"": ""free""}","{""0"": ""free"", ""1"": ""free"", ""2"": ""free"", ""3"": ""free""}",[],"[0, 1, 2, 3, 4, 5, 6, 7, 8, 9, 10, 11, 12, 13, 14, 15]",[],False,ambiguity,False,uf_axiom,
4bit_gap_early__SB_106__SB_73__SR_1__SR_19,SB_106,SB_73,SR_1,SR_19,early_only,gap_early_only_hard_case,0,32,2,differential,1,"[{""classification"": ""ambiguity"", ""elapsed"": 36.77860693447292, ""first_result"": ""sat"", ""first_timeout_ms"": 60000, ""query_count"": 32, ""second_result"": ""sat"", ""second_timeout_ms"": 300000, ""z3_reason_unknown"": """"}]",sat,sat,0.002967914566397667,27.184242717921734,edf43a0000e4a3f3bf1eec668bd00cf6,edf43a0000e4a3f3bf1eec668bd00cf6,069c3a0000e3101d7b001a00971d08bf,False,sat,False,False,False,,"{""0"": ""free"", ""1"": ""free"", ""10"": ""free"", ""11"": ""free"", ""12"": ""free"", ""13"": ""free"", ""14"": ""free"", ""15"": ""free"", ""2"": ""free"", ""3"": ""free"", ""4"": ""free"", ""5"": ""free"", ""6"": ""free"", ""7"": ""free"", ""8"": ""free"", ""9"": ""free""}","{""0"": ""free"", ""1"": ""free"", ""2"": ""free"", ""3"": ""free""}",[],"[0, 1, 2, 3, 4, 5, 6, 7, 8, 9, 10, 11, 12, 13, 14, 15]",[],False,ambiguity,False,uf_axiom,
4bit_gap_early__SB_57__SB_68__SR_42__SR_62,SB_57,SB_68,SR_42,SR_62,early_only,gap_early_only_hard_case,2,32,2,differential,1,"[{""classification"": ""ambiguity"", ""elapsed"": 39.285299928858876, ""first_result"": ""sat"", ""first_timeout_ms"": 60000, ""query_count"": 32, ""second_result"": ""sat"", ""second_timeout_ms"": 300000, ""z3_reason_unknown"": """"}]",sat,sat,0.001796327531337738,14.084574500098825,a66f651322590091ab9f8f00f4c2db61,a66f651322590091ab9f8f00f4c2db61,8200e4b2008d009138ac5800abd6f379,False,sat,False,False,False,,"{""0"": ""free"", ""1"": ""free"", ""10"": ""free"", ""11"": ""free"", ""12"": ""free"", ""13"": ""free"", ""14"": ""free"", ""15"": ""free"", ""2"": ""free"", ""3"": ""free"", ""4"": ""free"", ""5"": ""free"", ""6"": ""free"", ""7"": ""free"", ""8"": ""free"", ""9"": ""free""}","{""0"": ""free"", ""1"": ""free"", ""2"": ""free"", ""3"": ""free""}",[],"[0, 1, 2, 3, 4, 5, 6, 7, 8, 9, 10, 11, 12, 13, 14, 15]",[],False,ambiguity,False,uf_axiom,
4bit_gap_early__SB_46__SR_21__SR_67__SR_74,SB_46,SR_21,SR_67,SR_74,early_only,gap_early_only_hard_case,0,32,2,differential,1,"[{""classification"": ""ambiguity"", ""elapsed"": 49.82601504959166, ""first_result"": ""sat"", ""first_timeout_ms"": 60000, ""query_count"": 32, ""second_result"": ""sat"", ""second_timeout_ms"": 300000, ""z3_reason_unknown"": """"}]",sat,sat,0.0036438237875699997,20.177927730605006,edf43a9a19e4a3f3bf1eec668bd00cf6,edf43a9a19e4a3f3bf1eec668bd00cf6,806c3a3876c0504406162889f91d1f92,True,sat,False,False,False,,"{""0"": ""free"", ""1"": ""free"", ""10"": ""free"", ""11"": ""free"", ""12"": ""free"", ""13"": ""free"", ""14"": ""free"", ""15"": ""free"", ""2"": ""free"", ""3"": ""free"", ""4"": ""free"", ""5"": ""free"", ""6"": ""free"", ""7"": ""free"", ""8"": ""free"", ""9"": ""free""}","{""0"": ""free"", ""1"": ""free"", ""2"": ""free"", ""3"": ""free""}",[],"[0, 1, 2, 3, 4, 5, 6, 7, 8, 9, 10, 11, 12, 13, 14, 15]",[],False,ambiguity,False,uf_axiom,
4bit_gap_early__SB_46__SR_103__SR_113__SR_119,SB_46,SR_103,SR_113,SR_119,early_only,gap_early_only_hard_case,1,32,2,differential,1,"[{""classification"": ""ambiguity"", ""elapsed"": 49.9517387393862, ""first_result"": ""sat"", ""first_timeout_ms"": 60000, ""query_count"": 32, ""second_result"": ""sat"", ""second_timeout_ms"": 300000, ""z3_reason_unknown"": """"}]",sat,sat,0.00222763791680336,22.0314672421664,99107579bc3c2c000d7a006fd1573606,99107579bc3c2c000d7a006fd1573606,0581e1f128c66d0018e9201a400188b1,False,sat,False,False,False,,"{""0"": ""free"", ""1"": ""free"", ""10"": ""free"", ""11"": ""free"", ""12"": ""free"", ""13"": ""free"", ""14"": ""free"", ""15"": ""free"", ""2"": ""free"", ""3"": ""free"", ""4"": ""free"", ""5"": ""free"", ""6"": ""free"", ""7"": ""free"", ""8"": ""free"", ""9"": ""free""}","{""0"": ""free"", ""1"": ""free"", ""2"": ""free"", ""3"": ""free""}",[],"[0, 1, 2, 3, 4, 5, 6, 7, 8, 9, 10, 11, 12, 13, 14, 15]",[],False,ambiguity,False,uf_axiom,
4bit_gap_early__SB_103__SB_47__SB_50__SR_70,SB_103,SB_47,SB_50,SR_70,early_only,gap_early_only_hard_case,1,32,2,differential,1,"[{""classification"": ""ambiguity"", ""elapsed"": 51.63887548074126, ""first_result"": ""sat"", ""first_timeout_ms"": 60000, ""query_count"": 32, ""second_result"": ""sat"", ""second_timeout_ms"": 300000, ""z3_reason_unknown"": """"}]",sat,sat,0.002687869593501091,20.949451819062233,99107579bc3c2c3b0d7a006fd1573606,99107579bc3c2c3b0d7a006fd1573606,9ebf403a001b6700c57a00e030882400,False,sat,False,False,False,,"{""0"": ""free"", ""1"": ""free"", ""10"": ""unknown"", ""11"": ""free"", ""12"": ""free"", ""13"": ""free"", ""14"": ""free"", ""15"": ""free"", ""2"": ""free"", ""3"": ""free"", ""4"": ""free"", ""5"": ""free"", ""6"": ""free"", ""7"": ""free"", ""8"": ""free"", ""9"": ""unknown""}","{""0"": ""free"", ""1"": ""free"", ""2"": ""free"", ""3"": ""free""}",[],"[0, 1, 2, 3, 4, 5, 6, 7, 8, 11, 12, 13, 14, 15]","[9, 10]",False,ambiguity,False,uf_axiom,
4bit_gap_early__SB_108__SB_121__SB_39__SR_101,SB_108,SB_121,SB_39,SR_101,early_only,gap_early_only_hard_case,1,32,2,differential,1,"[{""classification"": ""ambiguity"", ""elapsed"": 53.91423129476607, ""first_result"": ""sat"", ""first_timeout_ms"": 60000, ""query_count"": 32, ""second_result"": ""sat"", ""second_timeout_ms"": 300000, ""z3_reason_unknown"": """"}]",sat,sat,0.0017772670835256577,53.344011183828115,99100079bc3c2c3b0d7a006fd1573606,99100079bc3c2c3b0d7a006fd1573606,050000e1ca90a8823fe2000b3300f111,False,sat,False,False,False,,"{""0"": ""free"", ""1"": ""free"", ""10"": ""free"", ""11"": ""free"", ""12"": ""free"", ""13"": ""free"", ""14"": ""free"", ""15"": ""free"", ""2"": ""free"", ""3"": ""free"", ""4"": ""free"", ""5"": ""free"", ""6"": ""free"", ""7"": ""free"", ""8"": ""free"", ""9"": ""free""}","{""0"": ""free"", ""1"": ""free"", ""2"": ""free"", ""3"": ""free""}",[],"[0, 1, 2, 3, 4, 5, 6, 7, 8, 9, 10, 11, 12, 13, 14, 15]",[],False,ambiguity,False,uf_axiom,
4bit_gap_early__SB_83__SB_86__SB_95__SR_78,SB_83,SB_86,SB_95,SR_78,early_only,gap_early_only_hard_case,2,32,2,differential,1,"[{""classification"": ""ambiguity"", ""elapsed"": 60.93551575392485, ""first_result"": ""sat"", ""first_timeout_ms"": 60000, ""query_count"": 32, ""second_result"": ""sat"", ""second_timeout_ms"": 300000, ""z3_reason_unknown"": """"}]",sat,sat,0.0021061860024929047,60.30899305269122,006f651300597191ab9f8f8af4c2db61,006f651300597191ab9f8f8af4c2db61,002092e500c66ab89b20c42f0051479e,False,sat,False,False,False,,"{""0"": ""free"", ""1"": ""free"", ""10"": ""free"", ""11"": ""free"", ""12"": ""free"", ""13"": ""free"", ""14"": ""free"", ""15"": ""free"", ""2"": ""free"", ""3"": ""free"", ""4"": ""free"", ""5"": ""free"", ""6"": ""free"", ""7"": ""free"", ""8"": ""free"", ""9"": ""free""}","{""0"": ""free"", ""1"": ""free"", ""2"": ""free"", ""3"": ""free""}",[],"[0, 1, 2, 3, 4, 5, 6, 7, 8, 9, 10, 11, 12, 13, 14, 15]",[],False,ambiguity,False,uf_axiom,
4bit_gap_early__SB_68__SR_102__SR_37__SR_52,SB_68,SR_102,SR_37,SR_52,early_only,gap_early_only_hard_case,0,32,2,differential,1,"[{""classification"": ""ambiguity"", ""elapsed"": 64.10920296423137, ""first_result"": ""sat"", ""first_timeout_ms"": 60000, ""query_count"": 32, ""second_result"": ""sat"", ""second_timeout_ms"": 300000, ""z3_reason_unknown"": """"}]",sat,sat,0.00221073254942894,43.369932278990746,edf43a9a1900a3f3bf1eec668bd00cf6,edf43a9a1900a3f3bf1eec668bd00cf6,989428f483002d62665275c488529440,False,sat,False,False,False,,"{""0"": ""free"", ""1"": ""free"", ""10"": ""free"", ""11"": ""free"", ""12"": ""free"", ""13"": ""free"", ""14"": ""free"", ""15"": ""free"", ""2"": ""free"", ""3"": ""free"", ""4"": ""free"", ""5"": ""free"", ""6"": ""free"", ""7"": ""free"", ""8"": ""free"", ""9"": ""free""}","{""0"": ""free"", ""1"": ""free"", ""2"": ""free"", ""3"": ""free""}",[],"[0, 1, 2, 3, 4, 5, 6, 7, 8, 9, 10, 11, 12, 13, 14, 15]",[],False,ambiguity,False,uf_axiom,
4bit_gap_early__SB_120__SR_118__SR_124__SR_47,SB_120,SR_118,SR_124,SR_47,early_only,gap_early_only_hard_case,2,32,2,differential,1,"[{""classification"": ""ambiguity"", ""elapsed"": 66.74344054423273, ""first_result"": ""sat"", ""first_timeout_ms"": 60000, ""query_count"": 32, ""second_result"": ""sat"", ""second_timeout_ms"": 300000, ""z3_reason_unknown"": """"}]",sat,sat,0.001841152086853981,66.22204557433724,006f651322597191ab9f008af4c2db61,006f651322597191ab9f008af4c2db61,00409000200fe8889640003d9a5fa880,False,sat,False,False,False,,"{""0"": ""free"", ""1"": ""free"", ""10"": ""free"", ""11"": ""free"", ""12"": ""free"", ""13"": ""free"", ""14"": ""free"", ""15"": ""free"", ""2"": ""free"", ""3"": ""free"", ""4"": ""free"", ""5"": ""free"", ""6"": ""free"", ""7"": ""free"", ""8"": ""free"", ""9"": ""free""}","{""0"": ""free"", ""1"": ""free"", ""2"": ""free"", ""3"": ""free""}",[],"[0, 1, 2, 3, 4, 5, 6, 7, 8, 9, 10, 11, 12, 13, 14, 15]",[],False,ambiguity,False,uf_axiom,
4bit_gap_early__SB_108__SB_121__SB_39__SR_101,SB_108,SB_121,SB_39,SR_101,early_only,gap_early_only_hard_case,0,32,2,differential,1,"[{""classification"": ""ambiguity"", ""elapsed"": 68.61626576632261, ""first_result"": ""sat"", ""first_timeout_ms"": 60000, ""query_count"": 32, ""second_result"": ""sat"", ""second_timeout_ms"": 300000, ""z3_reason_unknown"": """"}]",sat,sat,0.0017068218439817429,38.073709931224585,edf4009a19e4a3f3bf1e00668bd00cf6,edf4009a19e4a3f3bf1e00668bd00cf6,1514006ddfb3a370008e00a47c340968,False,sat,False,False,False,,"{""0"": ""free"", ""1"": ""free"", ""10"": ""unknown"", ""11"": ""free"", ""12"": ""free"", ""13"": ""free"", ""14"": ""free"", ""15"": ""free"", ""2"": ""free"", ""3"": ""free"", ""4"": ""free"", ""5"": ""free"", ""6"": ""unknown"", ""7"": ""free"", ""8"": ""free"", ""9"": ""free""}","{""0"": ""free"", ""1"": ""free"", ""2"": ""free"", ""3"": ""free""}",[],"[0, 1, 2, 3, 4, 5, 7, 8, 9, 11, 12, 13, 14, 15]","[6, 10]",False,ambiguity,False,uf_axiom,
4bit_gap_weak_late__ARK_15__ARK_16__ARK_2__ARK_26,ARK_15,ARK_16,ARK_2,ARK_26,weak_same_column,gap_weak_same_column_hard_case,0,32,2,differential,1,"[{""classification"": ""ambiguity"", ""elapsed"": 71.95707962103188, ""first_result"": ""sat"", ""first_timeout_ms"": 60000, ""query_count"": 32, ""second_result"": ""sat"", ""second_timeout_ms"": 300000, ""z3_reason_unknown"": """"}]",sat,sat,0.0029992852360010147,41.378026608377695,edf43a9a19e4a3f3bf1eec668bd00cf6,edf43a9a19e4a3f3bf1eec668bd00cf6,edf43a9a21e4a3f3bff1ec668bd0b5f6,True,sat,False,False,False,,"{""0"": ""unknown"", ""1"": ""unknown"", ""10"": ""unknown"", ""11"": ""unknown"", ""12"": ""unknown"", ""13"": ""unknown"", ""14"": ""free"", ""15"": ""unknown"", ""2"": ""unknown"", ""3"": ""unknown"", ""4"": ""free"", ""5"": ""unknown"", ""6"": ""unknown"", ""7"": ""unknown"", ""8"": ""unknown"", ""9"": ""free""}","{""0"": ""unknown"", ""1"": ""free"", ""2"": ""free"", ""3"": ""free""}",[],"[4, 9, 14]","[0, 1, 2, 3, 5, 6, 7, 8, 10, 11, 12, 13, 15]",False,ambiguity,False,uf_axiom,
4bit_gap_mixed__ARK_102__MC_121__SB_63__SB_86,ARK_102,MC_121,SB_63,SB_86,early_late_mixed,gap_early_late_mixed_hard_case,1,32,2,differential,1,"[{""classification"": ""ambiguity"", ""elapsed"": 72.49791646562517, ""first_result"": ""sat"", ""first_timeout_ms"": 60000, ""query_count"": 32, ""second_result"": ""sat"", ""second_timeout_ms"": 300000, ""z3_reason_unknown"": """"}]",sat,sat,0.0025177467614412308,62.08973300457001,99107579bc3c2c3b0d7a8a6fd1573606,99107579bc3c2c3b0d7a8a6fd1573606,e210bea9ab124e4dea29a86fd1e6c719,True,sat,False,False,False,,"{""0"": ""free"", ""1"": ""fixed"", ""10"": ""free"", ""11"": ""fixed"", ""12"": ""fixed"", ""13"": ""free"", ""14"": ""free"", ""15"": ""free"", ""2"": ""free"", ""3"": ""free"", ""4"": ""free"", ""5"": ""free"", ""6"": ""free"", ""7"": ""free"", ""8"": ""free"", ""9"": ""free""}","{""0"": ""free"", ""1"": ""free"", ""2"": ""free"", ""3"": ""free""}","[1, 11, 12]","[0, 2, 3, 4, 5, 6, 7, 8, 9, 10, 13, 14, 15]",[],False,ambiguity,False,uf_axiom,
4bit_gap_early__SB_119__SB_66__SB_69__SB_90,SB_119,SB_66,SB_69,SB_90,early_only,gap_early_only_hard_case,2,32,2,differential,1,"[{""classification"": ""ambiguity"", ""elapsed"": 105.24318069592118, ""first_result"": ""sat"", ""first_timeout_ms"": 60000, ""query_count"": 32, ""second_result"": ""sat"", ""second_timeout_ms"": 300000, ""z3_reason_unknown"": """"}]",sat,sat,0.0013293717056512833,104.56904912181199,a66f651322007191ab008f8af4c2db61,a66f651322007191ab008f8af4c2db61,015538cc22101aa546009017d76c41a3,False,sat,False,False,False,,"{""0"": ""free"", ""1"": ""free"", ""10"": ""free"", ""11"": ""free"", ""12"": ""free"", ""13"": ""free"", ""14"": ""free"", ""15"": ""free"", ""2"": ""free"", ""3"": ""free"", ""4"": ""free"", ""5"": ""free"", ""6"": ""free"", ""7"": ""free"", ""8"": ""free"", ""9"": ""free""}","{""0"": ""free"", ""1"": ""free"", ""2"": ""free"", ""3"": ""free""}",[],"[0, 1, 2, 3, 4, 5, 6, 7, 8, 9, 10, 11, 12, 13, 14, 15]",[],False,ambiguity,False,uf_axiom,
4bit_gap_weak_late__ARK_20__ARK_28__MC_11__MC_7,ARK_20,ARK_28,MC_11,MC_7,weak_same_column,gap_weak_same_column_hard_case,2,32,2,differential,1,"[{""classification"": ""ambiguity"", ""elapsed"": 125.06341586634517, ""first_result"": ""sat"", ""first_timeout_ms"": 60000, ""query_count"": 32, ""second_result"": ""sat"", ""second_timeout_ms"": 300000, ""z3_reason_unknown"": """"}]",sat,sat,0.002223476767539978,94.52910167351365,a66f651322597191ab9f8f8af4c2db61,a66f651322597191ab9f8f8af4c2db61,a62f65d54c595991ab03cb117ca55c47,True,sat,False,False,False,,"{""0"": ""fixed"", ""1"": ""free"", ""10"": ""free"", ""11"": ""free"", ""12"": ""free"", ""13"": ""free"", ""14"": ""free"", ""15"": ""free"", ""2"": ""unknown"", ""3"": ""free"", ""4"": ""free"", ""5"": ""unknown"", ""6"": ""free"", ""7"": ""unknown"", ""8"": ""unknown"", ""9"": ""free""}","{""0"": ""free"", ""1"": ""free"", ""2"": ""free"", ""3"": ""free""}",[0],"[1, 3, 4, 6, 9, 10, 11, 12, 13, 14, 15]","[2, 5, 7, 8]",False,ambiguity,False,uf_axiom,
4bit_gap_weak_late__ARK_15__ARK_16__ARK_2__ARK_26,ARK_15,ARK_16,ARK_2,ARK_26,weak_same_column,gap_weak_same_column_hard_case,1,32,2,differential,1,"[{""classification"": ""ambiguity"", ""elapsed"": 162.57382955029607, ""first_result"": ""sat"", ""first_timeout_ms"": 60000, ""query_count"": 32, ""second_result"": ""sat"", ""second_timeout_ms"": 300000, ""z3_reason_unknown"": """"}]",sat,sat,0.003179362043738365,131.80767701938748,99107579bc3c2c3b0d7a8a6fd1573606,99107579bc3c2c3b0d7a8a6fd1573606,9910a179bc3c93965e7a846fd1bd3606,True,sat,False,False,False,,"{""0"": ""fixed"", ""1"": ""fixed"", ""10"": ""free"", ""11"": ""unknown"", ""12"": ""unknown"", ""13"": ""free"", ""14"": ""unknown"", ""15"": ""unknown"", ""2"": ""free"", ""3"": ""unknown"", ""4"": ""unknown"", ""5"": ""unknown"", ""6"": ""free"", ""7"": ""free"", ""8"": ""free"", ""9"": ""unknown""}","{""0"": ""free"", ""1"": ""free"", ""2"": ""free"", ""3"": ""free""}","[0, 1]","[2, 6, 7, 8, 10, 13]","[3, 4, 5, 9, 11, 12, 14, 15]",False,ambiguity,False,uf_axiom,
4bit_gap_mixed__ARK_102__MC_121__SB_63__SB_86,ARK_102,MC_121,SB_63,SB_86,early_late_mixed,gap_early_late_mixed_hard_case,0,32,2,differential,1,"[{""classification"": ""ambiguity"", ""elapsed"": 172.7302473075688, ""first_result"": ""sat"", ""first_timeout_ms"": 60000, ""query_count"": 32, ""second_result"": ""sat"", ""second_timeout_ms"": 300000, ""z3_reason_unknown"": """"}]",sat,sat,0.002423413097858429,142.133524376899,edf43a9a19e4a3f3bf1eec668bd00cf6,edf43a9a19e4a3f3bf1eec668bd00cf6,3af4e3e90221a3093eb542668b8b9977,True,sat,False,False,False,,"{""0"": ""free"", ""1"": ""unknown"", ""10"": ""free"", ""11"": ""unknown"", ""12"": ""unknown"", ""13"": ""free"", ""14"": ""free"", ""15"": ""free"", ""2"": ""free"", ""3"": ""free"", ""4"": ""free"", ""5"": ""free"", ""6"": ""unknown"", ""7"": ""free"", ""8"": ""free"", ""9"": ""free""}","{""0"": ""free"", ""1"": ""free"", ""2"": ""free"", ""3"": ""free""}",[],"[0, 2, 3, 4, 5, 7, 8, 9, 10, 13, 14, 15]","[1, 6, 11, 12]",False,ambiguity,False,uf_axiom,
4bit_gap_weak_late__ARK_20__ARK_28__MC_11__MC_7,ARK_20,ARK_28,MC_11,MC_7,weak_same_column,gap_weak_same_column_hard_case,0,32,2,differential,1,"[{""classification"": ""ambiguity"", ""elapsed"": 180.40936282277107, ""first_result"": ""sat"", ""first_timeout_ms"": 60000, ""query_count"": 32, ""second_result"": ""sat"", ""second_timeout_ms"": 300000, ""z3_reason_unknown"": """"}]",sat,sat,0.0021413732320070267,149.83479563705623,edf43a9a19e4a3f3bf1eec668bd00cf6,edf43a9a19e4a3f3bf1eec668bd00cf6,ed76b6cd8de4a8f3bf47ec026cd091f6,True,sat,False,False,False,,"{""0"": ""fixed"", ""1"": ""free"", ""10"": ""unknown"", ""11"": ""free"", ""12"": ""free"", ""13"": ""unknown"", ""14"": ""free"", ""15"": ""unknown"", ""2"": ""free"", ""3"": ""free"", ""4"": ""free"", ""5"": ""unknown"", ""6"": ""free"", ""7"": ""unknown"", ""8"": ""unknown"", ""9"": ""free""}","{""0"": ""free"", ""1"": ""free"", ""2"": ""free"", ""3"": ""free""}",[0],"[1, 2, 3, 4, 6, 9, 11, 12, 14]","[5, 7, 8, 10, 13, 15]",False,ambiguity,False,uf_axiom,
4bit_gap_weak_late__ARK_24__ARK_70__MC_14__MC_94,ARK_24,ARK_70,MC_14,MC_94,weak_same_column,gap_weak_same_column_hard_case,2,64,2,differential,2,"[{""classification"": ""undecided"", ""elapsed"": 330.7440688088536, ""first_result"": ""sat"", ""first_timeout_ms"": 60000, ""query_count"": 32, ""second_result"": ""unknown"", ""second_timeout_ms"": 300000, ""z3_reason_unknown"": ""canceled""}, {""classification"": ""full_key_unique"", ""elapsed"": 22.696161560714245, ""first_result"": ""sat"", ""first_timeout_ms"": 60000, ""query_count"": 64, ""second_result"": ""unsat"", ""second_timeout_ms"": 300000, ""z3_reason_unknown"": """"}]",sat,unsat,0.005703480914235115,21.939123637974262,a66f651322597191ab9f8f8af4c2db61,a66f651322597191ab9f8f8af4c2db61,,True,sat,False,False,False,,"{""0"": ""fixed"", ""1"": ""fixed"", ""10"": ""fixed"", ""11"": ""fixed"", ""12"": ""fixed"", ""13"": ""fixed"", ""14"": ""fixed"", ""15"": ""fixed"", ""2"": ""fixed"", ""3"": ""fixed"", ""4"": ""fixed"", ""5"": ""fixed"", ""6"": ""fixed"", ""7"": ""fixed"", ""8"": ""fixed"", ""9"": ""fixed""}","{""0"": ""fixed"", ""1"": ""fixed"", ""2"": ""fixed"", ""3"": ""fixed""}","[0, 1, 2, 3, 4, 5, 6, 7, 8, 9, 10, 11, 12, 13, 14, 15]",[],[],False,full_key_unique,True,uf_axiom,
4bit_gap_weak_late__ARK_16__ARK_31__ARK_71__ARK_87,ARK_16,ARK_31,ARK_71,ARK_87,weak_same_column,gap_weak_same_column_hard_case,2,64,2,differential,2,"[{""classification"": ""undecided"", ""elapsed"": 330.6624907180667, ""first_result"": ""sat"", ""first_timeout_ms"": 60000, ""query_count"": 32, ""second_result"": ""unknown"", ""second_timeout_ms"": 300000, ""z3_reason_unknown"": ""canceled""}, {""classification"": ""full_key_unique"", ""elapsed"": 28.128535952419043, ""first_result"": ""sat"", ""first_timeout_ms"": 60000, ""query_count"": 64, ""second_result"": ""unsat"", ""second_timeout_ms"": 300000, ""z3_reason_unknown"": """"}]",sat,unsat,0.003310631960630417,27.688366811722517,a66f651322597191ab9f8f8af4c2db61,a66f651322597191ab9f8f8af4c2db61,,True,sat,False,False,False,,"{""0"": ""fixed"", ""1"": ""fixed"", ""10"": ""fixed"", ""11"": ""fixed"", ""12"": ""fixed"", ""13"": ""fixed"", ""14"": ""fixed"", ""15"": ""fixed"", ""2"": ""fixed"", ""3"": ""fixed"", ""4"": ""fixed"", ""5"": ""fixed"", ""6"": ""fixed"", ""7"": ""fixed"", ""8"": ""fixed"", ""9"": ""fixed""}","{""0"": ""fixed"", ""1"": ""fixed"", ""2"": ""fixed"", ""3"": ""fixed""}","[0, 1, 2, 3, 4, 5, 6, 7, 8, 9, 10, 11, 12, 13, 14, 15]",[],[],False,full_key_unique,True,uf_axiom,
4bit_gap_weak_late__ARK_15__ARK_16__ARK_2__ARK_26,ARK_15,ARK_16,ARK_2,ARK_26,weak_same_column,gap_weak_same_column_hard_case,2,64,2,differential,2,"[{""classification"": ""undecided"", ""elapsed"": 330.69305714033544, ""first_result"": ""sat"", ""first_timeout_ms"": 60000, ""query_count"": 32, ""second_result"": ""unknown"", ""second_timeout_ms"": 300000, ""z3_reason_unknown"": ""canceled""}, {""classification"": ""full_key_unique"", ""elapsed"": 45.09070219472051, ""first_result"": ""sat"", ""first_timeout_ms"": 60000, ""query_count"": 64, ""second_result"": ""unsat"", ""second_timeout_ms"": 300000, ""z3_reason_unknown"": """"}]",sat,unsat,0.00246489979326725,44.689025519415736,a66f651322597191ab9f8f8af4c2db61,a66f651322597191ab9f8f8af4c2db61,,True,sat,False,False,False,,"{""0"": ""fixed"", ""1"": ""fixed"", ""10"": ""fixed"", ""11"": ""fixed"", ""12"": ""fixed"", ""13"": ""fixed"", ""14"": ""fixed"", ""15"": ""fixed"", ""2"": ""fixed"", ""3"": ""fixed"", ""4"": ""fixed"", ""5"": ""fixed"", ""6"": ""fixed"", ""7"": ""fixed"", ""8"": ""fixed"", ""9"": ""fixed""}","{""0"": ""fixed"", ""1"": ""fixed"", ""2"": ""fixed"", ""3"": ""fixed""}","[0, 1, 2, 3, 4, 5, 6, 7, 8, 9, 10, 11, 12, 13, 14, 15]",[],[],False,full_key_unique,True,uf_axiom,
4bit_gap_weak_late__ARK_20__ARK_28__MC_11__MC_7,ARK_20,ARK_28,MC_11,MC_7,weak_same_column,gap_weak_same_column_hard_case,1,64,2,differential,2,"[{""classification"": ""undecided"", ""elapsed"": 330.5675837676972, ""first_result"": ""sat"", ""first_timeout_ms"": 60000, ""query_count"": 32, ""second_result"": ""unknown"", ""second_timeout_ms"": 300000, ""z3_reason_unknown"": ""canceled""}, {""classification"": ""full_key_unique"", ""elapsed"": 46.886032696813345, ""first_result"": ""sat"", ""first_timeout_ms"": 60000, ""query_count"": 64, ""second_result"": ""unsat"", ""second_timeout_ms"": 300000, ""z3_reason_unknown"": """"}]",sat,unsat,0.0024161934852600098,46.390050042420626,99107579bc3c2c3b0d7a8a6fd1573606,99107579bc3c2c3b0d7a8a6fd1573606,,True,sat,False,False,False,,"{""0"": ""fixed"", ""1"": ""fixed"", ""10"": ""fixed"", ""11"": ""fixed"", ""12"": ""fixed"", ""13"": ""fixed"", ""14"": ""fixed"", ""15"": ""fixed"", ""2"": ""fixed"", ""3"": ""fixed"", ""4"": ""fixed"", ""5"": ""fixed"", ""6"": ""fixed"", ""7"": ""fixed"", ""8"": ""fixed"", ""9"": ""fixed""}","{""0"": ""fixed"", ""1"": ""fixed"", ""2"": ""fixed"", ""3"": ""fixed""}","[0, 1, 2, 3, 4, 5, 6, 7, 8, 9, 10, 11, 12, 13, 14, 15]",[],[],False,full_key_unique,True,uf_axiom,
4bit_gap_mixed__MC_105__MC_47__MC_85__SB_93,MC_105,MC_47,MC_85,SB_93,early_late_mixed,gap_early_late_mixed_hard_case,0,64,2,differential,2,"[{""classification"": ""undecided"", ""elapsed"": 330.62006344273686, ""first_result"": ""sat"", ""first_timeout_ms"": 60000, ""query_count"": 32, ""second_result"": ""unknown"", ""second_timeout_ms"": 300000, ""z3_reason_unknown"": ""canceled""}, {""classification"": ""full_key_unique"", ""elapsed"": 54.849289402365685, ""first_result"": ""sat"", ""first_timeout_ms"": 60000, ""query_count"": 64, ""second_result"": ""unsat"", ""second_timeout_ms"": 300000, ""z3_reason_unknown"": """"}]",sat,unsat,0.0058022309094667435,54.421058125793934,edf43a9a19e4a3f3bf1eec668bd00cf6,edf43a9a19e4a3f3bf1eec668bd00cf6,,True,sat,False,False,False,,"{""0"": ""fixed"", ""1"": ""fixed"", ""10"": ""fixed"", ""11"": ""fixed"", ""12"": ""fixed"", ""13"": ""fixed"", ""14"": ""fixed"", ""15"": ""fixed"", ""2"": ""fixed"", ""3"": ""fixed"", ""4"": ""fixed"", ""5"": ""fixed"", ""6"": ""fixed"", ""7"": ""fixed"", ""8"": ""fixed"", ""9"": ""fixed""}","{""0"": ""fixed"", ""1"": ""fixed"", ""2"": ""fixed"", ""3"": ""fixed""}","[0, 1, 2, 3, 4, 5, 6, 7, 8, 9, 10, 11, 12, 13, 14, 15]",[],[],False,full_key_unique,True,uf_axiom,
4bit_gap_weak_late__ARK_24__ARK_70__MC_14__MC_94,ARK_24,ARK_70,MC_14,MC_94,weak_same_column,gap_weak_same_column_hard_case,1,64,2,differential,2,"[{""classification"": ""undecided"", ""elapsed"": 330.54170331172645, ""first_result"": ""sat"", ""first_timeout_ms"": 60000, ""query_count"": 32, ""second_result"": ""unknown"", ""second_timeout_ms"": 300000, ""z3_reason_unknown"": ""canceled""}, {""classification"": ""full_key_unique"", ""elapsed"": 59.720146879553795, ""first_result"": ""sat"", ""first_timeout_ms"": 60000, ""query_count"": 64, ""second_result"": ""unsat"", ""second_timeout_ms"": 300000, ""z3_reason_unknown"": """"}]",sat,unsat,0.0037565119564533234,59.20801518857479,99107579bc3c2c3b0d7a8a6fd1573606,99107579bc3c2c3b0d7a8a6fd1573606,,True,sat,False,False,False,,"{""0"": ""fixed"", ""1"": ""fixed"", ""10"": ""fixed"", ""11"": ""fixed"", ""12"": ""fixed"", ""13"": ""fixed"", ""14"": ""fixed"", ""15"": ""fixed"", ""2"": ""fixed"", ""3"": ""fixed"", ""4"": ""fixed"", ""5"": ""fixed"", ""6"": ""fixed"", ""7"": ""fixed"", ""8"": ""fixed"", ""9"": ""fixed""}","{""0"": ""fixed"", ""1"": ""fixed"", ""2"": ""fixed"", ""3"": ""fixed""}","[0, 1, 2, 3, 4, 5, 6, 7, 8, 9, 10, 11, 12, 13, 14, 15]",[],[],False,full_key_unique,True,uf_axiom,
4bit_gap_mixed__ARK_102__MC_121__SB_63__SB_86,ARK_102,MC_121,SB_63,SB_86,early_late_mixed,gap_early_late_mixed_hard_case,2,64,2,differential,2,"[{""classification"": ""undecided"", ""elapsed"": 330.5253235604614, ""first_result"": ""sat"", ""first_timeout_ms"": 60000, ""query_count"": 32, ""second_result"": ""unknown"", ""second_timeout_ms"": 300000, ""z3_reason_unknown"": ""canceled""}, {""classification"": ""full_key_unique"", ""elapsed"": 73.053198100999, ""first_result"": ""sat"", ""first_timeout_ms"": 60000, ""query_count"": 64, ""second_result"": ""unsat"", ""second_timeout_ms"": 300000, ""z3_reason_unknown"": """"}]",sat,unsat,0.0032223202288150787,72.64890961907804,a66f651322597191ab9f8f8af4c2db61,a66f651322597191ab9f8f8af4c2db61,,True,sat,False,False,False,,"{""0"": ""fixed"", ""1"": ""fixed"", ""10"": ""fixed"", ""11"": ""fixed"", ""12"": ""fixed"", ""13"": ""fixed"", ""14"": ""fixed"", ""15"": ""fixed"", ""2"": ""fixed"", ""3"": ""fixed"", ""4"": ""fixed"", ""5"": ""fixed"", ""6"": ""fixed"", ""7"": ""fixed"", ""8"": ""fixed"", ""9"": ""fixed""}","{""0"": ""fixed"", ""1"": ""fixed"", ""2"": ""fixed"", ""3"": ""fixed""}","[0, 1, 2, 3, 4, 5, 6, 7, 8, 9, 10, 11, 12, 13, 14, 15]",[],[],False,full_key_unique,True,uf_axiom,
4bit_gap_mixed__MC_105__MC_47__MC_85__SB_93,MC_105,MC_47,MC_85,SB_93,early_late_mixed,gap_early_late_mixed_hard_case,2,64,2,differential,2,"[{""classification"": ""undecided"", ""elapsed"": 330.71769903600216, ""first_result"": ""sat"", ""first_timeout_ms"": 60000, ""query_count"": 32, ""second_result"": ""unknown"", ""second_timeout_ms"": 300000, ""z3_reason_unknown"": ""canceled""}, {""classification"": ""full_key_unique"", ""elapsed"": 158.97731444239616, ""first_result"": ""sat"", ""first_timeout_ms"": 60000, ""query_count"": 64, ""second_result"": ""unsat"", ""second_timeout_ms"": 300000, ""z3_reason_unknown"": """"}]",sat,unsat,0.00839288905262947,158.17408316768706,a66f651322597191ab9f8f8af4c2db61,a66f651322597191ab9f8f8af4c2db61,,True,sat,False,False,False,,"{""0"": ""fixed"", ""1"": ""fixed"", ""10"": ""fixed"", ""11"": ""fixed"", ""12"": ""fixed"", ""13"": ""fixed"", ""14"": ""fixed"", ""15"": ""fixed"", ""2"": ""fixed"", ""3"": ""fixed"", ""4"": ""fixed"", ""5"": ""fixed"", ""6"": ""fixed"", ""7"": ""fixed"", ""8"": ""fixed"", ""9"": ""fixed""}","{""0"": ""fixed"", ""1"": ""fixed"", ""2"": ""fixed"", ""3"": ""fixed""}","[0, 1, 2, 3, 4, 5, 6, 7, 8, 9, 10, 11, 12, 13, 14, 15]",[],[],False,full_key_unique,True,uf_axiom,
4bit_gap_weak_late__ARK_16__ARK_31__ARK_71__ARK_87,ARK_16,ARK_31,ARK_71,ARK_87,weak_same_column,gap_weak_same_column_hard_case,1,64,2,differential,2,"[{""classification"": ""undecided"", ""elapsed"": 330.5823456104845, ""first_result"": ""sat"", ""first_timeout_ms"": 60000, ""query_count"": 32, ""second_result"": ""unknown"", ""second_timeout_ms"": 300000, ""z3_reason_unknown"": ""canceled""}, {""classification"": ""full_key_unique"", ""elapsed"": 204.6171453371644, ""first_result"": ""sat"", ""first_timeout_ms"": 60000, ""query_count"": 64, ""second_result"": ""unsat"", ""second_timeout_ms"": 300000, ""z3_reason_unknown"": """"}]",sat,unsat,0.005649285390973091,203.82813034951687,99107579bc3c2c3b0d7a8a6fd1573606,99107579bc3c2c3b0d7a8a6fd1573606,,True,sat,False,False,False,,"{""0"": ""fixed"", ""1"": ""fixed"", ""10"": ""fixed"", ""11"": ""fixed"", ""12"": ""fixed"", ""13"": ""fixed"", ""14"": ""fixed"", ""15"": ""fixed"", ""2"": ""fixed"", ""3"": ""fixed"", ""4"": ""fixed"", ""5"": ""fixed"", ""6"": ""fixed"", ""7"": ""fixed"", ""8"": ""fixed"", ""9"": ""fixed""}","{""0"": ""fixed"", ""1"": ""fixed"", ""2"": ""fixed"", ""3"": ""fixed""}","[0, 1, 2, 3, 4, 5, 6, 7, 8, 9, 10, 11, 12, 13, 14, 15]",[],[],False,full_key_unique,True,uf_axiom,
4bit_gap_mixed__MC_105__MC_47__MC_85__SB_93,MC_105,MC_47,MC_85,SB_93,early_late_mixed,gap_early_late_mixed_hard_case,1,64,2,differential,2,"[{""classification"": ""undecided"", ""elapsed"": 330.54194616526365, ""first_result"": ""sat"", ""first_timeout_ms"": 60000, ""query_count"": 32, ""second_result"": ""unknown"", ""second_timeout_ms"": 300000, ""z3_reason_unknown"": ""canceled""}, {""classification"": ""full_key_unique"", ""elapsed"": 224.2077281959355, ""first_result"": ""sat"", ""first_timeout_ms"": 60000, ""query_count"": 64, ""second_result"": ""unsat"", ""second_timeout_ms"": 300000, ""z3_reason_unknown"": """"}]",sat,unsat,0.005820730701088905,223.75002512522042,99107579bc3c2c3b0d7a8a6fd1573606,99107579bc3c2c3b0d7a8a6fd1573606,,True,sat,False,False,False,,"{""0"": ""fixed"", ""1"": ""fixed"", ""10"": ""fixed"", ""11"": ""fixed"", ""12"": ""fixed"", ""13"": ""fixed"", ""14"": ""fixed"", ""15"": ""fixed"", ""2"": ""fixed"", ""3"": ""fixed"", ""4"": ""fixed"", ""5"": ""fixed"", ""6"": ""fixed"", ""7"": ""fixed"", ""8"": ""fixed"", ""9"": ""fixed""}","{""0"": ""fixed"", ""1"": ""fixed"", ""2"": ""fixed"", ""3"": ""fixed""}","[0, 1, 2, 3, 4, 5, 6, 7, 8, 9, 10, 11, 12, 13, 14, 15]",[],[],False,full_key_unique,True,uf_axiom,
4bit_gap_weak_late__ARK_24__ARK_70__MC_14__MC_94,ARK_24,ARK_70,MC_14,MC_94,weak_same_column,gap_weak_same_column_hard_case,0,64,2,differential,2,"[{""classification"": ""undecided"", ""elapsed"": 330.75261298567057, ""first_result"": ""sat"", ""first_timeout_ms"": 60000, ""query_count"": 32, ""second_result"": ""unknown"", ""second_timeout_ms"": 300000, ""z3_reason_unknown"": ""canceled""}, {""classification"": ""full_key_unique"", ""elapsed"": 226.25667508877814, ""first_result"": ""sat"", ""first_timeout_ms"": 60000, ""query_count"": 64, ""second_result"": ""unsat"", ""second_timeout_ms"": 300000, ""z3_reason_unknown"": """"}]",sat,unsat,0.004079710692167282,225.83386911079288,edf43a9a19e4a3f3bf1eec668bd00cf6,edf43a9a19e4a3f3bf1eec668bd00cf6,,True,sat,False,False,False,,"{""0"": ""fixed"", ""1"": ""fixed"", ""10"": ""fixed"", ""11"": ""fixed"", ""12"": ""fixed"", ""13"": ""fixed"", ""14"": ""fixed"", ""15"": ""fixed"", ""2"": ""fixed"", ""3"": ""fixed"", ""4"": ""fixed"", ""5"": ""fixed"", ""6"": ""fixed"", ""7"": ""fixed"", ""8"": ""fixed"", ""9"": ""fixed""}","{""0"": ""fixed"", ""1"": ""fixed"", ""2"": ""fixed"", ""3"": ""fixed""}","[0, 1, 2, 3, 4, 5, 6, 7, 8, 9, 10, 11, 12, 13, 14, 15]",[],[],False,full_key_unique,True,uf_axiom,
4bit_gap_weak_late__ARK_16__ARK_31__ARK_71__ARK_87,ARK_16,ARK_31,ARK_71,ARK_87,weak_same_column,gap_weak_same_column_hard_case,0,128,2,differential,4,"[{""classification"": ""undecided"", ""elapsed"": 330.55668856948614, ""first_result"": ""sat"", ""first_timeout_ms"": 60000, ""query_count"": 32, ""second_result"": ""unknown"", ""second_timeout_ms"": 300000, ""z3_reason_unknown"": ""canceled""}, {""classification"": ""undecided"", ""elapsed"": 330.4788185339421, ""first_result"": ""sat"", ""first_timeout_ms"": 60000, ""query_count"": 64, ""second_result"": ""unknown"", ""second_timeout_ms"": 300000, ""z3_reason_unknown"": ""canceled""}, {""classification"": ""undecided"", ""elapsed"": 331.0214037410915, ""first_result"": ""sat"", ""first_timeout_ms"": 60000, ""query_count"": 96, ""second_result"": ""unknown"", ""second_timeout_ms"": 300000, ""z3_reason_unknown"": ""canceled""}, {""classification"": ""full_key_unique"", ""elapsed"": 104.33065589517355, ""first_result"": ""sat"", ""first_timeout_ms"": 60000, ""query_count"": 128, ""second_result"": ""unsat"", ""second_timeout_ms"": 300000, ""z3_reason_unknown"": """"}]",sat,unsat,0.006469398736953735,103.5428191497922,edf43a9a19e4a3f3bf1eec668bd00cf6,edf43a9a19e4a3f3bf1eec668bd00cf6,,True,sat,False,False,False,,"{""0"": ""fixed"", ""1"": ""fixed"", ""10"": ""fixed"", ""11"": ""fixed"", ""12"": ""fixed"", ""13"": ""fixed"", ""14"": ""fixed"", ""15"": ""fixed"", ""2"": ""fixed"", ""3"": ""fixed"", ""4"": ""fixed"", ""5"": ""fixed"", ""6"": ""fixed"", ""7"": ""fixed"", ""8"": ""fixed"", ""9"": ""fixed""}","{""0"": ""fixed"", ""1"": ""fixed"", ""2"": ""fixed"", ""3"": ""fixed""}","[0, 1, 2, 3, 4, 5, 6, 7, 8, 9, 10, 11, 12, 13, 14, 15]",[],[],False,full_key_unique,True,uf_axiom,
4bit_gap_mixed__MC_64__SB_16__SR_66__SR_94,MC_64,SB_16,SR_66,SR_94,early_late_mixed,gap_early_late_mixed_hard_case,0,32,2,differential,1,"[{""classification"": ""ambiguity"", ""elapsed"": 14.174770917743444, ""first_result"": ""sat"", ""first_timeout_ms"": 60000, ""query_count"": 32, ""second_result"": ""sat"", ""second_timeout_ms"": 300000, ""z3_reason_unknown"": """"}]",sat,sat,0.0028238166123628616,13.411289500072598,edf43a9a19e4a3f3bf1eec668bd00cf6,edf43a9a19e4a3f3bf1eec668bd00cf6,0cd981d9000e0968ae2a97d352ad096c,True,sat,False,False,False,,"{""0"": ""free"", ""1"": ""free"", ""10"": ""free"", ""11"": ""free"", ""12"": ""free"", ""13"": ""free"", ""14"": ""free"", ""15"": ""free"", ""2"": ""free"", ""3"": ""free"", ""4"": ""free"", ""5"": ""free"", ""6"": ""free"", ""7"": ""free"", ""8"": ""free"", ""9"": ""free""}","{""0"": ""free"", ""1"": ""free"", ""2"": ""free"", ""3"": ""free""}",[],"[0, 1, 2, 3, 4, 5, 6, 7, 8, 9, 10, 11, 12, 13, 14, 15]",[],False,ambiguity,False,uf_axiom,
4bit_gap_mixed__ARK_0__SB_7__SR_112__SR_32,ARK_0,SB_7,SR_112,SR_32,early_late_mixed,gap_early_late_mixed_hard_case,0,32,2,differential,1,"[{""classification"": ""ambiguity"", ""elapsed"": 18.770161604508758, ""first_result"": ""sat"", ""first_timeout_ms"": 60000, ""query_count"": 32, ""second_result"": ""sat"", ""second_timeout_ms"": 300000, ""z3_reason_unknown"": """"}]",sat,sat,0.004716634750366211,18.112578578293324,edf43a9a19e4a3f3bf1eec668bd00cf6,edf43a9a19e4a3f3bf1eec668bd00cf6,2e003701e622082529a39c8517c06205,True,sat,False,False,False,,"{""0"": ""free"", ""1"": ""free"", ""10"": ""free"", ""11"": ""free"", ""12"": ""free"", ""13"": ""free"", ""14"": ""free"", ""15"": ""free"", ""2"": ""free"", ""3"": ""free"", ""4"": ""free"", ""5"": ""free"", ""6"": ""free"", ""7"": ""free"", ""8"": ""free"", ""9"": ""free""}","{""0"": ""free"", ""1"": ""free"", ""2"": ""free"", ""3"": ""free""}",[],"[0, 1, 2, 3, 4, 5, 6, 7, 8, 9, 10, 11, 12, 13, 14, 15]",[],False,ambiguity,False,uf_axiom,
4bit_gap_mixed__ARK_52__SB_40__SR_26__SR_82,ARK_52,SB_40,SR_26,SR_82,early_late_mixed,gap_early_late_mixed_hard_case,2,32,2,differential,1,"[{""classification"": ""ambiguity"", ""elapsed"": 23.05136918090284, ""first_result"": ""sat"", ""first_timeout_ms"": 60000, ""query_count"": 32, ""second_result"": ""sat"", ""second_timeout_ms"": 300000, ""z3_reason_unknown"": """"}]",sat,sat,0.003920258954167366,22.410640692338347,a66f651322597191ab9f8f8af4c2db61,a66f651322597191ab9f8f8af4c2db61,a8081f4863080800d25052722e2285c4,True,sat,False,False,False,,"{""0"": ""free"", ""1"": ""free"", ""10"": ""free"", ""11"": ""free"", ""12"": ""free"", ""13"": ""free"", ""14"": ""free"", ""15"": ""free"", ""2"": ""free"", ""3"": ""free"", ""4"": ""free"", ""5"": ""free"", ""6"": ""free"", ""7"": ""free"", ""8"": ""free"", ""9"": ""free""}","{""0"": ""free"", ""1"": ""free"", ""2"": ""free"", ""3"": ""free""}",[],"[0, 1, 2, 3, 4, 5, 6, 7, 8, 9, 10, 11, 12, 13, 14, 15]",[],False,ambiguity,False,uf_axiom,
4bit_gap_mixed__MC_64__SB_16__SR_66__SR_94,MC_64,SB_16,SR_66,SR_94,early_late_mixed,gap_early_late_mixed_hard_case,2,32,2,differential,1,"[{""classification"": ""ambiguity"", ""elapsed"": 34.622414072975516, ""first_result"": ""sat"", ""first_timeout_ms"": 60000, ""query_count"": 32, ""second_result"": ""sat"", ""second_timeout_ms"": 300000, ""z3_reason_unknown"": """"}]",sat,sat,0.002870699390769005,23.469608003273606,a66f651322597191ab9f8f8af4c2db61,a66f651322597191ab9f8f8af4c2db61,e1a5656564bc54916af6a29a59c26c9e,True,sat,False,False,False,,"{""0"": ""free"", ""1"": ""free"", ""10"": ""free"", ""11"": ""free"", ""12"": ""free"", ""13"": ""fixed"", ""14"": ""free"", ""15"": ""free"", ""2"": ""fixed"", ""3"": ""free"", ""4"": ""free"", ""5"": ""free"", ""6"": ""free"", ""7"": ""fixed"", ""8"": ""free"", ""9"": ""free""}","{""0"": ""free"", ""1"": ""free"", ""2"": ""free"", ""3"": ""free""}","[2, 7, 13]","[0, 1, 3, 4, 5, 6, 8, 9, 10, 11, 12, 14, 15]",[],False,ambiguity,False,uf_axiom,
4bit_gap_mixed__MC_103__SB_124__SR_58__SR_61,MC_103,SB_124,SR_58,SR_61,early_late_mixed,gap_early_late_mixed_hard_case,0,32,2,differential,1,"[{""classification"": ""ambiguity"", ""elapsed"": 37.23506711423397, ""first_result"": ""sat"", ""first_timeout_ms"": 60000, ""query_count"": 32, ""second_result"": ""sat"", ""second_timeout_ms"": 300000, ""z3_reason_unknown"": """"}]",sat,sat,0.003911219537258148,36.58812018111348,edf43a9a19e4a3f3bf1eec668bd00cf6,edf43a9a19e4a3f3bf1eec668bd00cf6,04c642b3e0022c0000cf3c5fa0642c2d,True,sat,False,False,False,,"{""0"": ""free"", ""1"": ""free"", ""10"": ""free"", ""11"": ""free"", ""12"": ""free"", ""13"": ""free"", ""14"": ""free"", ""15"": ""free"", ""2"": ""free"", ""3"": ""free"", ""4"": ""free"", ""5"": ""free"", ""6"": ""free"", ""7"": ""free"", ""8"": ""free"", ""9"": ""free""}","{""0"": ""free"", ""1"": ""free"", ""2"": ""free"", ""3"": ""free""}",[],"[0, 1, 2, 3, 4, 5, 6, 7, 8, 9, 10, 11, 12, 13, 14, 15]",[],False,ambiguity,False,uf_axiom,
4bit_gap_mixed__ARK_111__SB_4__SR_119__SR_92,ARK_111,SB_4,SR_119,SR_92,early_late_mixed,gap_early_late_mixed_hard_case,0,32,2,differential,1,"[{""classification"": ""ambiguity"", ""elapsed"": 45.6290536634624, ""first_result"": ""sat"", ""first_timeout_ms"": 60000, ""query_count"": 32, ""second_result"": ""sat"", ""second_timeout_ms"": 300000, ""z3_reason_unknown"": """"}]",sat,sat,0.0034835971891880035,45.01244842633605,edf43a9a19e4a3f3bf1eec668bd00cf6,edf43a9a19e4a3f3bf1eec668bd00cf6,143ad108bb7cb9408119749e81ec3220,True,sat,False,False,False,,"{""0"": ""free"", ""1"": ""free"", ""10"": ""free"", ""11"": ""free"", ""12"": ""free"", ""13"": ""free"", ""14"": ""free"", ""15"": ""free"", ""2"": ""free"", ""3"": ""free"", ""4"": ""free"", ""5"": ""free"", ""6"": ""free"", ""7"": ""free"", ""8"": ""free"", ""9"": ""free""}","{""0"": ""free"", ""1"": ""free"", ""2"": ""free"", ""3"": ""free""}",[],"[0, 1, 2, 3, 4, 5, 6, 7, 8, 9, 10, 11, 12, 13, 14, 15]",[],False,ambiguity,False,uf_axiom,
4bit_gap_mixed__ARK_29__SB_44__SB_71__SB_74,ARK_29,SB_44,SB_71,SB_74,early_late_mixed,gap_early_late_mixed_hard_case,1,32,2,differential,1,"[{""classification"": ""ambiguity"", ""elapsed"": 48.74421218037605, ""first_result"": ""sat"", ""first_timeout_ms"": 60000, ""query_count"": 32, ""second_result"": ""sat"", ""second_timeout_ms"": 300000, ""z3_reason_unknown"": """"}]",sat,sat,0.003469279035925865,48.05483727157116,99107579bc3c2c3b0d7a8a6fd1573606,99107579bc3c2c3b0d7a8a6fd1573606,14057623e88e982895aeb0011edc3040,True,sat,False,False,False,,"{""0"": ""free"", ""1"": ""free"", ""10"": ""free"", ""11"": ""free"", ""12"": ""free"", ""13"": ""free"", ""14"": ""free"", ""15"": ""free"", ""2"": ""free"", ""3"": ""free"", ""4"": ""free"", ""5"": ""free"", ""6"": ""free"", ""7"": ""free"", ""8"": ""free"", ""9"": ""free""}","{""0"": ""free"", ""1"": ""free"", ""2"": ""free"", ""3"": ""free""}",[],"[0, 1, 2, 3, 4, 5, 6, 7, 8, 9, 10, 11, 12, 13, 14, 15]",[],False,ambiguity,False,uf_axiom,
4bit_gap_mixed__MC_45__SB_102__SB_76__SR_107,MC_45,SB_102,SB_76,SR_107,early_late_mixed,gap_early_late_mixed_hard_case,2,32,2,differential,1,"[{""classification"": ""ambiguity"", ""elapsed"": 50.767201613634825, ""first_result"": ""sat"", ""first_timeout_ms"": 60000, ""query_count"": 32, ""second_result"": ""sat"", ""second_timeout_ms"": 300000, ""z3_reason_unknown"": """"}]",sat,sat,0.003412840887904167,50.07661032862961,a66f651322597191ab9f8f8af4c2db61,a66f651322597191ab9f8f8af4c2db61,6211ef04564ac13c00f509bb9924dcd9,True,sat,False,False,False,,"{""0"": ""free"", ""1"": ""free"", ""10"": ""free"", ""11"": ""free"", ""12"": ""free"", ""13"": ""free"", ""14"": ""free"", ""15"": ""free"", ""2"": ""free"", ""3"": ""free"", ""4"": ""free"", ""5"": ""free"", ""6"": ""free"", ""7"": ""free"", ""8"": ""free"", ""9"": ""free""}","{""0"": ""free"", ""1"": ""free"", ""2"": ""free"", ""3"": ""free""}",[],"[0, 1, 2, 3, 4, 5, 6, 7, 8, 9, 10, 11, 12, 13, 14, 15]",[],False,ambiguity,False,uf_axiom,
4bit_gap_mixed__ARK_108__MC_126__SB_100__SR_24,ARK_108,MC_126,SB_100,SR_24,early_late_mixed,gap_early_late_mixed_hard_case,1,32,2,differential,1,"[{""classification"": ""ambiguity"", ""elapsed"": 51.067387882620096, ""first_result"": ""sat"", ""first_timeout_ms"": 60000, ""query_count"": 32, ""second_result"": ""sat"", ""second_timeout_ms"": 300000, ""z3_reason_unknown"": """"}]",sat,sat,0.0035609640181064606,39.03613915853202,99107579bc3c2c3b0d7a8a6fd1573606,99107579bc3c2c3b0d7a8a6fd1573606,4210c80826bb86b47481026fd1b9d3cd,True,sat,False,False,False,,"{""0"": ""free"", ""1"": ""fixed"", ""10"": ""free"", ""11"": ""fixed"", ""12"": ""fixed"", ""13"": ""free"", ""14"": ""free"", ""15"": ""free"", ""2"": ""free"", ""3"": ""free"", ""4"": ""free"", ""5"": ""free"", ""6"": ""free"", ""7"": ""free"", ""8"": ""free"", ""9"": ""free""}","{""0"": ""free"", ""1"": ""free"", ""2"": ""free"", ""3"": ""free""}","[1, 11, 12]","[0, 2, 3, 4, 5, 6, 7, 8, 9, 10, 13, 14, 15]",[],False,ambiguity,False,uf_axiom,
4bit_gap_mixed__ARK_0__SB_7__SR_112__SR_32,ARK_0,SB_7,SR_112,SR_32,early_late_mixed,gap_early_late_mixed_hard_case,1,32,2,differential,1,"[{""classification"": ""ambiguity"", ""elapsed"": 58.985291520133615, ""first_result"": ""sat"", ""first_timeout_ms"": 60000, ""query_count"": 32, ""second_result"": ""sat"", ""second_timeout_ms"": 300000, ""z3_reason_unknown"": """"}]",sat,sat,0.003853432834148407,58.23879140615463,99107579bc3c2c3b0d7a8a6fd1573606,99107579bc3c2c3b0d7a8a6fd1573606,a0280620482532901f746b25d6251480,True,sat,False,False,False,,"{""0"": ""free"", ""1"": ""free"", ""10"": ""free"", ""11"": ""free"", ""12"": ""free"", ""13"": ""free"", ""14"": ""free"", ""15"": ""free"", ""2"": ""free"", ""3"": ""free"", ""4"": ""free"", ""5"": ""free"", ""6"": ""free"", ""7"": ""free"", ""8"": ""free"", ""9"": ""free""}","{""0"": ""free"", ""1"": ""free"", ""2"": ""free"", ""3"": ""free""}",[],"[0, 1, 2, 3, 4, 5, 6, 7, 8, 9, 10, 11, 12, 13, 14, 15]",[],False,ambiguity,False,uf_axiom,
4bit_gap_mixed__MC_103__SB_124__SR_58__SR_61,MC_103,SB_124,SR_58,SR_61,early_late_mixed,gap_early_late_mixed_hard_case,1,32,2,differential,1,"[{""classification"": ""ambiguity"", ""elapsed"": 59.31707092002034, ""first_result"": ""sat"", ""first_timeout_ms"": 60000, ""query_count"": 32, ""second_result"": ""sat"", ""second_timeout_ms"": 300000, ""z3_reason_unknown"": """"}]",sat,sat,0.0024130232632160187,58.61931726150215,99107579bc3c2c3b0d7a8a6fd1573606,99107579bc3c2c3b0d7a8a6fd1573606,82aee4c0038ca38054be4244474f7b52,True,sat,False,False,False,,"{""0"": ""free"", ""1"": ""free"", ""10"": ""free"", ""11"": ""free"", ""12"": ""free"", ""13"": ""free"", ""14"": ""free"", ""15"": ""free"", ""2"": ""free"", ""3"": ""free"", ""4"": ""free"", ""5"": ""free"", ""6"": ""free"", ""7"": ""free"", ""8"": ""free"", ""9"": ""free""}","{""0"": ""free"", ""1"": ""free"", ""2"": ""free"", ""3"": ""free""}",[],"[0, 1, 2, 3, 4, 5, 6, 7, 8, 9, 10, 11, 12, 13, 14, 15]",[],False,ambiguity,False,uf_axiom,
4bit_gap_mixed__ARK_52__SB_40__SR_26__SR_82,ARK_52,SB_40,SR_26,SR_82,early_late_mixed,gap_early_late_mixed_hard_case,0,32,2,differential,1,"[{""classification"": ""ambiguity"", ""elapsed"": 63.07557488977909, ""first_result"": ""sat"", ""first_timeout_ms"": 60000, ""query_count"": 32, ""second_result"": ""sat"", ""second_timeout_ms"": 300000, ""z3_reason_unknown"": """"}]",sat,sat,0.00416402705013752,62.458684135228395,edf43a9a19e4a3f3bf1eec668bd00cf6,edf43a9a19e4a3f3bf1eec668bd00cf6,878da4075a1939916d4be44e2c9d3e58,True,sat,False,False,False,,"{""0"": ""free"", ""1"": ""free"", ""10"": ""free"", ""11"": ""free"", ""12"": ""free"", ""13"": ""free"", ""14"": ""free"", ""15"": ""free"", ""2"": ""free"", ""3"": ""free"", ""4"": ""free"", ""5"": ""free"", ""6"": ""free"", ""7"": ""free"", ""8"": ""free"", ""9"": ""free""}","{""0"": ""free"", ""1"": ""free"", ""2"": ""free"", ""3"": ""free""}",[],"[0, 1, 2, 3, 4, 5, 6, 7, 8, 9, 10, 11, 12, 13, 14, 15]",[],False,ambiguity,False,uf_axiom,
4bit_gap_mixed__ARK_77__MC_82__SR_100__SR_76,ARK_77,MC_82,SR_100,SR_76,early_late_mixed,gap_early_late_mixed_hard_case,2,32,2,differential,1,"[{""classification"": ""ambiguity"", ""elapsed"": 72.49679519236088, ""first_result"": ""sat"", ""first_timeout_ms"": 60000, ""query_count"": 32, ""second_result"": ""sat"", ""second_timeout_ms"": 300000, ""z3_reason_unknown"": """"}]",sat,sat,0.0021508727222681046,41.94377250596881,a66f651322597191ab9f8f8af4c2db61,a66f651322597191ab9f8f8af4c2db61,72c065853d5163912734d34c69c29b36,True,sat,False,False,False,,"{""0"": ""free"", ""1"": ""free"", ""10"": ""free"", ""11"": ""free"", ""12"": ""free"", ""13"": ""unknown"", ""14"": ""free"", ""15"": ""free"", ""2"": ""unknown"", ""3"": ""free"", ""4"": ""free"", ""5"": ""free"", ""6"": ""free"", ""7"": ""unknown"", ""8"": ""free"", ""9"": ""free""}","{""0"": ""free"", ""1"": ""free"", ""2"": ""free"", ""3"": ""free""}",[],"[0, 1, 3, 4, 5, 6, 8, 9, 10, 11, 12, 14, 15]","[2, 7, 13]",False,ambiguity,False,uf_axiom,
4bit_gap_mixed__ARK_77__MC_82__SR_100__SR_76,ARK_77,MC_82,SR_100,SR_76,early_late_mixed,gap_early_late_mixed_hard_case,1,32,2,differential,1,"[{""classification"": ""ambiguity"", ""elapsed"": 77.189253911376, ""first_result"": ""sat"", ""first_timeout_ms"": 60000, ""query_count"": 32, ""second_result"": ""sat"", ""second_timeout_ms"": 300000, ""z3_reason_unknown"": """"}]",sat,sat,0.003437615931034088,76.49444082379341,99107579bc3c2c3b0d7a8a6fd1573606,99107579bc3c2c3b0d7a8a6fd1573606,4342f4001df6f16a075caf0dc3ccc060,True,sat,False,False,False,,"{""0"": ""free"", ""1"": ""free"", ""10"": ""free"", ""11"": ""free"", ""12"": ""free"", ""13"": ""free"", ""14"": ""free"", ""15"": ""free"", ""2"": ""free"", ""3"": ""free"", ""4"": ""free"", ""5"": ""free"", ""6"": ""free"", ""7"": ""free"", ""8"": ""free"", ""9"": ""free""}","{""0"": ""free"", ""1"": ""free"", ""2"": ""free"", ""3"": ""free""}",[],"[0, 1, 2, 3, 4, 5, 6, 7, 8, 9, 10, 11, 12, 13, 14, 15]",[],False,ambiguity,False,uf_axiom,
4bit_gap_mixed__ARK_108__MC_126__SB_100__SR_24,ARK_108,MC_126,SB_100,SR_24,early_late_mixed,gap_early_late_mixed_hard_case,0,32,2,differential,1,"[{""classification"": ""ambiguity"", ""elapsed"": 88.34169906564057, ""first_result"": ""sat"", ""first_timeout_ms"": 60000, ""query_count"": 32, ""second_result"": ""sat"", ""second_timeout_ms"": 300000, ""z3_reason_unknown"": """"}]",sat,sat,0.0022666193544864655,57.632154267281294,edf43a9a19e4a3f3bf1eec668bd00cf6,edf43a9a19e4a3f3bf1eec668bd00cf6,1bf4a5d63b32a3405c2f33668b16de09,True,sat,False,False,False,,"{""0"": ""free"", ""1"": ""fixed"", ""10"": ""free"", ""11"": ""unknown"", ""12"": ""unknown"", ""13"": ""free"", ""14"": ""free"", ""15"": ""free"", ""2"": ""free"", ""3"": ""free"", ""4"": ""free"", ""5"": ""free"", ""6"": ""fixed"", ""7"": ""free"", ""8"": ""free"", ""9"": ""free""}","{""0"": ""free"", ""1"": ""free"", ""2"": ""free"", ""3"": ""free""}","[1, 6]","[0, 2, 3, 4, 5, 7, 8, 9, 10, 13, 14, 15]","[11, 12]",False,ambiguity,False,uf_axiom,
4bit_gap_mixed__MC_59__SB_113__SR_56__SR_64,MC_59,SB_113,SR_56,SR_64,early_late_mixed,gap_early_late_mixed_hard_case,2,32,2,differential,1,"[{""classification"": ""ambiguity"", ""elapsed"": 92.21151757799089, ""first_result"": ""sat"", ""first_timeout_ms"": 60000, ""query_count"": 32, ""second_result"": ""sat"", ""second_timeout_ms"": 300000, ""z3_reason_unknown"": """"}]",sat,sat,0.0036297161132097244,91.42311514541507,a66f651322597191ab9f8f8af4c2db61,a66f651322597191ab9f8f8af4c2db61,1ba8d5e811c410e6407f08b0bd2de856,True,sat,False,False,False,,"{""0"": ""free"", ""1"": ""free"", ""10"": ""free"", ""11"": ""free"", ""12"": ""free"", ""13"": ""free"", ""14"": ""free"", ""15"": ""free"", ""2"": ""free"", ""3"": ""free"", ""4"": ""free"", ""5"": ""free"", ""6"": ""free"", ""7"": ""free"", ""8"": ""free"", ""9"": ""free""}","{""0"": ""free"", ""1"": ""free"", ""2"": ""free"", ""3"": ""free""}",[],"[0, 1, 2, 3, 4, 5, 6, 7, 8, 9, 10, 11, 12, 13, 14, 15]",[],False,ambiguity,False,uf_axiom,
4bit_gap_mixed__ARK_77__MC_82__SR_100__SR_76,ARK_77,MC_82,SR_100,SR_76,early_late_mixed,gap_early_late_mixed_hard_case,0,32,2,differential,1,"[{""classification"": ""ambiguity"", ""elapsed"": 94.51820527948439, ""first_result"": ""sat"", ""first_timeout_ms"": 60000, ""query_count"": 32, ""second_result"": ""sat"", ""second_timeout_ms"": 300000, ""z3_reason_unknown"": """"}]",sat,sat,0.002388976514339447,91.74757544137537,edf43a9a19e4a3f3bf1eec668bd00cf6,edf43a9a19e4a3f3bf1eec668bd00cf6,3a8ed54207661116bf0029d795d0e08e,True,sat,False,False,False,,"{""0"": ""free"", ""1"": ""free"", ""10"": ""free"", ""11"": ""free"", ""12"": ""free"", ""13"": ""fixed"", ""14"": ""free"", ""15"": ""free"", ""2"": ""free"", ""3"": ""free"", ""4"": ""free"", ""5"": ""free"", ""6"": ""free"", ""7"": ""free"", ""8"": ""fixed"", ""9"": ""free""}","{""0"": ""free"", ""1"": ""free"", ""2"": ""free"", ""3"": ""free""}","[8, 13]","[0, 1, 2, 3, 4, 5, 6, 7, 9, 10, 11, 12, 14, 15]",[],False,ambiguity,False,uf_axiom,
4bit_gap_mixed__ARK_52__SB_40__SR_26__SR_82,ARK_52,SB_40,SR_26,SR_82,early_late_mixed,gap_early_late_mixed_hard_case,1,32,2,differential,1,"[{""classification"": ""ambiguity"", ""elapsed"": 95.93401115760207, ""first_result"": ""sat"", ""first_timeout_ms"": 60000, ""query_count"": 32, ""second_result"": ""sat"", ""second_timeout_ms"": 300000, ""z3_reason_unknown"": """"}]",sat,sat,0.0028492342680692673,95.45903767086565,99107579bc3c2c3b0d7a8a6fd1573606,99107579bc3c2c3b0d7a8a6fd1573606,84c24c306747407132c00183c24eb4b4,True,sat,False,False,False,,"{""0"": ""free"", ""1"": ""free"", ""10"": ""free"", ""11"": ""free"", ""12"": ""free"", ""13"": ""free"", ""14"": ""free"", ""15"": ""free"", ""2"": ""free"", ""3"": ""free"", ""4"": ""free"", ""5"": ""free"", ""6"": ""free"", ""7"": ""free"", ""8"": ""free"", ""9"": ""free""}","{""0"": ""free"", ""1"": ""free"", ""2"": ""free"", ""3"": ""free""}",[],"[0, 1, 2, 3, 4, 5, 6, 7, 8, 9, 10, 11, 12, 13, 14, 15]",[],False,ambiguity,False,uf_axiom,
4bit_gap_mixed__ARK_64__MC_95__SB_72__SR_112,ARK_64,MC_95,SB_72,SR_112,early_late_mixed,gap_early_late_mixed_hard_case,2,32,2,differential,1,"[{""classification"": ""ambiguity"", ""elapsed"": 96.50269000418484, ""first_result"": ""sat"", ""first_timeout_ms"": 60000, ""query_count"": 32, ""second_result"": ""sat"", ""second_timeout_ms"": 300000, ""z3_reason_unknown"": """"}]",sat,sat,0.0039666686207056046,86.9554937724024,a66f651322597191ab9f8f8af4c2db61,a66f651322597191ab9f8f8af4c2db61,4cbc65909136f49138791ff6d6c21da8,True,sat,False,False,False,,"{""0"": ""free"", ""1"": ""free"", ""10"": ""free"", ""11"": ""free"", ""12"": ""free"", ""13"": ""fixed"", ""14"": ""free"", ""15"": ""free"", ""2"": ""fixed"", ""3"": ""free"", ""4"": ""free"", ""5"": ""free"", ""6"": ""free"", ""7"": ""fixed"", ""8"": ""free"", ""9"": ""free""}","{""0"": ""free"", ""1"": ""free"", ""2"": ""free"", ""3"": ""free""}","[2, 7, 13]","[0, 1, 3, 4, 5, 6, 8, 9, 10, 11, 12, 14, 15]",[],False,ambiguity,False,uf_axiom,
4bit_gap_mixed__MC_45__SB_102__SB_76__SR_107,MC_45,SB_102,SB_76,SR_107,early_late_mixed,gap_early_late_mixed_hard_case,1,32,2,differential,1,"[{""classification"": ""ambiguity"", ""elapsed"": 101.14087213948369, ""first_result"": ""sat"", ""first_timeout_ms"": 60000, ""query_count"": 32, ""second_result"": ""sat"", ""second_timeout_ms"": 300000, ""z3_reason_unknown"": """"}]",sat,sat,0.002511950209736824,100.45007279701531,99107579bc3c2c3b0d7a8a6fd1573606,99107579bc3c2c3b0d7a8a6fd1573606,ebd08c5328f6200c10ba2d63b834e491,True,sat,False,False,False,,"{""0"": ""free"", ""1"": ""free"", ""10"": ""free"", ""11"": ""free"", ""12"": ""free"", ""13"": ""free"", ""14"": ""free"", ""15"": ""free"", ""2"": ""free"", ""3"": ""free"", ""4"": ""free"", ""5"": ""free"", ""6"": ""free"", ""7"": ""free"", ""8"": ""free"", ""9"": ""free""}","{""0"": ""free"", ""1"": ""free"", ""2"": ""free"", ""3"": ""free""}",[],"[0, 1, 2, 3, 4, 5, 6, 7, 8, 9, 10, 11, 12, 13, 14, 15]",[],False,ambiguity,False,uf_axiom,
4bit_gap_mixed__MC_64__MC_75__SB_104__SR_87,MC_64,MC_75,SB_104,SR_87,early_late_mixed,gap_early_late_mixed_hard_case,2,32,2,differential,1,"[{""classification"": ""ambiguity"", ""elapsed"": 103.35619021952152, ""first_result"": ""sat"", ""first_timeout_ms"": 60000, ""query_count"": 32, ""second_result"": ""sat"", ""second_timeout_ms"": 300000, ""z3_reason_unknown"": """"}]",sat,sat,0.0019319076091051102,72.64913452416658,a66f651322597191ab9f8f8af4c2db61,a66f651322597191ab9f8f8af4c2db61,640965c2e059d491ab83fc9883c26774,True,sat,False,False,False,,"{""0"": ""free"", ""1"": ""free"", ""10"": ""free"", ""11"": ""free"", ""12"": ""free"", ""13"": ""unknown"", ""14"": ""free"", ""15"": ""free"", ""2"": ""fixed"", ""3"": ""free"", ""4"": ""free"", ""5"": ""unknown"", ""6"": ""free"", ""7"": ""unknown"", ""8"": ""unknown"", ""9"": ""free""}","{""0"": ""free"", ""1"": ""free"", ""2"": ""free"", ""3"": ""free""}",[2],"[0, 1, 3, 4, 6, 9, 10, 11, 12, 14, 15]","[5, 7, 8, 13]",False,ambiguity,False,uf_axiom,
4bit_gap_mixed__MC_33__SB_120__SR_13__SR_22,MC_33,SB_120,SR_13,SR_22,early_late_mixed,gap_early_late_mixed_hard_case,1,32,2,differential,1,"[{""classification"": ""ambiguity"", ""elapsed"": 105.25052961148322, ""first_result"": ""sat"", ""first_timeout_ms"": 60000, ""query_count"": 32, ""second_result"": ""sat"", ""second_timeout_ms"": 300000, ""z3_reason_unknown"": """"}]",sat,sat,0.002787953242659569,104.75001576170325,99107579bc3c2c3b0d7a8a6fd1573606,99107579bc3c2c3b0d7a8a6fd1573606,138dfd391d59158549cc2111ada92019,True,sat,False,False,False,,"{""0"": ""free"", ""1"": ""free"", ""10"": ""free"", ""11"": ""free"", ""12"": ""free"", ""13"": ""free"", ""14"": ""free"", ""15"": ""free"", ""2"": ""free"", ""3"": ""free"", ""4"": ""free"", ""5"": ""free"", ""6"": ""free"", ""7"": ""free"", ""8"": ""free"", ""9"": ""free""}","{""0"": ""free"", ""1"": ""free"", ""2"": ""free"", ""3"": ""free""}",[],"[0, 1, 2, 3, 4, 5, 6, 7, 8, 9, 10, 11, 12, 13, 14, 15]",[],False,ambiguity,False,uf_axiom,
4bit_gap_mixed__ARK_111__SB_4__SR_119__SR_92,ARK_111,SB_4,SR_119,SR_92,early_late_mixed,gap_early_late_mixed_hard_case,1,32,2,differential,1,"[{""classification"": ""ambiguity"", ""elapsed"": 113.75422537699342, ""first_result"": ""sat"", ""first_timeout_ms"": 60000, ""query_count"": 32, ""second_result"": ""sat"", ""second_timeout_ms"": 300000, ""z3_reason_unknown"": """"}]",sat,sat,0.002393968403339386,113.26654244214296,99107579bc3c2c3b0d7a8a6fd1573606,99107579bc3c2c3b0d7a8a6fd1573606,0a30e28120053698cb4a5d88116a3ea2,True,sat,False,False,False,,"{""0"": ""free"", ""1"": ""free"", ""10"": ""free"", ""11"": ""free"", ""12"": ""free"", ""13"": ""free"", ""14"": ""free"", ""15"": ""free"", ""2"": ""free"", ""3"": ""free"", ""4"": ""free"", ""5"": ""free"", ""6"": ""free"", ""7"": ""free"", ""8"": ""free"", ""9"": ""free""}","{""0"": ""free"", ""1"": ""free"", ""2"": ""free"", ""3"": ""free""}",[],"[0, 1, 2, 3, 4, 5, 6, 7, 8, 9, 10, 11, 12, 13, 14, 15]",[],False,ambiguity,False,uf_axiom,
4bit_gap_mixed__MC_64__SB_16__SR_66__SR_94,MC_64,SB_16,SR_66,SR_94,early_late_mixed,gap_early_late_mixed_hard_case,1,32,2,differential,1,"[{""classification"": ""ambiguity"", ""elapsed"": 114.84629892371595, ""first_result"": ""sat"", ""first_timeout_ms"": 60000, ""query_count"": 32, ""second_result"": ""sat"", ""second_timeout_ms"": 300000, ""z3_reason_unknown"": """"}]",sat,sat,0.0028713103383779526,84.2208652254194,99107579bc3c2c3b0d7a8a6fd1573606,99107579bc3c2c3b0d7a8a6fd1573606,d0f7e5a040a62c4080d538407f008f4a,True,sat,False,False,False,,"{""0"": ""free"", ""1"": ""free"", ""10"": ""free"", ""11"": ""free"", ""12"": ""free"", ""13"": ""free"", ""14"": ""free"", ""15"": ""free"", ""2"": ""free"", ""3"": ""free"", ""4"": ""free"", ""5"": ""free"", ""6"": ""unknown"", ""7"": ""free"", ""8"": ""free"", ""9"": ""free""}","{""0"": ""free"", ""1"": ""free"", ""2"": ""free"", ""3"": ""free""}",[],"[0, 1, 2, 3, 4, 5, 7, 8, 9, 10, 11, 12, 13, 14, 15]",[6],False,ambiguity,False,uf_axiom,
4bit_gap_mixed__ARK_29__SB_44__SB_71__SB_74,ARK_29,SB_44,SB_71,SB_74,early_late_mixed,gap_early_late_mixed_hard_case,0,32,2,differential,1,"[{""classification"": ""ambiguity"", ""elapsed"": 117.54548886232078, ""first_result"": ""sat"", ""first_timeout_ms"": 60000, ""query_count"": 32, ""second_result"": ""sat"", ""second_timeout_ms"": 300000, ""z3_reason_unknown"": """"}]",sat,sat,0.003838658332824707,86.78052644059062,edf43a9a19e4a3f3bf1eec668bd00cf6,edf43a9a19e4a3f3bf1eec668bd00cf6,22213a5e70328dbe51441c4ae923cf2a,True,sat,False,False,False,,"{""0"": ""free"", ""1"": ""free"", ""10"": ""free"", ""11"": ""free"", ""12"": ""free"", ""13"": ""free"", ""14"": ""free"", ""15"": ""free"", ""2"": ""unknown"", ""3"": ""free"", ""4"": ""free"", ""5"": ""free"", ""6"": ""free"", ""7"": ""free"", ""8"": ""free"", ""9"": ""free""}","{""0"": ""free"", ""1"": ""free"", ""2"": ""free"", ""3"": ""free""}",[],"[0, 1, 3, 4, 5, 6, 7, 8, 9, 10, 11, 12, 13, 14, 15]",[2],False,ambiguity,False,uf_axiom,
4bit_gap_mixed__MC_45__SB_102__SB_76__SR_107,MC_45,SB_102,SB_76,SR_107,early_late_mixed,gap_early_late_mixed_hard_case,0,32,2,differential,1,"[{""classification"": ""ambiguity"", ""elapsed"": 134.3880559746176, ""first_result"": ""sat"", ""first_timeout_ms"": 60000, ""query_count"": 32, ""second_result"": ""sat"", ""second_timeout_ms"": 300000, ""z3_reason_unknown"": """"}]",sat,sat,0.0024469327181577682,133.80090614780784,edf43a9a19e4a3f3bf1eec668bd00cf6,edf43a9a19e4a3f3bf1eec668bd00cf6,520659e0ca77220e0ca1c209f837712b,True,sat,False,False,False,,"{""0"": ""free"", ""1"": ""free"", ""10"": ""free"", ""11"": ""free"", ""12"": ""free"", ""13"": ""free"", ""14"": ""free"", ""15"": ""free"", ""2"": ""free"", ""3"": ""free"", ""4"": ""free"", ""5"": ""free"", ""6"": ""free"", ""7"": ""free"", ""8"": ""free"", ""9"": ""free""}","{""0"": ""free"", ""1"": ""free"", ""2"": ""free"", ""3"": ""free""}",[],"[0, 1, 2, 3, 4, 5, 6, 7, 8, 9, 10, 11, 12, 13, 14, 15]",[],False,ambiguity,False,uf_axiom,
4bit_gap_mixed__ARK_34__MC_55__SB_102__SB_115,ARK_34,MC_55,SB_102,SB_115,early_late_mixed,gap_early_late_mixed_hard_case,1,32,2,differential,1,"[{""classification"": ""ambiguity"", ""elapsed"": 138.44531067833304, ""first_result"": ""sat"", ""first_timeout_ms"": 60000, ""query_count"": 32, ""second_result"": ""sat"", ""second_timeout_ms"": 300000, ""z3_reason_unknown"": """"}]",sat,sat,0.001856362447142601,108.05334554798901,99107579bc3c2c3b0d7a8a6fd1573606,99107579bc3c2c3b0d7a8a6fd1573606,36101864bc7b6b1f007aed6fd10936d1,True,sat,False,False,False,,"{""0"": ""free"", ""1"": ""unknown"", ""10"": ""free"", ""11"": ""unknown"", ""12"": ""unknown"", ""13"": ""free"", ""14"": ""unknown"", ""15"": ""free"", ""2"": ""free"", ""3"": ""free"", ""4"": ""unknown"", ""5"": ""free"", ""6"": ""free"", ""7"": ""free"", ""8"": ""free"", ""9"": ""unknown""}","{""0"": ""free"", ""1"": ""free"", ""2"": ""free"", ""3"": ""free""}",[],"[0, 2, 3, 5, 6, 7, 8, 10, 13, 15]","[1, 4, 9, 11, 12, 14]",False,ambiguity,False,uf_axiom,
4bit_gap_mixed__ARK_111__SB_4__SR_119__SR_92,ARK_111,SB_4,SR_119,SR_92,early_late_mixed,gap_early_late_mixed_hard_case,2,32,2,differential,1,"[{""classification"": ""ambiguity"", ""elapsed"": 142.13094813004136, ""first_result"": ""sat"", ""first_timeout_ms"": 60000, ""query_count"": 32, ""second_result"": ""sat"", ""second_timeout_ms"": 300000, ""z3_reason_unknown"": """"}]",sat,sat,0.005274519324302673,141.52494971640408,a66f651322597191ab9f8f8af4c2db61,a66f651322597191ab9f8f8af4c2db61,3290d030e73735a7535252669c171860,True,sat,False,False,False,,"{""0"": ""free"", ""1"": ""free"", ""10"": ""free"", ""11"": ""free"", ""12"": ""free"", ""13"": ""free"", ""14"": ""free"", ""15"": ""free"", ""2"": ""free"", ""3"": ""free"", ""4"": ""free"", ""5"": ""free"", ""6"": ""free"", ""7"": ""free"", ""8"": ""free"", ""9"": ""free""}","{""0"": ""free"", ""1"": ""free"", ""2"": ""free"", ""3"": ""free""}",[],"[0, 1, 2, 3, 4, 5, 6, 7, 8, 9, 10, 11, 12, 13, 14, 15]",[],False,ambiguity,False,uf_axiom,
4bit_gap_mixed__ARK_34__MC_55__SB_102__SB_115,ARK_34,MC_55,SB_102,SB_115,early_late_mixed,gap_early_late_mixed_hard_case,2,32,2,differential,1,"[{""classification"": ""ambiguity"", ""elapsed"": 156.8480339832604, ""first_result"": ""sat"", ""first_timeout_ms"": 60000, ""query_count"": 32, ""second_result"": ""sat"", ""second_timeout_ms"": 300000, ""z3_reason_unknown"": """"}]",sat,sat,0.003242041915655136,156.06169378757477,a66f651322597191ab9f8f8af4c2db61,a66f651322597191ab9f8f8af4c2db61,40a111b5575d7238c29a7b9f880e60e3,True,sat,False,False,False,,"{""0"": ""free"", ""1"": ""free"", ""10"": ""free"", ""11"": ""free"", ""12"": ""free"", ""13"": ""free"", ""14"": ""free"", ""15"": ""free"", ""2"": ""free"", ""3"": ""free"", ""4"": ""free"", ""5"": ""free"", ""6"": ""free"", ""7"": ""free"", ""8"": ""free"", ""9"": ""free""}","{""0"": ""free"", ""1"": ""free"", ""2"": ""free"", ""3"": ""free""}",[],"[0, 1, 2, 3, 4, 5, 6, 7, 8, 9, 10, 11, 12, 13, 14, 15]",[],False,ambiguity,False,uf_axiom,
4bit_gap_mixed__MC_33__SB_120__SR_13__SR_22,MC_33,SB_120,SR_13,SR_22,early_late_mixed,gap_early_late_mixed_hard_case,0,32,2,differential,1,"[{""classification"": ""ambiguity"", ""elapsed"": 158.884507490322, ""first_result"": ""sat"", ""first_timeout_ms"": 60000, ""query_count"": 32, ""second_result"": ""sat"", ""second_timeout_ms"": 300000, ""z3_reason_unknown"": """"}]",sat,sat,0.004392644390463829,158.19998663291335,edf43a9a19e4a3f3bf1eec668bd00cf6,edf43a9a19e4a3f3bf1eec668bd00cf6,82092e8510289324a19200d82bec40e6,True,sat,False,False,False,,"{""0"": ""free"", ""1"": ""free"", ""10"": ""free"", ""11"": ""free"", ""12"": ""free"", ""13"": ""free"", ""14"": ""free"", ""15"": ""free"", ""2"": ""free"", ""3"": ""free"", ""4"": ""free"", ""5"": ""free"", ""6"": ""free"", ""7"": ""free"", ""8"": ""free"", ""9"": ""free""}","{""0"": ""free"", ""1"": ""free"", ""2"": ""free"", ""3"": ""free""}",[],"[0, 1, 2, 3, 4, 5, 6, 7, 8, 9, 10, 11, 12, 13, 14, 15]",[],False,ambiguity,False,uf_axiom,
4bit_gap_mixed__MC_59__SB_113__SR_56__SR_64,MC_59,SB_113,SR_56,SR_64,early_late_mixed,gap_early_late_mixed_hard_case,1,32,2,differential,1,"[{""classification"": ""ambiguity"", ""elapsed"": 174.10019812732935, ""first_result"": ""sat"", ""first_timeout_ms"": 60000, ""query_count"": 32, ""second_result"": ""sat"", ""second_timeout_ms"": 300000, ""z3_reason_unknown"": """"}]",sat,sat,0.00358380563557148,173.4561669304967,99107579bc3c2c3b0d7a8a6fd1573606,99107579bc3c2c3b0d7a8a6fd1573606,08c38c1788d66683ae1f36c18860958e,True,sat,False,False,False,,"{""0"": ""free"", ""1"": ""free"", ""10"": ""free"", ""11"": ""free"", ""12"": ""free"", ""13"": ""free"", ""14"": ""free"", ""15"": ""free"", ""2"": ""free"", ""3"": ""free"", ""4"": ""free"", ""5"": ""free"", ""6"": ""free"", ""7"": ""free"", ""8"": ""free"", ""9"": ""free""}","{""0"": ""free"", ""1"": ""free"", ""2"": ""free"", ""3"": ""free""}",[],"[0, 1, 2, 3, 4, 5, 6, 7, 8, 9, 10, 11, 12, 13, 14, 15]",[],False,ambiguity,False,uf_axiom,
4bit_gap_mixed__ARK_0__SB_7__SR_112__SR_32,ARK_0,SB_7,SR_112,SR_32,early_late_mixed,gap_early_late_mixed_hard_case,2,32,2,differential,1,"[{""classification"": ""ambiguity"", ""elapsed"": 184.13520474731922, ""first_result"": ""sat"", ""first_timeout_ms"": 60000, ""query_count"": 32, ""second_result"": ""sat"", ""second_timeout_ms"": 300000, ""z3_reason_unknown"": """"}]",sat,sat,0.0038523077964782715,183.52418923005462,a66f651322597191ab9f8f8af4c2db61,a66f651322597191ab9f8f8af4c2db61,e4b44de28b6a3d858b6ca1229c47e0e3,True,sat,False,False,False,,"{""0"": ""free"", ""1"": ""free"", ""10"": ""free"", ""11"": ""free"", ""12"": ""free"", ""13"": ""free"", ""14"": ""free"", ""15"": ""free"", ""2"": ""free"", ""3"": ""free"", ""4"": ""free"", ""5"": ""free"", ""6"": ""free"", ""7"": ""free"", ""8"": ""free"", ""9"": ""free""}","{""0"": ""free"", ""1"": ""free"", ""2"": ""free"", ""3"": ""free""}",[],"[0, 1, 2, 3, 4, 5, 6, 7, 8, 9, 10, 11, 12, 13, 14, 15]",[],False,ambiguity,False,uf_axiom,
4bit_gap_mixed__MC_59__SB_113__SR_56__SR_64,MC_59,SB_113,SR_56,SR_64,early_late_mixed,gap_early_late_mixed_hard_case,0,32,2,differential,1,"[{""classification"": ""ambiguity"", ""elapsed"": 192.96724039316177, ""first_result"": ""sat"", ""first_timeout_ms"": 60000, ""query_count"": 32, ""second_result"": ""sat"", ""second_timeout_ms"": 300000, ""z3_reason_unknown"": """"}]",sat,sat,0.0035834480077028275,192.30056579597294,edf43a9a19e4a3f3bf1eec668bd00cf6,edf43a9a19e4a3f3bf1eec668bd00cf6,c54841055905247643008772221fd5de,True,sat,False,False,False,,"{""0"": ""free"", ""1"": ""free"", ""10"": ""free"", ""11"": ""free"", ""12"": ""free"", ""13"": ""free"", ""14"": ""free"", ""15"": ""free"", ""2"": ""free"", ""3"": ""free"", ""4"": ""free"", ""5"": ""free"", ""6"": ""free"", ""7"": ""free"", ""8"": ""free"", ""9"": ""free""}","{""0"": ""free"", ""1"": ""free"", ""2"": ""free"", ""3"": ""free""}",[],"[0, 1, 2, 3, 4, 5, 6, 7, 8, 9, 10, 11, 12, 13, 14, 15]",[],False,ambiguity,False,uf_axiom,
4bit_gap_mixed__ARK_64__MC_95__SB_72__SR_112,ARK_64,MC_95,SB_72,SR_112,early_late_mixed,gap_early_late_mixed_hard_case,0,32,2,differential,1,"[{""classification"": ""ambiguity"", ""elapsed"": 205.85078726522624, ""first_result"": ""sat"", ""first_timeout_ms"": 60000, ""query_count"": 32, ""second_result"": ""sat"", ""second_timeout_ms"": 300000, ""z3_reason_unknown"": """"}]",sat,sat,0.0038273725658655167,175.07224209234118,edf43a9a19e4a3f3bf1eec668bd00cf6,edf43a9a19e4a3f3bf1eec668bd00cf6,40443ae8188003f1bf36931900d08611,True,sat,False,False,False,,"{""0"": ""free"", ""1"": ""free"", ""10"": ""free"", ""11"": ""free"", ""12"": ""free"", ""13"": ""unknown"", ""14"": ""free"", ""15"": ""free"", ""2"": ""unknown"", ""3"": ""free"", ""4"": ""free"", ""5"": ""free"", ""6"": ""free"", ""7"": ""free"", ""8"": ""unknown"", ""9"": ""free""}","{""0"": ""free"", ""1"": ""free"", ""2"": ""free"", ""3"": ""free""}",[],"[0, 1, 3, 4, 5, 6, 7, 9, 10, 11, 12, 14, 15]","[2, 8, 13]",False,ambiguity,False,uf_axiom,
4bit_gap_mixed__MC_103__SB_124__SR_58__SR_61,MC_103,SB_124,SR_58,SR_61,early_late_mixed,gap_early_late_mixed_hard_case,2,32,2,differential,1,"[{""classification"": ""ambiguity"", ""elapsed"": 223.4470374174416, ""first_result"": ""sat"", ""first_timeout_ms"": 60000, ""query_count"": 32, ""second_result"": ""sat"", ""second_timeout_ms"": 300000, ""z3_reason_unknown"": """"}]",sat,sat,0.003702586516737938,222.78815654106438,a66f651322597191ab9f8f8af4c2db61,a66f651322597191ab9f8f8af4c2db61,2516bb910017128d8c7186ebd90c1464,True,sat,False,False,False,,"{""0"": ""free"", ""1"": ""free"", ""10"": ""free"", ""11"": ""free"", ""12"": ""free"", ""13"": ""free"", ""14"": ""free"", ""15"": ""free"", ""2"": ""free"", ""3"": ""free"", ""4"": ""free"", ""5"": ""free"", ""6"": ""free"", ""7"": ""free"", ""8"": ""free"", ""9"": ""free""}","{""0"": ""free"", ""1"": ""free"", ""2"": ""free"", ""3"": ""free""}",[],"[0, 1, 2, 3, 4, 5, 6, 7, 8, 9, 10, 11, 12, 13, 14, 15]",[],False,ambiguity,False,uf_axiom,
4bit_gap_mixed__ARK_29__SB_44__SB_71__SB_74,ARK_29,SB_44,SB_71,SB_74,early_late_mixed,gap_early_late_mixed_hard_case,2,32,2,differential,1,"[{""classification"": ""ambiguity"", ""elapsed"": 229.16667228750885, ""first_result"": ""sat"", ""first_timeout_ms"": 60000, ""query_count"": 32, ""second_result"": ""sat"", ""second_timeout_ms"": 300000, ""z3_reason_unknown"": """"}]",sat,sat,0.002594487741589546,228.51782633550465,a66f651322597191ab9f8f8af4c2db61,a66f651322597191ab9f8f8af4c2db61,be8f44e0f4524bb8984f4232ab4f4199,True,sat,False,False,False,,"{""0"": ""free"", ""1"": ""free"", ""10"": ""free"", ""11"": ""free"", ""12"": ""free"", ""13"": ""free"", ""14"": ""free"", ""15"": ""free"", ""2"": ""free"", ""3"": ""free"", ""4"": ""free"", ""5"": ""free"", ""6"": ""free"", ""7"": ""free"", ""8"": ""free"", ""9"": ""free""}","{""0"": ""free"", ""1"": ""free"", ""2"": ""free"", ""3"": ""free""}",[],"[0, 1, 2, 3, 4, 5, 6, 7, 8, 9, 10, 11, 12, 13, 14, 15]",[],False,ambiguity,False,uf_axiom,
4bit_gap_mixed__MC_22__MC_4__MC_84__SR_4,MC_22,MC_4,MC_84,SR_4,early_late_mixed,gap_early_late_mixed_hard_case,0,32,2,differential,1,"[{""classification"": ""ambiguity"", ""elapsed"": 242.06002613902092, ""first_result"": ""sat"", ""first_timeout_ms"": 60000, ""query_count"": 32, ""second_result"": ""sat"", ""second_timeout_ms"": 300000, ""z3_reason_unknown"": """"}]",sat,sat,0.004790572449564934,211.3445789180696,edf43a9a19e4a3f3bf1eec668bd00cf6,edf43a9a19e4a3f3bf1eec668bd00cf6,edd63a382de4ff5bbf8decc348d0fff6,True,sat,False,False,False,,"{""0"": ""fixed"", ""1"": ""free"", ""10"": ""unknown"", ""11"": ""free"", ""12"": ""free"", ""13"": ""unknown"", ""14"": ""free"", ""15"": ""unknown"", ""2"": ""fixed"", ""3"": ""free"", ""4"": ""free"", ""5"": ""fixed"", ""6"": ""free"", ""7"": ""free"", ""8"": ""unknown"", ""9"": ""free""}","{""0"": ""free"", ""1"": ""free"", ""2"": ""free"", ""3"": ""free""}","[0, 2, 5]","[1, 3, 4, 6, 7, 9, 11, 12, 14]","[8, 10, 13, 15]",False,ambiguity,False,uf_axiom,
4bit_gap_mixed__MC_64__MC_75__SB_104__SR_87,MC_64,MC_75,SB_104,SR_87,early_late_mixed,gap_early_late_mixed_hard_case,0,32,2,differential,1,"[{""classification"": ""ambiguity"", ""elapsed"": 254.35482797585428, ""first_result"": ""sat"", ""first_timeout_ms"": 60000, ""query_count"": 32, ""second_result"": ""sat"", ""second_timeout_ms"": 300000, ""z3_reason_unknown"": """"}]",sat,sat,0.0019913669675588608,249.7229458335787,edf43a9a19e4a3f3bf1eec668bd00cf6,edf43a9a19e4a3f3bf1eec668bd00cf6,2e00d30cd0eff5e0bfc0ce1489d05f9e,True,sat,False,False,False,,"{""0"": ""free"", ""1"": ""free"", ""10"": ""free"", ""11"": ""free"", ""12"": ""free"", ""13"": ""fixed"", ""14"": ""free"", ""15"": ""free"", ""2"": ""free"", ""3"": ""free"", ""4"": ""free"", ""5"": ""free"", ""6"": ""free"", ""7"": ""free"", ""8"": ""fixed"", ""9"": ""free""}","{""0"": ""free"", ""1"": ""free"", ""2"": ""free"", ""3"": ""free""}","[8, 13]","[0, 1, 2, 3, 4, 5, 6, 7, 9, 10, 11, 12, 14, 15]",[],False,ambiguity,False,uf_axiom,
4bit_gap_mixed__MC_33__SB_120__SR_13__SR_22,MC_33,SB_120,SR_13,SR_22,early_late_mixed,gap_early_late_mixed_hard_case,2,32,2,differential,1,"[{""classification"": ""ambiguity"", ""elapsed"": 280.477125659585, ""first_result"": ""sat"", ""first_timeout_ms"": 60000, ""query_count"": 32, ""second_result"": ""sat"", ""second_timeout_ms"": 300000, ""z3_reason_unknown"": """"}]",sat,sat,0.003103679046034813,279.86091561987996,a66f651322597191ab9f8f8af4c2db61,a66f651322597191ab9f8f8af4c2db61,8eaa002c01802c04dce24d3438905217,True,sat,False,False,False,,"{""0"": ""free"", ""1"": ""free"", ""10"": ""free"", ""11"": ""free"", ""12"": ""free"", ""13"": ""free"", ""14"": ""free"", ""15"": ""free"", ""2"": ""free"", ""3"": ""free"", ""4"": ""free"", ""5"": ""free"", ""6"": ""free"", ""7"": ""free"", ""8"": ""free"", ""9"": ""free""}","{""0"": ""free"", ""1"": ""free"", ""2"": ""free"", ""3"": ""free""}",[],"[0, 1, 2, 3, 4, 5, 6, 7, 8, 9, 10, 11, 12, 13, 14, 15]",[],False,ambiguity,False,uf_axiom,
4bit_gap_mixed__MC_55__MC_79__SB_35__SR_39,MC_55,MC_79,SB_35,SR_39,early_late_mixed,gap_early_late_mixed_hard_case,2,32,2,differential,1,"[{""classification"": ""ambiguity"", ""elapsed"": 299.7063562851399, ""first_result"": ""sat"", ""first_timeout_ms"": 60000, ""query_count"": 32, ""second_result"": ""sat"", ""second_timeout_ms"": 300000, ""z3_reason_unknown"": """"}]",sat,sat,0.0043708812445402145,298.9094738662243,a66f651322597191ab9f8f8af4c2db61,a66f651322597191ab9f8f8af4c2db61,4466da29362bdd6742c2f3e72b6f374f,True,sat,False,False,False,,"{""0"": ""free"", ""1"": ""free"", ""10"": ""free"", ""11"": ""free"", ""12"": ""free"", ""13"": ""free"", ""14"": ""free"", ""15"": ""free"", ""2"": ""free"", ""3"": ""free"", ""4"": ""free"", ""5"": ""free"", ""6"": ""free"", ""7"": ""free"", ""8"": ""free"", ""9"": ""free""}","{""0"": ""free"", ""1"": ""free"", ""2"": ""free"", ""3"": ""free""}",[],"[0, 1, 2, 3, 4, 5, 6, 7, 8, 9, 10, 11, 12, 13, 14, 15]",[],False,ambiguity,False,uf_axiom,
4bit_gap_mixed__ARK_102__ARK_16__ARK_3__SB_49,ARK_102,ARK_16,ARK_3,SB_49,early_late_mixed,gap_early_late_mixed_hard_case,2,64,2,differential,2,"[{""classification"": ""undecided"", ""elapsed"": 330.6470677051693, ""first_result"": ""sat"", ""first_timeout_ms"": 60000, ""query_count"": 32, ""second_result"": ""unknown"", ""second_timeout_ms"": 300000, ""z3_reason_unknown"": ""canceled""}, {""classification"": ""full_key_unique"", ""elapsed"": 45.47873663716018, ""first_result"": ""sat"", ""first_timeout_ms"": 60000, ""query_count"": 64, ""second_result"": ""unsat"", ""second_timeout_ms"": 300000, ""z3_reason_unknown"": """"}]",sat,unsat,0.004586759954690933,44.910222727805376,a66f651322597191ab9f8f8af4c2db61,a66f651322597191ab9f8f8af4c2db61,,True,sat,False,False,False,,"{""0"": ""fixed"", ""1"": ""fixed"", ""10"": ""fixed"", ""11"": ""fixed"", ""12"": ""fixed"", ""13"": ""fixed"", ""14"": ""fixed"", ""15"": ""fixed"", ""2"": ""fixed"", ""3"": ""fixed"", ""4"": ""fixed"", ""5"": ""fixed"", ""6"": ""fixed"", ""7"": ""fixed"", ""8"": ""fixed"", ""9"": ""fixed""}","{""0"": ""fixed"", ""1"": ""fixed"", ""2"": ""fixed"", ""3"": ""fixed""}","[0, 1, 2, 3, 4, 5, 6, 7, 8, 9, 10, 11, 12, 13, 14, 15]",[],[],False,full_key_unique,True,uf_axiom,
4bit_gap_mixed__ARK_66__ARK_68__MC_113__SB_57,ARK_66,ARK_68,MC_113,SB_57,early_late_mixed,gap_early_late_mixed_hard_case,1,64,2,differential,2,"[{""classification"": ""undecided"", ""elapsed"": 330.4525243677199, ""first_result"": ""sat"", ""first_timeout_ms"": 60000, ""query_count"": 32, ""second_result"": ""unknown"", ""second_timeout_ms"": 300000, ""z3_reason_unknown"": ""canceled""}, {""classification"": ""full_key_unique"", ""elapsed"": 57.607073958963156, ""first_result"": ""sat"", ""first_timeout_ms"": 60000, ""query_count"": 64, ""second_result"": ""unsat"", ""second_timeout_ms"": 300000, ""z3_reason_unknown"": """"}]",sat,unsat,0.004791801795363426,56.886056242510676,99107579bc3c2c3b0d7a8a6fd1573606,99107579bc3c2c3b0d7a8a6fd1573606,,True,sat,False,False,False,,"{""0"": ""fixed"", ""1"": ""fixed"", ""10"": ""fixed"", ""11"": ""fixed"", ""12"": ""fixed"", ""13"": ""fixed"", ""14"": ""fixed"", ""15"": ""fixed"", ""2"": ""fixed"", ""3"": ""fixed"", ""4"": ""fixed"", ""5"": ""fixed"", ""6"": ""fixed"", ""7"": ""fixed"", ""8"": ""fixed"", ""9"": ""fixed""}","{""0"": ""fixed"", ""1"": ""fixed"", ""2"": ""fixed"", ""3"": ""fixed""}","[0, 1, 2, 3, 4, 5, 6, 7, 8, 9, 10, 11, 12, 13, 14, 15]",[],[],False,full_key_unique,True,uf_axiom,
4bit_gap_mixed__ARK_104__ARK_34__MC_65__SR_81,ARK_104,ARK_34,MC_65,SR_81,early_late_mixed,gap_early_late_mixed_hard_case,2,64,2,differential,2,"[{""classification"": ""undecided"", ""elapsed"": 330.5490328166634, ""first_result"": ""sat"", ""first_timeout_ms"": 60000, ""query_count"": 32, ""second_result"": ""unknown"", ""second_timeout_ms"": 300000, ""z3_reason_unknown"": ""canceled""}, {""classification"": ""full_key_unique"", ""elapsed"": 59.25537663511932, ""first_result"": ""sat"", ""first_timeout_ms"": 60000, ""query_count"": 64, ""second_result"": ""unsat"", ""second_timeout_ms"": 300000, ""z3_reason_unknown"": """"}]",sat,unsat,0.0065580327063798904,58.68054176308215,a66f651322597191ab9f8f8af4c2db61,a66f651322597191ab9f8f8af4c2db61,,True,sat,False,False,False,,"{""0"": ""fixed"", ""1"": ""fixed"", ""10"": ""fixed"", ""11"": ""fixed"", ""12"": ""fixed"", ""13"": ""fixed"", ""14"": ""fixed"", ""15"": ""fixed"", ""2"": ""fixed"", ""3"": ""fixed"", ""4"": ""fixed"", ""5"": ""fixed"", ""6"": ""fixed"", ""7"": ""fixed"", ""8"": ""fixed"", ""9"": ""fixed""}","{""0"": ""fixed"", ""1"": ""fixed"", ""2"": ""fixed"", ""3"": ""fixed""}","[0, 1, 2, 3, 4, 5, 6, 7, 8, 9, 10, 11, 12, 13, 14, 15]",[],[],False,full_key_unique,True,uf_axiom,
4bit_gap_mixed__MC_55__MC_79__SB_35__SR_39,MC_55,MC_79,SB_35,SR_39,early_late_mixed,gap_early_late_mixed_hard_case,0,64,2,differential,2,"[{""classification"": ""undecided"", ""elapsed"": 330.6402074918151, ""first_result"": ""sat"", ""first_timeout_ms"": 60000, ""query_count"": 32, ""second_result"": ""unknown"", ""second_timeout_ms"": 300000, ""z3_reason_unknown"": ""canceled""}, {""classification"": ""full_key_unique"", ""elapsed"": 61.63755342364311, ""first_result"": ""sat"", ""first_timeout_ms"": 60000, ""query_count"": 64, ""second_result"": ""unsat"", ""second_timeout_ms"": 300000, ""z3_reason_unknown"": """"}]",sat,unsat,0.0055771879851818085,60.87236525118351,edf43a9a19e4a3f3bf1eec668bd00cf6,edf43a9a19e4a3f3bf1eec668bd00cf6,,True,sat,False,False,False,,"{""0"": ""fixed"", ""1"": ""fixed"", ""10"": ""fixed"", ""11"": ""fixed"", ""12"": ""fixed"", ""13"": ""fixed"", ""14"": ""fixed"", ""15"": ""fixed"", ""2"": ""fixed"", ""3"": ""fixed"", ""4"": ""fixed"", ""5"": ""fixed"", ""6"": ""fixed"", ""7"": ""fixed"", ""8"": ""fixed"", ""9"": ""fixed""}","{""0"": ""fixed"", ""1"": ""fixed"", ""2"": ""fixed"", ""3"": ""fixed""}","[0, 1, 2, 3, 4, 5, 6, 7, 8, 9, 10, 11, 12, 13, 14, 15]",[],[],False,full_key_unique,True,uf_axiom,
4bit_gap_mixed__ARK_92__ARK_98__MC_83__SB_74,ARK_92,ARK_98,MC_83,SB_74,early_late_mixed,gap_early_late_mixed_hard_case,1,64,2,differential,2,"[{""classification"": ""undecided"", ""elapsed"": 330.7400587722659, ""first_result"": ""sat"", ""first_timeout_ms"": 60000, ""query_count"": 32, ""second_result"": ""unknown"", ""second_timeout_ms"": 300000, ""z3_reason_unknown"": ""canceled""}, {""classification"": ""full_key_unique"", ""elapsed"": 64.84159260429442, ""first_result"": ""sat"", ""first_timeout_ms"": 60000, ""query_count"": 64, ""second_result"": ""unsat"", ""second_timeout_ms"": 300000, ""z3_reason_unknown"": """"}]",sat,unsat,0.004592167213559151,64.35559170879424,99107579bc3c2c3b0d7a8a6fd1573606,99107579bc3c2c3b0d7a8a6fd1573606,,True,sat,False,False,False,,"{""0"": ""fixed"", ""1"": ""fixed"", ""10"": ""fixed"", ""11"": ""fixed"", ""12"": ""fixed"", ""13"": ""fixed"", ""14"": ""fixed"", ""15"": ""fixed"", ""2"": ""fixed"", ""3"": ""fixed"", ""4"": ""fixed"", ""5"": ""fixed"", ""6"": ""fixed"", ""7"": ""fixed"", ""8"": ""fixed"", ""9"": ""fixed""}","{""0"": ""fixed"", ""1"": ""fixed"", ""2"": ""fixed"", ""3"": ""fixed""}","[0, 1, 2, 3, 4, 5, 6, 7, 8, 9, 10, 11, 12, 13, 14, 15]",[],[],False,full_key_unique,True,uf_axiom,
4bit_gap_mixed__MC_22__MC_4__MC_84__SR_4,MC_22,MC_4,MC_84,SR_4,early_late_mixed,gap_early_late_mixed_hard_case,2,64,2,differential,2,"[{""classification"": ""undecided"", ""elapsed"": 330.42105649225414, ""first_result"": ""sat"", ""first_timeout_ms"": 60000, ""query_count"": 32, ""second_result"": ""unknown"", ""second_timeout_ms"": 300000, ""z3_reason_unknown"": ""canceled""}, {""classification"": ""full_key_unique"", ""elapsed"": 69.27553561888635, ""first_result"": ""sat"", ""first_timeout_ms"": 60000, ""query_count"": 64, ""second_result"": ""unsat"", ""second_timeout_ms"": 300000, ""z3_reason_unknown"": """"}]",sat,unsat,0.005000175908207893,68.57037122175097,a66f651322597191ab9f8f8af4c2db61,a66f651322597191ab9f8f8af4c2db61,,True,sat,False,False,False,,"{""0"": ""fixed"", ""1"": ""fixed"", ""10"": ""fixed"", ""11"": ""fixed"", ""12"": ""fixed"", ""13"": ""fixed"", ""14"": ""fixed"", ""15"": ""fixed"", ""2"": ""fixed"", ""3"": ""fixed"", ""4"": ""fixed"", ""5"": ""fixed"", ""6"": ""fixed"", ""7"": ""fixed"", ""8"": ""fixed"", ""9"": ""fixed""}","{""0"": ""fixed"", ""1"": ""fixed"", ""2"": ""fixed"", ""3"": ""fixed""}","[0, 1, 2, 3, 4, 5, 6, 7, 8, 9, 10, 11, 12, 13, 14, 15]",[],[],False,full_key_unique,True,uf_axiom,
4bit_gap_mixed__ARK_122__ARK_43__MC_108__SB_100,ARK_122,ARK_43,MC_108,SB_100,early_late_mixed,gap_early_late_mixed_hard_case,1,64,2,differential,2,"[{""classification"": ""undecided"", ""elapsed"": 330.60370346717536, ""first_result"": ""sat"", ""first_timeout_ms"": 60000, ""query_count"": 32, ""second_result"": ""unknown"", ""second_timeout_ms"": 300000, ""z3_reason_unknown"": ""canceled""}, {""classification"": ""full_key_unique"", ""elapsed"": 76.82843484357, ""first_result"": ""sat"", ""first_timeout_ms"": 60000, ""query_count"": 64, ""second_result"": ""unsat"", ""second_timeout_ms"": 300000, ""z3_reason_unknown"": """"}]",sat,unsat,0.004748636856675148,76.26364477910101,99107579bc3c2c3b0d7a8a6fd1573606,99107579bc3c2c3b0d7a8a6fd1573606,,True,sat,False,False,False,,"{""0"": ""fixed"", ""1"": ""fixed"", ""10"": ""fixed"", ""11"": ""fixed"", ""12"": ""fixed"", ""13"": ""fixed"", ""14"": ""fixed"", ""15"": ""fixed"", ""2"": ""fixed"", ""3"": ""fixed"", ""4"": ""fixed"", ""5"": ""fixed"", ""6"": ""fixed"", ""7"": ""fixed"", ""8"": ""fixed"", ""9"": ""fixed""}","{""0"": ""fixed"", ""1"": ""fixed"", ""2"": ""fixed"", ""3"": ""fixed""}","[0, 1, 2, 3, 4, 5, 6, 7, 8, 9, 10, 11, 12, 13, 14, 15]",[],[],False,full_key_unique,True,uf_axiom,
4bit_gap_mixed__ARK_66__ARK_68__MC_113__SB_57,ARK_66,ARK_68,MC_113,SB_57,early_late_mixed,gap_early_late_mixed_hard_case,2,64,2,differential,2,"[{""classification"": ""undecided"", ""elapsed"": 330.5731326509267, ""first_result"": ""sat"", ""first_timeout_ms"": 60000, ""query_count"": 32, ""second_result"": ""unknown"", ""second_timeout_ms"": 300000, ""z3_reason_unknown"": ""canceled""}, {""classification"": ""full_key_unique"", ""elapsed"": 78.67268540151417, ""first_result"": ""sat"", ""first_timeout_ms"": 60000, ""query_count"": 64, ""second_result"": ""unsat"", ""second_timeout_ms"": 300000, ""z3_reason_unknown"": """"}]",sat,unsat,0.0059658437967300415,77.84824521280825,a66f651322597191ab9f8f8af4c2db61,a66f651322597191ab9f8f8af4c2db61,,True,sat,False,False,False,,"{""0"": ""fixed"", ""1"": ""fixed"", ""10"": ""fixed"", ""11"": ""fixed"", ""12"": ""fixed"", ""13"": ""fixed"", ""14"": ""fixed"", ""15"": ""fixed"", ""2"": ""fixed"", ""3"": ""fixed"", ""4"": ""fixed"", ""5"": ""fixed"", ""6"": ""fixed"", ""7"": ""fixed"", ""8"": ""fixed"", ""9"": ""fixed""}","{""0"": ""fixed"", ""1"": ""fixed"", ""2"": ""fixed"", ""3"": ""fixed""}","[0, 1, 2, 3, 4, 5, 6, 7, 8, 9, 10, 11, 12, 13, 14, 15]",[],[],False,full_key_unique,True,uf_axiom,
4bit_gap_mixed__ARK_86__MC_29__SB_35__SB_95,ARK_86,MC_29,SB_35,SB_95,early_late_mixed,gap_early_late_mixed_hard_case,2,64,2,differential,2,"[{""classification"": ""undecided"", ""elapsed"": 330.7440658584237, ""first_result"": ""sat"", ""first_timeout_ms"": 60000, ""query_count"": 32, ""second_result"": ""unknown"", ""second_timeout_ms"": 300000, ""z3_reason_unknown"": ""canceled""}, {""classification"": ""full_key_unique"", ""elapsed"": 81.78764191828668, ""first_result"": ""sat"", ""first_timeout_ms"": 60000, ""query_count"": 64, ""second_result"": ""unsat"", ""second_timeout_ms"": 300000, ""z3_reason_unknown"": """"}]",sat,unsat,0.005432628095149994,81.23212422989309,a66f651322597191ab9f8f8af4c2db61,a66f651322597191ab9f8f8af4c2db61,,True,sat,False,False,False,,"{""0"": ""fixed"", ""1"": ""fixed"", ""10"": ""fixed"", ""11"": ""fixed"", ""12"": ""fixed"", ""13"": ""fixed"", ""14"": ""fixed"", ""15"": ""fixed"", ""2"": ""fixed"", ""3"": ""fixed"", ""4"": ""fixed"", ""5"": ""fixed"", ""6"": ""fixed"", ""7"": ""fixed"", ""8"": ""fixed"", ""9"": ""fixed""}","{""0"": ""fixed"", ""1"": ""fixed"", ""2"": ""fixed"", ""3"": ""fixed""}","[0, 1, 2, 3, 4, 5, 6, 7, 8, 9, 10, 11, 12, 13, 14, 15]",[],[],False,full_key_unique,True,uf_axiom,
4bit_gap_mixed__MC_55__MC_79__SB_35__SR_39,MC_55,MC_79,SB_35,SR_39,early_late_mixed,gap_early_late_mixed_hard_case,1,64,2,differential,2,"[{""classification"": ""undecided"", ""elapsed"": 330.7838095705956, ""first_result"": ""sat"", ""first_timeout_ms"": 60000, ""query_count"": 32, ""second_result"": ""unknown"", ""second_timeout_ms"": 300000, ""z3_reason_unknown"": ""canceled""}, {""classification"": ""full_key_unique"", ""elapsed"": 100.7911069933325, ""first_result"": ""sat"", ""first_timeout_ms"": 60000, ""query_count"": 64, ""second_result"": ""unsat"", ""second_timeout_ms"": 300000, ""z3_reason_unknown"": """"}]",sat,unsat,0.004193706437945366,100.3147632367909,99107579bc3c2c3b0d7a8a6fd1573606,99107579bc3c2c3b0d7a8a6fd1573606,,True,sat,False,False,False,,"{""0"": ""fixed"", ""1"": ""fixed"", ""10"": ""fixed"", ""11"": ""fixed"", ""12"": ""fixed"", ""13"": ""fixed"", ""14"": ""fixed"", ""15"": ""fixed"", ""2"": ""fixed"", ""3"": ""fixed"", ""4"": ""fixed"", ""5"": ""fixed"", ""6"": ""fixed"", ""7"": ""fixed"", ""8"": ""fixed"", ""9"": ""fixed""}","{""0"": ""fixed"", ""1"": ""fixed"", ""2"": ""fixed"", ""3"": ""fixed""}","[0, 1, 2, 3, 4, 5, 6, 7, 8, 9, 10, 11, 12, 13, 14, 15]",[],[],False,full_key_unique,True,uf_axiom,
4bit_gap_mixed__ARK_64__MC_95__SB_72__SR_112,ARK_64,MC_95,SB_72,SR_112,early_late_mixed,gap_early_late_mixed_hard_case,1,64,2,differential,2,"[{""classification"": ""undecided"", ""elapsed"": 330.70176658406854, ""first_result"": ""sat"", ""first_timeout_ms"": 60000, ""query_count"": 32, ""second_result"": ""unknown"", ""second_timeout_ms"": 300000, ""z3_reason_unknown"": ""canceled""}, {""classification"": ""full_key_unique"", ""elapsed"": 111.66414634697139, ""first_result"": ""sat"", ""first_timeout_ms"": 60000, ""query_count"": 64, ""second_result"": ""unsat"", ""second_timeout_ms"": 300000, ""z3_reason_unknown"": """"}]",sat,unsat,0.0033645592629909515,111.11267098598182,99107579bc3c2c3b0d7a8a6fd1573606,99107579bc3c2c3b0d7a8a6fd1573606,,True,sat,False,False,False,,"{""0"": ""fixed"", ""1"": ""fixed"", ""10"": ""fixed"", ""11"": ""fixed"", ""12"": ""fixed"", ""13"": ""fixed"", ""14"": ""fixed"", ""15"": ""fixed"", ""2"": ""fixed"", ""3"": ""fixed"", ""4"": ""fixed"", ""5"": ""fixed"", ""6"": ""fixed"", ""7"": ""fixed"", ""8"": ""fixed"", ""9"": ""fixed""}","{""0"": ""fixed"", ""1"": ""fixed"", ""2"": ""fixed"", ""3"": ""fixed""}","[0, 1, 2, 3, 4, 5, 6, 7, 8, 9, 10, 11, 12, 13, 14, 15]",[],[],False,full_key_unique,True,uf_axiom,
4bit_gap_mixed__ARK_66__ARK_68__MC_113__SB_57,ARK_66,ARK_68,MC_113,SB_57,early_late_mixed,gap_early_late_mixed_hard_case,0,64,2,differential,2,"[{""classification"": ""undecided"", ""elapsed"": 330.4587592910975, ""first_result"": ""sat"", ""first_timeout_ms"": 60000, ""query_count"": 32, ""second_result"": ""unknown"", ""second_timeout_ms"": 300000, ""z3_reason_unknown"": ""canceled""}, {""classification"": ""full_key_unique"", ""elapsed"": 117.12238387018442, ""first_result"": ""sat"", ""first_timeout_ms"": 60000, ""query_count"": 64, ""second_result"": ""unsat"", ""second_timeout_ms"": 300000, ""z3_reason_unknown"": """"}]",sat,unsat,0.00607764907181263,116.1966957245022,edf43a9a19e4a3f3bf1eec668bd00cf6,edf43a9a19e4a3f3bf1eec668bd00cf6,,True,sat,False,False,False,,"{""0"": ""fixed"", ""1"": ""fixed"", ""10"": ""fixed"", ""11"": ""fixed"", ""12"": ""fixed"", ""13"": ""fixed"", ""14"": ""fixed"", ""15"": ""fixed"", ""2"": ""fixed"", ""3"": ""fixed"", ""4"": ""fixed"", ""5"": ""fixed"", ""6"": ""fixed"", ""7"": ""fixed"", ""8"": ""fixed"", ""9"": ""fixed""}","{""0"": ""fixed"", ""1"": ""fixed"", ""2"": ""fixed"", ""3"": ""fixed""}","[0, 1, 2, 3, 4, 5, 6, 7, 8, 9, 10, 11, 12, 13, 14, 15]",[],[],False,full_key_unique,True,uf_axiom,
4bit_gap_mixed__ARK_102__ARK_16__ARK_3__SB_49,ARK_102,ARK_16,ARK_3,SB_49,early_late_mixed,gap_early_late_mixed_hard_case,1,64,2,differential,2,"[{""classification"": ""undecided"", ""elapsed"": 330.64852858521044, ""first_result"": ""sat"", ""first_timeout_ms"": 60000, ""query_count"": 32, ""second_result"": ""unknown"", ""second_timeout_ms"": 300000, ""z3_reason_unknown"": ""canceled""}, {""classification"": ""full_key_unique"", ""elapsed"": 135.63799460418522, ""first_result"": ""sat"", ""first_timeout_ms"": 60000, ""query_count"": 64, ""second_result"": ""unsat"", ""second_timeout_ms"": 300000, ""z3_reason_unknown"": """"}]",sat,unsat,0.004669055342674255,135.06733870878816,99107579bc3c2c3b0d7a8a6fd1573606,99107579bc3c2c3b0d7a8a6fd1573606,,True,sat,False,False,False,,"{""0"": ""fixed"", ""1"": ""fixed"", ""10"": ""fixed"", ""11"": ""fixed"", ""12"": ""fixed"", ""13"": ""fixed"", ""14"": ""fixed"", ""15"": ""fixed"", ""2"": ""fixed"", ""3"": ""fixed"", ""4"": ""fixed"", ""5"": ""fixed"", ""6"": ""fixed"", ""7"": ""fixed"", ""8"": ""fixed"", ""9"": ""fixed""}","{""0"": ""fixed"", ""1"": ""fixed"", ""2"": ""fixed"", ""3"": ""fixed""}","[0, 1, 2, 3, 4, 5, 6, 7, 8, 9, 10, 11, 12, 13, 14, 15]",[],[],False,full_key_unique,True,uf_axiom,
4bit_gap_mixed__ARK_86__MC_29__SB_35__SB_95,ARK_86,MC_29,SB_35,SB_95,early_late_mixed,gap_early_late_mixed_hard_case,0,64,2,differential,2,"[{""classification"": ""undecided"", ""elapsed"": 330.67423461563885, ""first_result"": ""sat"", ""first_timeout_ms"": 60000, ""query_count"": 32, ""second_result"": ""unknown"", ""second_timeout_ms"": 300000, ""z3_reason_unknown"": ""canceled""}, {""classification"": ""full_key_unique"", ""elapsed"": 139.25664624758065, ""first_result"": ""sat"", ""first_timeout_ms"": 60000, ""query_count"": 64, ""second_result"": ""unsat"", ""second_timeout_ms"": 300000, ""z3_reason_unknown"": """"}]",sat,unsat,0.0051823388785123825,138.68559103272855,edf43a9a19e4a3f3bf1eec668bd00cf6,edf43a9a19e4a3f3bf1eec668bd00cf6,,True,sat,False,False,False,,"{""0"": ""fixed"", ""1"": ""fixed"", ""10"": ""fixed"", ""11"": ""fixed"", ""12"": ""fixed"", ""13"": ""fixed"", ""14"": ""fixed"", ""15"": ""fixed"", ""2"": ""fixed"", ""3"": ""fixed"", ""4"": ""fixed"", ""5"": ""fixed"", ""6"": ""fixed"", ""7"": ""fixed"", ""8"": ""fixed"", ""9"": ""fixed""}","{""0"": ""fixed"", ""1"": ""fixed"", ""2"": ""fixed"", ""3"": ""fixed""}","[0, 1, 2, 3, 4, 5, 6, 7, 8, 9, 10, 11, 12, 13, 14, 15]",[],[],False,full_key_unique,True,uf_axiom,
4bit_gap_mixed__MC_64__MC_75__SB_104__SR_87,MC_64,MC_75,SB_104,SR_87,early_late_mixed,gap_early_late_mixed_hard_case,1,64,2,differential,2,"[{""classification"": ""undecided"", ""elapsed"": 330.4851334951818, ""first_result"": ""sat"", ""first_timeout_ms"": 60000, ""query_count"": 32, ""second_result"": ""unknown"", ""second_timeout_ms"": 300000, ""z3_reason_unknown"": ""canceled""}, {""classification"": ""full_key_unique"", ""elapsed"": 142.84790943935513, ""first_result"": ""sat"", ""first_timeout_ms"": 60000, ""query_count"": 64, ""second_result"": ""unsat"", ""second_timeout_ms"": 300000, ""z3_reason_unknown"": """"}]",sat,unsat,0.0029765870422124863,142.25160158611834,99107579bc3c2c3b0d7a8a6fd1573606,99107579bc3c2c3b0d7a8a6fd1573606,,True,sat,False,False,False,,"{""0"": ""fixed"", ""1"": ""fixed"", ""10"": ""fixed"", ""11"": ""fixed"", ""12"": ""fixed"", ""13"": ""fixed"", ""14"": ""fixed"", ""15"": ""fixed"", ""2"": ""fixed"", ""3"": ""fixed"", ""4"": ""fixed"", ""5"": ""fixed"", ""6"": ""fixed"", ""7"": ""fixed"", ""8"": ""fixed"", ""9"": ""fixed""}","{""0"": ""fixed"", ""1"": ""fixed"", ""2"": ""fixed"", ""3"": ""fixed""}","[0, 1, 2, 3, 4, 5, 6, 7, 8, 9, 10, 11, 12, 13, 14, 15]",[],[],False,full_key_unique,True,uf_axiom,
4bit_gap_mixed__ARK_108__MC_126__SB_100__SR_24,ARK_108,MC_126,SB_100,SR_24,early_late_mixed,gap_early_late_mixed_hard_case,2,64,2,differential,2,"[{""classification"": ""undecided"", ""elapsed"": 330.72992159053683, ""first_result"": ""sat"", ""first_timeout_ms"": 60000, ""query_count"": 32, ""second_result"": ""unknown"", ""second_timeout_ms"": 300000, ""z3_reason_unknown"": ""canceled""}, {""classification"": ""full_key_unique"", ""elapsed"": 155.0025945249945, ""first_result"": ""sat"", ""first_timeout_ms"": 60000, ""query_count"": 64, ""second_result"": ""unsat"", ""second_timeout_ms"": 300000, ""z3_reason_unknown"": """"}]",sat,unsat,0.0029053986072540283,154.52631180547178,a66f651322597191ab9f8f8af4c2db61,a66f651322597191ab9f8f8af4c2db61,,True,sat,False,False,False,,"{""0"": ""fixed"", ""1"": ""fixed"", ""10"": ""fixed"", ""11"": ""fixed"", ""12"": ""fixed"", ""13"": ""fixed"", ""14"": ""fixed"", ""15"": ""fixed"", ""2"": ""fixed"", ""3"": ""fixed"", ""4"": ""fixed"", ""5"": ""fixed"", ""6"": ""fixed"", ""7"": ""fixed"", ""8"": ""fixed"", ""9"": ""fixed""}","{""0"": ""fixed"", ""1"": ""fixed"", ""2"": ""fixed"", ""3"": ""fixed""}","[0, 1, 2, 3, 4, 5, 6, 7, 8, 9, 10, 11, 12, 13, 14, 15]",[],[],False,full_key_unique,True,uf_axiom,
4bit_gap_mixed__ARK_92__ARK_98__MC_83__SB_74,ARK_92,ARK_98,MC_83,SB_74,early_late_mixed,gap_early_late_mixed_hard_case,0,64,2,differential,2,"[{""classification"": ""undecided"", ""elapsed"": 330.6293067485094, ""first_result"": ""sat"", ""first_timeout_ms"": 60000, ""query_count"": 32, ""second_result"": ""unknown"", ""second_timeout_ms"": 300000, ""z3_reason_unknown"": ""canceled""}, {""classification"": ""full_key_unique"", ""elapsed"": 174.88429977558553, ""first_result"": ""sat"", ""first_timeout_ms"": 60000, ""query_count"": 64, ""second_result"": ""unsat"", ""second_timeout_ms"": 300000, ""z3_reason_unknown"": """"}]",sat,unsat,0.004732407629489899,174.3616575859487,edf43a9a19e4a3f3bf1eec668bd00cf6,edf43a9a19e4a3f3bf1eec668bd00cf6,,True,sat,False,False,False,,"{""0"": ""fixed"", ""1"": ""fixed"", ""10"": ""fixed"", ""11"": ""fixed"", ""12"": ""fixed"", ""13"": ""fixed"", ""14"": ""fixed"", ""15"": ""fixed"", ""2"": ""fixed"", ""3"": ""fixed"", ""4"": ""fixed"", ""5"": ""fixed"", ""6"": ""fixed"", ""7"": ""fixed"", ""8"": ""fixed"", ""9"": ""fixed""}","{""0"": ""fixed"", ""1"": ""fixed"", ""2"": ""fixed"", ""3"": ""fixed""}","[0, 1, 2, 3, 4, 5, 6, 7, 8, 9, 10, 11, 12, 13, 14, 15]",[],[],False,full_key_unique,True,uf_axiom,
4bit_gap_mixed__ARK_92__ARK_98__MC_83__SB_74,ARK_92,ARK_98,MC_83,SB_74,early_late_mixed,gap_early_late_mixed_hard_case,2,64,2,differential,2,"[{""classification"": ""undecided"", ""elapsed"": 330.610553028062, ""first_result"": ""sat"", ""first_timeout_ms"": 60000, ""query_count"": 32, ""second_result"": ""unknown"", ""second_timeout_ms"": 300000, ""z3_reason_unknown"": ""canceled""}, {""classification"": ""full_key_unique"", ""elapsed"": 188.52848121710122, ""first_result"": ""sat"", ""first_timeout_ms"": 60000, ""query_count"": 64, ""second_result"": ""unsat"", ""second_timeout_ms"": 300000, ""z3_reason_unknown"": """"}]",sat,unsat,0.0067107826471328735,187.7601568531245,a66f651322597191ab9f8f8af4c2db61,a66f651322597191ab9f8f8af4c2db61,,True,sat,False,False,False,,"{""0"": ""fixed"", ""1"": ""fixed"", ""10"": ""fixed"", ""11"": ""fixed"", ""12"": ""fixed"", ""13"": ""fixed"", ""14"": ""fixed"", ""15"": ""fixed"", ""2"": ""fixed"", ""3"": ""fixed"", ""4"": ""fixed"", ""5"": ""fixed"", ""6"": ""fixed"", ""7"": ""fixed"", ""8"": ""fixed"", ""9"": ""fixed""}","{""0"": ""fixed"", ""1"": ""fixed"", ""2"": ""fixed"", ""3"": ""fixed""}","[0, 1, 2, 3, 4, 5, 6, 7, 8, 9, 10, 11, 12, 13, 14, 15]",[],[],False,full_key_unique,True,uf_axiom,
4bit_gap_mixed__ARK_20__ARK_34__SB_103__SR_98,ARK_20,ARK_34,SB_103,SR_98,early_late_mixed,gap_early_late_mixed_hard_case,1,64,2,differential,2,"[{""classification"": ""undecided"", ""elapsed"": 330.543801356107, ""first_result"": ""sat"", ""first_timeout_ms"": 60000, ""query_count"": 32, ""second_result"": ""unknown"", ""second_timeout_ms"": 300000, ""z3_reason_unknown"": ""canceled""}, {""classification"": ""full_key_unique"", ""elapsed"": 189.44350763224065, ""first_result"": ""sat"", ""first_timeout_ms"": 60000, ""query_count"": 64, ""second_result"": ""unsat"", ""second_timeout_ms"": 300000, ""z3_reason_unknown"": """"}]",sat,unsat,0.004690175876021385,188.90898862108588,99107579bc3c2c3b0d7a8a6fd1573606,99107579bc3c2c3b0d7a8a6fd1573606,,True,sat,False,False,False,,"{""0"": ""fixed"", ""1"": ""fixed"", ""10"": ""fixed"", ""11"": ""fixed"", ""12"": ""fixed"", ""13"": ""fixed"", ""14"": ""fixed"", ""15"": ""fixed"", ""2"": ""fixed"", ""3"": ""fixed"", ""4"": ""fixed"", ""5"": ""fixed"", ""6"": ""fixed"", ""7"": ""fixed"", ""8"": ""fixed"", ""9"": ""fixed""}","{""0"": ""fixed"", ""1"": ""fixed"", ""2"": ""fixed"", ""3"": ""fixed""}","[0, 1, 2, 3, 4, 5, 6, 7, 8, 9, 10, 11, 12, 13, 14, 15]",[],[],False,full_key_unique,True,uf_axiom,
4bit_gap_mixed__MC_22__MC_4__MC_84__SR_4,MC_22,MC_4,MC_84,SR_4,early_late_mixed,gap_early_late_mixed_hard_case,1,64,2,differential,2,"[{""classification"": ""undecided"", ""elapsed"": 330.73370276764035, ""first_result"": ""sat"", ""first_timeout_ms"": 60000, ""query_count"": 32, ""second_result"": ""unknown"", ""second_timeout_ms"": 300000, ""z3_reason_unknown"": ""canceled""}, {""classification"": ""full_key_unique"", ""elapsed"": 231.98790755309165, ""first_result"": ""sat"", ""first_timeout_ms"": 60000, ""query_count"": 64, ""second_result"": ""unsat"", ""second_timeout_ms"": 300000, ""z3_reason_unknown"": """"}]",sat,unsat,0.006546527147293091,231.22569511830807,99107579bc3c2c3b0d7a8a6fd1573606,99107579bc3c2c3b0d7a8a6fd1573606,,True,sat,False,False,False,,"{""0"": ""fixed"", ""1"": ""fixed"", ""10"": ""fixed"", ""11"": ""fixed"", ""12"": ""fixed"", ""13"": ""fixed"", ""14"": ""fixed"", ""15"": ""fixed"", ""2"": ""fixed"", ""3"": ""fixed"", ""4"": ""fixed"", ""5"": ""fixed"", ""6"": ""fixed"", ""7"": ""fixed"", ""8"": ""fixed"", ""9"": ""fixed""}","{""0"": ""fixed"", ""1"": ""fixed"", ""2"": ""fixed"", ""3"": ""fixed""}","[0, 1, 2, 3, 4, 5, 6, 7, 8, 9, 10, 11, 12, 13, 14, 15]",[],[],False,full_key_unique,True,uf_axiom,
4bit_gap_mixed__ARK_121__ARK_7__SB_53__SR_80,ARK_121,ARK_7,SB_53,SR_80,early_late_mixed,gap_early_late_mixed_hard_case,2,64,2,differential,2,"[{""classification"": ""undecided"", ""elapsed"": 330.5549205131829, ""first_result"": ""sat"", ""first_timeout_ms"": 60000, ""query_count"": 32, ""second_result"": ""unknown"", ""second_timeout_ms"": 300000, ""z3_reason_unknown"": ""canceled""}, {""classification"": ""full_key_unique"", ""elapsed"": 246.3812562804669, ""first_result"": ""sat"", ""first_timeout_ms"": 60000, ""query_count"": 64, ""second_result"": ""unsat"", ""second_timeout_ms"": 300000, ""z3_reason_unknown"": """"}]",sat,unsat,0.00470610149204731,245.87570501677692,a66f651322597191ab9f8f8af4c2db61,a66f651322597191ab9f8f8af4c2db61,,True,sat,False,False,False,,"{""0"": ""fixed"", ""1"": ""fixed"", ""10"": ""fixed"", ""11"": ""fixed"", ""12"": ""fixed"", ""13"": ""fixed"", ""14"": ""fixed"", ""15"": ""fixed"", ""2"": ""fixed"", ""3"": ""fixed"", ""4"": ""fixed"", ""5"": ""fixed"", ""6"": ""fixed"", ""7"": ""fixed"", ""8"": ""fixed"", ""9"": ""fixed""}","{""0"": ""fixed"", ""1"": ""fixed"", ""2"": ""fixed"", ""3"": ""fixed""}","[0, 1, 2, 3, 4, 5, 6, 7, 8, 9, 10, 11, 12, 13, 14, 15]",[],[],False,full_key_unique,True,uf_axiom,
4bit_gap_mixed__ARK_5__MC_64__SR_114__SR_125,ARK_5,MC_64,SR_114,SR_125,early_late_mixed,gap_early_late_mixed_hard_case,2,64,2,differential,2,"[{""classification"": ""undecided"", ""elapsed"": 330.6845699902624, ""first_result"": ""sat"", ""first_timeout_ms"": 60000, ""query_count"": 32, ""second_result"": ""unknown"", ""second_timeout_ms"": 300000, ""z3_reason_unknown"": ""canceled""}, {""classification"": ""full_key_unique"", ""elapsed"": 248.1832345109433, ""first_result"": ""sat"", ""first_timeout_ms"": 60000, ""query_count"": 64, ""second_result"": ""unsat"", ""second_timeout_ms"": 300000, ""z3_reason_unknown"": """"}]",sat,unsat,0.005952289327979088,247.62201231904328,a66f651322597191ab9f8f8af4c2db61,a66f651322597191ab9f8f8af4c2db61,,True,sat,False,False,False,,"{""0"": ""fixed"", ""1"": ""fixed"", ""10"": ""fixed"", ""11"": ""fixed"", ""12"": ""fixed"", ""13"": ""fixed"", ""14"": ""fixed"", ""15"": ""fixed"", ""2"": ""fixed"", ""3"": ""fixed"", ""4"": ""fixed"", ""5"": ""fixed"", ""6"": ""fixed"", ""7"": ""fixed"", ""8"": ""fixed"", ""9"": ""fixed""}","{""0"": ""fixed"", ""1"": ""fixed"", ""2"": ""fixed"", ""3"": ""fixed""}","[0, 1, 2, 3, 4, 5, 6, 7, 8, 9, 10, 11, 12, 13, 14, 15]",[],[],False,full_key_unique,True,uf_axiom,
4bit_gap_mixed__ARK_122__ARK_43__MC_108__SB_100,ARK_122,ARK_43,MC_108,SB_100,early_late_mixed,gap_early_late_mixed_hard_case,0,64,2,differential,2,"[{""classification"": ""undecided"", ""elapsed"": 330.6284826993942, ""first_result"": ""sat"", ""first_timeout_ms"": 60000, ""query_count"": 32, ""second_result"": ""unknown"", ""second_timeout_ms"": 300000, ""z3_reason_unknown"": ""canceled""}, {""classification"": ""full_key_unique"", ""elapsed"": 253.73502796329558, ""first_result"": ""sat"", ""first_timeout_ms"": 60000, ""query_count"": 64, ""second_result"": ""unsat"", ""second_timeout_ms"": 300000, ""z3_reason_unknown"": """"}]",sat,unsat,0.006169639527797699,252.95031388290226,edf43a9a19e4a3f3bf1eec668bd00cf6,edf43a9a19e4a3f3bf1eec668bd00cf6,,True,sat,False,False,False,,"{""0"": ""fixed"", ""1"": ""fixed"", ""10"": ""fixed"", ""11"": ""fixed"", ""12"": ""fixed"", ""13"": ""fixed"", ""14"": ""fixed"", ""15"": ""fixed"", ""2"": ""fixed"", ""3"": ""fixed"", ""4"": ""fixed"", ""5"": ""fixed"", ""6"": ""fixed"", ""7"": ""fixed"", ""8"": ""fixed"", ""9"": ""fixed""}","{""0"": ""fixed"", ""1"": ""fixed"", ""2"": ""fixed"", ""3"": ""fixed""}","[0, 1, 2, 3, 4, 5, 6, 7, 8, 9, 10, 11, 12, 13, 14, 15]",[],[],False,full_key_unique,True,uf_axiom,
4bit_gap_mixed__ARK_2__ARK_99__MC_34__SB_27,ARK_2,ARK_99,MC_34,SB_27,early_late_mixed,gap_early_late_mixed_hard_case,1,64,2,differential,2,"[{""classification"": ""undecided"", ""elapsed"": 330.63685461878777, ""first_result"": ""sat"", ""first_timeout_ms"": 60000, ""query_count"": 32, ""second_result"": ""unknown"", ""second_timeout_ms"": 300000, ""z3_reason_unknown"": ""canceled""}, {""classification"": ""full_key_unique"", ""elapsed"": 254.4076838940382, ""first_result"": ""sat"", ""first_timeout_ms"": 60000, ""query_count"": 64, ""second_result"": ""unsat"", ""second_timeout_ms"": 300000, ""z3_reason_unknown"": """"}]",sat,unsat,0.005701135843992233,253.8875861018896,99107579bc3c2c3b0d7a8a6fd1573606,99107579bc3c2c3b0d7a8a6fd1573606,,True,sat,False,False,False,,"{""0"": ""fixed"", ""1"": ""fixed"", ""10"": ""fixed"", ""11"": ""fixed"", ""12"": ""fixed"", ""13"": ""fixed"", ""14"": ""fixed"", ""15"": ""fixed"", ""2"": ""fixed"", ""3"": ""fixed"", ""4"": ""fixed"", ""5"": ""fixed"", ""6"": ""fixed"", ""7"": ""fixed"", ""8"": ""fixed"", ""9"": ""fixed""}","{""0"": ""fixed"", ""1"": ""fixed"", ""2"": ""fixed"", ""3"": ""fixed""}","[0, 1, 2, 3, 4, 5, 6, 7, 8, 9, 10, 11, 12, 13, 14, 15]",[],[],False,full_key_unique,True,uf_axiom,
4bit_gap_mixed__ARK_2__ARK_99__MC_34__SB_27,ARK_2,ARK_99,MC_34,SB_27,early_late_mixed,gap_early_late_mixed_hard_case,0,96,2,differential,3,"[{""classification"": ""undecided"", ""elapsed"": 330.7043159957975, ""first_result"": ""sat"", ""first_timeout_ms"": 60000, ""query_count"": 32, ""second_result"": ""unknown"", ""second_timeout_ms"": 300000, ""z3_reason_unknown"": ""canceled""}, {""classification"": ""undecided"", ""elapsed"": 330.78637733496726, ""first_result"": ""sat"", ""first_timeout_ms"": 60000, ""query_count"": 64, ""second_result"": ""unknown"", ""second_timeout_ms"": 300000, ""z3_reason_unknown"": ""canceled""}, {""classification"": ""full_key_unique"", ""elapsed"": 11.340508604422212, ""first_result"": ""sat"", ""first_timeout_ms"": 60000, ""query_count"": 96, ""second_result"": ""unsat"", ""second_timeout_ms"": 300000, ""z3_reason_unknown"": """"}]",sat,unsat,0.00739457830786705,10.703284153714776,edf43a9a19e4a3f3bf1eec668bd00cf6,edf43a9a19e4a3f3bf1eec668bd00cf6,,True,sat,False,False,False,,"{""0"": ""fixed"", ""1"": ""fixed"", ""10"": ""fixed"", ""11"": ""fixed"", ""12"": ""fixed"", ""13"": ""fixed"", ""14"": ""fixed"", ""15"": ""fixed"", ""2"": ""fixed"", ""3"": ""fixed"", ""4"": ""fixed"", ""5"": ""fixed"", ""6"": ""fixed"", ""7"": ""fixed"", ""8"": ""fixed"", ""9"": ""fixed""}","{""0"": ""fixed"", ""1"": ""fixed"", ""2"": ""fixed"", ""3"": ""fixed""}","[0, 1, 2, 3, 4, 5, 6, 7, 8, 9, 10, 11, 12, 13, 14, 15]",[],[],False,full_key_unique,True,uf_axiom,
4bit_gap_mixed__ARK_52__MC_117__SB_20__SB_4,ARK_52,MC_117,SB_20,SB_4,early_late_mixed,gap_early_late_mixed_hard_case,1,96,2,differential,3,"[{""classification"": ""undecided"", ""elapsed"": 330.6198817510158, ""first_result"": ""sat"", ""first_timeout_ms"": 60000, ""query_count"": 32, ""second_result"": ""unknown"", ""second_timeout_ms"": 300000, ""z3_reason_unknown"": ""canceled""}, {""classification"": ""undecided"", ""elapsed"": 330.567175636068, ""first_result"": ""sat"", ""first_timeout_ms"": 60000, ""query_count"": 64, ""second_result"": ""unknown"", ""second_timeout_ms"": 300000, ""z3_reason_unknown"": ""canceled""}, {""classification"": ""full_key_unique"", ""elapsed"": 44.63011991791427, ""first_result"": ""sat"", ""first_timeout_ms"": 60000, ""query_count"": 96, ""second_result"": ""unsat"", ""second_timeout_ms"": 300000, ""z3_reason_unknown"": """"}]",sat,unsat,0.006680818274617195,43.98460014909506,99107579bc3c2c3b0d7a8a6fd1573606,99107579bc3c2c3b0d7a8a6fd1573606,,True,sat,False,False,False,,"{""0"": ""fixed"", ""1"": ""fixed"", ""10"": ""fixed"", ""11"": ""fixed"", ""12"": ""fixed"", ""13"": ""fixed"", ""14"": ""fixed"", ""15"": ""fixed"", ""2"": ""fixed"", ""3"": ""fixed"", ""4"": ""fixed"", ""5"": ""fixed"", ""6"": ""fixed"", ""7"": ""fixed"", ""8"": ""fixed"", ""9"": ""fixed""}","{""0"": ""fixed"", ""1"": ""fixed"", ""2"": ""fixed"", ""3"": ""fixed""}","[0, 1, 2, 3, 4, 5, 6, 7, 8, 9, 10, 11, 12, 13, 14, 15]",[],[],False,full_key_unique,True,uf_axiom,
4bit_gap_mixed__ARK_102__ARK_16__ARK_3__SB_49,ARK_102,ARK_16,ARK_3,SB_49,early_late_mixed,gap_early_late_mixed_hard_case,0,96,2,differential,3,"[{""classification"": ""undecided"", ""elapsed"": 330.6313359569758, ""first_result"": ""sat"", ""first_timeout_ms"": 60000, ""query_count"": 32, ""second_result"": ""unknown"", ""second_timeout_ms"": 300000, ""z3_reason_unknown"": ""canceled""}, {""classification"": ""undecided"", ""elapsed"": 330.5917249880731, ""first_result"": ""sat"", ""first_timeout_ms"": 60000, ""query_count"": 64, ""second_result"": ""unknown"", ""second_timeout_ms"": 300000, ""z3_reason_unknown"": ""canceled""}, {""classification"": ""full_key_unique"", ""elapsed"": 61.20339101180434, ""first_result"": ""sat"", ""first_timeout_ms"": 60000, ""query_count"": 96, ""second_result"": ""unsat"", ""second_timeout_ms"": 300000, ""z3_reason_unknown"": """"}]",sat,unsat,0.00496431440114975,60.57808981463313,edf43a9a19e4a3f3bf1eec668bd00cf6,edf43a9a19e4a3f3bf1eec668bd00cf6,,True,sat,False,False,False,,"{""0"": ""fixed"", ""1"": ""fixed"", ""10"": ""fixed"", ""11"": ""fixed"", ""12"": ""fixed"", ""13"": ""fixed"", ""14"": ""fixed"", ""15"": ""fixed"", ""2"": ""fixed"", ""3"": ""fixed"", ""4"": ""fixed"", ""5"": ""fixed"", ""6"": ""fixed"", ""7"": ""fixed"", ""8"": ""fixed"", ""9"": ""fixed""}","{""0"": ""fixed"", ""1"": ""fixed"", ""2"": ""fixed"", ""3"": ""fixed""}","[0, 1, 2, 3, 4, 5, 6, 7, 8, 9, 10, 11, 12, 13, 14, 15]",[],[],False,full_key_unique,True,uf_axiom,
4bit_gap_mixed__ARK_104__ARK_34__MC_65__SR_81,ARK_104,ARK_34,MC_65,SR_81,early_late_mixed,gap_early_late_mixed_hard_case,1,96,2,differential,3,"[{""classification"": ""undecided"", ""elapsed"": 330.82501677051187, ""first_result"": ""sat"", ""first_timeout_ms"": 60000, ""query_count"": 32, ""second_result"": ""unknown"", ""second_timeout_ms"": 300000, ""z3_reason_unknown"": ""canceled""}, {""classification"": ""undecided"", ""elapsed"": 330.5897272210568, ""first_result"": ""sat"", ""first_timeout_ms"": 60000, ""query_count"": 64, ""second_result"": ""unknown"", ""second_timeout_ms"": 300000, ""z3_reason_unknown"": ""canceled""}, {""classification"": ""full_key_unique"", ""elapsed"": 63.96142617799342, ""first_result"": ""sat"", ""first_timeout_ms"": 60000, ""query_count"": 96, ""second_result"": ""unsat"", ""second_timeout_ms"": 300000, ""z3_reason_unknown"": """"}]",sat,unsat,0.00747322104871273,63.08309435285628,99107579bc3c2c3b0d7a8a6fd1573606,99107579bc3c2c3b0d7a8a6fd1573606,,True,sat,False,False,False,,"{""0"": ""fixed"", ""1"": ""fixed"", ""10"": ""fixed"", ""11"": ""fixed"", ""12"": ""fixed"", ""13"": ""fixed"", ""14"": ""fixed"", ""15"": ""fixed"", ""2"": ""fixed"", ""3"": ""fixed"", ""4"": ""fixed"", ""5"": ""fixed"", ""6"": ""fixed"", ""7"": ""fixed"", ""8"": ""fixed"", ""9"": ""fixed""}","{""0"": ""fixed"", ""1"": ""fixed"", ""2"": ""fixed"", ""3"": ""fixed""}","[0, 1, 2, 3, 4, 5, 6, 7, 8, 9, 10, 11, 12, 13, 14, 15]",[],[],False,full_key_unique,True,uf_axiom,
4bit_gap_mixed__ARK_5__MC_64__SR_114__SR_125,ARK_5,MC_64,SR_114,SR_125,early_late_mixed,gap_early_late_mixed_hard_case,0,96,2,differential,3,"[{""classification"": ""undecided"", ""elapsed"": 330.6438890155405, ""first_result"": ""sat"", ""first_timeout_ms"": 60000, ""query_count"": 32, ""second_result"": ""unknown"", ""second_timeout_ms"": 300000, ""z3_reason_unknown"": ""canceled""}, {""classification"": ""undecided"", ""elapsed"": 330.79194951057434, ""first_result"": ""sat"", ""first_timeout_ms"": 60000, ""query_count"": 64, ""second_result"": ""unknown"", ""second_timeout_ms"": 300000, ""z3_reason_unknown"": ""canceled""}, {""classification"": ""full_key_unique"", ""elapsed"": 67.14229140989482, ""first_result"": ""sat"", ""first_timeout_ms"": 60000, ""query_count"": 96, ""second_result"": ""unsat"", ""second_timeout_ms"": 300000, ""z3_reason_unknown"": """"}]",sat,unsat,0.010074540972709656,65.94967490062118,edf43a9a19e4a3f3bf1eec668bd00cf6,edf43a9a19e4a3f3bf1eec668bd00cf6,,True,sat,False,False,False,,"{""0"": ""fixed"", ""1"": ""fixed"", ""10"": ""fixed"", ""11"": ""fixed"", ""12"": ""fixed"", ""13"": ""fixed"", ""14"": ""fixed"", ""15"": ""fixed"", ""2"": ""fixed"", ""3"": ""fixed"", ""4"": ""fixed"", ""5"": ""fixed"", ""6"": ""fixed"", ""7"": ""fixed"", ""8"": ""fixed"", ""9"": ""fixed""}","{""0"": ""fixed"", ""1"": ""fixed"", ""2"": ""fixed"", ""3"": ""fixed""}","[0, 1, 2, 3, 4, 5, 6, 7, 8, 9, 10, 11, 12, 13, 14, 15]",[],[],False,full_key_unique,True,uf_axiom,
4bit_gap_mixed__ARK_124__ARK_39__SR_118__SR_63,ARK_124,ARK_39,SR_118,SR_63,early_late_mixed,gap_early_late_mixed_hard_case,1,96,2,differential,3,"[{""classification"": ""undecided"", ""elapsed"": 330.7713117040694, ""first_result"": ""sat"", ""first_timeout_ms"": 60000, ""query_count"": 32, ""second_result"": ""unknown"", ""second_timeout_ms"": 300000, ""z3_reason_unknown"": ""canceled""}, {""classification"": ""undecided"", ""elapsed"": 330.5670206043869, ""first_result"": ""sat"", ""first_timeout_ms"": 60000, ""query_count"": 64, ""second_result"": ""unknown"", ""second_timeout_ms"": 300000, ""z3_reason_unknown"": ""canceled""}, {""classification"": ""full_key_unique"", ""elapsed"": 122.08658817224205, ""first_result"": ""sat"", ""first_timeout_ms"": 60000, ""query_count"": 96, ""second_result"": ""unsat"", ""second_timeout_ms"": 300000, ""z3_reason_unknown"": """"}]",sat,unsat,0.009018193930387497,120.91847212798893,99107579bc3c2c3b0d7a8a6fd1573606,99107579bc3c2c3b0d7a8a6fd1573606,,True,sat,False,False,False,,"{""0"": ""fixed"", ""1"": ""fixed"", ""10"": ""fixed"", ""11"": ""fixed"", ""12"": ""fixed"", ""13"": ""fixed"", ""14"": ""fixed"", ""15"": ""fixed"", ""2"": ""fixed"", ""3"": ""fixed"", ""4"": ""fixed"", ""5"": ""fixed"", ""6"": ""fixed"", ""7"": ""fixed"", ""8"": ""fixed"", ""9"": ""fixed""}","{""0"": ""fixed"", ""1"": ""fixed"", ""2"": ""fixed"", ""3"": ""fixed""}","[0, 1, 2, 3, 4, 5, 6, 7, 8, 9, 10, 11, 12, 13, 14, 15]",[],[],False,full_key_unique,True,uf_axiom,
4bit_gap_mixed__ARK_20__ARK_34__SB_103__SR_98,ARK_20,ARK_34,SB_103,SR_98,early_late_mixed,gap_early_late_mixed_hard_case,2,96,2,differential,3,"[{""classification"": ""undecided"", ""elapsed"": 330.42685104720294, ""first_result"": ""sat"", ""first_timeout_ms"": 60000, ""query_count"": 32, ""second_result"": ""unknown"", ""second_timeout_ms"": 300000, ""z3_reason_unknown"": ""canceled""}, {""classification"": ""undecided"", ""elapsed"": 330.65335493162274, ""first_result"": ""sat"", ""first_timeout_ms"": 60000, ""query_count"": 64, ""second_result"": ""unknown"", ""second_timeout_ms"": 300000, ""z3_reason_unknown"": ""canceled""}, {""classification"": ""full_key_unique"", ""elapsed"": 157.27386361919343, ""first_result"": ""sat"", ""first_timeout_ms"": 60000, ""query_count"": 96, ""second_result"": ""unsat"", ""second_timeout_ms"": 300000, ""z3_reason_unknown"": """"}]",sat,unsat,0.009439801797270775,156.0995698403567,a66f651322597191ab9f8f8af4c2db61,a66f651322597191ab9f8f8af4c2db61,,True,sat,False,False,False,,"{""0"": ""fixed"", ""1"": ""fixed"", ""10"": ""fixed"", ""11"": ""fixed"", ""12"": ""fixed"", ""13"": ""fixed"", ""14"": ""fixed"", ""15"": ""fixed"", ""2"": ""fixed"", ""3"": ""fixed"", ""4"": ""fixed"", ""5"": ""fixed"", ""6"": ""fixed"", ""7"": ""fixed"", ""8"": ""fixed"", ""9"": ""fixed""}","{""0"": ""fixed"", ""1"": ""fixed"", ""2"": ""fixed"", ""3"": ""fixed""}","[0, 1, 2, 3, 4, 5, 6, 7, 8, 9, 10, 11, 12, 13, 14, 15]",[],[],False,full_key_unique,True,uf_axiom,
4bit_gap_mixed__ARK_5__MC_64__SR_114__SR_125,ARK_5,MC_64,SR_114,SR_125,early_late_mixed,gap_early_late_mixed_hard_case,1,96,2,differential,3,"[{""classification"": ""undecided"", ""elapsed"": 330.7157139107585, ""first_result"": ""sat"", ""first_timeout_ms"": 60000, ""query_count"": 32, ""second_result"": ""unknown"", ""second_timeout_ms"": 300000, ""z3_reason_unknown"": ""canceled""}, {""classification"": ""undecided"", ""elapsed"": 330.5008412282914, ""first_result"": ""sat"", ""first_timeout_ms"": 60000, ""query_count"": 64, ""second_result"": ""unknown"", ""second_timeout_ms"": 300000, ""z3_reason_unknown"": ""canceled""}, {""classification"": ""full_key_unique"", ""elapsed"": 171.5175247695297, ""first_result"": ""sat"", ""first_timeout_ms"": 60000, ""query_count"": 96, ""second_result"": ""unsat"", ""second_timeout_ms"": 300000, ""z3_reason_unknown"": """"}]",sat,unsat,0.006861003115773201,170.86583849415183,99107579bc3c2c3b0d7a8a6fd1573606,99107579bc3c2c3b0d7a8a6fd1573606,,True,sat,False,False,False,,"{""0"": ""fixed"", ""1"": ""fixed"", ""10"": ""fixed"", ""11"": ""fixed"", ""12"": ""fixed"", ""13"": ""fixed"", ""14"": ""fixed"", ""15"": ""fixed"", ""2"": ""fixed"", ""3"": ""fixed"", ""4"": ""fixed"", ""5"": ""fixed"", ""6"": ""fixed"", ""7"": ""fixed"", ""8"": ""fixed"", ""9"": ""fixed""}","{""0"": ""fixed"", ""1"": ""fixed"", ""2"": ""fixed"", ""3"": ""fixed""}","[0, 1, 2, 3, 4, 5, 6, 7, 8, 9, 10, 11, 12, 13, 14, 15]",[],[],False,full_key_unique,True,uf_axiom,
4bit_gap_mixed__ARK_34__MC_55__SB_102__SB_115,ARK_34,MC_55,SB_102,SB_115,early_late_mixed,gap_early_late_mixed_hard_case,0,96,2,differential,3,"[{""classification"": ""undecided"", ""elapsed"": 330.5298136845231, ""first_result"": ""sat"", ""first_timeout_ms"": 60000, ""query_count"": 32, ""second_result"": ""unknown"", ""second_timeout_ms"": 300000, ""z3_reason_unknown"": ""canceled""}, {""classification"": ""undecided"", ""elapsed"": 330.61548973992467, ""first_result"": ""sat"", ""first_timeout_ms"": 60000, ""query_count"": 64, ""second_result"": ""unknown"", ""second_timeout_ms"": 300000, ""z3_reason_unknown"": ""canceled""}, {""classification"": ""full_key_unique"", ""elapsed"": 177.1490111257881, ""first_result"": ""sat"", ""first_timeout_ms"": 60000, ""query_count"": 96, ""second_result"": ""unsat"", ""second_timeout_ms"": 300000, ""z3_reason_unknown"": """"}]",sat,unsat,0.006392046809196472,175.97701312974095,edf43a9a19e4a3f3bf1eec668bd00cf6,edf43a9a19e4a3f3bf1eec668bd00cf6,,True,sat,False,False,False,,"{""0"": ""fixed"", ""1"": ""fixed"", ""10"": ""fixed"", ""11"": ""fixed"", ""12"": ""fixed"", ""13"": ""fixed"", ""14"": ""fixed"", ""15"": ""fixed"", ""2"": ""fixed"", ""3"": ""fixed"", ""4"": ""fixed"", ""5"": ""fixed"", ""6"": ""fixed"", ""7"": ""fixed"", ""8"": ""fixed"", ""9"": ""fixed""}","{""0"": ""fixed"", ""1"": ""fixed"", ""2"": ""fixed"", ""3"": ""fixed""}","[0, 1, 2, 3, 4, 5, 6, 7, 8, 9, 10, 11, 12, 13, 14, 15]",[],[],False,full_key_unique,True,uf_axiom,
4bit_gap_mixed__ARK_52__MC_117__SB_20__SB_4,ARK_52,MC_117,SB_20,SB_4,early_late_mixed,gap_early_late_mixed_hard_case,2,96,2,differential,3,"[{""classification"": ""undecided"", ""elapsed"": 330.58356155082583, ""first_result"": ""sat"", ""first_timeout_ms"": 60000, ""query_count"": 32, ""second_result"": ""unknown"", ""second_timeout_ms"": 300000, ""z3_reason_unknown"": ""canceled""}, {""classification"": ""undecided"", ""elapsed"": 330.79022376053035, ""first_result"": ""sat"", ""first_timeout_ms"": 60000, ""query_count"": 64, ""second_result"": ""unknown"", ""second_timeout_ms"": 300000, ""z3_reason_unknown"": ""canceled""}, {""classification"": ""full_key_unique"", ""elapsed"": 196.62676100805402, ""first_result"": ""sat"", ""first_timeout_ms"": 60000, ""query_count"": 96, ""second_result"": ""unsat"", ""second_timeout_ms"": 300000, ""z3_reason_unknown"": """"}]",sat,unsat,0.006273513659834862,195.99473655968904,a66f651322597191ab9f8f8af4c2db61,a66f651322597191ab9f8f8af4c2db61,,True,sat,False,False,False,,"{""0"": ""fixed"", ""1"": ""fixed"", ""10"": ""fixed"", ""11"": ""fixed"", ""12"": ""fixed"", ""13"": ""fixed"", ""14"": ""fixed"", ""15"": ""fixed"", ""2"": ""fixed"", ""3"": ""fixed"", ""4"": ""fixed"", ""5"": ""fixed"", ""6"": ""fixed"", ""7"": ""fixed"", ""8"": ""fixed"", ""9"": ""fixed""}","{""0"": ""fixed"", ""1"": ""fixed"", ""2"": ""fixed"", ""3"": ""fixed""}","[0, 1, 2, 3, 4, 5, 6, 7, 8, 9, 10, 11, 12, 13, 14, 15]",[],[],False,full_key_unique,True,uf_axiom,
4bit_gap_mixed__ARK_122__ARK_43__MC_108__SB_100,ARK_122,ARK_43,MC_108,SB_100,early_late_mixed,gap_early_late_mixed_hard_case,2,96,2,differential,3,"[{""classification"": ""undecided"", ""elapsed"": 330.6085124183446, ""first_result"": ""sat"", ""first_timeout_ms"": 60000, ""query_count"": 32, ""second_result"": ""unknown"", ""second_timeout_ms"": 300000, ""z3_reason_unknown"": ""canceled""}, {""classification"": ""undecided"", ""elapsed"": 330.50269495137036, ""first_result"": ""sat"", ""first_timeout_ms"": 60000, ""query_count"": 64, ""second_result"": ""unknown"", ""second_timeout_ms"": 300000, ""z3_reason_unknown"": ""canceled""}, {""classification"": ""full_key_unique"", ""elapsed"": 208.5769947487861, ""first_result"": ""sat"", ""first_timeout_ms"": 60000, ""query_count"": 96, ""second_result"": ""unsat"", ""second_timeout_ms"": 300000, ""z3_reason_unknown"": """"}]",sat,unsat,0.005426948890089989,207.92344068177044,a66f651322597191ab9f8f8af4c2db61,a66f651322597191ab9f8f8af4c2db61,,True,sat,False,False,False,,"{""0"": ""fixed"", ""1"": ""fixed"", ""10"": ""fixed"", ""11"": ""fixed"", ""12"": ""fixed"", ""13"": ""fixed"", ""14"": ""fixed"", ""15"": ""fixed"", ""2"": ""fixed"", ""3"": ""fixed"", ""4"": ""fixed"", ""5"": ""fixed"", ""6"": ""fixed"", ""7"": ""fixed"", ""8"": ""fixed"", ""9"": ""fixed""}","{""0"": ""fixed"", ""1"": ""fixed"", ""2"": ""fixed"", ""3"": ""fixed""}","[0, 1, 2, 3, 4, 5, 6, 7, 8, 9, 10, 11, 12, 13, 14, 15]",[],[],False,full_key_unique,True,uf_axiom,
4bit_gap_mixed__ARK_121__ARK_7__SB_53__SR_80,ARK_121,ARK_7,SB_53,SR_80,early_late_mixed,gap_early_late_mixed_hard_case,1,96,2,differential,3,"[{""classification"": ""undecided"", ""elapsed"": 330.59706245176494, ""first_result"": ""sat"", ""first_timeout_ms"": 60000, ""query_count"": 32, ""second_result"": ""unknown"", ""second_timeout_ms"": 300000, ""z3_reason_unknown"": ""canceled""}, {""classification"": ""undecided"", ""elapsed"": 330.50951723381877, ""first_result"": ""sat"", ""first_timeout_ms"": 60000, ""query_count"": 64, ""second_result"": ""unknown"", ""second_timeout_ms"": 300000, ""z3_reason_unknown"": ""canceled""}, {""classification"": ""full_key_unique"", ""elapsed"": 222.68133862316608, ""first_result"": ""sat"", ""first_timeout_ms"": 60000, ""query_count"": 96, ""second_result"": ""unsat"", ""second_timeout_ms"": 300000, ""z3_reason_unknown"": """"}]",sat,unsat,0.005624130368232727,222.0442581716925,99107579bc3c2c3b0d7a8a6fd1573606,99107579bc3c2c3b0d7a8a6fd1573606,,True,sat,False,False,False,,"{""0"": ""fixed"", ""1"": ""fixed"", ""10"": ""fixed"", ""11"": ""fixed"", ""12"": ""fixed"", ""13"": ""fixed"", ""14"": ""fixed"", ""15"": ""fixed"", ""2"": ""fixed"", ""3"": ""fixed"", ""4"": ""fixed"", ""5"": ""fixed"", ""6"": ""fixed"", ""7"": ""fixed"", ""8"": ""fixed"", ""9"": ""fixed""}","{""0"": ""fixed"", ""1"": ""fixed"", ""2"": ""fixed"", ""3"": ""fixed""}","[0, 1, 2, 3, 4, 5, 6, 7, 8, 9, 10, 11, 12, 13, 14, 15]",[],[],False,full_key_unique,True,uf_axiom,
4bit_gap_mixed__ARK_86__MC_29__SB_35__SB_95,ARK_86,MC_29,SB_35,SB_95,early_late_mixed,gap_early_late_mixed_hard_case,1,96,2,differential,3,"[{""classification"": ""undecided"", ""elapsed"": 330.75378805585206, ""first_result"": ""sat"", ""first_timeout_ms"": 60000, ""query_count"": 32, ""second_result"": ""unknown"", ""second_timeout_ms"": 300000, ""z3_reason_unknown"": ""canceled""}, {""classification"": ""undecided"", ""elapsed"": 330.756871920079, ""first_result"": ""sat"", ""first_timeout_ms"": 60000, ""query_count"": 64, ""second_result"": ""unknown"", ""second_timeout_ms"": 300000, ""z3_reason_unknown"": ""canceled""}, {""classification"": ""full_key_unique"", ""elapsed"": 254.19469912536442, ""first_result"": ""sat"", ""first_timeout_ms"": 60000, ""query_count"": 96, ""second_result"": ""unsat"", ""second_timeout_ms"": 300000, ""z3_reason_unknown"": """"}]",sat,unsat,0.0060247089713811874,253.58016039058566,99107579bc3c2c3b0d7a8a6fd1573606,99107579bc3c2c3b0d7a8a6fd1573606,,True,sat,False,False,False,,"{""0"": ""fixed"", ""1"": ""fixed"", ""10"": ""fixed"", ""11"": ""fixed"", ""12"": ""fixed"", ""13"": ""fixed"", ""14"": ""fixed"", ""15"": ""fixed"", ""2"": ""fixed"", ""3"": ""fixed"", ""4"": ""fixed"", ""5"": ""fixed"", ""6"": ""fixed"", ""7"": ""fixed"", ""8"": ""fixed"", ""9"": ""fixed""}","{""0"": ""fixed"", ""1"": ""fixed"", ""2"": ""fixed"", ""3"": ""fixed""}","[0, 1, 2, 3, 4, 5, 6, 7, 8, 9, 10, 11, 12, 13, 14, 15]",[],[],False,full_key_unique,True,uf_axiom,
4bit_gap_mixed__ARK_104__ARK_34__MC_65__SR_81,ARK_104,ARK_34,MC_65,SR_81,early_late_mixed,gap_early_late_mixed_hard_case,0,96,2,differential,3,"[{""classification"": ""undecided"", ""elapsed"": 330.6111380010843, ""first_result"": ""sat"", ""first_timeout_ms"": 60000, ""query_count"": 32, ""second_result"": ""unknown"", ""second_timeout_ms"": 300000, ""z3_reason_unknown"": ""canceled""}, {""classification"": ""undecided"", ""elapsed"": 330.53033640421927, ""first_result"": ""sat"", ""first_timeout_ms"": 60000, ""query_count"": 64, ""second_result"": ""unknown"", ""second_timeout_ms"": 300000, ""z3_reason_unknown"": ""canceled""}, {""classification"": ""full_key_unique"", ""elapsed"": 278.8813250474632, ""first_result"": ""sat"", ""first_timeout_ms"": 60000, ""query_count"": 96, ""second_result"": ""unsat"", ""second_timeout_ms"": 300000, ""z3_reason_unknown"": """"}]",sat,unsat,0.008739806711673737,278.16225906834006,edf43a9a19e4a3f3bf1eec668bd00cf6,edf43a9a19e4a3f3bf1eec668bd00cf6,,True,sat,False,False,False,,"{""0"": ""fixed"", ""1"": ""fixed"", ""10"": ""fixed"", ""11"": ""fixed"", ""12"": ""fixed"", ""13"": ""fixed"", ""14"": ""fixed"", ""15"": ""fixed"", ""2"": ""fixed"", ""3"": ""fixed"", ""4"": ""fixed"", ""5"": ""fixed"", ""6"": ""fixed"", ""7"": ""fixed"", ""8"": ""fixed"", ""9"": ""fixed""}","{""0"": ""fixed"", ""1"": ""fixed"", ""2"": ""fixed"", ""3"": ""fixed""}","[0, 1, 2, 3, 4, 5, 6, 7, 8, 9, 10, 11, 12, 13, 14, 15]",[],[],False,full_key_unique,True,uf_axiom,
4bit_gap_mixed__ARK_52__MC_117__SB_20__SB_4,ARK_52,MC_117,SB_20,SB_4,early_late_mixed,gap_early_late_mixed_hard_case,0,128,2,differential,4,"[{""classification"": ""undecided"", ""elapsed"": 330.57038656435907, ""first_result"": ""sat"", ""first_timeout_ms"": 60000, ""query_count"": 32, ""second_result"": ""unknown"", ""second_timeout_ms"": 300000, ""z3_reason_unknown"": ""canceled""}, {""classification"": ""undecided"", ""elapsed"": 330.5560724362731, ""first_result"": ""sat"", ""first_timeout_ms"": 60000, ""query_count"": 64, ""second_result"": ""unknown"", ""second_timeout_ms"": 300000, ""z3_reason_unknown"": ""canceled""}, {""classification"": ""undecided"", ""elapsed"": 331.23699216358364, ""first_result"": ""sat"", ""first_timeout_ms"": 60000, ""query_count"": 96, ""second_result"": ""unknown"", ""second_timeout_ms"": 300000, ""z3_reason_unknown"": ""canceled""}, {""classification"": ""full_key_unique"", ""elapsed"": 36.00355891138315, ""first_result"": ""sat"", ""first_timeout_ms"": 60000, ""query_count"": 128, ""second_result"": ""unsat"", ""second_timeout_ms"": 300000, ""z3_reason_unknown"": """"}]",sat,unsat,0.008420020341873169,35.18959176540375,edf43a9a19e4a3f3bf1eec668bd00cf6,edf43a9a19e4a3f3bf1eec668bd00cf6,,True,sat,False,False,False,,"{""0"": ""fixed"", ""1"": ""fixed"", ""10"": ""fixed"", ""11"": ""fixed"", ""12"": ""fixed"", ""13"": ""fixed"", ""14"": ""fixed"", ""15"": ""fixed"", ""2"": ""fixed"", ""3"": ""fixed"", ""4"": ""fixed"", ""5"": ""fixed"", ""6"": ""fixed"", ""7"": ""fixed"", ""8"": ""fixed"", ""9"": ""fixed""}","{""0"": ""fixed"", ""1"": ""fixed"", ""2"": ""fixed"", ""3"": ""fixed""}","[0, 1, 2, 3, 4, 5, 6, 7, 8, 9, 10, 11, 12, 13, 14, 15]",[],[],False,full_key_unique,True,uf_axiom,
4bit_gap_mixed__ARK_2__ARK_99__MC_34__SB_27,ARK_2,ARK_99,MC_34,SB_27,early_late_mixed,gap_early_late_mixed_hard_case,2,128,2,differential,4,"[{""classification"": ""undecided"", ""elapsed"": 330.5593067537993, ""first_result"": ""sat"", ""first_timeout_ms"": 60000, ""query_count"": 32, ""second_result"": ""unknown"", ""second_timeout_ms"": 300000, ""z3_reason_unknown"": ""canceled""}, {""classification"": ""undecided"", ""elapsed"": 330.6259612198919, ""first_result"": ""sat"", ""first_timeout_ms"": 60000, ""query_count"": 64, ""second_result"": ""unknown"", ""second_timeout_ms"": 300000, ""z3_reason_unknown"": ""canceled""}, {""classification"": ""undecided"", ""elapsed"": 330.66163942217827, ""first_result"": ""sat"", ""first_timeout_ms"": 60000, ""query_count"": 96, ""second_result"": ""unknown"", ""second_timeout_ms"": 300000, ""z3_reason_unknown"": ""canceled""}, {""classification"": ""full_key_unique"", ""elapsed"": 127.1385077405721, ""first_result"": ""sat"", ""first_timeout_ms"": 60000, ""query_count"": 128, ""second_result"": ""unsat"", ""second_timeout_ms"": 300000, ""z3_reason_unknown"": """"}]",sat,unsat,0.015784000977873802,125.61733234673738,a66f651322597191ab9f8f8af4c2db61,a66f651322597191ab9f8f8af4c2db61,,True,sat,False,False,False,,"{""0"": ""fixed"", ""1"": ""fixed"", ""10"": ""fixed"", ""11"": ""fixed"", ""12"": ""fixed"", ""13"": ""fixed"", ""14"": ""fixed"", ""15"": ""fixed"", ""2"": ""fixed"", ""3"": ""fixed"", ""4"": ""fixed"", ""5"": ""fixed"", ""6"": ""fixed"", ""7"": ""fixed"", ""8"": ""fixed"", ""9"": ""fixed""}","{""0"": ""fixed"", ""1"": ""fixed"", ""2"": ""fixed"", ""3"": ""fixed""}","[0, 1, 2, 3, 4, 5, 6, 7, 8, 9, 10, 11, 12, 13, 14, 15]",[],[],False,full_key_unique,True,uf_axiom,
4bit_gap_mixed__ARK_124__ARK_39__SR_118__SR_63,ARK_124,ARK_39,SR_118,SR_63,early_late_mixed,gap_early_late_mixed_hard_case,0,128,2,differential,4,"[{""classification"": ""undecided"", ""elapsed"": 330.59437499940395, ""first_result"": ""sat"", ""first_timeout_ms"": 60000, ""query_count"": 32, ""second_result"": ""unknown"", ""second_timeout_ms"": 300000, ""z3_reason_unknown"": ""canceled""}, {""classification"": ""undecided"", ""elapsed"": 330.52590543963015, ""first_result"": ""sat"", ""first_timeout_ms"": 60000, ""query_count"": 64, ""second_result"": ""unknown"", ""second_timeout_ms"": 300000, ""z3_reason_unknown"": ""canceled""}, {""classification"": ""undecided"", ""elapsed"": 330.71817791089416, ""first_result"": ""sat"", ""first_timeout_ms"": 60000, ""query_count"": 96, ""second_result"": ""unknown"", ""second_timeout_ms"": 300000, ""z3_reason_unknown"": ""canceled""}, {""classification"": ""full_key_unique"", ""elapsed"": 146.60049922578037, ""first_result"": ""sat"", ""first_timeout_ms"": 60000, ""query_count"": 128, ""second_result"": ""unsat"", ""second_timeout_ms"": 300000, ""z3_reason_unknown"": """"}]",sat,unsat,0.006932733580470085,145.80847969278693,edf43a9a19e4a3f3bf1eec668bd00cf6,edf43a9a19e4a3f3bf1eec668bd00cf6,,True,sat,False,False,False,,"{""0"": ""fixed"", ""1"": ""fixed"", ""10"": ""fixed"", ""11"": ""fixed"", ""12"": ""fixed"", ""13"": ""fixed"", ""14"": ""fixed"", ""15"": ""fixed"", ""2"": ""fixed"", ""3"": ""fixed"", ""4"": ""fixed"", ""5"": ""fixed"", ""6"": ""fixed"", ""7"": ""fixed"", ""8"": ""fixed"", ""9"": ""fixed""}","{""0"": ""fixed"", ""1"": ""fixed"", ""2"": ""fixed"", ""3"": ""fixed""}","[0, 1, 2, 3, 4, 5, 6, 7, 8, 9, 10, 11, 12, 13, 14, 15]",[],[],False,full_key_unique,True,uf_axiom,
4bit_gap_mixed__ARK_121__ARK_7__SB_53__SR_80,ARK_121,ARK_7,SB_53,SR_80,early_late_mixed,gap_early_late_mixed_hard_case,0,192,2,differential,5,"[{""classification"": ""undecided"", ""elapsed"": 330.5567273013294, ""first_result"": ""sat"", ""first_timeout_ms"": 60000, ""query_count"": 32, ""second_result"": ""unknown"", ""second_timeout_ms"": 300000, ""z3_reason_unknown"": ""canceled""}, {""classification"": ""undecided"", ""elapsed"": 330.52934161759913, ""first_result"": ""sat"", ""first_timeout_ms"": 60000, ""query_count"": 64, ""second_result"": ""unknown"", ""second_timeout_ms"": 300000, ""z3_reason_unknown"": ""canceled""}, {""classification"": ""undecided"", ""elapsed"": 331.2133137565106, ""first_result"": ""sat"", ""first_timeout_ms"": 60000, ""query_count"": 96, ""second_result"": ""unknown"", ""second_timeout_ms"": 300000, ""z3_reason_unknown"": ""canceled""}, {""classification"": ""undecided"", ""elapsed"": 331.4935755636543, ""first_result"": ""sat"", ""first_timeout_ms"": 60000, ""query_count"": 128, ""second_result"": ""unknown"", ""second_timeout_ms"": 300000, ""z3_reason_unknown"": ""canceled""}, {""classification"": ""full_key_unique"", ""elapsed"": 45.86026222445071, ""first_result"": ""sat"", ""first_timeout_ms"": 120000, ""query_count"": 192, ""second_result"": ""unsat"", ""second_timeout_ms"": 600000, ""z3_reason_unknown"": """"}]",sat,unsat,0.01107243075966835,44.66020039096475,edf43a9a19e4a3f3bf1eec668bd00cf6,edf43a9a19e4a3f3bf1eec668bd00cf6,,True,sat,False,False,False,,"{""0"": ""fixed"", ""1"": ""fixed"", ""10"": ""fixed"", ""11"": ""fixed"", ""12"": ""fixed"", ""13"": ""fixed"", ""14"": ""fixed"", ""15"": ""fixed"", ""2"": ""fixed"", ""3"": ""fixed"", ""4"": ""fixed"", ""5"": ""fixed"", ""6"": ""fixed"", ""7"": ""fixed"", ""8"": ""fixed"", ""9"": ""fixed""}","{""0"": ""fixed"", ""1"": ""fixed"", ""2"": ""fixed"", ""3"": ""fixed""}","[0, 1, 2, 3, 4, 5, 6, 7, 8, 9, 10, 11, 12, 13, 14, 15]",[],[],False,full_key_unique,True,uf_axiom,
4bit_gap_mixed__ARK_124__ARK_39__SR_118__SR_63,ARK_124,ARK_39,SR_118,SR_63,early_late_mixed,gap_early_late_mixed_hard_case,2,192,2,differential,5,"[{""classification"": ""undecided"", ""elapsed"": 330.6569555606693, ""first_result"": ""sat"", ""first_timeout_ms"": 60000, ""query_count"": 32, ""second_result"": ""unknown"", ""second_timeout_ms"": 300000, ""z3_reason_unknown"": ""canceled""}, {""classification"": ""undecided"", ""elapsed"": 330.55977570079267, ""first_result"": ""sat"", ""first_timeout_ms"": 60000, ""query_count"": 64, ""second_result"": ""unknown"", ""second_timeout_ms"": 300000, ""z3_reason_unknown"": ""canceled""}, {""classification"": ""undecided"", ""elapsed"": 330.62612817808986, ""first_result"": ""sat"", ""first_timeout_ms"": 60000, ""query_count"": 96, ""second_result"": ""unknown"", ""second_timeout_ms"": 300000, ""z3_reason_unknown"": ""canceled""}, {""classification"": ""undecided"", ""elapsed"": 330.79829941503704, ""first_result"": ""sat"", ""first_timeout_ms"": 60000, ""query_count"": 128, ""second_result"": ""unknown"", ""second_timeout_ms"": 300000, ""z3_reason_unknown"": ""canceled""}, {""classification"": ""full_key_unique"", ""elapsed"": 262.1735895499587, ""first_result"": ""sat"", ""first_timeout_ms"": 120000, ""query_count"": 192, ""second_result"": ""unsat"", ""second_timeout_ms"": 600000, ""z3_reason_unknown"": """"}]",sat,unsat,0.011500740423798561,260.97112228535116,a66f651322597191ab9f8f8af4c2db61,a66f651322597191ab9f8f8af4c2db61,,True,sat,False,False,False,,"{""0"": ""fixed"", ""1"": ""fixed"", ""10"": ""fixed"", ""11"": ""fixed"", ""12"": ""fixed"", ""13"": ""fixed"", ""14"": ""fixed"", ""15"": ""fixed"", ""2"": ""fixed"", ""3"": ""fixed"", ""4"": ""fixed"", ""5"": ""fixed"", ""6"": ""fixed"", ""7"": ""fixed"", ""8"": ""fixed"", ""9"": ""fixed""}","{""0"": ""fixed"", ""1"": ""fixed"", ""2"": ""fixed"", ""3"": ""fixed""}","[0, 1, 2, 3, 4, 5, 6, 7, 8, 9, 10, 11, 12, 13, 14, 15]",[],[],False,full_key_unique,True,uf_axiom,
4bit_gap_mixed__ARK_20__ARK_34__SB_103__SR_98,ARK_20,ARK_34,SB_103,SR_98,early_late_mixed,gap_early_late_mixed_hard_case,0,192,2,differential,5,"[{""classification"": ""undecided"", ""elapsed"": 330.69172268360853, ""first_result"": ""sat"", ""first_timeout_ms"": 60000, ""query_count"": 32, ""second_result"": ""unknown"", ""second_timeout_ms"": 300000, ""z3_reason_unknown"": ""canceled""}, {""classification"": ""undecided"", ""elapsed"": 330.79429096356034, ""first_result"": ""sat"", ""first_timeout_ms"": 60000, ""query_count"": 64, ""second_result"": ""unknown"", ""second_timeout_ms"": 300000, ""z3_reason_unknown"": ""canceled""}, {""classification"": ""undecided"", ""elapsed"": 331.16014526225626, ""first_result"": ""sat"", ""first_timeout_ms"": 60000, ""query_count"": 96, ""second_result"": ""unknown"", ""second_timeout_ms"": 300000, ""z3_reason_unknown"": ""canceled""}, {""classification"": ""undecided"", ""elapsed"": 331.49160302616656, ""first_result"": ""sat"", ""first_timeout_ms"": 60000, ""query_count"": 128, ""second_result"": ""unknown"", ""second_timeout_ms"": 300000, ""z3_reason_unknown"": ""canceled""}, {""classification"": ""full_key_unique"", ""elapsed"": 391.5203532911837, ""first_result"": ""sat"", ""first_timeout_ms"": 120000, ""query_count"": 192, ""second_result"": ""unsat"", ""second_timeout_ms"": 600000, ""z3_reason_unknown"": """"}]",sat,unsat,0.012935981154441833,390.3319131229073,edf43a9a19e4a3f3bf1eec668bd00cf6,edf43a9a19e4a3f3bf1eec668bd00cf6,,True,sat,False,False,False,,"{""0"": ""fixed"", ""1"": ""fixed"", ""10"": ""fixed"", ""11"": ""fixed"", ""12"": ""fixed"", ""13"": ""fixed"", ""14"": ""fixed"", ""15"": ""fixed"", ""2"": ""fixed"", ""3"": ""fixed"", ""4"": ""fixed"", ""5"": ""fixed"", ""6"": ""fixed"", ""7"": ""fixed"", ""8"": ""fixed"", ""9"": ""fixed""}","{""0"": ""fixed"", ""1"": ""fixed"", ""2"": ""fixed"", ""3"": ""fixed""}","[0, 1, 2, 3, 4, 5, 6, 7, 8, 9, 10, 11, 12, 13, 14, 15]",[],[],False,full_key_unique,True,uf_axiom,
